{"type":"FeatureCollection","features":[{"type":"Feature","properties":{"interval":15,"stationId":"1915043090"},"geometry":{"type":"MultiPolygon","coordinates":[[[[127.1111034992092,37.3761851007584],[127.1126798007507,37.3759948994716],[127.1135747003571,37.377307798432994],[127.11466830004011,37.375809799706296],[127.1167182001327,37.3769360995037],[127.11787629998811,37.3759027993977],[127.11825450030041,37.3778986995909],[127.1192941003885,37.377542499659995],[127.1195809001703,37.3783970994239],[127.1210219000526,37.3777926991757],[127.12290649816799,37.378737398230996],[127.1243435992198,37.3772874987908],[127.1263347003554,37.3784485000224],[127.1244535010461,37.378522500665206],[127.1247380007616,37.3801919989957],[127.12608350022339,37.3802720992461],[127.12653880015131,37.379311199159694],[127.1279106003336,37.3791230997168],[127.1271413012319,37.3814128016594],[127.1247938009061,37.382228001612596],[127.12579580105391,37.3839091999889],[127.1252272005988,37.384688399665805],[127.1263484994775,37.3858753984788],[127.1321755999533,37.3825382990535],[127.132440600239,37.3841636986468],[127.1338966996414,37.3836491990468],[127.1340659997266,37.382625599017295],[127.1352127007234,37.3838292000725],[127.1342982006296,37.384292599956304],[127.1348698000528,37.3851187012011],[127.1333359000362,37.3860874000938],[127.1328250002038,37.3853758008651],[127.1305770016799,37.385512800625804],[127.1282745039824,37.3882299979086],[127.13186830038859,37.3901580959805],[127.1358660999627,37.3897793978306],[127.13723200035089,37.3903934998709],[127.13605710065501,37.390408900880495],[127.1356735012195,37.3922861011459],[127.1336222028749,37.394233201001406],[127.13571970072499,37.396202199396896],[127.1356124005005,37.397224999087996],[127.1364450002498,37.396765799727596],[127.1365502009513,37.3994199001467],[127.13570610252809,37.401090503850604],[127.1345743003856,37.4005322031421],[127.1322664026935,37.403553200121095],[127.1287691001595,37.404922900280106],[127.13143680129551,37.4063385980716],[127.1307592008263,37.407356199835505],[127.13222900004469,37.4085521986373],[127.13247079997019,37.4071868996276],[127.1338801001633,37.4085524995461],[127.1349276002039,37.4085558988508],[127.1338801005636,37.4085525002687],[127.13387110057259,37.4094479993732],[127.13595860080589,37.4096589999885],[127.1351013003683,37.4117916994309],[127.1364541004339,37.4136081000447],[127.1364094992558,37.4129312006324],[127.1354791001862,37.412982300581305],[127.1352265004602,37.4142919997221],[127.1361843004474,37.414284000109305],[127.13392300065439,37.4157788001275],[127.1339288006486,37.416787899118404],[127.1348733007532,37.416040700280305],[127.1339288013081,37.416787901915406],[127.1310893003883,37.4168928018817],[127.1306322008454,37.4187699000046],[127.1291543014885,37.4191007999828],[127.12891760059959,37.42006860115],[127.1273346996097,37.4197816008938],[127.1262680994425,37.418032100399195],[127.1205969993149,37.413201799439804],[127.12311199951651,37.408615199524],[127.124716298336,37.408104900049196],[127.1254824996713,37.406585799743304],[127.1272988995325,37.4065575997507],[127.1269945996802,37.4052993995615],[127.1283273993504,37.4055263993694],[127.1284373992404,37.402740001947],[127.1275391001387,37.4028587018283],[127.12707980059801,37.4040064006806],[127.1255497003575,37.4036573004523],[127.1266892991962,37.4014086007098],[127.12287879996609,37.4010769011762],[127.1235797997175,37.4010799998701],[127.1231963995967,37.3992973007152],[127.1217595000894,37.399303500640904],[127.1217309001797,37.400345000558204],[127.1207722997557,37.3998691002914],[127.121200498927,37.3962517009103],[127.1201413996412,37.394972100176595],[127.11963300014959,37.3947520003967],[127.1191488999946,37.3958474003366],[127.1189288995101,37.395122800404906],[127.1205779989557,37.394217999317],[127.12016529975429,37.3931957995908],[127.12087859904099,37.3932474995391],[127.1194485994315,37.390301799717605],[127.1200946996139,37.3905500996258],[127.1213263983822,37.3888430013329],[127.11938439839871,37.3875704012322],[127.11746319960841,37.3879394007236],[127.1170170996348,37.3869243006465],[127.1155915005628,37.3881233998435],[127.1164627001569,37.3889586014276],[127.11392349935309,37.387629100140096],[127.1133124998707,37.386299900064294],[127.11464309957219,37.385377999114006],[127.1139191994347,37.3836040992474],[127.1166447988881,37.383476499949204],[127.11644199972591,37.381866800246094],[127.1130298996047,37.3795980009928],[127.1115999998387,37.380915800188],[127.11190979889231,37.3789120006106],[127.11094249847699,37.377716300765],[127.1115897990494,37.3771458000836],[127.1111034992092,37.3761851007584]]],[[[127.1239716958476,37.4417974005287],[127.12327479834461,37.439554699572],[127.12438629917659,37.4394286982785],[127.1246089997532,37.4378391989564],[127.1261387999767,37.437823699992705],[127.1268136989754,37.435120500226894],[127.1261762996128,37.433646701700695],[127.1245550993738,37.4341654010954],[127.12320839971329,37.4329252000276],[127.1255507999698,37.432754899267096],[127.126319199184,37.4311487999205],[127.1258511995888,37.4291433986929],[127.1280558982548,37.4288892989815],[127.1271711010429,37.4274494982887],[127.1294035998995,37.42669449935671],[127.1296692002977,37.427976799515406],[127.1324702002841,37.4281659994152],[127.13357930045079,37.4289050000155],[127.133247200673,37.429888299792005],[127.13557350011551,37.4305388995353],[127.13497150090191,37.4324600998367],[127.1357237006556,37.4326175999149],[127.1340283005128,37.4345367004649],[127.1345013001358,37.435092500463604],[127.13249590056749,37.4342435012884],[127.1303061001814,37.4375323000533],[127.1320220006296,37.4404801998542],[127.131607800865,37.441288900337305],[127.1272386999577,37.4441651004985],[127.1239716958476,37.4417974005287]]],[[[127.12520379835429,37.449236500015],[127.12647779972231,37.4484788000228],[127.1256113988684,37.446610300227604],[127.12631239989871,37.445668099612696],[127.1293771016917,37.4482715005084],[127.1284624002636,37.448023801046],[127.126810000646,37.449450299944104],[127.1278188000914,37.4503431997892],[127.12650710072799,37.4514499004435],[127.12520379835429,37.449236500015]]],[[[127.1058375999468,37.366543000079],[127.1061009998686,37.3655789994583],[127.10720840027071,37.3656054985125],[127.1065731006352,37.3661094995913],[127.10747300031309,37.3666292997667],[127.1080478997382,37.3666317997642],[127.10786609961299,37.3655732985447],[127.1084130007413,37.3661044995845],[127.106907900951,37.367268801112],[127.1058375999468,37.366543000079]]],[[[127.1401784992716,37.4382447994578],[127.1402087998361,37.4370826991005],[127.14159309985929,37.437045299291704],[127.1420288008007,37.4380976006399],[127.14091450030689,37.437648100457295],[127.1401784992716,37.4382447994578]]],[[[127.1298157992707,37.3819960007742],[127.13142380031769,37.3809946999633],[127.12993760020271,37.382287600725],[127.1298157992707,37.3819960007742]]],[[[127.1098309993087,37.3667520992438],[127.1097307996112,37.366117199879795],[127.10993640020419,37.3654588996696],[127.1098309993087,37.3667520992438]]],[[[127.11686759971721,37.3918062999864],[127.11670719958079,37.3916373991386],[127.1170712005349,37.3916707996379],[127.11686759971721,37.3918062999864]]],[[[127.1268245999626,37.4708963998562],[127.1268045999221,37.4707436998533],[127.127070800168,37.4706074997261],[127.1268245999626,37.4708963998562]]],[[[127.12002149968909,37.3993762000267],[127.1200738007398,37.398986399036396],[127.1202456003441,37.3992194001506],[127.12002149968909,37.3993762000267]]],[[[127.1267242997403,37.4694591994093],[127.12672430018411,37.469459199997104],[127.1267272998263,37.469559100487196],[127.1267242997403,37.4694591994093]]],[[[127.10882309988729,37.350029701255],[127.10882310037469,37.3500296990677],[127.109013500717,37.350029699341],[127.10882309988729,37.350029701255]]],[[[127.124643299822,37.431351900002305],[127.12471840002331,37.431350899448],[127.1247184006382,37.4313509003027],[127.124643299822,37.431351900002305]]],[[[127.12675889962979,37.4701915001066],[127.1267589001714,37.470191499448795],[127.1267589001603,37.4701915001776],[127.12675889962979,37.4701915001066]]],[[[127.1203328995765,37.3771456002193],[127.1203328997139,37.3771455995786],[127.1204600003825,37.3771788998436],[127.12045999998689,37.377178900418194],[127.1203328995765,37.3771456002193]]],[[[127.1266021998337,37.4706983999325],[127.1266022001053,37.4706984000587],[127.1266021998616,37.4706984001221],[127.1266021998337,37.4706983999325]]],[[[127.1335775994598,37.381315299910995],[127.1335776003946,37.381315299022695],[127.1335775998197,37.3813153007538],[127.1335775994598,37.381315299910995]]],[[[127.14813959877709,37.441065799954195],[127.14813960026889,37.441065800277094],[127.148139599958,37.4410658008321],[127.14813959877709,37.441065799954195]]]]}},{"type":"Feature","properties":{"interval":30,"stationId":"1915043090"},"geometry":{"type":"MultiPolygon","coordinates":[[[[127.0925676987209,37.484953102062995],[127.09456830058231,37.4824105977062],[127.0931659017097,37.484424698409],[127.0973431979222,37.483564799505906],[127.0999087996303,37.4812014985476],[127.1030282994549,37.481564098891],[127.1029462993338,37.480251699932296],[127.1056737002706,37.4795444996408],[127.10566490078779,37.482456397356295],[127.1078431012033,37.483521298228396],[127.1077086006096,37.4886707975346],[127.1098474984707,37.4880929981124],[127.1090856001051,37.4859173987716],[127.1095969003108,37.4895017989347],[127.113597998349,37.4910371987613],[127.1171126990104,37.4880776997038],[127.1152815983165,37.4858080001215],[127.1164891983351,37.483716600364204],[127.1144634993371,37.4830279002115],[127.118257499609,37.4839440974845],[127.1193585985079,37.4819848994437],[127.1181945989562,37.4802170995661],[127.1196383991474,37.4771017006675],[127.1186439997947,37.4774412003956],[127.11874399728681,37.4766816984144],[127.1199958973128,37.4758475985713],[127.1184772988314,37.4723021021168],[127.116655199158,37.4705923006079],[127.1182870982325,37.4687784993763],[127.1181924983271,37.467274000880806],[127.1155953989609,37.465516898484495],[127.11731950006589,37.463472099039194],[127.1183520024032,37.4652634986095],[127.120841101611,37.465342198455104],[127.119712301296,37.4655901000678],[127.1205771004312,37.4670202986376],[127.1232439012182,37.4661010982129],[127.1249976994644,37.466956197357796],[127.127031498002,37.4635682000864],[127.1260938986987,37.462042001142294],[127.1237035986285,37.4608467999478],[127.12430429831561,37.4524706009787],[127.12359169902821,37.451786301663],[127.1223629995423,37.4533254020449],[127.1210428994371,37.451835200522],[127.1222746985226,37.4506542005836],[127.1203435986624,37.4491017007648],[127.12076499921501,37.4443960044258],[127.11874848974139,37.446592300881896],[127.1182555892726,37.4429702981292],[127.1198030976263,37.4360436012675],[127.119091398338,37.4340937032174],[127.1170416999161,37.4321976000044],[127.1182706986871,37.4305248016772],[127.115671295905,37.428674001025904],[127.1165463957751,37.4274121002792],[127.1169598964789,37.423805098583905],[127.1149804984113,37.419760602309296],[127.1133455973691,37.4198478018114],[127.1145751977649,37.4152814994455],[127.11276289932431,37.4144760998067],[127.11457519897661,37.415281498526596],[127.11629100020241,37.4144054997342],[127.1171726003181,37.418015496608106],[127.11944629804441,37.4149071997164],[127.11991189783261,37.4126416002848],[127.1180839996605,37.4105129024135],[127.1175391997099,37.40818580251],[127.1147861995043,37.4087714999359],[127.114988499302,37.4075486011588],[127.1132490982865,37.4068956006421],[127.1119668990207,37.4032068003539],[127.1096766980529,37.4024207004779],[127.1084286993016,37.3998395018343],[127.1059824981641,37.3991678001582],[127.1057458001678,37.3981442991007],[127.10733209950139,37.3983998997271],[127.1070944996377,37.396586300133606],[127.106106999783,37.3945826003167],[127.10401949929141,37.3928631997908],[127.1046313004192,37.393754799349104],[127.1068285999492,37.3938877997869],[127.1086226981551,37.392589401085296],[127.1084880982287,37.389188301661804],[127.1060425006743,37.3871798036703],[127.10365079885369,37.386752798208796],[127.1050647974397,37.386067298894304],[127.1063706960768,37.3834350998162],[127.103404499043,37.3813435019078],[127.1022166002309,37.3826172006341],[127.1015166983571,37.381857101619296],[127.0998697989692,37.3822062995513],[127.1024364998535,37.380850799574695],[127.102082199462,37.3783735998468],[127.1025939007464,37.3803752984549],[127.1049940983462,37.3785398002904],[127.10405929768841,37.3721080991805],[127.1054435979155,37.3713862979607],[127.1058184975406,37.370079999267],[127.1041305985716,37.3683024987153],[127.1053020985625,37.3649670002076],[127.1042371996274,37.3637169014577],[127.10160570128569,37.3637409014346],[127.1016578997267,37.3695355008322],[127.101415299213,37.3684051008563],[127.1001659988602,37.3683854008994],[127.0950301983755,37.3637967000182],[127.0970925008143,37.3618020941542],[127.1016010990154,37.362156396471306],[127.10267570056061,37.363756598015605],[127.1048523985844,37.3632808984528],[127.1042352975186,37.3561021014239],[127.0993892985175,37.353480902475404],[127.0981198948923,37.3498225995042],[127.1008113996933,37.3487500976487],[127.1019666996865,37.3474690000622],[127.10183459969791,37.3461220985916],[127.1040746974578,37.3450417996719],[127.10436439784209,37.3438392000131],[127.1037157984907,37.3430268008255],[127.1021748000317,37.3435945002578],[127.100546798808,37.3427339018195],[127.1008662988259,37.3415939003294],[127.0966695996467,37.339098899843705],[127.0992162985507,37.3391006985925],[127.0993279984417,37.337054099991505],[127.1009760983627,37.3370559991088],[127.1009984983485,37.3353082990103],[127.104803599135,37.3340847997542],[127.1054148998106,37.3328248994285],[127.1060772001676,37.333632898447995],[127.1077921991672,37.333484998487606],[127.10753489942451,37.3315513004213],[127.1066501996509,37.3314950996501],[127.10885609908969,37.3315177996974],[127.1094819995041,37.3283354004999],[127.1055329993896,37.329059199952106],[127.1060694992221,37.3280440001301],[127.1055370991135,37.3278050992066],[127.1071637997419,37.3264229997561],[127.1068753000197,37.325365600381694],[127.1057344993424,37.325052800037604],[127.10605189902499,37.3241165009739],[127.10458680024891,37.3239890010252],[127.1038874004189,37.326467900548295],[127.1042046994297,37.3249929002465],[127.1029135005009,37.3245146002914],[127.10238359958589,37.3270683006883],[127.1010369997561,37.325096901005],[127.10020659885981,37.325167899304],[127.100821898892,37.324520499266896],[127.10011709874041,37.321675199888205],[127.1022604999643,37.3220575991946],[127.1025086997161,37.320849200402996],[127.1016622987283,37.320508099641295],[127.1031617009584,37.3202815993213],[127.1048059993141,37.3217831978197],[127.104430899588,37.3187401000057],[127.10523649724101,37.315902700659],[127.1080849995698,37.3157525985387],[127.10816989848679,37.3093652998011],[127.110160600344,37.308920899340094],[127.1114410007595,37.3093484999893],[127.1096006999491,37.3106260008458],[127.1095719993158,37.3098746007365],[127.1087162001716,37.3099353006758],[127.1081951006666,37.311824600905304],[127.1084709003908,37.3131716995582],[127.1097886,37.3127170993587],[127.1104600001838,37.3135490990942],[127.11147590013721,37.3133180999642],[127.1105998010487,37.313841799997896],[127.1105592009251,37.3169122005],[127.11015649845571,37.316068500605],[127.1052365002339,37.3159027022548],[127.10443090103949,37.3187400994174],[127.1053680001024,37.3187139994435],[127.1049341006753,37.3196005998772],[127.106202901973,37.3207266002737],[127.1055064008304,37.3217719994046],[127.1060413009135,37.323407199731896],[127.1071695005127,37.3240034001006],[127.1065272006274,37.325317999371904],[127.10713970022431,37.3256412997678],[127.10880919889709,37.3254604999374],[127.10838489951341,37.3234339007416],[127.1076693997867,37.324007299459396],[127.1083848998574,37.323433899309094],[127.1085017001067,37.321320299209994],[127.1121363009387,37.3211455997629],[127.1109462017381,37.323614298409105],[127.11215420091021,37.3244032979294],[127.11373460047061,37.328091100247505],[127.11152940039109,37.327952101204495],[127.111368300265,37.3292876004833],[127.1095236002013,37.3291509009218],[127.1090271006978,37.3303695997031],[127.1097225006032,37.3303651999911],[127.1097190006201,37.3315039989632],[127.1108445000761,37.3322842994263],[127.1125502005145,37.3311332992116],[127.1124034010171,37.3347034993577],[127.11503379955971,37.3352194986153],[127.1158959006307,37.3345165985284],[127.1165210004298,37.3349983998417],[127.1159416003279,37.334967600254195],[127.1160813001882,37.3360476991741],[127.1176368001328,37.3369407998397],[127.11688430056189,37.3385378997949],[127.1180684006866,37.3393994002762],[127.1161216012323,37.340700999477306],[127.1175904003868,37.340373999857],[127.116121600394,37.3407010015898],[127.11609130041029,37.3421797003606],[127.11471350013689,37.343493199882396],[127.1160718004185,37.345168399455396],[127.1174712003496,37.345405299047904],[127.1173160004287,37.3464559992028],[127.1183812006322,37.3465687998877],[127.1173268001073,37.347577100361406],[127.11606340033,37.3464498009802],[127.11516970122369,37.3479641996555],[127.1176529999876,37.3490940988465],[127.120794903524,37.348537799411105],[127.1183759013427,37.3485134005157],[127.1181410015642,37.349291999905496],[127.1181988013803,37.350747999956205],[127.1198686003608,37.3510010995187],[127.1191084006671,37.354245999308404],[127.1200622011665,37.3542862004742],[127.1183418994979,37.3546486011173],[127.1145154001907,37.353382701428295],[127.1139958005757,37.3547788014428],[127.1116373004083,37.3555750004567],[127.111123000448,37.3578933986169],[127.1139147996091,37.357998798728396],[127.1142301003931,37.3573082992271],[127.1167771002754,37.359635798936196],[127.1168179001523,37.3610606997359],[127.1182656999786,37.360436299386],[127.11857020025079,37.361253399872304],[127.1175042009077,37.3615601000365],[127.1185610007154,37.3618200992969],[127.1180609013906,37.3627512997665],[127.11903310089319,37.363447699524905],[127.1177639007732,37.3654071005719],[127.1184487005563,37.3661626001073],[127.1177709008019,37.3672211995742],[127.1189709010672,37.3684403987756],[127.120512300081,37.368456499092],[127.1215513991378,37.3676151998482],[127.1207583996861,37.3670418997773],[127.12155139980901,37.3676151992149],[127.12222470024011,37.3667383997722],[127.1239284003478,37.3671431997046],[127.1237038004874,37.3685427994368],[127.1254040996065,37.367121999303805],[127.12541040021111,37.3678827993894],[127.1267422996394,37.367570899029],[127.12817349992581,37.369805799183204],[127.1288102009733,37.3688656972401],[127.1335858000464,37.3710205980999],[127.1340532009904,37.3694244991472],[127.136468100715,37.3718582989396],[127.13730050005829,37.3710096999123],[127.1371321006315,37.3723282990185],[127.1393387004932,37.3726787998013],[127.13887790067389,37.374821698750296],[127.1410306998303,37.375766199229],[127.14133299941571,37.3727636993742],[127.14204410009961,37.3736920996658],[127.142878700184,37.3731596991597],[127.14454240122491,37.3749609997],[127.142575702237,37.375017901593104],[127.1422834025293,37.3773960992149],[127.143412202207,37.3812515959044],[127.14615060205149,37.383337796352],[127.149134900226,37.3833799998658],[127.1461506029433,37.3833378009779],[127.144498002734,37.3863148005925],[127.1465520038946,37.387773101525895],[127.1413861051429,37.3908833023837],[127.14312000332879,37.3951799984273],[127.1450900013585,37.3955199984703],[127.1462491014242,37.3948056988343],[127.1480729045884,37.3963131044335],[127.1460434032647,37.3967974068702],[127.1431233061848,37.3991954044722],[127.1448230044851,37.404765598901996],[127.1470566022515,37.405422898244694],[127.1464533007632,37.4064669993466],[127.1469844005396,37.4066571001716],[127.1458094004538,37.4074707001231],[127.1463707999725,37.4084582992597],[127.14661740039179,37.4077115995932],[127.1480711002835,37.4078478001903],[127.1474643993817,37.408826501967205],[127.1442516025549,37.4092222016152],[127.1456492011573,37.4121632986741],[127.147148401698,37.412598600555604],[127.1454907004797,37.412789101036395],[127.1449380010324,37.4140693997561],[127.14569540027499,37.414869498956],[127.148277900498,37.4148874992022],[127.14836560108961,37.4156118000801],[127.14754809911659,37.416164101491205],[127.1464483002164,37.4151606024947],[127.1432155034492,37.4160598015955],[127.143154201637,37.419556105976405],[127.14251149804599,37.420455504509505],[127.14051220004531,37.4186955062695],[127.1381632023943,37.4250912998737],[127.1403684001891,37.4268717980932],[127.14409090070029,37.4263093992231],[127.1448538998406,37.4274029986124],[127.1467368999725,37.426010399931904],[127.1475992028094,37.4266622984837],[127.14870960045991,37.4292576001124],[127.1471171013216,37.4295853003167],[127.1475552007401,37.431964698464505],[127.1502738987185,37.433287397308995],[127.1508613013091,37.4324353984545],[127.1503372016409,37.4345916996031],[127.1508335011446,37.436752397442405],[127.152282603749,37.437929101608596],[127.15317830285329,37.4411063984313],[127.155275600756,37.440827798709904],[127.1559097001219,37.4400064995312],[127.1570759989556,37.4403669991707],[127.1583419976896,37.4383705011672],[127.158149200144,37.436372398559406],[127.1596360997601,37.4377254991937],[127.1606031996425,37.4370329992089],[127.1606612004261,37.4375654994279],[127.162249700212,37.4373516992686],[127.1623290001515,37.4381257992205],[127.16265229980941,37.437342199278106],[127.16386160035671,37.4376069997012],[127.1645383003521,37.4390680990466],[127.16516170035929,37.4385124994021],[127.16501110061,37.4400283998698],[127.16645870064421,37.4426633007611],[127.1655573015456,37.443037400387],[127.1677224015616,37.4456806003273],[127.16752740162279,37.446749099678],[127.1689513006827,37.4470614001508],[127.1668710999419,37.448015600641895],[127.166417000396,37.4493319993255],[127.1691240005281,37.4515599001343],[127.16749609998149,37.452557200278804],[127.164447201158,37.452006100110395],[127.1650889004307,37.453402999092305],[127.167145400127,37.4529304998725],[127.1680626004007,37.453721699461404],[127.1671720009426,37.453846800017104],[127.16698940008341,37.4565669000876],[127.16573070045959,37.456238300758805],[127.166002600382,37.4570981003152],[127.164930400386,37.45900610101771],[127.16418150033209,37.4581212011008],[127.1638580002774,37.4591159003209],[127.1633215000292,37.4584952006715],[127.1622203000166,37.4591087008581],[127.161425800298,37.4581469012044],[127.15826079994899,37.459605700191695],[127.15697449974391,37.458347699965294],[127.1580947985466,37.457829499931805],[127.15745149918989,37.4566048011565],[127.15621230017861,37.45597450177161],[127.15515070124019,37.4569778007683],[127.1542706008146,37.4605140016697],[127.1519321963393,37.4587018025349],[127.1479376996568,37.461248002080595],[127.14492029976469,37.459909901406],[127.1435428011422,37.4615515997643],[127.14490580010501,37.4619430999795],[127.1440859009599,37.464256500088794],[127.14467530040551,37.464595700032994],[127.1425110009735,37.4634908012643],[127.1418307000069,37.4667898001308],[127.1410470996664,37.4658680007922],[127.1403446995158,37.4662273007101],[127.14153449895201,37.4656033987073],[127.1416582988282,37.4639224003883],[127.1405541993033,37.4633896006035],[127.1388137009352,37.4640806999696],[127.1381815004465,37.4660997009131],[127.1372805002304,37.4660272003512],[127.13671130021301,37.4673646005953],[127.1355558000947,37.465409600625804],[127.1341392015113,37.466366699668704],[127.1334455006202,37.4682547004],[127.1317979001919,37.4697629005068],[127.1272182003307,37.471195200986294],[127.1267486003409,37.472802900690496],[127.126366899056,37.471028001143694],[127.1245464005693,37.4700854004487],[127.1257756003489,37.4743382989176],[127.1270543013455,37.4740976998526],[127.1257756008892,37.4743383003094],[127.1263787002861,37.4754187992289],[127.1285729998268,37.4752508986994],[127.12961650063039,37.477099599062505],[127.13095629960189,37.475479800019805],[127.1302142993877,37.474826198902704],[127.1319144995622,37.475110097748804],[127.1329075007833,37.473138999998405],[127.1322233006947,37.4781761995988],[127.13323200062021,37.478386199895105],[127.13423300050519,37.4811872006754],[127.1313323004877,37.485172500409696],[127.1294217010592,37.4857380998693],[127.1306968009244,37.4863523008361],[127.1303031006219,37.487931100463996],[127.12850400141261,37.488089901191195],[127.1282123015237,37.4895492002111],[127.1268974005162,37.488922401161],[127.1263965010171,37.4892035008799],[127.1269530000306,37.490413400582604],[127.1256511006492,37.4901088007722],[127.1236875002964,37.4910761004172],[127.1219183014359,37.4906613007977],[127.12331560006609,37.491989499920905],[127.1227539011213,37.4928257005962],[127.1236423007579,37.4937050999843],[127.12266699995101,37.4957098009048],[127.1201326995252,37.4958391012174],[127.1193860998652,37.4973635009611],[127.11867029977631,37.4969234008569],[127.1169987008968,37.498162300939],[127.11564390107769,37.4978808005947],[127.1163545005422,37.4989279003183],[127.1142907005142,37.4983851006138],[127.1144235008704,37.5010747002316],[127.1124103017791,37.501363000979396],[127.1120757002953,37.5026611011563],[127.110508099632,37.5030218004842],[127.1097625995627,37.5010252011667],[127.1082982988111,37.501388699235896],[127.1088161006551,37.5007447991543],[127.11048769968,37.501301998553004],[127.110790299567,37.499896599517896],[127.112251399203,37.4992980996537],[127.11153069976301,37.498830399713306],[127.1126826994646,37.498829099640105],[127.112014599745,37.4968528000827],[127.11334999885909,37.4956204996363],[127.1124718990548,37.4947232996988],[127.1135979980986,37.4910372000385],[127.10887199925841,37.4897444010845],[127.1077086004218,37.488670802158104],[127.106065300129,37.4898535028664],[127.103345601123,37.488850801809],[127.1042199019744,37.491047101672805],[127.1037705024238,37.4916755010444],[127.1042198983706,37.491047100629906],[127.1033455992449,37.4888508028262],[127.1014286011619,37.4901459015311],[127.1023041999917,37.491642300552904],[127.0999331006475,37.4935538017132],[127.1009301993219,37.4927393998747],[127.1006327996193,37.4918656007485],[127.0997594002007,37.492911200292305],[127.0988184007925,37.491963901035],[127.0976044005636,37.493770102502396],[127.09683620052729,37.4936622032778],[127.09695879993019,37.4923539001437],[127.09615789974089,37.4921232998632],[127.09687369902511,37.4908747011118],[127.09599469990411,37.4907072012793],[127.09510809918551,37.4919747001743],[127.09599469694241,37.490707201065604],[127.0961589967099,37.4875566978469],[127.0954001974687,37.4847840006196],[127.0925676987209,37.484953102062995]]],[[[127.05704209910441,37.4834925999663],[127.05916480034601,37.4838321997197],[127.0580777012953,37.4848534991763],[127.059302699721,37.4862989991162],[127.0604287008277,37.485069199451196],[127.0593027014351,37.4862989991856],[127.0607291007469,37.486889499118796],[127.0618817998007,37.4861405996783],[127.0629487006277,37.4877938983404],[127.06633309835979,37.4868090996928],[127.06591879756621,37.4851715982534],[127.0690083000966,37.4861916994497],[127.06940110078189,37.4872815000255],[127.0709877998857,37.4879642992549],[127.075085699644,37.4868264989724],[127.0754902000632,37.4859120994984],[127.07606319977589,37.486610400893305],[127.0741979007305,37.4875028015106],[127.0744890004394,37.489853599159794],[127.07737520049571,37.4905209990043],[127.07982110022651,37.492772499161],[127.0817600982875,37.4928988990346],[127.08076540056561,37.4910152997779],[127.0817454004576,37.4940044990374],[127.0827607006532,37.4945925999458],[127.0817453998249,37.494004500909206],[127.0789311003699,37.4949294006423],[127.0772952999316,37.4943454026121],[127.07450540033551,37.495257800567295],[127.0744850999117,37.4963027002846],[127.0736228987362,37.495172901444],[127.0700921004117,37.4964855998855],[127.0721039006265,37.4970948016229],[127.069583399195,37.4968103005238],[127.0718303986413,37.492850600188795],[127.07091439742831,37.4922458994199],[127.0704229998867,37.4901085999786],[127.0657885010176,37.4908060005704],[127.063873199642,37.4930400006856],[127.0643987981834,37.4918391002627],[127.0630406983973,37.4911223995758],[127.0643987995021,37.4918390990843],[127.0642520996488,37.4911090998143],[127.06275889908011,37.4881458020057],[127.0616842001548,37.4882017019498],[127.0619111990703,37.48744520018511],[127.056915798554,37.4852645008582],[127.05704209910441,37.4834925999663]]],[[[127.1031997995081,37.5037477998291],[127.10485779945441,37.5043570991015],[127.1052906988713,37.5033366988717],[127.1063208991894,37.5037280993057],[127.1065665996146,37.5029594990539],[127.1078337993349,37.5038461988868],[127.1093135000118,37.502717299474604],[127.10895410072641,37.5036808995227],[127.1101879002663,37.505256199753696],[127.1093595003527,37.5060120002385],[127.1096638009012,37.5076342999176],[127.1097160997546,37.5069764007877],[127.1086364008343,37.5066903010738],[127.1074325006663,37.5077748010174],[127.10633490079579,37.506918501135196],[127.1052657006928,37.508112001025395],[127.104341099756,37.508011600436106],[127.1046822989771,37.507311199583995],[127.1039207989304,37.5065827995468],[127.10471049874829,37.5056569994815],[127.1031997995081,37.5037477998291]]],[[[127.09191429972999,37.321849500419496],[127.09194120009609,37.3208831994192],[127.0929835001016,37.321549999667205],[127.0938275996692,37.3205893991512],[127.0959914008308,37.3206462982941],[127.0976838004321,37.3242444002535],[127.0956795004806,37.3237584008019],[127.0942247996122,37.324602500711094],[127.0950110991559,37.3244699996694],[127.0929320999325,37.322727500472],[127.0934010995387,37.3220310000139],[127.0924666001513,37.3212586005989],[127.09191429972999,37.321849500419496]]],[[[127.1977001988173,37.4110450009885],[127.2007749989478,37.410845099719204],[127.2022147003545,37.4102975980012],[127.2035118974392,37.408194397665696],[127.20702430086921,37.4078296989891],[127.20911989877361,37.4069311998876],[127.2084727984267,37.4063537954855],[127.20989640379901,37.406597003481096],[127.2058156992927,37.409925903657495],[127.2040911010173,37.411933501649905],[127.20385230085759,37.4135361007382],[127.2036322998417,37.4124464013307],[127.2010621000219,37.4118707001942],[127.2007750000651,37.4108451010713],[127.19955570115431,37.4112521007741],[127.20014720056281,37.4124036996225],[127.2007064001825,37.412126500087],[127.19956210274259,37.412964202358296],[127.1977001988173,37.4110450009885]]],[[[127.1045040994336,37.295841599678404],[127.10632400075261,37.2953723997425],[127.1057061017034,37.297028599476896],[127.10812210105,37.296516099460696],[127.1081756008973,37.2973936997519],[127.10758200018789,37.2971111006012],[127.10693610083379,37.2981071996051],[127.1075340003817,37.298314900274],[127.1058866004907,37.3001652002158],[127.10654240035049,37.3008701002521],[127.10464399846359,37.2991000005467],[127.1045040994336,37.295841599678404]]],[[[127.0788250990408,37.4824164996597],[127.0830176984303,37.4821069992135],[127.08182569917939,37.4810203999701],[127.0826992992486,37.4811530992607],[127.08290869840711,37.480183497054604],[127.08527640185619,37.4834877970525],[127.08815990403,37.4836291977071],[127.0861706012731,37.4858303024666],[127.0851432995707,37.4853601018849],[127.083715200201,37.487084801436],[127.0827449979369,37.486810100559],[127.082235898446,37.4853369020322],[127.081088899593,37.4851495022196],[127.0816502984705,37.4850036993866],[127.080952799168,37.4824082019821],[127.07971040041039,37.4835737008166],[127.0788250990408,37.4824164996597]]],[[[127.0546860978597,37.4481191013982],[127.05658349924241,37.446176797856104],[127.0569231989027,37.4443865996463],[127.05827240127151,37.4448570988973],[127.05733050077801,37.446708699321704],[127.0587251005261,37.4465312998543],[127.0580094004012,37.4489686008275],[127.0546860978597,37.4481191013982]]],[[[127.2492522995866,37.3990660997879],[127.2507925995248,37.3995803988],[127.2531747998995,37.3975588993555],[127.2558039018175,37.3997585970082],[127.2553758005552,37.401429900711896],[127.2510469996998,37.400790700266704],[127.2492522995866,37.3990660997879]]],[[[127.12101249924771,37.3634657004911],[127.1207577999919,37.362964999798],[127.1221965006175,37.364604400603596],[127.12140260032079,37.3661619002239],[127.12101249924771,37.3634657004911]]],[[[127.07906940023099,37.3126484997331],[127.0802047999734,37.3133202992272],[127.0805981003959,37.312847499589594],[127.0808510011274,37.3140973001714],[127.0797713999507,37.3142795001569],[127.07906940023099,37.3126484997331]]],[[[127.0533089996198,37.4902167002644],[127.0559966002986,37.4890865990414],[127.0570529018469,37.4917452996772],[127.0545666987033,37.492756700760204],[127.0533089996198,37.4902167002644]]],[[[127.1125450000815,37.517537100286695],[127.11293600012671,37.5174278999604],[127.1127671003643,37.5177437003892],[127.1125450000815,37.517537100286695]]],[[[127.1112234991638,37.2846256980798],[127.1120817998476,37.2855272988449],[127.1134123011172,37.284818800369194],[127.1122041999477,37.2856490008102],[127.1112234991638,37.2846256980798]]],[[[127.13443009935911,37.4741183996296],[127.1346080005751,37.475081100256894],[127.13446479867041,37.4748221000241],[127.13443009935911,37.4741183996296]]],[[[127.1484182991912,37.405987099722395],[127.1482898998909,37.405712899744294],[127.1486598014749,37.4068663011052],[127.1484182991912,37.405987099722395]]],[[[127.0390315996596,37.46969640004539],[127.0392456007605,37.4697617996836],[127.0391864998654,37.469743800425206],[127.0390315996596,37.46969640004539]]],[[[127.0521910987409,37.4969166996061],[127.0531696005668,37.4957209996274],[127.05254830056249,37.497049000496894],[127.0521910987409,37.4969166996061]]],[[[127.0631010992592,37.4945180996921],[127.0634081001328,37.494397399339896],[127.0632991000449,37.494701300098804],[127.0631010992592,37.4945180996921]]],[[[127.0983294995863,37.3419656001349],[127.0987587002367,37.3415981995525],[127.0990720005324,37.3417544000051],[127.09875870017571,37.3415982007323],[127.0983294995863,37.3419656001349]]],[[[127.1190526941718,37.4574168020325],[127.1200480001933,37.458287500599695],[127.1194651999319,37.458336700116696],[127.1190526941718,37.4574168020325]]],[[[127.03851619951111,37.4697253998129],[127.0383655996617,37.4695106000277],[127.0385931001922,37.4695713999792],[127.03851619951111,37.4697253998129]]],[[[127.11898219885171,37.3374023001673],[127.1189258004113,37.3380857007806],[127.11894239889149,37.337547600022],[127.11898219885171,37.3374023001673]]],[[[127.1243593991566,37.4958527999569],[127.1247178009548,37.4955160988732],[127.1244165005907,37.4957992000293],[127.1243593991566,37.4958527999569]]],[[[127.117558499363,37.335837499478494],[127.11768170039461,37.3357284992338],[127.1175585001199,37.335837500488694],[127.117558499363,37.335837499478494]]],[[[127.11960039940459,37.366160900108994],[127.11960040068179,37.3661608999116],[127.11960039998439,37.366160900780095],[127.11960039940459,37.366160900108994]]],[[[127.09227849934591,37.3234565001547],[127.0922785001329,37.3234564990491],[127.0922785007458,37.3234565002265],[127.09227849934591,37.3234565001547]]],[[[127.1037552004163,37.3282948008196],[127.10379019983971,37.3282954994741],[127.1038488003227,37.3282955008189],[127.10379020038131,37.3282955008189],[127.1037552004163,37.3282948008196]]],[[[127.1146847997594,37.3386334002374],[127.1146847000415,37.338585899874495],[127.1146848001928,37.3386334004029],[127.1146847997594,37.3386334002374]]],[[[127.0379818994778,37.4693886007268],[127.03798189932361,37.4693885996668],[127.0379819003962,37.469388600034904],[127.0379818994778,37.4693886007268]]],[[[127.11324779929559,37.2866870000765],[127.11324780040539,37.2866869999249],[127.1132477999978,37.2866870007573],[127.11324779929559,37.2866870000765]]],[[[127.2506544988209,37.4019406988957],[127.2507471003794,37.4016551996192],[127.2506545003003,37.401940700070895],[127.2506544988209,37.4019406988957]]],[[[127.0801540993823,37.481683599901196],[127.0801541008587,37.481683598743594],[127.0801541009089,37.481683600215895],[127.0801540993823,37.481683599901196]]],[[[127.10641819932539,37.3260859002433],[127.1064182000402,37.3260858996651],[127.10641820048069,37.3260859000257],[127.10641819932539,37.3260859002433]]],[[[127.1437479996845,37.4668542001216],[127.1437480007265,37.4668541987849],[127.1437480002162,37.4668542002499],[127.1437479996845,37.4668542001216]]],[[[127.0976908984185,37.4808393015677],[127.097690898309,37.4808392997397],[127.09769090045451,37.4808392983909],[127.0976908984185,37.4808393015677]]],[[[127.1044380993345,37.5146108999802],[127.1044380993001,37.5146108985817],[127.1044381012853,37.5146109001333],[127.1044380993345,37.5146108999802]]],[[[127.1063910999174,37.515273700162304],[127.1063910999134,37.5152736997371],[127.10639110027759,37.5152737001821],[127.1063910999174,37.515273700162304]]],[[[127.1370586994807,37.369487999618194],[127.13705870138409,37.369487998996995],[127.1370587015893,37.3694880004231],[127.1370586994807,37.369487999618194]]],[[[127.11441020013899,37.3389707001031],[127.1144101998321,37.3389707001072],[127.11441019983039,37.3389706999006],[127.11441020013899,37.3389707001031]]],[[[127.1148632999503,37.3392001000523],[127.1148632999585,37.3392000998701],[127.1148633000506,37.339200100041],[127.1148632999503,37.3392001000523]]],[[[127.11486369995811,37.3390765999936],[127.1148637000139,37.3390765999597],[127.1148637000145,37.339076600020995],[127.11486369995811,37.3390765999936]]]]}},{"type":"Feature","properties":{"interval":60,"stationId":"1915043090"},"geometry":{"type":"MultiPolygon","coordinates":[[[[126.94733879935849,37.4818820007934],[126.94829319931429,37.481781899324204],[126.9511186998564,37.4777814991414],[126.9555777004813,37.478576799406],[126.956283599947,37.479824698587905],[126.9590532993399,37.4770461996308],[126.9582822993668,37.476022399665695],[126.9596109994294,37.475537699362995],[126.9598319992084,37.4748080000927],[126.9590739996752,37.4745589979808],[126.9631282003175,37.4723931993746],[126.966453399963,37.472754099120905],[126.9706970000139,37.474928799787],[126.9721154989087,37.4742140990547],[126.9727734988826,37.4729452994597],[126.9720968990917,37.4721839990146],[126.9732266995513,37.4705942985842],[126.97455979918999,37.4716325986942],[126.97733600095509,37.4705417985292],[126.98242709974869,37.4730644993752],[126.98272300033159,37.4722620999145],[126.9825868004678,37.4731094990671],[126.9847799007224,37.4759263979371],[126.9875753009379,37.476163999006694],[126.98843720035411,37.4781655976594],[126.9937160999737,37.4797750969027],[126.995468798221,37.4793514973263],[126.9982423992022,37.477117896551306],[126.9997623984149,37.4744005985587],[127.0015529008134,37.4748253969183],[127.0035818987844,37.4734072983364],[127.00401000177389,37.4744250971838],[127.007670401651,37.476594497600495],[127.0097781995432,37.4759931982018],[127.0103758989455,37.474541999653],[127.0094658995327,37.474046099179304],[127.0116338988503,37.4737138986829],[127.0139371983477,37.476250196845704],[127.01433779612171,37.4729862967856],[127.0172239994496,37.471869297766],[127.0218219960959,37.4730109980981],[127.0221151958027,37.4713795997295],[127.0212210966968,37.4693817017274],[127.0198324980854,37.468573902535205],[127.0185701988806,37.4660627025873],[127.020926398266,37.4636412990787],[127.02025689972501,37.461099599394096],[127.0208606998438,37.460482899557405],[127.0217721996691,37.461808598655495],[127.02433120018861,37.4594271993397],[127.0261911996136,37.4601308992287],[127.0288213988033,37.4534606987734],[127.03007889915541,37.455372797559],[127.032050297184,37.4558045971272],[127.0366480926803,37.4515086006099],[127.0369022960231,37.4466623982582],[127.0382638946615,37.445335599585],[127.035429893691,37.4411109998377],[127.0358295948003,37.4391796984645],[127.0407989962344,37.438282998072296],[127.0449703978874,37.429604098281],[127.04464040017781,37.4287600937544],[127.05484090488841,37.4335890960934],[127.0665257000435,37.434979298240805],[127.0685263984594,37.4349170981019],[127.0707850988258,37.4330148976629],[127.0702875993233,37.4309323997454],[127.07161219918801,37.4290566002122],[127.06923229888109,37.4275145999672],[127.06987569937759,37.4269041995203],[127.0728059019645,37.426973399061204],[127.074885399885,37.4304358955987],[127.0769935983612,37.4302479950842],[127.0729571996121,37.4324753015884],[127.0715924000643,37.434706000617496],[127.072055198754,37.4338114008355],[127.0707851000241,37.433014901632006],[127.0699339008753,37.4338432008037],[127.0699190008902,37.435791698855205],[127.0723027032596,37.4423862023302],[127.06654980336441,37.4465700030305],[127.0674286024856,37.4511892984112],[127.0712631014668,37.4543508981036],[127.0753274998366,37.4544487990236],[127.0756217004087,37.453395099347],[127.0772881004334,37.4548077997925],[127.0752919011385,37.455181101411],[127.0724285030203,37.457735400091195],[127.07232500257791,37.460290198807606],[127.075103700173,37.4592268994665],[127.07756430118111,37.459396902125505],[127.0716222987956,37.4607558028787],[127.0685415018764,37.4591990044355],[127.0640789021742,37.461644903397],[127.06162410364,37.4689519961506],[127.0653841010628,37.4694233985189],[127.07069539954071,37.4721506964607],[127.0722517032079,37.4719977973541],[127.077111598348,37.4750565942953],[127.0798557979429,37.4747412935878],[127.08454369452289,37.4727825945993],[127.08528559959831,37.4714181975442],[127.0874826987002,37.4704252991839],[127.09042079981771,37.4670207984108],[127.0913928989825,37.4642592011524],[127.0894921970646,37.4644638017737],[127.0902370996583,37.4639592999799],[127.09007299977961,37.4619316010711],[127.0889346001837,37.4629841007628],[127.08810799874071,37.4627002970561],[127.0900818985798,37.4609764965685],[127.0900730014326,37.4619315987768],[127.0919883003255,37.4630937977277],[127.0949678983764,37.4608292990905],[127.0950702988562,37.4565661992687],[127.0950372006073,37.459176196763],[127.100258495386,37.4570836988555],[127.0989794974017,37.4547784969142],[127.10243989820509,37.4533756972271],[127.1060926002972,37.453842496925404],[127.1083079980818,37.4523752983926],[127.1068043995854,37.4507372000307],[127.1073327988543,37.448658099707906],[127.10630209963729,37.447850698599694],[127.1080894004005,37.450600096874105],[127.1179704905194,37.4517759956982],[127.11874848974139,37.446592300881896],[127.1182555892726,37.4429702981292],[127.1198030976263,37.4360436012675],[127.119091398338,37.4340937032174],[127.1170416999161,37.4321976000044],[127.1182706986871,37.4305248016772],[127.115671295905,37.428674001025904],[127.11232149925479,37.4276913020086],[127.1110337959372,37.4281862016777],[127.1064523004712,37.4275601020656],[127.103326401179,37.429560701028706],[127.10367249936411,37.4359981013882],[127.10147949747589,37.432276701248405],[127.09712139971751,37.430130503161294],[127.0907282984464,37.4296846013551],[127.092879098357,37.4274177994297],[127.0932587979773,37.4247944020531],[127.0915501980148,37.4225573993558],[127.0942903981423,37.418036198217806],[127.09340829902439,37.412160804093205],[127.0914071983567,37.4101352005997],[127.09292219997981,37.4087578999025],[127.0929832005422,37.409722899188196],[127.0943057992196,37.4090144998966],[127.0918251010741,37.4066855018615],[127.08996050293871,37.408589699957304],[127.08844139607179,37.4080233046758],[127.0920509977121,37.4037010005463],[127.0844275973419,37.3974617022331],[127.0871057969745,37.3950219018581],[127.0858771972997,37.3923992011167],[127.0806662993272,37.393099200654305],[127.0802856993663,37.391015800328695],[127.0783159995301,37.3915572005504],[127.0793006989644,37.3910050997735],[127.0778043997383,37.3893419010044],[127.0768534996177,37.3893631004231],[127.07707929947999,37.387872101403204],[127.0758237007356,37.3880297012456],[127.0755839999389,37.3893668007961],[127.0751605993655,37.3882650006584],[127.0732702996646,37.388086000335605],[127.0811001947199,37.3875562959951],[127.0826835931365,37.3822556012958],[127.0777510957559,37.379463097659006],[127.07761189896969,37.375129799671804],[127.0807348966862,37.373468701186994],[127.0771127956937,37.3664776012205],[127.0806275937345,37.3601099043888],[127.0774314951184,37.354707505824805],[127.0713954011545,37.3583340021983],[127.0703722021777,37.3598192007131],[127.0697499994732,37.358842799943396],[127.0707992993584,37.3589032985344],[127.0774314956612,37.354707498068905],[127.0787177952163,37.3518487998739],[127.0779432966826,37.3493354005791],[127.07953089625539,37.344740103176605],[127.07663119678,37.344223503380796],[127.0714842987276,37.3396940012066],[127.07200179843339,37.339695999413],[127.0733951977917,37.330958300281296],[127.0724135990666,37.3300810004681],[127.07018620129399,37.3305599999891],[127.0703415,37.331079900537496],[127.0686945995118,37.3303889007151],[127.0678866988553,37.3309180017041],[127.0682868992066,37.3290154002874],[127.0659879997137,37.3284900000028],[127.0672245994624,37.327470400258704],[127.0655003000966,37.3270517004787],[127.0653447988806,37.3277235004341],[127.06508139897839,37.3266179997534],[127.0661364002095,37.3267543985996],[127.068890897455,37.3251457002083],[127.06697119937469,37.322051103302904],[127.06388530246059,37.321739203614804],[127.06183010204049,37.3234391028283],[127.0609541004416,37.3253007011431],[127.0605030001325,37.3240802006466],[127.05945800057651,37.324795100639605],[127.0570432993195,37.323912300376804],[127.0575234994791,37.3236387998887],[127.0568595974415,37.322331498874995],[127.05854049962761,37.3224936993368],[127.05906039917731,37.321014600483],[127.0580504996085,37.3195339013912],[127.05500809837419,37.3188647999958],[127.0564587986403,37.319093298803],[127.0571004981187,37.318049299685796],[127.0576394992451,37.315446801444],[127.0561900983882,37.3141862986444],[127.0578069981371,37.314303597837004],[127.06032769561641,37.3110608010798],[127.0634399949418,37.3041079983595],[127.0639660976676,37.301076997780896],[127.0624442992342,37.2988015985058],[127.0647724986178,37.298825797743405],[127.0658958974944,37.2973407992284],[127.06477439861591,37.2951031014661],[127.06024540058169,37.294386702486094],[127.0586491017303,37.296402701000304],[127.0594201008596,37.2982892000102],[127.0605892010445,37.2985682002897],[127.0567708005615,37.2991028998846],[127.057149000938,37.2997760022953],[127.0516021038659,37.3047404031079],[127.0533452021228,37.307726600121704],[127.0530447005699,37.3103099996973],[127.0547383007418,37.3116278999346],[127.054370300208,37.312415000415704],[127.0519612952056,37.3126294040924],[127.0529853979745,37.3102578998972],[127.050463399016,37.307068402696295],[127.04771700176241,37.3074055023592],[127.0466043028761,37.309929200979],[127.0436966971332,37.3129716043404],[127.0402704999305,37.307755701162],[127.03987120008759,37.3088095004657],[127.0327960977982,37.308607704046004],[127.03301529752041,37.3039333978991],[127.0313727991629,37.3010702007623],[127.02911889934511,37.299682700089],[127.03044829939171,37.2989038999345],[127.03099609945299,37.297629899791495],[127.0304974997551,37.2970973994755],[127.0328118987485,37.2954772007448],[127.0327026980104,37.2932820010062],[127.0309440987888,37.293164600888396],[127.0296553991134,37.2920700997964],[127.032327000136,37.2903351991541],[127.0317235010058,37.2910317994131],[127.0333355993937,37.291882698562205],[127.0329235998153,37.2897699998882],[127.03359069893031,37.2887032995192],[127.03698999761761,37.287942198192404],[127.0346723995748,37.283377300430296],[127.0338739998803,37.2831784999701],[127.0373599003312,37.283515099016505],[127.0381135995775,37.2828364996951],[127.0372141999585,37.2810742988764],[127.0397226996531,37.2809125994143],[127.0388681027931,37.283203200754706],[127.0402637015618,37.285278399483104],[127.0429595988659,37.2860958986656],[127.0435326982928,37.2848267999347],[127.0420519996092,37.2838737000842],[127.0431317992061,37.282100500079],[127.0430539993728,37.2790868999811],[127.04464320009039,37.278425798755],[127.045202099535,37.2772299999014],[127.04596000041539,37.278652698736],[127.0479758992129,37.2776575998789],[127.0483051991927,37.2766696999469],[127.0470597994761,37.275794400633],[127.04528309949471,37.2757834007785],[127.0462895996313,37.2748025998311],[127.0459895996617,37.2742218000511],[127.04785249937581,37.2743466993522],[127.04818299998979,37.2735545998685],[127.0512231002656,37.275252699416],[127.0539622003415,37.2744837991733],[127.0523947014067,37.2752202998031],[127.0521844019063,37.2760917996724],[127.0534761011832,37.2777168986116],[127.0585892971107,37.2782050978373],[127.0595243992536,37.2764369982615],[127.05945319975149,37.2732742998753],[127.0606158001973,37.2736546993552],[127.0608793997813,37.2748686993844],[127.0637091001542,37.274896600032996],[127.064164100491,37.2753287000708],[127.06238110054309,37.2750865004952],[127.06191160035671,37.2763747995046],[127.0627107003638,37.2760009999023],[127.0604824039602,37.2801034012662],[127.0659493002742,37.2816560995646],[127.06793520102039,37.2833129994642],[127.068743600212,37.2832247995524],[127.07020249989449,37.2809436984899],[127.0730866997048,37.283357799048694],[127.0780516001593,37.284495896571904],[127.0804320040988,37.2880554005487],[127.0843023009986,37.290489998412],[127.0831865019569,37.2938484972343],[127.0843849019042,37.2955605963852],[127.08986159642751,37.2951195968262],[127.0919628998646,37.289858194293394],[127.0958508978282,37.288828493752604],[127.0954709982081,37.2823518002293],[127.0936566976613,37.28223649994381],[127.0925034996024,37.280971198196404],[127.09521359884789,37.2804045964623],[127.098235495826,37.2781174987494],[127.0955016977177,37.2757381984479],[127.0973198963693,37.273741800137],[127.097288200312,37.2753419985603],[127.0978979998506,37.2749789989224],[127.09802830000639,37.270157600865694],[127.090921899747,37.271649700054795],[127.0925930989508,37.2709737984471],[127.0922781992059,37.2690337989764],[127.0943360993124,37.2669667998312],[127.0926997000074,37.2664338995436],[127.09527649912799,37.2664409995733],[127.0964868994495,37.265461299283295],[127.0964004996275,37.2644466002279],[127.0950498001547,37.2635121007852],[127.0948710986042,37.264304500911],[127.09540659922321,37.2622360009149],[127.09251929965971,37.2633743001861],[127.0933803998504,37.261558198564906],[127.0956063976244,37.2608114993116],[127.0940439981806,37.2555345020615],[127.0926968994039,37.254681000733896],[127.0919518991586,37.2552213003066],[127.0896682008161,37.2545880008579],[127.09056430013389,37.2569337991975],[127.0914232008014,37.2573264002696],[127.0900786006096,37.2603756997896],[127.0907903003634,37.2627903009896],[127.0880234031303,37.262954700825205],[127.0858615038768,37.2646870010732],[127.0878836017628,37.267561398629],[127.0902702011828,37.2662219994248],[127.08808640220589,37.2680686007773],[127.090004900664,37.27157360013091],[127.0840287008677,37.2721243017104],[127.084445400451,37.2740587997759],[127.0834762013463,37.275237499832805],[127.0819103001337,37.2744305002242],[127.08134800069601,37.275499699155],[127.0820707999825,37.2751285005281],[127.08047239976361,37.2757580007518],[127.0813479990778,37.2754996999332],[127.08098299944281,37.2739932014397],[127.0794464987247,37.2721734015777],[127.0750468999051,37.271012102234],[127.07412560039731,37.273344600909],[127.073167000158,37.2723547009882],[127.0728635994475,37.2733420009703],[127.0720174964957,37.269031902326205],[127.0701684983447,37.2681957031624],[127.0682279985548,37.269903301560504],[127.06572279992581,37.2689414014216],[127.0664998989683,37.2675399998753],[127.0653284990492,37.266975099276905],[127.065687899442,37.2648276007984],[127.0630592996889,37.2636834004184],[127.0637559989319,37.2615755013427],[127.0628673988471,37.2604441015971],[127.06056170115279,37.2618103002309],[127.0611675992185,37.2633613011371],[127.0582784996027,37.258615301258004],[127.0569431994471,37.258105799879104],[127.0587870006448,37.2582507982085],[127.0602111994625,37.2553533987724],[127.0596349980991,37.2510176000824],[127.0587972989368,37.250119500980496],[127.0576880991229,37.2504471011498],[127.0583395984654,37.249648800261205],[127.0574835993214,37.2488148010952],[127.05669590010909,37.2492735006365],[127.05467539798009,37.247591801451],[127.04969060174041,37.2481431011358],[127.0515888998421,37.2504935987853],[127.0517923008632,37.2494812995615],[127.0527886002609,37.250712099920804],[127.0522386999972,37.2500328010253],[127.0519128003231,37.250897100161005],[127.0530420004647,37.2531428997783],[127.05141710148379,37.2539464996814],[127.0522440000679,37.2574438999633],[127.0513898001355,37.259138700175605],[127.0499235998951,37.2576022013533],[127.0490382007805,37.2581484008071],[127.0485579003334,37.261309600828696],[127.0468284001922,37.26087300078169],[127.0463651994847,37.2617902009787],[127.0468519994493,37.2601263008439],[127.0458227999003,37.2599467009685],[127.0428800001034,37.2626201002513],[127.04004719969781,37.262036300314996],[127.0391907005165,37.2628584998433],[127.0394732007405,37.2646096006626],[127.03853910027999,37.264430700376096],[127.0384358000455,37.2655585003878],[127.0356753997187,37.266467601904395],[127.03423460016421,37.2659503009127],[127.0339027995834,37.2668587011168],[127.031622201864,37.2679469000286],[127.0317363017499,37.2690816988938],[127.03564209975201,37.2690610993109],[127.0352306002148,37.270203700577206],[127.0345943997529,37.2699721000485],[127.03523059960071,37.270203699588606],[127.0348790999352,37.2692497003986],[127.0307686004129,37.269325501063804],[127.03005709943439,37.268320201562396],[127.02763509975959,37.2687618002439],[127.025987499678,37.2680834007201],[127.0255916998465,37.2670946011258],[127.0244952998665,37.2673721010867],[127.02411289991471,37.2663965010891],[127.0227793005149,37.2667212009542],[127.0229307004508,37.2677885009109],[127.0216357007062,37.2683775008974],[127.0207787019382,37.2708050003013],[127.0182971997599,37.2729456012353],[127.0131027998247,37.271886901059396],[127.01221909902719,37.2696442001415],[127.0109383001664,37.2697359005715],[127.009198801079,37.268559001011006],[127.0098323007451,37.2698541010687],[127.0089203000939,37.270290100493796],[127.006941699462,37.267997099877505],[127.0076140994853,37.2675784001585],[127.00677269928539,37.2672617997312],[127.0076364984223,37.2650524003909],[127.01038649911939,37.265726198802504],[127.0109062989917,37.2644211996677],[127.0102032995821,37.2631441007283],[127.0078554994821,37.2636277003592],[127.0094029993006,37.2630857995272],[127.00853439897101,37.2621025999414],[127.0095131995878,37.2615686994916],[127.0091824999425,37.2610269999126],[127.01089459949701,37.260057499066804],[127.0112874995063,37.2589501991001],[127.0130338994168,37.2585278989391],[127.013407700368,37.2592303990724],[127.01700660080141,37.2592624996865],[127.0173490006728,37.2599179008747],[127.01603610048349,37.259725600838706],[127.0158923006273,37.2603507002136],[127.0166609004481,37.2619602993313],[127.0192797982076,37.261766099442504],[127.0186265002761,37.2605141994144],[127.019777299964,37.2616291989443],[127.0207002998791,37.2613752989437],[127.0222891991821,37.2603698997091],[127.022949799632,37.257938199771196],[127.024738098413,37.2569693004378],[127.024400198347,37.2561730004103],[127.02549089960719,37.2548337990551],[127.0257751001656,37.255789899198305],[127.02714329879741,37.2553980995901],[127.0268597997497,37.254515998979706],[127.0298868990212,37.2526224002672],[127.0291647998397,37.2517165996282],[127.0311271994133,37.251820298682595],[127.0321412998464,37.2486437996288],[127.0319605005468,37.2502005994211],[127.0331989993083,37.2504323991893],[127.03378359906941,37.2478519009768],[127.03207049906,37.246538000887604],[127.0337836001166,37.2478518978716],[127.0350810992231,37.246330799289105],[127.03507399923019,37.2448453007746],[127.03336689906091,37.244639899881804],[127.0341714995618,37.244377199140104],[127.03409640092319,37.2434125983503],[127.03450960051,37.2442690974938],[127.0367552982643,37.2443695973933],[127.03683599942839,37.241009798163],[127.03751270026079,37.241406599985],[127.0370367005973,37.2421395992792],[127.0379307004595,37.241482099881],[127.03866069972699,37.2433953979871],[127.0389106990338,37.2413543975521],[127.0401827005309,37.2431757994146],[127.0441034998952,37.242874299483],[127.0444038989043,37.2401597016327],[127.0428193978391,37.241340200003],[127.047027698726,37.238429200457496],[127.04591859898339,37.2383094990703],[127.04872159935209,37.2394303986473],[127.0489259991477,37.2386729994047],[127.0525165993386,37.239280398746395],[127.05336269849249,37.2386699993568],[127.0522985989561,37.2371772002843],[127.05186259757501,37.2344648998435],[127.05291990066381,37.2343496982456],[127.0543288994083,37.2354943973752],[127.0567462992194,37.234661699282896],[127.05706859998949,37.2357142987752],[127.058413600327,37.2353436979612],[127.06066299938621,37.2363930985719],[127.0613749986742,37.2359664989985],[127.0609765987473,37.2344308996739],[127.0617920006234,37.2343633985027],[127.0628730007861,37.235023898910505],[127.0638810011896,37.2390030983446],[127.0654162016871,37.2401719979719],[127.0680696996776,37.2395163992936],[127.0696368002282,37.240174699466095],[127.0692380006405,37.2405307995745],[127.0706911991873,37.2417910983142],[127.0722588004521,37.2398773990848],[127.072512100719,37.2405789989097],[127.07472459868569,37.239899599478804],[127.07594239968691,37.2381275981979],[127.07848090063621,37.238944999446],[127.07734700149031,37.2399528990578],[127.07841930041799,37.2412099978007],[127.0798497014484,37.240057299476995],[127.0790942007861,37.2411952997545],[127.0807839002386,37.2413921998099],[127.0856473043013,37.2470470996819],[127.0870457014155,37.2497909994036],[127.0882097002515,37.250354598840005],[127.08861790018081,37.249547899396404],[127.0900327999158,37.24980899692],[127.0892579013483,37.250178599818796],[127.0899563006499,37.2527131972842],[127.0914706020068,37.2527551988031],[127.0928386012327,37.2543874986381],[127.09564109941279,37.2535177996783],[127.09558659881961,37.2521185001585],[127.0967517001851,37.252095498467405],[127.09729700041599,37.249976998402104],[127.1003421981346,37.250922397523],[127.1019567977275,37.2504704974191],[127.10265969883001,37.249238497853895],[127.10252059855121,37.2465824982574],[127.1034774997656,37.2461199990409],[127.1036057008379,37.2481543998509],[127.104427600016,37.2486935993117],[127.1047564014579,37.248085998092],[127.1088762009303,37.2486755983054],[127.1111880008502,37.2518736978232],[127.1125980994401,37.2509824987144],[127.11351100009401,37.251379799560205],[127.11421030240649,37.25249589887],[127.1136533016969,37.254630898563505],[127.11749590125649,37.2559815997271],[127.1150379998598,37.2572402036485],[127.11141710348069,37.2618934989952],[127.1128793020185,37.2645420963466],[127.12107880146961,37.2684533914277],[127.1233974991509,37.2674907923903],[127.12821239772519,37.2676121962823],[127.13339259259449,37.2640027992467],[127.13494229685101,37.2606866958392],[127.13540570064531,37.255846598416696],[127.13688620072331,37.258793298724],[127.1385751990343,37.2583035992137],[127.1379800998261,37.2574052999063],[127.1401755996081,37.2579044992272],[127.1423772981541,37.2568282990906],[127.1429067985342,37.2556021987567],[127.144239500636,37.2554216983169],[127.1438487025366,37.256574700609],[127.14476330162199,37.2595142976694],[127.1470720993132,37.259484697699],[127.1511220973416,37.2618106966793],[127.1524106970358,37.2596542981049],[127.1511095987605,37.2569958993989],[127.1591963009543,37.2532487978727],[127.16250949966229,37.2546649975366],[127.1643538990929,37.2542143977712],[127.1649970993429,37.2526564980669],[127.16652790216081,37.2535349987475],[127.1693841043315,37.258112402570404],[127.1675192058141,37.2634549999403],[127.1626076041049,37.2653933005204],[127.16082040589211,37.2704071955065],[127.1637586042836,37.2736407003391],[127.1623814011197,37.273719901191804],[127.1620459014552,37.2755562993554],[127.1630965014794,37.275564100346195],[127.160930398514,37.2766525024864],[127.1580125009596,37.2768621020654],[127.15773950123261,37.2783663005612],[127.1586932002789,37.2789509999765],[127.157393299778,37.2797745008558],[127.1564892000973,37.2794654013029],[127.15599380001571,37.2823087001854],[127.1544504993289,37.279933799804404],[127.15583389912551,37.2783277999072],[127.1546553003041,37.2776928005422],[127.15293580040749,37.2785412001842],[127.1534255004852,37.2789968999232],[127.1522186005992,37.2792433006684],[127.1514842001746,37.2829701012604],[127.14914370251509,37.283490700739804],[127.1510169005452,37.2851217994678],[127.1506219001964,37.286214501655],[127.1507642980558,37.285169999431204],[127.1491436996764,37.2834907011105],[127.1476380008334,37.2835094012626],[127.1475547987815,37.2849555025965],[127.1459566993774,37.285072902180005],[127.1449059995972,37.2865637008562],[127.144146200357,37.2857334016865],[127.13888160165861,37.2852642033564],[127.1360808010142,37.290525801695594],[127.1331233039717,37.291887200334195],[127.1334608036342,37.2949656972557],[127.1349095011267,37.2957835007155],[127.1334607999703,37.294965702708495],[127.1311813011279,37.295060102600104],[127.13005400051951,37.2978740002433],[127.1248142025296,37.2978934000136],[127.127566401764,37.3023369007633],[127.127244500661,37.3034928008318],[127.1251384020879,37.3031081010239],[127.1248892023371,37.3050064991255],[127.12854380174821,37.305475800626105],[127.1268481013137,37.3064221003208],[127.1276522007826,37.3073439005154],[127.1266222003112,37.3066400015407],[127.1206462039677,37.307655907786604],[127.11939440521951,37.317975997466505],[127.1268190981456,37.3169110986634],[127.1270836994312,37.3155102996858],[127.12897629993631,37.316233398856404],[127.1284440009757,37.318117198324906],[127.1292119002078,37.3190454973966],[127.1322812047944,37.319400699823],[127.1317297055342,37.3201682996239],[127.1345716026923,37.3276738921183],[127.13868240615439,37.328212797083005],[127.13922850400711,37.334566196717695],[127.1381049012832,37.3375466971862],[127.14048960370509,37.337632403279095],[127.13650290484169,37.3423169022864],[127.1388625024821,37.3491921954111],[127.14203050128421,37.3516278009315],[127.1388625006869,37.3491922057832],[127.13441090513851,37.3517681032073],[127.136013403536,37.3571789977964],[127.14168759953209,37.3562562991058],[127.1425122987074,37.3548777004844],[127.1419624989918,37.3545205990701],[127.1439313005952,37.3542624998136],[127.1435728004808,37.355246199457106],[127.1448330996011,37.355799898703],[127.1457892990385,37.3551805987769],[127.14666820026429,37.356066699299596],[127.14760530001399,37.3556760998263],[127.1492949984997,37.357228898435004],[127.1584268003219,37.359625199755705],[127.15808200107509,37.3611388988907],[127.1602168030265,37.3666830998188],[127.1632158005855,37.3670033994903],[127.1657431017688,37.370681599748394],[127.1671286026949,37.3708530015303],[127.1639843008016,37.37242520113],[127.1628817019042,37.3743925991626],[127.1657350020778,37.3763131012471],[127.16506220124539,37.3764799012749],[127.1646576014207,37.378634401265906],[127.1619885040898,37.379727800172496],[127.165494300584,37.3855560943442],[127.1725004040414,37.3905280949814],[127.168934208548,37.3956707006434],[127.1695469066239,37.4007160003151],[127.1652751030419,37.4006814023991],[127.1706835067194,37.4108060993177],[127.1672657054131,37.4124646046234],[127.1666475060313,37.4136076034804],[127.1692963034274,37.4217121968501],[127.17072450172951,37.4222082989063],[127.1727808998791,37.4212018995742],[127.1747495982843,37.4228466956769],[127.1737291011347,37.4237333997058],[127.1766668016142,37.428028998542004],[127.17968759859339,37.4278416987293],[127.18076930150039,37.4259023998435],[127.1807331015366,37.427797897948004],[127.1823342018013,37.4315169964048],[127.1841646022169,37.4324266963765],[127.18428970269119,37.436498394877],[127.19086090442191,37.4439392023746],[127.1860197060645,37.44800880314509],[127.1893666027176,37.4530519981019],[127.1885353026463,37.4556754007968],[127.18595269915541,37.4548077032871],[127.1828493012984,37.4570498014647],[127.1809139030479,37.4596761998168],[127.18141440275899,37.4607352991569],[127.18459370409819,37.4619373971507],[127.18254160329569,37.4636505002506],[127.18190850321271,37.4687689024607],[127.1802664009244,37.4722739009504],[127.1813454010541,37.473349001420196],[127.17811309916621,37.4747834018023],[127.1760759012034,37.4735489030368],[127.167329602398,37.4725703061883],[127.1667452928214,37.473412307627896],[127.1620242975424,37.4711008099394],[127.1594415001252,37.4715821094581],[127.1525703999533,37.477134603399],[127.1517593000813,37.4807617003621],[127.1502062010716,37.4814976003077],[127.1495365017413,37.483066698738604],[127.1507867004911,37.4842556975496],[127.15675089699721,37.4843326970879],[127.1577168003469,37.485322198780196],[127.1594127999324,37.484095999526],[127.16011450050671,37.4844074997425],[127.159891899911,37.4853048001822],[127.1592705000148,37.484495600763005],[127.15828190030271,37.4860077002554],[127.1570037005674,37.486337299968206],[127.15801899996539,37.487430799581595],[127.15967760022359,37.4869323994134],[127.161890702497,37.489992799975106],[127.1602121024107,37.4921089996828],[127.16245650072601,37.492370599985804],[127.1607413022835,37.4938768996699],[127.1604824025424,37.4950988984479],[127.1616827040794,37.4975238977639],[127.1611132000827,37.5004380004746],[127.15894580053539,37.5018604001532],[127.1593161003081,37.5031069011945],[127.15794729985791,37.502517100449296],[127.15754869896001,37.5030000007037],[127.1569915995171,37.5022296014741],[127.15572120052751,37.503314101016194],[127.1546918002227,37.5018166011143],[127.153893399797,37.5025971007545],[127.1532828004076,37.5019859013657],[127.15100270134491,37.5044321009114],[127.1472342009799,37.504967102195],[127.1469699012442,37.5079335992285],[127.148979501024,37.5078586993182],[127.1494844003454,37.5096115987821],[127.15252510053621,37.509285499180095],[127.1507948005204,37.5109537010713],[127.1492969000438,37.510142801129],[127.1483533009874,37.5116641996076],[127.1500999015404,37.5139621997003],[127.1514861002716,37.5139300998687],[127.1503759013625,37.5144725997843],[127.15125330054589,37.515383299568306],[127.1540297978029,37.5149047993315],[127.1539670995474,37.5117214990144],[127.1549517000022,37.5125895991006],[127.155106500049,37.5117999998195],[127.1558262999596,37.5144457986967],[127.1587024016747,37.5145700994833],[127.1554307032517,37.5196605988444],[127.1569168020502,37.5214497973074],[127.16080920086411,37.5199669003668],[127.1560788032959,37.523605101986],[127.1559899004002,37.525174503716],[127.1510777040553,37.526560100746394],[127.1536101015229,37.5301216971848],[127.1555938995391,37.5300975972089],[127.1575665988235,37.5312798976106],[127.1602527002785,37.529942097079],[127.1593668017382,37.5328886983121],[127.1605774020413,37.5357329964104],[127.1628874026655,37.537016299744295],[127.1609427997316,37.5364607024615],[127.15880850063421,37.5372177018952],[127.1593046002708,37.540968898696704],[127.1604805011593,37.541473700006094],[127.1593045981443,37.540968904935404],[127.15676160065729,37.54607940018781],[127.15597940053641,37.5462172001885],[127.15649760031589,37.549149597875],[127.1577932990202,37.549483897540696],[127.1608261999099,37.5484953997845],[127.1612780004469,37.5490043007423],[127.1603838013215,37.5506774991159],[127.1621003996049,37.5511267986666],[127.16506309895979,37.5505865990593],[127.16587649938259,37.5489605995417],[127.1666651992584,37.5491940992927],[127.1668385001478,37.5480021996415],[127.1666652008537,37.5491940996395],[127.1685656005524,37.549714499542404],[127.1700776003168,37.5530334983351],[127.1744726990594,37.5535347980511],[127.17492370093659,37.551744399729095],[127.1752707014798,37.5537186007732],[127.1732511021145,37.556199399994],[127.17443930092631,37.557203198990194],[127.1789370990117,37.5578074976167],[127.17934889888079,37.554661800004695],[127.18001520041079,37.5546627993585],[127.1802427014208,37.5563334992502],[127.1823112003002,37.5568744000123],[127.1830369995744,37.5587508981358],[127.18456470019589,37.559449900049394],[127.1829268016472,37.559093500474006],[127.1814260019855,37.560068901528396],[127.1812729006346,37.5610793006732],[127.1791433992708,37.5616476011861],[127.17764319907731,37.558722802781496],[127.1754232005443,37.557498303967996],[127.17358630240089,37.560809800844304],[127.1721139005657,37.560647800776096],[127.171150399597,37.5623389010346],[127.16800310040061,37.5619059008215],[127.1616086000152,37.5635506021266],[127.160440699427,37.562468700421896],[127.1574770006958,37.5624817010649],[127.15696539980691,37.5644822009116],[127.15644050005561,37.562913301220696],[127.1519815994577,37.5620344030392],[127.1493547999028,37.5635736016108],[127.1510700982337,37.5614018009777],[127.1489863003175,37.558843603535905],[127.1474384011417,37.5609400031352],[127.1448429021352,37.561909303622],[127.1434767981802,37.560308900983],[127.14364369801329,37.5588727024192],[127.1399924016646,37.5560290052629],[127.1348011007922,37.5633676015117],[127.1347709998376,37.565015500708704],[127.1336670000817,37.5637441010139],[127.12767809306139,37.5615666047691],[127.1239013912073,37.5568383044845],[127.11916409474131,37.5473863077548],[127.1111680027374,37.5510545040866],[127.1106976006209,37.5547866024012],[127.1099599995012,37.5531431005523],[127.1087091007521,37.5530286006668],[127.1089020994998,37.5543793033887],[127.1046770993685,37.5518264030347],[127.1012791027665,37.554400600460504],[127.10153319790071,37.555449100650094],[127.09970369888171,37.5529238025047],[127.09739879971019,37.5535221008995],[127.09504510104719,37.5555421010952],[127.094996301096,37.5568939997433],[127.0958701049719,37.5573508014131],[127.0956142004335,37.559587900554],[127.0941513004332,37.5591678006136],[127.0918509016917,37.5602811026942],[127.0901300004325,37.559535600736],[127.0898271999811,37.5605457002858],[127.0873322006263,37.561425300373706],[127.0887976002634,37.5633558998314],[127.0879059007477,37.5652805988248],[127.08965140101249,37.5670964998651],[127.0878904009247,37.5718099995511],[127.088089900924,37.5727116990005],[127.0892227997911,37.572400199312],[127.0895185007275,37.5730139994771],[127.0892226009796,37.5746264990614],[127.0904748004177,37.577235899748],[127.0885594000319,37.5769146000982],[127.08732760037219,37.5772973005626],[127.0874420002578,37.5779793998805],[127.0905083000022,37.5789208994155],[127.091126500375,37.578310599679],[127.09307290010429,37.5807850997762],[127.088363699517,37.5841407005513],[127.0841279999275,37.581107400099704],[127.0859812988273,37.5793932995882],[127.0852281995601,37.5766992009711],[127.0836802991364,37.576587301511],[127.0824657997005,37.5746469998985],[127.08340769958059,37.5749918989341],[127.0841484988398,37.574159999765996],[127.0831955997764,37.572509000003095],[127.0838895995307,37.572500098869696],[127.083723699536,37.5693978010116],[127.0818200000731,37.570046000510395],[127.0784955009908,37.5680580015453],[127.0779945994258,37.5665615003827],[127.07882029928321,37.5657898986793],[127.0786802994232,37.56426780020141],[127.0774793996882,37.563268800674706],[127.0753824977113,37.5632386008117],[127.07285059921199,37.5600953021058],[127.0716804003822,37.5607085014926],[127.0706633002182,37.5602516005358],[127.07177590036481,37.5637498005366],[127.0706353006082,37.5629483010195],[127.0705756003272,37.564873399875204],[127.0690656007086,37.564774100403405],[127.06824590013339,37.5666149004645],[127.0662424004007,37.5639197005821],[127.066186401115,37.5651715002991],[127.0650293998676,37.5658259005406],[127.06298669990579,37.5658095004657],[127.0623478001198,37.5645133008011],[127.0608684997711,37.565350100465004],[127.0596158994524,37.5644355004188],[127.0586195004488,37.5652268996274],[127.0588619011791,37.567167900853704],[127.0574775011047,37.5672563999506],[127.0583350002448,37.5681421001483],[127.0564581005561,37.5682891001244],[127.05600989955701,37.5692602003884],[127.0550129996287,37.568184200530595],[127.0540763003453,37.5686072001154],[127.0534647005403,37.569379000375996],[127.0538813002937,37.5712804009556],[127.0533225994798,37.5702979008088],[127.0510081011279,37.5709775000092],[127.05142670001989,37.5717669005115],[127.05007660027249,37.5708883005844],[127.04819610001199,37.571965900099805],[127.0480387995038,37.570908800705695],[127.0457664998772,37.570385600830704],[127.04246250051659,37.572391100135995],[127.0422733002698,37.573314599420804],[127.0439871010443,37.574640299633096],[127.0430177003246,37.576767999901904],[127.0437738001862,37.5780044994887],[127.045509501049,37.5799745995045],[127.0474361002583,37.5803010998367],[127.0475325004433,37.582002699426894],[127.0499097002608,37.583442999113906],[127.0510649006206,37.5851524995041],[127.0506007001256,37.5853896002946],[127.0470932995891,37.5855232003417],[127.047277898996,37.584614099919],[127.0464479998259,37.5838723006608],[127.0454977004693,37.5841071002163],[127.046060899935,37.5847438009208],[127.044102299428,37.5851161002588],[127.04249759922381,37.5830620999546],[127.0428303989228,37.5821794003993],[127.0417661994906,37.582157000406305],[127.040612399647,37.580283199914696],[127.04090790010429,37.5797174998003],[127.0420177989944,37.5800675994502],[127.0416463994992,37.5791198999762],[127.0385404011423,37.5788801006618],[127.0390303000639,37.5798205009773],[127.037853699598,37.5798793004804],[127.0359715999259,37.5774981006282],[127.0341410999381,37.5782007000702],[127.034984299708,37.5768618002943],[127.0342131002867,37.575624700749096],[127.033974799831,37.5770357005264],[127.0306476999874,37.5743151002624],[127.0299233006202,37.5754986008627],[127.02823500073829,37.5749724013435],[127.0286205005887,37.5772562001745],[127.0270794996232,37.5768289008476],[127.0255853997934,37.5777724013986],[127.0249752986402,37.5771145015469],[127.0229639995055,37.5786267008863],[127.02309539950241,37.5778618003354],[127.0214977000701,37.577370700799804],[127.0207368990558,37.5749213000491],[127.0199385994054,37.5746599996338],[127.0235254998323,37.5719396999999],[127.0249165002949,37.5728811994546],[127.02622559895,37.5718881001618],[127.0264181999757,37.570219100401104],[127.0249189996942,37.569720500647605],[127.0234038999903,37.570887000207],[127.0210219009245,37.570699101469096],[127.020158800656,37.57223960065431],[127.0193353002354,37.5718848007339],[127.015664800021,37.573908300400596],[127.0136689997036,37.572569199825296],[127.0140974994906,37.5714482996271],[127.0144632000288,37.5720007990182],[127.0156640993265,37.5713195994331],[127.0157376992578,37.570228900355694],[127.0141910991493,37.5695982996664],[127.01373769960269,37.5680434012213],[127.008760499962,37.5717894004714],[127.0083677993776,37.5710888998431],[127.0092786992871,37.5701277002752],[127.00819839959699,37.569270800634996],[127.0083335995195,37.5675485003145],[127.0066452006605,37.5680707006213],[127.00670960023639,37.5698222005181],[127.0066190990526,37.56885660022569],[127.004470400068,37.567472402003396],[127.0020532001175,37.567726500207996],[126.99781269998209,37.570827400138],[126.9972359998174,37.570477999771704],[126.99792429949619,37.5689866007266],[126.9946984998948,37.5687053005734],[126.994614999761,37.567768200289706],[126.9934801996037,37.5674185009087],[126.9923753004079,37.5685537005077],[126.9919027989781,37.567276700347904],[126.9895844000278,37.568003600321696],[126.9873458999014,37.566053099345396],[126.9884164994922,37.5662391989756],[126.9891295996884,37.5653433995786],[126.98859179934439,37.564609499686206],[126.99121619905209,37.5636091995528],[126.9913772001718,37.5645037994794],[126.9934320005182,37.5643744997315],[126.99357380071639,37.5657918992172],[126.996005699503,37.5645026997421],[126.9972811996773,37.565290999466],[126.99831859974961,37.5641534990969],[126.999817200583,37.5657933991877],[127.0003741012169,37.565387800078305],[127.00058540094071,37.566867699385504],[127.0023211992356,37.566066399810595],[127.0022955993292,37.564607700451006],[127.0016717987706,37.564576899916595],[127.0022955994115,37.5646076995054],[127.0023602996291,37.5631455998395],[127.00457519991001,37.5625152991852],[127.0045445997133,37.561138800004905],[127.0054874990392,37.5611228998088],[127.00245889918469,37.5589772998794],[127.00338779946959,37.5587234991281],[127.0045282998395,37.5564326996779],[127.0056665004453,37.5572958994761],[127.0075370993518,37.5563806994249],[127.0069571992859,37.554727299729606],[127.0075314993194,37.5539189001474],[127.0067052996709,37.553662599979106],[127.0085143991258,37.5513841997685],[127.0098944002629,37.5520063993795],[127.0134558002713,37.5516733990573],[127.0154638981101,37.5482302004691],[127.0137360988912,37.546596600765],[127.0142555988815,37.5461968002048],[127.0136242980662,37.543410500182404],[127.0120566996338,37.5430202005727],[127.01244059911251,37.5422613003568],[127.0111310996664,37.5411147003973],[127.0103355999,37.5416691007795],[127.0102495993836,37.5408779996446],[127.0114657005241,37.5396997992163],[127.0141054997208,37.5407199993715],[127.0155803996661,37.5404043995687],[127.016429498969,37.5387086005075],[127.0160407989743,37.538019999670105],[127.0201215012309,37.537420792685],[127.0242701989571,37.5312611997403],[127.0228182996094,37.52828030095],[127.02209380033389,37.528003801226504],[127.0211061997828,37.5295311001926],[127.0198601995745,37.5275340012585],[127.01642580141919,37.526705800838904],[127.0124065003083,37.5278878034352],[127.01143009927709,37.5291729008043],[127.0110761963391,37.528742899197],[127.0115213001105,37.529212299200495],[127.01240649922529,37.527887800525],[127.0118891997426,37.522126906285905],[127.01003299976071,37.520504000044205],[127.0102327995609,37.5184777020705],[127.0079280946802,37.5191792059839],[127.0030453953418,37.5141234067652],[126.9972406990409,37.512161602952396],[126.9960595002221,37.5127201023939],[126.9968572988089,37.511341100838706],[126.995555200111,37.511093801086],[126.99533209975989,37.5119154006423],[126.9940796994151,37.5088563008921],[126.99179119841699,37.509110207359605],[126.9871121996217,37.507386608010194],[126.98583839949501,37.5064365000365],[126.986595599002,37.506069998908],[126.9855941000035,37.5047644002136],[126.98253579971649,37.5021375021887],[126.9800010002935,37.5033888004535],[126.9803693001333,37.5059659004742],[126.97807109870759,37.5054134005618],[126.9776989990797,37.5042931016821],[126.9750783994128,37.5045585011096],[126.97440110009009,37.50363750203061],[126.9721374023538,37.5056941999739],[126.9726334018578,37.506174899493196],[126.9705146998366,37.506568500301704],[126.9705651992453,37.5019766000118],[126.9729014998813,37.5007981992856],[126.9732577000737,37.4995298996179],[126.975107099482,37.500436398980895],[126.9759097993975,37.499730699084],[126.9765986001899,37.5010499993559],[126.978182600328,37.500497899635796],[126.9783832001274,37.5013827987509],[126.9800486984619,37.5007714993622],[126.9793198979035,37.498246800329],[126.982639398341,37.493766899967795],[126.980987298449,37.4921737006471],[126.9782015000937,37.492355200504],[126.9775773989024,37.4902752012144],[126.9752389999948,37.491077200359],[126.97445939866451,37.4891656007812],[126.9727176000884,37.4885564009139],[126.97226499958339,37.4891399001351],[126.9731123981704,37.4879376002157],[126.97223279905,37.4863936017597],[126.9708995003833,37.4871444010089],[126.97099949998601,37.48789830059],[126.9704385002922,37.4874108010498],[126.96982250005041,37.4879401014541],[126.9688379996665,37.4868719012618],[126.9672190012855,37.4880243001094],[126.96794160019711,37.4895431009314],[126.9635917992844,37.488530600576595],[126.96681199533151,37.4828641998867],[126.9665410957238,37.481973400449604],[126.9631629991019,37.481084001339],[126.9624236992145,37.480078701158],[126.9610766002451,37.4806348007915],[126.9610986997823,37.4797996004344],[126.95987630028361,37.4793129007753],[126.9595021002106,37.480386700382795],[126.9590730996901,37.4796335007215],[126.95754100056041,37.4801306007065],[126.9552967008392,37.484585699637194],[126.9560434998114,37.484534600705004],[126.9540115003817,37.485154700823905],[126.95383319980401,37.4839449008936],[126.953030199626,37.4847009015729],[126.9509730991603,37.4843322008455],[126.9494440993841,37.483428000094],[126.94921309925769,37.4823560004249],[126.94733879935849,37.4818820007934]]],[[[127.17877279967651,37.4235250002999],[127.1852219975867,37.423456597397504],[127.1898466997699,37.421510399927],[127.1905437990728,37.4200611013763],[127.18752769599651,37.4196587002132],[127.1906713968906,37.4192763002045],[127.1924887999892,37.4122588998857],[127.19335369942931,37.4139287981912],[127.1948327979502,37.4119872001328],[127.19307329968109,37.4114099002379],[127.1961827988213,37.4067987960785],[127.1961672988368,37.4025956002817],[127.19499229941279,37.400902801188295],[127.1919300016197,37.400913801249395],[127.1920633011682,37.4028203002877],[127.1905763984523,37.4032556003188],[127.191461799124,37.399626097476],[127.1949366986812,37.4007341991948],[127.19582399779391,37.3990477008813],[127.1939521994266,37.397849400593095],[127.1929513998622,37.395884700802604],[127.19209609947801,37.3961769009281],[127.1929348001895,37.395198496516],[127.19916700085611,37.398778392264894],[127.204480095543,37.3968236942196],[127.2058951005645,37.398164597180305],[127.2092249000953,37.397164598312],[127.2068995031443,37.401839300629796],[127.20847280157099,37.4063537961153],[127.2113582998679,37.4059557962708],[127.2130616991676,37.4050990968377],[127.2140657981635,37.4033790985577],[127.2159358987586,37.402946396217196],[127.2168629004066,37.406003296739],[127.2177835994859,37.4029307998115],[127.2200816002496,37.402439799041105],[127.2236569996963,37.4003416981336],[127.2239135004139,37.3987842977209],[127.2258230002176,37.3984599979119],[127.227592098297,37.393915200695005],[127.2262361996529,37.394047300562896],[127.2270197990289,37.392896100764105],[127.2257993991711,37.3930964002008],[127.2267712997883,37.3921372994416],[127.2283608987423,37.392785599008505],[127.22938319772,37.3916187001754],[127.2301760991291,37.3899705995701],[127.2293775997891,37.388986599520905],[127.2320625990921,37.389272399411404],[127.2322180998525,37.3871763996142],[127.23336649939411,37.386236198781],[127.23561079986041,37.3861652993566],[127.23605040117519,37.3882023995045],[127.2407205990489,37.389536499039295],[127.241927497842,37.3877323008435],[127.2411035986659,37.3863201022557],[127.2384057999839,37.3857507012276],[127.2378159996255,37.384341301154706],[127.2338928996048,37.3831550998676],[127.2349198005842,37.3827437992994],[127.2352827001078,37.3836904990447],[127.2379275986012,37.3838613981907],[127.2396173969114,37.3832358988162],[127.23887689662679,37.380005000247095],[127.24168589742749,37.3807022990265],[127.241350499473,37.3783503002689],[127.2415386001392,37.3789452990835],[127.2429739993068,37.377893998687696],[127.2438619999292,37.3789709983069],[127.24483530275951,37.3782060997615],[127.2451251024697,37.379885898081696],[127.2476689999815,37.3797657982506],[127.2483018000747,37.3785677989391],[127.2498833992171,37.3787808987811],[127.25106570240109,37.3810212987324],[127.252967800499,37.382360597393095],[127.2553723980944,37.381299898453804],[127.2545042001336,37.3786638994179],[127.25586520088041,37.3812240976255],[127.257587301931,37.3814925978981],[127.25628620328321,37.3845421996447],[127.2578881016813,37.385778298408596],[127.2601965993728,37.389567794619104],[127.2643557952136,37.3856992984876],[127.2700077074877,37.3842416988565],[127.2643630024122,37.3929313033288],[127.2608981058771,37.39573010053],[127.2608820058932,37.3969089993511],[127.2650183017569,37.4009773952827],[127.26791059886459,37.4010019952581],[127.2746802997866,37.3979414984928],[127.2755807011472,37.4003402003823],[127.2743198008953,37.4002067009609],[127.2739792012359,37.4016842994833],[127.2763860005676,37.401962099016195],[127.2735727021259,37.403417000693295],[127.2725888031098,37.405172198938104],[127.2706082019195,37.4148838012661],[127.2716377003823,37.4161444014935],[127.2647692044721,37.4172568046233],[127.2634657057756,37.419000502879605],[127.26164440075159,37.418716403058504],[127.25834350057019,37.4212659008038],[127.2577111005519,37.4209496008031],[127.25714820032421,37.4224309002942],[127.2558581000297,37.422332500769805],[127.2555226997699,37.4211698009762],[127.2540191985296,37.4211855022989],[127.2542229997228,37.4205914004472],[127.2520473018985,37.4183599026787],[127.2468462021847,37.421797704015496],[127.2432649997225,37.4205258017135],[127.2449093970026,37.4180355996516],[127.2438626980493,37.414959502727704],[127.2419106986307,37.4140335029441],[127.23901309919839,37.4140499017782],[127.2411497971285,37.413454797899995],[127.2383959993561,37.4081147016985],[127.23641319826041,37.4084590996662],[127.2386254998935,37.407473800108],[127.237778399441,37.4050408014739],[127.2360905005463,37.4042670026059],[127.2331561017469,37.4050510025207],[127.2323867010339,37.4073160037023],[127.2238273024478,37.4067759038882],[127.2198487014999,37.4110679068424],[127.2158272055214,37.412115305795005],[127.21368670766189,37.4149197029906],[127.2095320005826,37.4243337050336],[127.204638299914,37.4200109098474],[127.1935182009549,37.4262916061177],[127.1879535984279,37.4224848063184],[127.183379800241,37.4241663026902],[127.17877279967651,37.4235250002999]]],[[[127.07836709951289,37.2074607999139],[127.0850318981161,37.199881398955505],[127.0840464993544,37.192754800001104],[127.0863185994125,37.1938258988431],[127.0877751991261,37.191633698824894],[127.0899372982733,37.190447599196496],[127.09034639979001,37.1870843998849],[127.0928504997121,37.186049799774],[127.0929623015072,37.1888546977668],[127.0995341007955,37.1881699988792],[127.09933150232311,37.1895222966562],[127.1056785060199,37.195153895335004],[127.1072243027543,37.199445197982],[127.1107139992646,37.200007397419796],[127.11248779865079,37.1990681972607],[127.1140879004122,37.201140000280105],[127.1132102003405,37.203944600122696],[127.1105623010146,37.2036474019469],[127.1113645001051,37.2058952002058],[127.10808949914451,37.2041552015893],[127.1051695017031,37.204589501160896],[127.10786480072561,37.2067563999502],[127.10742250106439,37.2077436994385],[127.1096115002199,37.2078034001766],[127.10843440065909,37.2078821008069],[127.1061916000687,37.2101555009033],[127.10345600020709,37.2098696012025],[127.1034658028109,37.2123246004548],[127.1017212012026,37.212320901386605],[127.10112740179639,37.2142943994131],[127.1019573014183,37.2146119010741],[127.099394099032,37.2142988012717],[127.09780449940699,37.2114414030117],[127.0963897008218,37.2113872030659],[127.0952350011041,37.2130622017152],[127.09550320083589,37.2144549003225],[127.095234999368,37.213062201474706],[127.0943272002758,37.214323400213495],[127.0943640002186,37.2161707002734],[127.0897094990933,37.212794801516296],[127.0901403986201,37.211807500612196],[127.08803090003691,37.209526800412796],[127.08661199493311,37.2108577026361],[127.08572839790209,37.2095049999247],[127.0797067996746,37.2097218002767],[127.0798778988115,37.2086992994127],[127.07836709951289,37.2074607999139]]],[[[126.9442279989339,37.5041040006573],[126.94527859928449,37.5014067998796],[126.9448820998976,37.5003310995858],[126.94730490042251,37.5019249987743],[126.9487049993125,37.4998531992404],[126.95055859946059,37.4997384991149],[126.95091949900039,37.4982646000334],[126.94948079867021,37.4974092005757],[126.9492611995249,37.495494799754006],[126.9498462011827,37.49683799866909],[126.95127679975211,37.497014198492906],[126.9522233988055,37.4961224993846],[126.9515126994542,37.4948316996994],[126.95229539997379,37.4951589990483],[126.9533791984235,37.4924813998644],[126.9546152993088,37.4931560990392],[126.9541698990642,37.4916486994217],[126.9551177009829,37.492296098896595],[126.9563149002239,37.4915760996399],[126.9582104006264,37.494451999671],[126.9595316008574,37.4948502998766],[126.9589938001794,37.4957719002399],[126.95863599957259,37.4949792009545],[126.9568797001009,37.496175800186805],[126.956498099954,37.494870100607],[126.95531600003889,37.495829400420995],[126.9548359998455,37.4949734005749],[126.9533337006789,37.4965239000486],[126.9555145997772,37.497978799070296],[126.9573397000815,37.4974236000353],[126.9568670001278,37.4982748010952],[126.9555146014802,37.4979788013912],[126.9536195010797,37.499580601584604],[126.9537611009381,37.5004244007408],[126.9536195000489,37.4995806007309],[126.9512354002988,37.500597000175],[126.9519375010883,37.5025821000794],[126.9518526008562,37.503281200348404],[126.950769900981,37.5029745008417],[126.9515078004808,37.5048403000447],[126.9507672006318,37.5055868002256],[126.9487140986772,37.5045737016778],[126.9473370986523,37.5061874005698],[126.9449781997817,37.504812701210305],[126.944362900397,37.5052206008024],[126.9442279989339,37.5041040006573]]],[[[127.1872340994673,37.5633021002167],[127.1881793994812,37.5617555997337],[127.1895629995669,37.5613764996983],[127.18966879992051,37.5596262997937],[127.1908824997811,37.5599068995617],[127.19113640011591,37.559288799398594],[127.1925064996202,37.5606431987491],[127.1933681988739,37.5589587998671],[127.1946116998291,37.5593966997992],[127.1956846999002,37.5580359989736],[127.19698170107219,37.559730899696895],[127.1956462007708,37.5600911006009],[127.1958772005398,37.561208799483204],[127.1964792000417,37.5607375999271],[127.1980901002939,37.562026598841804],[127.19882330036491,37.5634688002943],[127.1983135005956,37.564983799766104],[127.1992397008873,37.564897399869],[127.1962850003202,37.566626400466895],[127.1952026007376,37.565961500962],[127.1947857000677,37.567291200612],[127.1927135003383,37.567779400275896],[127.191667600456,37.5668797004372],[127.1909371994644,37.567868901246804],[127.1896080991855,37.5672649997649],[127.18954979949659,37.5662576004629],[127.18835839958369,37.565469999962296],[127.18887569938259,37.5645821004521],[127.1872340994673,37.5633021002167]]],[[[127.0475037995303,37.578201400811],[127.0482089998998,37.5792684986802],[127.0497715000605,37.578547899331696],[127.051333400049,37.5808775998567],[127.0518827004957,37.5804042997479],[127.0524490001361,37.581117599249296],[127.05286559999651,37.5804112994949],[127.0517711000938,37.5810137003922],[127.05246500004979,37.5820108000645],[127.051304700646,37.582676500587695],[127.0505947997783,37.5821816002516],[127.0512454997009,37.5807637001411],[127.0498733990687,37.579025300881895],[127.0488075001346,37.578914200993],[127.0484799994958,37.580690000739594],[127.0475037995303,37.578201400811]]],[[[127.27852709960321,37.3743305985588],[127.28212859631019,37.377299895475495],[127.2860381924006,37.3714659013095],[127.2782559047949,37.370825593449105],[127.28603819701259,37.3714658928088],[127.2877746952761,37.370728493546196],[127.2947000999096,37.3707390963621],[127.2953333992763,37.3684180986831],[127.296468099351,37.3675862999061],[127.29607689851281,37.3671564993356],[127.2977892968004,37.366655099837004],[127.3028654993944,37.362197597659105],[127.30448079835179,37.363001697722396],[127.3081555006852,37.3597121977095],[127.31246590111981,37.3608458994478],[127.315840200151,37.3608093997081],[127.3171087016391,37.3619906996914],[127.31561360159641,37.3636050016863],[127.3165041007059,37.365847599443704],[127.3183683020296,37.3667436007781],[127.3181849997106,37.3674408003845],[127.3169361001334,37.366365501694304],[127.3160394987555,37.367757099919],[127.31464469986601,37.365392702164],[127.3093598054942,37.3681186053427],[127.3094445051331,37.3750771022499],[127.31175470410379,37.3788339027033],[127.3064086071655,37.387540705584506],[127.30597539886149,37.394030704117],[127.305884096459,37.3912971023814],[127.30373519860791,37.3888363048422],[127.3011050006653,37.3893402041419],[127.3006234992957,37.392603000969004],[127.2977528001822,37.3892728035326],[127.2954490010698,37.3883174053397],[127.2940963024225,37.388750104907004],[127.29191969912719,37.3923202011349],[127.28873380105911,37.3906402024654],[127.28761880199231,37.3922905016188],[127.2838548002983,37.3918001010584],[127.2823453996749,37.392669400036105],[127.2830937959902,37.3893955995503],[127.2815791975048,37.3831038058421],[127.2806927961087,37.3823216994578],[127.2845352976766,37.381998898851],[127.2825659996459,37.3774331034168],[127.2787641972331,37.3762704020684],[127.27852709960321,37.3743305985588]]],[[[126.991580199833,37.5610068001057],[126.9928428997687,37.5609306000107],[126.992565299487,37.5602254999639],[126.9932928994544,37.5597317998623],[126.9947065999298,37.5618159994101],[126.9960209994248,37.5611141995092],[126.9968674004746,37.5619337001205],[126.9946105997479,37.5634560004763],[126.9943721998924,37.5625005005476],[126.9940327998544,37.563188700213395],[126.9930911996581,37.5626622002353],[126.9930415999536,37.5609688002044],[126.9922440000053,37.5616861004991],[126.991580199833,37.5610068001057]]],[[[127.1960475991724,37.2375375002336],[127.1957311988934,37.2362047002496],[127.1973005983196,37.2357655001051],[127.19751999875109,37.234478599902204],[127.1985443989011,37.2340797997875],[127.1981992992462,37.2335699002974],[127.1985443999469,37.234079799266205],[127.2024607996734,37.2313062955124],[127.2034264007533,37.2329391995741],[127.2041844011847,37.2328480999999],[127.204208101161,37.2339250989229],[127.20607410028609,37.2344788984246],[127.2065348007876,37.2354819996943],[127.2102335006236,37.235212799303],[127.21314700029451,37.2363119997119],[127.21278320069891,37.2369993994176],[127.2138375009994,37.236661699662],[127.21271980024291,37.2376637016894],[127.210498300924,37.2377314009469],[127.2120776002639,37.2401057005599],[127.20908180183311,37.238754502235096],[127.204862399744,37.238981701252996],[127.2045047013101,37.2403165010045],[127.2023104009243,37.240589501378295],[127.202992199892,37.2421551004225],[127.202310398281,37.240589500445],[127.1985977998516,37.2399942003485],[127.1984247000247,37.238960701382],[127.19576819974671,37.2381090004237],[127.1960475991724,37.2375375002336]]],[[[127.328194194981,37.358674604216404],[127.32920689865631,37.3571442998399],[127.3281828992034,37.3566307000244],[127.32748879859379,37.354819299605104],[127.3279959000729,37.352834299723696],[127.329491300361,37.3525517000873],[127.3290271005835,37.354202399203295],[127.330031800983,37.3575344983949],[127.33342139759341,37.357854398075],[127.3359420950863,37.355062800016],[127.3346862997589,37.3516165998196],[127.33573199871319,37.3510053004309],[127.3361871974454,37.3488227013327],[127.3333012933781,37.3453203015214],[127.3356006996923,37.3432210988296],[127.3374737008115,37.343863898624505],[127.3398189984662,37.343371399117004],[127.3393387993974,37.3418875990338],[127.3398190000525,37.343371398278],[127.34718669686899,37.3392874954017],[127.3579921946635,37.3405784938832],[127.35956880252931,37.341399098111296],[127.3631122989858,37.346732592777805],[127.3671077056502,37.350577195855294],[127.3657922017773,37.351774599455],[127.3665253996998,37.3529080012214],[127.36530569823789,37.3508363022939],[127.3615813019623,37.3485240046062],[127.35859550222281,37.3496719027059],[127.35710670371161,37.351856400521406],[127.35948880132949,37.3548961974816],[127.362084101592,37.3548029993336],[127.3579948998442,37.3564005012299],[127.35948879827599,37.3548962008706],[127.35415260239121,37.3535563035565],[127.3455618090711,37.3549930050079],[127.3443844061123,37.3585508066796],[127.3300318029832,37.3575345057234],[127.328194194981,37.358674604216404]]],[[[127.2010687990519,37.550260199688594],[127.2035906005495,37.5493941993264],[127.2030845010233,37.5500007996247],[127.20421689989091,37.5513118983136],[127.2071517001061,37.550443898424696],[127.2077136003265,37.5521401998548],[127.2059163005781,37.553801900341604],[127.20637170026491,37.5544482999213],[127.20581870007399,37.555012600068395],[127.2028528994243,37.5518056012853],[127.2017659002834,37.55253150031],[127.2019688002602,37.553969700327805],[127.2013504995105,37.5532797007506],[127.2004900000826,37.55408890028821],[127.20087049975439,37.552123699919804],[127.2017754996011,37.5514924994104],[127.2010687990519,37.550260199688594]]],[[[127.3954222899718,37.3156475041855],[127.394840195586,37.3119544973263],[127.399468398077,37.3098934993108],[127.39769299851291,37.3084444979942],[127.4002131988152,37.3080992983513],[127.4041000999421,37.3052976988337],[127.40597340233839,37.3074939998018],[127.4027185042719,37.3107718001924],[127.4046719025438,37.313960697229604],[127.4054744017413,37.3142959968943],[127.4077945994962,37.3128250982116],[127.4121674951233,37.3121878988488],[127.4121723962433,37.307690900648794],[127.4132799001476,37.3060670966203],[127.4147961006222,37.308966598148196],[127.4160917016347,37.308986600099],[127.4148917028347,37.3109379981476],[127.4159288017282,37.3134157002482],[127.4143210030564,37.3175562975664],[127.4180095993678,37.3181275969951],[127.4194480992292,37.3167907973864],[127.4222617012618,37.3175350985619],[127.4189944991991,37.3172305020962],[127.4174610007326,37.3190086003181],[127.41645130172141,37.323272000984005],[127.4124173998282,37.325290100679],[127.41035749670111,37.3246518030009],[127.4078371960552,37.322140603611096],[127.4033987004937,37.3231843025674],[127.4000599038325,37.3263161994355],[127.40227520076981,37.327174900331606],[127.400480799729,37.327501700309696],[127.39810439968629,37.324278399921496],[127.3988495992976,37.324792197444594],[127.40339869486439,37.323184297153304],[127.4010833971797,37.3179078024298],[127.39985419840889,37.3170159033217],[127.3964513924255,37.3189408039808],[127.3954222899718,37.3156475041855]]],[[[126.9389791987858,37.4834366002626],[126.93948759947071,37.480032500168],[126.9402669003946,37.4804309994498],[126.9413843999087,37.479585299601794],[126.9428171002315,37.479621699456104],[126.9436599001651,37.4810562999433],[126.943938100176,37.4804243998545],[126.94483430019659,37.4817587997627],[126.945929300407,37.4818803999644],[126.9437786000272,37.484087700167805],[126.9410266998339,37.4843874004683],[126.9389791987858,37.4834366002626]]],[[[127.05511629981419,37.5893049998617],[127.0565576996286,37.5885932997078],[127.055888299654,37.587983799797],[127.0567231000401,37.5876806994529],[127.0579090999675,37.5887403995818],[127.0594978001499,37.5883461994953],[127.0606587002339,37.5903271006241],[127.0580729004585,37.59086400056621],[127.05511629981419,37.5893049998617]]],[[[126.9359292989509,37.5132229999243],[126.9382036993441,37.512303499261],[126.93845249948279,37.510941799575],[126.9402423991921,37.510643999574],[126.940150999985,37.510007699183205],[126.9420463992028,37.511338298602496],[126.942871999921,37.5111284987904],[126.94324110080059,37.512636899462294],[126.9449255004111,37.5134436003434],[126.9440559000217,37.5138638014322],[126.9430949000654,37.5130882005811],[126.94220000021829,37.5141000008068],[126.9409438001256,37.513271200692195],[126.9392270009524,37.5137152002702],[126.93913020035829,37.5144439002129],[126.9383625999079,37.513099600264795],[126.9359292989509,37.5132229999243]]],[[[127.1599680974759,37.2433117002394],[127.1603623000927,37.2422801982892],[127.1599681007879,37.2433116996341],[127.162774997981,37.2437350992107],[127.16269319806281,37.2425930003528],[127.163437399344,37.2427621993478],[127.16451669819729,37.2408227004948],[127.1627150990976,37.2402168993391],[127.1642503994243,37.2384366998806],[127.167267300486,37.2368309951822],[127.17197829984711,37.2369263958768],[127.17657079901349,37.2334015989355],[127.17921340339609,37.2370567996446],[127.181330501279,37.2377998989015],[127.1863467012296,37.236778600739804],[127.1863759008645,37.2390817014763],[127.1843045010944,37.240508302455105],[127.1835553997286,37.2426577045924],[127.18029300299101,37.2428296044205],[127.17855949980391,37.241306200605095],[127.1772318011316,37.241448200463104],[127.17352520114581,37.2438801018028],[127.1740126006584,37.245366900316],[127.16766960024809,37.2503779001134],[127.16678899987029,37.2486393019494],[127.16408460025539,37.2487543019691],[127.1636866990921,37.2493955013238],[127.16100089985271,37.248306902065906],[127.1615954964754,37.2477835000107],[127.1599680974759,37.2433117002394]]],[[[127.20472339954851,37.54252059994511],[127.20640549968701,37.5417643000147],[127.2061514999059,37.5403238997178],[127.2079249007336,37.5412344998033],[127.2074379999835,37.5430557001649],[127.20508339991571,37.5418304004002],[127.20472339954851,37.54252059994511]]],[[[126.9852752991154,37.5199647002697],[126.9908769004091,37.5204123990063],[126.9927000000967,37.5192799995274],[126.9945409007351,37.5202000004896],[126.9932864997009,37.5209882013574],[126.9911613018261,37.5208718014738],[126.9909044996075,37.5235023005175],[126.9903145996893,37.520428000648],[126.9852752991154,37.5199647002697]]],[[[127.0845718997375,37.5878058999877],[127.0882802993628,37.5861051995454],[127.0901702007109,37.5884276001917],[127.0882070003423,37.589168600920104],[127.0881830000727,37.590273800217496],[127.0872246999293,37.5907421001081],[127.0854240997809,37.5889860003604],[127.0854638996058,37.5879975003036],[127.0845718997375,37.5878058999877]]],[[[127.4405722995607,37.2683230002837],[127.4410428995177,37.2685885995719],[127.44207780065821,37.2640250960012],[127.4420679009333,37.2651666991774],[127.44296730003391,37.265080499263604],[127.4460726969298,37.2631137010924],[127.4451743991108,37.2581151965747],[127.4468167011925,37.2604770971851],[127.44856699944219,37.2592892983729],[127.4499844012151,37.2613622994336],[127.45266940003441,37.2631661981491],[127.4534185032223,37.262869797511094],[127.4488112018926,37.2661620002148],[127.44890930143859,37.2682698989741],[127.4500620005618,37.2699466999526],[127.4492208008413,37.2691563011899],[127.44600340115359,37.2707684012702],[127.446731200302,37.271873900423806],[127.44397859678,37.270789900034096],[127.44587919916849,37.269078300340695],[127.4436794002359,37.2651323039266],[127.44296730094801,37.2650805039784],[127.4410429028993,37.2685886012059],[127.4405722995607,37.2683230002837]]],[[[126.97681549913,37.2484030010576],[126.978225399935,37.247911899733],[126.9787264998772,37.2484430995459],[126.97911470024769,37.247614799328204],[126.980142800138,37.248715398859304],[126.9824402001103,37.2476649994999],[126.9840646005659,37.250715801225205],[126.9826626006911,37.2502462012955],[126.9820348001212,37.2515438004435],[126.9811233002863,37.2504827009658],[126.9807790000494,37.2512435008784],[126.97795359954121,37.2507221011954],[126.97836339965501,37.2493161001931],[126.97681549913,37.2484030010576]]],[[[127.4827529993947,37.259062399419896],[127.4838589011706,37.2586274987706],[127.4862097995181,37.2599009979836],[127.4892945964333,37.259147398737205],[127.4911642985329,37.2569255989235],[127.49035789790841,37.2550513988246],[127.4910398993256,37.253860399568],[127.4930424992993,37.2539911987691],[127.4914207018602,37.2552944989298],[127.49185870142219,37.2558349983893],[127.49116430074089,37.256925599232005],[127.4926322007278,37.2564712977808],[127.4952228012253,37.259137696114294],[127.4982319982161,37.2585616966903],[127.4983714011567,37.2605394997974],[127.49489190191,37.2594834040992],[127.49335580344611,37.2605135030691],[127.49107620388659,37.2646048023912],[127.4897328994795,37.2595186004965],[127.4863727027834,37.2597432003894],[127.4853470012701,37.2607516042049],[127.48346449904349,37.2587982004731],[127.4827529993947,37.259062399419896]]],[[[126.98022709948489,37.5658659999943],[126.9825569995888,37.5654301994878],[126.9818028996596,37.564394000081],[126.9823609002589,37.5640261999224],[126.98423800002661,37.5652012997588],[126.9844819012966,37.5668047999852],[126.98273800019659,37.56798120062],[126.98022709948489,37.5658659999943]]],[[[126.98788369826529,37.4627706003607],[126.9881783005592,37.4611806987985],[126.9889542997832,37.4622149977642],[126.9905744003638,37.4622448996209],[126.988185500785,37.4628410010873],[126.98843720053331,37.464687499240796],[126.9894439995265,37.4649806989476],[126.990430500204,37.4641639985776],[126.9904697001092,37.465765800482],[126.9892562000112,37.4653090008198],[126.9878109996086,37.4661179999576],[126.98846669954591,37.466082499841896],[126.98788369826529,37.4627706003607]]],[[[126.99668959932819,37.2700381987938],[126.9976682996414,37.2688154987148],[126.9989532989996,37.269286698436304],[127.0009126002205,37.2661662995161],[127.0002306009237,37.2690307001302],[127.0013026003233,37.2702231012968],[126.9976873990866,37.2709767016433],[126.99668959932819,37.2700381987938]]],[[[126.9490636993427,37.5129390000575],[126.9538698994541,37.5118630989085],[126.9549292001485,37.512563999357],[126.9552352007009,37.512098199268294],[126.95586380035681,37.5136521000013],[126.9535596013978,37.51275300166849],[126.95310400185339,37.5146102998112],[126.9510827985273,37.515262501344296],[126.9507924988772,37.512843601125],[126.9490636993427,37.5129390000575]]],[[[126.927614799725,37.4839007999656],[126.9293262994947,37.4834403996043],[126.9298664004819,37.4824830997926],[126.9297220008221,37.483878599627495],[126.9320097005014,37.4844590002036],[126.9294510005601,37.4858981006141],[126.92957489954131,37.485258300553895],[126.9283247998716,37.4850231009056],[126.927614799725,37.4839007999656]]],[[[126.93650219913431,37.5045120001723],[126.9368041000655,37.5034969988994],[126.939149199444,37.5036245975637],[126.9402916003382,37.5027370992281],[126.9400777003337,37.5035034992651],[126.9427216006787,37.505207900006305],[126.9414268012359,37.5051666009817],[126.9400547988096,37.5074971006689],[126.9393995998559,37.5051786008074],[126.9386369006186,37.504620101365894],[126.9375201997155,37.5054428012883],[126.93650219913431,37.5045120001723]]],[[[127.00193879853761,37.2616533998097],[127.0049237000734,37.261920499370305],[127.00390030057889,37.2623304002484],[127.0052177008411,37.2638927015506],[127.0011824999689,37.2656850002157],[127.00218649900249,37.2636780001344],[127.00193879853761,37.2616533998097]]],[[[126.95888819940221,37.507835300716806],[126.9596365989556,37.5066840994724],[126.9625855993945,37.5057945981353],[126.9651038003959,37.506789499189296],[126.9668762001474,37.5055483994145],[126.9678837029944,37.507798208595005],[126.9610049015192,37.5115603081636],[126.95888819940221,37.507835300716806]]],[[[126.9852800994818,37.5607594999525],[126.98630349997701,37.5609757997873],[126.98658249989249,37.5602170994054],[126.987605000575,37.5611234007433],[126.98670920080761,37.5611056007415],[126.98666389988179,37.5617876011836],[126.9852800994818,37.5607594999525]]],[[[127.0623196992362,37.0203391011657],[127.0632779017249,37.019176095985806],[127.0655888000522,37.0202479982415],[127.06902360006069,37.0195931998919],[127.0692540023307,37.020181901653295],[127.06742920132601,37.0201801020497],[127.067044600485,37.0221475020422],[127.0644439991804,37.0205710019564],[127.06277379934511,37.0212543008772],[127.0623196992362,37.0203391011657]]],[[[127.08426639961111,37.5953295005168],[127.0858152996816,37.5952444992175],[127.0859843999456,37.5945907999146],[127.0869236003182,37.596044200087604],[127.0855113999998,37.5963827005487],[127.08426639961111,37.5953295005168]]],[[[127.0651949966574,37.013971199259004],[127.0669248032272,37.014111996439695],[127.0699123026281,37.0124601988073],[127.0673355025947,37.0141416984556],[127.06966680279879,37.0143102996012],[127.0691976011732,37.0183621996339],[127.0694087991672,37.016455902237695],[127.0664335992074,37.0181749003146],[127.0661338988689,37.0162534989084],[127.06692479868819,37.0141120007765],[127.0651949966574,37.013971199259004]]],[[[126.9227036982761,37.5206997987851],[126.9242141007347,37.5213284970824],[126.92545269949609,37.520575597835304],[126.9247498014174,37.5219886990211],[126.92561280076869,37.5225236004829],[126.9242100002382,37.5216517002687],[126.9234140997322,37.5227733003888],[126.9227036982761,37.5206997987851]]],[[[127.15746129856309,37.2387283016528],[127.1583634001849,37.2390123970039],[127.16024850342619,37.2373742009431],[127.159228200527,37.241313399994205],[127.1598384994968,37.2399669008065],[127.15746129856309,37.2387283016528]]],[[[127.2126370994265,37.2450098991038],[127.2141107983786,37.2443410000745],[127.2132995999135,37.2428287990883],[127.2141107998874,37.244340998545],[127.2159087014033,37.244764898852],[127.215187500149,37.2473343006796],[127.21443859829749,37.2454136025442],[127.2126370994265,37.2450098991038]]],[[[126.9696233988251,37.523567399988394],[126.97095059965679,37.5217047992601],[126.97302450145379,37.5216150995128],[126.97340360086609,37.5222641997984],[126.97244580097251,37.5225521997751],[126.9722336001463,37.5240852003922],[126.97124729898451,37.523370301810004],[126.9696233988251,37.523567399988394]]],[[[127.004538398701,37.5270260991726],[127.0073117001036,37.5283227996171],[127.0074191002611,37.5303076005049],[127.00668899965129,37.530279000415604],[127.0066516996886,37.5288369018577],[127.004538398701,37.5270260991726]]],[[[127.1038920982877,37.449500999863595],[127.10476060026011,37.448035599045795],[127.1051757008076,37.4489070996292],[127.1038920982877,37.449500999863595]]],[[[127.5712872977376,37.2966515993175],[127.572422599074,37.2952582989557],[127.57216630095151,37.293879099935495],[127.57226290249059,37.2969389005483],[127.5712872977376,37.2966515993175]]],[[[126.9280007986263,37.500244199505396],[126.9282040998947,37.4989723995477],[126.9294391010575,37.4997255993317],[126.9280007986263,37.500244199505396]]],[[[126.9748344996413,37.5633220992191],[126.9756190005287,37.563032899549],[126.9760070004869,37.5638063999146],[126.9748344996413,37.5633220992191]]],[[[127.2170875995766,37.259092499874605],[127.2170830998958,37.258930999887],[127.21840690345691,37.2589187000506],[127.2170875995766,37.259092499874605]]],[[[127.0816010998437,37.194688299798],[127.0820023013986,37.1943547984011],[127.08203400047029,37.1946079011333],[127.0816010998437,37.194688299798]]],[[[127.0699728990498,37.3650432009345],[127.0710716000681,37.3652436996953],[127.0710697032924,37.3652943992043],[127.0699728990498,37.3650432009345]]],[[[127.1920387996889,37.5681211994511],[127.1921113997392,37.5679480996572],[127.1924633001263,37.5679032998835],[127.192111400369,37.5679481000983],[127.1920387996889,37.5681211994511]]],[[[126.95532449993931,37.4969440997947],[126.9553511000038,37.496719899530504],[126.9556659003422,37.4965517996565],[126.9556829003762,37.4966999001224],[126.9553511002823,37.496719900162],[126.95532449993931,37.4969440997947]]],[[[127.2131955983977,37.3965919997352],[127.21372840110769,37.3954449995866],[127.2140946016135,37.3965554007688],[127.2131955983977,37.3965919997352]]],[[[126.9569724992,37.4966071002043],[126.9571936002199,37.496749499701],[126.95725610021809,37.496838800154],[126.9571935999536,37.4967495000991],[126.9569724992,37.4966071002043]]],[[[127.0150990988084,37.5797147999906],[127.01527010016669,37.5795737993355],[127.01558060033561,37.579777899916905],[127.0150990988084,37.5797147999906]]],[[[127.0496742994061,37.581413799982],[127.0498107002224,37.5815815001815],[127.0497180996811,37.581468000629],[127.0496742994061,37.581413799982]]],[[[127.0502461996287,37.5721236000441],[127.05051839983071,37.5719404995322],[127.050552200166,37.571972199879],[127.0502461996287,37.5721236000441]]],[[[127.3967644990785,37.3276703007536],[127.3972714009601,37.327934300394006],[127.3966763995477,37.3280648016183],[127.3967644990785,37.3276703007536]]],[[[126.9646890996905,37.4904098004515],[126.9647199995272,37.490172099857105],[126.9647430995041,37.4901190999101],[126.96475889983991,37.4899763994279],[126.9646890996905,37.4904098004515]]],[[[127.05367679986881,37.2502592001145],[127.05380550042969,37.250280599747306],[127.0536352001024,37.2504158001291],[127.05367679986881,37.2502592001145]]],[[[127.05701669946271,37.5693967000759],[127.0570167006547,37.569396699775],[127.05702169960361,37.5694570003882],[127.05701669946271,37.5693967000759]]],[[[127.076155699887,37.2063837002415],[127.0779061981097,37.2054773008118],[127.0779061977049,37.205477298053395],[127.0779062002055,37.2054772995699],[127.076155699887,37.2063837002415]]],[[[126.9736016998166,37.5226430996842],[126.9743664999848,37.5224061998091],[126.97442960038589,37.5225548999593],[126.9736016998166,37.5226430996842]]],[[[127.0023797981812,37.4515342998282],[127.0030805008182,37.4513523997275],[127.0026500995478,37.451641100989306],[127.0023797981812,37.4515342998282]]],[[[127.0906470988345,37.2770941995924],[127.0906471012096,37.2770941993496],[127.0910264004803,37.2782644027674],[127.0906470988345,37.2770941995924]]],[[[127.3275852996201,37.3524906003151],[127.3278066001691,37.3523732996346],[127.3278066002622,37.352373300184695],[127.3275852996201,37.3524906003151]]],[[[126.9496463992161,37.4939093997621],[126.9506702001063,37.4940358988828],[126.95067020159901,37.4940359001714],[126.9496463992161,37.4939093997621]]],[[[127.05157059995021,37.5853994000987],[127.0515655001304,37.5854432999584],[127.05156030002121,37.5854875000229],[127.05157059995021,37.5853994000987]]],[[[127.1361866991571,37.5657827006297],[127.1361867004585,37.5657826995333],[127.1364229000507,37.5658691005178],[127.1361866991571,37.5657827006297]]],[[[127.1388945997094,37.256200300518806],[127.139013100512,37.2562694000223],[127.1388307000914,37.2564699004406],[127.1388945997094,37.256200300518806]]],[[[126.9959354996048,37.564135699766105],[126.9959355002622,37.5641356998562],[126.9959354995732,37.5641357001091],[126.9959354996048,37.564135699766105]]],[[[127.0076590990532,37.26273269979],[127.007722399783,37.2626866993573],[127.0077345005882,37.2627634997001],[127.0076590990532,37.26273269979]]],[[[127.06672069554101,37.4329787967876],[127.06672070000211,37.4329787940071],[127.06672070289021,37.432978797699],[127.06672069554101,37.4329787967876]]],[[[127.1037370986372,37.4383619017841],[127.1037370995172,37.4383618996244],[127.1042906002667,37.4382703996053],[127.1037370986372,37.4383619017841]]],[[[127.1146847997594,37.3386334002374],[127.1146847000415,37.338585899874495],[127.1146848001928,37.3386334004029],[127.1146847997594,37.3386334002374]]],[[[126.95882690031881,37.496161299971796],[126.9588268996238,37.4961613005058],[126.95881749994919,37.4961106999097],[126.95882690031881,37.496161299971796]]],[[[126.9903850997703,37.5725629004006],[126.9903850995934,37.572562900003405],[126.9903851005067,37.5725628996166],[126.9903850997703,37.5725629004006]]],[[[127.09072139927841,37.2755797998075],[127.0907214004133,37.2755797996869],[127.0907213995065,37.2755798011504],[127.09072139927841,37.2755797998075]]],[[[127.1046383996078,37.4951138996726],[127.10470529998241,37.494969799885],[127.1046383998398,37.4951139003373],[127.1046383996078,37.4951138996726]]],[[[126.9435754996366,37.480094999814796],[126.9435755002088,37.4800949994299],[126.9435755003011,37.480094999969396],[126.9435754996366,37.480094999814796]]],[[[126.9578953999729,37.4973736998276],[126.9578954000801,37.4973737001853],[126.95789539990629,37.4973737000509],[126.9578953999729,37.4973736998276]]],[[[126.995441199849,37.520528599331996],[126.9954412007382,37.5205286006098],[126.9954411998348,37.520528600161],[126.995441199849,37.520528599331996]]],[[[127.0288207996432,37.3000794996922],[127.0289820001331,37.300076100165896],[127.0288207996285,37.3000795008627],[127.0288207996432,37.3000794996922]]],[[[127.07617999964829,37.5947673002859],[127.0761799998174,37.594767299687604],[127.07618000030439,37.5947673003252],[127.07617999964829,37.5947673002859]]],[[[127.1075719995823,37.4987044996655],[127.107572000231,37.4987045004113],[127.1075719995073,37.4987045003514],[127.1075719995823,37.4987044996655]]],[[[127.2137053992475,37.2675863995799],[127.21370540154129,37.2675863987916],[127.21370540083079,37.2675864004109],[127.2137053992475,37.2675863995799]]],[[[126.9133309994995,37.4872173004012],[126.9133309998981,37.487217299959],[126.91333100041889,37.487217300152196],[126.9133309994995,37.4872173004012]]],[[[126.92363859972001,37.5229106002972],[126.9236386001951,37.522910599795004],[126.92363860029491,37.5229106001803],[126.92363859972001,37.5229106002972]]],[[[126.9262374997972,37.5136809988985],[126.9262375003537,37.5136809990246],[126.9262375000387,37.5136810003484],[126.9262374997972,37.5136809988985]]],[[[126.9398423998435,37.5146865000027],[126.9398424001627,37.5146865000014],[126.9398424000863,37.5146865001796],[126.9398423998435,37.5146865000027]]],[[[126.9782108998799,37.558401099955596],[126.9782109007208,37.558401100259296],[126.97821089995979,37.5584011003457],[126.9782108998799,37.558401099955596]]],[[[127.0111852995219,37.530612299364904],[127.0111853015295,37.5306123007107],[127.01118529990899,37.5306123004547],[127.0111852995219,37.530612299364904]]],[[[127.0615304992609,37.2645214004723],[127.06153049974651,37.2645213995503],[127.06153050084211,37.2645213999346],[127.0615304992609,37.2645214004723]]],[[[127.06704189852361,37.329492499986],[127.0670419000787,37.3294924997399],[127.067041900182,37.3294925011171],[127.06704189852361,37.329492499986]]],[[[127.0983459994795,37.4364336000793],[127.09834600012721,37.4364335987914],[127.098346001121,37.436433601063904],[127.0983459994795,37.4364336000793]]],[[[127.17734349886001,37.4232805001357],[127.17734349841051,37.4232804997709],[127.1773435005435,37.4232804998128],[127.17734349886001,37.4232805001357]]],[[[127.09832679919829,37.4342112997949],[127.0983268006286,37.4342112993138],[127.0983268001464,37.434211301013704],[127.09832679919829,37.4342112997949]]],[[[127.1092429992688,37.5322810998861],[127.1092430007947,37.5322810996333],[127.1092430005643,37.5322811010196],[127.1092429992688,37.5322810998861]]],[[[127.11441020013899,37.3389707001031],[127.1144101998321,37.3389707001072],[127.11441019983039,37.3389706999006],[127.11441020013899,37.3389707001031]]],[[[127.1148632999503,37.3392001000523],[127.1148632999585,37.3392000998701],[127.1148633000506,37.339200100041],[127.1148632999503,37.3392001000523]]],[[[127.1597476966424,37.5262912025993],[127.15974769962699,37.526291199299905],[127.1597477011955,37.526291199701504],[127.1597476966424,37.5262912025993]]],[[[126.93809159965261,37.513465199871796],[126.93809160005921,37.5134651999806],[126.9380915997544,37.5134652008239],[126.93809159965261,37.513465199871796]]],[[[126.9546666999131,37.495713700045904],[126.9546667000148,37.4957136998346],[126.9546667000474,37.4957137000257],[126.9546666999131,37.495713700045904]]],[[[127.11486369995811,37.3390765999936],[127.1148637000139,37.3390765999597],[127.1148637000145,37.339076600020995],[127.11486369995811,37.3390765999936]]]]}}]}