{"type":"FeatureCollection","features":[{"type":"Feature","properties":{"interval":15,"stationId":"1994680293"},"geometry":{"type":"MultiPolygon","coordinates":[[[[126.8503090988207,37.5636242007753],[126.8507409990297,37.5616837995767],[126.8512604004575,37.5614723997049],[126.8516994000741,37.562890198373495],[126.8529440992848,37.5622268988365],[126.8538798985919,37.5601015007319],[126.8523876985505,37.559741099459394],[126.853249398575,37.559372199392996],[126.85323299899531,37.5575475991508],[126.8547274005824,37.5593260984824],[126.8562158994595,37.558811999789505],[126.8555458998423,37.5577258990656],[126.8564945988936,37.5562470005445],[126.8545883997068,37.556022401160206],[126.8535900989623,37.5546401005204],[126.85456739903259,37.552981800308196],[126.8541235990562,37.552177800358805],[126.85515079907721,37.552138999430994],[126.8548032989521,37.5511581989646],[126.85577699797841,37.550030400092396],[126.8541513990923,37.5491804996279],[126.8557769998463,37.550030398355794],[126.85741529828199,37.5476833994407],[126.8573359975758,37.546331899097],[126.86002859944311,37.5444102001653],[126.85951559993269,37.5438293994832],[126.8628184997966,37.5425379991124],[126.8635670995494,37.5411877995444],[126.86675940037301,37.540810099326904],[126.8690682002171,37.5437209993597],[126.8706039004043,37.542693699487],[126.8702785007827,37.5434813997052],[126.8711453999158,37.5441440990425],[126.8727096999264,37.5431516995445],[126.875555800101,37.5438138989674],[126.8766537004908,37.5461507997109],[126.8782689009947,37.5470825997059],[126.8773791002854,37.547205600835895],[126.87632550032879,37.549948800469004],[126.8742843000151,37.552186800730304],[126.8736690000986,37.5508279016772],[126.87270050106709,37.5514839010212],[126.87020200185931,37.5547494001343],[126.871070400829,37.5555011008828],[126.86807620323721,37.5574093995698],[126.86734190801,37.5597705056585],[126.86517810116979,37.558909102213704],[126.8644000010015,37.559579901615],[126.8646829000081,37.5618509000181],[126.86139710032481,37.5617262005992],[126.8610020998509,37.5609567008621],[126.8597193997425,37.5618583001393],[126.85872500065781,37.5606138012923],[126.8586694004412,37.5628825004592],[126.8578030004448,37.5625121006088],[126.8569806006771,37.5632354002149],[126.8570641005003,37.5642905993147],[126.8580095008537,37.5640806998997],[126.85752120077,37.564627401040596],[126.8568990988915,37.5646972006985],[126.8555363993733,37.5620007007727],[126.854022400225,37.562246700987906],[126.85297899996381,37.564331700668596],[126.8525347995582,37.5638076004906],[126.8533385992197,37.5635444001092],[126.8533060992522,37.5626180010356],[126.8523681995515,37.563611000412905],[126.8516994002203,37.5628902011337],[126.85101450051431,37.5639263006959],[126.8503090988207,37.5636242007753]]],[[[126.8276886985804,37.5668902000779],[126.8280309005016,37.566502899412406],[126.82831689996641,37.5682854010019],[126.8276886985804,37.5668902000779]]],[[[126.8402088992215,37.56904169921],[126.84217790053799,37.5679744996911],[126.84127290089461,37.5684941005436],[126.84145850050851,37.5693579009237],[126.8402088992215,37.56904169921]]],[[[126.8550109989567,37.564434400105704],[126.8551523000473,37.563860899603505],[126.85543560049081,37.5642001002383],[126.8550109989567,37.564434400105704]]],[[[126.85781949874121,37.5440873999544],[126.85781949935401,37.5440873990661],[126.8578195005296,37.5440873998521],[126.85781949874121,37.5440873999544]]],[[[126.88310009925789,37.544206099327496],[126.8831001002243,37.544206099885294],[126.88310009968029,37.5442061006521],[126.88310009925789,37.544206099327496]]]]}},{"type":"Feature","properties":{"interval":30,"stationId":"1994680293"},"geometry":{"type":"MultiPolygon","coordinates":[[[[126.79658169934801,37.561461700198905],[126.8010809994952,37.5610990992378],[126.80223929993349,37.5595927991479],[126.80369469908699,37.559325898907595],[126.8037177990639,37.5583227999107],[126.8050387001578,37.5573117993449],[126.80657879877239,37.5569428995911],[126.8063798998913,37.5561358995556],[126.80841430012609,37.5570980999702],[126.80788050055429,37.557413500226005],[126.8093978004753,37.5588135987991],[126.8105532997172,37.5589764988063],[126.8123153999029,37.5568612996452],[126.8148389009874,37.558240699659],[126.8152090011199,37.560931098157596],[126.8173669004136,37.5606905982753],[126.818448401393,37.5623943980487],[126.8198317000097,37.5627807976623],[126.8206954991459,37.5615818988612],[126.8205103993125,37.5602703000612],[126.8220990998026,37.5599363987494],[126.82493219963351,37.557175999155795],[126.8280495998032,37.556904299092096],[126.8297896006229,37.55777599990439],[126.82993520259089,37.5595024995372],[126.8325341007296,37.559252799801506],[126.83345400006681,37.5603396993434],[126.83561079791,37.560140099543],[126.8376128998886,37.5565910990435],[126.8379013007484,37.557496599834],[126.8401430999549,37.5572557994425],[126.8422440994772,37.5551428996974],[126.84148519959099,37.5538127994346],[126.8421000987881,37.5530827993757],[126.8433431003169,37.5538692988752],[126.8443207993392,37.5529752997692],[126.8449277989275,37.5496129996264],[126.8436486997536,37.547910200190294],[126.8449545990422,37.5459125997912],[126.8448079993394,37.54320929953],[126.8467399986509,37.543548499113],[126.84596779966749,37.5421191997724],[126.8470009003006,37.541639099809],[126.8472808000207,37.542382999065104],[126.84846720005021,37.5403267993395],[126.8500512993202,37.5406090993927],[126.8514951001887,37.5383444983916],[126.8528879987958,37.5387589979771],[126.851303699429,37.535907800217394],[126.8526757997468,37.5344025995425],[126.8532689999461,37.5352428991848],[126.85517200020689,37.5344141990608],[126.856488600535,37.5352501987384],[126.85738000040011,37.5336312990148],[126.8586158997126,37.5338542988635],[126.86013319940831,37.5319217999266],[126.8640797000418,37.5295531995457],[126.864593400728,37.5306169994816],[126.8659487999969,37.5301781997372],[126.8669191996206,37.5315263987197],[126.8680471009459,37.5312857995726],[126.87006439972261,37.5333655992976],[126.8708240989629,37.5327567999064],[126.87061179936191,37.5315811994043],[126.8712822007503,37.5316720995803],[126.87219000069611,37.532839999918004],[126.87082410078469,37.5327568007103],[126.8703754012334,37.533962899504196],[126.8733277002383,37.534866999641295],[126.87433970095239,37.5363708991084],[126.876506500073,37.5355364999564],[126.8756324003791,37.5359640003106],[126.876967499044,37.5366633996112],[126.8777858998544,37.5355104997149],[126.8778432004039,37.5372994991338],[126.8809364000941,37.5356718998372],[126.8846067998211,37.5369502997785],[126.8847504996774,37.5357752009536],[126.8835861996339,37.5351426002344],[126.8847885001038,37.5355458989712],[126.8851639000096,37.5345551998134],[126.8875967987053,37.535907299104096],[126.88818839947041,37.5345783988462],[126.8910430972258,37.5353755985521],[126.8919283995869,37.532519199763804],[126.8911782993306,37.5315211988614],[126.89232960096919,37.5312653990604],[126.8932368001815,37.532450899186],[126.8939616003205,37.531779299547395],[126.8954235996803,37.5326601982634],[126.8966039988776,37.5321954985484],[126.8966850988646,37.5265284008469],[126.8953901001596,37.5267330006423],[126.8949953993082,37.5251452004808],[126.8961631997804,37.5236044997249],[126.8974869009478,37.5241937996024],[126.89782130078511,37.525516198987695],[126.89881170075209,37.5253497983141],[126.8974095002661,37.527538999912],[126.8982795000136,37.5282925991428],[126.89909520010791,37.5279005994474],[126.8990971003484,37.5285143992255],[126.9008758004571,37.5290939988721],[126.90357189894671,37.528056499457],[126.90311629991939,37.5269968995456],[126.90369900039,37.5276924985915],[126.905561799829,37.5266764994507],[126.9086229004373,37.528848998893004],[126.9083094001562,37.5318141004705],[126.90507740037809,37.5343952007746],[126.90490460055089,37.5358248993449],[126.9057906000752,37.5365529988672],[126.9082465016339,37.5346592999206],[126.9057777047794,37.5371812067522],[126.9018985998239,37.5393747027071],[126.90293129975501,37.5375823993272],[126.9041697993499,37.5373940987754],[126.9046881001428,37.5350194003718],[126.900249400131,37.537775100564396],[126.89868630064869,37.540432400352],[126.89914240051151,37.5408953002352],[126.89791559966271,37.539449500596106],[126.8967264008519,37.5404619995836],[126.89781450055709,37.5422630996064],[126.89735360099671,37.5440235996654],[126.8980703031367,37.5448618054275],[126.8954589975642,37.543742801395794],[126.8933246996985,37.5445980005406],[126.8930037997889,37.542668200970304],[126.8906405006603,37.5432751005495],[126.8898162003704,37.5438811006097],[126.8904542000344,37.544640300270096],[126.8889704002012,37.5443307009877],[126.8888499006203,37.5456636002764],[126.8875462005518,37.545509600592105],[126.8880559000921,37.5466136000309],[126.884656401367,37.546965700117305],[126.8865004010368,37.5486108999106],[126.8850222010841,37.5489852006306],[126.883853906023,37.5532880054524],[126.8769347009557,37.551835101169],[126.8763350015554,37.5531221998819],[126.8780566041483,37.5537564090713],[126.8746962030468,37.554989209591405],[126.8617874065462,37.564172106764204],[126.8595211073323,37.5673483053712],[126.8642369026165,37.573749398970094],[126.8653254010282,37.5740238000005],[126.8640795995814,37.574699700789196],[126.8642368975802,37.5737494004933],[126.859521102296,37.5673483068944],[126.8558023060148,37.567675706567],[126.8524369013457,37.5697056088433],[126.8491049046777,37.5704670080819],[126.8439458033927,37.5751408066471],[126.83841870590581,37.577497509009596],[126.8325186002622,37.572971700564096],[126.8308549995547,37.574293701062096],[126.82938210085061,37.573091501902795],[126.8272018030309,37.5748072001871],[126.8280816004506,37.5767080009696],[126.8261665003136,37.5764862030924],[126.82529239980519,37.5753384014586],[126.82047929951071,37.573310302589704],[126.81806350012569,37.5733378027011],[126.8167492000972,37.5761400007186],[126.81681119983351,37.5753907007507],[126.8139742989325,37.574291500051004],[126.8139753989314,37.5734511008914],[126.8114938000429,37.5739145003436],[126.8100533998749,37.573159700849196],[126.8088349986362,37.5693698014209],[126.8075329969602,37.5693749006213],[126.8040820002513,37.5670516009771],[126.8028782001896,37.567526900537295],[126.80182379832189,37.564436301729394],[126.8001116000341,37.5643951017706],[126.79681789916259,37.5624330001926],[126.79658169934801,37.561461700198905]]],[[[126.9111465997963,37.525797399913],[126.91333849965419,37.5267235991468],[126.9141818006373,37.5260780992403],[126.9154905002496,37.5281161995339],[126.9187316988843,37.5248498007663],[126.9173809006164,37.523702098773704],[126.9188141003942,37.5234904997054],[126.91873170160329,37.5248497989273],[126.92037530058731,37.5255667987233],[126.92154279973529,37.5237184007413],[126.92025859926589,37.523044900342505],[126.9197345993183,37.51984909987],[126.92075200115089,37.519193997905695],[126.92273540156249,37.5207198972874],[126.9262907980071,37.5172739007334],[126.9270106000174,37.5147822998592],[126.9310701014741,37.5187224992231],[126.9302341994283,37.518194301466295],[126.92800050063269,37.5203123004002],[126.9275174011158,37.5218502988622],[126.92851350062969,37.5243283003991],[126.9272888000079,37.523773601406596],[126.92643219966169,37.524642701686],[126.9230790004834,37.5235045014606],[126.9204381005283,37.525610300177995],[126.92019970112949,37.527444698587495],[126.9207858005434,37.52781219822],[126.9230709006453,37.5267731997437],[126.9223228012827,37.5270923004525],[126.92253670113419,37.5289099002375],[126.9214719009396,37.529997200449095],[126.9220127999847,37.531962400354],[126.9210039001566,37.5315573005248],[126.9201923993286,37.532297800631],[126.9183803993853,37.5308096007148],[126.9167585007741,37.530951700432205],[126.91696140044421,37.5322411014523],[126.9147319991928,37.5326698000811],[126.9148474990773,37.531534301216595],[126.912455398269,37.529487099872696],[126.9135073989266,37.528276299929004],[126.9129892986739,37.5266712010013],[126.9111465997963,37.525797399913]]],[[[126.9095104993048,37.5491834997386],[126.9092207999098,37.5485565992687],[126.9122173995229,37.547312199435304],[126.91203129940449,37.546312099551905],[126.9127244996816,37.546153799596],[126.9130995005883,37.547068599191405],[126.9149426002695,37.546533099486595],[126.9177061006739,37.548059799870195],[126.9171739006536,37.549585400431795],[126.9163410005665,37.5498524000681],[126.9171237009965,37.5520289007382],[126.9162644003078,37.551836600661204],[126.9158664000053,37.5527624005518],[126.9135846999895,37.552061700882206],[126.9122130001708,37.552761101063],[126.9098620998555,37.5504840006544],[126.9104518992335,37.5492433000826],[126.9095104993048,37.5491834997386]]],[[[126.9221604994008,37.5574462999853],[126.9235971994583,37.5554274994842],[126.9258556993465,37.5555994998259],[126.9254738000525,37.5551500991698],[126.9268187005122,37.5565216000371],[126.92587420065439,37.558212399832705],[126.9265228997657,37.5587703000957],[126.9250550998592,37.5590219001974],[126.9243331000696,37.5580018008623],[126.92351089977079,37.5589442001577],[126.9221604994008,37.5574462999853]]],[[[126.7968245989958,37.5776035002715],[126.7994442993449,37.5769691992301],[126.7985495005558,37.5784273001129],[126.79951389965149,37.5789520996067],[126.8004370998235,37.5781529997453],[126.8006783003524,37.579048700147],[126.7998153001438,37.5790609010254],[126.79959020031309,37.5799324002344],[126.7981385003651,37.579559401167],[126.79930379958681,37.5798126991386],[126.79891689954789,37.577712100643],[126.7985675998972,37.577286801068304],[126.79744450016919,37.578289100798],[126.7968245989958,37.5776035002715]]],[[[126.8952812994347,37.5785893000434],[126.8952066000842,37.577249299189596],[126.8959407000462,37.5777015993228],[126.89702749985949,37.576757599723],[126.8977371994848,37.577393999123096],[126.89869989938009,37.575500999404206],[126.89949760037051,37.5762477990575],[126.9002134005661,37.575777699640604],[126.89773720116179,37.5773940014396],[126.89663210059001,37.577160400748895],[126.89691140163879,37.5784443019144],[126.8952812994347,37.5785893000434]]],[[[126.9389122999493,37.5135162999689],[126.939700800166,37.513434098750196],[126.9401673999954,37.5121861996585],[126.9420000003087,37.513529200015604],[126.9389122999493,37.5135162999689]]],[[[126.9229780993289,37.547998900208604],[126.9229607002529,37.5472470993494],[126.92380090028071,37.5477436987755],[126.9229780993289,37.547998900208604]]],[[[126.80510629903391,37.572571701445696],[126.8074267000073,37.5721400995011],[126.8081894006142,37.5728553009793],[126.8074181004376,37.572731300959504],[126.8067843002797,37.5737529005069],[126.80648919958391,37.572634401396996],[126.80510629903391,37.572571701445696]]],[[[126.9365367997663,37.555010300083296],[126.9369374003776,37.5550893001261],[126.9367766998591,37.555272900179595],[126.9365367997663,37.555010300083296]]],[[[126.8946446986521,37.517273699566694],[126.89436329997949,37.5168885991531],[126.8959795013147,37.5171433003015],[126.8946446986521,37.517273699566694]]],[[[126.8880712991121,37.547551400713104],[126.8886389998013,37.547357999163005],[126.8886302057236,37.5478965066343],[126.8880712991121,37.547551400713104]]],[[[126.8407213991027,37.554442600666505],[126.8409034003847,37.5543003996285],[126.841024100264,37.554410499518404],[126.8407213991027,37.554442600666505]]],[[[126.836319999307,37.5492730996622],[126.836320000727,37.5492730999978],[126.8363200007262,37.5493554001561],[126.836319999307,37.5492730996622]]],[[[126.8956099990048,37.5808399987848],[126.89561000096961,37.5808400006764],[126.8956099994503,37.5808400010316],[126.8956099990048,37.5808399987848]]],[[[126.826136098584,37.5556451988986],[126.8263650005765,37.5554434994879],[126.8263834998271,37.555614600498195],[126.826136098584,37.5556451988986]]],[[[126.7367543994735,37.5713463997159],[126.73675440062969,37.571346399428606],[126.7367544005048,37.5713464003925],[126.7367543994735,37.5713463997159]]],[[[126.81257549932589,37.576949401266496],[126.8125755001293,37.5769493992364],[126.81257550062449,37.5769494016906],[126.81257549932589,37.576949401266496]]],[[[126.9126050995737,37.5319285002258],[126.91260510016609,37.5319284994204],[126.91260510055429,37.531928500357196],[126.9126050995737,37.5319285002258]]],[[[126.804266999299,37.5688748005322],[126.8042669989087,37.5688747997847],[126.804267000753,37.568874799198404],[126.804266999299,37.5688748005322]]],[[[126.8926652998133,37.5439691003827],[126.8926652992657,37.5439690994983],[126.8926653001274,37.5439690996694],[126.8926652998133,37.5439691003827]]],[[[126.92172529987121,37.555225399904096],[126.9217253000869,37.55522539992],[126.9217253001931,37.5552254009789],[126.92172529987121,37.555225399904096]]]]}},{"type":"Feature","properties":{"interval":60,"stationId":"1994680293"},"geometry":{"type":"MultiPolygon","coordinates":[[[[126.6893024986861,37.6347918990985],[126.6901108986871,37.6336417996526],[126.68922409877301,37.6330020991763],[126.6932950954555,37.6303425004067],[126.6918016969489,37.6288579018913],[126.6918722982066,37.6269439959299],[126.6942679988274,37.6260083957263],[126.6975427992487,37.6213447991369],[126.6999512003368,37.6215387988587],[126.6999175015652,37.623426199325095],[126.7027769993941,37.6242835988485],[126.7049873971837,37.6231969999351],[126.7032553986054,37.621216399345904],[126.7050743986844,37.6220115985516],[126.7069182972365,37.619136298081],[126.7094727989617,37.6190188972467],[126.7124421959923,37.6167503995152],[126.7127778956566,37.6145218017438],[126.7105675956671,37.6108684990337],[126.713124398473,37.6105535968773],[126.715076397394,37.6091163973569],[126.7150099977988,37.6068321993985],[126.7134739998157,37.6059221987449],[126.71614239956169,37.605692398927005],[126.717170398631,37.6035599996134],[126.72050399905821,37.6037704984044],[126.7217205978416,37.6028376993372],[126.72122709965299,37.6008390990804],[126.7221862998179,37.6015206980599],[126.7259185996278,37.6007458977194],[126.7262700020056,37.6020597980338],[126.731110998812,37.5995736995699],[126.7300278995178,37.597942400811704],[126.7270291996307,37.5970238996344],[126.7300278993705,37.597942398228],[126.7308322985661,37.5970879990824],[126.7321527006146,37.5985883994101],[126.7343582992917,37.5989447993942],[126.7360205046877,37.597282200209904],[126.7357877054398,37.6017749970094],[126.73677670517979,37.6035398970658],[126.74217130283479,37.6011953966631],[126.74266660389411,37.6024414970059],[126.7468875012052,37.603431097646904],[126.7482214016119,37.6017856990788],[126.74917530065801,37.6038109970535],[126.7514308984024,37.6036595972049],[126.7524869980404,37.6013690983549],[126.7511805972684,37.5994393985874],[126.7536019989272,37.599772699468005],[126.7526319985172,37.5957223991436],[126.75591369742439,37.5953312988311],[126.75448540101739,37.5904837984949],[126.75770579902229,37.5920036971389],[126.7603930005004,37.5906033966823],[126.76212629961941,37.588602399098],[126.76619979825169,37.5870849940764],[126.77031659989031,37.5872483996087],[126.772411601152,37.586143097155],[126.7780922013725,37.5901641979972],[126.7801452994556,37.5892000990259],[126.7800017999122,37.588176999729804],[126.7806806993093,37.5887482992207],[126.7829759016575,37.588012797683],[126.7868633978976,37.590268895498],[126.7876764990452,37.5897595960001],[126.78838039834129,37.5861529996067],[126.789910298262,37.5833568999122],[126.7887793993929,37.579745603523506],[126.78702880015071,37.5831537023262],[126.7846227009587,37.5822475028556],[126.7845419000915,37.584805800889995],[126.7815958002712,37.5835707002866],[126.7786627997565,37.5841677008857],[126.7787496988231,37.5819028017063],[126.7772853992677,37.580237201523296],[126.7744373984382,37.580568801967104],[126.7749424985886,37.579628700255704],[126.77386079716669,37.574167897695496],[126.7765714976929,37.5755430975846],[126.7873080020226,37.5671271917483],[126.7904878988427,37.566374692500794],[126.7936974018974,37.5670303977282],[126.7988997005788,37.571171499729296],[126.7993937003088,37.5758302957253],[126.80062629941041,37.572519199299805],[126.8025624988191,37.5723998983245],[126.803845399126,37.571147199273696],[126.8033780993776,37.5695627997475],[126.8043332988424,37.5680287006308],[126.802456799468,37.566965500185304],[126.80182379832189,37.564436301729394],[126.8001116000341,37.5643951017706],[126.79681789916259,37.5624330001926],[126.79655049940679,37.5613543996905],[126.8010809994952,37.5610990992378],[126.80223929993349,37.5595927991479],[126.80369469908699,37.559325898907595],[126.8037177990639,37.5583227999107],[126.8050387001578,37.5573117993449],[126.80657879877239,37.5569428995911],[126.80637989888,37.5561358999228],[126.80723329903789,37.5564599992315],[126.8077530985181,37.5554534002381],[126.806664203464,37.5541647933941],[126.81098919956469,37.5510346971854],[126.8138658976426,37.5505997966042],[126.81394179853339,37.5471031993349],[126.81173150014149,37.544513201433595],[126.81138749990829,37.5462361000752],[126.81173149956429,37.5445132017981],[126.8085923958375,37.5423304012326],[126.80718159808501,37.538683201138],[126.8052155979288,37.5396856000233],[126.8023436988958,37.5370931022417],[126.8002704008026,37.538495400963804],[126.8003281007449,37.540236699222504],[126.801218599902,37.5409128008899],[126.8002052973473,37.540460100176496],[126.8002703972822,37.5384954021412],[126.7991161984364,37.5375927030439],[126.7972406977305,37.53790510276551],[126.8001359968326,37.5373278978383],[126.7994939974746,37.532399502766694],[126.79695270001591,37.5321767029895],[126.795664601304,37.5331271020391],[126.7949636000808,37.536185500334604],[126.794143398798,37.535566101095995],[126.7884123986553,37.537769700808596],[126.7870517972544,37.5339478011687],[126.7862175980886,37.5337133014032],[126.78767829914649,37.5325628000626],[126.7872018996096,37.5315359002547],[126.7858754007287,37.5318823999055],[126.7864117002667,37.5325359002476],[126.78517049976871,37.5325486008826],[126.7826746996046,37.531306500099596],[126.78394319939659,37.5295425999086],[126.7820111993358,37.5288320999623],[126.7827179988915,37.5282779995691],[126.78239209921739,37.5272048006423],[126.78030129835841,37.525825000017],[126.77951739852111,37.5239014006326],[126.77839869886759,37.5237935995633],[126.780300099222,37.5238236988325],[126.7810911992061,37.521568500001],[126.7802918992545,37.5201641993606],[126.7823104987867,37.5176705002827],[126.7810887991946,37.5172237997055],[126.7823104994406,37.5176704990654],[126.7827659989901,37.5166185995227],[126.7846863991136,37.516683699493],[126.7846934988197,37.514464100672],[126.7802888000001,37.511588101046996],[126.78028859924781,37.510535101055595],[126.77846870106771,37.510172701418],[126.7743984000507,37.512192901313504],[126.7743127992674,37.5112183009591],[126.7717517000893,37.5110783005143],[126.7715171990479,37.5096698007985],[126.76969410087099,37.5099497005186],[126.7697440991194,37.510480700326205],[126.76948919972959,37.507474601396105],[126.76705660037851,37.507880801224005],[126.7661272013079,37.508889500215304],[126.7665056004131,37.509787100225495],[126.7651879000946,37.5100895005188],[126.7648625998084,37.5086742014873],[126.76387840079259,37.508219101942395],[126.7590755008023,37.508232500707095],[126.7592371006407,37.5088282001114],[126.7580205005381,37.5094344002],[126.7568044011162,37.5092894006396],[126.7556304001239,37.5120774007273],[126.7536349001564,37.5118290008283],[126.753116699822,37.512522600246896],[126.7526933995977,37.5113907005408],[126.7504076995549,37.5099926011591],[126.7489185998583,37.5101863005801],[126.7498647992993,37.509430700517406],[126.7489375992337,37.5082167995033],[126.74971269894141,37.5072011001616],[126.7459330990054,37.508008901133],[126.74649029950531,37.5071641999958],[126.745375700148,37.5046025987283],[126.7483058996133,37.5039005996533],[126.74810199981721,37.502566900987],[126.7470913998953,37.5026822988197],[126.7496967993106,37.5032272991126],[126.7506328992248,37.5025016992914],[126.75046769939,37.5008987008944],[126.7489684991081,37.500710699795],[126.7517186997127,37.4995953997867],[126.7514970999607,37.4984776991743],[126.7532296002866,37.5003708989623],[126.7541274999371,37.4997680996673],[126.7562731002899,37.5016044987353],[126.7584694986818,37.5002386998434],[126.7583671999808,37.4988816999059],[126.7604001997193,37.4994462996108],[126.7609900994938,37.4966083998186],[126.7630716993605,37.496967099448796],[126.76333769909449,37.495681400734505],[126.7610584994317,37.494560400555095],[126.7594327993794,37.4947855005996],[126.75910979973061,37.4935797013627],[126.75864230016991,37.4948797005054],[126.75710080013701,37.494448400972104],[126.7557775008046,37.4952717004195],[126.75598770047681,37.4969574993083],[126.7573720003472,37.4970736999554],[126.75645830055491,37.497191200204],[126.7562938002983,37.4980583011194],[126.75483809985,37.4972699001339],[126.7558553991621,37.4964817001934],[126.7546683998678,37.4956587005609],[126.75378300007439,37.4970443001274],[126.7517187999756,37.4954952006074],[126.7513557992391,37.4959835012245],[126.7510642998525,37.4937762005474],[126.7496233999328,37.495158200277196],[126.7475046003622,37.493391200352896],[126.7455956999854,37.4929963011878],[126.74396630161479,37.4934004007837],[126.7439946015865,37.4942136999704],[126.7417685991197,37.495424701497704],[126.7400912994868,37.4934422007822],[126.73927099947271,37.493489000827196],[126.7391534993173,37.4917831012425],[126.7374792992324,37.4899509019266],[126.73398690061191,37.488265401763904],[126.7334486996304,37.48979600075],[126.7335470991447,37.488699500699504],[126.7322391004527,37.4887954006036],[126.730337801195,37.4913370999185],[126.73117950035329,37.4917236995319],[126.7308554008733,37.492214000405596],[126.7298318008347,37.4922700006454],[126.72997430075979,37.4936460999506],[126.72733120067379,37.4951346006804],[126.72692670022221,37.49775969956001],[126.72817339997721,37.4972704995862],[126.7289290008638,37.498201999949096],[126.72419930024789,37.5028051998263],[126.72719360007831,37.5056605992159],[126.7308062006694,37.5019281990668],[126.7337884999036,37.5046239988727],[126.7342373001215,37.504029699415],[126.7344258999374,37.50606229947061],[126.7354984999443,37.5063434994549],[126.7365207999777,37.5049745997638],[126.7364514004995,37.5060430999476],[126.73766329986769,37.5068831992282],[126.7376086000384,37.506131899623696],[126.7400005998127,37.5059262994209],[126.739888699514,37.5044044003893],[126.7379083993804,37.5048744998002],[126.73765109946929,37.503903100033405],[126.738340599829,37.504303299143295],[126.7386237998502,37.503144399908194],[126.74299569878819,37.5036126967874],[126.7419814004605,37.5070498998924],[126.7427978001816,37.5074343999169],[126.7436201008256,37.5103274990891],[126.7446948001939,37.5095937997941],[126.745205300314,37.510750199829594],[126.7432130999816,37.5110248003584],[126.7419109999019,37.5102855003014],[126.7415659000442,37.508952301205994],[126.74125559878411,37.510053600293],[126.74089269858881,37.5088091002391],[126.7382529989937,37.5084673996188],[126.73773079951589,37.507011401074806],[126.7366532003534,37.508352300568],[126.734729800665,37.508172900655],[126.7352722002009,37.5090962003856],[126.73384609939019,37.509099500046695],[126.7346027993716,37.5090501997851],[126.7344892994851,37.5082674005679],[126.7333831005913,37.5080985007368],[126.7314522006838,37.5087350004886],[126.73157520020109,37.5100800001291],[126.7294175000043,37.5096895005305],[126.7289499989428,37.5102300003684],[126.7283385996821,37.5089399004854],[126.72679980059519,37.508684600535005],[126.7259219008406,37.511688199831205],[126.72713040058869,37.513176198503295],[126.7288121012036,37.51309529922381],[126.7310632013478,37.5188524998319],[126.73003970073691,37.518534500822604],[126.73015930034829,37.5196034010471],[126.7287729017347,37.520249300401204],[126.7290629008652,37.5210453009051],[126.72728409917221,37.520905800395],[126.727165099395,37.519849900120896],[126.7265103997749,37.5197908000827],[126.7274383990259,37.519779299433004],[126.7271711993141,37.5184719004349],[126.725508400003,37.518792600157596],[126.7239802003168,37.5177956008569],[126.7242475000495,37.519544099108394],[126.7261850998097,37.521492098811905],[126.72602950026389,37.5203182998217],[126.7262248010511,37.5216232005107],[126.7226760005511,37.522422601714496],[126.72227870094841,37.5254578986792],[126.724664098563,37.5257407983963],[126.7259228999549,37.5240863996651],[126.7275012994703,37.525945198449],[126.7284390994993,37.5246931998348],[126.72881030037071,37.5255098991175],[126.72969979997491,37.525210398987596],[126.7298517013074,37.526941199316504],[126.73181650053239,37.5265389000076],[126.7329000000391,37.52728000003],[126.7318755005336,37.5285505993509],[126.7325093001736,37.5290599988446],[126.733371100727,37.528068499497806],[126.7331440005882,37.529499799876504],[126.735121200938,37.5302850002792],[126.7337440008634,37.5312054998386],[126.73393670081241,37.533033599350006],[126.7362332992301,37.5328543994741],[126.73617190125981,37.5322855990908],[126.7411714000791,37.533668399567105],[126.7412873004415,37.5347826988492],[126.7432311009817,37.5351144996289],[126.7434612009623,37.536098299812],[126.74712440105701,37.5380288987001],[126.7472049028485,37.539179600671595],[126.7493096007438,37.5406385992126],[126.7456342014431,37.5427395010121],[126.7454796003364,37.5443358000362],[126.7454433008109,37.5459952987308],[126.74734910056799,37.5473502002504],[126.7462852013757,37.547971299930204],[126.74845500113851,37.549073298555705],[126.7478755015519,37.5524108995492],[126.7485369009518,37.5544775983853],[126.75179020042451,37.558545697889],[126.7543117017413,37.5575262981314],[126.7599984004636,37.5588125002074],[126.7575810005542,37.5614872999654],[126.7581219004181,37.5615462007526],[126.7561706005267,37.5620453996603],[126.757057600211,37.56259880004011],[126.7561719002746,37.56285629992],[126.7560837030601,37.5702765020308],[126.7570505020933,37.5730827992245],[126.75831290152931,37.573251800841405],[126.7558009992496,37.5737991014928],[126.7560836974973,37.570276501944],[126.7554964981271,37.568926700175496],[126.7533707002529,37.567738401363805],[126.75185050099671,37.567899302393],[126.7504947018667,37.5699841009502],[126.74782790181861,37.5704190002847],[126.74673870296239,37.5727140981436],[126.74693300449489,37.5759257991876],[126.7494712995032,37.5790533014888],[126.7446228996145,37.580454501542604],[126.7437780004594,37.5799824020147],[126.7428263014111,37.5825859994111],[126.7433383007487,37.5827295021458],[126.739686599426,37.5824212018562],[126.73708220203041,37.5833946008828],[126.7366111012106,37.5846242007683],[126.7330276988652,37.5812591022563],[126.7320232998696,37.581078402437],[126.7312390991781,37.5830942005032],[126.7273348991913,37.5813442013216],[126.7285618963427,37.577788800779004],[126.72205290082489,37.5736886027404],[126.72228530059249,37.576348000081005],[126.721535699673,37.5760596000282],[126.72205289959179,37.573688601749],[126.7203728969074,37.5710666027768],[126.7155711002939,37.569175603960105],[126.7142622012923,37.570699902780504],[126.7116812972907,37.5705945006869],[126.71189939892679,37.5693247989526],[126.7142621977889,37.5706998976958],[126.71557109860781,37.5691755972065],[126.7203728963492,37.5710665972704],[126.72072349599861,37.5678139005231],[126.7179146963527,37.5649802985666],[126.7193553975581,37.5606022007854],[126.7220738986457,37.5573445996173],[126.7228407002633,37.5578561991366],[126.7233507003545,37.5571012997212],[126.7228407005838,37.5578561993089],[126.72425770066839,37.5571741998529],[126.7254646994614,37.5608815961455],[126.7274668011629,37.5632993929371],[126.73337889525081,37.557331398905106],[126.7318718963763,37.552937700848],[126.72991209821701,37.550373903211394],[126.7244762985029,37.551921401455594],[126.7203029965783,37.5470634014076],[126.7181272989163,37.546563501235596],[126.71689739957979,37.5474969002398],[126.71791809760501,37.545772399719596],[126.7162746990247,37.5431264007893],[126.7140520985336,37.5437326000918],[126.7146689979167,37.541080602743804],[126.7132037986041,37.5390039984997],[126.7139681995281,37.538495198309796],[126.7152517992349,37.5394241977784],[126.7169150982348,37.5380827987148],[126.7162186989312,37.5361478006498],[126.7166491989025,37.5352768005111],[126.71488169817741,37.5347685018047],[126.7143791976243,37.532399601396],[126.7119873000162,37.5322082015874],[126.7102463993471,37.5305744003188],[126.7125263996125,37.5274687998298],[126.7132732004549,37.5283528993307],[126.71388229984579,37.527891799791796],[126.71409989998949,37.526125699443405],[126.7143517001082,37.527094999039505],[126.7154186990412,37.526813499321],[126.7153161991262,37.5250619995122],[126.71646229956221,37.5250677995144],[126.7167036996221,37.5243618992098],[126.71728610028539,37.5247193002389],[126.71649380057579,37.5254117996529],[126.7184960993127,37.5256033987677],[126.7192026995716,37.5239853997257],[126.7190781996961,37.5226435010676],[126.7161062972855,37.521251901340904],[126.71582119683109,37.518383801679605],[126.7125549977183,37.5185777009615],[126.7124529984921,37.517023499684804],[126.71566280064141,37.516826399281896],[126.71582120048299,37.5183837977245],[126.71878819735511,37.516629897904096],[126.7214399995755,37.516149999729606],[126.72030289861709,37.5091322999063],[126.7216614986265,37.5092448994363],[126.7207842994608,37.5076606002844],[126.7154922003331,37.509264202713496],[126.7147024994187,37.5070899002937],[126.71383809959751,37.507209800182096],[126.7145719999438,37.505654299382705],[126.7155595006678,37.507030699155],[126.71697949946879,37.506664899746596],[126.7167983990455,37.504885199769596],[126.715110999237,37.5035922992716],[126.7188967972073,37.5033690988705],[126.71895639720489,37.499377200644],[126.716186598803,37.4990402987281],[126.7191120971346,37.4979712987365],[126.71868979908511,37.495969599984605],[126.7205577994061,37.4969908991429],[126.72096959916401,37.495445099037696],[126.7206879994456,37.4944471000357],[126.7187309991755,37.4939037999888],[126.7191625997704,37.4921813010646],[126.7179408009922,37.4922872009587],[126.7179203996336,37.4932400002427],[126.7163828980727,37.4914214015756],[126.71656969897019,37.4902549988199],[126.7181858000193,37.490769398675596],[126.7272813993785,37.4902915984892],[126.7278509988089,37.4887252000556],[126.729474199339,37.4887654992486],[126.72930409997629,37.4872524997857],[126.729439301435,37.488420999393],[126.7322390991766,37.4887953994169],[126.7315917993308,37.4865434997492],[126.7327631992109,37.485660700057196],[126.73188209982531,37.4849945989962],[126.7351730998568,37.4850967985713],[126.73691769888791,37.4824307979648],[126.7392657013436,37.482729496953496],[126.7415644000222,37.4817653977334],[126.7434002014402,37.4837219979623],[126.74567430011281,37.4827706991405],[126.7478633012677,37.4846000987545],[126.74610490170811,37.485896500468805],[126.7466037012093,37.487180699184606],[126.7451614013789,37.487946000764],[126.74410420205409,37.4907021996406],[126.7465087996495,37.4916293987134],[126.74793479859879,37.4897961003914],[126.7467396998006,37.4889198997901],[126.7476326010164,37.4883577989969],[126.7493532993405,37.4887879987097],[126.7500447995717,37.4861623998151],[126.7506426011498,37.4867146996418],[126.7503186009342,37.4887263996042],[126.7548265990809,37.4878090997095],[126.75485009905739,37.4861217013969],[126.7535843003232,37.4870343004843],[126.7530784995402,37.4865859000288],[126.753929199696,37.484658700107595],[126.7527943986999,37.4832044005892],[126.7549390979949,37.4830488994327],[126.75529999826061,37.4811199996184],[126.7569391986317,37.4813125991703],[126.7613275984582,37.4793754972451],[126.7624944989735,37.475740194071896],[126.7646089009734,37.476995998268],[126.7659665010531,37.4764851980251],[126.7667091014014,37.478523798923895],[126.7687516993588,37.4786262988214],[126.76990120022391,37.4796303990741],[126.7716877993483,37.4793793991831],[126.7739097983503,37.4750641994519],[126.7749197991249,37.475509999243],[126.77530640007261,37.474924098236706],[126.7765724993306,37.4758947992869],[126.77745760248101,37.473822998696605],[126.7793121006265,37.475916896602705],[126.7851695989813,37.4736923987183],[126.7860865980643,37.4713223010884],[126.7848835995834,37.4705358982591],[126.78806459640239,37.4690346997603],[126.7884837959429,37.466589299561406],[126.7907420975813,37.4644829998141],[126.78870499633189,37.4632408987812],[126.78628089647039,37.457889999742996],[126.786110395287,37.455958298268996],[126.78684169455569,37.45498459924271],[126.7858348967296,37.4508167992149],[126.7849305976339,37.4500089000228],[126.7862996989006,37.446596300211006],[126.7854680995115,37.445953300736],[126.7847477001057,37.4467558002441],[126.7817852989266,37.4456898017166],[126.7814488994502,37.4442336004024],[126.7786217999782,37.4444975002247],[126.7762090991142,37.4430402004314],[126.7753134996737,37.4370253997492],[126.7777856994038,37.435382398960904],[126.7786691990403,37.4337101988381],[126.77814409943251,37.4325458988367],[126.7798088016381,37.4333030976208],[126.7848757999401,37.430232799630495],[126.7858133007034,37.432182397603405],[126.78769579882089,37.431937997847804],[126.788375100447,37.4301382983963],[126.7899428992764,37.4312383986699],[126.7904730987462,37.4306704992378],[126.7916325002694,37.4319292995456],[126.7931633001842,37.4317505997872],[126.7939145011602,37.4334504994153],[126.7952021009875,37.4332236998048],[126.7935688021055,37.4341056005437],[126.7947161012873,37.4360747995103],[126.7976532014564,37.4377409008436],[126.7979307010546,37.438773699833],[126.79569640076589,37.4435535987604],[126.7973633994565,37.4431174995023],[126.79810499957571,37.4411615995327],[126.7990279001234,37.4421252989956],[126.80066449968659,37.4418424993249],[126.8013781002945,37.442718199309404],[126.8017349008009,37.4420912996082],[126.8024108007291,37.443337698966104],[126.8042666002773,37.4427027989007],[126.80273110161001,37.4496828010507],[126.803823100518,37.4519343987991],[126.8043025000386,37.451357699375805],[126.8040897047115,37.4564188020422],[126.8029057009656,37.458018200247],[126.8042300996412,37.460443597821595],[126.8074284017904,37.462351899492205],[126.806795301433,37.4643943984953],[126.80866300204579,37.46347960088],[126.8067928017995,37.4645351018416],[126.8078091005826,37.4683855000066],[126.8069382004777,37.467882600616],[126.8073481000678,37.4695324989661],[126.8091220003065,37.469178898699504],[126.8096011024464,37.470277098650094],[126.8086080010771,37.4708854015914],[126.808925600514,37.4733977996289],[126.8100623993772,37.473714999311696],[126.8101857999553,37.4729372997033],[126.8110267007809,37.4737170004799],[126.8085398012835,37.4747578010197],[126.8091890006343,37.4769765988009],[126.8122297007795,37.477933899749395],[126.8148598991491,37.480725898630006],[126.815567000269,37.4797473999497],[126.81612269971329,37.4813932983038],[126.82033200065139,37.4819106997047],[126.8189371006828,37.481661700728694],[126.81829620110341,37.4825840004177],[126.81900980032971,37.483659599815205],[126.82042659919641,37.4839723992285],[126.8207433991514,37.4832645990332],[126.82182589927409,37.4838668989927],[126.8217603996538,37.482934898935994],[126.82211220109211,37.484026198600304],[126.8233828998214,37.4841286984978],[126.82419250005819,37.4829977999196],[126.8258150010122,37.4844008005342],[126.8251094019533,37.4862652990669],[126.826678500659,37.486954498489304],[126.82817699916049,37.4868794985643],[126.82822749911,37.4853164001274],[126.8270823997887,37.4846935994356],[126.82851020115869,37.4854096998587],[126.8272498027946,37.4889970989459],[126.82985620018819,37.4895856983573],[126.8304530998151,37.4879685990524],[126.83430079830809,37.4878391967107],[126.8352160973928,37.4858273987225],[126.8383041987282,37.4845251992174],[126.837049399983,37.4819125018301],[126.8357870975918,37.4823232003166],[126.8383210993442,37.4819193989983],[126.8385784998103,37.4796243977807],[126.8406324008167,37.480657999097495],[126.8415578998912,37.4805147992407],[126.8418551997546,37.479298399661396],[126.84288430246069,37.4792992985123],[126.8462975000629,37.481742699301996],[126.8483309980446,37.4811626994887],[126.84786119836029,37.4788096999266],[126.84878019896449,37.4780536002781],[126.84822959921449,37.4774112005937],[126.8492927990362,37.4769503991459],[126.8506569997135,37.473920200017204],[126.8509002000024,37.4744470992266],[126.85163110022961,37.4734644993189],[126.853499900893,37.4734974994634],[126.8556696001606,37.474852398966604],[126.8574892012373,37.474500898616306],[126.8593698003909,37.477533197420705],[126.8622026989314,37.4771687976792],[126.8632444978896,37.4765182983297],[126.86270039890289,37.4738144000191],[126.8616668998026,37.4726825982522],[126.8646335998487,37.4726934993222],[126.8659304989536,37.469293599661],[126.8689082992812,37.469541199402805],[126.86861129999849,37.468392399094895],[126.870135800539,37.4690268000006],[126.8708756998932,37.4707672993927],[126.8718294000487,37.4705520992655],[126.87248429977579,37.471429699053004],[126.8728088003755,37.4708548994869],[126.8727224003247,37.4721677993681],[126.8745516002249,37.4723075996968],[126.8745463005463,37.47317549937021],[126.8761604001386,37.4744715997231],[126.877246298848,37.4737394986458],[126.8788331987194,37.4741437986553],[126.88112509833171,37.471908198976],[126.8824229994092,37.4722606988826],[126.8860966003373,37.4701756992354],[126.88711420065749,37.4720170985245],[126.8869885009563,37.4736925991063],[126.8880355007504,37.4739919994753],[126.88754040143421,37.4751275995002],[126.892125100878,37.4767948989944],[126.89197330092131,37.4778006993369],[126.89320300069829,37.4788630993662],[126.89430539983029,37.4785414992935],[126.89612240016399,37.481536898810404],[126.8971178995214,37.480366199638596],[126.8975889999392,37.4810322993809],[126.8988893996141,37.479181399759405],[126.90104569888389,37.4786406991766],[126.9011161992141,37.4777739990831],[126.9026573995109,37.4780322985356],[126.90282089934739,37.4765285000394],[126.9036016991678,37.476224399710496],[126.9081657995943,37.4773324988846],[126.9101084010678,37.476317298851896],[126.9116243995518,37.4772264979427],[126.9121303998044,37.4792756978929],[126.9132171987176,37.4784649987036],[126.9132954986393,37.476137401031195],[126.913937499183,37.4757166999103],[126.9130648993761,37.4749263997466],[126.9155223994142,37.4732288994065],[126.9189681003836,37.4742109991383],[126.9181574011273,37.4753004996284],[126.9200247005989,37.4764044997972],[126.9196402005129,37.4771378995524],[126.920980099756,37.477419599459395],[126.92064809982159,37.473738798875],[126.9229700995986,37.473554799294305],[126.9230156008265,37.472867799058],[126.92438350009931,37.474351499583896],[126.9276316971042,37.4707432997476],[126.9258601988757,37.4680131024778],[126.9245530001829,37.468923901567],[126.9243120994405,37.4681882990224],[126.9258249983144,37.4674742996056],[126.9252211989182,37.4658551012248],[126.9242147999246,37.4659152011647],[126.9241025967323,37.4652891005162],[126.9247251999045,37.4642810996935],[126.9267464012206,37.464843796263395],[126.931677798427,37.463333897431205],[126.9312707010281,37.4601415977258],[126.9339325031703,37.461162998438596],[126.935729402768,37.4629919982585],[126.9386341998632,37.4633709978795],[126.93974729875009,37.4627428985076],[126.9413620024057,37.4642438992428],[126.9403368010903,37.4644892003283],[126.9401589012682,37.4655480992694],[126.9423221020016,37.4673107995819],[126.94600539996661,37.468423198438096],[126.9482827981887,37.4657950004637],[126.9476429987251,37.462927999533],[126.9496381000239,37.4631578995756],[126.94918200080669,37.4644658993373],[126.9499718000169,37.4655147982884],[126.9512801999349,37.465198199385206],[126.9520157005159,37.4659098993677],[126.95210520025,37.469941699998],[126.95092269994551,37.468208601734894],[126.94893419973819,37.469910901653],[126.9478974991689,37.4682203008284],[126.94702240004399,37.4689501000986],[126.94689989983121,37.4682982006739],[126.9422994004708,37.4722006999433],[126.94346180020689,37.4759862989016],[126.9447729988957,37.476809098078796],[126.9499879003488,37.4770700983031],[126.95042320055191,37.4779022990206],[126.9513558996192,37.4777402991826],[126.9520139986767,37.4743691008977],[126.9512388995402,37.4732767997957],[126.9549385987776,37.473010397327],[126.9562774016518,37.4741764969738],[126.95924689887799,37.471787299007104],[126.9609679993541,37.4733340977047],[126.96207339824869,37.472514798523996],[126.962697499111,37.4696181988088],[126.9645911992082,37.4706913982947],[126.96491119932,37.4691791967678],[126.9687562000683,37.4690759990388],[126.9710242006319,37.4732687991362],[126.9727734988826,37.4729452994597],[126.9720968990917,37.4721839990146],[126.9732266995513,37.4705942985842],[126.97455979918999,37.4716325986942],[126.9762763988446,37.4704969982718],[126.97862979966129,37.4715412975297],[126.9829779973761,37.469993498966204],[126.9832747998431,37.4710464986311],[126.9848792982386,37.4695703001073],[126.98522289564539,37.466822100470104],[126.9863224999335,37.4679953995277],[126.98809969983341,37.4673458988961],[126.9884371995754,37.464687501236895],[126.9874359989174,37.4609114995024],[126.9886868988555,37.459392799438305],[126.9878057997366,37.458721900109204],[126.9884637001142,37.4581477991215],[126.9887375013936,37.4599791989672],[126.9935692032369,37.4636874983507],[126.99332910299,37.466292600455205],[126.9920384992408,37.4685549027589],[126.9904871007922,37.4684080029058],[126.989033302246,37.4697265015873],[126.9886955995574,37.4690928011147],[126.98691940133361,37.469173401034105],[126.98687659991471,37.470051401332604],[126.9857046996172,37.4686289013325],[126.983274801921,37.4710464992427],[126.985705301086,37.472919398464605],[126.9871306011763,37.4719622990989],[126.9895242987826,37.474894396166796],[126.99157050092239,37.474338699612396],[126.9887913022622,37.4758250005196],[126.9893190017345,37.478610997733604],[126.99093000012351,37.4792999970446],[126.995468798221,37.4793514973263],[126.9982423992022,37.477117896551306],[127.0009304017094,37.4768324994943],[127.00092450143849,37.4799235989096],[127.004460000786,37.4827400004322],[127.0030829004874,37.4814170015133],[127.00344029976799,37.483359900494],[127.0023314000256,37.4836919009776],[127.00213759894349,37.4826505013272],[126.999765101316,37.481688502289195],[126.9986993021739,37.4829798010839],[126.9996400003996,37.488391403117],[126.99671860203189,37.4904262002755],[126.99799500075551,37.4922459984557],[126.99983480020481,37.4919398995685],[126.99955940055989,37.4937780985563],[127.00069189961461,37.492672499303694],[127.00026359977599,37.4916166998917],[127.0044237963115,37.4881455000922],[127.0042289991241,37.4869487992653],[127.0043156005677,37.4874806992401],[127.00615190000431,37.4871421996667],[127.0074189989721,37.485631199923404],[127.00738009902521,37.4832934004327],[127.0065595993878,37.4834184996027],[127.0073800996239,37.483293399511304],[127.0073406999809,37.4823514996433],[127.0105259984842,37.4816844995714],[127.0105414985256,37.4808165995778],[127.01256279991699,37.4804892989809],[127.0130897996397,37.4795412995229],[127.01371879975311,37.480912098897896],[127.01736240055969,37.4789683973983],[127.02037130057079,37.482691997731],[127.02402169931011,37.482519498887],[127.0240659008762,37.4843979990701],[127.0250585010414,37.4851064002497],[127.02540960048741,37.4875394004074],[127.02262520023919,37.488687200679],[127.0219454005615,37.4901058002121],[127.02280280008469,37.490946799942],[127.0213601016478,37.4932980996405],[127.02180890131109,37.493983999998896],[127.0234643996556,37.4943449996379],[127.0232930997148,37.4935431993954],[127.0241146997852,37.493076299984196],[127.0257362000956,37.4934677993881],[127.02666529991261,37.4921734998262],[127.0279954999846,37.492356399767395],[127.0287429997316,37.4913891994243],[127.0308426008157,37.4909981991593],[127.0317745007126,37.493576298529604],[127.0332074002945,37.4945186003005],[127.0326281008738,37.4957223990967],[127.03368160069799,37.4960393997129],[127.03419120037739,37.4980774992122],[127.0357634994421,37.4979437994081],[127.0358692004627,37.497132199315004],[127.0383329003085,37.497868099322396],[127.0412482001518,37.5020386997145],[127.0441979995215,37.5016166988352],[127.0447154994129,37.500626498961104],[127.0467862003335,37.4998764994382],[127.04583720140059,37.501732399263],[127.04885559838219,37.5026937983016],[127.0494256980647,37.500061700040405],[127.0476853994343,37.4995033998113],[127.04947759811941,37.4960244004436],[127.04826629933069,37.4951713012967],[127.04711520002299,37.495879800295896],[127.04810599869501,37.494991500614894],[127.04661989919319,37.4941627997543],[127.048105999117,37.494991498438395],[127.0493451012841,37.4931324990225],[127.0510450009009,37.4951071978187],[127.052554500188,37.4949863982438],[127.05458149868849,37.493533899983],[127.054401998868,37.4923995011174],[127.0531033981861,37.4919995998494],[127.05292879836071,37.4904811013679],[127.0506965996195,37.488863699824805],[127.05664559882419,37.4870533990693],[127.0570421006923,37.483492596435795],[127.05916480034601,37.4838321997197],[127.0580777012953,37.4848534991763],[127.059302699721,37.4862989991162],[127.0604287008277,37.485069199451196],[127.0593027014351,37.4862989991856],[127.0607291007469,37.486889499118796],[127.0618817998007,37.4861405996783],[127.06294870173701,37.487793899104],[127.0659767987089,37.4890795978183],[127.06663909804661,37.488103098794795],[127.0679270007916,37.4888180002208],[127.06571630007221,37.4895864012196],[127.0652280998103,37.4905281003656],[127.0657162970426,37.4895863985594],[127.06245789982499,37.4869958006962],[127.0616842001548,37.4882017019498],[127.0619111990703,37.48744520018511],[127.05930270149851,37.486299001714],[127.05831600137411,37.489602400150105],[127.060094801599,37.4929515999415],[127.05844860006131,37.4923746012566],[127.05658800192191,37.4938804997507],[127.0579273011021,37.4957812998697],[127.0568609999409,37.495911200800705],[127.0565875002144,37.4968882998236],[127.0571496006779,37.4976844992854],[127.0584102003225,37.4967563993822],[127.0591657011325,37.4976836003639],[127.0559212001933,37.4996037001666],[127.0562831994825,37.498900300523204],[127.05451480048711,37.4986456010366],[127.05430850069341,37.4996206000616],[127.05504550055761,37.499856900184696],[127.0540322000259,37.500159800278496],[127.0534946004136,37.4993609010283],[127.0534486002732,37.5014024993315],[127.0559749005393,37.5052344001522],[127.0553965011177,37.5057813996052],[127.0570938007979,37.5068554995151],[127.0575650002365,37.5084574995049],[127.0584342993672,37.5081514998109],[127.0582174996742,37.5072001991704],[127.0632348992894,37.5062459994482],[127.0643699001903,37.5049705991566],[127.0662636007586,37.5061458996969],[127.0667214011291,37.5091136004407],[127.0675901015469,37.5099868005297],[127.0664228003842,37.5099964006987],[127.06674650112069,37.510858700018],[127.0658406006477,37.51229389921],[127.0670329008343,37.5123578985188],[127.0684398008475,37.5154392995225],[127.0699745005002,37.5155853004078],[127.0665575001606,37.5155681003897],[127.0662160006779,37.5173885003909],[127.0643290998671,37.5191787017976],[127.06279709939109,37.5185605008778],[127.0611253001376,37.5196178007582],[127.0600402005082,37.5192333009031],[127.05773670142311,37.521085502083096],[127.05429429975399,37.5210333010649],[127.0546229993762,37.5203750006229],[127.0524197010828,37.5199951014487],[127.05107100028209,37.522285200420995],[127.0500144993978,37.522521400127005],[127.04834849967871,37.5192204007091],[127.04557480008219,37.5197847006389],[127.0440373002222,37.521539400807605],[127.04300929966669,37.5192321003707],[127.04196850058419,37.519407600183],[127.0415370005611,37.5209390008979],[127.0404841003745,37.5208787005866],[127.0404833997841,37.5218453006878],[127.0376214992882,37.520494299833004],[127.0382010994892,37.518764500285705],[127.0372163997677,37.518128700488],[127.03151060027851,37.5199100008859],[127.0297203006561,37.518899100640496],[127.0240808999005,37.5218173006555],[127.01897749961421,37.522795700054004],[127.0188595995494,37.5220607001391],[127.01755539954051,37.5223573002035],[127.0182802993803,37.5209312005534],[127.0162480991478,37.521793000667],[127.0150859996503,37.5204260004283],[127.0168259988626,37.520652399229604],[127.01640350000399,37.5167656007974],[127.0152059012016,37.516370801192195],[127.0144267010533,37.519330000603794],[127.0133819001629,37.519496101105],[127.01265099924551,37.5185799010208],[127.0115347995835,37.5189157007881],[127.0104464997863,37.5172668012109],[127.0075732994803,37.5183916003512],[127.007444599609,37.517622001120806],[127.00499409339311,37.5166908041978],[127.0030453953418,37.5141234067652],[127.0007890975981,37.5131705077181],[126.9961536022336,37.515376105512495],[126.9950602973204,37.5125834046002],[126.99179119841699,37.509110207359605],[126.9853333988917,37.5064730006469],[126.98559759893931,37.5049780018238],[126.9822523015825,37.5043262026445],[126.9808113001508,37.5065723082724],[126.9780711013287,37.5054134008368],[126.9767787026211,37.505975200275],[126.97723540075759,37.515416899920496],[126.9782449000192,37.5155415998814],[126.978737600324,37.5165913992761],[126.9797166014438,37.5162865004058],[126.9794681020702,37.518134199174696],[126.9829364005918,37.5175255991598],[126.9836433998156,37.5201676993889],[126.9908769004091,37.5204123990063],[126.9927000000967,37.5192799995274],[126.99388640032599,37.5199792997099],[126.9908769002844,37.5204124004594],[126.99097760200979,37.523493598852],[126.9933017996856,37.5232098991357],[126.99368169960479,37.5218067991814],[126.9950128001601,37.522971299385304],[126.9946105006853,37.5237498995723],[126.9960684992273,37.5246178987043],[126.9967332999432,37.523944999010595],[126.99679190009681,37.5252521990532],[126.9982483004722,37.5246535983681],[127.0005664002221,37.5251936977683],[127.00207660497699,37.5243021944406],[127.002397500565,37.5262154995852],[127.003239401299,37.5261987008274],[127.0033382003396,37.5270016998136],[127.0023864009653,37.5320903951299],[127.0056989976527,37.5316949955253],[127.0068984998082,37.5292948996716],[127.0076802002213,37.5308124995812],[127.009845700126,37.531010499740404],[127.0092839004842,37.5319548010647],[127.01024980013379,37.535397500082],[127.0070359011341,37.534415600825],[127.007454002868,37.537698999111605],[127.006333299932,37.537388401017296],[127.0040561005837,37.53947930019331],[127.00617260086,37.5423250992107],[127.0064832006874,37.5440268980431],[127.0073544998161,37.544445097624894],[127.0086359008892,37.5432652982343],[127.01000140137309,37.5456907001327],[127.0091664014815,37.546783300003604],[127.0109056997422,37.5481180986688],[127.0153994984088,37.545338798749206],[127.0150236987846,37.5438763002117],[127.01633929888,37.5435187992593],[127.0158757993435,37.5424154003627],[127.0151428989754,37.541196900661404],[127.01370919968349,37.5415468004402],[127.01335809952471,37.5405672994874],[127.0155803996661,37.5404043995687],[127.0164294997339,37.5387085992651],[127.0172795005879,37.5390733996873],[127.01685620084551,37.5404098995205],[127.0186300994163,37.5405689996049],[127.0182349005263,37.5399748993058],[127.0206221034719,37.542003201439],[127.0188150001143,37.542429600801896],[127.01763180090741,37.544875900178404],[127.01853870012489,37.546789499667604],[127.01994280029889,37.5467580996757],[127.0212192005165,37.5479503997656],[127.0201661008314,37.5494651995666],[127.0224884000384,37.5506695991581],[127.0227268000459,37.5499686995589],[127.02433060036729,37.551763799446206],[127.0258303006904,37.5519759999337],[127.02368340129189,37.552960400452],[127.02587250008311,37.55440699965],[127.0276847000704,37.553912599562594],[127.02755060022619,37.554888999222804],[127.0292858005469,37.5550039993571],[127.0302524995802,37.555937198423905],[127.03432699929661,37.5551100998776],[127.03356459980171,37.5544391000612],[127.0345258000565,37.5540855998398],[127.03502640019151,37.5562389996498],[127.0358582996552,37.5557793995887],[127.0358391000871,37.5563221997028],[127.0378498984,37.5565451992817],[127.03742029882959,37.5558117000152],[127.03947839787,37.5543485001981],[127.0384128993839,37.5534438000483],[127.0419446977406,37.5512665980429],[127.0414740990989,37.5479781999567],[127.0430295995667,37.547274799304994],[127.0432062996471,37.546203400094],[127.0427957992151,37.5451187002129],[127.04085549931041,37.5446527001956],[127.0438207993362,37.5404707995469],[127.0458735007602,37.5413262997641],[127.04487650132491,37.5412002008051],[127.0445022007245,37.542610100651096],[127.0451358000909,37.5439529993082],[127.0458472993794,37.5441979990632],[127.0465704996309,37.542695699309604],[127.0470660008212,37.5443868985204],[127.0491942018717,37.5432026988344],[127.0507653003006,37.543800698236396],[127.0503281004025,37.5462423986277],[127.0519586987719,37.545879298990805],[127.05363319743269,37.5420704999666],[127.0547789992538,37.541765299779904],[127.0542586993233,37.541258297976306],[127.05660739925611,37.5412324986993],[127.0572140008337,37.5427136989071],[127.06016830108621,37.542677898828],[127.06071270142179,37.543823599571304],[127.05863840075081,37.5461276011073],[127.0555038999064,37.5471379008966],[127.0562806990981,37.5454259014478],[127.05493250015331,37.5470113003517],[127.05432829929289,37.5457168006708],[127.0521000013499,37.5456917008533],[127.04921610030769,37.5495488001772],[127.0479024004067,37.549588900787306],[127.04820410211131,37.551965599231],[127.0494609008545,37.5535862976103],[127.0504316023376,37.5536902991443],[127.05118760146911,37.5559824000091],[127.04955240010399,37.5562156005983],[127.0499101991324,37.5557856997651],[127.0486422000981,37.5541889009361],[127.04773570005841,37.5560555001035],[127.04642220023669,37.5569984006781],[127.0451935002879,37.556728700487604],[127.0452468001339,37.5579106003145],[127.04392750013889,37.557253600349],[127.0427253004809,37.5580954005916],[127.0411127007355,37.5579185002896],[127.0408013010469,37.558517999690096],[127.0440344001808,37.5611715999375],[127.0426157013229,37.5638056996137],[127.0455630006719,37.566768698824],[127.04529050039149,37.5676755002858],[127.0428550981972,37.5674641017305],[127.0417081988066,37.5661373023071],[127.0401220003928,37.5662775021669],[127.0372225000433,37.5686871001582],[127.0369514995249,37.5681093004956],[127.0351538006883,37.5682428006561],[127.0354698003326,37.5693208006623],[127.0338175008564,37.5700323003888],[127.0343857010692,37.5707668005478],[127.0321780000211,37.5712593004962],[127.0312491011163,37.5724691007904],[127.02990220002789,37.5724520006251],[127.030502898805,37.5719830002175],[127.0294066999012,37.571077301123196],[127.0268708993547,37.5713194005687],[127.0248251004342,37.5704878005389],[127.0249165002949,37.5728811994546],[127.02739720025859,37.572869699702295],[127.0299553003733,37.5750155997079],[127.0282350016883,37.5749724005262],[127.02897330095,37.576315899182696],[127.0312108000231,37.5768048995854],[127.0322835989503,37.5768330995572],[127.03504939980081,37.574077599889],[127.03869070041651,37.5734891996379],[127.0381211001906,37.57475200016199],[127.0378424995095,37.574131900094095],[127.0350467023053,37.5742161000099],[127.0398706003139,37.578548299919404],[127.03824370009809,37.579110300741206],[127.0357357008116,37.582068799921004],[127.0362088985667,37.5804172011846],[127.0332717006207,37.580922701112705],[127.031629199476,37.5800059011234],[127.03167019958859,37.5793045005731],[127.02936630044081,37.57844940078299],[127.0276384999862,37.5786424014886],[127.0270816001865,37.5797562007085],[127.024077599714,37.5791137008463],[127.0220929001435,37.5802985009067],[127.0197548003125,37.5773567004367],[127.0171814007891,37.5775782002671],[127.01686600085209,37.5788887992281],[127.01787620129551,37.579589800849],[127.0169531015648,37.5806949013737],[127.0177959006753,37.5833203994288],[127.02083710042079,37.5826356992149],[127.0210814007385,37.5846765991685],[127.0224901005775,37.586216000103],[127.02066930044599,37.5870263005937],[127.0193096002819,37.5865830012022],[127.0190917004998,37.5875338002514],[127.0183421004645,37.5872430008122],[127.0178464994387,37.5879297004496],[127.01737319883189,37.5846520008103],[127.01551189909361,37.5819144010569],[127.0147258992415,37.5823078004215],[127.01454339803189,37.580855800518],[127.01189769934021,37.5800220000408],[127.0127241990258,37.5784434996015],[127.0120990996509,37.57723210081291],[127.0093390991812,37.5791896006463],[127.0090801993049,37.5782261009462],[127.0079293004558,37.5785505006218],[127.007767200396,37.5806055005826],[127.00656650057711,37.5803395008269],[127.00588950125409,37.5813856997807],[127.00700040088469,37.583033399646],[127.00591660010211,37.583507700744],[127.0052841007346,37.5846761995755],[127.0058213001758,37.585078500410305],[127.0041157999943,37.5836124003332],[127.00380440030571,37.5840434999021],[127.0046680002576,37.5859853995044],[127.0051812002049,37.5857887999055],[127.0047740005431,37.5870551992444],[127.0064568997829,37.5867360994169],[127.00732679943211,37.5836112004093],[127.0080062998788,37.5833827992966],[127.0072634005399,37.5840177999756],[127.0090721003451,37.5839401996206],[127.009860600632,37.5854007991747],[127.01098320044859,37.5854425991661],[127.01152230108859,37.5883030995859],[127.0125294006704,37.5885452006856],[127.011499401335,37.5895366004202],[127.0121867002634,37.5914107996405],[127.01525700020211,37.5894168992221],[127.0159785002541,37.5900884985355],[127.0166395000178,37.588912999367],[127.01740409988109,37.5895096988696],[127.01859109987039,37.5890713993469],[127.0204434004718,37.5913485999786],[127.0207385004361,37.593829800064704],[127.0195643003559,37.5958268003035],[127.0176517003473,37.595362300738294],[127.0171554999287,37.5966605002214],[127.01686209935009,37.5956757008155],[127.0159100003022,37.5954591010321],[127.01592170025671,37.596592300328595],[127.0153504000635,37.596494100821],[127.0151543990946,37.5952707005097],[127.0109025002549,37.5912192007438],[127.0083727996725,37.5930429007363],[127.0078862993754,37.5919367009654],[127.00701439866991,37.592714001328],[127.004227400557,37.5929633006724],[127.0033636003801,37.592351200687105],[127.002790099886,37.593079100461],[127.0016883998346,37.592077500432104],[127.00090519915271,37.5923738009011],[127.00187629907391,37.5912668999187],[127.0006525995246,37.590090800363896],[127.00143249926671,37.58890310073],[126.9989624998024,37.588846100641994],[126.9954389990749,37.585009901061106],[126.9964206985897,37.5829200994853],[126.9948792995816,37.5806688010523],[126.9957906995662,37.579501099969505],[126.995084999927,37.578772900319194],[126.995543699478,37.578279000490504],[126.9943068997239,37.577890700152295],[126.99660469819901,37.5733620003201],[126.995842198897,37.572014700725],[126.9935033008221,37.572297700355],[126.9912928011011,37.5752462001536],[126.99187330071919,37.577472998359895],[126.99386430016649,37.5782761997668],[126.99229720078769,37.5796637999227],[126.99314430131659,37.5809264007947],[126.9896938020951,37.581500000744796],[126.98923290108351,37.582921503989],[126.98843410018131,37.5824333005326],[126.9870676998106,37.5837857003225],[126.9861798994977,37.5833649009113],[126.98516439992311,37.5842361018326],[126.98471389958391,37.582853400624195],[126.9833594003171,37.5833812005588],[126.98249150005549,37.582066800488796],[126.98182439998979,37.5829314001945],[126.9813394001708,37.582487500633796],[126.9812438002251,37.5833462001462],[126.9794803999584,37.5834636001226],[126.9803369992032,37.5819780006475],[126.9783946000687,37.582304800319704],[126.9783321996415,37.5814494008512],[126.97764129951871,37.5823200000083],[126.9773455994442,37.5806042008044],[126.9739505000593,37.5835545003298],[126.9734920996935,37.5831649998149],[126.9745635997158,37.5824744999168],[126.9731256001513,37.5817563012222],[126.9725061002711,37.583130200610796],[126.97192029969999,37.582326000668104],[126.9701463994915,37.582884700265],[126.97074889917731,37.5819969003257],[126.96701230004919,37.580974000291896],[126.96642899931281,37.5780193013883],[126.9623628996053,37.5770967011548],[126.9624391996296,37.576044300787096],[126.961512800228,37.5767924000447],[126.9619591000091,37.5773457009058],[126.9609287006552,37.5770838008347],[126.9599379995791,37.578155200400396],[126.9589329991486,37.5764669010155],[126.9555740997891,37.5778847008986],[126.9541419998759,37.577523200608205],[126.9541586997207,37.5764881997253],[126.95514029890259,37.575897600187695],[126.9537720981439,37.5757755996684],[126.9551402997582,37.5758975988922],[126.9565057983927,37.5746132001766],[126.9560665988319,37.5727687020211],[126.9541903988728,37.572819000257105],[126.9560665980698,37.5727686995145],[126.95458549955089,37.571128901154296],[126.95368139912689,37.5718458008323],[126.95209460071369,37.5703076023705],[126.950979299686,37.5709678031325],[126.9483794022859,37.5707090033913],[126.9475854014104,37.573269601535706],[126.9439926996014,37.5742415005287],[126.9429588006353,37.573134001636205],[126.94016620096059,37.5740571011347],[126.94025860083121,37.5753890007892],[126.9391922003705,37.576053701332],[126.9391059002493,37.5772073005694],[126.9364839999536,37.5766277016061],[126.93576370067389,37.5776291006047],[126.93621729990839,37.5790620002056],[126.93161170040561,37.5771899007744],[126.9316306001097,37.5783452002616],[126.9262990003436,37.579101400571396],[126.92536390050529,37.5799835002694],[126.9258021002979,37.5808077996082],[126.9266648002852,37.580536799711496],[126.9261877006143,37.5810149998864],[126.9271847009439,37.5833807006723],[126.9265188006959,37.584897500035396],[126.92741740094709,37.585956100408595],[126.9267501998243,37.585041000804594],[126.9258292999344,37.5864014006598],[126.9231173007593,37.5864545002498],[126.9256212002266,37.5898998995129],[126.9248543008876,37.589930700575394],[126.9241824020862,37.5916384997439],[126.9247551013813,37.5927176007886],[126.92715480121589,37.5938822995872],[126.927154300563,37.595515000182196],[126.92566790145749,37.5958294006196],[126.92642450024199,37.598320199064105],[126.9285258996968,37.599105798553296],[126.93028840154639,37.597228099508904],[126.9298241026881,37.5984417996332],[126.9325608999513,37.6005111975638],[126.9338245986876,37.5994664986085],[126.9336370999088,37.5976335993156],[126.93376520048359,37.5985145991698],[126.93511749968181,37.5986097992118],[126.9363416984576,37.5977217000999],[126.9362564999621,37.5967786990386],[126.9372189003078,37.598208798646205],[126.9392513016381,37.5964834003167],[126.93859140041181,37.5967009001914],[126.9387420024955,37.5989808999898],[126.93752390268351,37.6018791999195],[126.9380843023216,37.6053405997154],[126.936320000423,37.6075983002931],[126.9378585014791,37.6088129995772],[126.9395567005546,37.6087244997577],[126.9413038001678,37.6109960999861],[126.9405366002328,37.610955500730405],[126.93978680045629,37.6132757033982],[126.9367567007075,37.6130756020872],[126.9358486016156,37.6143195008433],[126.9364774009868,37.6154811996816],[126.9353337006355,37.6172728006254],[126.9367586047869,37.6201318985663],[126.9388650026805,37.621794096904104],[126.93888070553349,37.623584201732704],[126.93606300118661,37.6230087033351],[126.9335006983453,37.6234887023162],[126.9316564001896,37.6241207016842],[126.93072100112501,37.6254307003742],[126.93158100050529,37.6258887006644],[126.9291233002017,37.62662920108281],[126.9274804994946,37.6261042004527],[126.9279054993562,37.625630800146205],[126.9268992998572,37.6246409005111],[126.924645299337,37.624416100335296],[126.9248730993207,37.6230249005302],[126.9238536003402,37.6232046003505],[126.9221074003113,37.625590800402996],[126.91826719950821,37.6258743005343],[126.91824679970371,37.6250943005042],[126.91639719960881,37.6243549002478],[126.916278799644,37.6231888005777],[126.9147190988141,37.6221565010487],[126.912762799284,37.622058800139996],[126.9127852998038,37.6206332994735],[126.9139408988467,37.619765198902904],[126.91342309936451,37.6184502002179],[126.9142876996892,37.6145031009185],[126.9117532997129,37.6143613001114],[126.9108418994224,37.6134104993724],[126.9115039993078,37.6131722995404],[126.9118768997414,37.6108230003328],[126.910353699645,37.6105680000229],[126.91096999951691,37.609120000614794],[126.9101771990331,37.609206300676696],[126.9087716996558,37.6068763009385],[126.903936199148,37.604951200597505],[126.9029329975893,37.601692399582596],[126.90078699814309,37.6008670986469],[126.9011941947285,37.596977298975396],[126.8998854960372,37.593601702351],[126.8981837972863,37.5931304021419],[126.89960859703709,37.5906997007631],[126.89860819780449,37.5884366011527],[126.8930135995113,37.589052802956196],[126.8911394013855,37.5898441021649],[126.89025820226671,37.5918185001905],[126.8910611000217,37.593577500088905],[126.8899207991816,37.5929858003157],[126.89025819884421,37.591818501483004],[126.8868435019662,37.5931217003603],[126.8879490011314,37.5942946001439],[126.88741759978801,37.5944816007445],[126.8851323006807,37.5929797011639],[126.882410003403,37.596138498005104],[126.88685010020221,37.5979683982828],[126.88504800393359,37.5993286002842],[126.8838380006498,37.5979140024598],[126.881472803015,37.5997633006105],[126.8801335986116,37.5983440012665],[126.8785350002102,37.5990812005293],[126.87840130210539,37.601537998618895],[126.8819628013185,37.6044708980107],[126.8838411010256,37.6047306998409],[126.8796490016025,37.606605702261504],[126.8810030008338,37.612411299940796],[126.8792597008381,37.6132865000797],[126.879925100873,37.6140489008819],[126.8787379011095,37.6148132005436],[126.87883170101571,37.6159306994261],[126.8797644003926,37.6159938002294],[126.8785342009949,37.616165800627094],[126.8784909007992,37.618175299962196],[126.876952200557,37.620065901886],[126.8756088001088,37.6177378023179],[126.8696395013699,37.615409903240206],[126.86612310346139,37.6152553036742],[126.86292399826111,37.6183925005178],[126.86425969764821,37.6175357999203],[126.8645712973366,37.6151670022891],[126.86229349961441,37.6128716045845],[126.8573492011217,37.6149767016471],[126.8554196015754,37.6135663016151],[126.857398901072,37.6158415007823],[126.8566191013911,37.6166784001214],[126.8567705015697,37.6190566993156],[126.85858899995429,37.619400201482],[126.85555240040269,37.6201559015816],[126.8540266008692,37.62233780087929],[126.8540796001035,37.6239690001523],[126.8540265999745,37.6223378015836],[126.8524910015101,37.622693701227696],[126.8528260018759,37.6254296011085],[126.850155602277,37.624768201527395],[126.8497998021009,37.626413303099106],[126.84530170109399,37.6257740022318],[126.8443336001,37.6272952034382],[126.8427009992528,37.6250958009989],[126.8413367006171,37.6256130004817],[126.8409794999321,37.6268970000835],[126.8387944996259,37.6243557002918],[126.8381833002353,37.6251708002258],[126.83465720073879,37.6246720005433],[126.8359272004148,37.6258606998706],[126.835345101156,37.6267828997265],[126.8359575005436,37.627231399278],[126.8369001997946,37.627634899107896],[126.8370665999469,37.6267000996843],[126.8406512007212,37.6288106999863],[126.8381464035725,37.632969999569],[126.841604004065,37.6349848984705],[126.8416561018917,37.6360716013021],[126.8401236014391,37.637596399585],[126.8418604016718,37.6397828987625],[126.837671101355,37.6419402014274],[126.83707350004781,37.6440033000586],[126.8361361000192,37.6434997001531],[126.8353747015217,37.644882000079505],[126.8340979006491,37.644462001091],[126.83403250035471,37.645489600987],[126.8332629989161,37.6445565008551],[126.8319406993654,37.644712400023],[126.8312794998904,37.6434703012238],[126.8302524995429,37.64362590054311],[126.8300638995141,37.6423396011219],[126.8288890965206,37.6425186018484],[126.8263104987538,37.6411353023284],[126.8283539976875,37.6406234997451],[126.82649929954219,37.6370531033155],[126.8232167987615,37.6398616023084],[126.8218680002137,37.636195101931705],[126.81828249957219,37.6370570004757],[126.821867996848,37.6361950987199],[126.8201139996415,37.6340765001499],[126.8195497989654,37.6306712007852],[126.8159896983641,37.6307524031798],[126.8182200994448,37.6276488998668],[126.8176753994962,37.626360300585205],[126.8167169997588,37.6265614002043],[126.81639679996171,37.6256071006461],[126.8150379013206,37.625396700856506],[126.8156922009522,37.6273252002758],[126.8136591016969,37.626781201028905],[126.8109679009625,37.6286391019502],[126.8089267988667,37.6246963033474],[126.8045232001746,37.6270628019486],[126.8036646010332,37.6286152003962],[126.8037281009697,37.6307458982655],[126.8078824006364,37.6322632993772],[126.8090906002201,37.631480599233804],[126.8088297008008,37.6328912990327],[126.80997240200361,37.634610700609606],[126.80727949931271,37.6341976027766],[126.8047914999319,37.6384465003038],[126.80727949747521,37.6341976017775],[126.8065792979609,37.631793100715804],[126.8049063996338,37.6312451012638],[126.8037281008121,37.6319142005947],[126.8037618009929,37.6349820009931],[126.8017703027897,37.6384579996376],[126.8064391982842,37.640846097904195],[126.80723399962409,37.6401028980907],[126.8065560014612,37.643731798504],[126.8091646011783,37.643214998003195],[126.809393900637,37.644263002261106],[126.80834520056611,37.6434219016023],[126.8072237015287,37.6462618001433],[126.8033697033305,37.6467510003071],[126.8035945990578,37.647573401745596],[126.8007299000342,37.647033901597595],[126.7984644012414,37.6506871996372],[126.7989635007423,37.6521482981761],[126.8025875016236,37.655035499594],[126.80101680107249,37.6572930000318],[126.80094320089741,37.659231499135096],[126.80289790052521,37.6597843002463],[126.8011650014664,37.659659400715704],[126.8013388012926,37.6615313988437],[126.8028841997472,37.6619236984514],[126.8039018015496,37.6606679996706],[126.80501700087831,37.6631432014434],[126.8036634000004,37.6649435000893],[126.7992482005068,37.6665624000536],[126.7988855998925,37.6656847008247],[126.7977781003401,37.6656083005301],[126.7971770009412,37.6661347000037],[126.7985154011772,37.6672975002652],[126.79780550075719,37.6677166003268],[126.79666279941009,37.6660518008675],[126.7950666000281,37.6657407007993],[126.7938141011204,37.6663125004824],[126.79355700017531,37.668114500175605],[126.79034920062,37.6664482006251],[126.7885903002388,37.6671622011011],[126.7875259007944,37.6714389992614],[126.7882710007514,37.673099798151],[126.7911206997498,37.671783398404905],[126.790425701844,37.672444500367696],[126.7915761010734,37.674693000569896],[126.7878457003314,37.6762241005572],[126.7870397000159,37.6755260005629],[126.78577200017119,37.6762603003464],[126.7844518999428,37.675688300725],[126.78341849930979,37.677031900236],[126.7811001994113,37.6751153003134],[126.78164769929329,37.674564900219],[126.7800617997289,37.6716908000038],[126.7802804995102,37.6708042008904],[126.7795208997715,37.67052059932951],[126.7814438003124,37.6702176988169],[126.782091599833,37.6690944996368],[126.78330200011801,37.6695850995566],[126.7837079999705,37.6688099996205],[126.7853720991297,37.6690653992603],[126.78530839925581,37.6681849992585],[126.78789139821501,37.6686454989526],[126.78830479878651,37.6657693001957],[126.78706789902199,37.6652108996069],[126.7877822989207,37.6643884000159],[126.78685349910161,37.6633396996878],[126.7894429999166,37.662434399313],[126.790185999258,37.6594082015755],[126.78848769961651,37.6606923005313],[126.7889855989534,37.6595279008986],[126.7875475003915,37.6592259012006],[126.7882678993433,37.6580905002462],[126.78734639952971,37.6573179998299],[126.78836610011261,37.657628799186895],[126.7891804996174,37.6562736999385],[126.78849799947851,37.655959699805294],[126.7891804997457,37.6562736997313],[126.7895935998999,37.6555390999663],[126.7914723999425,37.655160699382506],[126.79259189940491,37.655970599623906],[126.79458100010619,37.654059699665],[126.7953317995689,37.654896299273396],[126.7965412996717,37.6523501002486],[126.7953876993518,37.6527800997837],[126.7957937989457,37.6521026004612],[126.79483379925111,37.6493938013223],[126.794027399851,37.6492985013478],[126.79372669988969,37.6505983002032],[126.79155020017551,37.6500636003854],[126.7910112000039,37.6508073002802],[126.7914164994243,37.650012799946],[126.7903201002043,37.649413100417],[126.7895484998444,37.6507826003022],[126.7884437005714,37.6499048006941],[126.78801299914281,37.650388500039895],[126.7888079992726,37.64962100001701],[126.78719820003941,37.6484087007512],[126.785492500413,37.6513872005142],[126.7846662005348,37.651214200884596],[126.7855847004014,37.6529263999793],[126.7843020001736,37.6527624006097],[126.7842205002551,37.6533801999919],[126.78465490030071,37.654564798941806],[126.7856302001755,37.653543899645506],[126.7866131004148,37.6553594003889],[126.7833146010503,37.6550545007546],[126.7834845001119,37.6564717001649],[126.7819602001644,37.656182100795505],[126.7820151999944,37.656943000214895],[126.7797382011411,37.6570160004216],[126.77935840102651,37.6581427013451],[126.77603480260541,37.658725803021],[126.7746468039934,37.661106200640596],[126.7750313011121,37.6624983022495],[126.7745247994253,37.6622471022157],[126.773204600483,37.6640637006811],[126.7719887009138,37.6632613009863],[126.7708519009643,37.6644014008545],[126.76884119907089,37.6634036994093],[126.7677450994485,37.660947899852495],[126.76841419897039,37.6604897001095],[126.76732159976291,37.6597891003202],[126.76647469963301,37.6566051006351],[126.7683609988041,37.656961799003795],[126.768257098908,37.6554243005413],[126.76973179989321,37.6548460999631],[126.7700906002273,37.656011799036804],[126.7712391003821,37.6563914991256],[126.7729364986847,37.6554119001052],[126.7701815994928,37.6527494000406],[126.7714264995202,37.652647099525105],[126.7723895990758,37.6501306011703],[126.7712957999346,37.6501599010482],[126.7707998999145,37.6510043010733],[126.7689217983489,37.6491824001507],[126.77238959979469,37.6501305990667],[126.7733515984695,37.648023600469],[126.7723786988293,37.646936500155704],[126.77589929905561,37.6470863981774],[126.7786730995578,37.6457377996308],[126.779007597275,37.6425680972671],[126.78080539761771,37.6412297973798],[126.7796966993218,37.6374807998354],[126.78255559775569,37.6399262969695],[126.78349679681449,37.6392193976764],[126.7817009999433,37.6357990985099],[126.7848604981577,37.638116796569896],[126.78777309982169,37.6359540979295],[126.78947580016771,37.638688798798896],[126.7900784011784,37.6381544978873],[126.7917989998795,37.6399213992619],[126.7934510982274,37.638805300378],[126.7928061984506,37.6346505013913],[126.7933876982635,37.632186501584904],[126.7911732983888,37.633383001202304],[126.7934934995716,37.627764299617404],[126.7959105009599,37.629026798477796],[126.8012068000688,37.6267267989121],[126.8045045989407,37.6268357982201],[126.80560259784271,37.624078900977004],[126.80361379961029,37.6216923007038],[126.8041986987599,37.6198503015695],[126.8028845988651,37.6188040018537],[126.801514999322,37.6196608008407],[126.80289999899139,37.6160783008145],[126.80207209956781,37.6162327992614],[126.8048782982748,37.6157365997724],[126.8039558991972,37.615135000374],[126.8048782997407,37.6157365986354],[126.80582550026679,37.6138757961983],[126.8093457994121,37.611061798366],[126.810663500226,37.6117155978708],[126.81253929896519,37.608156699312005],[126.8134747993519,37.608594498639],[126.8131602996746,37.6056143000313],[126.814087898747,37.6039130017326],[126.81356099803861,37.6020076982372],[126.8145420972424,37.6012106988585],[126.8157946996332,37.6023245991029],[126.8192629998515,37.5989041995322],[126.8259571982513,37.5972168992457],[126.8268118003646,37.59832199818781],[126.83016239907731,37.599270397085],[126.8313467001861,37.5980685986238],[126.8283348008152,37.600493700381],[126.8287227004273,37.6015959992787],[126.8296467004792,37.6008653991553],[126.83327470085061,37.6014173974227],[126.8343658013988,37.6049431997096],[126.8390938001906,37.6048205998859],[126.8392442001997,37.6064073985442],[126.8408879991784,37.6071348990634],[126.8392251981799,37.6026746988665],[126.8392677976317,37.6004390986826],[126.8427022990495,37.5999594981906],[126.8434038003881,37.5981065983422],[126.84519280335611,37.5988311985545],[126.8465319010979,37.6010884990404],[126.8478333997964,37.6010316990972],[126.8477208003293,37.600123298461],[126.8478334023421,37.6010317022803],[126.84686380331169,37.6016352016768],[126.8481512022276,37.6067744973765],[126.85004890032991,37.6086656954853],[126.8547689962411,37.6046109993671],[126.8519350982404,37.602133201178795],[126.8532084007859,37.6031122989705],[126.85433870119729,37.6024756990568],[126.85558899994699,37.6029502985822],[126.8576943987072,37.599844599914995],[126.857565598836,37.5978555019041],[126.85347259869721,37.5999423018539],[126.8532096976563,37.5980658989537],[126.8538324977267,37.5967857980785],[126.8572754983163,37.5968599969941],[126.8596744959173,37.5953465985075],[126.8598287970478,37.5895144007941],[126.8575086993679,37.589162501146],[126.8578110989213,37.5875427019683],[126.85592079909831,37.5849039028751],[126.85407120094791,37.5848114029676],[126.8529077987772,37.585598500214005],[126.85407119978751,37.5848113985368],[126.85592079793791,37.5849038984443],[126.8571906973301,37.582596399654],[126.85277219471921,37.5812418007199],[126.8537825935559,37.578548903239],[126.8470022003363,37.572538409249496],[126.843945800857,37.5751408089109],[126.8348612023493,37.5787932095668],[126.8288298991764,37.5798079010496],[126.8277061003002,37.5792084016491],[126.8268262992129,37.5806071011813],[126.8255492990628,37.579841002306004],[126.8243652002469,37.582015000131996],[126.825281706034,37.5831785088733],[126.82325039920181,37.584104700844996],[126.8218618985647,37.5834403002246],[126.8241975994952,37.5828834999731],[126.8235593983691,37.579416803535],[126.8198162021123,37.579763103188704],[126.8195185009081,37.5822267014382],[126.8181765996908,37.5804404018119],[126.8168942009732,37.580768501483796],[126.8174306004368,37.5823840998682],[126.8167062005251,37.5813098014749],[126.8156017016296,37.582089800694895],[126.8144506027807,37.583393799390905],[126.81475090248041,37.5845692982154],[126.8155828016485,37.585599697185],[126.81950350092309,37.5842990993658],[126.82008500228541,37.585037699983],[126.81863540287141,37.586671909086796],[126.8125616060588,37.589796807614],[126.8094675974706,37.5893998009876],[126.8073883995498,37.587257003130404],[126.8055531013851,37.5900379003495],[126.8061099005116,37.591214500999],[126.8051538996579,37.590822901501696],[126.8049470002203,37.5927007004825],[126.8037019996362,37.591740400488],[126.7998439028644,37.5949227020458],[126.79974030296799,37.5966848002837],[126.80092020178809,37.5978737990947],[126.7997403008765,37.5966848016502],[126.8002427016357,37.5988229995161],[126.7993773008704,37.5994666023643],[126.7972511994465,37.5973528021932],[126.79387819649419,37.5966368036788],[126.79088639980671,37.594226300309906],[126.7905205994957,37.5930622999805],[126.79104269990411,37.5932709996793],[126.7920217987004,37.5912681014702],[126.7907977999244,37.5905619021764],[126.7899534003667,37.5921481004611],[126.7901396997478,37.590606201515],[126.78935570034321,37.5919038012567],[126.78958660087861,37.593461401427604],[126.7867124001705,37.5988975000718],[126.7873755004776,37.5996001007555],[126.7858456019809,37.6008092015546],[126.7863601014664,37.6036795986842],[126.787740000966,37.6034104997833],[126.7867841017065,37.6067186989126],[126.7894694014944,37.6068620026563],[126.78678409978761,37.6067187022592],[126.7859795017697,37.6091559003913],[126.78457750290829,37.6101981140163],[126.7737839003685,37.6136450032151],[126.7734992006532,37.6158420010181],[126.77031050766759,37.6178860126253],[126.7685113991999,37.6179427009028],[126.7696190978992,37.6166614002711],[126.7692535982647,37.6160112009213],[126.7672244976468,37.6165803991913],[126.76871439580499,37.611844500485894],[126.765887398632,37.6087440035864],[126.7619701025493,37.6102287021017],[126.7631557010502,37.613339102153695],[126.7616297991699,37.6131559035012],[126.75853049799301,37.616240402359104],[126.75910019836431,37.613733701363394],[126.75754759991689,37.6125846025125],[126.7548461016774,37.614386104213395],[126.75101959886291,37.613811902636805],[126.7480742005451,37.6154919012392],[126.7474433001465,37.6173631009356],[126.7448914017582,37.6155640022717],[126.7450574025081,37.6187912010746],[126.7420067011174,37.6204274022329],[126.7406633996493,37.622058001520905],[126.73845249965039,37.621618600218795],[126.737973900129,37.6186507031867],[126.7355099014609,37.6187162042751],[126.7302980029557,37.6215805014056],[126.731346901904,37.623857599347],[126.7331932037776,37.6244499985413],[126.73234000123149,37.624950301385],[126.73080910276241,37.62904529729],[126.7317492051692,37.630105102303],[126.73026710160961,37.6324969008029],[126.7317491981525,37.630105101646],[126.7308090988079,37.6290453018701],[126.7283801012369,37.6301666007488],[126.7284689008681,37.6309082010274],[126.7264222987579,37.6291810037943],[126.723673201507,37.6292866036887],[126.7215731036071,37.633156499818796],[126.72207579788589,37.6339019018546],[126.719997599488,37.6309105041413],[126.713507605978,37.6324782025736],[126.71706330063131,37.639008700772095],[126.71368629880061,37.6414867023885],[126.71264429890199,37.639990102447996],[126.7109223005112,37.640897301586],[126.70943740111589,37.6424614004019],[126.7098014001124,37.643323900233796],[126.7062944000283,37.639919001473],[126.7052104011123,37.640237501154495],[126.7036886001585,37.6429860017275],[126.70198779972719,37.6426326004391],[126.7013747003403,37.6412992017725],[126.7005630011226,37.6434794997066],[126.70176160023439,37.6433451997915],[126.7014869023602,37.6442357004778],[126.7004356998971,37.643879301704104],[126.6991011982796,37.6421055999485],[126.7005795969008,37.6383580023551],[126.6980772994031,37.6376405030726],[126.6972808995635,37.6357015014214],[126.69531710054349,37.6371064022205],[126.6959019989189,37.6347090016073],[126.6949791995446,37.634529401649],[126.6904065007373,37.637884602353196],[126.6908173977581,37.636253500330206],[126.6893024986861,37.6347918990985]]],[[[126.63612759792859,37.5934830996447],[126.6439196000582,37.594915999475],[126.6445974993803,37.595731898659096],[126.6461240978537,37.5952842991067],[126.6491740975771,37.5936193970798],[126.647579199172,37.5899178007814],[126.64798450320211,37.5893776937093],[126.6475792010768,37.5899177996706],[126.6491741027036,37.5936193991719],[126.6486618016719,37.5964995976365],[126.6518517997617,37.5970994976166],[126.6519518020785,37.5996003976202],[126.65396110006921,37.5997629974576],[126.6565495989233,37.5994971975761],[126.65856529690761,37.5980254990478],[126.6578719988559,37.5947198002451],[126.6603008004174,37.5928319965691],[126.66395659951641,37.593701197157095],[126.6671095963634,37.5921096987486],[126.6649247985482,37.5897924010659],[126.6646527978568,37.5842636032523],[126.6616784996434,37.5838673019645],[126.66120819858621,37.5831530960957],[126.6619501978442,37.582667696581105],[126.66499659887539,37.5840654952974],[126.6695616988521,37.583993193404304],[126.6726859957278,37.5809667964307],[126.6725269958868,37.578397499000005],[126.66991379978461,37.5765434997287],[126.67473319982001,37.5769244980258],[126.6757594987937,37.5748854000649],[126.674578097242,37.5740048996165],[126.6767609980274,37.5720867005252],[126.6747933986067,37.5684268013683],[126.6698385007583,37.5684330018154],[126.6687112991906,37.5708123035604],[126.66461679903871,37.5711538021178],[126.6637764993128,37.5697799999353],[126.6645287999982,37.567614799956004],[126.6670302009437,37.5703698000343],[126.6684958996804,37.570791399619495],[126.6711822936015,37.564353999671205],[126.6637613997601,37.561196903454],[126.6639425966944,37.5587868983692],[126.6637614003325,37.5611968994096],[126.6718342955659,37.5618341954516],[126.6715330958671,37.558270799015006],[126.66851079883381,37.5522152039256],[126.6653834986655,37.553250701055],[126.665379498486,37.5522215996571],[126.6661562003643,37.552475197827405],[126.66757899859681,37.5495551999306],[126.6661562022494,37.552475198857806],[126.6685107998948,37.552215199117796],[126.669456598949,37.5501491011839],[126.6688369996342,37.5499584004203],[126.66954299895481,37.548949800467405],[126.6689982996342,37.548549899729394],[126.6706474985341,37.5476421994755],[126.66930839956511,37.5462644003945],[126.6699078990917,37.5462855993939],[126.66943359939991,37.5449253001833],[126.6699976993897,37.5450521992262],[126.66925859974471,37.5410685998401],[126.6736336990205,37.539621798668996],[126.67296729968669,37.538263199876305],[126.6739478001106,37.5380281998456],[126.6742466001874,37.5397889980407],[126.67644489988561,37.537026497486],[126.6775073012502,37.5412003986385],[126.67910109965639,37.5416143982245],[126.6805790981784,37.5409807988581],[126.6809350991158,37.539849398432004],[126.6850992040832,37.5412878961665],[126.68404940038431,37.5456326998476],[126.685590101581,37.5457484005701],[126.6841864012345,37.5467537001624],[126.684118100968,37.549577898339706],[126.6893485016789,37.551924999909595],[126.68562210370091,37.552745301391],[126.6839716009939,37.55577370188],[126.684566500399,37.5598120978416],[126.6855187011265,37.5603074989305],[126.6869946996505,37.5637254955125],[126.6899443072785,37.5660625046894],[126.6881183017089,37.569489803233],[126.6854380004905,37.568091202164695],[126.6836529022756,37.5693954008605],[126.6812700019557,37.5691271010265],[126.6812458047956,37.572038301698704],[126.6797848007508,37.5749371003773],[126.678646601889,37.5750337002807],[126.68416950113689,37.5781257999394],[126.6837549015515,37.5802925977726],[126.68579580141079,37.5837482945535],[126.6908061015104,37.5874744012894],[126.6864987043872,37.5883396031777],[126.6823014058234,37.5909647037674],[126.6819758061339,37.5941256030503],[126.6759402003734,37.598765802931304],[126.675794597472,37.6010644047362],[126.67126359944031,37.598782705258],[126.66768470301919,37.5996343044064],[126.6658365048674,37.6021164019243],[126.6668668038371,37.6064661975745],[126.6626559010987,37.605547703114404],[126.66264870038121,37.6092525004365],[126.6613944005238,37.6074405023608],[126.6577937994898,37.607304504326095],[126.6558176974356,37.6058254007113],[126.6531466001067,37.6052519012848],[126.6523474991578,37.6065489005596],[126.6504198997538,37.60593130043],[126.6502277998311,37.60491630134],[126.6471575997494,37.6048484001791],[126.6491940991253,37.6033496999665],[126.64862149985021,37.6015191000285],[126.6500364981644,37.6002596992288],[126.6498071983937,37.5988378006507],[126.6479937002072,37.5973679021206],[126.6474582005589,37.599372601251204],[126.6459398004874,37.598534902537395],[126.6412895018944,37.5988555016203],[126.63955730011301,37.601297600803505],[126.6400253984325,37.5988376020508],[126.6394690980213,37.5976987009862],[126.6373292988106,37.5975347996241],[126.63612759792859,37.5934830996447]]],[[[126.6590217996069,37.6488085000404],[126.6601158983747,37.6488347980367],[126.6614480970425,37.6467997000718],[126.6605948992063,37.6433108997033],[126.6610308987703,37.6425889004253],[126.6598547986683,37.6417736997578],[126.6613382986577,37.642259398676],[126.6626019996043,37.639315099687195],[126.6616682969781,37.6382526982239],[126.66373579954009,37.637571197918],[126.664450201053,37.636035698227],[126.6660046012473,37.6367147997903],[126.66482020081449,37.636976000323095],[126.6660007002266,37.6391513999215],[126.66752490021291,37.6396863973654],[126.6708565999749,37.6370115999284],[126.6723880004282,37.637413799696496],[126.6724508000349,37.638133800393796],[126.67111080055149,37.638095300165006],[126.6725070997733,37.639261599318296],[126.6750978010642,37.6379695995873],[126.6739751010226,37.639077199702704],[126.67557510014001,37.6392001997598],[126.676161600164,37.640352698943104],[126.6773107990148,37.6399796993161],[126.6764165997454,37.6383144992424],[126.6793910015217,37.6381640986915],[126.6778861009376,37.640964100085895],[126.6782046007832,37.6429180007524],[126.6772862999894,37.641876900925396],[126.6767796004961,37.643383199419105],[126.678417399884,37.6441429008036],[126.6763968998325,37.642552800659],[126.6755474990505,37.642806300312294],[126.6763968982081,37.6425527989529],[126.6759454986595,37.6403123011934],[126.67361980074679,37.640615000686296],[126.673123600871,37.6431178001939],[126.67430540070549,37.6454082996426],[126.6794325999513,37.6469506984825],[126.6805980997928,37.645226199415404],[126.6827358996258,37.646297599239695],[126.686546900168,37.6456727995948],[126.686014501377,37.6477970979507],[126.6904358002732,37.6477850966682],[126.69143440019971,37.6501991972491],[126.6952871006723,37.648398696335605],[126.6969939007948,37.6493202997992],[126.69626670069769,37.6501217001842],[126.6969784005234,37.6509974010312],[126.6951017008945,37.6516634006814],[126.6953362013024,37.6535643001799],[126.6944515002522,37.6544507009571],[126.6941089997605,37.6536130012694],[126.69301320007449,37.654610401099],[126.69126879830971,37.6546733011191],[126.68903089916641,37.6520571017232],[126.68607970158699,37.6558991012815],[126.6836110013176,37.6560239022213],[126.6833688015598,37.6592712989739],[126.6840558012001,37.6595188989692],[126.683356900513,37.6606139000364],[126.6841534001651,37.6619372990368],[126.685177903929,37.660876798385],[126.6842463045782,37.662086611287904],[126.6816734001567,37.660888901537106],[126.680019198515,37.6618280016371],[126.68063069910579,37.661814098777704],[126.68027149946501,37.6602317003601],[126.67883670089981,37.658742501849304],[126.67864970016329,37.6606301008563],[126.67460149829809,37.660265100146],[126.6769255968079,37.657513099882806],[126.67386489858549,37.6547322991194],[126.6755784988172,37.655755397792895],[126.6772899971057,37.6547881987601],[126.6758771985185,37.6523375012108],[126.67237520007521,37.6523293015224],[126.6709108996741,37.6513184002766],[126.67111549816529,37.649256000530904],[126.66929259998821,37.6496918000951],[126.6678627009011,37.6487377007103],[126.66309419958121,37.650347101822895],[126.6625110975723,37.649473600333],[126.6601781999052,37.6489062009004],[126.65960299995271,37.649681901546195],[126.6590217996069,37.6488085000404]]],[[[126.7569889994804,37.669976900297904],[126.7582434993712,37.667797399872896],[126.75754049985241,37.6674491996385],[126.7582208999843,37.6677575992733],[126.7589212992839,37.6669148001161],[126.7580097993831,37.666739800347905],[126.75823920004021,37.665866799455],[126.7603459995955,37.6676271994153],[126.7606310002299,37.6666193995202],[126.7613710998357,37.6676845988284],[126.7626985000088,37.6671555991001],[126.7633472001837,37.6679767998302],[126.7645660999148,37.6672650994589],[126.76621170050839,37.667631399897],[126.7639891004392,37.6676883999013],[126.7643718006547,37.668853299320304],[126.7661137006843,37.6687215996475],[126.7649493008306,37.6695705003352],[126.7658479003284,37.6700033996226],[126.7648806004249,37.6720240001349],[126.76395730037311,37.6714205007825],[126.7634687003522,37.672400200012795],[126.7643351004301,37.672974200134696],[126.7639741000191,37.674141300145806],[126.76238670017989,37.673943600437504],[126.7629332992694,37.6734493002054],[126.7622670999356,37.6729320007227],[126.76149049980259,37.673811700844205],[126.760141300472,37.6724965013858],[126.7596069001269,37.673380200634],[126.758137799969,37.6717116006371],[126.7577514997649,37.6727108005623],[126.75790719947011,37.6713910995648],[126.7569889994804,37.669976900297904]]],[[[127.0266814990017,37.4850645989254],[127.0270330991953,37.4834739996097],[127.0300996980519,37.4819331990125],[127.0298136991301,37.4804083981647],[127.0355745992109,37.4817606975171],[127.03773799941911,37.4809824982173],[127.0380652990918,37.479864999334794],[127.03736840087501,37.4816704998026],[127.0386773010335,37.4816262002596],[127.0405981005526,37.4849351993571],[127.04252439957561,37.4845237992162],[127.0432032994447,37.4831496993995],[127.04450930022381,37.4828722991304],[127.0460434998582,37.4838051988917],[127.04697450019421,37.4828222981191],[127.0469500005805,37.4842140989303],[127.0480605008878,37.483156899352096],[127.0469500009615,37.484214100730604],[127.0471738007377,37.48507469987],[127.0489971004062,37.4853713002157],[127.04688950092661,37.4858701997853],[127.0471271005519,37.488391398358395],[127.0483646009122,37.487807599703494],[127.0479097008168,37.4884318015785],[127.0447787002132,37.489260700828005],[127.0425967997932,37.488781600837406],[127.04295849849319,37.4870314007608],[127.0405060999707,37.4853632008585],[127.0394848004142,37.4854158007325],[127.03889919985781,37.4864532009439],[127.03539490011,37.4864250006815],[127.03248279974319,37.488031300142204],[127.031778499658,37.486135600556494],[127.0294040005289,37.4862860007839],[127.02878159982261,37.4873767006348],[127.0278112997414,37.4865410000833],[127.0284636989571,37.4863304996652],[127.0283011987744,37.484666000823],[127.0266814990017,37.4850645989254]]],[[[126.7625481994524,37.684768499192096],[126.7647906001571,37.6835953991767],[126.76581150063849,37.684615898583694],[126.77024010089839,37.682772798922805],[126.7720232995841,37.6802336993578],[126.7744596000894,37.680397399440494],[126.776663600066,37.6794612990984],[126.7766602006312,37.6831508993167],[126.77815110097531,37.6826535000681],[126.7761658004692,37.6857557004366],[126.7754619005819,37.6857713007137],[126.774577799937,37.6880587005173],[126.7732398002418,37.6885012003915],[126.77057830036699,37.686989100724595],[126.76933500059249,37.687996900798304],[126.7675532002103,37.687770300960196],[126.7666479990538,37.685749900746096],[126.76425999922209,37.6867284002525],[126.7637543993865,37.686241000131204],[126.76431979922559,37.6847631011549],[126.7625481994524,37.684768499192096]]],[[[126.83173909990329,37.656173500022405],[126.8335823989426,37.6544222995537],[126.8327185997485,37.6531983997949],[126.8339736994025,37.6533676993676],[126.8343887999426,37.6515159998534],[126.8346581002149,37.6522279996221],[126.8353718995011,37.6519874998626],[126.8357889981431,37.6486816998804],[126.8347275992045,37.648230400331705],[126.8361289998951,37.648646998939896],[126.8366392000536,37.6469752993327],[126.8377734001933,37.6495930979321],[126.8392213987453,37.6480953994298],[126.83963629943149,37.6453767984734],[126.8404776002773,37.6456549999804],[126.8396332011217,37.6467309989044],[126.8410864996684,37.6476932979421],[126.8484238981912,37.649941896322204],[126.8517772011814,37.6478575991987],[126.8490211055976,37.6494728051018],[126.84776940684931,37.6534912010834],[126.84971920454859,37.656100800152394],[126.8479301026375,37.65651600153161],[126.8458898032185,37.658275203398595],[126.8425622998606,37.6581372016347],[126.8416341007888,37.659497800274096],[126.84234029925301,37.6599498013085],[126.84011720032919,37.6591338011231],[126.83918660004561,37.659847401187996],[126.8373674002769,37.6585507009787],[126.836537600287,37.659136800786996],[126.83607210013909,37.6582022011608],[126.8347405998057,37.6585525000283],[126.8336779999432,37.6561811009242],[126.83173909990329,37.656173500022405]]],[[[127.0699171996536,37.5124188005973],[127.07071019949909,37.5096811998021],[127.07066420039699,37.510374399567404],[127.07311829927461,37.5111009997896],[127.07419619873771,37.5088731991385],[127.0760219001617,37.508078599056894],[127.0767845003593,37.5068090992067],[127.0781702994848,37.5073773993278],[127.0792409989483,37.5065938990467],[127.08255790006899,37.5085743996697],[127.08402460021401,37.5108068991719],[127.0857816006676,37.5107508992595],[127.08659840028609,37.5127926999282],[127.0853470989614,37.5124023999927],[127.08473809973499,37.5107805007501],[127.0829883001519,37.5115879007825],[127.0819626005182,37.5111975010604],[127.08062750114601,37.5124888008201],[127.0811020013137,37.5153534996165],[127.0792794008677,37.5168532007476],[127.0781109008085,37.516746000718996],[127.07775739992479,37.5178506004626],[127.0769383998124,37.5168276009684],[127.07590449891099,37.5174616005041],[127.07693839779661,37.5168275994029],[127.0758602988747,37.5148456013849],[127.0747925995173,37.5154334011795],[127.0738682980201,37.5139706005943],[127.0699171996536,37.5124188005973]]],[[[126.9148604979654,37.6342176986817],[126.9180512987278,37.6324799973753],[126.9195459000237,37.630499999910896],[126.9198121001705,37.6322451000883],[126.9190539004036,37.6316990004609],[126.91805130140621,37.6324799996799],[126.9184756009541,37.6332903993628],[126.9202786000359,37.6336900988804],[126.9208969998146,37.6322639996279],[126.9226616001696,37.6330789996339],[126.9235915992396,37.6330163996965],[126.92361800005891,37.6323060997713],[126.92439690023481,37.6349200989267],[126.92538880011759,37.6342191000017],[126.9233738005606,37.6348666004421],[126.92379510041481,37.6356176002566],[126.9225916016297,37.6364228004375],[126.9238895019923,37.6379199006803],[126.9213858006045,37.640814600447],[126.9217500002208,37.6414793007075],[126.9182899002313,37.6425916003878],[126.9169643997323,37.6421166005207],[126.9167607995525,37.6408763005912],[126.9158652988357,37.6413494016054],[126.9149082957584,37.6391517017291],[126.9158869981864,37.6385788981379],[126.9148604979654,37.6342176986817]]],[[[126.88941509985489,37.6524561001302],[126.8915295991168,37.652063499909595],[126.8911444002496,37.6508364992848],[126.89316220001021,37.6519045981939],[126.8945958997052,37.651252499392896],[126.89534999897569,37.650271600334904],[126.8938894998267,37.649865399522305],[126.8973997990381,37.6492566993955],[126.897535799946,37.6486694997692],[126.9003090006119,37.6526950998567],[126.90097850007439,37.6527045999826],[126.9003855006167,37.6528936998673],[126.9004983004121,37.654715199994],[126.8980746006485,37.6551314002986],[126.8978159009607,37.6562363994641],[126.8984299011846,37.6566398015209],[126.8958098004307,37.6561667016184],[126.8937868989961,37.6570683012933],[126.8914611985211,37.655903800580795],[126.8912230988667,37.6528508002849],[126.88941509985489,37.6524561001302]]],[[[126.66859879927169,37.525609699367294],[126.6693278998582,37.5247376978618],[126.6727055978702,37.524627096652495],[126.673084199957,37.5200074000634],[126.6722345997374,37.5175826012609],[126.67047579958951,37.5176600996885],[126.6721939987803,37.5169081000506],[126.67215299875619,37.516225499639],[126.6757272999788,37.513312299608906],[126.6763889004101,37.5132948988014],[126.6771830013938,37.5196863995224],[126.6784706004662,37.520594798820696],[126.6806924003663,37.5205547991603],[126.6810587013908,37.523170399056696],[126.6833697009157,37.5246781996081],[126.6812923011765,37.525055702784705],[126.6795099029589,37.5266568011836],[126.67942260033719,37.5279922005629],[126.6794830993769,37.52713520083999],[126.6779304009296,37.526586001389205],[126.6776241012359,37.5278137001615],[126.6757579010357,37.528112201171105],[126.6761711999477,37.529254100609606],[126.67575789972109,37.5281122009726],[126.6735545985433,37.527362602081794],[126.6734568988724,37.5261275008288],[126.67162359837481,37.5261529008893],[126.6700534994594,37.5250954010497],[126.6693333998802,37.5261497002116],[126.66859879927169,37.525609699367294]]],[[[126.86538059761129,37.6525296998974],[126.8644269986579,37.6517144006253],[126.8653363994988,37.6524245992208],[126.8657338990018,37.6493405993926],[126.8680195997198,37.64811799806979],[126.87055909893229,37.6484623980871],[126.8719756975157,37.6475378990116],[126.87104260109909,37.6454676992931],[126.8785641005643,37.647531999501],[126.8768534010486,37.648007300437904],[126.8799906006788,37.6503268996977],[126.87915500065,37.6500802006917],[126.8779854013173,37.6511638999411],[126.87940679989529,37.6517440994961],[126.87951570007989,37.6525900010191],[126.8728524990523,37.6551587031755],[126.86538059761129,37.6525296998974]]],[[[126.9405414991486,37.5900737000715],[126.9411714000733,37.5892210999001],[126.94154759977961,37.5899484994128],[126.94247969954121,37.588082900092104],[126.9410263995876,37.586553599634705],[126.941937899792,37.5869101993059],[126.9418962999702,37.586147699775395],[126.94381120044049,37.5857714992353],[126.94658760014511,37.586579799497805],[126.945437200384,37.586647500888795],[126.94484910097209,37.5871970003393],[126.945296000936,37.5878173003766],[126.9440869005362,37.5880925004182],[126.9423916995993,37.590210200695005],[126.9416979002931,37.5900320008732],[126.94162630023419,37.591713400135305],[126.9405414991486,37.5900737000715]]],[[[126.7614073974774,37.6910933989565],[126.7618464000112,37.6890747989846],[126.76367070010501,37.6907733994263],[126.7644082002179,37.6930813998395],[126.76538449924159,37.693095399825495],[126.76574980050749,37.6922473991662],[126.76507530012171,37.6935840000791],[126.76411470048909,37.693227700023],[126.76444120043209,37.6939440008163],[126.7636327012406,37.6947999999603],[126.7655724000339,37.6968858000733],[126.7641540000013,37.695747900773],[126.76143899861819,37.695750402432004],[126.7621627989182,37.694793699947496],[126.7613558992132,37.6941890997213],[126.7614073974774,37.6910933989565]]],[[[126.63746709983559,37.6419854002698],[126.6394647970962,37.639500197196],[126.6404480996234,37.6402046979257],[126.6419106981608,37.6396075985228],[126.6421087979627,37.6377855003449],[126.64010739723591,37.6374795986129],[126.64220119892771,37.635831698683496],[126.6414726987088,37.634483998933],[126.6428273003707,37.6341330995228],[126.6452230011818,37.6347577996941],[126.6471802015314,37.6364454999689],[126.64573080144669,37.6369641008263],[126.6456752015023,37.6388170989733],[126.6475831016792,37.6393771982927],[126.6492973021205,37.6414629999644],[126.65175670162931,37.6419156005017],[126.6467791019228,37.6425534015292],[126.6426515000653,37.6460975004343],[126.641837100066,37.6441600025477],[126.6376351993143,37.6448268009002],[126.6370662993911,37.6443069996916],[126.638346199131,37.6427347999823],[126.63746709983559,37.6419854002698]]],[[[126.893059297383,37.4566987995797],[126.8916288997067,37.4553691000597],[126.8924327997041,37.4545036991085],[126.8935017990668,37.454876898681604],[126.8943777002117,37.453124099574],[126.89305930044151,37.4566987998041],[126.8938259998872,37.4573477992144],[126.8946155998741,37.455853098834496],[126.8966379003341,37.4564803000827],[126.8948367004478,37.456199500289294],[126.8949288002171,37.4574037009572],[126.893059297383,37.4566987995797]]],[[[127.03630049947509,37.5269731997344],[127.039162599981,37.5231259997736],[127.0393818000341,37.524048899338894],[127.0450132004815,37.525615199175895],[127.0454306006522,37.5266602996613],[127.04260940073381,37.5284602001743],[127.04225030116011,37.530502599508196],[127.0415668005054,37.530693600483296],[127.0381647995608,37.5300165005628],[127.0378381994416,37.5290392007358],[127.03708679875069,37.5292265001077],[127.03630049947509,37.5269731997344]]],[[[127.0658202994457,37.541632799429905],[127.067175300645,37.5393022991938],[127.07101180024159,37.5399981999225],[127.0711691007169,37.5411638001534],[127.0707481000464,37.5405467007247],[127.069776100277,37.5408768003672],[127.0689288001378,37.5425828002565],[127.06808029996981,37.5414526006438],[127.06784309961631,37.5422917003873],[127.0658202994457,37.541632799429905]]],[[[127.0422125994338,37.5792896998302],[127.04294999912321,37.578769998846695],[127.047436100141,37.580301099749796],[127.0473448002037,37.5816613996757],[127.0489375005317,37.5831226004153],[127.0470472999008,37.5832670000894],[127.0472486994011,37.5817776000908],[127.04631420006,37.581188000738294],[127.04502430046449,37.5811414006142],[127.0444114998285,37.5826695004505],[127.04464999919331,37.581920000313794],[127.0433375996491,37.5813555008376],[127.0422125994338,37.5792896998302]]],[[[127.0258815995745,37.5260330995945],[127.0281985994626,37.5246498999463],[127.0291303999588,37.5249839995084],[127.02996280040601,37.5265080994254],[127.03069530079401,37.5264793996289],[127.0311640011855,37.5289263999457],[127.030001500825,37.5284857006466],[127.0290261009578,37.530542600398995],[127.02780530116459,37.5302176004755],[127.027431599949,37.531157700604105],[127.0267334997508,37.5309970002768],[127.02629329956551,37.5286294999297],[127.02712899953781,37.5290445992783],[127.0270938995729,37.5282044001185],[127.0257309000242,37.5268301003115],[127.0258815995745,37.5260330995945]]],[[[126.6991716990668,37.4712226992722],[126.70068569921919,37.469572199817804],[126.700396499666,37.468989999374195],[126.7010727999383,37.47021379904881],[126.7010476997785,37.4687588994178],[126.7024256005205,37.4685449993581],[126.7023124004101,37.470014399692495],[126.7042670000488,37.4696968994415],[126.70583420053549,37.4707187999195],[126.7029456995099,37.4741785012033],[126.7003350989445,37.4735024001714],[126.6991716990668,37.4712226992722]]],[[[127.102961399697,37.5034815999211],[127.10485779945441,37.5043570991015],[127.1057327997806,37.502705899498004],[127.1074274992183,37.5023962989163],[127.1084840992271,37.5031417989409],[127.1090708992274,37.5025104988782],[127.10990990049241,37.5055134004537],[127.1086364009221,37.5066902999449],[127.1099507006143,37.5068127007392],[127.1080388007487,37.507210901095696],[127.1068527008907,37.506325501176704],[127.1057949007569,37.5075114010778],[127.10468229992699,37.5073112004258],[127.102961399697,37.5034815999211]]],[[[126.9192087992739,37.405559200923],[126.9203839996849,37.406056097725],[126.921672698958,37.4037875993312],[126.9230705987453,37.403286299314395],[126.92307999965679,37.4016399996151],[126.9248928990762,37.4003350991402],[126.9244439996496,37.3989890993864],[126.925565501459,37.3990581990974],[126.9263722004314,37.400890599696],[126.9271430002902,37.4008481997472],[126.9261869992708,37.4028232063769],[126.9255626987346,37.4024275010602],[126.9216727012888,37.4037876005326],[126.9223894004562,37.404572000537904],[126.9216726996852,37.4037876024344],[126.9203971006692,37.406163000441],[126.9192087992739,37.405559200923]]],[[[126.62388779889531,37.645190799698405],[126.6257898995847,37.642905299388005],[126.6281404999543,37.6428371984901],[126.6288893994395,37.641241699776],[126.6303732001844,37.640922499246],[126.6293395012189,37.642293499752704],[126.62952050089,37.6436801992513],[126.6302761011718,37.6439019997908],[126.6290958011279,37.6449801011777],[126.6292734009595,37.6468583011791],[126.6280196009762,37.648799602156494],[126.62533499929691,37.6470693003144],[126.6255492984509,37.645872899757],[126.62388779889531,37.645190799698405]]],[[[126.7444491994068,37.6774915006105],[126.7459442001561,37.6739531989247],[126.7472584000543,37.6755583989688],[126.74850519957529,37.6745292997179],[126.7481479999619,37.6739003999494],[126.7496236003772,37.6741932996557],[126.7506592000769,37.675839599963304],[126.7495217998876,37.677387700202495],[126.7480948006438,37.677058100689706],[126.7481488000297,37.6782771002718],[126.7444491994068,37.6774915006105]]],[[[126.70851409938331,37.4838820999212],[126.70909039933579,37.4836860999435],[126.7093885985357,37.4803286000582],[126.711014200303,37.4798856989462],[126.71190660181071,37.4818454000266],[126.7140026005873,37.4825274005131],[126.71116570162509,37.4856385997589],[126.7119230008678,37.4868390985584],[126.7137182001597,37.4872778006215],[126.7128639997799,37.4867505005764],[126.7109816992221,37.488148300552],[126.7094431001538,37.4873336003026],[126.7086075998282,37.4866321999049],[126.7094803998153,37.486394699733296],[126.70851409938331,37.4838820999212]]],[[[126.9119899990927,37.6459581994419],[126.9135914006094,37.644759698713905],[126.91469760019369,37.6458657996262],[126.9159210006596,37.6458062990382],[126.91659250030929,37.6474578995713],[126.9178439001077,37.6476003000328],[126.9164570005926,37.6480591009527],[126.9168882000821,37.6490782001683],[126.91515870148281,37.6504647011798],[126.9135778999443,37.6505634009355],[126.91399629853329,37.6486129997167],[126.91191759974599,37.647471600611404],[126.9119899990927,37.6459581994419]]],[[[126.7827830980912,37.409807900340894],[126.7840757985782,37.407250499807404],[126.7831963980228,37.40580499965],[126.78401809951849,37.406148799019796],[126.78466660119899,37.4048395980676],[126.7845710004437,37.4059621992299],[126.7868828017309,37.4049513982183],[126.7860061004276,37.4050269001227],[126.78549770096669,37.406564298678],[126.78748279969321,37.4076733975984],[126.7891225981732,37.4072111980681],[126.7895213992927,37.4051791991153],[126.7909941017463,37.4054578998619],[126.7912508016695,37.4063784014027],[126.7896764016732,37.406763901259],[126.7889153003379,37.4085114996127],[126.7906438029042,37.4105500033812],[126.7891666992342,37.4111162037422],[126.7877495996884,37.4095448037193],[126.7846116028264,37.4088350044291],[126.7827830980912,37.409807900340894]]],[[[126.519211198275,37.5100351993583],[126.52309959996529,37.5119968997072],[126.5239520995143,37.5107047992902],[126.52358519975719,37.5094330997666],[126.52623250197371,37.5102372985959],[126.5260297009372,37.5116048007219],[126.5253674997805,37.5104209002348],[126.52469160045639,37.510725199930505],[126.525207499956,37.5114327005374],[126.52397470022039,37.510717800914904],[126.5234746006217,37.5118207999714],[126.52430629979001,37.5125944991977],[126.52496500019849,37.512194199775905],[126.52559030187291,37.513693701208695],[126.521176398392,37.5131127041413],[126.519211198275,37.5100351993583]]],[[[127.02688049985251,37.586229000147505],[127.0275946000167,37.585520699832394],[127.02768740043331,37.5863836994665],[127.0287265994739,37.5863794994455],[127.0288824000141,37.585270799051706],[127.03077050041651,37.5862426000193],[127.02935309988959,37.5873612007806],[127.02872659968929,37.5863795007213],[127.02688049985251,37.586229000147505]]],[[[126.6218720977552,37.5940987986396],[126.62397039852621,37.5936083971617],[126.6241611006287,37.591220498194495],[126.6261029995483,37.5937857962979],[126.62805319759809,37.5929857970979],[126.629307400377,37.593303599655],[126.6301628012363,37.594898098747905],[126.6321543012192,37.5940528991854],[126.6324200012992,37.5951561000252],[126.63112000031539,37.5953957012246],[126.63089120027709,37.5971523023004],[126.62793929993609,37.5977221021291],[126.62725179975699,37.5962598008743],[126.6252035007722,37.596792201021906],[126.6255755002065,37.5983571010943],[126.6242499994208,37.5969921009504],[126.62497159874019,37.595789800419595],[126.622676099472,37.5959115022842],[126.6218720977552,37.5940987986396]]],[[[126.7589299987292,37.713541102654],[126.76127580072311,37.713022298868],[126.7625165002587,37.7162149005092],[126.7621278995763,37.715370900627406],[126.7610786997145,37.715552000692306],[126.76099839984201,37.714255300690596],[126.7605714002583,37.715123300349305],[126.7595327006095,37.714208901094004],[126.7597737981697,37.7154905006134],[126.7589299987292,37.713541102654]]],[[[126.9472740994811,37.5839854996224],[126.9521581000689,37.5802003986607],[126.9515641004102,37.580690200114],[126.95254160094261,37.5820173995863],[126.9515700008466,37.584188600631094],[126.9501127007592,37.5845182001778],[126.9505198002705,37.585203900539405],[126.94963740023461,37.5841533010048],[126.9492378000386,37.5851732007761],[126.94816499995001,37.5854100006745],[126.9472740994811,37.5839854996224]]],[[[126.8890941987763,37.467543198719405],[126.8900883991891,37.4678212991442],[126.88950839940179,37.4666057003286],[126.8922256000866,37.4623740979337],[126.89353579965339,37.4643738990409],[126.8962404006696,37.46523049861],[126.89608560061451,37.466488598835696],[126.8975810002758,37.4664678999973],[126.8960856001962,37.4664886016252],[126.8961078003308,37.4681226010252],[126.8950463999263,37.467825601459],[126.8936612012696,37.4692261008552],[126.8912102004642,37.4681349022592],[126.8901988001273,37.4704499006707],[126.8893302990501,37.4695914009636],[126.8890941987763,37.467543198719405]]],[[[127.0058658986502,37.4456242016717],[127.005630197995,37.4447581992342],[127.0070822991809,37.4452535988484],[127.00791059835261,37.443893900208096],[127.0063752998879,37.4427707013313],[127.0059485991398,37.443162199938705],[127.0082099014395,37.4410415000907],[127.0088029009305,37.441654600742],[127.0081893005279,37.4439362996394],[127.0091838006584,37.444094299646004],[127.0080778002977,37.444288200533904],[127.0086828002698,37.445790099880305],[127.0063552997612,37.446254500317],[127.0058658986502,37.4456242016717]]],[[[127.0647808990341,37.5323511000505],[127.0671302995329,37.5302902986914],[127.06906760092829,37.5312687997068],[127.0673970003333,37.533338900759695],[127.06659000007761,37.532206100668205],[127.0663578998746,37.533263400367304],[127.0647808990341,37.5323511000505]]],[[[126.6727774991703,37.5008373000392],[126.6742091995529,37.500780298567],[126.6755470003958,37.4984385993187],[126.67595250030489,37.502970500079705],[126.675723799379,37.5019760005739],[126.6748741995618,37.502250100173995],[126.673849299682,37.500798600498904],[126.6727774991703,37.5008373000392]]],[[[127.023547898589,37.6047642009881],[127.02433619942859,37.6020579996219],[127.027027500735,37.604031300617805],[127.0264611001715,37.6056864003924],[127.0241895997538,37.60563290070851],[127.023547898589,37.6047642009881]]],[[[127.037262699661,37.469102800133],[127.03905599962451,37.4691227984586],[127.0397663000731,37.4678453989181],[127.0408539005585,37.469279599791],[127.0408888003998,37.4710295002873],[127.0388489004642,37.470807901155496],[127.0387420995328,37.4719541006927],[127.03837809964921,37.4694235001148],[127.037262699661,37.469102800133]]],[[[126.8032808994412,37.3823938002363],[126.80454689943511,37.3825011970694],[126.80459970039989,37.3794008990203],[126.80693049806911,37.3797859986352],[126.8077894005052,37.3782000987439],[126.80863790041059,37.3794781990209],[126.8089468005908,37.383445800958],[126.80752960013,37.3831266009153],[126.8052531994899,37.384991900288306],[126.8045468981242,37.3825012004792],[126.8032808994412,37.3823938002363]]],[[[126.7152389992671,37.4864691996763],[126.7152622997509,37.485158499322196],[126.7192323007898,37.4835914972681],[126.7204564008826,37.484990599282106],[126.721693100659,37.4849156000837],[126.72130970042271,37.486743500909604],[126.7202684006591,37.4862730010154],[126.71940800035,37.487622200470696],[126.71746719990651,37.487845300899394],[126.7152389992671,37.4864691996763]]],[[[126.99864989926691,37.451946099456],[126.9999447001628,37.4506715984855],[127.0005610000571,37.4513624975026],[127.0030952000874,37.450584099543],[127.00490550092421,37.4481417990389],[127.0030952006398,37.450584099734],[127.0031709007864,37.452899999939596],[127.0016964036143,37.4552252003838],[127.00111179955191,37.4555282010903],[126.9994272986305,37.454076401359295],[126.99864989926691,37.451946099456]]],[[[126.6716010991208,37.5070463993827],[126.6729047996491,37.5047592996681],[126.67418450027459,37.506250399475],[126.6751658001402,37.5062755999348],[126.67303660082611,37.5070101008397],[126.6731081002625,37.5081304001859],[126.67225449963789,37.5063956006382],[126.6716010991208,37.5070463993827]]],[[[126.90691809741399,37.418957901416704],[126.9076454999838,37.417845499062196],[126.9090163998308,37.4185601989979],[126.90953540076819,37.4179341990549],[126.90696850057971,37.4197436008404],[126.9070284992667,37.4209760011404],[126.90691809741399,37.418957901416704]]],[[[127.0617687986716,37.493930900231504],[127.0638732005256,37.4930399987991],[127.0638301006275,37.4947577984651],[127.0648996017477,37.495061400324495],[127.06336620007211,37.4948468013234],[127.06245179858,37.4958417008309],[127.0617687986716,37.493930900231504]]],[[[126.6927965986514,37.464104099532],[126.6952933005944,37.4633708994034],[126.6961273007254,37.4646593008214],[126.6954289991568,37.463962700748404],[126.6927965986514,37.464104099532]]],[[[126.7095843995663,37.476552799533],[126.7119019040875,37.4773949011286],[126.7106178001706,37.478807200464196],[126.7095843995663,37.476552799533]]],[[[126.7678323995606,37.7253817009302],[126.76805949965731,37.724376699253604],[126.7695506013348,37.7244946991714],[126.7681158008511,37.7246758008763],[126.7686214999474,37.726617500398504],[126.7680005994299,37.7268189007363],[126.7686214989427,37.7266174996396],[126.7678323995606,37.7253817009302]]],[[[126.63113419909871,37.6472402007972],[126.63209400042709,37.644229599073505],[126.631714100186,37.6465913000377],[126.63113419909871,37.6472402007972]]],[[[126.9434137997561,37.3733013000801],[126.94461939951279,37.3707457989359],[126.9437197006068,37.373386300208],[126.9434137997561,37.3733013000801]]],[[[126.4925301998458,37.4930366000004],[126.4946128006106,37.4924360990169],[126.49381769948289,37.4934560008368],[126.4925301998458,37.4930366000004]]],[[[126.8834548994388,37.415942300243096],[126.88332510000599,37.4158294988931],[126.88479149999891,37.4185625003504],[126.8834548994388,37.415942300243096]]],[[[127.00595339992509,37.4360669995784],[127.0059001014182,37.4347278981324],[127.0069493026518,37.4363562980743],[127.00595339992509,37.4360669995784]]],[[[126.6679713966076,37.544059700305596],[126.6686937007033,37.5440472996773],[126.66815939998139,37.545785500148604],[126.6679713966076,37.544059700305596]]],[[[126.7025010988506,37.5087200017746],[126.70238619927581,37.507809298873596],[126.7033907982712,37.5069394997434],[126.7034594005095,37.5077007991773],[126.70579820066341,37.5084809999514],[126.7035391007238,37.5086468018642],[126.7037011005618,37.510382000129],[126.7035390996014,37.508646801762104],[126.7025010988506,37.5087200017746]]],[[[127.0299443990999,37.6132034992001],[127.03043600078489,37.6127380996552],[127.029933300206,37.6137128007478],[127.0299443990999,37.6132034992001]]],[[[126.6366308988836,37.558197399910995],[126.6367134996482,37.557274699156004],[126.63866970083339,37.5577291993681],[126.63754160143331,37.5590492015725],[126.6366308988836,37.558197399910995]]],[[[126.66094429191399,37.567552494396395],[126.663136500385,37.566363098287795],[126.6609443022643,37.5675524999602],[126.6630837995691,37.568580500619206],[126.6609443002556,37.567552501448795],[126.66069139869461,37.568387901270896],[126.66094429191399,37.567552494396395]]],[[[127.0521778994228,37.5662211000633],[127.0527603002901,37.5667109001432],[127.0520827999207,37.5672144002529],[127.0521778994228,37.5662211000633]]],[[[127.0559322993888,37.446981996785595],[127.0565939999895,37.4463653998114],[127.0567708008029,37.4473915002907],[127.0559322993888,37.446981996785595]]],[[[126.9431141994683,37.3717884997478],[126.9432907996245,37.3713982994494],[126.9436635003465,37.371723499777005],[126.9432908002266,37.371398300296605],[126.9431141994683,37.3717884997478]]],[[[127.0698608989175,37.496908500425604],[127.0702864003084,37.4961181993993],[127.0704293002545,37.496587699871],[127.0698608989175,37.496908500425604]]],[[[126.6784194996362,37.506304799733904],[126.6786751011696,37.505593999153],[126.6785201002301,37.506804600677604],[126.6784194996362,37.506304799733904]]],[[[126.7383179994332,37.5096642998659],[126.73912180009961,37.5102776005103],[126.7384682997927,37.5103540008925],[126.7383179994332,37.5096642998659]]],[[[126.756028899466,37.6722474995673],[126.75672230011891,37.6720671994083],[126.75624620034861,37.672537600692095],[126.756028899466,37.6722474995673]]],[[[126.9351977995295,37.5621651002492],[126.93513219997669,37.561858799931606],[126.9352901000984,37.562117900125095],[126.9351977995295,37.5621651002492]]],[[[127.0723886985257,37.4913023009436],[127.0733337005788,37.4914393999331],[127.0726955991138,37.4917638008811],[127.0723886985257,37.4913023009436]]],[[[126.9913081996621,37.5272595998151],[126.99172930014551,37.527219199914896],[126.9916874002308,37.527538300299504],[126.9913081996621,37.5272595998151]]],[[[127.0101674996661,37.4442506001219],[127.0104044997288,37.4433145999983],[127.0102195995138,37.443229899166695],[127.0104045011667,37.443314600049],[127.0101674996661,37.4442506001219]]],[[[127.0493649990558,37.488263399688904],[127.0499997002051,37.4879088996289],[127.0494970998475,37.488836400282],[127.0493649990558,37.488263399688904]]],[[[127.13042899802801,37.5158598001646],[127.1308443000543,37.5156819992636],[127.1308500004498,37.516080000596105],[127.13042899802801,37.5158598001646]]],[[[126.61801049744089,37.5537751003403],[126.6187617002299,37.552138898318404],[126.61822430042959,37.5540481007925],[126.61801049744089,37.5537751003403]]],[[[126.901206699495,37.435209799576704],[126.9019738010406,37.435108800032005],[126.90194890018779,37.435259901186],[126.901206699495,37.435209799576704]]],[[[126.9215671988412,37.6313443002509],[126.9216498990643,37.6311926989919],[126.9217670016842,37.6312430999087],[126.9215671988412,37.6313443002509]]],[[[126.7434379982469,37.5003054995281],[126.7434380030965,37.500305497976605],[126.7437698994713,37.5016525017683],[126.7434379982469,37.5003054995281]]],[[[126.75806609906289,37.5860355993049],[126.7580289004225,37.5848051994532],[126.7592462008489,37.5859339006127],[126.75806609906289,37.5860355993049]]],[[[126.8128106998163,37.631237599904],[126.8127792999591,37.6311936997961],[126.8133996018598,37.6310940996203],[126.8128106998163,37.631237599904]]],[[[127.0851068996025,37.536779200043696],[127.08519550027239,37.5369082001733],[127.08500929967789,37.5369021999849],[127.0851068996025,37.536779200043696]]],[[[126.7603829996638,37.5093392999471],[126.76086870029991,37.5092702999574],[126.7607253996969,37.509547000314896],[126.7603829996638,37.5093392999471]]],[[[126.7311470991871,37.5115779997618],[126.7317102000911,37.5115584986686],[126.7317102012174,37.5115584999334],[126.7311471008483,37.5115780010047],[126.7311470991871,37.5115779997618]]],[[[126.8910003002228,37.454909700479],[126.8911761001442,37.4546420000389],[126.8910265001651,37.4549183001615],[126.8910003002228,37.454909700479]]],[[[127.0331754996122,37.5491814000915],[127.0333880002415,37.548775297149],[127.0335195001862,37.5489359000175],[127.0331754996122,37.5491814000915]]],[[[127.0363500993061,37.590516499118],[127.03635010087801,37.5905164997981],[127.03635010041461,37.5905165006209],[127.0363500993061,37.590516499118]]],[[[127.0484799991572,37.580690000438],[127.0484800001272,37.5806899990821],[127.0484800010498,37.5806900001364],[127.0484799991572,37.580690000438]]],[[[127.112251399203,37.4992980996537],[127.1124896001931,37.4990236998054],[127.1123960000221,37.499343600300904],[127.112251399203,37.4992980996537]]],[[[126.7275187985439,37.52405599986],[126.7275188007794,37.5240559994488],[126.7275166003265,37.5243244002585],[126.7275187985439,37.52405599986]]],[[[126.7530088988209,37.5426869000393],[126.7535722016803,37.542166199972094],[126.7537607007872,37.5425797005588],[126.7530088988209,37.5426869000393]]],[[[126.7829683969595,37.471428600094406],[126.7830642004255,37.4713936966093],[126.7830148001934,37.4720974001409],[126.7829683969595,37.471428600094406]]],[[[126.9646890996905,37.4904098004515],[126.9647199995272,37.490172099857105],[126.9647430995041,37.4901190999101],[126.96475889983991,37.4899763994279],[126.9646890996905,37.4904098004515]]],[[[126.9828741980879,37.51497469987],[126.9828742013509,37.5149746921452],[126.9832213035126,37.515340100056704],[126.9828741980879,37.51497469987]]],[[[126.9824225989788,37.5164339993893],[126.982792300294,37.516556199055195],[126.9829487005795,37.516686899998504],[126.98279229996609,37.5165562001857],[126.9824225989788,37.5164339993893]]],[[[127.0619473995038,37.5202028004723],[127.0618803993825,37.5201549002211],[127.0621017001542,37.520012399790396],[127.0619473995038,37.5202028004723]]],[[[126.6792544979303,37.4658038007242],[126.6792082996095,37.4655041991592],[126.67925450142769,37.465803799625604],[126.6792544979303,37.4658038007242]]],[[[126.7503030991243,37.5519934999666],[126.7508668004228,37.552154700083705],[126.7505869006495,37.5523247026965],[126.7503030991243,37.5519934999666]]],[[[126.7566546994167,37.6711037002536],[126.75676420047871,37.671053399954396],[126.7567920004509,37.6711942998135],[126.7566546994167,37.6711037002536]]],[[[126.7645289979227,37.5112940998854],[126.7644387002323,37.5109138992476],[126.7650512004132,37.511230499949605],[126.7645289979227,37.5112940998854]]],[[[126.80859220142841,37.3695903990792],[126.8085921993694,37.369590400714],[126.80859219912121,37.3695903992348],[126.80859220142841,37.3695903990792]]],[[[126.8106784986322,37.631461399253],[126.8110300009458,37.631630000399],[126.8106784993839,37.6314614011366],[126.8106784986322,37.631461399253]]],[[[126.8438244993605,37.5862705014709],[126.8447556028528,37.585976299459496],[126.8443244994302,37.5865071011156],[126.8438244993605,37.5862705014709]]],[[[126.74911879897141,37.5439419000599],[126.7496048996043,37.54372089959929],[126.7496049013122,37.543720900154696],[126.74911879897141,37.5439419000599]]],[[[126.76054189972781,37.7162097999944],[126.7605419002878,37.7162097992628],[126.76065010014311,37.7163068999374],[126.76054189972781,37.7162097999944]]],[[[126.7958339987953,37.5996596016692],[126.79568089772569,37.5996171009804],[126.79583400086369,37.5996595998864],[126.7958339987953,37.5996596016692]]],[[[126.8858018992727,37.4654288998873],[126.8860424004273,37.4655553001982],[126.8857518998954,37.465508800503805],[126.8858018992727,37.4654288998873]]],[[[127.01674489982611,37.523204999905495],[127.0168188002771,37.5231222994385],[127.0167449001658,37.523205000285095],[127.01674489982611,37.523204999905495]]],[[[126.6324117950385,37.5577764014547],[126.6324118001489,37.5577763935725],[126.6324118031027,37.557776400332],[126.6324117950385,37.5577764014547]]],[[[126.66459119940781,37.558503100260204],[126.6646459027543,37.558520098765705],[126.66464589964019,37.5585201018243],[126.66459119940781,37.558503100260204]]],[[[126.6750176981168,37.4897109991874],[126.6750177003501,37.4897109981953],[126.67501770011779,37.4897110018146],[126.6750176981168,37.4897109991874]]],[[[126.808740599221,37.3705644997399],[126.80874060110659,37.3705644997874],[126.8087406001979,37.3705645021524],[126.808740599221,37.3705644997399]]],[[[126.8303278994801,37.4867115998777],[126.8303385005337,37.485770699224005],[126.8303279008181,37.4867116008236],[126.8303278994801,37.4867115998777]]],[[[126.9469602997724,37.586219499858096],[126.94705900071999,37.586281900328906],[126.9470589997669,37.5862819002391],[126.9469602997724,37.586219499858096]]],[[[127.01102469962709,37.444631800030606],[127.01102470009069,37.4446317992887],[127.01102470061659,37.4446318003342],[127.01102469962709,37.444631800030606]]],[[[126.63240399941539,37.643198000515895],[126.63240399915409,37.6431979991847],[126.63240400015829,37.6431979987161],[126.63240399941539,37.643198000515895]]],[[[126.6771180993347,37.5062881000256],[126.6772874004493,37.506195599860995],[126.6771181000321,37.5062881005827],[126.6771180993347,37.5062881000256]]],[[[127.0250437994043,37.530732199355306],[127.02504380024881,37.5307322002581],[127.0250437996403,37.5307322001578],[127.0250437994043,37.530732199355306]]],[[[126.62645189966591,37.5562262995041],[126.626451900483,37.5562262989615],[126.6264519009984,37.5562263030048],[126.62645189966591,37.5562262995041]]],[[[126.7061109997615,37.481758900781806],[126.7061110008688,37.4817588987742],[126.70611100149131,37.4817589007108],[126.7061109997615,37.481758900781806]]],[[[126.70803649963601,37.467006999782505],[126.7080364999922,37.4670069996603],[126.7080365003483,37.467007000038805],[126.708036500009,37.467007000166],[126.70803649963601,37.467006999782505]]],[[[126.7328705998187,37.5279452998278],[126.73287060008239,37.5279452998313],[126.7328706001274,37.527945300087],[126.7328705998187,37.5279452998278]]],[[[126.73710129984191,37.5053859999713],[126.7369873999496,37.5052714999625],[126.73710130004021,37.5053859998398],[126.73710129984191,37.5053859999713]]],[[[126.7439533992395,37.5064786001552],[126.74395339951309,37.5064785991487],[126.7439534004143,37.5064785996973],[126.7439533992395,37.5064786001552]]],[[[126.7634970996163,37.6668614997945],[126.7634971003786,37.6668614998457],[126.7634970999336,37.666861500175905],[126.7634970996163,37.6668614997945]]],[[[126.8003284984433,37.62043649943659],[126.8004662005257,37.6203675990182],[126.80032850050851,37.620436500065],[126.8003284984433,37.62043649943659]]],[[[126.99543749968059,37.4319843993474],[126.9954375005523,37.431984400062795],[126.9954375001187,37.431984400435596],[126.99543749968059,37.4319843993474]]],[[[127.02316669970581,37.5335236004531],[127.0231667005184,37.533523598755],[127.023166703849,37.5335236004976],[127.02316669970581,37.5335236004531]]],[[[127.0696410998554,37.516518400063305],[127.0696411002356,37.516518399790705],[127.0696411001988,37.5165184000896],[127.0696410998554,37.516518400063305]]],[[[127.1002112998503,37.513348200190904],[127.1002113001512,37.5133481998334],[127.10021130021549,37.5133482000711],[127.1002112998503,37.513348200190904]]],[[[126.7315056990113,37.63386660051],[126.731505700371,37.6338665994332],[126.731505699868,37.633866601817594],[126.7315056990113,37.63386660051]]],[[[126.7441940996774,37.5119431998862],[126.7441941002768,37.5119431995155],[126.7441941003131,37.511943200226796],[126.7441940996774,37.5119431998862]]],[[[126.7609632992417,37.7093872000405],[126.7609632993581,37.7093871982118],[126.760963301904,37.7093871998065],[126.7609632992417,37.7093872000405]]],[[[126.76754319960611,37.5104150998741],[126.7675432001505,37.510415099904506],[126.7675627000566,37.5105104003815],[126.76754319960611,37.5104150998741]]],[[[126.7819711997428,37.5305501999968],[126.7819712004809,37.5305501997754],[126.7819712005232,37.5305502004728],[126.7819711997428,37.5305501999968]]],[[[126.79677799964891,37.5812023000949],[126.7967780001816,37.5812022991959],[126.79677800029211,37.5812022999719],[126.79677799964891,37.5812023000949]]],[[[126.8390397997748,37.6259924000127],[126.8390398003986,37.6259924001792],[126.8390398002328,37.6259924004587],[126.8390397997748,37.6259924000127]]],[[[126.9365399999104,37.5619297999108],[126.93654000011189,37.561929800038],[126.93653999999559,37.5619298001047],[126.9365399999104,37.5619297999108]]],[[[126.94476159901171,37.4662461997178],[126.9447615992987,37.4662461974612],[126.9447616015893,37.4662461985012],[126.94476159901171,37.4662461997178]]],[[[126.9874512985043,37.5303946995798],[126.98745130100491,37.530394699595305],[126.9874512994881,37.5303947006403],[126.9874512985043,37.5303946995798]]],[[[126.9989876992352,37.4494980004517],[126.9989876996953,37.4494979986238],[126.9989877011198,37.4494979996591],[126.9989876992352,37.4494980004517]]],[[[127.00585079810651,37.4543094985301],[127.00585080185941,37.4543094994369],[127.0058507995998,37.4543095006473],[127.00585079810651,37.4543094985301]]],[[[126.6940222995579,37.6364539003937],[126.6940222995099,37.6364538995955],[126.6940223007986,37.6364538998624],[126.6940222995579,37.6364539003937]]],[[[126.7372635999544,37.5058518999261],[126.7372636003834,37.5058518999037],[126.73726360026741,37.5058519002595],[126.7372635999544,37.5058518999261]]],[[[126.7480424990348,37.5442830994685],[126.7480425007545,37.544283100364304],[126.7480424993483,37.5442831003803],[126.7480424990348,37.5442830994685]]],[[[126.7641579996629,37.672667599745395],[126.7641580001698,37.672667599932794],[126.76415799998209,37.6726676001377],[126.7641579996629,37.672667599745395]]],[[[126.83432559965419,37.4932416999256],[126.8343256005258,37.493241700007296],[126.8343256004747,37.493241700407395],[126.83432559965419,37.4932416999256]]],[[[126.8512250995793,37.5832958010751],[126.8512251005721,37.5832957994658],[126.85122510041519,37.5832958009938],[126.8512250995793,37.5832958010751]]],[[[126.9364288000135,37.561607800206595],[126.9364287999387,37.5616077999214],[126.9364288001296,37.5616078001561],[126.9364288000135,37.561607800206595]]],[[[126.98369260054079,37.5178077999394],[126.9836925999139,37.517807800079],[126.9836925999247,37.5178077999337],[126.98369260054079,37.5178077999394]]],[[[127.0111852995219,37.530612299364904],[127.0111853015295,37.5306123007107],[127.01118529990899,37.5306123004547],[127.0111852995219,37.530612299364904]]],[[[127.06989229950811,37.514792300593],[127.06989230070961,37.514792298838906],[127.0698923001631,37.51479230027871],[127.06989229950811,37.514792300593]]],[[[127.0824276993458,37.5136907996181],[127.0824277012724,37.513690800678596],[127.082427699988,37.513690801279196],[127.0824276993458,37.5136907996181]]],[[[126.6344067996879,37.5936691003717],[126.6344067999018,37.5936690997665],[126.63440680084919,37.5936691002078],[126.6344067996879,37.5936691003717]]],[[[126.74831749936929,37.547066899841795],[126.748317501276,37.5470669005621],[126.7483174995996,37.5470669005337],[126.74831749936929,37.547066899841795]]],[[[126.765811499471,37.5107365998717],[126.7658115000684,37.5107365998655],[126.76581150008509,37.5107366003909],[126.765811499471,37.5107365998717]]],[[[126.7870387996829,37.585566500193195],[126.7870387986711,37.585566499577496],[126.7870388001407,37.5855664999134],[126.7870387996829,37.585566500193195]]],[[[126.7867633998407,37.5320847997031],[126.7867634000481,37.532084800127],[126.7867633998387,37.532084800127],[126.7867633998407,37.5320847997031]]],[[[126.7964663996663,37.581487200495],[126.7964663999605,37.58148719981],[126.7964664003036,37.581487199984394],[126.7964663996663,37.581487200495]]],[[[126.8822595998431,37.501797100028895],[126.882259600132,37.5017970998831],[126.8822596000262,37.501797100092],[126.8822595998431,37.501797100028895]]],[[[126.9415543998861,37.6109296999222],[126.9415544014321,37.6109296991356],[126.9415544005215,37.6109297005562],[126.9415543998861,37.6109296999222]]],[[[127.0277726991563,37.6049207996176],[127.0277727005242,37.604920799710804],[127.0277727000055,37.6049208000962],[127.0277726991563,37.6049207996176]]],[[[126.7569813999821,37.5637744999611],[126.7569814004374,37.5637745000085],[126.7569813999908,37.56377450011],[126.7569813999821,37.5637744999611]]]]}}]}