{"type":"FeatureCollection","features":[{"type":"Feature","properties":{"interval":15,"stationId":"3426723651"},"geometry":{"type":"Polygon","coordinates":[[[126.87702809926441,37.488565999612],[126.8778038998183,37.4867892997301],[126.8778773003599,37.4874149994403],[126.8796346000186,37.4874489999116],[126.88112919882231,37.485433799182104],[126.8819340994387,37.485415599718706],[126.88153359963229,37.484556299740404],[126.88339019980049,37.4806066000461],[126.88030399902419,37.475701998302995],[126.8825372995986,37.4761500967482],[126.8844807979422,37.473846798413895],[126.8857636992774,37.475115698890804],[126.88711420065749,37.4720170985245],[126.8869885009563,37.4736925991063],[126.8880355009391,37.4739920006358],[126.88754040143421,37.4751275995002],[126.8908330009538,37.476298898799804],[126.893498700504,37.4790553995394],[126.8923940008776,37.4794720997794],[126.89313900061231,37.4800663994918],[126.8914103020774,37.4820973002245],[126.8921650014249,37.4838254999746],[126.8906588015907,37.4839998013049],[126.8895394014179,37.4854373008934],[126.887446900185,37.489980800668995],[126.88400990022369,37.4907452005297],[126.88249500027361,37.4931440008065],[126.8801064003716,37.4925700006336],[126.8800729976868,37.4934485996885],[126.88031339708161,37.488620101246596],[126.87702809926441,37.488565999612]]]}},{"type":"Feature","properties":{"interval":30,"stationId":"3426723651"},"geometry":{"type":"MultiPolygon","coordinates":[[[[126.8113451989707,37.5062400979573],[126.81134520252911,37.5062400992201],[126.8113451998107,37.5062401008194],[126.8113451989707,37.5062400979573]]],[[[126.8214970997449,37.4908214998188],[126.82198490023761,37.4903508998484],[126.8238202000915,37.4919284984238],[126.82542649962231,37.4907702002242],[126.8248218999573,37.4902682991767],[126.82682800120581,37.4912276997491],[126.82373600022869,37.4919509008037],[126.8214970997449,37.4908214998188]]],[[[126.8352160973928,37.4858273987225],[126.83770609932631,37.4851823985602],[126.83829609875329,37.4834035985089],[126.8389901004611,37.4843157977394],[126.8402206992305,37.4843652976899],[126.8420907013238,37.4831244002586],[126.8400224023216,37.4846214022141],[126.8421139009661,37.4883404983259],[126.8396875001278,37.4879079002675],[126.8391892006378,37.4889284994643],[126.8406351001387,37.490624900359],[126.8377320990786,37.4901765006859],[126.83558459852371,37.4888826010194],[126.8352160973928,37.4858273987225]]],[[[126.8483309980446,37.4811626994887],[126.84896599968441,37.477677699867],[126.849929299437,37.477467999839405],[126.85185229905031,37.4739411997325],[126.853642200594,37.4741476996385],[126.854066900611,37.4747299998953],[126.8533486003801,37.4760311001783],[126.8549575993197,37.4775433985143],[126.85639189924781,37.475935299752706],[126.8553904004398,37.4746354991835],[126.85831449891731,37.4778423968824],[126.8613837997503,37.4774224974255],[126.8632444978896,37.4765182983297],[126.86224819967569,37.4729099999357],[126.863360000378,37.4736295989889],[126.8642473994906,37.4731106995078],[126.8648730992133,37.470969999660504],[126.866762099414,37.4702439995151],[126.8664536001841,37.4696798994834],[126.8685962003121,37.4697937997474],[126.86939919957621,37.4709951990356],[126.8695936996851,37.4695307995513],[126.8708756998932,37.4707672993927],[126.8723608990489,37.4695110988002],[126.8734756994376,37.470368199351604],[126.8742704995819,37.4691332991716],[126.87543719919469,37.4698957988453],[126.8757953996442,37.4687933992788],[126.8767608993375,37.4697291986945],[126.87921739966511,37.468105699306506],[126.87846550065301,37.468996501740705],[126.87989039956639,37.473027297856895],[126.88273419893301,37.469073199459],[126.8864338977672,37.469411099057204],[126.8845004992758,37.467900900293095],[126.8864338987218,37.4694110972027],[126.886044299603,37.4660174999951],[126.8841906997917,37.4650300999012],[126.88646969987981,37.4657534995915],[126.88717060020521,37.464780799185],[126.88995159981751,37.4655843981705],[126.8921602976088,37.4626786010763],[126.89149119812211,37.46222209996],[126.8922256000866,37.4623740979337],[126.89353579965339,37.4643738990409],[126.89590250033791,37.4652343999961],[126.8960856001548,37.4664885987419],[126.8987028010608,37.4675514995243],[126.8988249011382,37.468790999514404],[126.90002940135639,37.4687205995025],[126.90043820167399,37.4712859991889],[126.90225100071751,37.4708986998503],[126.90051040186461,37.4717290996211],[126.9007424017174,37.4735397994278],[126.9033585005686,37.473899098882896],[126.90345760077889,37.4749512997815],[126.9042624003469,37.475021599976095],[126.90345760063319,37.4749513006271],[126.90360170069809,37.4762243998389],[126.9057623013919,37.4775100996928],[126.90699030071251,37.47973850013091],[126.9061635008625,37.4821915997935],[126.9038714008622,37.481941500752995],[126.9041611012071,37.4834319999635],[126.9033172002656,37.4853142000278],[126.9045011005916,37.4880556990977],[126.9052531998395,37.4876578994955],[126.9067369010813,37.4891424994336],[126.9074495015153,37.492901099536795],[126.9093001002336,37.4922977997952],[126.9103414002704,37.4936947989974],[126.912489700407,37.4939436990808],[126.9128481007004,37.4954745983624],[126.9164442984042,37.4943787992848],[126.9167054978662,37.4924430997452],[126.91799119939141,37.4927986994156],[126.91760720010221,37.492098899227805],[126.91891970014561,37.4933603989222],[126.9222778999059,37.4931547987144],[126.92316969930751,37.492426599328],[126.92287969951279,37.491186500232295],[126.9235492998028,37.4903991994362],[126.92550970020311,37.4915151992639],[126.9258064000941,37.4926245988463],[126.92679160013991,37.4921388998002],[126.92656380107219,37.4937934001551],[126.927259000377,37.4944502994982],[126.9324016004885,37.4949701996728],[126.9328019004656,37.496411100079605],[126.9321924005023,37.4963524003],[126.93203180058181,37.4974612993231],[126.9333660000605,37.497076499904296],[126.93353760027239,37.497923399429695],[126.9345028004131,37.4979501003737],[126.9334988004451,37.4984611002889],[126.9349009008853,37.5007715996724],[126.9348607008675,37.5027456988708],[126.9358788998493,37.5029379986785],[126.9372841013091,37.501792799395496],[126.9383280002652,37.5036533975349],[126.939149199444,37.5036245975637],[126.94159209993829,37.5008473996902],[126.9404114007343,37.50276859974],[126.9427705998339,37.503494098792494],[126.9430198008589,37.504429199165195],[126.9450787999345,37.503472799856596],[126.9459593996812,37.5040732995891],[126.94527859928449,37.5014067998796],[126.94659489953689,37.502178899427896],[126.9486571999671,37.5004973995105],[126.9503988001598,37.5001307996077],[126.9502303008765,37.5022352001322],[126.9509839006488,37.502559700013],[126.9497173995882,37.5048292016262],[126.9477460993274,37.5039862011889],[126.9463313998681,37.5048636008207],[126.945413499509,37.503846100550696],[126.94422800046709,37.5041040003867],[126.944362900397,37.5052206008024],[126.9427216004451,37.5052079007044],[126.94227430076309,37.5069463007816],[126.9407798008492,37.507993600636],[126.9409669992632,37.5091628008497],[126.93460329829371,37.5055973004699],[126.9349063996481,37.5033037001878],[126.9341432999947,37.502482300541594],[126.93103410100001,37.5025128008609],[126.9294936998104,37.5033042012611],[126.9266646008992,37.5028055018695],[126.9248161004485,37.5057824030057],[126.9221466006572,37.5069642007446],[126.9203357991738,37.5041640011133],[126.9180018004501,37.5051196011298],[126.9161208986444,37.505045900324],[126.9157599989838,37.5043691003736],[126.9142047002282,37.5049023002657],[126.9134950003087,37.5064574005171],[126.9109765992323,37.508308500238],[126.90754939983799,37.5058692003453],[126.9049234005022,37.5062306005683],[126.9037156997894,37.5048498003064],[126.9022563990671,37.5053835997383],[126.90139289979571,37.5030416003376],[126.90076049966841,37.5031823002138],[126.9010280994058,37.5017098000861],[126.89963610079779,37.5008997008962],[126.8984051997855,37.5017650008281],[126.8956067997131,37.50080530081701],[126.8934605001295,37.502155200474796],[126.8936598995957,37.5013330006487],[126.8927493998607,37.500554001143904],[126.8917616003979,37.5012877006059],[126.88911139932151,37.500699601414],[126.8870440002362,37.502668500927],[126.883847600128,37.503233200775995],[126.8840009996483,37.5025310005448],[126.88251359917349,37.502398899961],[126.88324299914859,37.5013769003033],[126.8825137997603,37.5006674008556],[126.880165900574,37.5027869998591],[126.882673200808,37.505011200093996],[126.88031880026699,37.503413001685104],[126.8798102995311,37.5051889007305],[126.8786799984156,37.5039400000379],[126.87824469958879,37.5017303997561],[126.878901200412,37.5022245003932],[126.8786800005884,37.5039399987262],[126.8811875992219,37.501674100507906],[126.8797102979216,37.498049700897504],[126.8799380974975,37.4952686007162],[126.877121600314,37.4948091011757],[126.8765478010841,37.498006200941],[126.8759076998784,37.4965776010416],[126.8740121994023,37.4968916000685],[126.87392799948651,37.4957468012133],[126.8716479010071,37.497926200825],[126.8710658995284,37.496231000375104],[126.8702567998405,37.4966233000057],[126.87084029937759,37.495037501207506],[126.8690739998969,37.4942173013993],[126.86865599980351,37.4951062002854],[126.869073999617,37.494217300513704],[126.86788759993931,37.4942007016182],[126.8680233993169,37.4925683003203],[126.86617529998199,37.492808900085],[126.8675667000453,37.491551599324204],[126.86980869970989,37.4918003995436],[126.8701478993707,37.4906979006461],[126.8693925992791,37.4906898999575],[126.8696241992103,37.4898686999543],[126.86872419949181,37.488896599772296],[126.8693709994914,37.4876646005361],[126.86830309904981,37.487531599561294],[126.8686717989116,37.4867475995379],[126.8695475992447,37.4870332992485],[126.8706020981902,37.4848975013843],[126.8676470993478,37.484353601332096],[126.8661058003178,37.4853438002458],[126.8659038983349,37.4847246999029],[126.86764709892189,37.4843535978943],[126.8678723971142,37.480570100769],[126.8649025000841,37.479012902326204],[126.86409829960469,37.480620500555],[126.8629563998437,37.4792828008127],[126.8625011001675,37.480085900212096],[126.8607837004477,37.479469900721995],[126.860326800024,37.4805232041307],[126.8586227017281,37.4807845038694],[126.8572395031113,37.483398701255204],[126.857625802725,37.4844916001623],[126.8558346003011,37.4847217005749],[126.8539433997017,37.483759300594805],[126.8537780001529,37.4823425009044],[126.852339499841,37.481440400945495],[126.85099189999579,37.4811883008125],[126.8502855001818,37.4822902020696],[126.8483309980446,37.4811626994887]]],[[[126.8580633995799,37.4938893002673],[126.85862150129749,37.49430020077],[126.8580824000307,37.494504900136306],[126.8580633995799,37.4938893002673]]],[[[126.88130239830869,37.4679615996994],[126.8813023991107,37.4679615988],[126.8813024003648,37.467961600570604],[126.88130239830869,37.4679615996994]]],[[[126.8822595998431,37.501797100028895],[126.882259600132,37.5017970998831],[126.8822596000262,37.501797100092],[126.8822595998431,37.501797100028895]]],[[[126.8825899998017,37.4815900000278],[126.88258999989819,37.4815899996934],[126.88259000024699,37.4815900000881],[126.8825899998017,37.4815900000278]]],[[[126.8832313995262,37.5061587997697],[126.88357229990889,37.505561199544005],[126.8843281005435,37.5061964003698],[126.8832313995262,37.5061587997697]]],[[[126.8901955986142,37.5077287994753],[126.8915569988394,37.506335499977496],[126.890520100231,37.5057909993511],[126.8924026003496,37.506779599016404],[126.89155700023571,37.5063355007935],[126.8908138009789,37.507457599671405],[126.8912615001135,37.508529000317104],[126.8901955986142,37.5077287994753]]],[[[126.8910002994107,37.4549097000643],[126.8910003000184,37.454909699683604],[126.8910265001651,37.4549183001615],[126.8910002994107,37.4549097000643]]],[[[126.89161059942761,37.509523200831495],[126.891995999379,37.508904799941305],[126.8919960014405,37.50890479916411],[126.89161059942761,37.509523200831495]]],[[[126.8916288997067,37.4553691000597],[126.8924327997041,37.4545036991085],[126.8935017990668,37.454876898681604],[126.89410320085351,37.4537260991234],[126.89305929981211,37.456698802365096],[126.8916288997067,37.4553691000597]]],[[[126.8941494995637,37.4561229004393],[126.8959999007732,37.4562335992055],[126.8948367004478,37.456199500289294],[126.89447339935259,37.4569950003528],[126.8941494995637,37.4561229004393]]],[[[126.89434279885211,37.5160416999094],[126.894842400332,37.5172543993988],[126.8959794991949,37.517143299509904],[126.89581009930531,37.5165808996723],[126.8959795013147,37.5171433003015],[126.8950065002162,37.519022800173204],[126.89434279885211,37.5160416999094]]],[[[126.8962638992127,37.5257927004081],[126.89719380062749,37.5256215998946],[126.8968308005731,37.5259165005029],[126.8962638992127,37.5257927004081]]],[[[126.90194889914709,37.4352599002952],[126.9019737993079,37.435108798907905],[126.9019738010406,37.435108800032005],[126.90194889914709,37.4352599002952]]],[[[126.9087811989189,37.4855564992894],[126.90890879989391,37.4852886995553],[126.9087812010664,37.485556500666505],[126.9087811989189,37.4855564992894]]],[[[126.9110300993462,37.4862164003773],[126.9111879003904,37.4859392993352],[126.9110301001965,37.48621640045231],[126.9110300993462,37.4862164003773]]],[[[126.91103319901741,37.4871305999702],[126.9124566998141,37.487616699442896],[126.9126023995447,37.4866428991055],[126.9135786994382,37.4866993993248],[126.91419690031229,37.4874983997701],[126.9123323999018,37.488869800532],[126.91103319901741,37.4871305999702]]],[[[126.9245669991424,37.5127381002066],[126.9252748006659,37.511980898927895],[126.9260347005565,37.5125795001261],[126.9245669991424,37.5127381002066]]],[[[126.92604499932341,37.4899120994437],[126.927591300462,37.4883566990693],[126.92915100031941,37.4887174990227],[126.92906410069111,37.4900131007112],[126.9277004002629,37.4900891007636],[126.9270288999026,37.4913007006384],[126.9268631994263,37.489863200596204],[126.92604499932341,37.4899120994437]]],[[[126.9293322991765,37.484121299810695],[126.9301531000998,37.484223399977495],[126.9296170006449,37.484892700489404],[126.9293322991765,37.484121299810695]]],[[[126.95192319910569,37.495446200060904],[126.95424009955491,37.4944368995971],[126.95559330085881,37.4954732000039],[126.9548359998455,37.4949734005749],[126.9523509999561,37.4976772002534],[126.95192319910569,37.495446200060904]]],[[[126.9546666999131,37.495713700045904],[126.9546667000148,37.4957136998346],[126.9546667000474,37.4957137000257],[126.9546666999131,37.495713700045904]]]]}},{"type":"Feature","properties":{"interval":60,"stationId":"3426723651"},"geometry":{"type":"MultiPolygon","coordinates":[[[[126.63261949962471,37.4759086998521],[126.6343239001271,37.4748535998834],[126.6344233004931,37.476105800164696],[126.63261949962471,37.4759086998521]]],[[[126.6511069992727,37.466979099247105],[126.6533990009051,37.4669767992469],[126.6535878007163,37.4678033984203],[126.65555819874591,37.466984699239],[126.6606928015109,37.467562900144294],[126.65631709987579,37.4678324011275],[126.6555582001241,37.4669847010204],[126.6539912006259,37.4684626007458],[126.6516404005811,37.468504701147495],[126.65252819894191,37.466973600674805],[126.6511069992727,37.466979099247105]]],[[[126.6542784997094,37.4693959997831],[126.6542785001659,37.4693960000476],[126.6542784999316,37.469396000177305],[126.6542784997094,37.4693959997831]]],[[[126.66612929564249,37.5066388989272],[126.6668736011909,37.5066057010404],[126.6661292995572,37.5066389017667],[126.66612929564249,37.5066388989272]]],[[[126.6681010997418,37.5049584001385],[126.6685686999894,37.5041173996917],[126.6698938993392,37.5044681992638],[126.6696004997009,37.5032669000095],[126.6710021996945,37.5021143000088],[126.6720274993901,37.50231499991391],[126.6715623998237,37.5016712997176],[126.67500879959191,37.500739598613805],[126.6755740999841,37.4991601995768],[126.6757238004637,37.501975999906996],[126.67510280064161,37.5025498997336],[126.6775407999262,37.5029775988478],[126.6782192022233,37.5017981988068],[126.68172940199729,37.5060377981426],[126.6820583007457,37.507439399457304],[126.6800690022264,37.5074298010874],[126.6787551000636,37.5108388010471],[126.6786884993333,37.5097430011218],[126.6748147001239,37.5093716007327],[126.6746130002439,37.510809000196204],[126.6733073992951,37.5116348005925],[126.6717740988203,37.5099237006493],[126.6705597000347,37.5099899005831],[126.6690798992552,37.5088638000168],[126.66901029910079,37.5077467007799],[126.6682583994136,37.5077645002046],[126.6689866990973,37.5071648994852],[126.66819979975689,37.5065464998437],[126.66903449899439,37.5058383997972],[126.6681010997418,37.5049584001385]]],[[[126.67223459878,37.5175826000537],[126.6764854003864,37.5146982986133],[126.6771949012757,37.520741999852795],[126.67223459878,37.5175826000537]]],[[[126.67233969887849,37.466979399797],[126.6734009996321,37.465826798369804],[126.6757133002566,37.466634398627995],[126.6770726007652,37.4656319992894],[126.6771848009856,37.4665279987886],[126.6860397991886,37.4642481995931],[126.6866246017998,37.4651681998151],[126.6854854013025,37.464692301549206],[126.68386960291829,37.4665422996992],[126.6844621013345,37.467921601385896],[126.6835879995617,37.4687723010226],[126.682054501261,37.4681676006796],[126.68168730146239,37.4700403997545],[126.6807237010635,37.469862000591796],[126.6802331015162,37.4709582997395],[126.6815717986139,37.4748002019969],[126.6800350990869,37.470317800579],[126.67906340005861,37.469587801309],[126.6769722990263,37.4699690010821],[126.6754309000452,37.4673987017246],[126.6736220992958,37.467553900066996],[126.6740690989647,37.466749600445],[126.6733324997013,37.466153601041],[126.67233969887849,37.466979399797]]],[[[126.6727153987856,37.5683836974657],[126.6743933003859,37.5684229999586],[126.67355789984221,37.5685409012542],[126.6727153987856,37.5683836974657]]],[[[126.673342599363,37.524444900182196],[126.6733425999136,37.5244448979943],[126.6734741012513,37.524612900227],[126.673342599363,37.524444900182196]]],[[[126.6750176981168,37.4897109991874],[126.6750177003501,37.4897109981953],[126.67501770011779,37.4897110018146],[126.6750176981168,37.4897109991874]]],[[[126.67574909750711,37.5245559978832],[126.6783082011554,37.5244377999613],[126.6773369000733,37.524967000920995],[126.67574909750711,37.5245559978832]]],[[[126.6768196991217,37.543803699590896],[126.676819700768,37.5438036988728],[126.6768197000297,37.5438037007335],[126.6768196991217,37.543803699590896]]],[[[126.6845916987297,37.4836155012699],[126.6845917006697,37.4836154975315],[126.684591700912,37.4836155000909],[126.6845916987297,37.4836155012699]]],[[[126.6921996986109,37.510590901022795],[126.69294409964631,37.5088264990016],[126.6963717975806,37.5091167981261],[126.6976551969578,37.508322497757],[126.69799369661929,37.5071993988801],[126.6962155986046,37.5047961994166],[126.69672779805721,37.5038134985952],[126.6996722942195,37.502774096990706],[126.7025571913346,37.498671001093804],[126.7054637011977,37.499734100507595],[126.7052961002171,37.5008417993809],[126.7067311002468,37.5012575999897],[126.7057302010116,37.5019576996522],[126.7085829010066,37.5025788991287],[126.70866260164159,37.5036074991767],[126.71127879902541,37.5038443989398],[126.71166959980319,37.501471199840296],[126.7161865988625,37.499040298728694],[126.71650459690409,37.495656800423696],[126.7163828980727,37.4914214015756],[126.7149676994879,37.4907882022088],[126.71085619917079,37.4913028997249],[126.7101798993267,37.4897597005166],[126.711172299079,37.4884530003485],[126.7086356996641,37.4871278002538],[126.7091847993178,37.485247399875696],[126.70831839953749,37.484730799875],[126.70842619956491,37.483629600096],[126.7061109997615,37.481758900781806],[126.7076022993775,37.482469698063404],[126.7079242990555,37.4803868001463],[126.70711929986051,37.480199000334096],[126.7070173992061,37.478896302000805],[126.704866000298,37.4777408032585],[126.7032702977791,37.4795878011494],[126.70354379855691,37.4784208001069],[126.7024802996204,37.476336102191596],[126.6964934998004,37.4759010023522],[126.6949059998213,37.4767205009562],[126.6955143991964,37.4752317001591],[126.6945836996706,37.4749162000914],[126.69498189912551,37.4719344000948],[126.6942991994732,37.470729000154],[126.6958172991205,37.4688148992902],[126.695650998928,37.4657504990873],[126.6988606013455,37.4643376994009],[126.6995604013416,37.4656427997039],[126.7019066992936,37.4670543984775],[126.70265789854241,37.465571899960004],[126.7016693996642,37.46380709971319],[126.7047107992349,37.464863298342195],[126.7062240001251,37.4645881978614],[126.7074794988696,37.462515699933896],[126.7083213999329,37.4625486988444],[126.70840010000971,37.4613975990244],[126.710660200747,37.4630811996096],[126.7112153001313,37.4648108985304],[126.7122713990752,37.4635870997542],[126.71263920061129,37.4648124989835],[126.713637800757,37.4643090996182],[126.7114656006608,37.4719423001762],[126.71446860273231,37.4755412970833],[126.7178562003912,37.477378899696696],[126.7158071001823,37.4762056023179],[126.7119019040875,37.4773949011286],[126.7113172046722,37.478831899691606],[126.7137173022721,37.481871996651506],[126.7175836003153,37.480717197421804],[126.7192323007898,37.4835914972681],[126.72220929879761,37.4828239979524],[126.7229228992452,37.480683996641396],[126.7236231009207,37.483261597391596],[126.72757929970051,37.4848707997088],[126.7289878000485,37.4827604995363],[126.7308001009073,37.485158898831905],[126.73276659937011,37.4848855987508],[126.7328835992531,37.4836649999714],[126.7321863994833,37.4836026989684],[126.7351730998568,37.4850967985713],[126.73691769888791,37.4824307979648],[126.7392657013436,37.482729496953496],[126.7415644000222,37.4817653977334],[126.7448403978709,37.481684298074796],[126.7449528008343,37.4826785992326],[126.74717820011949,37.4834765979949],[126.7478633012677,37.4846000987545],[126.74610490170811,37.485896500468805],[126.7466037012093,37.487180699184606],[126.7451614013789,37.487946000764],[126.74410420205409,37.4907021996406],[126.7469631991951,37.491465798877],[126.74793479859879,37.4897961003914],[126.7467396998006,37.4889198997901],[126.7476326010164,37.4883577989969],[126.7493532993405,37.4887879987097],[126.7502559000295,37.4856890999526],[126.7503186009342,37.4887263996042],[126.75183819961079,37.488016299817595],[126.7518634999749,37.487268799679],[126.7520107002561,37.4880062992407],[126.7536641999169,37.4885171994587],[126.7548265990809,37.4878090997095],[126.7548500987099,37.4861217005803],[126.7535251997614,37.4862040000174],[126.7547972993582,37.4856132994886],[126.7548000998161,37.484806999891106],[126.75479730044431,37.4856132994314],[126.75577189946969,37.4854515995931],[126.7549390996771,37.4830489016492],[126.7538891994559,37.4840163002331],[126.7549390983837,37.4830489001151],[126.75529999826061,37.4811199996184],[126.7569391986317,37.4813125991703],[126.7603922993935,37.4793451972754],[126.7624614000331,37.4794122963279],[126.7638338986606,37.4785667971734],[126.7641789983155,37.4772767984634],[126.7659665010531,37.4764851980251],[126.7667091014014,37.478523798923895],[126.7687516993588,37.4786262988214],[126.7699125988716,37.4776496983486],[126.7704699000912,37.475594298336695],[126.7722601016357,37.4745160979268],[126.7742561996396,37.4744706979722],[126.7753789985168,37.473160799282105],[126.77520989878249,37.4719470970036],[126.7789234004978,37.4716257929968],[126.7777251022135,37.4722102003094],[126.77745760248101,37.473822998696605],[126.7793121006265,37.475916896602705],[126.7816268983117,37.4751114974081],[126.78284549709309,37.474154998364604],[126.7826137973141,37.4720417994812],[126.7841688993208,37.4706835973194],[126.7844669999597,37.4687949973557],[126.7907420975813,37.4644829998141],[126.78870499633189,37.4632408987812],[126.78628089647039,37.457889999742996],[126.786110395287,37.455958298268996],[126.78684169455569,37.45498459924271],[126.7858348967296,37.4508167992149],[126.7849305976339,37.4500089000228],[126.7862996989006,37.446596300211006],[126.7854680995115,37.445953300736],[126.7847476999883,37.4467558001882],[126.7815250002603,37.4449667007231],[126.7814488994502,37.4442336004024],[126.77957029976841,37.4444165012989],[126.7764607989609,37.4420947989226],[126.77829109768041,37.440403499647005],[126.7774226985488,37.438957501093],[126.775953999548,37.4383976015187],[126.7770117981836,37.4357589997898],[126.7786691990403,37.4337101988381],[126.77969520011361,37.434978098325004],[126.7809590988497,37.4348088984942],[126.7828426986042,37.4315886993352],[126.7850592988957,37.4306505994532],[126.7858133007034,37.432182397603405],[126.7885087998663,37.431128899009394],[126.78878570119771,37.4322129994422],[126.7908749000868,37.4315650995794],[126.7921150995174,37.4327731991561],[126.7931873014074,37.4324397990224],[126.7935688021055,37.4341056005437],[126.79169950301659,37.435217000857804],[126.793532101184,37.4371926988821],[126.7958401001633,37.43652509906],[126.7960361014417,37.4379146998295],[126.7979307010546,37.438773699833],[126.7965897999196,37.439070801221305],[126.7957114005392,37.4413325004817],[126.79580139941571,37.4398590011427],[126.7932550002576,37.439970800389595],[126.7936913000144,37.441370899404504],[126.7946665002224,37.4413402998038],[126.7946904007933,37.4427121993348],[126.7960327996483,37.442106599253904],[126.795837300625,37.4436226986913],[126.79804079987379,37.4420163994489],[126.7991932998346,37.442690999434305],[126.80013460021651,37.442160599006804],[126.8004629002016,37.4430828987596],[126.8024108018558,37.4433376993651],[126.8037871017353,37.4455806982098],[126.80273110161001,37.4496828010507],[126.803823100518,37.4519343987991],[126.8043025000386,37.451357699375805],[126.8040897047115,37.4564188020422],[126.8029057009656,37.458018200247],[126.8042300996412,37.460443597821595],[126.80697550182569,37.4620473964136],[126.8072206013717,37.4660270003497],[126.80632159811661,37.464535101114],[126.80670139768509,37.462656800640296],[126.8042301001564,37.460443602853495],[126.80281810156839,37.4615625017346],[126.80186280032589,37.4611191020937],[126.8008859009064,37.4625360010518],[126.801801202637,37.4638997017494],[126.8012095032287,37.4672205984285],[126.8049961019421,37.4701684977141],[126.80832050007119,37.4694972988948],[126.8096011024464,37.470277098650094],[126.8086080010771,37.4708854015914],[126.808925600514,37.4733977996289],[126.81145839981191,37.473711199870095],[126.8132600005285,37.472993299265696],[126.81198450199399,37.4751924986521],[126.8131792007993,37.4762814975631],[126.8159624997645,37.4755350984255],[126.81597069981389,37.473987899283294],[126.8207396989581,37.4737447974614],[126.821938998504,37.4716877979104],[126.8233255996074,37.4723232988703],[126.8243257992807,37.470803999387904],[126.82742760003619,37.4711285990001],[126.8258877044498,37.4747840982769],[126.8276176027199,37.4782446948163],[126.8311376991998,37.4790031940578],[126.83394079619349,37.4741176981495],[126.8367360964955,37.4738884954335],[126.8386491945824,37.4705177988042],[126.8380994951321,37.467906801415204],[126.83546509776649,37.4666548026672],[126.8332922971227,37.466842500772195],[126.8331695972805,37.4634147002019],[126.83364520079101,37.464083598769705],[126.83510769932849,37.4637185991347],[126.8351037992732,37.4628465989993],[126.837187998576,37.463280098645],[126.8377381028469,37.4611928974145],[126.8407130998719,37.4627550958523],[126.8419707986142,37.4619737966336],[126.8408337991992,37.4585586988218],[126.8450747996234,37.455908098353504],[126.84483469986351,37.4539169003447],[126.84382719656811,37.4538567000504],[126.8446933001135,37.4533032987906],[126.8454825016932,37.4539325000288],[126.84579480031479,37.456197902163396],[126.84507480103481,37.4559081024532],[126.84083380527579,37.458558699802595],[126.8426979034117,37.4613051970561],[126.84553270057691,37.4608589975023],[126.84913020104031,37.461616496834196],[126.8527967973737,37.4609447975059],[126.85525059750411,37.4572787974709],[126.8593373998122,37.4559851982369],[126.8604748965477,37.4524352963763],[126.8608978013639,37.4533274987323],[126.86422619803551,37.452067199992605],[126.86341940047289,37.450408898656896],[126.86535850191319,37.451718698717],[126.8708504969298,37.4515512994612],[126.87077089747099,37.4496498004085],[126.8697740971069,37.448389501048496],[126.8748473015094,37.4480997945369],[126.87738869896799,37.4441820984546],[126.8772153992569,37.4419302957438],[126.879261698986,37.4411132971275],[126.8793008991523,37.4384541991748],[126.8800563049275,37.443940498113996],[126.8852400997437,37.4453950966594],[126.8862042000834,37.4422570996099],[126.8876179998379,37.444626197367704],[126.8884617989941,37.444383697610206],[126.8917591956967,37.4415018004921],[126.8875064999494,37.4395991023948],[126.88596199871601,37.437487300620504],[126.8846184989119,37.4375698007392],[126.884321200003,37.4362930995394],[126.88597349959251,37.4357833991642],[126.8859785993193,37.4349420993399],[126.8870888994001,37.4352960995544],[126.887234999254,37.4340500008005],[126.8865845998047,37.4319484022904],[126.88544349835749,37.4319402999772],[126.8859558978451,37.431287400630104],[126.8852743985266,37.4287471031704],[126.88104799481941,37.429509501207505],[126.88112699474041,37.4274149033021],[126.8776219967159,37.4237912054205],[126.8749892961669,37.4226625021108],[126.872091199065,37.4226278021455],[126.8735645971732,37.4214882005622],[126.8702502995597,37.4183304989061],[126.87101819879179,37.418895598341],[126.87381089624719,37.4153092929502],[126.88163869808899,37.4112540953974],[126.8825762002595,37.4116127984603],[126.8838790990166,37.4101425998592],[126.8832787964489,37.406220000431496],[126.8849988000769,37.4049145990033],[126.88788840256659,37.405668597977396],[126.88589760313491,37.4082572004516],[126.8856793033532,37.4099479987608],[126.888986400894,37.412303598765604],[126.8911236987567,37.411705399363804],[126.8961620990996,37.4059695997333],[126.8959117995275,37.4051275999935],[126.8989156999166,37.403346799099204],[126.9005676001439,37.4032391997762],[126.8998756009361,37.404672598641596],[126.9014556996268,37.405079798326604],[126.9016866994759,37.4024860994546],[126.904662802014,37.4011338959188],[126.9079796986971,37.4017662952864],[126.91095849914991,37.4000053981721],[126.9111144994703,37.3975932000532],[126.9100945985295,37.396093900191595],[126.91113039923441,37.3924114985083],[126.9130840004198,37.392919397630195],[126.9144439012143,37.390503897837895],[126.9164389022108,37.3931454972409],[126.91807300057671,37.393305397081],[126.9212071981938,37.3912728989682],[126.9202793990444,37.389789399944796],[126.9213385983309,37.3847938994829],[126.92001909937561,37.3838022978861],[126.9207485996258,37.3767601998625],[126.92319809867779,37.3800919963336],[126.9299128997788,37.3797450972817],[126.9310138011807,37.377611798295],[126.9322586013628,37.3778413986776],[126.9324792011422,37.3789484975705],[126.93646989912581,37.3780608983219],[126.9366369989587,37.3760021003807],[126.9347312988901,37.3743643021547],[126.9330088006126,37.3744881020309],[126.9323284997319,37.3723472006879],[126.9311998993994,37.3727012004289],[126.9308003993967,37.371199099778096],[126.93157379953739,37.3718808991412],[126.93182899927689,37.370202500030295],[126.9324239995219,37.3704408995303],[126.9332549986909,37.3691837007875],[126.9328207991251,37.3682516017196],[126.9314858999805,37.3685248010752],[126.9316735996011,37.3674707998704],[126.9314859003329,37.3685247990664],[126.9331231991751,37.3676240999583],[126.9336949994141,37.366105499952106],[126.93294500016411,37.3655095005481],[126.9315632996392,37.3659030999088],[126.9336220991039,37.364089199843804],[126.9327788989835,37.362597301206094],[126.9315386999629,37.3624633012058],[126.9308113997861,37.363272000254],[126.9303555993506,37.361107700053495],[126.9287416991975,37.360684200342405],[126.930225199226,37.358930799914305],[126.9300550993961,37.357898100947],[126.92810539984791,37.3587023003685],[126.9282888993948,37.3561605007923],[126.9269740997496,37.353513200815904],[126.92456249796959,37.3537400015459],[126.92325139805119,37.3464965999349],[126.9238682993697,37.3465541987867],[126.9236875994143,37.3452269990921],[126.9253325998193,37.3452157995945],[126.92673600014611,37.346859700125904],[126.92551400140401,37.347768799597596],[126.9257592011588,37.3485389988274],[126.92696769995031,37.3490221983442],[126.92901860239131,37.3481111980405],[126.92686350223529,37.350628800516006],[126.9279544017716,37.3523839004207],[126.92741940132521,37.3530067009164],[126.9280943008487,37.3558411987197],[126.92963229950759,37.3551864994812],[126.9298895998364,37.3538162989883],[126.9307453015775,37.3539381989591],[126.9315783007445,37.3554744974228],[126.9332048994038,37.353381999187505],[126.9376701017145,37.3557554978511],[126.9399322007993,37.355883497772496],[126.9393441013466,37.3609795996321],[126.9405576001331,37.3611775994341],[126.9401131007795,37.3617201996392],[126.9413211995714,37.3623740989853],[126.94183889956119,37.3611145992665],[126.944234600322,37.3610919990794],[126.9448208997357,37.360311599859806],[126.94742429938489,37.359814100065904],[126.9480058992143,37.358843700246304],[126.946732999519,37.3585601005573],[126.94768379963489,37.3577053000441],[126.9471602998478,37.3566512999123],[126.9478171000477,37.3576909982847],[126.94949099837379,37.3562510997246],[126.9494291991244,37.3543444996205],[126.9485725994888,37.353613199763295],[126.9492709987904,37.3531037002728],[126.94783240022899,37.3519456014309],[126.9476435001717,37.3534331005176],[126.9445089000764,37.3533813004777],[126.9443523996537,37.3523202010691],[126.94349079893391,37.3528902001419],[126.94319659904,37.3515497006342],[126.94090039926401,37.3512413001005],[126.9413927995985,37.3507144993211],[126.9403249999356,37.3482610015394],[126.9391858995935,37.348346102158104],[126.9400970988988,37.3436500997828],[126.93872689936141,37.343067099228996],[126.94191909980621,37.341713499547],[126.945959299159,37.3441500980274],[126.9480942006194,37.3423927994964],[126.94807070051971,37.343946399831204],[126.9493560005231,37.3446334990893],[126.9501843001351,37.3440539994089],[126.9505240002383,37.3459984987477],[126.9522298990211,37.3455862994374],[126.9521620007893,37.3448333994751],[126.9524361004561,37.346427599161],[126.9538774000655,37.3466676986913],[126.9538467004669,37.3476193992204],[126.95468630003121,37.3479374990617],[126.9551520006139,37.3471680991065],[126.9569408998222,37.3488003995002],[126.95789750029971,37.3481550992577],[126.95821340118921,37.3500090010936],[126.9570853004645,37.349574200526],[126.9559064009934,37.3520075994256],[126.9573213002885,37.351932999416505],[126.95902099972771,37.353055099111096],[126.9601765999817,37.3521789990209],[126.9589571014167,37.3535073996705],[126.9607752007646,37.3538261002436],[126.9600130005098,37.3563044002773],[126.956575500841,37.358302200251494],[126.95617379967,37.359538100817005],[126.9550399008039,37.359375200979905],[126.9531289027149,37.3619385984165],[126.9543686014752,37.3625696977854],[126.9542691015406,37.3655724994701],[126.9564697008901,37.3660812991688],[126.9563442010641,37.367581799847905],[126.9572171005573,37.3678857000264],[126.95634420085051,37.3675818004914],[126.95616340069519,37.368762699748395],[126.9577637000107,37.369068998843105],[126.9570595008224,37.3695105997454],[126.9582472005869,37.370531300192305],[126.9569383998879,37.371130901178894],[126.9569987998129,37.3699767003612],[126.9556689006022,37.3695241008715],[126.95403330083441,37.3729669004688],[126.9522947022585,37.3746632992408],[126.9507181996425,37.374010701389],[126.9495642007965,37.3752815001182],[126.9474628030015,37.379640698463],[126.94863490168841,37.381714198914295],[126.9499911003322,37.3821199985085],[126.95067229996789,37.3806825998279],[126.95227440028759,37.382014799113904],[126.9532668992951,37.3810704000583],[126.9526861996836,37.3808819990787],[126.9562738995693,37.381557899325095],[126.95674200038931,37.3804318995389],[126.9564963009161,37.3816561991882],[126.95774239967,37.3816770991673],[126.9583990003492,37.3830397001174],[126.9568679003782,37.3828159002387],[126.9565181006636,37.3839530998367],[126.9575646001133,37.3849470990602],[126.95889320078301,37.3837494998023],[126.9594831005152,37.3849859001895],[126.95888560069321,37.3866048997584],[126.9593287002501,37.387325299038004],[126.9604712012284,37.3871622998531],[126.9611405010335,37.3885113991021],[126.9623806997933,37.388659398954104],[126.9636416004861,37.3862722995254],[126.9644665006277,37.3871963994536],[126.96661089971441,37.3868718989043],[126.96710919977839,37.385892999366405],[126.968356000097,37.3868908995866],[126.96902880007751,37.3864457994426],[126.96896460061001,37.388526299237306],[126.96971940127341,37.388285599914404],[126.9696145013937,37.389179599207296],[126.9710622011932,37.3908089999902],[126.9693634016662,37.3916680007708],[126.9692824017472,37.3924193000195],[126.9710101010751,37.393379900026396],[126.9710245010607,37.3948854985208],[126.976871001422,37.3944189994835],[126.9772355011364,37.3965045983417],[126.9780668006282,37.3969776983443],[126.979106999588,37.3958076995143],[126.9788830998846,37.3949462997959],[126.98195869995831,37.397575798788196],[126.9826398001971,37.3969268998448],[126.98234930069549,37.398199500786596],[126.980926802118,37.399100399885704],[126.9822344019221,37.405284102480806],[126.9784662003878,37.4076297026757],[126.97821809771061,37.4055496025181],[126.9771608987678,37.4044980035697],[126.9735440023847,37.4062270018407],[126.9731825995634,37.4041446015095],[126.97177120057711,37.4041442006489],[126.97226480033821,37.406424100241104],[126.9704260999353,37.4063651007856],[126.96996109891201,37.4053477006126],[126.9686960989751,37.4057193996398],[126.96934159838091,37.4046711001225],[126.9678489985315,37.4030768996981],[126.9684527998046,37.4021762998372],[126.9692430992821,37.4026587990156],[126.97042429810091,37.401672400002],[126.9689499994661,37.398897502164395],[126.9663289020872,37.399579301482596],[126.9642560991585,37.401495200667796],[126.96462629846951,37.400716201283196],[126.96335739973841,37.3988442031552],[126.96129140180439,37.3996713023281],[126.9619115008429,37.4020656000512],[126.96117470015601,37.4026838003561],[126.9591083000847,37.3998191023227],[126.9567747997838,37.399383901919194],[126.9563112988278,37.397947700065906],[126.9547857003534,37.3974208005928],[126.9521253989723,37.3979495007315],[126.9513975997701,37.3962653015217],[126.95055019986499,37.3963654011664],[126.9489729005885,37.3992595016613],[126.9419393008827,37.3962638005617],[126.940752401759,37.3976644997527],[126.9404605037123,37.4004076991402],[126.9391160015151,37.400429501745805],[126.9383501006016,37.4026406007614],[126.9366382004344,37.4018384013482],[126.932760404272,37.4035293997502],[126.9345043035741,37.406391697566804],[126.9331034035165,37.4077294000907],[126.9367070015572,37.4088673038058],[126.9329028021856,37.410628202658096],[126.93131800109981,37.4091633022839],[126.9287854036147,37.410319301185496],[126.929437798316,37.412985401338],[126.92590679745231,37.4117189020553],[126.9254577976678,37.4092001038034],[126.9213905017351,37.4109928020107],[126.9199604009538,37.4131131997988],[126.9206634026957,37.416654997119196],[126.9249362016495,37.416330697439804],[126.9240636008643,37.4162281014844],[126.9230762018517,37.4185518991606],[126.9272152017303,37.4198544001678],[126.9229647024368,37.4210391005347],[126.9225189009109,37.423659900653995],[126.92017610325371,37.4256250986888],[126.9182277041567,37.4312555961757],[126.91902990486909,37.4405383970116],[126.9202262036961,37.442565799889294],[126.9152427022255,37.444637800672105],[126.9168983006775,37.4472644994617],[126.91891389937601,37.4470463993276],[126.9183671007101,37.4454393991608],[126.9196065007904,37.4476763002898],[126.919586000553,37.4493455996424],[126.9211924010147,37.449469199946506],[126.9210201021019,37.4508539010661],[126.9194392011009,37.4515739003158],[126.9200401004056,37.4536564010077],[126.91822400168469,37.4539974020866],[126.91894960095911,37.457141398942596],[126.9211313008852,37.457036099822204],[126.9173780000754,37.457413101062194],[126.9170077004457,37.4587680997072],[126.9179015995518,37.459763698711605],[126.91835499909841,37.4590460994292],[126.9190914996502,37.459439098939],[126.9193806002401,37.4605147992922],[126.924225898025,37.461394299171005],[126.92381349868529,37.4590925982191],[126.9260572007436,37.4607989995133],[126.9322987972411,37.4578674003973],[126.92980249876639,37.4553904996908],[126.9330300002,37.456547795999604],[126.9430196004971,37.457675696357406],[126.94455389896281,37.4562716977614],[126.9441656993476,37.454190298277304],[126.9475583998842,37.4568559973279],[126.9502331992646,37.453881298422296],[126.9510945004938,37.4546081997047],[126.9504890004449,37.4554326000405],[126.9510894003445,37.4569002995296],[126.95185379990279,37.4553051995145],[126.95253850035151,37.456484598902506],[126.9528772001839,37.457989500225295],[126.9522790002988,37.4583815999325],[126.95303369954411,37.459267499046604],[126.9552297999234,37.4584993987486],[126.9557690013148,37.4603035988806],[126.9573572003286,37.4596905998827],[126.956918600553,37.4602880999322],[126.9580924002039,37.461809300076595],[126.957405000515,37.4618265007421],[126.95753840038161,37.4626237999448],[126.9586824000159,37.462518799538195],[126.9594414012672,37.463472599027504],[126.9609207997878,37.462724799775295],[126.96421030446601,37.4636722983617],[126.96910480026439,37.4617656981332],[126.96847250207401,37.466085496995795],[126.970151500395,37.4658745972067],[126.9716618988846,37.463633599447704],[126.9709823000942,37.462661699452696],[126.9729081003339,37.465553497361896],[126.9734534009092,37.4629919992538],[126.9743152000474,37.4645734976723],[126.97794740102141,37.4649176954196],[126.9800453004451,37.4667566980645],[126.97891290144119,37.466915702044],[126.97829110206301,37.4690709998887],[126.9806033997507,37.4710080979516],[126.9829779973761,37.469993498966204],[126.98522290055689,37.4668220980451],[126.9863224999335,37.4679953995277],[126.98809969983341,37.4673458988961],[126.9884371995754,37.464687501236895],[126.9874359989174,37.4609114995024],[126.9886868988555,37.459392799438305],[126.9878057997366,37.458721900109204],[126.99135629835271,37.4550593009227],[126.9924997965023,37.4518872971351],[126.9941253989979,37.452001598727506],[126.9947839983393,37.4509669997621],[126.9934308980593,37.4500718990429],[126.993011598311,37.4472368994972],[126.9952142970243,37.4459708002139],[126.9950343972042,37.4444088017759],[126.9960893999195,37.4439469992065],[126.9966967009164,37.4448298979327],[126.9997224978906,37.444679598083],[127.00218269653341,37.441126500316905],[126.99901339860149,37.4404178994816],[127.0015178984531,37.4376842998087],[127.00228639863,37.435085400618796],[126.9991789999326,37.434415100536306],[126.9956909005,37.4377496007159],[126.99600239972139,37.4358461007998],[126.9943717999744,37.435812500175096],[126.9943199992321,37.4350829006046],[126.9928160007361,37.4344492012383],[126.9908589973054,37.435183002868904],[126.9897679997177,37.433896199614],[126.9908428994255,37.4321934993229],[126.9902112000572,37.430649000867405],[126.98738810010451,37.430034901409904],[126.9878105990505,37.4288036003813],[126.985548998777,37.4280101987164],[126.9867451986209,37.426479799431704],[126.9858159993707,37.4256430996711],[126.9867451999808,37.426479797619905],[126.98827389845209,37.4242120998876],[126.9865175002085,37.4231616009381],[126.9860352985418,37.423641599277204],[126.98646409914771,37.4231537972193],[126.9877385996193,37.423788598636804],[126.9879830998336,37.422081299877505],[126.9889850005611,37.4222798997253],[126.9877386017326,37.423788599535],[126.9891963007703,37.424286100224],[126.9882739009381,37.4242121012066],[126.9867452024668,37.4264797989389],[126.9883028012413,37.4282489977891],[126.9902737992703,37.426710099328],[126.9894955997782,37.4256246998981],[126.99074809899811,37.425769300039896],[126.9910195000864,37.4247279997899],[126.99181589957051,37.4251937991445],[126.9930198993132,37.4243750994925],[126.9924732997627,37.4229193992606],[126.99425789959369,37.4245338983593],[126.9955684995774,37.423941298651],[126.9938093016728,37.427828298871205],[126.9961657000112,37.428681798872496],[126.9971271002047,37.4277742995396],[126.99760670037841,37.4285835993818],[126.99800930026751,37.4280100997854],[127.0017124005961,37.4295164997507],[127.0000464016371,37.430297099550096],[127.0009738015757,37.433175597352],[127.0044020001998,37.433176597363605],[127.0059173993022,37.4302515987986],[127.00942709930429,37.430187397659104],[127.01043600127319,37.4342396961498],[127.0128309002925,37.4359683940701],[127.0144236021755,37.4357395012841],[127.01283090271029,37.435968402341],[127.00957410596709,37.4389227993866],[127.0100487054442,37.441041898936405],[127.012509902983,37.4436008963774],[127.0156752998176,37.4418391981391],[127.0168769009442,37.4430442988119],[127.01791230055791,37.4422990995784],[127.01629850467691,37.444045600978804],[127.0129600027971,37.4441875005584],[127.0115612036692,37.4458157017505],[127.0117498009983,37.450532500370905],[127.0124436018006,37.4516243008472],[127.01145669812179,37.4512486007343],[127.0104195988338,37.4485594025159],[127.00962559962781,37.4484190026563],[127.0082606009928,37.4499855010898],[127.0080005019848,37.4542602991232],[127.0091515008338,37.4548112985722],[127.01054449989749,37.4537666987732],[127.0132970009726,37.455301700051],[127.0126793014645,37.458193101016704],[127.011803399406,37.4570945017906],[127.00095950340949,37.4588280028298],[127.0005725993325,37.4616383010995],[127.0004758963302,37.460286601751605],[126.99135629935711,37.455059301561406],[126.9901786004381,37.4566488010298],[126.9885779016484,37.457269300819],[126.98855930166701,37.4583270997612],[126.9901311012007,37.4589463994837],[126.9887375026557,37.4599792000797],[126.9978308020743,37.4671288956089],[126.9963191018252,37.4667478036534],[126.9944067037376,37.4689298014714],[126.9970105011338,37.471482498918704],[127.0020006961436,37.4702819001193],[127.0019492012503,37.4692638980012],[127.0026085015456,37.4707246987968],[127.00578390165279,37.4716088987591],[127.0063786029428,37.4759685982264],[127.007670401651,37.476594497600495],[127.00874230002009,37.4786852995748],[127.0101471000921,37.4787569994048],[127.0106082996309,37.479511598650205],[127.0131002001932,37.4783423992432],[127.015919397374,37.4791833984022],[127.0165458002548,37.4778570980422],[127.02037130057079,37.482691997731],[127.0245870022462,37.482275498514],[127.02534230065241,37.4832729997597],[127.0244406012426,37.484794999194996],[127.0250585006247,37.4851063988836],[127.0266814993169,37.4850645987335],[127.0270330991953,37.4834739996097],[127.0300996980519,37.4819331990125],[127.0298136991301,37.4804083981647],[127.0328600012014,37.4812994974503],[127.0344351002407,37.4790098992367],[127.0353463000538,37.4794165993413],[127.03858290013339,37.47733499946089],[127.04020200053529,37.4789255997722],[127.04175880020149,37.482980499585295],[127.0447330999129,37.482002699430005],[127.0469745008817,37.4828222983878],[127.0490312005128,37.4824157993567],[127.0478684007882,37.4833546010028],[127.0482544004022,37.484647199710196],[127.049900600446,37.4850260998309],[127.0505585008864,37.4868868001435],[127.0501348015864,37.4879938997894],[127.05125050087169,37.4891124988539],[127.0529001994229,37.4883214990835],[127.0538285998455,37.4887421995399],[127.0538223998858,37.4880693991078],[127.0593026974192,37.486299000539006],[127.0576686997667,37.484274699691],[127.059302699721,37.4862989991162],[127.0604287008277,37.485069199451196],[127.0593027014351,37.4862989991856],[127.0622028997934,37.4869024991356],[127.0619112003717,37.4874452002468],[127.05930270149851,37.486299001714],[127.0584528022373,37.4894044989114],[127.057130001186,37.4888500007524],[127.0565127018033,37.4909429986594],[127.0570529020151,37.491745298927],[127.0588998001682,37.4914224992498],[127.05844860130611,37.492374600191795],[127.05966720042761,37.492941800009795],[127.05844860006131,37.4923746012566],[127.0545815036179,37.493533900340104],[127.0560168007473,37.494285298837305],[127.0565875002144,37.4968882998236],[127.05714960039761,37.4976844992041],[127.0581166002393,37.497358299542],[127.0580569007589,37.4979358003355],[127.0556443001214,37.499116200307306],[127.05451480048711,37.4986456010366],[127.05430850069341,37.4996206000616],[127.05305699991399,37.4992221012746],[127.0521354017572,37.5002225992736],[127.0529710005236,37.5004966988642],[127.05426290031849,37.5024346993386],[127.0540113009697,37.5032271000807],[127.0551136005791,37.5039526998362],[127.0544742013485,37.5044889004409],[127.05673850045649,37.5070651007132],[127.05423230010969,37.5077924004504],[127.052616200322,37.506395101094],[127.0517406001876,37.5083986010841],[127.0500990007593,37.506908701982994],[127.0480845012156,37.5071763018801],[127.0460307007112,37.5099893993956],[127.0501829993825,37.5112238985912],[127.0552493003436,37.5093387991186],[127.0563460004498,37.5111420001461],[127.05592200087379,37.5122157990723],[127.0599956986873,37.5123402980903],[127.0611152982394,37.510835298288896],[127.0605754987792,37.508657400466795],[127.0591031002516,37.5086563004679],[127.0587229000733,37.5093776001346],[127.0575854995083,37.5070023998531],[127.0603112995188,37.5060235994713],[127.0614748010495,37.506791698902504],[127.0632348992894,37.5062459994482],[127.0639860992027,37.504845499823],[127.0650399995202,37.505195298931895],[127.0656262993333,37.5045442991425],[127.06552040023169,37.5061362987958],[127.06728800049271,37.5075478998951],[127.0667214011291,37.5091136004407],[127.0674040004465,37.5099616995926],[127.07042389955299,37.5106251994643],[127.0707101999636,37.5096811997062],[127.07066420039699,37.510374399567404],[127.07311829927461,37.5111009997896],[127.0740601007756,37.509439600104],[127.07398830091199,37.5114022991262],[127.0750826002979,37.5110543003738],[127.0734626004057,37.5118784020922],[127.0723363999618,37.5111478024815],[127.070338900263,37.513311600319604],[127.069917199903,37.512418800498],[127.06957079923289,37.5130160999621],[127.0691369987302,37.510516500360204],[127.0664228003842,37.5099964006987],[127.06674650112069,37.510858700018],[127.0650460006211,37.5113811009181],[127.0646466010205,37.5129495993496],[127.0665755001039,37.515470900119695],[127.064146799819,37.5160086003957],[127.0636600003058,37.516477699926604],[127.0643891002188,37.5169756005563],[127.0622050007276,37.5178265002796],[127.0622007005964,37.518982899577594],[127.0611253006587,37.5196178002838],[127.0612629005211,37.5203759995256],[127.0621017008052,37.5200124005387],[127.0614257005352,37.5215249001072],[127.0591598028011,37.5231685984635],[127.0633199008763,37.521700599275704],[127.06666320131619,37.5289816994946],[127.07193359891839,37.527671591787495],[127.0727997007648,37.5294427988555],[127.0740358997279,37.5285135998424],[127.0759749994112,37.5292401985136],[127.0748626006547,37.532421000176],[127.0734018013923,37.5329452005112],[127.07199680158439,37.5351243010424],[127.0726129009683,37.5364757996909],[127.0719668014931,37.5385398985778],[127.07410489935499,37.537823399294304],[127.073687199894,37.537062699104],[127.0744124998851,37.5368278998997],[127.0772340014435,37.537927399638],[127.0764872007424,37.538841399911206],[127.0770631003943,37.5392638002604],[127.07523260196251,37.54056599957],[127.0760652003616,37.5423024001962],[127.0737201007975,37.5443401997319],[127.075155599362,37.545008099064],[127.0767512005067,37.5442690991616],[127.0787493004386,37.5457029997587],[127.07697980008591,37.5454761009301],[127.07600890105681,37.5470633993428],[127.0752624010172,37.5510716984155],[127.0770642010865,37.5506625002701],[127.07688970050299,37.5519057009607],[127.0761089997163,37.5521192007784],[127.073835199322,37.5513003005923],[127.0718941993953,37.5489428007535],[127.07094290018041,37.5497177008993],[127.0704018995297,37.548187901093705],[127.0688315989633,37.5483182004444],[127.069321299879,37.5471047997803],[127.0703610993021,37.547481099660196],[127.0700240994636,37.545855700180695],[127.0681681998405,37.5458671001739],[127.0675538996733,37.5441121001111],[127.063599398949,37.542930301196805],[127.0647448998939,37.5400685997976],[127.06579959920141,37.540187199760496],[127.06533129967839,37.5393384997585],[127.0664392994731,37.537969900716],[127.0643354998525,37.53806570026779],[127.0625418997935,37.5371688003133],[127.06233519969261,37.5361699007404],[127.0608010000914,37.536161600172],[127.0601663997,37.534930199832495],[127.0608262991486,37.534087000337],[127.05976219947989,37.5336679999787],[127.0616449994246,37.5341635992899],[127.061571599498,37.5332700001835],[127.0597834985195,37.532235199732504],[127.0642207999427,37.530022899839196],[127.0654360995412,37.530335399219396],[127.06653509924959,37.5287176006412],[127.0630166019607,37.522088607466195],[127.0591598047382,37.523168606816995],[127.0570851009599,37.5229408015517],[127.0568451011999,37.5247362997562],[127.0559782001048,37.5243367009697],[127.05488940010439,37.5261803002133],[127.0531469001466,37.524972400815905],[127.05217239982841,37.5268595003722],[127.0503568993986,37.526524800702],[127.0499147996471,37.5253410013763],[127.0467507004429,37.5255192008485],[127.04434000084251,37.5284498008726],[127.044075199268,37.5277289009056],[127.04260940073381,37.5284602001743],[127.042215501052,37.530398399209105],[127.043410400962,37.5300107996875],[127.0423175004935,37.530699400600405],[127.0425960002605,37.5312489001491],[127.0341148007437,37.529053300387],[127.0339125000168,37.530925700904795],[127.0316841996634,37.5315623008754],[127.0309404004072,37.5308513015864],[127.0293667008672,37.533106600207006],[127.0268281001876,37.5333705006507],[127.0245425024732,37.5325163015049],[127.023166703849,37.5335236004976],[127.0203219037721,37.537621905820295],[127.0206221034719,37.542003201439],[127.0234068005461,37.5439054006554],[127.022662399214,37.5440775001867],[127.0229098989665,37.543536600727606],[127.020622099979,37.5420032013873],[127.01881500178611,37.5424296009609],[127.0192600011067,37.5440080004681],[127.01763180090741,37.544875900178404],[127.0186636003477,37.5464570995322],[127.02129720018411,37.5473895996263],[127.0213526999851,37.5490647006197],[127.0192964001015,37.5507735010713],[127.01947869935809,37.5502726002283],[127.01754890067619,37.5493977008497],[127.01489670051659,37.550066300534795],[127.0135216008822,37.5517453999011],[127.014604901255,37.551919599167896],[127.015093700802,37.5538850006433],[127.0136150013075,37.5556377999582],[127.01406780103581,37.5563260996058],[127.0134561010288,37.5573973996354],[127.01115449967101,37.5582193002589],[127.0089423006002,37.5572061007111],[127.00846230118921,37.5585355996935],[127.0075178007081,37.558397000815],[127.00644840060869,37.561126100318006],[127.0082347003011,37.5621680995529],[127.0106117000362,37.5615150994227],[127.01268429978781,37.563117399225206],[127.0132817998681,37.5627982991695],[127.0156682995037,37.5651837991918],[127.01789459930491,37.5645903992244],[127.0177277995399,37.5636819992367],[127.0194833997106,37.562592299563896],[127.0196500003073,37.563383199360096],[127.0211142006552,37.5641472993552],[127.0218094008243,37.5636545996892],[127.0220614016279,37.5644711997287],[127.0238189000639,37.565085599922305],[127.0237200005742,37.5658650999879],[127.019410799964,37.568878000209196],[127.01790629891961,37.567732500266395],[127.01786319983809,37.5665360001595],[127.0167239995602,37.5664913999809],[127.0171744996389,37.565558600364106],[127.01488370033199,37.5650889002727],[127.0128323010148,37.5676097996146],[127.01377620095039,37.5676033000582],[127.0099014002641,37.568626500022404],[127.0104666007601,37.5693457000173],[127.010057500282,37.5708386992746],[127.0122168003885,37.5710823996301],[127.0130520004998,37.5721845993728],[127.012386100371,37.572508700841404],[127.0116690000302,37.5719502010213],[127.0107473999589,37.572514400598905],[127.010329699785,37.571737200992004],[127.008207099784,37.572185200233896],[127.0083677995846,37.5710889005161],[127.0077271993468,37.571187999992],[127.0088565995968,37.5709794995287],[127.009652499739,37.5693657001735],[127.0083650000598,37.5692718004202],[127.0090595994369,37.568370600281],[127.0083472995994,37.568356599871905],[127.0083335995195,37.5675485003145],[127.0066452006605,37.5680707006213],[127.0066164999898,37.5689311003418],[127.004750700608,37.567464800855106],[127.0036298009086,37.5675256019502],[127.0031550013834,37.5695221999536],[127.00453260051691,37.5697496000399],[127.0057067006598,37.57116700006],[127.00202080175549,37.5729161005577],[127.0020640003879,37.5738865005073],[127.001508799846,37.5720422013989],[127.0001927005211,37.5732134016393],[126.9986919002676,37.5716879010748],[126.9976453003788,37.5727317006316],[126.9974602992634,37.571075300883194],[126.9964069003168,37.5709824009761],[126.996453100011,37.5722156000158],[126.9938401004853,37.572091700561],[126.9922077012152,37.5742903006362],[126.9897436005739,37.575147900454],[126.98664710051659,37.573573600713104],[126.9852636000059,37.5749231003801],[126.9841016001838,37.574581200498095],[126.98404900014489,37.575888400534794],[126.9832192000293,37.576397100166],[126.9814158996763,37.5757159000294],[126.98191829986061,37.5750979000339],[126.981368299598,37.5739890008123],[126.97973139989891,37.5735588003645],[126.9784970011333,37.573626500296804],[126.9793783,37.5742778000807],[126.9784969999653,37.5736265006402],[126.9773964012454,37.5751183003335],[126.9785603000726,37.5756531009663],[126.97658279968961,37.5758688006594],[126.977217899122,37.5741212001856],[126.9764045999353,37.5737426005642],[126.9744381008311,37.5744203000134],[126.9743146999771,37.575477200196104],[126.9740076996943,37.574708600666504],[126.9729800000038,37.575120000781396],[126.97166629964529,37.573055000451795],[126.9726372988238,37.5726860999277],[126.9719560998632,37.5701855001352],[126.9704040003871,37.569727801092405],[126.9693384998806,37.571201600269205],[126.9688597995774,37.5690427008509],[126.9665251010408,37.569515401052],[126.9667190002327,37.5709092008572],[126.9655656998867,37.5703402006821],[126.9642862997784,37.570920900233794],[126.9637313999727,37.5702232004001],[126.9624803000508,37.5711214003552],[126.96270059961961,37.5705739999876],[126.9617453992288,37.5709466005486],[126.9607205996208,37.5699065999403],[126.9603204991892,37.568055000415605],[126.9587923999096,37.5675338004002],[126.9558279019969,37.567163900487195],[126.95533639955329,37.5683643020134],[126.951066199112,37.5663980018952],[126.9488869012913,37.566567301725904],[126.947809999852,37.568238100431],[126.94547379971691,37.5674354008879],[126.94578489912101,37.5660746013009],[126.9447446001613,37.5658800014955],[126.9402876002767,37.5692176012027],[126.9353225007744,37.5670327011621],[126.9340936005346,37.568568299877604],[126.93525070007979,37.5697461000058],[126.9354004001964,37.5716971003809],[126.9334327002638,37.5721858003309],[126.9318148999948,37.57124690094],[126.9300446000871,37.572020000487605],[126.9290004001141,37.571371400839595],[126.927007500109,37.5717699005863],[126.9268387996179,37.5708535008007],[126.9261619000326,37.5713937004936],[126.9230423018879,37.5702119015128],[126.92358830017291,37.57184990040329],[126.9207207986328,37.572815401090004],[126.9188871004665,37.5714062024992],[126.9165896019081,37.5712333032139],[126.9147261017783,37.5724192027506],[126.9134004000688,37.5711072018688],[126.911952201517,37.5712836016924],[126.9115745018947,37.5733701996058],[126.91053790145969,37.5741617994972],[126.9109140010369,37.5761179991526],[126.912299900542,37.576365599110105],[126.9129757007188,37.5773797997221],[126.9152143993699,37.577181198079195],[126.91563460176741,37.5785319988955],[126.917009000393,37.579036498391],[126.91888760051131,37.578408099482395],[126.9186705006033,37.5797624989614],[126.9200922011325,37.5810051994356],[126.9199512004963,37.5824661005759],[126.918284500808,37.5847755995256],[126.9197087004101,37.5854755000246],[126.9196647005481,37.5874029994812],[126.92100810023719,37.587397199500096],[126.9204795003849,37.5884850003305],[126.9213592006674,37.5891677999135],[126.920721700679,37.5903883993754],[126.9223367005916,37.591286800145],[126.9212651002582,37.592508400062],[126.9217733002509,37.5933318004189],[126.92062580035,37.593506100179],[126.9211167003547,37.5941450000123],[126.91893440023719,37.594579100383896],[126.9187665004866,37.595513100336795],[126.9193762001566,37.5963503996211],[126.9202002005746,37.596071099739405],[126.9201109005859,37.5973525995041],[126.9212252999164,37.5973031993146],[126.9203760007277,37.5977039002517],[126.9209796001241,37.598563399392205],[126.9225282005123,37.5979667000872],[126.9211825004397,37.599478599811896],[126.9230902999462,37.59986339955449],[126.9247833000837,37.6018107997656],[126.9274756004844,37.6023655991944],[126.9270935002951,37.6042111002062],[126.92589700104371,37.6040408003403],[126.9260328009457,37.6048204998622],[126.92883730085279,37.605263199434205],[126.9282305004545,37.6056114001165],[126.9288745002833,37.606631500172],[126.9283851999445,37.6062776005181],[126.927398300249,37.6076840996222],[126.9303659000112,37.6073545994146],[126.9309332000625,37.607896099532795],[126.93287360016829,37.607189499815796],[126.9334803009916,37.6098695998351],[126.9329424002638,37.6096165007835],[126.9328726003336,37.6106400997599],[126.9337031004863,37.6110815996474],[126.9340324003097,37.6127726011457],[126.9331174000486,37.611906701509795],[126.9322916999474,37.6142157005549],[126.9320413995857,37.613613800425604],[126.9291695000666,37.6141489006401],[126.9295689990693,37.6134492007589],[126.92805490021931,37.612829601292695],[126.9280809002246,37.614373800239406],[126.9262498999615,37.6146016002785],[126.9235775988024,37.6095759020441],[126.92236970001031,37.609768801851196],[126.92172720065281,37.6108216007984],[126.92122899996049,37.609512700076905],[126.9204476000383,37.6105397000799],[126.91947250015039,37.6098717005676],[126.9186437997914,37.6103636002557],[126.9189106997677,37.608360100152396],[126.9169136995501,37.6074853002617],[126.9164712999295,37.6048083005524],[126.9155345008663,37.6048258005349],[126.9154555997989,37.605482900179396],[126.9137603999096,37.6034195003849],[126.9129445999297,37.6039392005629],[126.9126598998556,37.6024216005329],[126.9111913996054,37.6029638005141],[126.9103053995471,37.601072000152705],[126.9096179996093,37.601234300120105],[126.9077446000481,37.5993725005924],[126.9087683995791,37.5979546002739],[126.9077779994511,37.5982178999162],[126.9069583998474,37.5970104007309],[126.90672359950821,37.597673700125604],[126.9066097998395,37.595430200223],[126.9058989997129,37.5954482002563],[126.9054758992465,37.5941706002102],[126.90576539974421,37.592344100758396],[126.90438729939649,37.5924462000676],[126.9052256992337,37.5916674999695],[126.9043075994489,37.5903425008273],[126.9048690992347,37.588428901289994],[126.9030019005996,37.5884451011647],[126.90249199945569,37.5891535003374],[126.9028768990902,37.5884928003943],[126.90187599934511,37.5876108992869],[126.9028322991131,37.5874175996732],[126.9015558995181,37.58477830098111],[126.8981440993922,37.5844138017507],[126.8960016999799,37.5827023015196],[126.8942504000926,37.5838787012379],[126.8921257000449,37.5837431001577],[126.8926672992868,37.5835020999634],[126.8924017995523,37.581016002449495],[126.8881686995602,37.5831206024892],[126.887874599284,37.579824299255996],[126.8897703977704,37.578706799304896],[126.8891744989655,37.5754742975557],[126.89006909807091,37.5748933981366],[126.8919731000605,37.5752733977203],[126.89273799929559,37.5740943988993],[126.8934122002937,37.5754033988393],[126.89480089996961,37.573745799614095],[126.8961649993033,37.5741406988884],[126.8970974983708,37.571580101449],[126.8953087994617,37.5713846019753],[126.8943427994737,37.5699727014487],[126.8929837990498,37.570630702363005],[126.8924254992444,37.5685242020839],[126.8908786971878,37.5692518014254],[126.89195249822811,37.56759769874],[126.8893423996794,37.5615775001909],[126.8876944993183,37.5599097995243],[126.8898768990098,37.5587404001367],[126.88385390503281,37.5532880055891],[126.8810894974638,37.552425300433505],[126.8769347009557,37.551835101169],[126.8763350015554,37.5531221998819],[126.8780566041483,37.5537564090713],[126.8757125043529,37.554380109723006],[126.8724422053008,37.5571563074243],[126.86734190801,37.5597705056585],[126.86510920575451,37.562336207196],[126.8617874065462,37.564172106764204],[126.8595211073323,37.5673483053712],[126.8558023060148,37.567675706567],[126.8524369013457,37.5697056088433],[126.8491049046777,37.5704670080819],[126.843945800857,37.5751408089109],[126.8400269983917,37.5754279020696],[126.8382362992823,37.574137302255394],[126.8367680983007,37.5758116021767],[126.8372334963627,37.5739619003106],[126.8351344984617,37.5715078027647],[126.83296050063569,37.5733520009205],[126.8302648991172,37.5717741013174],[126.82612359891681,37.5740379007096],[126.8256420994304,37.572854501017595],[126.8236165995254,37.5731059013316],[126.82273019945039,37.572794199963894],[126.82261199956861,37.5716306011275],[126.8191336015785,37.5707911009651],[126.816606501457,37.574231799106],[126.8168112012523,37.5753906979471],[126.8199900018007,37.575900000454396],[126.8186952004763,37.5777109003265],[126.81663540013379,37.5782164002143],[126.81718480099181,37.5796067008337],[126.81595400091831,37.5791850003269],[126.8141115014902,37.5810707010191],[126.8112228006175,37.5823439010656],[126.81138269857179,37.5800615017523],[126.8094992983531,37.580577401692004],[126.8074853983998,37.5777139023049],[126.80542230046291,37.5776099024089],[126.80416190036449,37.5791170006872],[126.8024946012956,37.5784146013602],[126.8023151014751,37.5793210004538],[126.8050786012704,37.5813883010958],[126.8017548012193,37.579508602054396],[126.80001780209031,37.58135420101],[126.7998455003465,37.5845482999027],[126.7991399999997,37.5849408008721],[126.79631119715941,37.5843892995074],[126.7984296986404,37.581064900109304],[126.79813849966139,37.5795593993005],[126.79930379958681,37.5798126991386],[126.7985675998972,37.577286801068304],[126.79744450016919,37.578289100798],[126.7958203993537,37.577875000399295],[126.7954923997577,37.575665202439204],[126.79316130025819,37.5771305021091],[126.7901986966138,37.5765488995943],[126.7931613008746,37.577130497009804],[126.7954923985435,37.5756651984751],[126.7988996988395,37.5711714990334],[126.7993937003088,37.5758302957253],[126.80062629941041,37.572519199299805],[126.8025624988191,37.5723998983245],[126.803845399126,37.571147199273696],[126.8033780993776,37.5695627997475],[126.8043332988424,37.5680287006308],[126.802456799468,37.566965500185304],[126.80182379832189,37.564436301729394],[126.8001116000341,37.5643951017706],[126.79681789916259,37.5624330001926],[126.79655049940679,37.5613543996905],[126.8010809994952,37.5610990992378],[126.80223929993349,37.5595927991479],[126.80369469908699,37.559325898907595],[126.8037177990639,37.5583227999107],[126.8050387001578,37.5573117993449],[126.80657879877239,37.5569428995911],[126.80637989888,37.5561358999228],[126.80723329903789,37.5564599992315],[126.81220959996921,37.552121299828805],[126.8130429005859,37.5544214987999],[126.81579460069081,37.5566397997835],[126.8158263005026,37.557899701189],[126.8143800019489,37.5584715006172],[126.8152090011199,37.560931098157596],[126.81982289795761,37.5603314986344],[126.8202815981174,37.558709897949996],[126.8229610988912,37.5590225993833],[126.8235023983499,37.5583682000377],[126.8225677990234,37.5569593994752],[126.82443759917909,37.5577630991923],[126.82493219868451,37.557175999779396],[126.82388469980819,37.5559571980329],[126.8245657001544,37.556331798212],[126.8263108998252,37.555036798685805],[126.8272989003934,37.5550183997628],[126.8280496007786,37.5569042994467],[126.8287555000727,37.5573316990193],[126.82942839999279,37.556365099520704],[126.83041249980249,37.5576803985978],[126.8328520973629,37.556170800107395],[126.8307531996178,37.5538316005415],[126.829170599991,37.554268900509896],[126.8294507997027,37.5537951000589],[126.828420499519,37.5535228003649],[126.8282336995772,37.552506799461405],[126.82996829893081,37.5520299997142],[126.8295942998513,37.5507328999161],[126.8306330988271,37.5499717006595],[126.82966039979979,37.549124201507],[126.8279132004144,37.5506614009101],[126.8269323993522,37.5505195001963],[126.8286637991651,37.5498786989909],[126.8274317997253,37.547831898046695],[126.8280916000747,37.548435598047895],[126.82969249847379,37.5477742987092],[126.8308799987579,37.545664599539705],[126.83002299943969,37.543499500013105],[126.83060839907391,37.5423652999388],[126.82910269968181,37.5422243006302],[126.8287576995206,37.5413838999074],[126.8294207989886,37.5409097001994],[126.82807149931519,37.5394063999778],[126.82901259961349,37.538074299913596],[126.8303146993824,37.5382799992126],[126.8307489996284,37.5363626998261],[126.8314168001275,37.5369823993979],[126.8331658996631,37.536070699420904],[126.83330469921759,37.534695900182605],[126.8310319995739,37.5317388998062],[126.8309120985871,37.530476199427405],[126.8318635997726,37.530760399249296],[126.83281429923879,37.5274174999865],[126.8345264992883,37.527881699364],[126.836746599074,37.5255795002182],[126.8358392993706,37.5219776010293],[126.8350224993709,37.521666699318196],[126.8380402989564,37.5172303005246],[126.8354858995823,37.5158607981247],[126.83881839987069,37.5154681983657],[126.8405806994671,37.514104399756],[126.8401724998612,37.513337099397305],[126.8410207004724,37.5136463985219],[126.8422539004609,37.5126861993246],[126.84296700042741,37.5127627996265],[126.84234430105539,37.5138950988702],[126.8454061998046,37.5155441979366],[126.8459073983529,37.5115513008214],[126.8438409993012,37.5095290014114],[126.8416468992952,37.508728599758],[126.8417531990739,37.5049411028584],[126.8392663983889,37.5076056008231],[126.8333592018111,37.506540301217896],[126.8328163012184,37.5111351005556],[126.8318501004228,37.511323700904796],[126.8307665011731,37.513264099635],[126.831652501522,37.5134766998033],[126.831156802158,37.514567800624],[126.8316619016529,37.515754799437005],[126.8307883990575,37.5157441993574],[126.83165249904161,37.5134767000916],[126.8300368995682,37.5131875000488],[126.829499100106,37.512259500976796],[126.8279213013292,37.5159884003634],[126.8215953022754,37.518295202265996],[126.8211258027449,37.519219301341906],[126.8221244016498,37.5211016006872],[126.8188326008427,37.5196585031835],[126.8171552025201,37.5226142002278],[126.8194261002492,37.5236564991855],[126.8232885001287,37.523939099519296],[126.8234172011195,37.5250664996087],[126.82311130016649,37.5245039008544],[126.82236450091331,37.525434299924],[126.8228927012101,37.526449099851604],[126.8207388002416,37.529018801398706],[126.8193957002475,37.5291736013941],[126.8188766007666,37.5301288004389],[126.8190728005704,37.531233699334],[126.8197739007013,37.5313043009658],[126.8183486998699,37.5310712031518],[126.8161547020639,37.5320471021759],[126.8161171009131,37.5338627022592],[126.8150205995825,37.5331859002795],[126.8159641986607,37.532044900887904],[126.8130901013698,37.5331439003394],[126.8129557020378,37.5353626017861],[126.805215600051,37.5396856001356],[126.8050489988508,37.536528800515896],[126.80700859818171,37.536220699973704],[126.80638169880861,37.5342177019767],[126.8042332009571,37.533989002205395],[126.8024322012359,37.5327177015688],[126.8023437015561,37.5370930999516],[126.7991161984364,37.5375927030439],[126.8001359968326,37.5373278978383],[126.7994939974746,37.532399502766694],[126.79749629945641,37.5312798008969],[126.7953134005259,37.531870300296404],[126.7949636000808,37.536185500334604],[126.7944387985026,37.535789100873004],[126.79566459867729,37.5331271025889],[126.7924971000356,37.5294755028578],[126.7906029988534,37.5306974009864],[126.7921749978388,37.5288186001236],[126.79034079967299,37.5281199008223],[126.7887822995134,37.5291815002177],[126.78944179999671,37.5278044986174],[126.7921749982498,37.5288185992063],[126.7958217991665,37.527994698733],[126.7979377982714,37.5255966999051],[126.7969797990618,37.523442800561895],[126.7958967991719,37.5237194004213],[126.7934328006788,37.522631101109496],[126.7923225005205,37.5236905007884],[126.7903317998353,37.5230403008334],[126.7874188006638,37.5239530005464],[126.7874194001396,37.5247371010637],[126.7860719009507,37.5246234005264],[126.7859878999398,37.5252848002685],[126.7860718987204,37.5246234002007],[126.78476399940469,37.5242842000744],[126.7846244999213,37.522944200419595],[126.7783903000107,37.5195166006521],[126.7753146000048,37.521136000435],[126.7744132996319,37.520178300415296],[126.7715935996865,37.5205925009897],[126.7693189000007,37.5178932005322],[126.7679709999974,37.5173541005425],[126.7662617008683,37.518750201726796],[126.7634471978656,37.5187290012654],[126.76342509760731,37.5179749999914],[126.7610145979901,37.517393300844304],[126.75896110004359,37.5153301029075],[126.7574939015108,37.5166713015663],[126.7552101018788,37.5158006015374],[126.7531606012976,37.5182661059256],[126.75044200027031,37.5181682014044],[126.7501406995559,37.5164750001628],[126.7471032005642,37.516246900929396],[126.74682469859,37.5183724014231],[126.74624899937771,37.517493800316394],[126.74488629919601,37.517455900007],[126.74555259798089,37.5167599994886],[126.74524379828969,37.515449600798995],[126.74209660018249,37.5152361006417],[126.7388813996773,37.5134285006674],[126.73638029990859,37.513499501191404],[126.7348730007132,37.5144379003712],[126.7354529008146,37.5169585987652],[126.7378036998624,37.5172476990452],[126.7393806996522,37.5183605991807],[126.74014269889021,37.5177900997512],[126.7393238994733,37.517174799371396],[126.7410146002693,37.5175927985837],[126.7431638003697,37.5169273993212],[126.74353170030801,37.518093100494305],[126.74270879996931,37.516964401182896],[126.74145370122439,37.517558100589206],[126.74044070081369,37.5198647008911],[126.74035149913671,37.519072100685],[126.73894370089579,37.519791601211],[126.7379996997515,37.5196437000806],[126.7378994992618,37.5184190005671],[126.7363451998866,37.517349701120395],[126.73470810016711,37.51701770085349],[126.7325814009921,37.5203232001325],[126.730776599731,37.5193571012934],[126.7287729017347,37.520249300401204],[126.729405900057,37.521912500823596],[126.7262248010511,37.5216232005107],[126.7260983997794,37.522202201549305],[126.7226760005511,37.522422601714496],[126.7221046011225,37.5234403006968],[126.72227870094841,37.5254578986792],[126.7275013003418,37.5259451986377],[126.7270174004799,37.5264737997161],[126.7276289007516,37.526339099840705],[126.7284150008552,37.527695099383905],[126.7298453994248,37.5280383990406],[126.72989340074089,37.5274294000114],[126.7304729006451,37.530230099236796],[126.73173700074149,37.529852899813],[126.73188790187261,37.5312512001162],[126.7288150014186,37.5328283007007],[126.7289659012677,37.5336208999081],[126.7279543013362,37.534232700954696],[126.72639740054879,37.5338239006786],[126.7260183009279,37.534604899897595],[126.72695250091519,37.5352256999961],[126.7269728008949,37.5362966989251],[126.72902550026501,37.5362462989411],[126.7288122009945,37.5389182989024],[126.73023790145811,37.5391689993415],[126.730544200217,37.5413453987755],[126.73117739958381,37.5407867993341],[126.7319596997217,37.5417965992702],[126.73322800012,37.5408022987475],[126.7326527007165,37.5419037994497],[126.7339273003203,37.5430379990146],[126.7326535004643,37.5427190009271],[126.7315510007105,37.545409200550104],[126.7288061996253,37.5476337013569],[126.72863439903341,37.546756800910394],[126.7268536997571,37.5470459006525],[126.725023598025,37.5444983009403],[126.7183976990289,37.543568100212504],[126.7186320988409,37.5415695004216],[126.7169150980229,37.5380827988147],[126.71973149691769,37.5364241988526],[126.7154791999631,37.532354201456],[126.71529709908211,37.5312310011686],[126.7134723985068,37.5305885006574],[126.7154256998405,37.5302299992914],[126.71567009974859,37.5271737996397],[126.71665059984319,37.5268206985911],[126.71729330005729,37.5279162987916],[126.717897000013,37.5262526993966],[126.7180311004128,37.5288227978612],[126.71953429890961,37.5276911989928],[126.71931719988551,37.5254342985511],[126.7221660988923,37.5241172993521],[126.7218807991776,37.522668500800904],[126.7193998001029,37.5226464012125],[126.7191584000443,37.5235802004052],[126.7190781996961,37.5226435010676],[126.7161062972855,37.521251901340904],[126.71582119683109,37.518383801679605],[126.7125549977183,37.5185777009615],[126.7124529984921,37.517023499684804],[126.71566280064141,37.516826399281896],[126.71582120048299,37.5183837977245],[126.718788197516,37.516629899478396],[126.71341079896001,37.5126833039032],[126.7066230014225,37.5122924008809],[126.7065219006834,37.5168963004666],[126.7057317995623,37.517452400314305],[126.70513600015809,37.5167406010261],[126.7044110992711,37.5183774008261],[126.7028448994816,37.517631301559],[126.70384439833339,37.5168550008184],[126.7037032984745,37.5148030028704],[126.69690559945019,37.5137979999042],[126.69838769826269,37.5109678994902],[126.6976319990184,37.50915170130639],[126.6921996986109,37.510590901022795]]],[[[126.69412519955141,37.464317099755306],[126.69459900038869,37.464001698709595],[126.6942055003735,37.464380800457],[126.69412519955141,37.464317099755306]]],[[[126.69850409971069,37.4571402000257],[126.7006007991462,37.4569542994435],[126.7008689990052,37.455455200289],[126.70189359950571,37.4552977996429],[126.7017546004156,37.45430239903661],[126.7024454006529,37.4552511989594],[126.7035375004825,37.4551589999593],[126.7019058001988,37.455385400199695],[126.702107200674,37.4568273997438],[126.7036591999625,37.456982199167],[126.7046584002648,37.4559691995214],[126.705068300905,37.4567821995309],[126.7044127012636,37.4573153000687],[126.7049594006084,37.4581805007276],[126.70306500121319,37.458910200286695],[126.70239739999859,37.4602438008388],[126.7006455983748,37.4586350006431],[126.7010098992676,37.457660400029305],[126.69850409971069,37.4571402000257]]],[[[126.699087499526,37.442698099544],[126.6997075002737,37.4425320990675],[126.6997281004558,37.442654600397894],[126.699087499526,37.442698099544]]],[[[126.70022669925321,37.4487610997656],[126.7008306006166,37.447689798984],[126.700928800334,37.4483940999364],[126.70022669925321,37.4487610997656]]],[[[126.7004004993028,37.4501138000852],[126.7010576002052,37.4493173990131],[126.702639601263,37.4492323995453],[126.7011102014764,37.4496899003393],[126.7012111010334,37.450417300762396],[126.7004004993028,37.4501138000852]]],[[[126.71000239953919,37.517212300008694],[126.7100024009427,37.517212299495995],[126.71000240010419,37.5172123004727],[126.71000239953919,37.517212300008694]]],[[[126.7140397996626,37.5296570996841],[126.714174499714,37.5291938998036],[126.7143597001545,37.529286099673904],[126.7140397996626,37.5296570996841]]],[[[126.7307309995157,37.571146500130595],[126.7339657998391,37.569789796848305],[126.7373840999414,37.570774997197],[126.7391733991935,37.569552998664896],[126.7402920043795,37.5699668007066],[126.7386922002982,37.572479500251],[126.73806639919279,37.5711310006079],[126.7360899991488,37.571480000364],[126.7339191007069,37.5698229016417],[126.7307309995157,37.571146500130595]]],[[[126.7317701998714,37.612861599923605],[126.7317702003416,37.612861599648205],[126.7317702004748,37.612861600625806],[126.7317701998714,37.612861599923605]]],[[[126.7346246995297,37.546013200266295],[126.7346247005336,37.5460131995322],[126.7346247007329,37.546013200190494],[126.7346246995297,37.546013200266295]]],[[[126.735225499451,37.546646600027806],[126.7361178990404,37.5453496001958],[126.73583149928581,37.544187298676],[126.7367724994918,37.5437222993111],[126.73613550004481,37.542211399727],[126.7372469004916,37.5421906991081],[126.7380546996829,37.5434487989305],[126.7391688998768,37.5425797989074],[126.7413509008506,37.5434639001084],[126.741161500241,37.5452837002136],[126.7396899998729,37.5447015009862],[126.7392050003579,37.545722599965096],[126.7411380004151,37.5479657005026],[126.7377201005826,37.5464963014687],[126.7379003004208,37.547969600668004],[126.7370473000021,37.547978301011796],[126.735225499451,37.546646600027806]]],[[[126.73913759953001,37.515373499576],[126.7391376004311,37.5153735002891],[126.7391375995634,37.515373500455304],[126.73913759953001,37.515373499576]]],[[[126.7405020996886,37.569028900033096],[126.7405021008226,37.5690288988164],[126.7405021001255,37.5690289001917],[126.7405020996886,37.569028900033096]]],[[[126.74223309987971,37.5665816002333],[126.7422330999952,37.5665815993299],[126.7422331022033,37.566581600559296],[126.74223309987971,37.5665816002333]]],[[[126.74279019845861,37.5542466007702],[126.74401329851901,37.5524542013596],[126.743672298691,37.551411299082],[126.7462046016709,37.554165998244905],[126.7448669005618,37.5533078009622],[126.7454927000572,37.5553200003104],[126.74279019845861,37.5542466007702]]],[[[126.74953689846909,37.4851729003726],[126.7495369004936,37.4851729000127],[126.74953690007959,37.4851729008046],[126.74953689846909,37.4851729003726]]],[[[126.7673960986575,37.603033500487605],[126.767419099137,37.6006397991786],[126.76830270084281,37.600311299993],[126.76780500134049,37.6008836994206],[126.7694493996961,37.6021148981894],[126.7705746985708,37.601058999245296],[126.770177999737,37.599739399661],[126.77224070048669,37.5996158996897],[126.77113340067879,37.6002575004162],[126.77124400050239,37.6041051003117],[126.7703409003115,37.6045066006307],[126.7691156001654,37.6033057009048],[126.7679481003941,37.6037486004329],[126.7673960986575,37.603033500487605]]],[[[126.78330939847369,37.4097255012294],[126.784649599538,37.408785200114494],[126.7840758000502,37.4072505009114],[126.7836560989197,37.4080544991858],[126.7842692992005,37.4051286999456],[126.7845710004437,37.4059621992299],[126.7868828017309,37.4049513982183],[126.7860061004276,37.4050269001227],[126.78549770096669,37.406564298678],[126.787482799813,37.4076733976059],[126.7891225981732,37.4072111980681],[126.7895213992927,37.4051791991153],[126.7909941017463,37.4054578998619],[126.7912508016695,37.4063784014027],[126.7896764016732,37.406763901259],[126.7889153003379,37.4085114996127],[126.7906438029042,37.4105500033812],[126.7891666992342,37.4111162037422],[126.7877495996884,37.4095448037193],[126.7846116028264,37.4088350044291],[126.78330939847369,37.4097255012294]]],[[[126.7878292996605,37.530512499492204],[126.7879005000876,37.5305976998861],[126.7880308009798,37.5305144995721],[126.78790049998521,37.5305977000804],[126.7878292996605,37.530512499492204]]],[[[126.7936106978029,37.58109909937831],[126.79463230180791,37.580977399667205],[126.7941893992812,37.5812612026355],[126.7936106978029,37.58109909937831]]],[[[126.7964663996663,37.581487200495],[126.7964663999605,37.58148719981],[126.7964664003036,37.581487199984394],[126.7964663996663,37.581487200495]]],[[[126.79677799964891,37.5812023000949],[126.7967780001816,37.5812022991959],[126.79677800029211,37.5812022999719],[126.79677799964891,37.5812023000949]]],[[[126.8045468981242,37.3825012004792],[126.80630029886261,37.3814494980231],[126.80739870010679,37.3792081989289],[126.8071628014751,37.3798348996433],[126.8092171023104,37.382257700138595],[126.80776880013181,37.3817741014223],[126.80752960013,37.3831266009153],[126.8061406006711,37.3828147010462],[126.805440099303,37.3842730010072],[126.8045468981242,37.3825012004792]]],[[[126.80859219912121,37.3695903992348],[126.8085922016797,37.3695903997368],[126.8085921993694,37.369590400714],[126.80859219912121,37.3695903992348]]],[[[126.808740599221,37.3705644997399],[126.80874060110659,37.3705644997874],[126.8087406001979,37.3705645021524],[126.808740599221,37.3705644997399]]],[[[126.8089474995156,37.6317546004218],[126.808947500683,37.6317546001694],[126.80894749988221,37.6317546011367],[126.8089474995156,37.6317546004218]]],[[[126.8110299996485,37.631629999831404],[126.8110300009419,37.6316299991838],[126.8110300009458,37.631630000399],[126.8110299996485,37.631629999831404]]],[[[126.8128106995662,37.631237600194],[126.8128107005889,37.6312375998565],[126.812810699896,37.631237600892],[126.8128106995662,37.631237600194]]],[[[126.8128402963916,37.6178759976419],[126.8163424977767,37.6166111989969],[126.8153656987535,37.614672000936096],[126.8170567996771,37.6128971994994],[126.8185485992424,37.6159185964211],[126.82285400046361,37.6143520975754],[126.82385710127319,37.6154838994038],[126.8199541998186,37.618680601531096],[126.81647360167729,37.6168696032655],[126.8128402963916,37.6178759976419]]],[[[126.81408219985781,37.553563699891896],[126.8140822004321,37.553563699169295],[126.814082199967,37.5535637008103],[126.81408219985781,37.553563699891896]]],[[[126.8150671996025,37.4723981002301],[126.8150672006186,37.4723981001855],[126.8152760001298,37.4728387005654],[126.8150671996025,37.4723981002301]]],[[[126.82039279932769,37.563990600041194],[126.8203928003379,37.563990600859],[126.82039279933369,37.5639906010395],[126.82039279932769,37.563990600041194]]],[[[126.8213998996321,37.6100323997115],[126.8226095987988,37.6081374010766],[126.8220948988908,37.607309899647],[126.8231102996793,37.607409499154606],[126.82385639977319,37.6061915998148],[126.8247127027282,37.609071998294596],[126.8274001026583,37.6090861000135],[126.82447450053509,37.6108660026672],[126.8223873993512,37.610819501086695],[126.8213998996321,37.6100323997115]]],[[[126.831110399497,37.5290613998997],[126.8313831006286,37.529015900321596],[126.8311761999312,37.5292573003452],[126.831110399497,37.5290613998997]]],[[[126.8371339988676,37.509366198888],[126.8371340005213,37.509366199062505],[126.8371340013786,37.509366201866904],[126.8371339988676,37.509366198888]]],[[[126.8388309990003,37.612669600336],[126.8459706995494,37.612640299791906],[126.8458477999962,37.6103743986448],[126.8465860012044,37.612783898400494],[126.8484067008439,37.6129816005898],[126.847611200044,37.6139627010429],[126.8481983990152,37.6130664007862],[126.8467925004211,37.61295960089301],[126.8461182004913,37.6155384003059],[126.8464547989292,37.6138909012864],[126.8454087999752,37.6133745018028],[126.8442077004886,37.615075200426],[126.8448785002436,37.6159256002983],[126.84420769962149,37.6150752006888],[126.8419570001055,37.616011900248296],[126.8388309990003,37.612669600336]]],[[[126.86694699516299,37.4157593027655],[126.8670137003998,37.4154129964593],[126.86694700273969,37.415759304690795],[126.86694699516299,37.4157593027655]]],[[[126.8673396972637,37.6046125993482],[126.86844379957779,37.6020510987277],[126.8686086005102,37.6030171991742],[126.870776000776,37.602367598659804],[126.86913880078251,37.6033793001421],[126.8684071005186,37.6053461003284],[126.8673396972637,37.6046125993482]]],[[[126.8822595998431,37.501797100028895],[126.882259600132,37.5017970998831],[126.8822596000262,37.501797100092],[126.8822595998431,37.501797100028895]]],[[[126.8825899998017,37.4815900000278],[126.88258999989819,37.4815899996934],[126.88259000024699,37.4815900000881],[126.8825899998017,37.4815900000278]]],[[[126.8888816991403,37.562872499908096],[126.8888817001225,37.5628724997581],[126.8888817001441,37.562872500427],[126.8888816991403,37.562872499908096]]],[[[126.90379349925381,37.3116370000172],[126.9045337005365,37.3115131994198],[126.90453370005,37.3115132017157],[126.90379349925381,37.3116370000172]]],[[[126.9161954968271,37.328038798415704],[126.9168600000119,37.326419698864804],[126.9191913001944,37.3270263994904],[126.9202781011792,37.328947900484],[126.9179208994076,37.3297632004882],[126.9183808992549,37.3285022002629],[126.9174286000828,37.3280207008167],[126.91666330002249,37.3287307005342],[126.9161954968271,37.328038798415704]]],[[[126.9188224998022,37.6365571001911],[126.91882250074781,37.636557100148394],[126.91882250006401,37.636557100742195],[126.9188224998022,37.6365571001911]]],[[[126.91939989957321,37.6187993001754],[126.9200060995301,37.6185320998796],[126.91970400009029,37.6177620995599],[126.9225409996802,37.6174543993967],[126.9229519001415,37.6197979004423],[126.9223073996164,37.6191858009175],[126.9216985996409,37.6200239002876],[126.9214772000461,37.618886401124904],[126.92057689995531,37.6202171006383],[126.91939989957321,37.6187993001754]]],[[[126.92269379992031,37.400835799979305],[126.9227879000354,37.4005827999461],[126.9227357999907,37.4008739001284],[126.92269379992031,37.400835799979305]]],[[[126.9304042990728,37.6186504000468],[126.93068649973179,37.6175304995187],[126.9320917997129,37.6174081996979],[126.9320110996141,37.616347300186604],[126.9329755998927,37.6157735996997],[126.9352035012739,37.6170857983954],[126.9334872000541,37.6210006002793],[126.9310710997309,37.6204363003334],[126.9304042990728,37.6186504000468]]],[[[126.9318681994359,37.3749890001032],[126.9318682001795,37.3749889991648],[126.9318682007191,37.3749890002572],[126.9318681994359,37.3749890001032]]],[[[126.9351321996018,37.5618588000138],[126.9352901000984,37.562117900125095],[126.9351977995295,37.5621651002492],[126.9351321996018,37.5618588000138]]],[[[126.93558159970411,37.6011780997244],[126.9357589995342,37.6008777990827],[126.9359717008185,37.6008037989938],[126.93589730003819,37.6009337001806],[126.9357590001244,37.6008778002276],[126.93558159970411,37.6011780997244]]],[[[126.9364287999387,37.5616077999214],[126.9364288001296,37.5616078001561],[126.9364288000135,37.561607800206595],[126.9364287999387,37.5616077999214]]],[[[126.9365399999104,37.5619297999108],[126.93654000011189,37.561929800038],[126.93653999999559,37.5619298001047],[126.9365399999104,37.5619297999108]]],[[[126.9389466992778,37.3226712997939],[126.9393641993916,37.322519298919005],[126.9395271003284,37.322631299858095],[126.9389466992778,37.3226712997939]]],[[[126.939642799549,37.323616899967796],[126.9405975997461,37.323449999705204],[126.9402252998664,37.3225670999023],[126.94218089971599,37.3212927996761],[126.9453197991827,37.320844199204004],[126.9458981986043,37.320052199996],[126.9459207986361,37.3187348006609],[126.9442708000198,37.317292101591704],[126.9434270972924,37.3179704013743],[126.9435517001788,37.3166331979017],[126.94712040025111,37.3161967991051],[126.9498821994171,37.3139343996938],[126.9494420004069,37.3146875998001],[126.95548340063891,37.3168742991012],[126.9554319011171,37.317763300068506],[126.95656490091591,37.318212699933795],[126.95536040104331,37.3189900001802],[126.9555965007991,37.319769799535905],[126.9575056001471,37.320416199708596],[126.9567398008781,37.3203818001872],[126.9575007020058,37.3213680996676],[126.9564236008856,37.3225881004109],[126.9515741028178,37.3237439000401],[126.95439110195869,37.324115799675],[126.9527079007858,37.3258667016606],[126.9509211014756,37.3259825010589],[126.9509109014858,37.327535699505695],[126.9520018995651,37.3280645005506],[126.9509109000265,37.327535700736],[126.9505238001173,37.3281215005231],[126.9495832992871,37.326756501476005],[126.9472440995555,37.3264342003931],[126.9472207996334,37.324912501320604],[126.94601920013679,37.3259533010562],[126.9437425990449,37.3244701007787],[126.942335500077,37.3251191003663],[126.939642799549,37.323616899967796]]],[[[126.9450508988798,37.3990536998101],[126.9452324008518,37.398798699755304],[126.9450509010662,37.3990537005565],[126.9450508988798,37.3990536998101]]],[[[126.9467834990929,37.355233499756494],[126.9476169001983,37.3551639987867],[126.9476169002207,37.355164000377904],[126.9467834990929,37.355233499756494]]],[[[126.9563788996823,37.5229511001001],[126.9564815997868,37.5227406990597],[126.95648160002,37.5227407003213],[126.9563788996823,37.5229511001001]]],[[[126.9649612996353,37.3014211000598],[126.96613699900671,37.3011912992767],[126.96627379866429,37.2992458001488],[126.9682716996053,37.2969765994967],[126.97157160000451,37.2960780981805],[126.9735508001464,37.2978025991877],[126.9762063002406,37.297601699728204],[126.975332200377,37.2981156000677],[126.9779137007758,37.299932899813705],[126.97730250021009,37.3019556005443],[126.9726253999973,37.3056902001579],[126.9723988994824,37.3043472009766],[126.9699621993088,37.3042280010472],[126.9663283000341,37.302503701153],[126.96618289942,37.3015020005257],[126.9649612996353,37.3014211000598]]],[[[126.9697695994391,37.3873288996535],[126.9697696000871,37.3873288997604],[126.9697696001901,37.3873289003142],[126.9697695994391,37.3873288996535]]],[[[126.9768291999039,37.5758687000016],[126.9768292000978,37.5758686999975],[126.9768292000062,37.5758687001075],[126.9768291999039,37.5758687000016]]],[[[126.9772053997155,37.5304284999746],[126.97720970008041,37.5304026990079],[126.9773254002009,37.5304439000259],[126.9772053997155,37.5304284999746]]],[[[126.98035369904879,37.5329773999449],[126.9803536998241,37.5329773992148],[126.98035370056449,37.5329773996085],[126.98035369904879,37.5329773999449]]],[[[126.9824225989788,37.5164339993893],[126.982792300294,37.516556199055195],[126.9829487005795,37.516686899998504],[126.98279229996609,37.5165562001857],[126.9824225989788,37.5164339993893]]],[[[126.9828741980879,37.51497469987],[126.9828742013509,37.5149746921452],[126.9828742038597,37.5149747004221],[126.9828741980879,37.51497469987]]],[[[126.98367249869109,37.5434698999702],[126.98481120043759,37.543016199662596],[126.98438569988221,37.5441621007511],[126.98367249869109,37.5434698999702]]],[[[126.9845920997923,37.535006600133],[126.9864517992711,37.534878599238496],[126.9892954998227,37.5328104992717],[126.98889990066621,37.533362799607296],[126.9903660992,37.533518199451905],[126.9910489991724,37.5320832004207],[126.9899257998283,37.531817498762805],[126.9924146999248,37.533157099605496],[126.9953932003391,37.531218399052904],[126.9956879004739,37.5329162988931],[126.99651140007491,37.531699599847606],[126.9972301003164,37.5336280996084],[126.999055900793,37.535007299841496],[126.9974636007598,37.5352882005761],[126.9973032001342,37.536509000857706],[126.9951238002465,37.53648770096],[126.9946747992475,37.537250901048],[126.9950418992146,37.536104000533],[126.993972500284,37.5357188009182],[126.9906505005496,37.536059200515],[126.990710600477,37.5367742005126],[126.9893682012239,37.536680600392195],[126.9894481999724,37.5373688003338],[126.98725620025911,37.5373843001574],[126.987186399915,37.5394542002139],[126.9864825996928,37.539199999988],[126.9871265995257,37.5384233001043],[126.9865705995729,37.5378717000285],[126.98683649963249,37.5348408007076],[126.9845920997923,37.535006600133]]],[[[126.9849624994628,37.2836184001315],[126.9874067991646,37.2825266975728],[126.98868659987029,37.2828009987769],[126.98924980019339,37.2813668993821],[126.9901193008224,37.2843922003184],[126.98871130031881,37.284117100445705],[126.9886982002109,37.2850730997031],[126.9893527004584,37.2849947999277],[126.9886982008491,37.2850731007615],[126.9884256000012,37.2842712006685],[126.98749029933711,37.2846647008047],[126.9870290991095,37.2839329007573],[126.98601529993651,37.284564600641204],[126.9849624994628,37.2836184001315]]],[[[126.9854889989741,37.576516400800706],[126.9862526005142,37.576471499482395],[126.9861959006947,37.5768371003082],[126.9854889989741,37.576516400800706]]],[[[126.9960618998673,37.4273600998912],[126.9963149994628,37.427204599325805],[126.9963150003581,37.4272045997888],[126.9960618998673,37.4273600998912]]],[[[126.9978183992832,37.265276500828996],[126.9983184000385,37.265386899988506],[126.99824000000389,37.265524300046],[126.9978183992832,37.265276500828996]]],[[[126.998026699283,37.2674248001055],[126.9980970990045,37.2670830990224],[126.9982651004137,37.2671371991482],[126.998026699283,37.2674248001055]]],[[[126.9984471996713,37.2656364001547],[126.99918990005041,37.2651972993729],[126.99971000120259,37.2661600000063],[126.99887180138198,37.26615660080833],[126.99926999964549,37.2666100003495],[126.9984471996713,37.2656364001547]]],[[[127.0006139986764,37.538261500958995],[127.0024061001206,37.5373110998299],[127.0032578002579,37.5401707998504],[127.0019555007476,37.5405361009325],[127.0020251002087,37.5417372001917],[127.00126989743309,37.5406532995012],[127.0017415991956,37.5388602999857],[127.0006139986764,37.538261500958995]]],[[[127.0060105992211,37.547704699573096],[127.00728640037799,37.5471619997569],[127.0073685004984,37.5481768000072],[127.0060105992211,37.547704699573096]]],[[[127.0075105996013,37.5516351002086],[127.0075106001296,37.5516350995176],[127.0075106002683,37.5516351000787],[127.0075105996013,37.5516351002086]]],[[[127.0093586998077,37.569626300083605],[127.0093587000328,37.569626299912905],[127.0093587000931,37.569626300102406],[127.0093586998077,37.569626300083605]]],[[[127.0111852995219,37.530612299364904],[127.0111853015295,37.5306123007107],[127.01118529990899,37.5306123004547],[127.0111852995219,37.530612299364904]]],[[[127.01654259955869,37.5731872999195],[127.01654519959949,37.5731253999171],[127.0165609995706,37.572868899689205],[127.0165452003422,37.573125399731104],[127.01654259955869,37.5731872999195]]],[[[127.02670309925311,37.5649913000288],[127.0277643999882,37.563775999486694],[127.0291183996303,37.5639951993715],[127.0307436995805,37.562790299722906],[127.0317481008763,37.5634618998843],[127.0301877002001,37.5658879004796],[127.0285357002446,37.5641088011149],[127.02843150002529,37.565202900579806],[127.02670309925311,37.5649913000288]]],[[[127.0347461992051,37.4673747999218],[127.0371948993662,37.4676061987404],[127.03750289905821,37.46685659949],[127.0377858000758,37.467511699178004],[127.0380624997888,37.4666321991836],[127.0415018001503,37.4656540996152],[127.04231730008979,37.4665542997061],[127.0427453002554,37.465649899721406],[127.0432107998442,37.4722236012907],[127.04105460024489,37.4736225001626],[127.0400862001638,37.4729978010622],[127.038782200475,37.473961400325],[127.03792709902241,37.4736411010604],[127.03874209915429,37.471954100332596],[127.0359229997209,37.4703485007577],[127.0354452993572,37.4709203004019],[127.0361413994387,37.4701871998212],[127.0347461992051,37.4673747999218]]],[[[127.0364791998384,37.5613242000966],[127.0381410005012,37.5606725997797],[127.0377599004573,37.5625181000338],[127.0364791998384,37.5613242000966]]],[[[127.0377047998097,37.5626793003017],[127.0377047998757,37.5626792998227],[127.0377048006817,37.5626793000364],[127.0377047998097,37.5626793003017]]],[[[127.0406413992951,37.5441906001903],[127.0437380000032,37.5397428996963],[127.0439520003878,37.540779899113495],[127.0466337014459,37.5410903995525],[127.04522670134381,37.543261199434504],[127.04621210085391,37.544594899792],[127.0459619011007,37.5458962001233],[127.0442548003929,37.546935100212096],[127.0436324996633,37.5463310000635],[127.0448134987819,37.5451161005629],[127.0420406000842,37.5454004010173],[127.0406413992951,37.5441906001903]]],[[[127.0531753993704,37.4496124999048],[127.05658349924241,37.446176797856104],[127.05675489949991,37.4441139993177],[127.05822930094229,37.444189699437004],[127.0589191012316,37.4474232999917],[127.05800940066051,37.4489685997232],[127.0586330997775,37.4492105005856],[127.0546860987379,37.4481191016352],[127.0531753993704,37.4496124999048]]],[[[127.0564771986908,37.544379200387404],[127.0564771997733,37.544379199501],[127.0564772006921,37.5443792005003],[127.0564771986908,37.544379200387404]]],[[[127.0594716998355,37.5346518999485],[127.059596900378,37.5346027998212],[127.0594717000997,37.5346519006198],[127.0594716998355,37.5346518999485]]],[[[127.06044039858,37.4941623996173],[127.0616937990744,37.492893098718305],[127.063515199067,37.493725598376194],[127.06450940015371,37.491821499782],[127.0635409009167,37.4937372994856],[127.0638301006275,37.4947577984651],[127.0666473014985,37.4953858998902],[127.0648996014463,37.4950614006164],[127.06482600044599,37.4962761004098],[127.06385329996931,37.4964730003057],[127.0624518000839,37.4958417005353],[127.06205850006191,37.4969708004364],[127.0621001985281,37.494654400681505],[127.06044039858,37.4941623996173]]],[[[127.0629581998389,37.5184517001088],[127.0629582013523,37.5184517000672],[127.0629582006968,37.5184517005661],[127.0629581998389,37.5184517001088]]],[[[127.0657162970426,37.4895863985594],[127.066639099694,37.488103098706],[127.066858300709,37.489256700617396],[127.0657162970426,37.4895863985594]]],[[[127.0693724998074,37.4964156991625],[127.07079090003701,37.495376999247796],[127.0700921004117,37.4964855998855],[127.0721612002609,37.4969833999007],[127.0693724998074,37.4964156991625]]],[[[127.072671499771,37.4913420999971],[127.0726715000821,37.4913420998476],[127.072671500208,37.4913421000929],[127.072671499771,37.4913420999971]]],[[[127.07535759971131,37.5586864001111],[127.0759634999606,37.557216399932],[127.07720859933761,37.5567013000614],[127.0766018988309,37.5551337000322],[127.077604899858,37.5539646995852],[127.0785896003884,37.554048299588295],[127.07921980046851,37.5552006989535],[127.0832447005141,37.555943500123],[127.08207640082591,37.5562550000814],[127.0828434002623,37.5567260998973],[127.0819625004068,37.559050300082305],[127.080220800076,37.5599124015273],[127.07951540007011,37.5586018015434],[127.0776539002979,37.5593249010085],[127.0767457990543,37.5581538006753],[127.07535759971131,37.5586864001111]]],[[[127.0763172992317,37.510738099741],[127.07840249948589,37.5113128992176],[127.0787579993408,37.509762100137905],[127.07806569916809,37.5096690002944],[127.079030699894,37.509379199342995],[127.07932150050891,37.510356699815006],[127.0809969004609,37.511244099985596],[127.0784819001842,37.5121099002594],[127.07791470102589,37.5139512999553],[127.0786495008779,37.5141755022036],[127.0777018981584,37.514043900801695],[127.0777452984741,37.5114372003002],[127.0763172992317,37.510738099741]]],[[[127.0793451988731,37.493696100894304],[127.0794689998919,37.4935153996397],[127.0797596010448,37.4936147004435],[127.0793451988731,37.493696100894304]]],[[[127.08233169929039,37.5663479002096],[127.0823536998525,37.565081399842896],[127.0827743999333,37.5661934991741],[127.08392069999859,37.5640152997646],[127.0841887005432,37.5657002989803],[127.08557760089349,37.5659063003688],[127.08524630038909,37.567636900556195],[127.0844939000413,37.5662664016967],[127.08233169929039,37.5663479002096]]],[[[127.0833486999192,37.536672400004],[127.0838994000038,37.5362288996273],[127.0866171001969,37.5373067999067],[127.0854679003989,37.5370815008856],[127.08518549977269,37.5377969010285],[127.0833486999192,37.536672400004]]],[[[127.0843084988317,37.5123950999753],[127.0852554992335,37.5119196997871],[127.08473809984599,37.510780499252704],[127.0857816006676,37.5107508992595],[127.08605840023979,37.5121075996714],[127.087196100856,37.5121003000077],[127.0867316997095,37.5131165002943],[127.0843084988317,37.5123950999753]]],[[[127.0866397997578,37.5741729004395],[127.0867937994077,37.573759999152],[127.08697520036169,37.5739553002539],[127.0866397997578,37.5741729004395]]],[[[127.08752189979789,37.5733248003094],[127.0875218998913,37.5733247998753],[127.08752190056799,37.5733247993869],[127.08752189979789,37.5733248003094]]],[[[127.09429249919849,37.535005199896],[127.0945211007182,37.5351195996555],[127.0943558998188,37.5352416003012],[127.09429249919849,37.535005199896]]],[[[127.09990789985781,37.5134878999436],[127.1004498000218,37.513074199809296],[127.1005243001522,37.5134502000535],[127.09990789985781,37.5134878999436]]],[[[127.1067111998458,37.5049347000639],[127.1067111999354,37.5049346996199],[127.10671120039521,37.5049346999772],[127.1067111998458,37.5049347000639]]]]}}]}