{"type":"FeatureCollection","features":[{"type":"Feature","properties":{"interval":15,"stationId":"355173195"},"geometry":{"type":"MultiPolygon","coordinates":[[[[126.96920539991001,37.555360500064296],[126.97141049987161,37.554938299397904],[126.9740404993089,37.552651899607504],[126.9732827000667,37.5513737008857],[126.9726811997701,37.5522346002807],[126.9716399000009,37.5490669998156],[126.97367790032929,37.550329200004],[126.9747158005783,37.5527097997803],[126.9788677004932,37.5537877995542],[126.9791421001605,37.5546959993896],[126.9810762996977,37.5536669995506],[126.9816216007838,37.5542403993638],[126.9834859996933,37.5535498975322],[126.983927301164,37.555538399848004],[126.9889120996089,37.5564184955735],[126.9917134991712,37.5560080951749],[126.9947834019988,37.553901098922495],[126.9992358991471,37.5570534985847],[127.0009515993894,37.556877198586605],[127.0026337998796,37.5538917996314],[127.0053551002952,37.5565026983431],[127.0069571992859,37.554727299729606],[127.0063761989192,37.5536416993091],[127.0072705998962,37.5513391995365],[127.00773480004409,37.5525970991167],[127.0085143999417,37.5513841992109],[127.0101024998149,37.5510232987302],[127.0098944002629,37.5520063993795],[127.0144038010095,37.5516464989546],[127.0154697007755,37.5538184993774],[127.0136150013075,37.5556377999582],[127.01488000069871,37.5577102993634],[127.0175881005936,37.5583345996188],[127.0160169012883,37.5607519996982],[127.0175149009837,37.5607288994952],[127.016407600374,37.5624598006382],[127.0164596003538,37.565513900408796],[127.01573660013399,37.5667577000849],[127.0144838004897,37.5665972002557],[127.0137458009808,37.5679340997274],[127.0153230004896,37.5679350999528],[127.01482650098839,37.568272999900095],[127.0160898017086,37.569563899672396],[127.0171915003361,37.572810998405004],[127.0188825000214,37.5711943999783],[127.0179651004733,37.572795300029604],[127.0183519000865,37.573643899181],[127.0195707005881,37.5726186996209],[127.0200444007559,37.5744576002241],[127.0193502999937,37.5739882003056],[127.0184701997917,37.574956800757505],[127.0175889001124,37.5743857003441],[127.0170567006381,37.5752707004443],[127.01655170016329,37.5747778006177],[127.0164637000863,37.5754245008485],[127.01522159998521,37.5754644003874],[127.0144922993025,37.5742888996179],[127.0151936991856,37.573364400258605],[127.0141450002343,37.5725117011113],[127.01360480054319,37.5746953000568],[127.011728500453,37.5749892005529],[127.0118781002257,37.5756090004835],[127.0102509001986,37.576718700554004],[127.0099547999505,37.57619520045],[127.0084201998763,37.5770913002524],[127.0038527994852,37.5760479008288],[127.0048227992669,37.575709299723],[127.0046343994553,37.574624800807506],[127.0032727991791,37.574545799848],[127.0038110982097,37.5725583003578],[127.0008851993976,37.5710184999798],[127.0014354997961,37.5702984997222],[127.0027537995815,37.5704277994062],[127.002727299608,37.569849699984296],[127.00049469974421,37.5683741007699],[126.9993690005003,37.5695620002192],[126.9984653004883,37.5690844003779],[126.9988255003468,37.5698475000301],[126.9976338002473,37.5702996003885],[126.99792429949619,37.5689866007266],[126.9955413003704,37.568753700673604],[126.9953073005993,37.5704353997095],[126.9960062004156,37.570564200023696],[126.9951649003046,37.571030800397004],[126.99474120047121,37.572066499828196],[126.9952759005663,37.5720430999716],[126.9935033008221,37.572297700355],[126.9922077012152,37.5742903006362],[126.9909782003146,37.5744485007977],[126.9910477000079,37.575195000518704],[126.9897183000253,37.5748565002914],[126.9882115996768,37.572083300489005],[126.9889968997702,37.5719997993838],[126.9893255991339,37.5711043997267],[126.9885579999406,37.570139999914204],[126.98948989908399,37.5696929001486],[126.987816000092,37.5693584003147],[126.9876311999966,37.5704627000879],[126.9844964000397,37.5676664009859],[126.98365100088509,37.568534900117406],[126.9844468006528,37.5695644999962],[126.98434340005561,37.5711130011358],[126.9830595006712,37.5716453008994],[126.9821889000836,37.5703983011142],[126.9809986998366,37.570395000830096],[126.98171549939471,37.5694825000361],[126.97924949905939,37.5678811002838],[126.9784149994067,37.5663811002938],[126.9769148998884,37.566108900428404],[126.9773834995689,37.5653757999656],[126.976724900029,37.564607000256004],[126.9753423997674,37.564624400205],[126.97447579959149,37.5625411996272],[126.9757989991216,37.561242200105],[126.9745262002788,37.5606772007365],[126.9735210995932,37.561280600444405],[126.9745261996571,37.5606771999765],[126.9745843994638,37.5600200004694],[126.973431099585,37.5599944006388],[126.9738639996448,37.5576487005566],[126.9731991995633,37.5579951002374],[126.9720365001577,37.557168800432],[126.97179749874569,37.558199501337704],[126.9712699980341,37.557190000990495],[126.9717974997909,37.5581994991403],[126.9720999991571,37.5558700007339],[126.9711955996305,37.555062401219494],[126.96920539991001,37.555360500064296]]],[[[126.9970488996364,37.5832565997762],[126.99776989905409,37.5818996995244],[126.9990238989039,37.5821932989325],[126.9997289988859,37.5812481995716],[126.9998129000014,37.5789110997282],[127.0008245001103,37.5790809992692],[127.0021944011436,37.5775110993656],[127.0032816002077,37.579728299346996],[127.0058651004657,37.5805325992503],[127.0053396001398,37.583124498706496],[127.0060659005692,37.5832050993072],[127.0052841000232,37.584676200659295],[127.00352120028319,37.5838527001908],[127.00163910146121,37.585804000129],[127.0020309010219,37.5865855996998],[127.00380319992269,37.5878925990376],[127.006068699911,37.5870327991596],[127.0072079003404,37.5855995994264],[127.0094229003447,37.587353999858294],[127.0091604005566,37.5892464002332],[127.00987180077149,37.5900459003957],[127.0080227009153,37.5901983001533],[127.0080264998598,37.591022200914495],[127.00467600029731,37.590222100567],[127.00448419994969,37.5910715002788],[127.0037299996997,37.5910496005097],[127.00377519920221,37.589722301308996],[127.0028234994612,37.589096600251295],[127.003414199253,37.588349100589205],[127.0025035993644,37.588176300114],[127.0038031985912,37.587892599746404],[127.00247089992351,37.5867899008491],[127.0003099997094,37.586530000532406],[127.0006016993233,37.5850457010283],[126.9974019999447,37.584527700128],[126.9970488996364,37.5832565997762]]],[[[126.9692765992218,37.5453407998028],[126.9706832990018,37.5434407990526],[126.971414000777,37.5441803988892],[126.97220809998291,37.543685599384006],[126.9725561996348,37.5424362006334],[126.9718181989188,37.541870700599794],[126.97300409992489,37.5414450996441],[126.9735553003975,37.542611199550606],[126.9741516004895,37.5423798994216],[126.9735553006348,37.5426112003339],[126.9733818003362,37.5452646995546],[126.97510770065209,37.5454798996495],[126.9720655999944,37.5468532007821],[126.971845599996,37.5476277005785],[126.9718908983761,37.5468306996999],[126.9692765992218,37.5453407998028]]],[[[126.9826404996391,37.575518300064395],[126.9840489998187,37.5758883995086],[126.9838160998105,37.5748533999556],[126.98468510016089,37.57476779962369],[126.986468699525,37.5758726991729],[126.9869025004383,37.57513829917],[126.9875378003913,37.5773333994435],[126.988162300536,37.5773608000069],[126.98516710010959,37.57841900037619],[126.9858366993193,37.5775160003488],[126.985488999667,37.5765164013484],[126.98417269900901,37.577947900980995],[126.9826404996391,37.575518300064395]]],[[[127.0140805996555,37.5471437994528],[127.0150168992,37.5471626995794],[127.015682500261,37.545368099033794],[127.0165569005089,37.545582099609796],[127.0171051014336,37.5473020994874],[127.0187768005389,37.547187099682105],[127.0197698007758,37.548314900294],[127.0183266004899,37.5494319006153],[127.01677960039841,37.5485903010864],[127.01489670051659,37.550066300534795],[127.0154638981101,37.5482302004691],[127.0140805996555,37.5471437994528]]],[[[127.0227268998416,37.5754639997784],[127.02320340019659,37.575023299577396],[127.0238918002034,37.5759169992672],[127.0263533012555,37.576074300181304],[127.02497529943889,37.5771145018624],[127.0231799998803,37.576570000155996],[127.0227268998416,37.5754639997784]]],[[[127.0151428989754,37.541196900661404],[127.0163176997783,37.539965399996],[127.0178050002414,37.5406853994885],[127.0184820002792,37.5401175991631],[127.0187300001191,37.5406600005915],[127.0178939009552,37.5410401002114],[127.0193759012462,37.5417196002836],[127.01748760132739,37.541830600599],[127.0165154995714,37.5438058004257],[127.0151428989754,37.541196900661404]]],[[[127.01761559926099,37.55340339991],[127.01822850000781,37.5540985991097],[127.0188758999689,37.5529134992827],[127.02112730034611,37.5521884992487],[127.022125601611,37.5552783007062],[127.0199135003253,37.556474100456306],[127.0198360989158,37.557233800359896],[127.018964999367,37.5560629007138],[127.01941499913839,37.5552888000539],[127.01761559926099,37.55340339991]]],[[[127.0146700993954,37.5924261998644],[127.0168642996201,37.590839599525204],[127.0166617012068,37.5918380001077],[127.0177344005635,37.5922403998468],[127.0181248007652,37.5935543009067],[127.0161701997398,37.5942650011941],[127.0163488994736,37.5933587006405],[127.0146700993954,37.5924261998644]]],[[[126.9709725993057,37.5349189986007],[126.9713463989319,37.5329530005667],[126.9720838000105,37.532679899316996],[126.9731579001626,37.5348804999592],[126.9740011003526,37.535091199623494],[126.9709725993057,37.5349189986007]]],[[[127.0186304994896,37.565628599944894],[127.0197196000361,37.5645916994851],[127.02067170054589,37.565780100137],[127.01966270074129,37.5657505004423],[127.0196438999979,37.566619200233895],[127.0186304994896,37.565628599944894]]],[[[127.02807999971671,37.5566899991815],[127.02964999988531,37.557429999220695],[127.03027480056831,37.5566173995463],[127.03131260035131,37.557998700061596],[127.0306751996556,37.5583490004411],[127.02807999971671,37.5566899991815]]],[[[126.97345799952579,37.575920399981],[126.9737019995424,37.575375099157306],[126.9753109008319,37.5756625001369],[126.97419600076161,37.5764406005499],[126.97345799952579,37.575920399981]]],[[[127.03475089960051,37.5782690000885],[127.03516140081021,37.5780326994654],[127.0351611009591,37.5782953007093],[127.03475089960051,37.5782690000885]]],[[[126.967766199528,37.5298238996021],[126.96803559947979,37.5294611994695],[126.9682546005222,37.5294449993455],[126.967766199528,37.5298238996021]]],[[[127.0020872998715,37.5689110999649],[127.00209890017219,37.5687788998774],[127.0020873001427,37.568911100131004],[127.0020872998715,37.5689110999649]]],[[[127.0069483996996,37.547921799974496],[127.0069484001039,37.547921799883696],[127.00703140027261,37.5480096001345],[127.0069483996996,37.547921799974496]]],[[[127.0371183995526,37.562071000044305],[127.0375467001397,37.562001599717505],[127.0371184000368,37.562071000916504],[127.0371183995526,37.562071000044305]]],[[[127.01659959963841,37.5446184999903],[127.0168166002013,37.544680899275605],[127.0168166001629,37.544680900111906],[127.01659959963841,37.5446184999903]]],[[[127.02526329957091,37.6037369991745],[127.02526330056321,37.6037369992914],[127.0252633001255,37.603737000251904],[127.02526329957091,37.6037369991745]]],[[[126.9734536999345,37.5355786000683],[126.9734536999756,37.5355785998867],[126.973453700187,37.535578600085],[126.9734536999345,37.5355786000683]]],[[[127.026481899606,37.5291542001401],[127.02648189984899,37.5291541994987],[127.02648190070519,37.5291542004641],[127.026481899606,37.5291542001401]]],[[[127.02937209916361,37.5643500997587],[127.0293721000809,37.5643500999705],[127.029372100062,37.5643501010439],[127.02937209916361,37.5643500997587]]],[[[127.0076434999026,37.550779299370404],[127.0076435008126,37.5507792998158],[127.0076434999967,37.5507793003734],[127.0076434999026,37.550779299370404]]],[[[127.0186518993005,37.5598059997068],[127.0186519002081,37.559805999334],[127.0186519002791,37.5598060003053],[127.0186518993005,37.5598059997068]]]]}},{"type":"Feature","properties":{"interval":30,"stationId":"355173195"},"geometry":{"type":"MultiPolygon","coordinates":[[[[126.9098766993145,37.548335199478196],[126.9122173995229,37.547312199435304],[126.91203129940449,37.546312099551905],[126.9127244996816,37.546153799596],[126.9149426002695,37.546533099486595],[126.9162091000185,37.5477992986864],[126.9174761997422,37.547555099429395],[126.9188978997745,37.5458155996333],[126.921164099978,37.5452060980235],[126.9222062989462,37.5440377991764],[126.927593300365,37.5460372993795],[126.92939369866241,37.5441004012502],[126.92808209997399,37.543994101356496],[126.9284598001567,37.543521299523604],[126.9293936995264,37.5441003992418],[126.9315221005313,37.5431708993833],[126.93086580040041,37.5437373998021],[126.9320378999775,37.5443595988787],[126.9348013992475,37.543633099793304],[126.9341804999853,37.5429993995527],[126.93655889990089,37.5439562994313],[126.9368191993591,37.5422307000677],[126.9388282001,37.5418447994462],[126.940357499666,37.542667099140104],[126.9408490005935,37.541869299855804],[126.94180230006401,37.5433080993176],[126.94373039998601,37.5426802996552],[126.9437488999793,37.5418276996486],[126.9441383000465,37.5424044993807],[126.9447395994452,37.541997799787396],[126.9436066998026,37.539930200923],[126.94269049945,37.5405574003879],[126.9435556988994,37.538219701157196],[126.9427562997043,37.5372620990438],[126.9482742003466,37.5371838998201],[126.9481785004691,37.537922199524196],[126.9499464000875,37.536956099809196],[126.9514209997087,37.537679299523504],[126.9509289994965,37.5362103002062],[126.95140170060081,37.535821599761896],[126.9513213006812,37.536727498855996],[126.9524036994199,37.5350131999867],[126.9522948995287,37.5343586006413],[126.9512316993885,37.5344768002266],[126.9518668986934,37.533857799321],[126.95229490038619,37.5343585989479],[126.95470809949451,37.533026899341806],[126.9547809994795,37.5319376996802],[126.95794269755051,37.5318428998138],[126.960113996965,37.5253844999464],[126.9579968989009,37.5245884999612],[126.9586287993282,37.524293199926504],[126.9583776990341,37.5228597993584],[126.95984589891991,37.522600499385206],[126.9593864999772,37.5215879997343],[126.9618906005961,37.5202487994882],[126.9670391019144,37.5199909971008],[126.9689243000292,37.5191301979616],[126.96915489979861,37.5172119998798],[126.97311040010659,37.5155713909514],[126.97625929922239,37.5172333991434],[126.9772741003199,37.5166708991331],[126.9780526000118,37.5182913993929],[126.97915259891181,37.5182349994493],[126.97899030072631,37.517125299161194],[126.9804827011413,37.518995098793695],[126.983107699684,37.518631399167894],[126.9830336004254,37.5198066997499],[126.98456420071109,37.5199403000244],[126.9841978007866,37.523829100208],[126.9834280002136,37.5242447007181],[126.98045020005021,37.5232663010212],[126.9794682005892,37.5250980011176],[126.9794491989921,37.5245509007392],[126.97764599967509,37.5252147011641],[126.9769276993522,37.5235162996252],[126.9779168992602,37.5228559998518],[126.977317499565,37.5217209001247],[126.97503809923161,37.5209403011223],[126.97302450124519,37.5216151004475],[126.97442960038589,37.5225548999593],[126.97244580097251,37.5225521997751],[126.9727332010565,37.5237684995393],[126.9679798012762,37.5271948998531],[126.9687768008534,37.5287904990289],[126.97024600100221,37.5283307000279],[126.9714153008142,37.5301171996497],[126.9751571987285,37.5288695995143],[126.9759619008375,37.5269207984185],[126.97729010035451,37.52941059912],[126.9770238014972,37.531430900173994],[126.9792269001756,37.5341477987745],[126.9801473992551,37.533988698933605],[126.9802859995932,37.5315679996535],[126.9811078994373,37.530884700002105],[126.9802305996041,37.5304158002661],[126.9801676999841,37.5291005996355],[126.98188210010511,37.5306686994204],[126.9813300009771,37.5308857002136],[126.9818926004145,37.532278298821005],[126.9833703007104,37.5321558995756],[126.98319979991359,37.5329864001805],[126.9833330992285,37.532406100726604],[126.981892600669,37.5322783008544],[126.9808562001909,37.5348856003174],[126.9790473004891,37.534836300673504],[126.9788137002583,37.5376207003196],[126.9781964994662,37.536970800923996],[126.9774900001579,37.5377355003742],[126.9750456002223,37.537161400656004],[126.9750161998452,37.5376608003238],[126.9742997002009,37.536743901048595],[126.97436920014229,37.5377882001794],[126.9738390003331,37.5376053005061],[126.9729330012391,37.539570898540504],[126.9743412002999,37.5416696001319],[126.9735553006348,37.5426112003339],[126.9733818003362,37.5452646995546],[126.97510770065209,37.5454798996495],[126.97550010025971,37.5466195985098],[126.9768494993888,37.5457071994779],[126.9792481992158,37.5460528992065],[126.9808065979492,37.5442520998513],[126.9791947994487,37.5429594004286],[126.9796114985876,37.541302699242],[126.9838816986341,37.541951399356705],[126.9835706001564,37.540683899425595],[126.983881700223,37.541951399068104],[126.9869864993195,37.5410889999692],[126.98683649963249,37.5348408007076],[126.9846046992441,37.534838299481294],[126.9864517992711,37.534878599238496],[126.9892954998227,37.5328104992717],[126.98889990066621,37.533362799607296],[126.99036609953511,37.5335181992315],[126.9910489991724,37.5320832004207],[126.98992579900009,37.5318174996329],[126.990510799715,37.5318991988646],[126.9914557991558,37.5287291998301],[126.9945269999791,37.5277728993918],[126.9962221001361,37.5288768983548],[126.99705589930231,37.5276681995635],[126.9984560999255,37.528358699580295],[126.999300800052,37.5279068993533],[127.0023863973126,37.5320903953955],[127.00676179957851,37.531820498874104],[127.00690610050229,37.5327431989061],[127.0086357001512,37.5320650997411],[127.00796960030209,37.533213299455],[127.00888310058181,37.533143699995094],[127.00802850097189,37.533596299916],[127.0103230012726,37.534251399409],[127.0103836010276,37.5354794993249],[127.0114350009093,37.535790599562496],[127.0136326001078,37.539420398816],[127.0153984998747,37.5392160988904],[127.0161633982563,37.5379736982131],[127.0201214942982,37.537420798766],[127.0208889985318,37.5297236990806],[127.0202126992081,37.5288901999141],[127.0220937990182,37.5280037994793],[127.0213773997346,37.5263299011532],[127.0194045994222,37.5256458010225],[127.0186104990613,37.5229530006743],[127.016910700488,37.5234901000048],[127.01752100017781,37.5243952011053],[127.0168351997232,37.5236503008585],[127.0158841006743,37.52437880013],[127.0162277014711,37.5249216005789],[127.0155930997208,37.5248013002994],[127.0163667989521,37.5229110000216],[127.0147363001913,37.520854301286406],[127.0135447993743,37.520601100779004],[127.01265099924551,37.5185799010208],[127.0115347995835,37.5189157007881],[127.0104464997863,37.5172668012109],[127.0075732994803,37.5183916003512],[127.0065419993272,37.5172490997679],[127.008161897991,37.516966299334],[127.0065849990159,37.5133420011787],[127.0052200987004,37.5132099005191],[127.0020892994981,37.5107717009881],[127.00090089879761,37.5093842993373],[127.0015319995016,37.5095640995285],[127.0016522995695,37.508679299999294],[127.0007513004705,37.507497301181296],[126.99990439963601,37.5077054002346],[126.9978466996928,37.5041344998168],[126.9994486995538,37.5052414983047],[126.9998974995397,37.5030561997998],[127.0011081992058,37.503395699035096],[127.00241369790031,37.5022164002144],[127.00089669969199,37.5009144995421],[127.0036367005587,37.5015266991752],[127.00452269967269,37.5009171997847],[127.00463379956159,37.499871300830605],[127.00379119870719,37.4999174004098],[127.0042161999742,37.4989728995642],[127.0040235004638,37.499772499516595],[127.0078144009285,37.4995732990279],[127.00860660059679,37.5017288011415],[127.0078603006803,37.504174899309206],[127.0112106000704,37.5031306996931],[127.0108020007107,37.5045217999492],[127.012055601595,37.505407299820604],[127.0099279004145,37.5062455015235],[127.0099946003478,37.508323999445004],[127.0133163995144,37.508010898501105],[127.01299690106451,37.5086332997296],[127.0159195008212,37.509380299147196],[127.0171153996253,37.5085968999306],[127.0156113995665,37.5069285980194],[127.0193425998249,37.5068162989896],[127.0188638990271,37.5031931993852],[127.0203220999116,37.5016128998625],[127.0215473996312,37.5022709992408],[127.02231469991099,37.500876599977495],[127.0245975992112,37.500232599753],[127.0251238993128,37.4988612997958],[127.0237833996167,37.496643900087],[127.02491349927939,37.4957389999675],[127.0240332992849,37.4949957997992],[127.02496450020439,37.4951678993486],[127.0255068000381,37.4940119999186],[127.02585449994939,37.4954648990926],[127.02665279929509,37.4939099996064],[127.0280193995472,37.4943001986613],[127.02901869962429,37.4927367998256],[127.029877999862,37.4927894984707],[127.03040920056179,37.4945143988244],[127.0318060003507,37.4954795001091],[127.0309798005712,37.4952174007527],[127.0306291009219,37.4959657000044],[127.03046950104269,37.498236499804996],[127.031332501102,37.4989288993972],[127.02926269968981,37.49984850079],[127.02856510042429,37.498447401466905],[127.02790620099451,37.5007992999956],[127.0311129001562,37.5030320996978],[127.0300877006586,37.5042342002838],[127.03043960128,37.5060424999926],[127.0314752008319,37.506599300252],[127.0304500007301,37.5062216009715],[127.02871690012371,37.508013500649895],[127.027403500979,37.5078457003174],[127.0286859002162,37.509446499874905],[127.0282682008313,37.511555799448],[127.0289411005116,37.5126511987332],[127.03352980020709,37.511007899572206],[127.03347070112609,37.5120657003187],[127.03565620080971,37.5154121995283],[127.03267479947999,37.516589500662704],[127.0308631999702,37.5160125007247],[127.0301892006066,37.5165711004426],[127.0307288003779,37.517175300503595],[127.03018920041299,37.5165711008299],[127.02948210106359,37.517056000440995],[127.0312745006664,37.518885500165105],[127.0317299009299,37.5209161996938],[127.034489401461,37.521788700454],[127.0353884010206,37.5233433999766],[127.0342981004442,37.5253818993622],[127.0361579995493,37.5254936995657],[127.0357814999949,37.5246175995229],[127.0378547993857,37.524784599186695],[127.0382681991389,37.5228427997341],[127.0391436000116,37.5228995986469],[127.04026410029971,37.524152399147],[127.0412591993046,37.5242665990328],[127.04137760097021,37.5235238992547],[127.0420532009615,37.524379299348],[127.04451000012921,37.5246803992487],[127.0460828006713,37.526321600563406],[127.04434000084251,37.5284498008726],[127.044075199268,37.5277289009056],[127.04260940073381,37.5284602001743],[127.042215501052,37.530398399209105],[127.043410400962,37.5300107996875],[127.0423175004935,37.530699400600405],[127.0425960002605,37.5312489001491],[127.0418340002382,37.5306286005483],[127.0376110002415,37.5307023006563],[127.0363825003908,37.5319546010872],[127.0361757998645,37.5314164008189],[127.03490620113409,37.5317548004805],[127.0351903995667,37.532357500837406],[127.0349062000188,37.5317548004995],[127.0343418004153,37.532580100614794],[127.03264749981929,37.5322740009162],[127.02701570239651,37.5340212002801],[127.020321908255,37.5376219039081],[127.02478810237409,37.5447835988965],[127.0305022996369,37.545818497576406],[127.0297969006987,37.5477393982964],[127.0333880002415,37.548775297149],[127.0332286016217,37.5508161995524],[127.0354248998633,37.5512989998202],[127.035947301971,37.550682998536196],[127.03760080047331,37.5533603985237],[127.03847179960229,37.553389598494505],[127.0420754976098,37.5505706987388],[127.04057299975,37.5479349000451],[127.0391893991705,37.548283600057395],[127.0398110996412,37.547100800060704],[127.037993198758,37.54594610115],[127.03849629918551,37.5453687001255],[127.03724789955,37.543754500030296],[127.0388798994488,37.5439611994457],[127.03881579912209,37.5422808992297],[127.0422705993292,37.538783699317406],[127.0425241990756,37.538165299935805],[127.0417353997613,37.537909999935096],[127.04566440100251,37.5378775993901],[127.0476430007066,37.539836298812794],[127.04968310020169,37.5398931993045],[127.04930920158449,37.5417603997116],[127.0510659013455,37.542037098256],[127.05363319877819,37.5420704982226],[127.0552694998286,37.5387530995999],[127.05514340077161,37.539493899087496],[127.0580477009688,37.541620798851795],[127.06125450025661,37.5415058990737],[127.0618509011275,37.5427724990521],[127.0640276998013,37.541941399628996],[127.0647448998939,37.5400685997976],[127.06579959920141,37.540187199760496],[127.06519709981261,37.5390769000201],[127.0654546003108,37.5395860993048],[127.06643129948111,37.5385631001228],[127.0660109995346,37.537285699943595],[127.06782030019819,37.538496099267405],[127.0695666007589,37.537906599299596],[127.06940210062831,37.5392765994282],[127.0712534005642,37.5399206988846],[127.072503001692,37.539508399472005],[127.0712534010849,37.5399207005441],[127.07158750013011,37.5418400999678],[127.0697548003381,37.5441208001901],[127.0638110996787,37.542375600236596],[127.0621345004139,37.5433949007322],[127.062469900346,37.544118100746296],[127.060370301388,37.5464524995718],[127.0601096009148,37.5483946002021],[127.0583130993089,37.5488025029211],[127.0559048001811,37.5478981015358],[127.05568270040321,37.5485981008358],[127.0550857993385,37.547363001357894],[127.05388289978261,37.5483344010515],[127.0517231011419,37.547984800784704],[127.0511931012593,37.5484350005939],[127.05164210110779,37.549572600743495],[127.0503154018109,37.5511965996203],[127.0503262024779,37.5546651987177],[127.0509432018609,37.5557831975997],[127.05276520278049,37.5559790003005],[127.0500631995932,37.555998000815904],[127.0493415001606,37.556581000118804],[127.04971380054441,37.5574612000194],[127.04934149991,37.556581000574],[127.04787299944189,37.5568307003908],[127.0466435010219,37.558155799999504],[127.0483240999504,37.5600134995809],[127.05060730000099,37.5590347995723],[127.0544167989973,37.561046298552],[127.056733400309,37.559876699275996],[127.057248800147,37.5615854991741],[127.0591230988985,37.560968599287605],[127.0594380989988,37.5602149989119],[127.05809599924551,37.558367800517196],[127.0614855989658,37.557153999039194],[127.061494099791,37.555268398175706],[127.0637500011934,37.5579603974457],[127.0660523000775,37.5567384986664],[127.0682929000077,37.5581195997584],[127.0681107005597,37.5601841980323],[127.06949190115,37.5589930980733],[127.0710441999443,37.5607265994552],[127.0726960001546,37.560030300065],[127.0704903000512,37.5604786002522],[127.0717851005496,37.562560400959],[127.0700647006125,37.5631636010156],[127.0701533004223,37.564378400495],[127.0690656007086,37.564774100403405],[127.0681936006112,37.5665286997845],[127.0662424004007,37.5639197005821],[127.066186401115,37.5651715002991],[127.06510879992061,37.5645942012317],[127.0642643003396,37.5656477008948],[127.064341899633,37.565038400778796],[127.0634241005508,37.564906200911004],[127.0633123996743,37.5655883002212],[127.0623478001198,37.5645133008011],[127.060639600741,37.5658151000621],[127.06174250013069,37.567332700202],[127.06090640064119,37.566355801262795],[127.0600485006904,37.568356900539],[127.0588619005674,37.5671679013684],[127.05938210001959,37.5702597003551],[127.0564252005297,37.5709529003961],[127.05605890089599,37.571469299879695],[127.05721630007149,37.5717249000007],[127.0557162001855,37.572166500191],[127.0556156000618,37.5728554001586],[127.05417709931871,37.5731319007255],[127.0530644004314,37.572297301560106],[127.0523431005713,37.573589800647],[127.0501393004671,37.5737230004474],[127.0506354003391,37.574450999800206],[127.0499571006526,37.576341999604],[127.0507989998107,37.577388998557],[127.0515773999885,37.5763347999861],[127.05263150022931,37.5766538995063],[127.0522665002355,37.5772033002791],[127.0536087011976,37.579026399316994],[127.0552893004887,37.5791676002435],[127.0535674006482,37.584451799335994],[127.0541726004621,37.585342999919405],[127.0536896004383,37.5862315999988],[127.0547070997387,37.5867966994328],[127.0551229997201,37.586258899559496],[127.0555560997175,37.5873675993386],[127.05631909978709,37.5860803996426],[127.0600741997556,37.5876385994504],[127.0607547005842,37.5869003999486],[127.0605448007319,37.5877987995531],[127.0614691010819,37.587635499855296],[127.0622300004263,37.5885299995181],[127.0623119006102,37.5912953001934],[127.06089260038391,37.5909512007186],[127.06075630045879,37.592159900975595],[127.0593827002019,37.5917261006127],[127.0587642001375,37.5927486003432],[127.05460930037529,37.59048340091999],[127.0540580994095,37.5913343004648],[127.0530068994358,37.5889173994914],[127.0541232996741,37.5865586005776],[127.0532001000142,37.587957800115696],[127.0530484995798,37.586293000789496],[127.0527197001273,37.5873997003675],[127.04885610033439,37.5870817003587],[127.0467235996592,37.5888463002906],[127.0436308004672,37.5880060005166],[127.0432287999747,37.5894359003699],[127.0424431006477,37.5882804009186],[127.0415404004716,37.5891750009492],[127.0417663991501,37.588176100497],[127.0394418004717,37.5876033000489],[127.03819270160609,37.5887688000211],[127.0409422007328,37.5912749003503],[127.0397965010983,37.592705801925],[127.038223199051,37.592405601995],[127.0364381008361,37.593308901091696],[127.0360790003643,37.5948835004526],[127.0339628993312,37.593026100470105],[127.03437559914721,37.591973000950304],[127.033481599735,37.591605200733795],[127.03404239968701,37.591410500170205],[127.0334676997891,37.5894058003054],[127.0325242002892,37.589851799927395],[127.03286540003991,37.590300700005],[127.0308521996841,37.5907632004378],[127.02995920004909,37.5898306009727],[127.0290158001733,37.5908128004788],[127.0284410004834,37.5903704006665],[127.02843230031161,37.591241600365294],[127.02827069857659,37.5901705001646],[127.02621290028421,37.589674200492794],[127.02600720004179,37.5903388005032],[127.0262128993651,37.5896742003277],[127.0251608998084,37.5888888007823],[127.0221762018532,37.590864399720104],[127.0232953018141,37.5933756005752],[127.0278552006292,37.594612999976704],[127.0266978999577,37.5959844013237],[127.0242378017321,37.5957317009809],[127.0242339017657,37.5987031985953],[127.0270131996424,37.59861999868809],[127.0285971006472,37.5973554988373],[127.0318062004325,37.5978340978257],[127.0333462000976,37.5988269994514],[127.0330221004361,37.5995765995404],[127.0343728001262,37.5988693999834],[127.0348126004385,37.5997183994982],[127.0340627006486,37.6004429995583],[127.0348255998857,37.600762599238706],[127.035436500183,37.599861699795795],[127.0350701003722,37.600850799746404],[127.0358836003588,37.602278099380996],[127.0375444005096,37.6020731996545],[127.03759270111881,37.60391599965],[127.0363230003572,37.604284200465905],[127.0348516012273,37.6061921001144],[127.03534530073361,37.6070159992905],[127.0367366007167,37.606472699771494],[127.0362176005002,37.608315299748],[127.0368092999085,37.6089889990743],[127.0371758011026,37.6085031000201],[127.0368747003642,37.610058199478395],[127.0375439002868,37.6096886000821],[127.0367693003762,37.611092799487004],[127.0377664006159,37.611503599035096],[127.03758670028,37.612537899736],[127.03883820063,37.6121671995555],[127.0391640003534,37.6137383998156],[127.035052902164,37.6148795003983],[127.0362634015584,37.617238599458],[127.03595020104581,37.618376001220994],[127.0328641005634,37.619096001574896],[127.0325759004258,37.6204787007206],[127.0318986998538,37.61990060066],[127.0315667001858,37.6204961000645],[127.0319480003858,37.621136600837296],[127.0306166003554,37.620820200644],[127.0302354007366,37.621779199685],[127.03254320041441,37.624220800098705],[127.0319517004599,37.6254874999482],[127.03268870070559,37.627177600611105],[127.0274810023747,37.630435702861],[127.0283294015263,37.6336608996358],[127.0316437009789,37.636069499281994],[127.0305803001545,37.6368773000303],[127.0311875003185,37.6371337004095],[127.0307475002994,37.640018499951594],[127.0298105006859,37.63976570066],[127.02967590082051,37.640409900015804],[127.0307631005296,37.64128729992],[127.0292415003083,37.642527100807605],[127.0288002001578,37.6419239007379],[127.0279742999963,37.6423371007309],[127.0276993997281,37.641567300814195],[127.02682830001831,37.642193600503695],[127.0244849999976,37.6416588006105],[127.0232567001203,37.642544800890704],[127.0216267997967,37.6413347005671],[127.021707099625,37.6406308004496],[127.0195199998085,37.6395246005332],[127.02007519923059,37.638840400363],[127.01946389978731,37.637646700036896],[127.0203500995591,37.6364612001298],[127.01946729929901,37.6355150999804],[127.02084960031091,37.634501499629096],[127.0213528998076,37.6350700990605],[127.0219900991704,37.6346468994837],[127.0229024993275,37.632170100170406],[127.0199550997408,37.629157200286805],[127.019878499054,37.6280133004431],[127.0181050996695,37.6277106001817],[127.0183353988722,37.625558000371896],[127.0175712994329,37.6251162997452],[127.017881499763,37.6239180997096],[127.0189785992646,37.6234197000157],[127.0186947994711,37.6223518001526],[127.0156992000384,37.6213707005741],[127.0130732984263,37.6225875017576],[127.01179589858219,37.620052601105904],[127.01017349850929,37.6198491002239],[127.0130995990656,37.6183224996593],[127.0147356001219,37.619069399120804],[127.0154029004969,37.617162099262],[127.0172292004018,37.6199740989305],[127.0185134003613,37.619135999708696],[127.020879799433,37.6199370991413],[127.02124920003,37.6188333998805],[127.02105350086829,37.6194397997138],[127.02216009976169,37.620052599101],[127.0227515998869,37.6185415996971],[127.0237383996039,37.619198399111],[127.02406189928041,37.6184389998704],[127.0225326997606,37.6176696002803],[127.0208490989322,37.6147498008622],[127.0227888988684,37.613483100143405],[127.02204429960611,37.6129289005648],[127.022674999347,37.6114925007739],[127.0174869998536,37.610956600657005],[127.0177427986658,37.6084776007432],[127.015810600598,37.6074471017737],[127.015489300472,37.6091210007482],[127.01358720029741,37.6089399009695],[127.0130707008171,37.6101682002044],[127.0138389005279,37.6118688996951],[127.0111932001837,37.6154480005224],[127.01048489993859,37.613795001046206],[127.0087120017115,37.6140185008227],[127.0095961013092,37.616660500836204],[127.0084721999841,37.617367000233],[127.0078238990648,37.6166408995985],[127.0088497989148,37.6162320991743],[127.00871199905261,37.6140185013879],[127.0062352015294,37.6139570014494],[127.0052880998078,37.6166560009279],[127.0029416993695,37.614361800336596],[127.0021441996396,37.6115667998859],[127.0076547994148,37.6078428997042],[127.00644119977619,37.6056127993606],[127.00706729881651,37.6040681988897],[127.006524499018,37.5992415999891],[127.0075199984764,37.5987999995438],[127.0061328988666,37.5954246019752],[127.002900400889,37.5948749021129],[127.00272750106191,37.5969513000365],[127.00170680099549,37.5966272010781],[126.9999522021483,37.598786500695404],[126.9988388993678,37.5991420016907],[126.99845929961069,37.598313200919],[126.9961925999883,37.5992446003228],[126.9949188002412,37.5974925016257],[126.9936918992793,37.5976924001744],[126.9939785993065,37.596924300268896],[126.99237999940419,37.595630799997004],[126.9929328991428,37.5947387004574],[126.99190809964091,37.594211700804],[126.99139409978079,37.594733900048304],[126.99205069944269,37.593942499948696],[126.9917059999045,37.5929098005881],[126.9907629995333,37.593028500524],[126.9893304995195,37.588648802239504],[126.98665640104821,37.589019803623906],[126.9861826991658,37.5876033012382],[126.9839544002931,37.588425901409394],[126.983012399821,37.587408000457806],[126.9816959999947,37.5875818005304],[126.9816884988698,37.5863874005181],[126.9793513987121,37.5849682997766],[126.9792078000166,37.5832898003896],[126.9754166995802,37.5837618006565],[126.9749579990518,37.5830084008759],[126.97291040054421,37.5838731000906],[126.973095000249,37.587318500615005],[126.97243759946241,37.586206700464],[126.9699908996504,37.5861435010776],[126.96976449895169,37.5846980015884],[126.9685090995397,37.584077601914004],[126.9664972000276,37.5845946005071],[126.965288100653,37.5839881007725],[126.96549699944,37.58295110011],[126.9639461978837,37.5825532011711],[126.96395429807829,37.5804550012942],[126.9621361998964,37.5803121014371],[126.9615494999356,37.5822377006251],[126.9583586000396,37.5797280007094],[126.9567587011678,37.5826587018229],[126.9543529016381,37.5813217019444],[126.9549554028687,37.5840884007625],[126.9543208005531,37.5851476013485],[126.9528197015352,37.5852067016014],[126.9517964997742,37.5865170030542],[126.95025419928861,37.586173002729005],[126.94895250059031,37.5873783015237],[126.9491157000484,37.588988501398],[126.94814299980091,37.5885722014],[126.9456017006314,37.5893479010089],[126.9462968006837,37.591438899952],[126.9456296006277,37.593302600714104],[126.94511249960479,37.5922584014616],[126.9440278002071,37.5921366013656],[126.94349220053209,37.5933680004835],[126.9416986998968,37.5944119008158],[126.9411084000573,37.5939277003184],[126.9402723995653,37.595370000365605],[126.9407293984081,37.5944922005736],[126.93809529958381,37.592968900223205],[126.9401253992358,37.5912745999446],[126.9406475990425,37.5897596003856],[126.9399396997504,37.5890060011392],[126.9385676011225,37.5894094007358],[126.93861109917201,37.590690801392],[126.9369691002891,37.589922801228],[126.936831699908,37.5890261993411],[126.9390627988729,37.5881399998887],[126.9402834993356,37.5859360990549],[126.94187119949099,37.5855548992868],[126.9418021994014,37.5839788002707],[126.9410925995198,37.583896300158],[126.94330479945391,37.5824638993816],[126.9428480006177,37.5818296980631],[126.9443734016718,37.581388098917195],[126.9446130021349,37.5830276983347],[126.9459485007994,37.583643797718594],[126.9492116985897,37.5822828981615],[126.9498025977269,37.5773066023545],[126.9485037992132,37.5757899002164],[126.9498538991887,37.5760570991536],[126.9492706998515,37.5749428996434],[126.9528082990354,37.5726780976834],[126.9560665985189,37.5727686983602],[126.95615339843211,37.5712172999116],[126.9546039991645,37.5710920994703],[126.95488969930629,37.5703776984898],[126.95719049814589,37.5699477984165],[126.9578247980031,37.5676510995128],[126.9588249995802,37.566866399957505],[126.95820159972679,37.566823800139105],[126.95817809891359,37.5653017997218],[126.9575688995228,37.564533400490205],[126.9536589995152,37.56459130056599],[126.9529736995234,37.5639916005063],[126.95291399914801,37.5609458015208],[126.95228609977589,37.5612930011736],[126.9507395001543,37.5602816006321],[126.9493240009438,37.560182100697496],[126.9491297015283,37.561458901672],[126.9477451003232,37.5622374028934],[126.9451721006468,37.5611305018941],[126.9429325006291,37.5616848010864],[126.942430999636,37.5601912008152],[126.9414595006075,37.5601756008308],[126.9415887998889,37.561364900181],[126.9403060995863,37.560703100263694],[126.940285999221,37.5598856002451],[126.9388451998896,37.5600632001335],[126.938208299925,37.559343100679],[126.9370770999021,37.5607691002196],[126.9325533996661,37.5577854010663],[126.9308602001885,37.5581255006268],[126.929578099704,37.557278100450596],[126.9290391002295,37.5580680003861],[126.9285749999045,37.557576000508696],[126.92836410037009,37.558859300426704],[126.9266070001983,37.5604855004636],[126.92504699927551,37.5600372006438],[126.9236183998015,37.5607698001999],[126.9227523996436,37.560233700171196],[126.9229653997964,37.5593384003837],[126.9212399999591,37.560072400500005],[126.92149479957891,37.5587058999598],[126.9205676995987,37.5587455004239],[126.92000279999971,37.553978799839406],[126.92020719989479,37.554931498959405],[126.9212761988258,37.5548967989941],[126.9221734007021,37.5537348992137],[126.9255262999974,37.5543198995147],[126.925996100182,37.553573699668],[126.9285242003608,37.5551487993542],[126.9284025006297,37.5558962996757],[126.929576600343,37.5559875996369],[126.9294006004391,37.5567782994028],[126.9312197993899,37.5550718999199],[126.9311521994575,37.5544353005565],[126.93052229959541,37.5547681000361],[126.9308845998124,37.5539773997699],[126.93170329984129,37.553995799534],[126.93304089944449,37.5520504001261],[126.9305336996555,37.5510577007477],[126.9303474997251,37.5492877010793],[126.9288000999073,37.550194000074],[126.92734229987221,37.5477189013522],[126.9263277007184,37.5488003003039],[126.92499670045609,37.5488959004771],[126.9252327000843,37.549890600171196],[126.9240634998206,37.5521065004611],[126.9230888999056,37.5521728001116],[126.922825299486,37.5512418004256],[126.9217591000283,37.5512958002519],[126.9211304997131,37.5502018003759],[126.9188084997392,37.5495833006417],[126.91805819962191,37.5485463004867],[126.9163410005665,37.5498524000681],[126.91657890039541,37.5513896003033],[126.91599679980901,37.5503460003641],[126.9147440002219,37.551788600608404],[126.9141108000589,37.551212600611],[126.9123428003292,37.5523871004677],[126.9114304994843,37.5503663005993],[126.9099475996951,37.5496678002568],[126.9104518993743,37.5492433003231],[126.9098766993145,37.548335199478196]]],[[[127.0730244996902,37.5591931997574],[127.0745478994121,37.557280799687604],[127.0737825998413,37.556479699524296],[127.07466669955109,37.556380099193],[127.0751951995798,37.5552475998623],[127.07416309969881,37.5538476998547],[127.0757233996777,37.553883499863],[127.0753788997187,37.5534408999391],[127.07669139979821,37.551960999863596],[127.0778155001711,37.551865399707],[127.07891670003919,37.553045699486496],[127.0791126001069,37.552299499320995],[127.0801082000901,37.552571299084796],[127.0813657998551,37.5543640982767],[127.08285339998581,37.553784198884],[127.0843077009899,37.5550669990036],[127.086600598697,37.553563600507],[127.08547819810529,37.5517597983509],[127.0873492985723,37.5507486983503],[127.0867346995738,37.5485256992452],[127.0932106004298,37.5487984998449],[127.09385360015601,37.5513933000338],[127.0926757007321,37.5523553009072],[127.092847900974,37.5536239001518],[127.09090089939079,37.554339301123],[127.0898116000321,37.553691901382095],[127.0891945004234,37.5550052014424],[127.087447499983,37.55490650102],[127.086951499422,37.5541473004622],[127.0856148999596,37.5548977005122],[127.08527650025201,37.557449400377905],[127.08391270064949,37.5577360006225],[127.0827687006965,37.561643799753],[127.0818962005951,37.5615258002199],[127.0823188003216,37.5622984005902],[127.08189619975,37.5615258009991],[127.07827499960281,37.561255200336795],[127.0770646000651,37.560152601024505],[127.07483069984751,37.5602897006303],[127.0730244996902,37.5591931997574]]],[[[127.0081912995494,37.4919981000951],[127.0091920995127,37.490464599693304],[127.01072909989611,37.490541398968496],[127.01243210006639,37.488983599359095],[127.0146205993377,37.488373599793604],[127.01380059915739,37.4851642005837],[127.01254509882949,37.4849259997535],[127.0125510999317,37.4837377993888],[127.016197398578,37.482391999480996],[127.0175698991239,37.4829475989897],[127.017579599753,37.4819313998193],[127.0184780002174,37.482343198924504],[127.0195463008863,37.4846394997741],[127.0190435008429,37.4852088999937],[127.0196050002814,37.4858534993491],[127.0203614008099,37.4854268009099],[127.0192451997626,37.48661430048],[127.019043499986,37.485208901213404],[127.0175793013968,37.4857624007634],[127.0180933005103,37.4871770006195],[127.0149518003668,37.487524400988],[127.0137381008602,37.4895104002989],[127.0148718995747,37.4913601987256],[127.0158361008109,37.490663898875404],[127.01703950029899,37.4913691995884],[127.0181868008836,37.4909137000508],[127.0177142008423,37.492626699627905],[127.0194855004122,37.4936246994273],[127.0190518006863,37.4953126007131],[127.01738250043,37.4952309007055],[127.0152594999277,37.4965100001794],[127.0146039005833,37.4960560006334],[127.0140832013812,37.497448100637],[127.0121778990651,37.49753050029361],[127.0129930993031,37.496759000248794],[127.0124528998433,37.4952417017661],[127.00936449961651,37.4944833025858],[127.0094094990533,37.493054700129804],[127.0081912995494,37.4919981000951]]],[[[127.0804705995553,37.5960953998291],[127.0826621999711,37.596853599203],[127.0830281997018,37.5957492997182],[127.0855283001676,37.5963117993943],[127.0850249999882,37.597368599640305],[127.0874548994699,37.5981127993223],[127.0879203001731,37.5974942997577],[127.08768330034209,37.5982166993332],[127.0887267003931,37.5989961002167],[127.088206700035,37.5984663005262],[127.08783910041079,37.5993514000615],[127.08514590002,37.6003821004259],[127.0836845000483,37.5986759010048],[127.08276599967131,37.598761200332],[127.08318990015769,37.5983034994192],[127.0844650997425,37.5996591985853],[127.0850977991098,37.598771199473305],[127.0843587989888,37.597453500269204],[127.0812592994814,37.5970419004327],[127.0804705995553,37.5960953998291]]],[[[126.9359292989509,37.5132229999243],[126.9376523996488,37.512446799062],[126.9375477997534,37.5115644999443],[126.93845249948279,37.510941799575],[126.9402423991921,37.510643999574],[126.9396189994404,37.5101071990015],[126.941249200938,37.5099407995707],[126.94204640074659,37.5113382985806],[126.9458466994904,37.5094109992893],[126.9468472003568,37.5112721994786],[126.94797770029959,37.5113747991963],[126.9472442009878,37.5118888999511],[126.94777570045629,37.5130598987801],[126.94893419947219,37.513481499514995],[126.9495284004183,37.5126460983224],[126.9496697017672,37.51396860045],[126.9477725006099,37.5133252006044],[126.9460374003492,37.5144054016236],[126.9430949000654,37.5130882005811],[126.9426760001494,37.513797100180795],[126.9392270009524,37.5137152002702],[126.93913020035829,37.5144439002129],[126.9383625999079,37.513099600264795],[126.9376676000766,37.5130788002582],[126.9373216005244,37.514139100150004],[126.9359292989509,37.5132229999243]]],[[[126.97439259882441,37.506243000279795],[126.9780710996279,37.5054133988797],[126.9783233993756,37.504367099926],[126.98159289870159,37.50435229949],[126.9807710995234,37.502933300909],[126.9783557999596,37.5038004004412],[126.9767721991431,37.5031559983616],[126.9788764995067,37.5023019990808],[126.97889940066341,37.5033596993499],[126.9800009995618,37.5033887993208],[126.98793120063611,37.4986957997461],[126.9807711014812,37.5029333013929],[126.9815929006594,37.5043522999739],[126.9808113001508,37.5065723082724],[126.9780711013287,37.5054134008368],[126.97439259882441,37.506243000279795]]],[[[126.97681419899871,37.4885819994552],[126.9767980990148,37.487007301029905],[126.9787872991716,37.4845473002078],[126.97825249996859,37.484069399460004],[126.97922049999839,37.484365399130205],[126.9796098999747,37.483508699323004],[126.98092319978991,37.483460799307906],[126.98089209997721,37.4827636994886],[126.9820372998728,37.4827515995643],[126.98312590111381,37.484615899276],[126.9842651999745,37.4843149995769],[126.9844437008381,37.4856643990953],[126.98535130067481,37.485772099026],[126.9842205008274,37.487096800456],[126.9824148007448,37.4874348004069],[126.9815109009604,37.4888235996561],[126.9826306002898,37.4892374995671],[126.9833269999812,37.4909037986509],[126.9846275007659,37.490870900488595],[126.9826020002681,37.492754101022],[126.981092299895,37.491106701067004],[126.980437099563,37.49150620030311],[126.9791482996041,37.4888380003756],[126.9785006994548,37.488462401024805],[126.9773226002548,37.4898198004554],[126.97681419899871,37.4885819994552]]],[[[126.92887549953221,37.601504899606304],[126.9298811992456,37.6013912996695],[126.9299548997884,37.6001786992843],[126.9325608999513,37.6005111975638],[126.9338245986876,37.5994664986085],[126.9336370999088,37.5976335993156],[126.93376520048359,37.5985145991698],[126.93511749968181,37.5986097992118],[126.9363416984576,37.5977217000999],[126.9362564999621,37.5967786990386],[126.9372189003078,37.598208798646205],[126.9392513016381,37.5964834003167],[126.93859140041181,37.5967009001914],[126.9374463001358,37.604839900398204],[126.9357544002918,37.6038962003759],[126.9338681994343,37.606037100663904],[126.9339862992819,37.604710900747904],[126.9332165994577,37.6048962002979],[126.9320919000406,37.6025051021138],[126.9296992001266,37.602955100288206],[126.9302073991642,37.6023819999782],[126.92887549953221,37.601504899606304]]],[[[127.0305586994891,37.6482740998812],[127.0317643995697,37.647942499565],[127.03126329973621,37.6469897995464],[127.03265810056091,37.6448537994192],[127.0352732999691,37.646160199243695],[127.0358186006659,37.6454464994159],[127.0392124004535,37.648355500119],[127.0380271012582,37.6489635001342],[127.0371848006193,37.6509789997851],[127.0376745001675,37.651422000153396],[127.0360747002078,37.6519062003706],[127.03599869952099,37.651232200367204],[127.03183489971391,37.650685800310896],[127.0305586994891,37.6482740998812]]],[[[127.0381763990097,37.5163477996945],[127.0388631995378,37.5149374991932],[127.0426221991092,37.513688199791],[127.0430828990233,37.5123828000854],[127.0411506998972,37.510322299127],[127.0442799015413,37.509270299780994],[127.04581340060341,37.5116800001758],[127.0435807001586,37.5110343009426],[127.04240990132939,37.5116814002955],[127.0439418006058,37.5125916001793],[127.0429180003395,37.5128818004004],[127.0423648010953,37.514321599579105],[127.04529410116801,37.5171905008788],[127.0410065996944,37.519422101092196],[127.0400445998586,37.5191907005617],[127.0381763990097,37.5163477996945]]],[[[127.0386375996086,37.602508099991304],[127.03948709979021,37.601808499397094],[127.0406647990987,37.6021682993273],[127.0406337991297,37.6010659004297],[127.0393324997428,37.600549800072],[127.04000379978659,37.5996242994658],[127.0416586998336,37.60010189964],[127.0419544000503,37.5994691997325],[127.0431407007481,37.6004121994102],[127.0428493007829,37.602201599604804],[127.0437787998534,37.6027407990656],[127.0439169006426,37.6040279001313],[127.042922700022,37.6035385005503],[127.04247029981731,37.6042470000637],[127.0416232998103,37.603194800489796],[127.0403363999544,37.6032370006693],[127.0406231995299,37.6026443004624],[127.03965739941779,37.603158900630895],[127.0386375996086,37.602508099991304]]],[[[126.9775945992919,37.4766876999553],[126.9789929993656,37.475879299538406],[126.9789836996638,37.474987899442205],[126.9805284002089,37.4753921983057],[126.9812394999266,37.473827499151795],[126.9823558999791,37.4763506987875],[126.9829864993485,37.476235598902605],[126.98291279997599,37.474364499514],[126.98298650071649,37.4762355987949],[126.9857543005199,37.4759528996694],[126.9855508007432,37.476811601070395],[126.983209200714,37.4780619007297],[126.9832679000291,37.4793563006453],[126.98172130003401,37.4805718008252],[126.9807251996747,37.4790254003688],[126.9790042990163,37.4788555002725],[126.9775945992919,37.4766876999553]]],[[[127.0627579996604,37.5944606000963],[127.06530309996259,37.5938657997481],[127.0671046002569,37.5950168998841],[127.0662153000129,37.5988310004732],[127.0653502999754,37.5987453008456],[127.06467149964341,37.5961914000709],[127.0637697998585,37.5961214004109],[127.0627579996604,37.5944606000963]]],[[[126.92660109951049,37.6089106003347],[126.93168770022899,37.6068964995736],[126.9324893000606,37.6075701993832],[126.9331999997429,37.6068199997383],[126.9334803009916,37.6098695998351],[126.9320313008413,37.610025300614794],[126.93233340037361,37.612423200913],[126.9313121001063,37.6119371015183],[126.929824000452,37.6130071004131],[126.9271230999815,37.6127956008537],[126.9272635991973,37.609319900442],[126.92660109951049,37.6089106003347]]],[[[126.9185867992727,37.6191439999222],[126.9193078004601,37.6171355995346],[126.9204342999706,37.617677799347504],[126.9232908998566,37.6167894995529],[126.9225327008633,37.6176881998549],[126.9238162002091,37.6181135998582],[126.9236313007534,37.620108200015295],[126.9228971003681,37.620522900526595],[126.9219237999643,37.620103300492794],[126.9199575000028,37.621090300599896],[126.9196528992276,37.6197010001135],[126.9185867992727,37.6191439999222]]],[[[126.9078757997249,37.555416199957605],[126.9108020998396,37.554291899622605],[126.9103695005834,37.5547656996171],[126.91163979931311,37.555003499379296],[126.91197910004189,37.5543074999373],[126.91163980026191,37.5550034994199],[126.91276320023731,37.5564214000869],[126.9094530000225,37.556795100747],[126.908838500263,37.5574816007366],[126.9078757997249,37.555416199957605]]],[[[127.0716005988903,37.5479423001444],[127.0734685996628,37.5456512992846],[127.0745433005279,37.5464243995332],[127.07623439971711,37.546231699334],[127.0754091008139,37.546482499869406],[127.076008900248,37.5470633993454],[127.0766022004635,37.5463718000344],[127.0754487007564,37.5491013002644],[127.07390120018289,37.5502028008973],[127.0738047996162,37.5474991012977],[127.0729756004454,37.5479724008244],[127.0732602996757,37.548751700402796],[127.0716005988903,37.5479423001444]]],[[[127.100992599609,37.5462491997677],[127.1015933996765,37.5449707996332],[127.103306599248,37.545467199102895],[127.1036470999316,37.543598599611805],[127.1038398002395,37.5448818997634],[127.1049021998986,37.5452471993327],[127.1056901012743,37.5446107997125],[127.1059834007666,37.5464257002043],[127.10579370000481,37.54699110077],[127.10300549978899,37.5460562009144],[127.1025032001727,37.5469287009126],[127.1019115994374,37.5457034006686],[127.100992599609,37.5462491997677]]],[[[126.98703899934699,37.5202495001431],[126.9908769004091,37.5204123990063],[126.9927000000967,37.5192799995274],[126.99388640032599,37.5199792997099],[126.9908769002844,37.5204124004594],[126.99089500008259,37.5222621012315],[126.9903145996893,37.520428000648],[126.98703899934699,37.5202495001431]]],[[[127.0313426988275,37.4840451998507],[127.0342984991631,37.484095999343104],[127.0341133991177,37.4829617985323],[127.0367304010076,37.481760299222195],[127.03541630088199,37.4831317003713],[127.03649910031601,37.4849258999276],[127.0355017000496,37.4854058008447],[127.0337758995413,37.4855422005463],[127.0330414999069,37.4864092001912],[127.0333561992241,37.4853416002259],[127.0324071992915,37.4854306998799],[127.0313426988275,37.4840451998507]]],[[[127.0476531996312,37.6058578003393],[127.0503068002928,37.605647599912096],[127.04889900067231,37.6067909001352],[127.04990200063881,37.6071735996291],[127.04970370007999,37.608111100102],[127.0489937000834,37.6069860007222],[127.0474556997829,37.6071718998937],[127.0476531996312,37.6058578003393]]],[[[127.0650881994096,37.6008702994954],[127.0675281000877,37.5997936997969],[127.0683873015966,37.6014798987209],[127.0671499006031,37.602357400139006],[127.06750960008489,37.6032252999902],[127.0659626998104,37.6033495009633],[127.0650881994096,37.6008702994954]]],[[[126.931723899929,37.527655800091296],[126.9344256008476,37.5258767989333],[126.93453730016171,37.5280664002351],[126.9325344998785,37.527525200694],[126.93188280015319,37.5282888003105],[126.931723899929,37.527655800091296]]],[[[126.9262907971097,37.5172738991216],[126.9265336979496,37.5148348001982],[126.92456939914,37.513637099307594],[126.92493610031049,37.5144409990695],[126.92797299971909,37.513576499802696],[126.9296322010475,37.5145116986941],[126.92913060213249,37.516966198034396],[126.93023420231,37.5181942997513],[126.9292820997389,37.5176141016462],[126.9284188995816,37.518889101423206],[126.9262907971097,37.5172738991216]]],[[[127.08233169929039,37.5663479002096],[127.0823536998525,37.565081399842896],[127.0827743999333,37.5661934991741],[127.08392069999859,37.5640152997646],[127.0841887005432,37.5657002989803],[127.08557760089349,37.5659063003688],[127.08524630038909,37.567636900556195],[127.0844939000413,37.5662664016967],[127.08233169929039,37.5663479002096]]],[[[127.0828388995351,37.5367465999792],[127.0839032001653,37.535856199178696],[127.0877812013804,37.537506198939106],[127.08504549991271,37.5377619010635],[127.08431730064089,37.5385109003145],[127.0844260995624,37.5376078007423],[127.0828388995351,37.5367465999792]]],[[[127.0451289988876,37.652672099584294],[127.0460785992363,37.6525472994786],[127.0467031006969,37.651101398376404],[127.0467230004286,37.6539026002729],[127.0459940003794,37.6544120004068],[127.0458550996262,37.6528372003061],[127.0451289988876,37.652672099584294]]],[[[126.9921505994013,37.4885914997527],[126.9922650998001,37.4872406991123],[126.9946883007677,37.486000899688],[126.9936017006552,37.4891761987355],[126.9948125994443,37.4885430993686],[126.99433329998149,37.487896899924905],[126.9957368004769,37.4883255001437],[126.9936016998952,37.4891762014052],[126.9921505994013,37.4885914997527]]],[[[126.9322248993622,37.619635000255606],[126.9319472997867,37.618161999304995],[126.9337043002815,37.6178409991378],[126.9330995006158,37.618188700232494],[126.9332665004066,37.6196793003529],[126.9322248993622,37.619635000255606]]],[[[126.91570589926681,37.5182276012481],[126.91666429952309,37.516926399588705],[126.9181634008005,37.5175957012151],[126.91570589926681,37.5182276012481]]],[[[127.03851619951111,37.4697253998129],[127.038849199842,37.4701180996237],[127.0393175004712,37.4692582993401],[127.0391743002499,37.470199700635504],[127.03851619951111,37.4697253998129]]],[[[126.98788369826529,37.4627706003607],[126.98928590052469,37.4624498000546],[126.988185500785,37.4628410010873],[126.98843720053331,37.464687499240796],[126.9894440002197,37.4649807004822],[126.9883619991403,37.4646618009142],[126.98788369826529,37.4627706003607]]],[[[127.093699999791,37.535267199634],[127.0949565003306,37.5344555998626],[127.09402219993609,37.5359737002368],[127.093699999791,37.535267199634]]],[[[127.1232978999017,37.5380985000281],[127.1243928006803,37.5382721010186],[127.12348760010461,37.5388173003703],[127.1232978999017,37.5380985000281]]],[[[126.98027999956369,37.5364565992324],[126.9806401004007,37.5358474994974],[126.9805654007894,37.5370504004067],[126.98027999956369,37.5364565992324]]],[[[126.9188019994795,37.516974499274404],[126.921739800556,37.5158245989104],[126.91962960074119,37.517015200682806],[126.9188019994795,37.516974499274404]]],[[[126.9236472990881,37.5212975994223],[126.924749800863,37.5219887005349],[126.9236008996013,37.5220667004001],[126.9236472990881,37.5212975994223]]],[[[127.035531799904,37.5002757001821],[127.03646100043021,37.5003292988487],[127.03699350039619,37.500712099821904],[127.03646100046801,37.5003293003862],[127.035531799904,37.5002757001821]]],[[[127.0625385997904,37.656044699992705],[127.0633145010886,37.6555489996231],[127.0636297005108,37.6563675002461],[127.0628595995277,37.6567016000999],[127.0625385997904,37.656044699992705]]],[[[126.9081880992818,37.513238900131],[126.9088750998775,37.5127324993447],[126.9093233004693,37.5137606000876],[126.90820760028,37.5140814005672],[126.9081880992818,37.513238900131]]],[[[127.0524196986724,37.5199950990732],[127.0528264989636,37.518541499199195],[127.0533478008463,37.5187812997796],[127.0524196986724,37.5199950990732]]],[[[127.0560948994913,37.6105288005924],[127.05682710016451,37.6107897000883],[127.05637079994919,37.6109337005763],[127.0560948994913,37.6105288005924]]],[[[126.92547179992229,37.5498500000573],[126.92577880012921,37.549632699951694],[126.925640300026,37.550053800143],[126.92547179992229,37.5498500000573]]],[[[126.90283839873739,37.5637607996472],[126.9029422994776,37.5634389992181],[126.9030652002599,37.5638185999913],[126.90283839873739,37.5637607996472]]],[[[126.9187375991033,37.6362370999539],[126.9189845006696,37.6360105998115],[126.91882250006401,37.636557100742195],[126.9187375991033,37.6362370999539]]],[[[127.0487058984825,37.505167898911296],[127.04896269822571,37.504631199448],[127.04906499919039,37.5044037984328],[127.0489627015279,37.504631201108296],[127.0487058984825,37.505167898911296]]],[[[127.0866397997578,37.5741729004395],[127.0867937994077,37.573759999152],[127.08697520036169,37.5739553002539],[127.0866397997578,37.5741729004395]]],[[[126.92484409960281,37.5110171993846],[126.9259407006758,37.5109088000873],[126.9252748001074,37.511980900272896],[126.92484409960281,37.5110171993846]]],[[[127.0148657987848,37.504503100724804],[127.0149974005855,37.5042104988279],[127.0148925995167,37.504986101563105],[127.0148657987848,37.504503100724804]]],[[[127.0198246996238,37.527443999781404],[127.0198206997011,37.5272375999252],[127.0199902001332,37.5271515997534],[127.0198246996238,37.527443999781404]]],[[[126.9253372999797,37.5500644999973],[126.92544290014449,37.550092799958904],[126.9253314999831,37.5500901000244],[126.9253372999797,37.5500644999973]]],[[[126.92568879996111,37.5492425998955],[126.9257853001214,37.5492547002764],[126.9257222000829,37.5492571003302],[126.92568879996111,37.5492425998955]]],[[[127.0823730997506,37.5958769999393],[127.082483900188,37.5956107998432],[127.08243620019711,37.5958950001616],[127.0823730997506,37.5958769999393]]],[[[126.9164457997002,37.5683550995308],[126.9165374007126,37.5683106995101],[126.9164457999516,37.5683551002074],[126.9164457997002,37.5683550995308]]],[[[127.0341132991288,37.5334176006615],[127.03465080088229,37.533561500430395],[127.0342537002157,37.533606801301204],[127.0341132991288,37.5334176006615]]],[[[126.9025141996339,37.5348237995225],[126.9025142005838,37.5348238002152],[126.90251419995519,37.5348238006519],[126.9025141996339,37.5348237995225]]],[[[126.9154243992355,37.568811499523605],[126.9154244003582,37.568811499542704],[126.9154243998761,37.5688115003315],[126.9154243992355,37.568811499523605]]],[[[126.9892608996154,37.5392437001884],[126.9892609000595,37.5392436999885],[126.9893443001491,37.53930660016481],[126.9892608996154,37.5392437001884]]],[[[127.03802039989789,37.549168200051],[127.0380825004112,37.5490882997388],[127.03802040064369,37.549168200911296],[127.03802039989789,37.549168200051]]],[[[127.0627511997639,37.5933879998834],[127.06309430007761,37.5935168998964],[127.063094300122,37.5935169003263],[127.0627511997639,37.5933879998834]]],[[[127.02761789957009,37.5929692998943],[127.02761790039689,37.5929693005098],[127.0276178989422,37.5929693004036],[127.02761789957009,37.5929692998943]]],[[[127.0364514999238,37.5474934999865],[127.0364515000368,37.5474934998792],[127.036535300079,37.547577400079604],[127.0364514999238,37.5474934999865]]],[[[127.0379818994778,37.4693886007268],[127.03798189932361,37.4693885996668],[127.0379819003962,37.469388600034904],[127.0379818994778,37.4693886007268]]],[[[127.0539714994137,37.576762200052194],[127.0539715003578,37.5767621996066],[127.0539715003334,37.576762200598395],[127.0539714994137,37.576762200052194]]],[[[126.9512669995877,37.5351597999323],[126.9512670005566,37.5351597998401],[126.9512670002354,37.5351598002947],[126.9512669995877,37.5351597999323]]],[[[127.0188531995872,37.6387526998374],[127.0188532004526,37.638752700450695],[127.0188531998931,37.638752700717696],[127.0188531995872,37.6387526998374]]],[[[127.0454742995251,37.486278399814005],[127.0454743003683,37.48627839969431],[127.0454742999587,37.486278400144606],[127.0454742995251,37.486278399814005]]],[[[127.0533977989556,37.5514764994583],[127.0533978012116,37.5514765006749],[127.0533977993714,37.5514765013581],[127.0533977989556,37.5514764994583]]],[[[126.9395036994245,37.541391899899104],[126.9395037001867,37.541391899433],[126.93950370051981,37.5413919004153],[126.9395036994245,37.541391899899104]]],[[[126.9398423998435,37.5146865000027],[126.9398424001627,37.5146865000014],[126.9398424000863,37.5146865001796],[126.9398423998435,37.5146865000027]]],[[[126.9916382993922,37.487031499815004],[126.9916383004269,37.4870314993215],[126.9916383005127,37.4870315001094],[126.9916382993922,37.487031499815004]]],[[[127.0111852997501,37.5306123001003],[127.01118530033219,37.530612299357],[127.0111853015295,37.5306123007107],[127.0111852997501,37.5306123001003]]],[[[127.0624257000654,37.595471100053],[127.06242569986361,37.595471099989595],[127.0624257000274,37.595471099889394],[127.0624257000654,37.595471100053]]],[[[126.9187743998503,37.6372903994578],[126.9187744001121,37.6372904000089],[126.91877439985771,37.637290400257],[126.9187743998503,37.6372903994578]]],[[[126.9506012998806,37.5502026000794],[126.9506012999304,37.5502025997046],[126.950601300141,37.5502026001232],[126.9506012998806,37.5502026000794]]],[[[126.978215699475,37.5294613998325],[126.9782157002698,37.5294613993969],[126.9782156999844,37.5294614006596],[126.978215699475,37.5294613998325]]],[[[126.9857737995015,37.5199268000379],[126.98577379990711,37.5199267990338],[126.9857738004263,37.5199268005524],[126.9857737995015,37.5199268000379]]],[[[126.98951539991201,37.5399045998138],[126.98951540053571,37.5399045997525],[126.98951539999081,37.5399046000527],[126.98951539991201,37.5399045998138]]],[[[126.9901053999457,37.5396442000129],[126.990105399957,37.539644199925995],[126.990105400061,37.539644199961295],[126.9901053999457,37.5396442000129]]],[[[127.0677625999757,37.615395200061904],[127.06776260001209,37.6153951999434],[127.0677626005632,37.6153952000084],[127.0677625999757,37.615395200061904]]],[[[127.08752189979789,37.5733248003094],[127.0875218998913,37.5733247998753],[127.08752190056799,37.5733247993869],[127.08752189979789,37.5733248003094]]],[[[126.9253524001355,37.5123805001718],[126.9253523999432,37.5123805000191],[126.9253524000298,37.5123804998733],[126.9253524001355,37.5123805001718]]],[[[126.93809159965261,37.513465199871796],[126.93809160005921,37.5134651999806],[126.9380915997544,37.5134652008239],[126.93809159965261,37.513465199871796]]]]}},{"type":"Feature","properties":{"interval":60,"stationId":"355173195"},"geometry":{"type":"MultiPolygon","coordinates":[[[[126.7958203993537,37.577875000399295],[126.7999230007033,37.575507197011994],[126.80123999922361,37.5756467995362],[126.8012860993402,37.573080999438204],[126.803845399126,37.571147199273696],[126.8033780993776,37.5695627997475],[126.8043332988424,37.5680287006308],[126.802456799468,37.566965500185304],[126.80182379832189,37.564436301729394],[126.8001116000341,37.5643951017706],[126.79681789916259,37.5624330001926],[126.79655049940679,37.5613543996905],[126.8010809994952,37.5610990992378],[126.8120899988992,37.5520232990114],[126.81316730028671,37.5550421995652],[126.8137055003437,37.5546364997375],[126.8147639003771,37.556229799742],[126.8148082006381,37.5575823993126],[126.8158176996286,37.5575751993198],[126.8157872996749,37.5563456996608],[126.81804819967441,37.5549835996413],[126.8180976001123,37.5540868993687],[126.8197583984515,37.5542732991823],[126.8225277995476,37.5530760995412],[126.8228206987983,37.5520596990711],[126.8230443003529,37.5526648988752],[126.8239697003253,37.551799499443],[126.82575900041131,37.552339499418004],[126.8283275988871,37.551571499298],[126.8269323993522,37.5505195001963],[126.8286637991651,37.5498786989909],[126.8274317997253,37.547831898046695],[126.8280916000747,37.548435598047895],[126.82969249847379,37.5477742987092],[126.8308799987579,37.545664599539705],[126.83002299943969,37.543499500013105],[126.83060839907391,37.5423652999388],[126.82910269968181,37.5422243006302],[126.8287576995206,37.5413838999074],[126.8294207989886,37.5409097001994],[126.82807149931519,37.5394063999778],[126.82901259961349,37.538074299913596],[126.8303146993824,37.5382799992126],[126.8307489996284,37.5363626998261],[126.8314168001275,37.5369823993979],[126.8331658996631,37.536070699420904],[126.83333530017521,37.5351950997234],[126.8348902993254,37.5356968991941],[126.8351512995094,37.5339998996124],[126.8341787994419,37.5316553001434],[126.83472449907869,37.531267100243],[126.8330553997858,37.5297111995313],[126.8346542994058,37.52944279979],[126.8342874999022,37.5288747995425],[126.8360400996804,37.527952399245194],[126.8365293002173,37.526579299000204],[126.8371933998326,37.5272238993465],[126.8374176997677,37.5262172998969],[126.8405556001551,37.5253432988478],[126.84133579937489,37.5231846010065],[126.8400038991025,37.521569999764],[126.84184409950811,37.5209242995553],[126.8427975998483,37.5187569988042],[126.84390710028539,37.5186630983994],[126.8447433006629,37.5170273985168],[126.84699599841021,37.517530298013895],[126.846089600052,37.514978298864705],[126.8485978992265,37.5159926981187],[126.8532932978956,37.5133858996704],[126.85133249893819,37.5128219998687],[126.85329329838521,37.513385898815],[126.85420549792971,37.51167129971461],[126.8532283982595,37.5103431008051],[126.8559309999787,37.508466798532],[126.85602149997149,37.5069901997988],[126.8574408997,37.5057352994777],[126.8583030993471,37.5060656993032],[126.8612468984759,37.5047570999],[126.8595860999497,37.5025972019277],[126.8560426000669,37.5041679002618],[126.8563402996668,37.503210000449904],[126.8555276993079,37.5036294003293],[126.85427819985969,37.501907800839994],[126.8527061001524,37.5026226010948],[126.8528407991265,37.5016676005977],[126.851391300576,37.501267400997904],[126.85033339968109,37.5022404006483],[126.84995149951101,37.500766600499496],[126.84910050004841,37.5011381006789],[126.8471070998346,37.500297800647296],[126.8458242993433,37.500814600260696],[126.8439976991994,37.4982726007035],[126.8430400001571,37.4985510004251],[126.8430946996173,37.4978282008788],[126.84172679929381,37.4974032999321],[126.8423907993513,37.4974197996901],[126.8416407993348,37.4945426995457],[126.8428847001028,37.4956352984379],[126.84383959950699,37.4952222987919],[126.8442335998432,37.493668899359506],[126.84560209891809,37.4939777992996],[126.8447088995532,37.4930054992439],[126.8459438991081,37.4933956988697],[126.84811179916309,37.491787798559194],[126.84908699941529,37.4886171999233],[126.8502262998672,37.4892663994321],[126.8514811995217,37.487105399279294],[126.85308689914609,37.486705799446206],[126.8519969991622,37.4823119014373],[126.8488218999959,37.4829929021012],[126.845400499097,37.481998600904],[126.8479355982859,37.4789607997755],[126.8478774982044,37.4771537993736],[126.8492927990362,37.4769503991459],[126.8505183987382,37.472831199493804],[126.85209969972,37.4723081982736],[126.8534999003471,37.4734974992974],[126.85434480081811,37.4728322991484],[126.8574892012373,37.474500898616306],[126.8593698003909,37.477533197420705],[126.8622026989314,37.4771687976792],[126.8632444978896,37.4765182983297],[126.86270039843369,37.4738144010336],[126.8609860983252,37.4729902999886],[126.8625057006185,37.4712751986114],[126.86448309968,37.4717940992014],[126.8648840995967,37.468954599567205],[126.8654585003572,37.4685516993994],[126.86717609946159,37.469630799532496],[126.8670840993824,37.468619999478705],[126.8686112993275,37.468392399421596],[126.86868220038309,37.4668898991427],[126.8696097994555,37.4683834976491],[126.870840800708,37.4685324990596],[126.87076890030811,37.4701599990805],[126.8723609005839,37.469511099170596],[126.87580680027061,37.4722739993927],[126.8767411000198,37.470946498782695],[126.8774347998809,37.4725627986624],[126.8787935987283,37.470855099249604],[126.8784236979435,37.4684271995468],[126.8770972993028,37.4674943999759],[126.8785425999894,37.4682924989338],[126.8793853992245,37.4661598009514],[126.8770978000461,37.4656626014433],[126.8786743989691,37.465292399287605],[126.8788772987662,37.4640572005228],[126.8782841993593,37.4634501011299],[126.8765019998483,37.4639537005677],[126.8763917989364,37.462414500243604],[126.8773587996844,37.462951699394196],[126.8790848991393,37.459695500117],[126.88084839863731,37.460138299622294],[126.8813310997424,37.4595561985596],[126.88207959963769,37.4607174992113],[126.8824304992425,37.4593976995878],[126.88285610091489,37.460304798561104],[126.8843006994703,37.4592192996466],[126.8845471992238,37.4579893008766],[126.88296849980131,37.4576737999093],[126.8845471996326,37.4579892991473],[126.8851992995518,37.456379800120104],[126.88388930032801,37.4551271010492],[126.8830865008785,37.4559417004673],[126.88237909920119,37.455629800155194],[126.8819554992753,37.4544011001386],[126.8828883989661,37.4547552989644],[126.8846790971754,37.453726599993104],[126.88392779792669,37.451676802042904],[126.8820931993424,37.4519545018415],[126.8849368989242,37.451407199616895],[126.8836732993361,37.449330099384994],[126.88552540003491,37.4503959994428],[126.8860095998863,37.449331799886906],[126.89077399917299,37.4499103991022],[126.89015879987899,37.447162299921104],[126.89256279916819,37.449122797604495],[126.89342519830579,37.4488524978748],[126.89379429946649,37.4462993972245],[126.89465680053611,37.4484228988956],[126.8964245987683,37.448650198668304],[126.8966340966267,37.4458347976891],[126.89863839921169,37.444671898391206],[126.8966158018935,37.4459802000052],[126.8964246015898,37.4486501994998],[126.897525800829,37.450073100134695],[126.89653200078779,37.4507757001747],[126.8966561006637,37.4530147979356],[126.89785039946939,37.453267397683],[126.8989689997394,37.450296400195],[126.8997750994169,37.450128199982004],[126.89862959920461,37.4500275987292],[126.8998780008877,37.4487187996381],[126.9006165008194,37.4498095991267],[126.9024548001183,37.449404799331504],[126.9036695003778,37.451152099729505],[126.9068025007721,37.4519100996677],[126.9060138008212,37.4521608001347],[126.9061185007873,37.453342299791906],[126.90730150033501,37.4535918999217],[126.90603150110219,37.4543546001929],[126.9071105011154,37.454673400485596],[126.9066136008298,37.4556822999514],[126.90747200031319,37.4564321000399],[126.90652930041091,37.4563105006443],[126.90631860006201,37.4574218008586],[126.90440050073839,37.4588158000005],[126.9049046005558,37.4599870009749],[126.9037620009681,37.460168700690794],[126.905828000802,37.4621124990732],[126.9083601000966,37.4671327015903],[126.90670030116739,37.469784100343595],[126.9055016012224,37.4697713006294],[126.9032048001537,37.4723499015492],[126.9006507018091,37.472624600343],[126.9007886016873,37.474001399934096],[126.8995944012445,37.473953900549596],[126.8987483000732,37.4757864007438],[126.8947728008361,37.4778179002331],[126.8947427007563,37.4794488989564],[126.89612240016399,37.481536898810404],[126.8975282001542,37.4804131995545],[126.8974911004852,37.4837400984665],[126.9002065991127,37.4828684986797],[126.9007356985836,37.4817917997564],[126.8999609995646,37.481227799464],[126.9010619986957,37.4810355996053],[126.9027541999032,37.478971799060496],[126.90730549961161,37.479320698764404],[126.9073949007709,37.478310799021706],[126.9099781988061,37.4802876986732],[126.91137279854,37.4800746974795],[126.9121303986144,37.4792756978879],[126.9116243995518,37.4772264979427],[126.9121303998044,37.4792756978929],[126.9132171987176,37.4784649987036],[126.913295499825,37.4761373994896],[126.91530660009589,37.4755243992434],[126.9160968998309,37.4760090990764],[126.9165427998664,37.4752572993207],[126.91781210088661,37.4761800010077],[126.91705680164189,37.4767864004013],[126.9176772010215,37.4780009991867],[126.9201839007962,37.4781509992686],[126.9200046008491,37.4809477973693],[126.9227500981036,37.4802987980183],[126.9206480994198,37.4737387995207],[126.921967500038,37.47329829945561],[126.92438350009931,37.474351499583896],[126.9289229969372,37.4687619992511],[126.9271086993116,37.466269599514],[126.9291481977954,37.466249599635496],[126.9315651951812,37.4643686004752],[126.93167779628921,37.4633338977733],[126.9331342004801,37.4655720985155],[126.9343776992366,37.4645379995496],[126.9358093002861,37.4655576992814],[126.937183098997,37.46492339874381],[126.9377577999539,37.465698399095004],[126.9380666009356,37.4650624997114],[126.9389658006974,37.4656518004074],[126.93864430101891,37.466435199624],[126.94600539996661,37.468423198438096],[126.9479427985287,37.466716599542096],[126.9487159999294,37.4646038998085],[126.9502902001815,37.4665067993149],[126.95143859929,37.4659344997105],[126.95135970064,37.4648831987294],[126.9531841004667,37.4660791000499],[126.9518289018132,37.4673101998613],[126.9537161999259,37.4703373968341],[126.9578834957586,37.4685551986163],[126.9558578977842,37.466070201101296],[126.9544477991943,37.466122401049105],[126.955887998815,37.465610598851],[126.9577181997746,37.4671070992955],[126.9583427997889,37.464635300080495],[126.9568936972986,37.4619923015648],[126.95504059975501,37.461479099674],[126.95691860030729,37.4602880993581],[126.9581480002849,37.460584998868605],[126.9590763997462,37.4623214993064],[126.96421030053901,37.4636722942827],[126.968676296073,37.462033995921004],[126.9683819002055,37.457579998891],[126.9693189992684,37.459493996977],[126.9753650070992,37.4589294960911],[126.9743626030439,37.4622457970737],[126.9760631022544,37.4642565959742],[126.9800453004451,37.4667566980645],[126.97891290144119,37.466915702044],[126.97829110206301,37.4690709998887],[126.9806033997507,37.4710080979516],[126.9829779973761,37.469993498966204],[126.98522290055689,37.4668220980451],[126.9863224999335,37.4679953995277],[126.98809969983341,37.4673458988961],[126.9884371995754,37.464687501236895],[126.9874359989174,37.4609114995024],[126.9886868988555,37.459392799438305],[126.9878057997366,37.458721900109204],[126.9922611956211,37.4535594021874],[126.98900209888019,37.449022406724396],[126.9815621926445,37.4492646984286],[126.9824009952127,37.4447459983036],[126.9854727959785,37.4439979965383],[126.985015296436,37.4381454023909],[126.9802906011607,37.4372757032606],[126.9802270961708,37.4350276021915],[126.9766589958935,37.433895901465206],[126.97671609864871,37.426410000898294],[126.9756192967812,37.42617589864199],[126.9736610963292,37.4221298003446],[126.9736669988554,37.4212829981315],[126.9772496005764,37.4234834961033],[126.9825392995857,37.423704296526395],[126.9845770975479,37.4229187973119],[126.9856117965132,37.4203730998576],[126.983052999072,37.4173489028818],[126.9813691964568,37.4167955027913],[126.9821885983048,37.415784199293995],[126.9832256993411,37.416149798323296],[126.98423649833029,37.4152978991752],[126.9829581996086,37.4122927021804],[126.9799371005563,37.4133768017014],[126.97885399902209,37.4103054032465],[126.9744096034665,37.4110100025419],[126.9746079992035,37.4092433016962],[126.9728724009391,37.409778501161],[126.9731503006612,37.4107020002375],[126.972361300594,37.411331500894306],[126.9695574000433,37.4118060007168],[126.9690993989177,37.4094239011512],[126.9669661988586,37.4099289012348],[126.96604859806149,37.406756202501796],[126.9629492993199,37.406944200887295],[126.96407859863449,37.4058993002076],[126.96256459879909,37.4051823004919],[126.9621510992362,37.4032891006602],[126.96105820032909,37.403098300851006],[126.9606980997264,37.4038215009852],[126.959192999376,37.4021418010677],[126.95910829932579,37.399819102400805],[126.958510099924,37.399502002717895],[126.9568259000217,37.4014067002209],[126.9567747997838,37.399383901919194],[126.9545621980678,37.3990753009427],[126.9547856979082,37.3974208007027],[126.95139760021061,37.3962653014826],[126.95055019986499,37.3963654011664],[126.94977230054131,37.397822300582],[126.947142700192,37.3968917013504],[126.946772700562,37.3980469001952],[126.9461812999029,37.3978287007253],[126.9471426987835,37.3968916996455],[126.94650849941769,37.3940134025238],[126.94493880017501,37.3951666020557],[126.9421846991636,37.3935533022089],[126.94169029885451,37.3909275008157],[126.9404058993999,37.3900086016007],[126.94185239889241,37.3897988994704],[126.9438192977209,37.3878887990152],[126.9420640987036,37.3864680002612],[126.94238899804681,37.3839420960464],[126.9451248999128,37.3837278989759],[126.9461623998022,37.3846405990469],[126.9465434995059,37.3835567994388],[126.94829680023359,37.3833166994945],[126.9498071009136,37.384438998845],[126.95216909868681,37.3831252998984],[126.9518199998317,37.3823172994492],[126.95429029991679,37.383828199030305],[126.9552316991722,37.3825367001452],[126.9543186997355,37.3821947994979],[126.9560404998027,37.381480299402696],[126.9571127002353,37.385013999860696],[126.9563608999648,37.3847106007616],[126.9562387000283,37.386283199299704],[126.9604712000905,37.387162299214],[126.9611405010335,37.3885113991021],[126.9623806997933,37.388659398954104],[126.9629953994413,37.3878636991629],[126.9620400996531,37.3858341995989],[126.9647659001284,37.3848396997787],[126.9640589010353,37.386405000245006],[126.9644665006277,37.3871963994536],[126.96661089971441,37.3868718989043],[126.96688759982031,37.3852593991352],[126.9680006000244,37.385832799146],[126.9691265002495,37.385080699049205],[126.9712916004302,37.3882256994943],[126.9733546003407,37.388700699759],[126.9738981006848,37.3907503986629],[126.9750453006806,37.3894290993803],[126.9765830007795,37.3904589992039],[126.9767133006492,37.3915923980705],[126.9811954995092,37.3925346984532],[126.9811071006263,37.391168598188],[126.9845545997496,37.392120297161604],[126.9859255999369,37.3942128982645],[126.9870692002268,37.393073799858406],[126.9859256014811,37.3942128990995],[126.9879699006228,37.3969962030101],[126.9846118000196,37.3971836013556],[126.9835532002244,37.3992036011109],[126.9809268028508,37.3991004012141],[126.9810458027318,37.4020217982927],[126.9843868031083,37.4040808014809],[126.98415650098829,37.4077648999535],[126.9825500011097,37.409381799916],[126.983632800335,37.4101297013585],[126.9822171017507,37.4111113003769],[126.98423649999539,37.4152978965845],[126.9859939990955,37.4152191963869],[126.9876929987036,37.413033798151204],[126.9882444007998,37.4151741976777],[126.9899261013479,37.4137704989506],[126.9911760011707,37.415146798475305],[126.98821250176721,37.415879701537996],[126.98819070178901,37.4176602997574],[126.9893935005862,37.4184107990069],[126.9907996014274,37.4179034989199],[126.9913327000697,37.419045998845505],[126.99418180004871,37.4183870997147],[126.99341010063881,37.419812799307],[126.9940220006951,37.420503798873796],[126.9960808986362,37.420816698560905],[126.9971658975512,37.4177020016756],[126.99471799999911,37.4178437015339],[126.9931364010138,37.414848298227405],[126.9971658969843,37.4177019953737],[127.0006046020145,37.4177367977557],[127.0009201035673,37.4192616994266],[127.0031705013169,37.4216594970288],[127.0060665984208,37.4205166981716],[127.00814970219011,37.421938498687204],[127.0126726001301,37.4216143997037],[127.0122910042737,37.4249157983232],[127.01670659985811,37.4251662980727],[127.01705899950571,37.4239775992614],[127.0185630997716,37.424377898223604],[127.01956160058991,37.423753999847605],[127.01919180160141,37.4246319999634],[127.02135610437881,37.4263953009212],[127.01651180170461,37.4285273004591],[127.0171662010502,37.429505499480896],[127.01980640059969,37.42940389933489],[127.0233913021668,37.4335324006279],[127.02554390082061,37.4343115000449],[127.0250492007662,37.4373086999745],[127.02307749980879,37.4348230027356],[127.02058260230369,37.435722501836096],[127.0206032022831,37.4383141992444],[127.01866870230671,37.4423885026359],[127.01629850467691,37.444045600978804],[127.0129600027971,37.4441875005584],[127.0115612036692,37.4458157017505],[127.0121255031049,37.449066798499395],[127.0166113989516,37.453421794594504],[127.02138839417461,37.4488495991667],[127.0220956988797,37.4463175987068],[127.0226382999625,37.4471194993144],[127.022992401105,37.4466212996849],[127.02138840072901,37.448849600222104],[127.0220930029846,37.4491428013655],[127.0194626048914,37.454383996984696],[127.0198924044616,37.455460295908395],[127.0243819032428,37.4562322960018],[127.0291798990232,37.4527203991401],[127.0288214004129,37.4534606994711],[127.03007889915541,37.455372797559],[127.0363742002739,37.4558933956152],[127.0377073993064,37.453812996743295],[127.0428341941796,37.4527490978072],[127.0377691991331,37.448979197683194],[127.0433234949404,37.4508386944969],[127.0454052928586,37.4470130983225],[127.04457879368509,37.4402141051215],[127.0407989946309,37.438283002828],[127.0449562002318,37.4341868998114],[127.04587619931179,37.4368573971409],[127.047621997566,37.435430498567804],[127.04740549951579,37.4309742992772],[127.04725260142779,37.4322285983171],[127.0512789974014,37.4349670955786],[127.0548408979841,37.4335890925844],[127.0665257000435,37.434979298240805],[127.0699220000119,37.4341684996747],[127.0703289004803,37.4346430000039],[127.0699190008902,37.435791698855205],[127.0723027032596,37.4423862023302],[127.06654980336441,37.4465700030305],[127.0674286024856,37.4511892984112],[127.06836440283969,37.4518404993858],[127.0676926031217,37.4543956010647],[127.0690888013151,37.4562129998388],[127.0724285030203,37.457735400091195],[127.0704652011571,37.4581470026088],[127.0709277997565,37.456872700370496],[127.0690888013155,37.456213000912896],[127.0695616991879,37.4573656003854],[127.0680395990701,37.4558296017234],[127.065361701748,37.4563163012367],[127.0631137009652,37.460027501617404],[127.0595958044223,37.4626240001513],[127.0609452006789,37.468999099952896],[127.05981220105029,37.469410400071304],[127.05963290131889,37.4722053999498],[127.0604531004987,37.4741306980245],[127.06394429700751,37.475339196816],[127.0660417987978,37.4732077961434],[127.0662644026136,37.4754072987897],[127.06963869923929,37.475017699179304],[127.0702362020155,37.4741630978347],[127.0725028023107,37.4783282977552],[127.0752377995757,37.4774453986381],[127.077111598348,37.4750565942953],[127.0798557979429,37.4747412935878],[127.08454369452289,37.4727825945993],[127.0848130014293,37.47474909732129],[127.0865051997371,37.4753559967144],[127.088619700449,37.4759171965051],[127.0906962001167,37.474487798498096],[127.092127700806,37.477346898629904],[127.09778899781121,37.477919498669095],[127.0984485000118,37.4769258983318],[127.0995805001282,37.4777619978276],[127.1014876997967,37.4774094983644],[127.1041634991754,37.4754686988837],[127.1065737002648,37.4753568983061],[127.10874200184061,37.4761737005949],[127.107683600556,37.4778665009696],[127.1068787005717,37.4777506004388],[127.1063295002453,37.479664700033],[127.1090463986375,37.4817496977127],[127.11024249799709,37.4792826995534],[127.1112523021564,37.4796872986655],[127.1097692016812,37.483148998978194],[127.1123827990676,37.4846130975141],[127.1128089007278,37.4840265990702],[127.11238280076371,37.484613099845895],[127.112980500166,37.4851962992627],[127.1144439990574,37.4847484993966],[127.1144634999885,37.48302789942041],[127.118257499609,37.4839440974845],[127.1203774987497,37.480781198571],[127.12160109922371,37.4813098987542],[127.1221965986282,37.4804498996142],[127.1216170975101,37.4782715010807],[127.1228673998922,37.476422699863],[127.1216868995258,37.4743913022124],[127.1207041005086,37.476161700442],[127.1194639997766,37.4765469002917],[127.1199958973128,37.4758475985713],[127.11764269863461,37.4693476001759],[127.1188349993575,37.4674737998002],[127.1168602982807,37.4661116009408],[127.117751499568,37.4648573986147],[127.120841101611,37.465342198455104],[127.119712301296,37.4655901000678],[127.1205771004312,37.4670202986376],[127.1232439012182,37.4661010982129],[127.1249976994644,37.466956197357796],[127.127031498002,37.4635682000864],[127.1260938986987,37.462042001142294],[127.1259381000109,37.459568699749],[127.1273305005023,37.460431599982996],[127.1274237004091,37.4615349988796],[127.1284773007772,37.4611411993837],[127.12859470167459,37.4627305990675],[127.1299141036283,37.463647101717704],[127.12969340384899,37.4646595007053],[127.1312411023013,37.467115798249004],[127.1330217005207,37.467423797941],[127.1360427006453,37.465173299829694],[127.1362333008328,37.4661312004393],[127.1355558000947,37.465409600625804],[127.1341392015113,37.466366699668704],[127.1334455006202,37.4682547004],[127.1317979001919,37.4697629005068],[127.1272182003307,37.471195200986294],[127.1267486003409,37.472802900690496],[127.126366899056,37.471028001143694],[127.1245464005693,37.4700854004487],[127.1257756003489,37.4743382989176],[127.1270543013455,37.4740976998526],[127.1257756008892,37.4743383003094],[127.1263787002861,37.4754187992289],[127.1285729998268,37.4752508986994],[127.12961650063039,37.477099599062505],[127.13095629960189,37.475479800019805],[127.1302142993877,37.474826198902704],[127.1330505999736,37.4746786996356],[127.13188170002459,37.477861600115695],[127.1327150990149,37.4757865000781],[127.13095630077369,37.475479800384804],[127.1304618004459,37.476777900475405],[127.13180630040989,37.479990300086996],[127.1317239004339,37.4806350002277],[127.13081280065511,37.4805875002411],[127.1312086003708,37.4828219008202],[127.13006639997981,37.4822084010605],[127.1293950006512,37.4828823003866],[127.1300114000028,37.4833905006734],[127.1288717007433,37.4831722005231],[127.12861070102579,37.4847705995618],[127.1304476002242,37.4850166995836],[127.1294217010592,37.4857380998693],[127.1331202001381,37.4879160988872],[127.134738500269,37.4867711994666],[127.1352175001539,37.4873448992798],[127.1379744999142,37.4824541996735],[127.139739399937,37.4809033996233],[127.1394195005946,37.4814435996139],[127.14108830050421,37.4824937995169],[127.142114600026,37.4819487996346],[127.1426662000046,37.4833290987333],[127.14518690057879,37.483314298822904],[127.14612800059841,37.4842517993132],[127.1488228000469,37.483989999748296],[127.150103800395,37.485679699369],[127.1542895994585,37.4845197969008],[127.1542482005306,37.4864923002922],[127.152815100612,37.4861058003377],[127.1527099007172,37.4870942993492],[127.1537658003575,37.4871126997433],[127.1550888001079,37.4892445982811],[127.15605480022191,37.4869279994987],[127.15801899996539,37.487430799581595],[127.1585250000596,37.4866805995825],[127.1588962002249,37.4874115994524],[127.159287800029,37.486627599742],[127.161890702497,37.489992799975106],[127.1602121024107,37.4921089996828],[127.1624565001663,37.4923705994212],[127.1630248027373,37.493546801741],[127.16111810464399,37.4964304988573],[127.1616827040794,37.4975238977639],[127.16103440005851,37.5009160009734],[127.15894580053539,37.5018604001532],[127.15982960048599,37.5035229002457],[127.1565087012866,37.5037037012555],[127.1546918002227,37.5018166011143],[127.153893399797,37.5025971007545],[127.1532828004076,37.5019859013657],[127.15100270134491,37.5044321009114],[127.1489927991834,37.504373300260596],[127.1493246979761,37.5028366011552],[127.1484228988779,37.5019430020488],[127.1470601992578,37.5019754016981],[127.1458587004593,37.502726000947504],[127.14553200170221,37.5045683003988],[127.14393870231841,37.5061942016557],[127.14420730204981,37.5077522000977],[127.146749202067,37.5110168988216],[127.1488456004513,37.510816799326],[127.14674920160411,37.5110169006473],[127.1465313020133,37.513308299797096],[127.14810960043499,37.5150688980365],[127.1495453989992,37.5151867979186],[127.1500998986646,37.513962198126805],[127.1503759013625,37.5144725997843],[127.1493322010661,37.5155888002118],[127.1501608009438,37.516201899772696],[127.1506537019285,37.5187809999899],[127.150092700812,37.519162700365506],[127.150825801291,37.5201993015346],[127.149993802123,37.5236482980856],[127.1510777010391,37.5265600951738],[127.1536101015229,37.5301216971848],[127.1555939007962,37.5300975987929],[127.154733601704,37.5316922995652],[127.1564587001633,37.531689799425806],[127.1569047024621,37.532633700255],[127.1544373026868,37.5323049022055],[127.1554268016973,37.5358872986231],[127.15735790086569,37.5365473008027],[127.1570040012016,37.537893001728996],[127.1545571036485,37.5388451007769],[127.15327160493399,37.5402637993582],[127.156761602543,37.5460793948895],[127.15744890385581,37.5459042969648],[127.1558601007013,37.5464626001494],[127.15649760031589,37.549149597875],[127.1577932990202,37.549483897540696],[127.16073610189069,37.5482798986828],[127.16127800059999,37.5490042999142],[127.1603838013215,37.5506774991159],[127.1621003996049,37.5511267986666],[127.16506309895979,37.5505865990593],[127.16587649938259,37.5489605995417],[127.1666651992584,37.5491940992927],[127.16698630021631,37.5476436996422],[127.16881040050549,37.5503640993342],[127.1694987005132,37.5502835998062],[127.1700776003168,37.5530334983351],[127.1744726990594,37.5535347980511],[127.17492370093659,37.551744399729095],[127.1752707014798,37.5537186007732],[127.1732511021145,37.556199399994],[127.17443930092631,37.557203198990194],[127.1789370990117,37.5578074976167],[127.179355798593,37.555120200303996],[127.17822969918241,37.5546664999338],[127.17934889966439,37.5546617990449],[127.1795506000427,37.553658899954705],[127.1805206010265,37.5549836996499],[127.1802427014208,37.5563334992502],[127.1826114014977,37.5568866988331],[127.1830370008178,37.5587508991742],[127.1849622011368,37.5594177003823],[127.1829268016881,37.5590935015241],[127.1814260019855,37.560068901528396],[127.1815631998143,37.561684800875],[127.1791433992708,37.5616476011861],[127.17764319907731,37.558722802781496],[127.1754232005443,37.557498303967996],[127.1727930031942,37.562027599626504],[127.1715742991731,37.562566500807],[127.16800310040061,37.5619059008215],[127.1609171997639,37.5635465005705],[127.1574770006958,37.5624817010649],[127.15696539980691,37.5644822009116],[127.15644050005561,37.562913301220696],[127.1519815994577,37.5620344030392],[127.1485801006775,37.5640752011092],[127.1448429036856,37.561909302258506],[127.14304259897091,37.5628965019135],[127.14364369801329,37.5588727024192],[127.1399924016646,37.5560290052629],[127.1378272038298,37.5594014018905],[127.1396582015677,37.562111901780796],[127.1365443002357,37.560612803031404],[127.1364721007358,37.563761701061104],[127.1348011007922,37.5633676015117],[127.1347709998376,37.565015500708704],[127.12767809306139,37.5615666047691],[127.12390139518689,37.556838308906705],[127.11510870397959,37.5613228044222],[127.1159712031171,37.5656512000938],[127.1138690003324,37.565250900776],[127.1135954984512,37.565789801234494],[127.1128463976001,37.5624309037363],[127.1086192001204,37.5598771010215],[127.10520480353479,37.561066599831996],[127.1054561049904,37.564124302042906],[127.1043154030291,37.5716141015018],[127.1031536041909,37.572205600910294],[127.1020837052608,37.5772690958468],[127.10491160243289,37.578555794560096],[127.1077941995503,37.576745296370596],[127.1120524003312,37.5762347994547],[127.11328660002009,37.5786868974901],[127.1144081025984,37.5789841973611],[127.11328659882139,37.578686902023904],[127.1121703999376,37.5764899042209],[127.10931120279679,37.5764070043038],[127.10933870276929,37.5811040996067],[127.1103753021694,37.581714101102996],[127.1078027021031,37.5830372022293],[127.1074771022932,37.5871949982946],[127.1101201020755,37.5871169978154],[127.1075530036199,37.5881687004842],[127.1102089009745,37.593934399349],[127.107578503024,37.5971895973113],[127.111933802759,37.598872798616306],[127.1122775019017,37.6002551986143],[127.1151591007123,37.6016398994575],[127.115589402709,37.603859200737205],[127.1136726006584,37.608510601275604],[127.1126897016413,37.6086047011815],[127.11334570044059,37.6106348001027],[127.111830200091,37.6091684030296],[127.1110006002161,37.612210301351],[127.1099306004463,37.60984660248],[127.10891120146569,37.6117377005889],[127.11001790003421,37.612602200450596],[127.10590480032981,37.6144949004661],[127.1061905004175,37.6152143007391],[127.1044011010148,37.6148672008973],[127.10486590067079,37.6195615984827],[127.109662701115,37.6222382990038],[127.10850860048019,37.6226939028107],[127.10829200174281,37.6257036005891],[127.10550360284621,37.6272448008554],[127.1040589042909,37.633687194413],[127.1061203068626,37.635635197314805],[127.1127793006654,37.6343153988822],[127.1142854001953,37.6376117023453],[127.1122509006128,37.638507601494396],[127.11144090142281,37.6407660992359],[127.1143554020276,37.6421599989016],[127.1193392970437,37.6422381988234],[127.1204830971012,37.640766298049606],[127.1202599973243,37.639047099768796],[127.116731697749,37.6377751021819],[127.11681579856659,37.635995300519],[127.1152142989373,37.6355163000409],[127.1174700994828,37.63432629891],[127.1181921987607,37.6329178003185],[127.1174375992974,37.631751901140696],[127.1160786006564,37.632300900591694],[127.1156882994189,37.633881100867605],[127.1145884991323,37.6322338007437],[127.1138538998669,37.6324094005681],[127.11198739961391,37.6297616989972],[127.11287139872991,37.6294216993372],[127.1127730988282,37.627965100793794],[127.1106887987452,37.6260572992624],[127.1117704976635,37.6256261996935],[127.11357619825979,37.622115599615604],[127.1158521002355,37.625044198243295],[127.11827869982281,37.6242309984397],[127.1180405003633,37.6248569994167],[127.1214154976971,37.6262104979538],[127.122261205825,37.624832693837696],[127.12842980205251,37.629071499027404],[127.1266256034177,37.632279498407],[127.12984800399799,37.6361793993396],[127.1300277016023,37.640752399773],[127.13153030038349,37.6408212009649],[127.1304261014877,37.6416225001636],[127.1317795001343,37.6424902992958],[127.13328920136139,37.641953599886804],[127.1325547006645,37.6433021991119],[127.1330650001542,37.644343898070204],[127.1370917978573,37.6439397988393],[127.1388669012872,37.6382755985324],[127.14056430020149,37.6387163992176],[127.1411797006227,37.6378450999506],[127.14012380153609,37.6403502007376],[127.14115430119179,37.6439691974195],[127.1432454991006,37.643651697737],[127.14315530030521,37.6415497996291],[127.1443842990762,37.644195696983196],[127.1469509980004,37.64402079645],[127.1487795016813,37.6393931992286],[127.1494746023417,37.640608301659896],[127.1480841037322,37.642250000018194],[127.1481281049425,37.646595998911],[127.1505449025257,37.649866995640004],[127.15350880054369,37.6503522001195],[127.1523858002914,37.652186201970004],[127.1496168012177,37.6530986019109],[127.1468983033172,37.6568531992967],[127.146604704685,37.6589211988384],[127.1446037004694,37.6596963009619],[127.14463989938581,37.6574784006604],[127.1382460966223,37.657429505903096],[127.1382495985268,37.6552370005576],[127.1359271977814,37.6515002034799],[127.13180150144309,37.653540301836905],[127.13015250158199,37.6535397018821],[127.1299468017877,37.6560328993889],[127.128892999719,37.6564689005556],[127.1271604991768,37.6557914001256],[127.1272122994574,37.6546191001208],[127.1243538997363,37.6529977003664],[127.1242172993762,37.651409299699395],[127.1256271991592,37.6490189006497],[127.1242427996199,37.6481258008382],[127.1237146998664,37.6487537001781],[127.121397300769,37.647526201637405],[127.12120690095941,37.6490670000966],[127.1200436001936,37.6503102008719],[127.12068239900951,37.6489318011986],[127.11960950008239,37.6489566011738],[127.11955970022609,37.6502417001557],[127.1183402005653,37.6503592008048],[127.11795330042919,37.6513600007512],[127.1182278998444,37.649971900603894],[127.114410800209,37.6483861008074],[127.1137806004951,37.6494946999211],[127.114770000059,37.6501033006599],[127.11292450033521,37.650418201082],[127.1126969995523,37.6485797996097],[127.1135924002183,37.6490849991046],[127.1142250995856,37.6482937998958],[127.1133031994153,37.6470965005197],[127.1115226996091,37.6466370011549],[127.1126798990264,37.646649099548696],[127.1111307991554,37.6440065997505],[127.1120664989318,37.642091300087195],[127.1115315994667,37.641093501084995],[127.1064815001824,37.6441600006934],[127.10488769865111,37.6439784026655],[127.1031298949343,37.6425518025412],[127.1038448954349,37.641932098778696],[127.103911795368,37.63769080302],[127.09728659380491,37.633425007785306],[127.0939789971125,37.6296194115909],[127.0901132984503,37.629182211769105],[127.081686301233,37.6378777028082],[127.0787162042031,37.6375140031719],[127.0771401057792,37.6381066025793],[127.07645000655809,37.644447996786695],[127.0820696009385,37.6455442956904],[127.0843886997867,37.6482406980368],[127.090794101739,37.651445597577705],[127.0936847023775,37.6546276017558],[127.0920480040142,37.657501698881696],[127.0978551009287,37.660050199210204],[127.0969355008164,37.6619336007859],[127.09646340416171,37.6701797007867],[127.0944491048028,37.6737071054116],[127.0960096033407,37.679204400779604],[127.0944013046955,37.6811220031627],[127.0905210036691,37.680848501031505],[127.09245489917521,37.6843478029303],[127.08505870263531,37.6827929032679],[127.0825696019037,37.6858708011888],[127.077911000515,37.6867627039649],[127.07577999824929,37.6851060002602],[127.07377219757659,37.6848100012158],[127.0736856976631,37.683495802530004],[127.0688702024786,37.6811704048554],[127.0658033041239,37.6846187020651],[127.0653448026606,37.6877607013329],[127.05924830294299,37.6889769003307],[127.0607773028559,37.692151902739596],[127.05710160653159,37.6946662002253],[127.0600663035669,37.699369695521796],[127.0626494032638,37.6997517011192],[127.06026340226549,37.6999876036864],[127.05765450487439,37.702587101086905],[127.05905300121111,37.706830200856096],[127.0579727008856,37.7069043000558],[127.05786589948059,37.70762100085091],[127.0573317000148,37.7065645019074],[127.054883502463,37.7057077027642],[127.0518376055089,37.7078004006715],[127.05094520642591,37.7130446990641],[127.0522593033196,37.7176195976167],[127.0568577987211,37.719717195519095],[127.0592570014893,37.721932899203196],[127.05941440048339,37.723825200318004],[127.05834630049989,37.723554200776405],[127.05810990073931,37.7247990996695],[127.0597004002274,37.7247431996868],[127.06076469978699,37.7262317989548],[127.06209970001531,37.7265821996923],[127.0612301002841,37.7261683005424],[127.061389100171,37.7273109003236],[127.0607754994825,37.7265555004138],[127.0593522009058,37.726702900266396],[127.0595296009199,37.7288402995842],[127.0580943005231,37.7298155002364],[127.05756680086391,37.7312670999902],[127.0542786005048,37.7325748002866],[127.0551736001305,37.7336422993014],[127.0572997002376,37.7333562991995],[127.0571920004577,37.733938899660195],[127.05822310057651,37.734172599947904],[127.0587875015834,37.7360362998849],[127.057855999794,37.7373754005453],[127.055713101858,37.7372887006166],[127.0558299015199,37.739374899864],[127.0570226015028,37.7406502004121],[127.0573345011469,37.742845198363895],[127.059450100679,37.743676099969505],[127.0577933002514,37.744703300019594],[127.05818240042001,37.7464586986641],[127.0592485003516,37.747252099988295],[127.05844539957549,37.7474901002819],[127.0576167990975,37.744983200843],[127.0561641998408,37.7456579006096],[127.05510900010191,37.744849400861696],[127.05498850019379,37.7456648002719],[127.0538079999316,37.7453515008407],[127.05087660060259,37.746519900704605],[127.0515895994584,37.744987899897396],[127.0504331003475,37.7446377008253],[127.0501534000659,37.747272000012],[127.0477644000033,37.7478739006262],[127.0467370000719,37.747002100631704],[127.0458592998343,37.7486015006143],[127.04268059997,37.747953600562106],[127.0428039996638,37.747042300321],[127.0418030997631,37.7468972003398],[127.0425233994401,37.746075600196995],[127.0416785998487,37.7456377003608],[127.0392918998089,37.7468191010333],[127.0385897999555,37.746702399998],[127.0393130996614,37.7459719003489],[127.0367684003798,37.745750100561004],[127.0366320985991,37.7471622000638],[127.0363736989541,37.745753400948],[127.0355715997562,37.7454505012509],[127.035256800071,37.7466497000517],[127.0339845998987,37.746661500446905],[127.0337023996122,37.7456644005464],[127.0327672999674,37.7459419006408],[127.0325886996153,37.7451517004837],[127.0313225998237,37.7448736001675],[127.0315121996489,37.7436487008105],[127.03068179963789,37.743468899923],[127.03083749931301,37.7417085999716],[127.03150839974481,37.7428321983879],[127.0323709988822,37.7425911986289],[127.0325538987147,37.7410500000994],[127.02959600032929,37.7403653009936],[127.02924999852901,37.741591198742405],[127.030075497806,37.7391911991746],[127.0295425968548,37.7376134989422],[127.03179999927501,37.7382524984831],[127.0334341998372,37.7352803996681],[127.0330739997176,37.734395899971204],[127.0351071994493,37.7331835996701],[127.0353786993713,37.7310728999358],[127.0341528005972,37.7304535005552],[127.03411629930429,37.7310822997025],[127.0337423980652,37.7278203022153],[127.034901699612,37.727601798467205],[127.0359048988432,37.723151302587496],[127.0337438969363,37.722464698049],[127.03794340023211,37.723115197839405],[127.0400775989667,37.721756299938],[127.0418969981693,37.7183549011595],[127.0381769993822,37.7166464995611],[127.04020079843589,37.7156123994463],[127.0402851989881,37.7140918998449],[127.0405011006569,37.7152201987332],[127.04217399904171,37.714927499008304],[127.0423697980779,37.7125062987539],[127.04221529823239,37.710451300808906],[127.0393746002569,37.710192300804906],[127.0363596031438,37.7117041997302],[127.0374264015413,37.7131782997165],[127.03857860008449,37.7133263008312],[127.0363043993559,37.7132829027132],[127.0374263985986,37.713178299507206],[127.0363595994104,37.7117042006458],[127.0338445947926,37.7109656000783],[127.0346947976404,37.704161400153296],[127.0328224962764,37.7030221960461],[127.0385632908695,37.6955708004096],[127.0310832983495,37.693342402637995],[127.0303199936146,37.6937451980611],[127.03108329614291,37.6933423954146],[127.0284359987902,37.687863300893696],[127.0290859988704,37.6857562020857],[127.0285064984228,37.6846795004394],[127.03075459951019,37.683667499143695],[127.0327438975101,37.6788189037358],[127.0299455001614,37.6806393017349],[127.0298563997114,37.681922200255904],[127.0280212963402,37.676585698889795],[127.0298361994663,37.677062296847105],[127.03160799769451,37.674423499485904],[127.02955919949109,37.6736657999242],[127.030867298183,37.670749802840206],[127.0268243000864,37.6702518003162],[127.0236181989182,37.6681229033169],[127.0179927023103,37.6660874051841],[127.01415160762231,37.6748353015294],[127.0052181034732,37.674056805785405],[127.0033367990609,37.677038600224506],[127.0005826942498,37.671500002636],[126.9988631951319,37.665643605210704],[126.99950249460251,37.658026303748706],[126.9973685930284,37.6542273010582],[126.99687689352011,37.650178505107],[127.0011081922179,37.6426454058667],[127.00000779411971,37.641043999746],[127.0006803934471,37.640061300728696],[127.0004801916654,37.63362729854],[126.9948156973299,37.6298506023167],[126.9842424986484,37.626715009303595],[126.9817730995221,37.6208986006218],[126.9848982975571,37.6255580942816],[126.9866148958405,37.6189374009023],[126.983599397922,37.615905597757596],[126.9852718968551,37.614187598620504],[126.9853146933047,37.6071437019651],[126.9859835950724,37.6060905958847],[126.9809495000207,37.601439700381],[126.9755124006271,37.601519804361196],[126.97532269918541,37.5996445010316],[126.9727397017684,37.5999153007608],[126.9694984996988,37.600656301553194],[126.9683223010185,37.602836600019806],[126.9666868000921,37.6039085003389],[126.9632248001961,37.601902701472994],[126.96249800092289,37.6031696002061],[126.9631494020477,37.603916500908795],[126.959297500999,37.6069602009144],[126.959456201425,37.608804801128],[126.9569183992975,37.6121223012679],[126.95314500068561,37.609387003143596],[126.94773620271289,37.6101892071471],[126.9495228984324,37.6072681026133],[126.94440799916259,37.6047868037153],[126.9412271023435,37.6060236024785],[126.94126340172309,37.6106956993696],[126.9434319070172,37.6150201023162],[126.9437588066903,37.618373298963],[126.950452903193,37.6202033982321],[126.9521946002706,37.622141500180994],[126.9516348998437,37.6216313015821],[126.95068170041,37.6227170023166],[126.9479025031892,37.6221581028755],[126.949208701883,37.6275272975063],[126.95169690053311,37.6253320002577],[126.9492087045801,37.6275273039065],[126.9440547002953,37.6296468052655],[126.9391626051874,37.6346298002825],[126.94028660200499,37.6396629009193],[126.9414245006039,37.6412942999336],[126.9400541006127,37.6421771008443],[126.940003800832,37.644488700769394],[126.9376318996886,37.6411989025029],[126.93163390373759,37.6442854023956],[126.93110400426751,37.6481010985799],[126.9337900007001,37.6490160994224],[126.9345867999033,37.6501677982707],[126.9364858013544,37.6496462995969],[126.93662950082269,37.650860300274],[126.93445200244409,37.6518740994133],[126.934380502991,37.6527217005439],[126.93445199976759,37.651874100107904],[126.9328853995628,37.652414901528495],[126.9321480002636,37.6539908006656],[126.9309508990785,37.6528255007195],[126.930113799578,37.6529638999422],[126.9311816985101,37.6512947016114],[126.9288645008273,37.6510002019059],[126.9282108010127,37.6524407007887],[126.9264472010272,37.652183202744304],[126.9225070049674,37.6545623003652],[126.92154720469401,37.6570399015701],[126.9246103010418,37.6606360030019],[126.9211956009792,37.6602059039903],[126.9203496013855,37.662766601355095],[126.9206907998401,37.6643044003916],[126.9178288996477,37.663398200147306],[126.9197939977193,37.661612301579],[126.9188687933406,37.6595907005292],[126.9191817930276,37.6581023020176],[126.9148373971977,37.6543257055072],[126.9126827972483,37.653458705404],[126.9083756015555,37.655006803855905],[126.90950110043,37.6594901993725],[126.911452800413,37.6606310994699],[126.9115134003819,37.6620517999634],[126.9103706009861,37.661528500605904],[126.9095437002493,37.6625175003133],[126.90786360144,37.661324001547904],[126.9050447972878,37.6643457030493],[126.9041211982114,37.663215304179694],[126.8986704036622,37.6642868031082],[126.8967139991957,37.6671164023811],[126.89216040144599,37.6667901020236],[126.8917138001098,37.6687302007121],[126.8899004004728,37.667862201074605],[126.88782629980071,37.6688246004272],[126.88809189887161,37.6670456005843],[126.8870017992891,37.6671166001385],[126.88739029926681,37.666660599569],[126.88638829948869,37.665745799584805],[126.88629259943241,37.6621318007933],[126.8754463999941,37.658774301860696],[126.87517410026639,37.6599848006502],[126.8713067982117,37.6600319029685],[126.87190479797269,37.6583342005883],[126.86834999214341,37.6576700039392],[126.8623141954598,37.6530670025893],[126.85946009515861,37.652374802199795],[126.8575327970859,37.6492637053109],[126.85304000157869,37.647980006594594],[126.8490211055976,37.6494728051018],[126.84776940684931,37.6534912010834],[126.85056760390961,37.658047599682],[126.85048380141241,37.6641665998359],[126.84771070170419,37.664790700081895],[126.8478962001455,37.6665263005909],[126.8437655996887,37.663499800175494],[126.845718902025,37.6650444987796],[126.84771070003319,37.6647906990334],[126.8483785993653,37.663697300126806],[126.8491082986356,37.661673802150304],[126.8458897980611,37.6582752048288],[126.8429546009963,37.660461902642105],[126.8430297009212,37.6622972008068],[126.8421621999564,37.663531601083996],[126.8392322001244,37.661035401261806],[126.83803109974279,37.6628750005658],[126.8342689996239,37.6615857004449],[126.8333115001509,37.6621375002987],[126.831465099409,37.6603474018052],[126.8301425974175,37.6606301018224],[126.82925849778839,37.6583688011969],[126.8271552992646,37.6582737012277],[126.82870899745781,37.654616299917],[126.8281070968305,37.6529116986184],[126.8289238980775,37.6490098014185],[126.8315415983593,37.647274299197],[126.8316965999131,37.645520999569605],[126.8334721987069,37.6455323998792],[126.8332629989161,37.6445565008551],[126.8320362998018,37.644701000195894],[126.8312794998904,37.6434703012238],[126.8303055000111,37.6436026006171],[126.8299738989152,37.6421755003431],[126.8283540005351,37.6406235018951],[126.8263104987538,37.6411353023284],[126.8283539976875,37.6406234997451],[126.82649929954219,37.6370531033155],[126.82321679786699,37.6398616014118],[126.8225515995301,37.636946801179995],[126.8205016982143,37.634365300549696],[126.82115969928999,37.6343315996677],[126.82075879970239,37.6334262989548],[126.82214809831311,37.6340653983157],[126.8241840969352,37.632483098204304],[126.8235433975759,37.630656900030495],[126.8214743996449,37.6297601009273],[126.81954980156951,37.6306712000162],[126.820178998646,37.632419300967804],[126.8195497989654,37.6306712007852],[126.820301199759,37.6300806998713],[126.8200245996902,37.6287128997581],[126.8209248001355,37.6285962999872],[126.821442700377,37.6296530997265],[126.823128299606,37.6281309991326],[126.8236537003601,37.6290474996205],[126.8249038993647,37.6291065993738],[126.82705369947169,37.6257235994898],[126.82824000043769,37.6269074983419],[126.8289179001193,37.6250879991576],[126.8308668991576,37.6251130996706],[126.83086940018299,37.6245029988907],[126.8334279995087,37.6253255990942],[126.8337882997749,37.624456199566495],[126.8338978003167,37.626176399466296],[126.8350754995817,37.625525799146196],[126.835345101156,37.6267828997265],[126.8369001997946,37.627634899107896],[126.83716390028539,37.626956399580195],[126.8379168003006,37.628430699023404],[126.83899269993121,37.6279159995995],[126.8393056001378,37.629476599228795],[126.8406512002165,37.628810699325],[126.83864230122241,37.6300435000519],[126.83760050400349,37.6339938009911],[126.8391376024664,37.636578798406106],[126.8416561018917,37.6360716013021],[126.8401236014391,37.637596399585],[126.8418604016718,37.6397828987625],[126.8398102027212,37.640521300143206],[126.8419109006205,37.6434145972499],[126.84661510139239,37.6462640984126],[126.85034419766329,37.6452121994645],[126.8515340014546,37.6441550979442],[126.854066200804,37.6450956990453],[126.8544500025168,37.646502998510705],[126.85642570054111,37.6480633969503],[126.8587534003141,37.6482167970332],[126.8605132985542,37.6462031990468],[126.8650758949582,37.6452960997764],[126.863106598788,37.6413990982132],[126.8655187961433,37.639900496775304],[126.86663080083619,37.640292698327904],[126.8699535995479,37.6389187984473],[126.8694794003828,37.6365429988546],[126.8718763010404,37.6368446992319],[126.8710641008673,37.6379245998154],[126.8722584999918,37.639426399208396],[126.8732877989625,37.6384766001582],[126.8724016000439,37.6378263994853],[126.87372829971639,37.638281299187604],[126.87410770026709,37.6370831998381],[126.8758068997118,37.6416851977299],[126.87754039797831,37.6404402989748],[126.8759258992433,37.639168497993296],[126.8803846008678,37.6405804989978],[126.88222919994979,37.6403981969879],[126.8849643002195,37.642233396933904],[126.8858864993744,37.6418203973049],[126.88885700094791,37.6426281982102],[126.8907651002741,37.6416756986498],[126.8929543993017,37.642873297020195],[126.8969218979976,37.6429396969011],[126.8990933958261,37.6417956980451],[126.9087727917583,37.6289511973169],[126.9071369933941,37.6248349014332],[126.9008755996555,37.6229288033393],[126.8983958021353,37.624057202210906],[126.898137498742,37.6234582004956],[126.9005961987948,37.6228519980014],[126.90104889834211,37.621915998937396],[126.8999969993615,37.6182778018414],[126.8974086971665,37.6190097022052],[126.90121089663289,37.611796496682395],[126.9008392970045,37.6059978024811],[126.8986621978964,37.6063885988247],[126.9014158975142,37.5982735012405],[126.8998854960372,37.593601702351],[126.8981837972863,37.5931304021419],[126.89960859703709,37.5906997007631],[126.8949385999211,37.5889146023716],[126.8930135995113,37.589052802956196],[126.8911394013855,37.5898441021649],[126.89025820226671,37.5918185001905],[126.8910828008441,37.5936664014843],[126.8899207991816,37.5929858003157],[126.89025819884421,37.591818501483004],[126.8868435005561,37.5931217007093],[126.88590600017801,37.5911666010494],[126.8845508003117,37.592434600292194],[126.88325020161231,37.5922122005146],[126.881472803015,37.5997633006105],[126.8801335986116,37.5983440012665],[126.8783546003906,37.5997013999091],[126.87840130210539,37.601537998618895],[126.88196280119149,37.604470899872204],[126.8785082005293,37.6054485013177],[126.8785014005237,37.6065294012824],[126.8759649002227,37.6052686019146],[126.87494240013129,37.6032122007581],[126.8745275003465,37.604689201102204],[126.8738173005209,37.604377401460596],[126.8728707014675,37.6058365000015],[126.87316340118889,37.606944999877605],[126.8719843007069,37.6086092003185],[126.8722628004284,37.6094670994606],[126.8732551004713,37.6091710990684],[126.8736156007205,37.6098167988625],[126.8726604013371,37.6101860001961],[126.87323360076391,37.6114879988941],[126.8762607999511,37.610381499428705],[126.8758545009768,37.6115770992354],[126.87732939950189,37.6112989995135],[126.8770133996339,37.6106648998431],[126.8773294017105,37.6112989995773],[126.8764433010092,37.6129261007502],[126.87709100036149,37.613900699775606],[126.8759115005028,37.6135218010019],[126.87578910064511,37.6147608003033],[126.8750474008813,37.6149000004424],[126.87563680072509,37.6168385007236],[126.8744819990945,37.6154122020384],[126.8711861023904,37.6142320032186],[126.8696395013699,37.615409903240206],[126.8661230990541,37.6152553013796],[126.8669811969112,37.6141572000385],[126.8667837971086,37.6094020047937],[126.86350260038981,37.6097613044344],[126.86229349961441,37.6128716045845],[126.8558673014819,37.6129773019994],[126.8554196015754,37.6135663016151],[126.85689449972459,37.6152747014037],[126.85360450301461,37.6145250021534],[126.8540266008692,37.62233780087929],[126.8500972000584,37.622746902021305],[126.8480900001764,37.6243913013784],[126.8436046997009,37.6241523003393],[126.8428075989799,37.6229485006071],[126.8406183002068,37.623347100743395],[126.8406934995306,37.622754099927604],[126.8417883990146,37.622823699695395],[126.8404008997621,37.6219813002378],[126.8394849000283,37.6227591001361],[126.8381524003974,37.621735300580895],[126.8364017002931,37.6226458003175],[126.83686679910069,37.6222624996338],[126.8361125998549,37.621395200501105],[126.83461589962,37.6213760000959],[126.8348137993824,37.6200718006049],[126.8339064992068,37.6200827007045],[126.83372709985301,37.6187632006383],[126.8326179999827,37.6198546005107],[126.8320600991467,37.6192477005455],[126.8328126993526,37.617611700398896],[126.8295173997126,37.6154782015657],[126.8266128000034,37.6179086004025],[126.8252455004851,37.6179218012259],[126.82458460000089,37.6193947000701],[126.8244226996876,37.618456300956396],[126.8235030000685,37.618788700638405],[126.8232947993755,37.617988800807],[126.82239529990609,37.618693400748896],[126.8209278008934,37.6178818010661],[126.81815089923761,37.620135101117796],[126.81427630311221,37.6175529037],[126.8126686020584,37.619569203929004],[126.8122031971805,37.6190115990683],[126.8151299966091,37.6138473984022],[126.81215109851239,37.610171201544404],[126.81253929896519,37.608156699312005],[126.8134747993519,37.608594498639],[126.8131602996746,37.6056143000313],[126.8145420972424,37.6012106988585],[126.8163940002445,37.6024577989525],[126.8177024000893,37.6019611983782],[126.8187643990273,37.6001725001669],[126.8177947996801,37.599937098915696],[126.82044690057589,37.5999259986433],[126.8256809985275,37.597479598983],[126.83016239907731,37.599270397085],[126.830847698392,37.5986914976639],[126.8283348008152,37.600493700381],[126.8289262002238,37.6017550991196],[126.8296467004792,37.6008653991553],[126.83209120118349,37.601650399766996],[126.8319012009386,37.6070415976627],[126.83429389854591,37.607078297625996],[126.8343905000644,37.604211797195],[126.8342939014927,37.6070782981052],[126.83621079957581,37.6074643977191],[126.8367629002537,37.604809996940304],[126.8390938001906,37.6048205998859],[126.8392442001997,37.6064073985442],[126.8408879991784,37.6071348990634],[126.8397082995169,37.6037877988869],[126.8398258002193,37.6048091988306],[126.8411616988834,37.6048513987884],[126.8416574975824,37.6027924994388],[126.8433292998236,37.602753799573],[126.84436460164491,37.602983298938796],[126.8460637999457,37.606588895333196],[126.8481512020243,37.6067744965375],[126.85004890472011,37.608665695945305],[126.8513551035012,37.611331198015804],[126.8550060998502,37.6112226981243],[126.85511939980081,37.609863399102004],[126.8576216972985,37.608457800507594],[126.8578739970462,37.607395001570396],[126.8549457992399,37.604646299319],[126.8589414977086,37.6049388984213],[126.85713199670049,37.5968673999184],[126.859674500311,37.5953465966659],[126.86015719982831,37.5921059999065],[126.862557900624,37.590812299422005],[126.864726500618,37.5924458977694],[126.8683864991782,37.5908315989288],[126.872534798975,37.5926664988149],[126.8754888002114,37.5920143983722],[126.8776636997823,37.5890588992173],[126.8797276984621,37.5888265993105],[126.8802263979634,37.5868733012638],[126.8794646987251,37.5862356019015],[126.8757315991862,37.5870132007428],[126.87533569904,37.585331598928],[126.8790568970546,37.5836669996244],[126.876822299132,37.5804730014687],[126.8757875997908,37.5807053012707],[126.8750918979181,37.5796791974559],[126.8768634018364,37.5798129949795],[126.8768223015153,37.580472999676],[126.878716700369,37.581421899061],[126.880905299516,37.5798834999472],[126.8803022983975,37.575929798862695],[126.8865386978768,37.5713242999432],[126.8839120988495,37.569166699952994],[126.8850417992514,37.5690496992418],[126.8854383988548,37.5676791006124],[126.8844755998176,37.5677382005533],[126.8852665993401,37.5675125999255],[126.8846268998394,37.5669717000047],[126.88738620008809,37.5672148989633],[126.8887713988275,37.5646674014382],[126.8875792987489,37.5628849028145],[126.8797638996093,37.566216701445995],[126.8796223992735,37.5650495003034],[126.8786314994628,37.5649996000875],[126.88006539767761,37.564103100477496],[126.8746962030468,37.554989209591405],[126.8724422053008,37.5571563074243],[126.86734190801,37.5597705056585],[126.86510920516271,37.5623362076625],[126.8604609013265,37.5640083001638],[126.8595211047158,37.5673483064011],[126.8547857010166,37.5668338008419],[126.85362570368129,37.569015607457],[126.85380049960061,37.5677315011013],[126.853086100315,37.5684017004311],[126.8497276998702,37.5682999016857],[126.84987149956271,37.5673876004041],[126.848654300039,37.5674864003448],[126.8492281998789,37.5666493005285],[126.8483269999282,37.5666840006107],[126.8475587002731,37.5650897013277],[126.8459885013338,37.5665707020836],[126.8448742020127,37.5693577000555],[126.8462147006722,37.569957099456104],[126.84769070035,37.5693693004201],[126.84396269998311,37.574913800226994],[126.8427468956718,37.5748340026635],[126.8432637980549,37.5737238006348],[126.8424393988793,37.5727190016396],[126.8410659002528,37.5738128005458],[126.8403688006612,37.57329940085361],[126.8398023001557,37.574194501158196],[126.8385906996456,37.5725291016082],[126.83722630100999,37.572486301651004],[126.83723349953459,37.5739619018497],[126.8335962004912,37.574272502281],[126.8325186002622,37.572971700564096],[126.8308549995547,37.574293701062096],[126.82938210085061,37.573091501902795],[126.8272018030309,37.5748072001871],[126.8280816004506,37.5767080009696],[126.8261665003136,37.5764862030924],[126.82529239980519,37.5753384014586],[126.82047930131141,37.5733103030441],[126.8199900018007,37.575900000454396],[126.818164200531,37.5765263011846],[126.8179480004669,37.5776654014825],[126.81663789999061,37.578499300271595],[126.8139883012808,37.5784690008166],[126.8144286008405,37.5799588993267],[126.81524620164801,37.5799327008358],[126.8138200002915,37.5802700008007],[126.81391840009971,37.581113201134094],[126.81075359874569,37.5794710011064],[126.81166829965129,37.5786042999001],[126.8100922991593,37.5762395009937],[126.80829780095381,37.5762538009794],[126.8091398001733,37.5774237004554],[126.8074227000627,37.576341001372896],[126.806055299367,37.576933900676],[126.80554959981701,37.5749774025824],[126.8029426997452,37.575092101050096],[126.8020533006346,37.5754705006717],[126.80271070213381,37.5777491003023],[126.8023151011641,37.5793210012117],[126.7983924004193,37.5824650007473],[126.79738659882639,37.5819208001005],[126.7984296986404,37.581064900109304],[126.79813849966139,37.5795593993005],[126.79930379958681,37.5798126991386],[126.79891689954789,37.577712100643],[126.7958203993537,37.577875000399295]]],[[[127.0927908976864,37.3408280971149],[127.09266609930451,37.3373631996749],[127.09359410002601,37.3364972996238],[127.0951390992919,37.3375294990745],[127.0946026997102,37.335629598476],[127.0969721003473,37.3355752995483],[127.09776169955771,37.3346691004545],[127.096730599336,37.333851899304996],[127.1001714993666,37.331150099203406],[127.1028606979731,37.3301441999775],[127.1028737003956,37.3292643990196],[127.10335180080399,37.3309794999851],[127.1023201016122,37.3323981989761],[127.1028140010468,37.3337864000579],[127.10422439971421,37.3343948994441],[127.1054281989346,37.3334017998103],[127.104796299396,37.331547200025305],[127.10529700050779,37.3309650997178],[127.1077921997427,37.333484998066304],[127.1094686005266,37.3330525989904],[127.1106918006039,37.3356591993221],[127.1147192000489,37.3365405997914],[127.11531890062011,37.3380596004024],[127.1149100004694,37.338585900494095],[127.11443220029399,37.3380608003996],[127.11440829983229,37.3387714000999],[127.1141511995946,37.337480300931304],[127.11286970046001,37.3380627003607],[127.1113039008643,37.3415537011866],[127.1098019012494,37.342512400591694],[127.109937601055,37.3435590998547],[127.11453920039969,37.3430858989287],[127.1160718004185,37.345168399455396],[127.1190134000537,37.34611789927661],[127.1199505000707,37.3485258979304],[127.12079490336521,37.3485377987437],[127.1183759013427,37.3485134005157],[127.1181410015642,37.349291999905496],[127.11812760157889,37.3500962998041],[127.1202294013717,37.3505198000945],[127.1200622011665,37.3542862004742],[127.1183418994979,37.3546486011173],[127.1145154001907,37.353382701428295],[127.1139958005757,37.3547788014428],[127.1116373004083,37.3555750004567],[127.111123000448,37.3578933986169],[127.1159562008209,37.3598665997692],[127.11903310089319,37.363447699524905],[127.1177639007732,37.3654071005719],[127.11729039961361,37.3645323003406],[127.1166537002503,37.3648560000169],[127.1161808007158,37.3656557001485],[127.1167730001241,37.366143299833595],[127.1227651003923,37.3669837997908],[127.1215514001785,37.367615200667004],[127.1206352008706,37.3702063995958],[127.1214457003283,37.3705337994571],[127.1236236999513,37.3690551996321],[127.1236862003745,37.3703105997845],[127.12263160027551,37.3699437010701],[127.12180480034121,37.372178400000905],[127.12034490081871,37.3725614001164],[127.1208789006509,37.3730942995913],[127.11998870072709,37.3740738001867],[127.1202896004262,37.374923499337],[127.121212800227,37.374433999787804],[127.120545800706,37.376126699696],[127.12107450183201,37.376968401769005],[127.1196437013782,37.3789735988191],[127.1231466000713,37.3841166984571],[127.1239045003659,37.383428699355505],[127.1235134000705,37.3843791998109],[127.1249955004223,37.3842788995564],[127.1272522010992,37.3859309993057],[127.1282142001311,37.3883069006108],[127.12707949975099,37.3867728012643],[127.1252463006095,37.3875980000469],[127.12649920032109,37.3893059997029],[127.12542260073249,37.390013700054894],[127.1265659001144,37.390746299424904],[127.1254203008425,37.391453300584104],[127.1263559999068,37.3931967988406],[127.1270166999894,37.391354299528906],[127.1277325997557,37.3919608994933],[127.12849129987639,37.3903853998024],[127.1304011002174,37.3935031994421],[127.1324181993583,37.3924197988748],[127.1326029005047,37.3942118997742],[127.1308102021685,37.395725799458404],[127.1317688001983,37.398082200468394],[127.1295049014834,37.3987598003303],[127.1285780991847,37.400116400787304],[127.1284153994569,37.3993385007946],[127.1273742993333,37.3992715003847],[127.1274527992869,37.398602499640205],[127.12841939950769,37.3990341996952],[127.1285292994012,37.3966233008489],[127.1261174003559,37.3961260010308],[127.1250922010866,37.397127901304],[127.1255504004202,37.3996607007473],[127.1235758018362,37.3996610012396],[127.1237066007403,37.4012200011158],[127.1231963996718,37.399297300745],[127.1215128997258,37.3998603004365],[127.1218916994447,37.397939800124306],[127.1211811000616,37.3967848009035],[127.12012750111519,37.3971620005263],[127.1192133007466,37.401494300790304],[127.11784620156891,37.4028079998418],[127.1198784001064,37.4041785996554],[127.12072380018239,37.4058911000512],[127.1201041996862,37.405002700931],[127.118915699968,37.4071069009911],[127.1177622004958,37.4068145005659],[127.117268200271,37.4078097003761],[127.1149195001539,37.4083798005655],[127.1154279996356,37.4071073003093],[127.1128870986357,37.4062525011811],[127.1105327005086,37.406992201369995],[127.10961950015229,37.40568770125],[127.106573697657,37.4071510022354],[127.1064626984723,37.403966901428504],[127.103997800461,37.4034260006672],[127.1037247998645,37.405589902712],[127.1024425989921,37.4064851023906],[127.10031409902241,37.405155300567095],[127.1022245992165,37.4039947003474],[127.0994163983596,37.4024683008464],[127.1013156988908,37.3999734005949],[127.10032819901011,37.397639500960096],[127.0989119004264,37.3978300007696],[127.09880390140259,37.4000147005536],[127.0977896997486,37.399983900330206],[127.09769799975949,37.3989276008885],[127.0967307990704,37.398427500979395],[127.0994657002767,37.3948023994932],[127.1000922999474,37.3955718995373],[127.100258400753,37.3947543998938],[127.0999242016251,37.3959867003594],[127.101347300255,37.3966808001232],[127.0999242002015,37.3959867012865],[127.09946220066351,37.3974360998371],[127.10332459905929,37.3978419986658],[127.1042811988208,37.3957435000492],[127.105889999472,37.3948992997314],[127.1046313000788,37.39375480072891],[127.1020146994999,37.3950737998748],[127.1026199991739,37.3929810992013],[127.1015002995161,37.388857099944005],[127.09903639942131,37.388093800016],[127.10004830002299,37.3872362996558],[127.1014686986366,37.387636098914],[127.1020827985276,37.3859170994734],[127.1035655989389,37.386771198190395],[127.1050647974397,37.386067298894304],[127.1063706970338,37.3834350979084],[127.1058108997769,37.3777668996024],[127.10654839940679,37.3765201007149],[127.1048664984794,37.3747625021248],[127.10406809768871,37.3724182992456],[127.1058184975406,37.370079999267],[127.1041305985716,37.3683024987153],[127.1053020985625,37.3649670002076],[127.1042371996274,37.3637169014577],[127.10160570128569,37.3637409014346],[127.1015897011125,37.3668297001881],[127.1004927009226,37.3668968015083],[127.1005160980447,37.3637078002291],[127.0990651994956,37.3629960009409],[127.09767639968929,37.3642770015933],[127.0966643994606,37.3632511998241],[127.09780499928749,37.3622534995486],[127.1007713998451,37.362139396488296],[127.1016010990154,37.362156396471306],[127.10267570056061,37.363756598015605],[127.1048523985844,37.3632808984528],[127.104112496504,37.3599099987177],[127.1047780969758,37.3575651999608],[127.1042438999914,37.3540574020447],[127.0993892985175,37.353480902475404],[127.0972269958971,37.345613800723704],[127.0935024993872,37.343268201903896],[127.0950880999268,37.3441930978436],[127.09650809850679,37.341350700686],[127.0927908976864,37.3408280971149]]],[[[127.0864898993555,37.3205517004273],[127.0884142988718,37.3197013004666],[127.08711889936889,37.3196350002085],[127.0882179989975,37.3187967000375],[127.08674220002091,37.3180478996291],[127.0882180004924,37.3187966992578],[127.0904390997223,37.317577299075204],[127.090733200116,37.319216599635595],[127.0925109993816,37.3192933991363],[127.0928958989414,37.3186431985978],[127.096168699266,37.318609798777395],[127.0979622006617,37.317441799603095],[127.0987499999075,37.318830899406905],[127.1002002001601,37.3187814995971],[127.1004396008825,37.3196763992979],[127.1025021000023,37.3204774992831],[127.1017199005049,37.3208591003931],[127.1017025008215,37.3236025996339],[127.102815999708,37.3236403995961],[127.1028657997646,37.322330698963704],[127.1038686002348,37.3230268989816],[127.1055063995189,37.321771997992],[127.1060413009135,37.323407199731896],[127.1071695005127,37.3240034001006],[127.1065272006274,37.325317999371904],[127.10713970022431,37.3256412997678],[127.10880919889709,37.3254604999374],[127.10838489951341,37.3234339007416],[127.1076693997867,37.324007299459396],[127.1084433001307,37.322687699736],[127.1087003001599,37.3243218990959],[127.11015759996859,37.3233591989613],[127.1107119001818,37.3247120992938],[127.11177789911581,37.3245649994409],[127.1107856000009,37.323620898695104],[127.11215420099471,37.324403299988],[127.1103285003946,37.3248270013407],[127.10972870099441,37.3262664999012],[127.11070700091861,37.326675900906],[127.10924440055679,37.326380100440204],[127.1087904008224,37.327310400350804],[127.1070941003124,37.327681400598806],[127.10713969975531,37.325641300106],[127.1057344993424,37.325052800037604],[127.10605189902499,37.3241165009739],[127.10458680024891,37.3239890010252],[127.1043296995577,37.3262278002401],[127.1038605995538,37.3245687002373],[127.1016772004284,37.3244272007961],[127.1010370010686,37.3250969001264],[127.1029439001864,37.3266400997812],[127.1023836005145,37.327068300699004],[127.1005196988801,37.3277409008194],[127.09925239956459,37.3263088022025],[127.097028899688,37.3259121012523],[127.09594100049169,37.326868800649],[127.0959731000184,37.328135000856605],[127.09369580102431,37.328411401488204],[127.09444959922921,37.3279681001225],[127.09418509925331,37.3268162010671],[127.0925358991603,37.3264439005289],[127.0921324990589,37.3252815009928],[127.0903803992908,37.3255401999503],[127.0900625996086,37.324457501033],[127.08887320079799,37.3254989999915],[127.09087550012599,37.3268193004308],[127.08968039944591,37.327187901623596],[127.089707599576,37.3263080002777],[127.08784329960301,37.3261450000024],[127.0888678996633,37.326022299600396],[127.0896145989557,37.323365800281195],[127.0883934999675,37.3229157007057],[127.08792539926,37.323729300306994],[127.0885398993869,37.3213303002289],[127.0864898993555,37.3205517004273]]],[[[126.7703147994133,37.657748500313595],[126.7722205003521,37.656670099367396],[126.7750208993241,37.6567813993048],[126.7756118988511,37.6551187003477],[126.7746162992675,37.653196800885105],[126.77383539935809,37.6533870000058],[126.7753045991648,37.6525092992841],[126.7747565997128,37.651010200783205],[126.7725051996791,37.649933999263304],[126.7732914999328,37.6503573993949],[126.7742341999474,37.6494071997135],[126.7752887999202,37.6498098994823],[126.7757917996663,37.6489676991074],[126.777693199989,37.6485002997659],[126.7784914999605,37.6490743989863],[126.7794448999876,37.648259299942],[126.7796377009193,37.650234799594],[126.7808686996883,37.650518299310505],[126.7807183994254,37.648329699673795],[126.7813563004724,37.648357499454704],[126.7812909004108,37.651179499572095],[126.7820549005697,37.6505978000101],[126.7814911007447,37.6529454996745],[126.78286100078749,37.6532151999118],[126.7826885998706,37.6542432004096],[126.7789705000168,37.652430000390105],[126.7780092003506,37.6528767008656],[126.7778290005308,37.6542784994638],[126.779101200274,37.6538178992393],[126.7796728001645,37.6547982999731],[126.77767130009859,37.6544280005371],[126.7771493004915,37.6555092007294],[126.7759902998164,37.655198001207296],[126.7747699008132,37.6575527992783],[126.77603480260541,37.658725803021],[126.7737145008807,37.658803400465196],[126.77313130050081,37.6616201002282],[126.771310299889,37.6607973000224],[126.7703147994133,37.657748500313595]]],[[[126.86694699516299,37.4157593027655],[126.86853199888151,37.4142945975777],[126.8708824991756,37.413770694488804],[126.87381089624719,37.4153092929502],[126.88163869808899,37.4112540953974],[126.8825762002595,37.4116127984603],[126.8838790990166,37.4101425998592],[126.8832787964489,37.406220000431496],[126.8849987971265,37.4049146003873],[126.8850757004937,37.4039178981154],[126.8869665986028,37.4051790968542],[126.8904550038157,37.4036459937313],[126.8966030000208,37.4030530958117],[126.8998756012069,37.4046725987338],[126.9009276003227,37.4064047998848],[126.90151380092671,37.406143300210296],[126.90018120163711,37.4089835010762],[126.9013962001268,37.410718600377706],[126.8972146051259,37.4167123972719],[126.90433209800841,37.4203745936097],[126.9068119955285,37.4174074965768],[126.9066524973027,37.4159904975145],[126.9043239996312,37.413383600121406],[126.9056194986982,37.4133796989583],[126.9060875988891,37.4120564994643],[126.9062433005458,37.413076399011004],[126.9082361994498,37.4137077988427],[126.9091063992882,37.4126443990741],[126.9105164997516,37.4133860988404],[126.9116986999925,37.412853799103],[126.91224489992321,37.413554499003496],[126.9135041005446,37.4127423986286],[126.9121843003284,37.4153306996863],[126.913205599758,37.4159790990995],[126.9139597005834,37.415340399418],[126.91447360055649,37.416329599775196],[126.9106692000141,37.4188780002423],[126.9090164000177,37.4185602004277],[126.90696850057971,37.4197436008404],[126.9058141002802,37.422926700691],[126.90298139987681,37.4232893003929],[126.9023087987071,37.423295100158796],[126.9043320966838,37.4203746030793],[126.8967347030686,37.418915404620606],[126.897554999883,37.423038700663696],[126.8958958997557,37.4221404005671],[126.8953566997311,37.4197781018186],[126.8943336999677,37.4200117001046],[126.8948605993116,37.419265100553396],[126.8937567996376,37.4180386002308],[126.8920254011499,37.4175909007283],[126.8930872004692,37.4205719998656],[126.8922352011736,37.4209040000025],[126.8917146008304,37.4227736999051],[126.8940643021401,37.4292692017909],[126.8884179033997,37.4343643004433],[126.89116320052129,37.4355807994883],[126.8907239001117,37.4359345002799],[126.8884179003192,37.4343643005751],[126.8877893992995,37.4349913003048],[126.8872349998539,37.4340500012461],[126.8859786007643,37.434942100570204],[126.8864746007148,37.4361688003682],[126.88541050046881,37.4357918008311],[126.8843334002851,37.4364663011035],[126.88311669960281,37.435916300490206],[126.8830051996255,37.4349347010153],[126.8816763996794,37.4350183010203],[126.88075930009289,37.4341048009654],[126.8795028001227,37.4353282012973],[126.8794912993822,37.434286200739706],[126.8774442992014,37.4342807000069],[126.8758673996561,37.4307169997301],[126.88112699439651,37.4274149030322],[126.8776219967159,37.4237912054205],[126.87498929664329,37.422662504438804],[126.8711562004764,37.424773302328],[126.8707040961686,37.4220300012035],[126.86694699516299,37.4157593027655]]],[[[126.80404089896301,37.4828956003484],[126.80900779979041,37.4850431989909],[126.8112717987943,37.4831756989325],[126.8127394988785,37.483869398893205],[126.8138547984982,37.4822289993649],[126.8164878992378,37.4829134989482],[126.81725740052221,37.4820081997944],[126.81825670075821,37.483948999467806],[126.81900980103521,37.4836596008231],[126.81825670072621,37.4839490010036],[126.81889910083589,37.4865179991236],[126.81818800056921,37.489593799488304],[126.8204615996041,37.490930898221805],[126.82198490023761,37.4903508998484],[126.8228619998382,37.491172499230096],[126.8245813998887,37.489284198884],[126.82624439961039,37.4889145995403],[126.8268071998925,37.4899973989436],[126.8271654009268,37.4894064006226],[126.8269519008032,37.4907944997934],[126.8280338012088,37.4909768012187],[126.8271460020966,37.493191499004],[126.8331562005369,37.4936247003616],[126.8303214998856,37.495345301352195],[126.8295453001559,37.494592000674395],[126.82879090061721,37.4953500004303],[126.82836619989841,37.4945859001609],[126.82772940053519,37.494881799865],[126.8277891001905,37.496006699670104],[126.8284506001492,37.4958396998495],[126.8275065011241,37.497161100461696],[126.8279473999229,37.4989741001907],[126.8264230994246,37.4990963003526],[126.8244650013827,37.4970578023911],[126.82248059988761,37.4984527004696],[126.8214334996461,37.49771999886],[126.82408749719781,37.4963841989656],[126.8229236983616,37.493087802261996],[126.81924440204091,37.4929054024444],[126.8182869009111,37.4940919018496],[126.81750029908261,37.4935506007863],[126.816485898766,37.492242400648],[126.8180630985634,37.4904533994846],[126.817452499174,37.4891783007597],[126.8133335003567,37.490226501345],[126.8119506995801,37.4897636011735],[126.81138489934229,37.4908820008872],[126.8100845002302,37.490396401214504],[126.8089662007891,37.4915672013514],[126.80914389880219,37.4908990003489],[126.8070827990357,37.4893558999504],[126.807332498786,37.4882944010119],[126.8055559996745,37.487230800163],[126.8060095995133,37.485957400949],[126.80476729964539,37.486040200233596],[126.8054401992881,37.485787499944],[126.8042835994905,37.4849692007102],[126.80404089896301,37.4828956003484]]],[[[127.1198977998455,37.440277600381],[127.1207704994665,37.4388661988207],[127.12336309941931,37.4394174984129],[127.1251292994258,37.4353601988052],[127.1235897996186,37.4326475002777],[127.1255507999698,37.432754899267096],[127.12619679975191,37.4291789986775],[127.12909409973021,37.428184699280905],[127.1294580002127,37.426741299488505],[127.1294912004757,37.427849799642395],[127.1313125999724,37.4282955990411],[127.131485200985,37.4291282990377],[127.1329797007137,37.4288757993204],[127.1341735002462,37.431031699311596],[127.13519120059249,37.430912299942904],[127.1341735007606,37.4310317000826],[127.1351619012259,37.4340037002529],[127.13249590056749,37.4342435012884],[127.1312513015023,37.4363928997396],[127.1326775002837,37.436815799379396],[127.1353958002972,37.441476000122],[127.1349716008118,37.4423875005641],[127.1330464007561,37.4425919003451],[127.1327410006482,37.444786899038796],[127.13583080069809,37.4501776002061],[127.1352230994582,37.450571402517404],[127.1337753999109,37.4495786028339],[127.13233530135099,37.450349002063504],[127.1322151009886,37.4524815004231],[127.1305538998857,37.4527910011105],[127.12904000004811,37.4550033009793],[127.12791640046261,37.4547776003645],[127.12786129987421,37.4559060009342],[127.12619739980249,37.4562200017831],[127.1243441975611,37.4545225008478],[127.12430429831561,37.4524706009787],[127.12359169902821,37.451786301663],[127.1223629995423,37.4533254020449],[127.1210428994371,37.451835200522],[127.1235580973512,37.449251500245005],[127.1244797960681,37.446837902208095],[127.1239716967933,37.441797402598596],[127.121583298236,37.4402999020262],[127.12000499981431,37.441007301318805],[127.1198977998455,37.440277600381]]],[[[126.7900833998144,37.6643203999671],[126.7927168987858,37.661507500391096],[126.7918436979367,37.6609347002178],[126.792615699001,37.6595291001614],[126.79055339927079,37.6588445997633],[126.7928092994827,37.659390799231595],[126.7932369997915,37.6570550992298],[126.7949359000953,37.6590480984722],[126.79650700082371,37.6551556985002],[126.79553420130131,37.6571866983063],[126.7979434997188,37.6580408977494],[126.7980865000053,37.655710798224504],[126.79915410134579,37.6561587996993],[126.7983313014204,37.6581753983796],[126.79994819980351,37.6587798977751],[126.8003298001134,37.6567608994128],[126.7999482010686,37.658779898513096],[126.80248490067109,37.6596130992463],[126.8011650014664,37.659659400715704],[126.8013388012926,37.6615313988437],[126.8026039000406,37.662242000198],[126.8013407013038,37.6621605002795],[126.8007216015058,37.6631244020064],[126.7978572999979,37.6624471005998],[126.7969776000353,37.6629954004523],[126.7972648997908,37.6619327004829],[126.7959631004449,37.662577000446596],[126.7960498003582,37.6637586992649],[126.7976449004438,37.6638626996369],[126.7971318000431,37.6646167001009],[126.79570560063951,37.6648199004909],[126.79583819938921,37.663944900454496],[126.7948145004129,37.6636577007417],[126.7942316000444,37.6648099000749],[126.7927076992406,37.6643920013707],[126.792320199241,37.662587001316304],[126.7900833998144,37.6643203999671]]],[[[127.1868202996119,37.5639956994711],[127.18714059992011,37.561934899856894],[127.1881821996905,37.5610669996017],[127.1888566997316,37.561397399270696],[127.18928009987431,37.5596208997696],[127.1913803000711,37.5584244998802],[127.19122430034321,37.55990039925349],[127.1925064996202,37.5606431987491],[127.1933681988739,37.5589587998671],[127.1946116998291,37.5593966997992],[127.1956846999002,37.5580359989736],[127.1992397008873,37.564897399869],[127.1986094999916,37.5658553002922],[127.1975237005097,37.5654460007253],[127.1974168994766,37.566371601100194],[127.1928757001761,37.5674017006536],[127.1919185001708,37.5684070008995],[127.1917276996143,37.567572300594705],[127.18955389918541,37.567396999765],[127.18983459921179,37.5667263999941],[127.1888224999214,37.5666636001853],[127.1885905998102,37.5655729004959],[127.1880884998752,37.5658976004365],[127.1874296004387,37.563547401483696],[127.1868202996119,37.5639956994711]]],[[[127.4867806955278,37.492041696419705],[127.4909404987242,37.4868805956432],[127.49274819971379,37.4876466991671],[127.4932344992275,37.486671700142104],[127.4924215997932,37.4867073999291],[127.49427749969419,37.4856351992956],[127.4962684989755,37.486379099014],[127.49601599922799,37.4855229998701],[127.4966347005345,37.4854972995236],[127.4966342998885,37.4870607995685],[127.4980195994665,37.4860879002512],[127.4976490995201,37.485491899529],[127.498913200725,37.4858264992311],[127.4978971006624,37.4869675996234],[127.4985298011461,37.487822999371296],[127.50028690068211,37.4879320000429],[127.4985298007315,37.487823000324596],[127.49800550124421,37.4897362993444],[127.4995916000276,37.489069699901],[127.5004638003317,37.490606199707806],[127.5015613009932,37.490758300516006],[127.5003722004775,37.4915948999352],[127.5013279013269,37.4920559996039],[127.50018920118609,37.493080100012],[127.5011114006026,37.4941531002158],[127.4999109006612,37.494776100649105],[127.4997180016035,37.4966547002085],[127.4950260991686,37.4984317036594],[127.49095220136459,37.4969281039467],[127.4898987978231,37.4976444055714],[127.4876148995224,37.4963017004729],[127.4876073997345,37.4943964001124],[127.4869585999726,37.4933496003706],[127.4863272991437,37.4938351005711],[127.4867806955278,37.492041696419705]]],[[[126.7153761990067,37.6213152998505],[126.7164753988062,37.62000719992341],[126.7156685995274,37.6189947996843],[126.71686369923431,37.6190994994587],[126.71660199949599,37.6180585004997],[126.7159423989609,37.6183516996595],[126.71698279914699,37.6178441988882],[126.7166257995858,37.6164983994679],[126.72032130127239,37.6168281988172],[126.72149070034581,37.618234097595405],[126.7268278996712,37.6152143984379],[126.7275435989555,37.6133932002591],[126.725570499851,37.6124638012505],[126.72586079951901,37.611738598872],[126.72928829657559,37.6115675990443],[126.7308250995072,37.6070750996558],[126.73113000074969,37.608488797873406],[126.7337956994163,37.6104949992244],[126.7384462012254,37.6103849984881],[126.7363339994761,37.6105864015437],[126.735374100436,37.6114812006489],[126.7353194000841,37.6138769019078],[126.7335841986608,37.6113736021138],[126.73028070196429,37.6139126995747],[126.7302748024652,37.6178227019291],[126.7275918010442,37.6157496031576],[126.7257985007318,37.616810301087696],[126.7256354000381,37.6161399002281],[126.7231610024113,37.6170564993893],[126.7239024018573,37.6179037024005],[126.7209352007338,37.619311000695504],[126.7221143002872,37.6214634995132],[126.7227083000014,37.620476099322495],[126.72347910047601,37.620798000129604],[126.7227036004944,37.6240794007243],[126.7217061996121,37.6230306009343],[126.7210464000575,37.6238427002153],[126.7202320994713,37.623034400422505],[126.7194707988882,37.6235639010372],[126.71997669734141,37.6219684012184],[126.7171826001355,37.6209130022738],[126.7163258997513,37.6219464004407],[126.7153761990067,37.6213152998505]]],[[[126.7825555982498,37.6399263013035],[126.78505719999829,37.6381359999433],[126.7863148997199,37.6393014987938],[126.78759860021239,37.638362698415],[126.7900077000707,37.6382773998771],[126.7917989998795,37.6399213992619],[126.79384800064109,37.6384890994822],[126.79241090142119,37.6401123994142],[126.7941243003819,37.641200400272304],[126.7914595016392,37.6423260014452],[126.791401701697,37.643484200287006],[126.7928396002591,37.6446730990981],[126.7938139000296,37.643954299940596],[126.7937999006294,37.6449021006984],[126.7927768011452,37.6448361006308],[126.7931843008704,37.647091401257704],[126.7905148996962,37.6479456006648],[126.787202799974,37.647896600106],[126.7866655004019,37.6472841006279],[126.7849239996879,37.647804400681295],[126.78373779964559,37.647722200683496],[126.7832812997981,37.6465499013125],[126.78233729949139,37.6474439003683],[126.7824304992198,37.644466100594904],[126.78163619967839,37.6433481001748],[126.78304939855289,37.6430826984113],[126.78194139886399,37.640906900322896],[126.7825555982498,37.6399263013035]]],[[[126.8974110983683,37.4259445023533],[126.9005295995344,37.4269338986242],[126.90311249973881,37.4258965979963],[126.90368530002361,37.4269597988685],[126.90662469889699,37.427814898521405],[126.90582309969861,37.4251448011915],[126.9052872002345,37.425961200375106],[126.9043433993655,37.4250804007479],[126.9049919011024,37.4244061992115],[126.90662470277219,37.4278148966918],[126.909635902557,37.431275494592],[126.9083356020845,37.4318542998584],[126.9073429036914,37.4339447991651],[126.9085385024958,37.4353567977531],[126.9107561004284,37.435631400683796],[126.9087316004685,37.4354292013628],[126.9056567001646,37.4383478003038],[126.9056879003031,37.440407800300406],[126.9034165004176,37.442053200288896],[126.9031253997663,37.4405488008833],[126.9016846000263,37.4401309013019],[126.8992401986707,37.4423075006233],[126.90085529843,37.4410090986187],[126.9005985991293,37.4386426002064],[126.8990418995463,37.4387028999977],[126.90105049892739,37.4383331991097],[126.9009588989325,37.4358964996555],[126.8996214981528,37.431837700714205],[126.8982269990141,37.431532599579],[126.89862949765539,37.429681300016895],[126.90027289854021,37.429558998745996],[126.9016454988296,37.4275431996801],[126.8986506001625,37.427113001192],[126.8974110983683,37.4259445023533]]],[[[127.13476689868081,37.6041430002061],[127.13511339947479,37.6029628993072],[127.1370319986666,37.602560598655494],[127.1371861985124,37.600490100726],[127.1359016994638,37.6005557993956],[127.13785730002279,37.599851198887],[127.1385928996721,37.5980001995959],[127.140200099908,37.598021399366104],[127.1401965998179,37.5973900997761],[127.14123070048909,37.5981088993268],[127.1443022004552,37.5974061988422],[127.1445911006842,37.598324299141],[127.146174699918,37.5989992986024],[127.1459958003687,37.599692899410904],[127.14975359898929,37.599711998004],[127.1509099009349,37.598714099309],[127.1498720005172,37.6014187010456],[127.1488978014914,37.6019699004944],[127.1477194010561,37.6060699003842],[127.1489011004753,37.6084889000403],[127.14836749987701,37.6087904007479],[127.14354159959501,37.6089472005779],[127.1426514001365,37.6096253005479],[127.14302929942059,37.609055400083],[127.14167530077461,37.6082611008773],[127.1396970006769,37.609024300490205],[127.139393899501,37.6098718003452],[127.1381827996584,37.6077291009868],[127.1350723999862,37.606087901349696],[127.13476689868081,37.6041430002061]]],[[[127.1553652990527,37.6097911001688],[127.1559561994143,37.6099956997419],[127.15588869953861,37.6091572000022],[127.15736499916589,37.608334899948005],[127.1562716993083,37.607459000439995],[127.1565190991837,37.6068784000361],[127.1576766999176,37.6076336998539],[127.1580771999536,37.6067112996621],[127.1571891001839,37.6086461997994],[127.15908209981741,37.609436199615],[127.1601534999897,37.6087630996745],[127.1632179006305,37.610091399202304],[127.1652347000699,37.6093976996974],[127.16642400033791,37.612027099928596],[127.1647680999427,37.6136392005375],[127.1630669000658,37.6134513003292],[127.16241889953521,37.6143918002203],[127.1607520995146,37.6126960005473],[127.1590433991502,37.6131993016814],[127.1579075996753,37.6118418009618],[127.156399298864,37.6118597013012],[127.1566441991299,37.6105365000481],[127.1553652990527,37.6097911001688]]],[[[127.0742050990988,37.3156792992474],[127.0748067995891,37.315347099300894],[127.0749113988643,37.3120803993814],[127.0767183994175,37.310523600124505],[127.0763750989378,37.309669000529],[127.0753575996587,37.309681400302104],[127.0759063000418,37.308754399657396],[127.07637510045211,37.3096689990464],[127.0771462003318,37.3093238998211],[127.07737450059281,37.31081789891601],[127.07881600081281,37.3114264987192],[127.0800118001104,37.311233998748996],[127.08081419930801,37.3098849000981],[127.0802970000589,37.3091322997294],[127.08212830020359,37.3085607998482],[127.0817208006062,37.3096544999702],[127.0832953004091,37.3105935000681],[127.08276810093629,37.3113619992996],[127.08367290118069,37.313957800057594],[127.08539489945869,37.3144232995921],[127.0852268010335,37.3131166992963],[127.085594300211,37.314073899716895],[127.0865640004876,37.3139448997224],[127.0850834000835,37.315123800528305],[127.08476049980071,37.314205800509406],[127.0844875002224,37.3153555005209],[127.0834643009801,37.3157566004313],[127.0843105005663,37.316710800329204],[127.0834022998507,37.3187337003096],[127.0827890990138,37.3174912013558],[127.07994239969109,37.31647920189361],[127.0787770008565,37.3169691014037],[127.0784677995819,37.3162304011165],[127.0771648008849,37.3162594010875],[127.0769874997179,37.316999201199195],[127.0742050990988,37.3156792992474]]],[[[127.2000459994383,37.550190899708596],[127.2035906005495,37.5493941993264],[127.2084239001528,37.5508367000943],[127.2072874004086,37.551543000182406],[127.2081356000898,37.552005899969],[127.2060502994803,37.5554118003489],[127.2039935003954,37.5531681007991],[127.2024305001896,37.5533223004007],[127.2022290000863,37.5542975001492],[127.2013504995105,37.5532797007506],[127.2001318997687,37.5542377005496],[127.2011025992955,37.5531614000627],[127.2000459994383,37.550190899708596]]],[[[127.1061059982458,37.6626986972057],[127.1127792963452,37.6626370970165],[127.1146651998191,37.6589248996202],[127.1159359997637,37.6602277984399],[127.1159595004669,37.6582923990292],[127.1187954976309,37.6585963987252],[127.1194249000546,37.657832999635694],[127.1225373997007,37.657810899530205],[127.1224192005794,37.6596962985892],[127.1235976004899,37.6584802997827],[127.12429490059979,37.659756099573],[127.122808001039,37.662136100006094],[127.1256819005219,37.663212799742695],[127.125456801429,37.6668272007558],[127.1268228013336,37.6676167030758],[127.11842580134879,37.6726572024014],[127.11779969755881,37.675032004021205],[127.11291200105819,37.6774773022609],[127.1135039987914,37.676452600781495],[127.1124467987726,37.6746974017587],[127.10874770247169,37.6723322041239],[127.1068860963499,37.6730668967869],[127.11017489795661,37.6701085996863],[127.1106200975114,37.6686840011109],[127.10603999740489,37.6649005027556],[127.1061059982458,37.6626986972057]]],[[[126.9303512992442,37.357488399705204],[126.9324393995999,37.356307599638704],[126.9315783007445,37.3554744974228],[126.9326784005394,37.3560220997477],[126.9324553003093,37.3566366996747],[126.9339274006343,37.356455699272],[126.93488640002249,37.35761139897831],[126.93665090060381,37.3560439998098],[126.9372438001635,37.3563054997276],[126.9376733006294,37.3597123992461],[126.93727109946181,37.3601943001465],[126.9376480991546,37.358619000224095],[126.9359276006284,37.3585220006061],[126.9354128005125,37.360604000425504],[126.93449959996539,37.3601164004367],[126.9339239005233,37.361215600353304],[126.9325820000359,37.3612506004285],[126.93228119929631,37.3589921001328],[126.9304948997303,37.358607500323295],[126.9303512992442,37.357488399705204]]],[[[126.9374774995487,37.3719253997308],[126.9384996996314,37.367778199437595],[126.9406642989607,37.3679728994334],[126.9430681000222,37.3666420998245],[126.9441818993866,37.367232499198],[126.9468606993983,37.3657603998088],[126.9463620997907,37.365413499698],[126.9488341005374,37.3666361001313],[126.9490187003605,37.3673713006251],[126.94796990077441,37.3676787998914],[126.9501794008679,37.3700256005725],[126.9489064006252,37.3709836008568],[126.948740600791,37.3720552997851],[126.949708199856,37.3730226022589],[126.9456073997842,37.3759969015308],[126.9434437017606,37.3761911012161],[126.9426213029395,37.3777950019589],[126.94104009967279,37.3778232001695],[126.9397186995648,37.374491900779304],[126.9390244996899,37.374873400827795],[126.9388469996599,37.3738065007151],[126.9380569994778,37.37409500013489],[126.9383350990077,37.372490400004494],[126.9374774995487,37.3719253997308]]],[[[127.19813859930679,37.7197682998997],[127.20076449968721,37.71880379944211],[127.2017266997915,37.7171082996081],[127.2035929000755,37.7160503991305],[127.20594400022951,37.717588899515306],[127.2044888007148,37.7185502000018],[127.20697370054961,37.7217025003902],[127.2058701003939,37.7229990999247],[127.2063273003269,37.723607800262606],[127.2028946002321,37.7241539016961],[127.2025762999787,37.7220540005318],[127.1999230999649,37.7219549010885],[127.19813859930679,37.7197682998997]]],[[[126.7899227988771,37.4831171001768],[126.7926467999329,37.48287429941],[126.79376589924179,37.4815543998115],[126.7932359990903,37.4810708999769],[126.7937023999785,37.479934098924105],[126.7955252992705,37.4795790991218],[126.7955259000003,37.47859789948539],[126.79620029999839,37.479561198958],[126.7983940007802,37.4800026997324],[126.79620210185111,37.4807543001888],[126.7966675002584,37.4832552996301],[126.7998086001056,37.482943999165],[126.80101859964681,37.4820851986767],[126.8019207004879,37.482695800563505],[126.7998119007801,37.4839330003162],[126.7996160996257,37.4851255010006],[126.79598730275829,37.4853429013279],[126.79378150015249,37.487075500554205],[126.79270890022809,37.486299100704294],[126.79217469974921,37.4867543003776],[126.7899227988771,37.4831171001768]]],[[[126.7589543994359,37.6046320003619],[126.7606060979904,37.6046993993176],[126.76423419658241,37.602091697528],[126.7634261973158,37.5988578971253],[126.7681330979021,37.59590089741619],[126.7682330991927,37.594141798760106],[126.76921490013329,37.5947189988745],[126.77039200286791,37.5941334984947],[126.7724624026223,37.5953516986279],[126.77039199986591,37.5941335003691],[126.7690536010583,37.595149299474706],[126.7704960996158,37.596319898304095],[126.7716459006648,37.5957902998928],[126.7708409018138,37.597643498591296],[126.7728417010662,37.5990191987344],[126.77434649956139,37.5989726987809],[126.7755959992395,37.6008727976582],[126.7787133004664,37.5995754995632],[126.777809801076,37.6000903016091],[126.7785110022967,37.6033001986337],[126.77707960069729,37.6041313011318],[126.7773788003334,37.6064630000293],[126.77592390076299,37.606989401972406],[126.7744873011863,37.6065117017766],[126.7741179015557,37.6085308997574],[126.7731849010912,37.6091256007266],[126.7720185008435,37.606733301911305],[126.770615399695,37.607905601941106],[126.77004739927449,37.6071478015528],[126.767176598239,37.6072000006382],[126.7639503014653,37.6052499025883],[126.7636346992562,37.606088500401995],[126.76395029855101,37.60524989952],[126.7624645000368,37.6046221001478],[126.7589543994359,37.6046320003619]]],[[[126.766842999607,37.683856299343304],[126.77134840039429,37.681869998925606],[126.7726248996043,37.6824405994047],[126.7726115996318,37.6817964999941],[126.7744034007748,37.6810313997454],[126.77371430060029,37.6842709005315],[126.7717946006033,37.6859329011173],[126.7702308999398,37.6855596005898],[126.76963589987659,37.6845718005718],[126.7677380995329,37.6851945009249],[126.766842999607,37.683856299343304]]],[[[127.1676690995662,37.6542170997641],[127.1700601976266,37.6540239990237],[127.16988619843099,37.6527651969356],[127.1714690968481,37.651451698249105],[127.1708299995041,37.648645099777504],[127.17453820038921,37.6470576968271],[127.17782439864611,37.647388794178305],[127.18090910023939,37.6495242939227],[127.18680790252701,37.6471807985699],[127.18908910039791,37.6492666997677],[127.1883117010935,37.650205999445895],[127.1886569014477,37.651147100032105],[127.1878974000709,37.6518350055903],[127.185890798769,37.6515794037308],[127.1832890013708,37.65527560003461],[127.1840926001083,37.656477201079596],[127.1829836012173,37.6567743007825],[127.1828021999287,37.6577310004732],[127.1823553000818,37.6565122012454],[127.18137950034331,37.65695070086851],[127.1806258002959,37.6585093005547],[127.1795277999916,37.6583451005528],[127.1790030997948,37.6572214013187],[127.1781811997671,37.6584597004933],[127.17591549999631,37.6577835012001],[127.1751961999713,37.658270300340895],[127.1747362999873,37.657635000559],[127.17205819993019,37.6579178005587],[127.170064399953,37.6540790012926],[127.1676690995662,37.6542170997641]]],[[[127.1870696991859,37.7082697007368],[127.1888289999006,37.7073137996408],[127.1900889987206,37.7048841004689],[127.1893788981982,37.702123599485],[127.1881142994628,37.7012539003547],[127.1890051989233,37.7010029999702],[127.1884593990543,37.70024629965231],[127.190447099672,37.701678998995895],[127.1907672011012,37.700973298968904],[127.19262409961631,37.7011850988183],[127.1934667001553,37.6997911982519],[127.1948321003172,37.701647699091005],[127.19632270092869,37.7002310998716],[127.19547220092339,37.7011281999004],[127.1968645000704,37.7020966992977],[127.196390600759,37.702879799416195],[127.1973153010269,37.703494599626396],[127.1971168005797,37.7049156019382],[127.1952101024864,37.7062861005677],[127.1958643012769,37.7083268006813],[127.1942678999579,37.7068011031381],[127.1915838987984,37.7086408039228],[127.189174899327,37.707465301969606],[127.1870696991859,37.7082697007368]]],[[[127.2387901984995,37.6528354994194],[127.23952819954829,37.651155698466596],[127.2403186001397,37.6522360989037],[127.24162859882969,37.6523501987896],[127.2425390979192,37.6514568996829],[127.24254329869079,37.6492058996605],[127.2438729988795,37.649861299223694],[127.2451705000039,37.6487398995579],[127.2437107023315,37.6506992985088],[127.24382490221731,37.6517276974804],[127.2472304010386,37.6501234986538],[127.2492482026987,37.652722698397895],[127.2488841002685,37.6537334000802],[127.24719620045221,37.6538078012317],[127.24667190000119,37.6555565004793],[127.2436366002058,37.6566872008322],[127.2436041993323,37.6576766007569],[127.2425034993262,37.6558402001539],[127.2412270998343,37.6558346002538],[127.2410129994348,37.6545978003106],[127.2399745001786,37.6539597002359],[127.239932699412,37.6544637999118],[127.23992839914659,37.6525877005122],[127.2387901984995,37.6528354994194]]],[[[126.9180120993907,37.4053751992546],[126.9203839996849,37.406056097725],[126.921672698958,37.4037875993312],[126.9230705987453,37.403286299314395],[126.92307999965679,37.4016399996151],[126.9242416995879,37.4010781995144],[126.9233624992154,37.399130100911904],[126.92416510039139,37.398264299634],[126.9263867999842,37.3977464993146],[126.925703501321,37.3992900988655],[126.9280634003284,37.400042298993704],[126.9274752007049,37.401631499322804],[126.92877090056061,37.4017764001237],[126.9216727012888,37.4037876005326],[126.9223894004562,37.404572000537904],[126.9216726996852,37.4037876024344],[126.9203840009739,37.4060561001659],[126.9215895013764,37.4062886006673],[126.9211746997426,37.406684003866395],[126.9184826990784,37.4064822010735],[126.9187725992584,37.405348800888795],[126.9180120993907,37.4053751992546]]],[[[127.2063601958319,37.6360064003365],[127.2030719998135,37.6328912998178],[127.2043812999964,37.632930898369096],[127.2052119000807,37.6320493991818],[127.210418500006,37.634541499315496],[127.2121194996405,37.6336063976828],[127.2116958005051,37.6343669992688],[127.2126293008326,37.6347446995701],[127.2129096004556,37.636258498478796],[127.2142941007196,37.6354540995291],[127.2145859003971,37.6365572008338],[127.21110760191101,37.6383601998359],[127.2125992005724,37.640045498655496],[127.212669901063,37.6416931007048],[127.2117774999512,37.641166600694795],[127.2112419018039,37.641962603459],[127.20836389503229,37.6416618056952],[127.20717499404681,37.6404273991833],[127.2076316988116,37.6384513988101],[127.2063601958319,37.6360064003365]]],[[[127.204091999842,37.542985300187496],[127.2041487998323,37.5422928997861],[127.20640549968701,37.5417643000147],[127.20569019955991,37.541180299697004],[127.2060573998539,37.54004169969971],[127.2087118000631,37.5410106999699],[127.2074492001758,37.5420099007484],[127.2074215000099,37.5432206006154],[127.2054960997157,37.542279201180605],[127.204091999842,37.542985300187496]]],[[[126.83276119878009,37.489274200411195],[126.8335443002583,37.4904143989449],[126.83543089837171,37.4887186006407],[126.8341500989842,37.4881812003253],[126.8352160973928,37.4858273987225],[126.8383041987282,37.4845251992174],[126.8370494000754,37.4819124986442],[126.8394897001851,37.4818144998061],[126.84168849917201,37.4826900983286],[126.8423844022062,37.4816284988639],[126.84362330093711,37.483832302519104],[126.8415449006547,37.490381699348],[126.8421512008926,37.4910364002696],[126.8406838999423,37.492108700490604],[126.8390781993286,37.491123099993004],[126.8391342992725,37.4902722008439],[126.8377320990786,37.4901765006859],[126.836427900198,37.4889473014141],[126.8335442992397,37.490414401311696],[126.83276119878009,37.489274200411195]]],[[[126.72621889583401,37.5712875024011],[126.7286472997057,37.5686385996102],[126.7291441005225,37.5700358980304],[126.733804899574,37.566638090693296],[126.7373255013045,37.5679719975415],[126.7413246973053,37.5678452976682],[126.742506602217,37.5659515000756],[126.7401907003262,37.5690620001232],[126.7411881036076,37.5730618999566],[126.7385822001051,37.573045801525204],[126.7380132006741,37.574265600305395],[126.73806639919279,37.5711310006079],[126.7360899991488,37.571480000364],[126.7339191007069,37.5698229016417],[126.73011790185049,37.572607602879295],[126.72621889583401,37.5712875024011]]],[[[127.1249898989888,37.412337899803894],[127.1271334999679,37.4113481986224],[127.12860550036571,37.4089027996542],[127.13047690076891,37.410371599763295],[127.1294492010229,37.40987240091],[127.1293394009192,37.4115743001423],[127.1309089002892,37.4138155999916],[127.12661750034569,37.4139234008264],[127.12607399999,37.412356101270596],[127.1249898989888,37.412337899803894]]],[[[127.0612229994212,37.748154200559505],[127.06239670109849,37.749423399295196],[127.0634903000049,37.7495843991342],[127.063658600005,37.748681399840905],[127.0667740000707,37.7493012000133],[127.0634233004527,37.750022900937594],[127.06301350045659,37.7507594007238],[127.0612229994212,37.748154200559505]]],[[[126.7837522988034,37.6718345997707],[126.7855915999791,37.6723996996338],[126.786190500054,37.6708614989612],[126.7863648003558,37.6728288997411],[126.78721210031381,37.6722732991657],[126.7880112006863,37.6736540001269],[126.78628019925529,37.6730130014963],[126.78495079943251,37.673820400737696],[126.78543669958461,37.6727018002762],[126.7837952998644,37.6724321003138],[126.7837522988034,37.6718345997707]]],[[[127.0660882991482,37.298043300870006],[127.0685921996448,37.2977065982247],[127.0686914998563,37.2954472994504],[127.0689728004733,37.2964396992562],[127.0720594009734,37.297060099878905],[127.0723354006974,37.2982327987062],[127.07350289977519,37.2977068991934],[127.0737225008571,37.2982072999388],[127.07160770105361,37.298760302302696],[127.0703169979697,37.3010524033115],[127.06998969965089,37.300088700404004],[127.0677796999886,37.2997067002835],[127.0660882991482,37.298043300870006]]],[[[126.6696335949428,37.568390898531696],[126.6747791998628,37.5683815974018],[126.678061998869,37.567303599477],[126.6770575993961,37.5661629993091],[126.67806200127539,37.567303600299105],[126.6764078002441,37.570382500332904],[126.6747933986067,37.5684268013683],[126.6696335949428,37.568390898531696]]],[[[127.1379235994621,37.4634305014651],[127.1384969001984,37.4641618989556],[127.140554199009,37.463389599733496],[127.13941100040469,37.461739400693],[127.1386750987517,37.4621331006402],[127.13951619909561,37.4616831984751],[127.1408859005502,37.4629092987252],[127.1426721013204,37.4624406999265],[127.1416582998762,37.463922401681],[127.1405541993033,37.4633896006035],[127.1387779995874,37.4642633009765],[127.1379235994621,37.4634305014651]]],[[[126.79811289783851,37.6503515993976],[126.80000949589041,37.64756710208081],[126.79817829777221,37.643563098671],[126.8016596971991,37.6438468979442],[126.803226401001,37.64114939826511],[126.8040306025254,37.6433571003747],[126.80255939999071,37.6450162006929],[126.8029029993562,37.6444198006513],[126.8016597005995,37.6438469012242],[126.8012770005511,37.646104400155096],[126.79811289783851,37.6503515993976]]],[[[126.76009929905719,37.6700223008523],[126.7604417998035,37.6690761996334],[126.76230870022971,37.6696324989011],[126.7620205000406,37.6713327003172],[126.76009929905719,37.6700223008523]]],[[[126.9322649990899,37.385791701076],[126.932392799684,37.3845647984453],[126.9361086014213,37.3813873999368],[126.9354921013893,37.382073500929195],[126.9365546003268,37.3832324997702],[126.9353631004837,37.3833900001367],[126.9351640011898,37.3845913996495],[126.93412130082851,37.3850932999015],[126.9348889001938,37.3853151999785],[126.9341038005484,37.3875481013378],[126.9322649990899,37.385791701076]]],[[[126.7031450992206,37.6314235999688],[126.70383440084821,37.6307674992401],[126.7053317000969,37.6319120995157],[126.70593120020379,37.6311387975699],[126.7076003007912,37.6327660012637],[126.7031450992206,37.6314235999688]]],[[[126.7794574988365,37.4832764002052],[126.78110880057059,37.480738999374196],[126.78295000035,37.4810335989289],[126.7824072006338,37.4811040000237],[126.78302050002051,37.4821674989602],[126.78414219970071,37.482266098918096],[126.78445280069829,37.4815513995991],[126.7864060010025,37.482883400791096],[126.7814085007988,37.4839021006063],[126.7794574988365,37.4832764002052]]],[[[127.1905899993349,37.6068999999992],[127.1913131998197,37.606626499075],[127.1916698991287,37.6049333993184],[127.1929787985192,37.6048757992912],[127.1938950998979,37.6035211997857],[127.1938060997841,37.602094299463296],[127.1938512017941,37.6031247001782],[127.1960734023132,37.604874699259604],[127.1954587011986,37.6067048995457],[127.1961922027503,37.6071072027962],[127.19190880246629,37.607832805558296],[127.1905899993349,37.6068999999992]]],[[[126.9244902953693,37.3510087999572],[126.9241281972719,37.3494764998133],[126.9252621989996,37.3474196996571],[126.92575919975481,37.3485389992298],[126.9277455002217,37.3486876996076],[126.9263598001379,37.3507285004491],[126.9244902953693,37.3510087999572]]],[[[127.15036789962271,37.604510398996105],[127.1524222010311,37.6036916981444],[127.1538678007256,37.6051913004358],[127.15036789962271,37.604510398996105]]],[[[127.071593599913,37.7500975998845],[127.0727427000921,37.750445199557305],[127.0725959013287,37.7509016004678],[127.071593599913,37.7500975998845]]],[[[127.0424724994615,37.759447699811204],[127.04257110034861,37.7585582998874],[127.04299350112859,37.7595964001293],[127.0424724994615,37.759447699811204]]],[[[126.9984471996713,37.2656364001547],[126.99918990005041,37.2651972993729],[126.99971000120259,37.2661600000063],[126.9984471996713,37.2656364001547]]],[[[126.7613558992132,37.6941890997213],[126.7615785003414,37.692203999722594],[126.7627361012277,37.6931568000555],[126.7613558992132,37.6941890997213]]],[[[127.1550342990182,37.650370800100895],[127.15681029889241,37.650516599320206],[127.15703839943481,37.6496286989155],[127.1582147016197,37.650537099907304],[127.1570490005036,37.6512886027362],[127.1550342990182,37.650370800100895]]],[[[127.107031299581,37.617137901092],[127.1072383999657,37.614831499825904],[127.1084206003735,37.6141622996238],[127.1088552011172,37.6144928008066],[127.1072384012937,37.6148315012611],[127.107031299581,37.617137901092]]],[[[127.2010741995851,37.6325953003147],[127.2031394001292,37.631849099347896],[127.2022035005451,37.6327280999647],[127.20269549958111,37.6331355010058],[127.2010741995851,37.6325953003147]]],[[[126.7992892985381,37.6333257015251],[126.801443199612,37.6329888967534],[126.8018844997067,37.6342809988462],[126.8024296015183,37.632872200034704],[126.8018845008644,37.6342810025246],[126.7992892985381,37.6333257015251]]],[[[126.87562179962191,37.4608991006273],[126.8765426006226,37.460056099296004],[126.8765957002564,37.4613533004465],[126.87562179962191,37.4608991006273]]],[[[126.764098398915,37.4877105000978],[126.7647457998414,37.486790399532794],[126.7652968007219,37.4884135004745],[126.764098398915,37.4877105000978]]],[[[127.1195897993157,37.6522312989327],[127.1201173000546,37.6519170997438],[127.1205306020707,37.6528606996672],[127.120160199961,37.6536771017277],[127.1195897993157,37.6522312989327]]],[[[127.28518269962429,37.6588632003731],[127.2856296985264,37.6580744992685],[127.2864231016459,37.6581881987295],[127.28518269962429,37.6588632003731]]],[[[127.1398728995642,37.610285500038806],[127.13991710006441,37.6101489998014],[127.1398729002786,37.6102854999146],[127.14111010033571,37.610571499975],[127.1398728995642,37.610285500038806]]],[[[127.16463949918031,37.6501061999094],[127.16642439962429,37.649962099557904],[127.1674852003957,37.6488929996839],[127.1664244012624,37.649962103085606],[127.16463949918031,37.6501061999094]]],[[[126.7969364986621,37.5055623018089],[126.79789840023389,37.505476199736094],[126.7975960005199,37.5063490026079],[126.7969364986621,37.5055623018089]]],[[[127.0706827998124,37.750356199955796],[127.0713056002596,37.7504295997472],[127.0712062002147,37.7506732008054],[127.0706827998124,37.750356199955796]]],[[[126.7967263976306,37.4682697014138],[126.7978206002539,37.4676485962693],[126.796173099631,37.4702886005781],[126.79568669867031,37.4696688000147],[126.7967263976306,37.4682697014138]]],[[[127.0501778980143,37.2891058978796],[127.05097550198731,37.2892744009464],[127.0507531990419,37.2894443022601],[127.0501778980143,37.2891058978796]]],[[[127.1491904993118,37.4572376002061],[127.1497421997019,37.4573563994238],[127.15001500009349,37.4569486994506],[127.1507889014307,37.4572216998846],[127.1491904993118,37.4572376002061]]],[[[127.2084084995347,37.5867052998599],[127.2091791011141,37.5862803994354],[127.2091455004419,37.5869729002489],[127.2084084995347,37.5867052998599]]],[[[126.815989699727,37.6307523998019],[126.8166196010605,37.630711797812204],[126.8179730005422,37.6308047006517],[126.815989699727,37.6307523998019]]],[[[126.9351977995295,37.5621651002492],[126.93513219997669,37.561858799931606],[126.9352901000984,37.562117900125095],[126.9351977995295,37.5621651002492]]],[[[127.0663330992889,37.3001892002206],[127.0669617999688,37.3002904998865],[127.06706460070369,37.300118599871595],[127.0669618004424,37.300290501308204],[127.0663330992889,37.3001892002206]]],[[[127.0702875993233,37.4309323997454],[127.07104989994771,37.430552799238804],[127.0717195004953,37.4305369000472],[127.07104990075611,37.4305528009356],[127.0702875993233,37.4309323997454]]],[[[127.1211231995313,37.365031800196896],[127.1211309998915,37.3646101993562],[127.1215067000587,37.3650346001738],[127.1211231995313,37.365031800196896]]],[[[127.1698857998511,37.563334000011],[127.1700630999347,37.563217199727],[127.1701848005626,37.563302200071305],[127.1698857998511,37.563334000011]]],[[[126.81108609926909,37.507850999877405],[126.81183179938799,37.507731899511406],[126.8122231005238,37.5076847005109],[126.81183179971569,37.507731900617],[126.81108609926909,37.507850999877405]]],[[[126.8128106998163,37.631237599904],[126.8127792999591,37.6311936997961],[126.8133996018598,37.6310940996203],[126.8128106998163,37.631237599904]]],[[[126.9978183992832,37.265276500828996],[126.9983184000385,37.265386899988506],[126.99824000000389,37.265524300046],[126.9978183992832,37.265276500828996]]],[[[127.1158189993578,37.652240800567],[127.11623830041411,37.652104998817],[127.1164862007567,37.652325399788204],[127.1158189993578,37.652240800567]]],[[[126.76143879845999,37.695641799438896],[126.7615747016197,37.6956427000971],[126.76143899861819,37.695750402432004],[126.76143879845999,37.695641799438896]]],[[[126.7610378993795,37.7130868998743],[126.761058499352,37.7130833989439],[126.76127580072311,37.713022298868],[126.7610585001409,37.7130834000993],[126.7610378993795,37.7130868998743]]],[[[127.0848609987632,37.3093679995203],[127.0848610013935,37.3093679996932],[127.0847210003218,37.3095631008932],[127.0848609987632,37.3093679995203]]],[[[126.7538583997227,37.4878170001589],[126.754083600412,37.487850899986796],[126.75409350040209,37.4879701998675],[126.7538583997227,37.4878170001589]]],[[[126.8597253987209,37.4160912001178],[126.8599885002583,37.4150102997962],[126.8599358021742,37.4157731027517],[126.8597253987209,37.4160912001178]]],[[[126.9348474994072,37.355375799677695],[126.93513470060661,37.3555331997886],[126.9354360001983,37.355696200107296],[126.93513470008381,37.355533200613806],[126.9348474994072,37.355375799677695]]],[[[127.09756679980819,37.3883175000382],[127.0977068007509,37.3883119997978],[127.097708700749,37.3883644997453],[127.09756679980819,37.3883175000382]]],[[[127.11188659954381,37.650221899668296],[127.11200440007791,37.6503649000946],[127.1119398000561,37.6503953002058],[127.11188659954381,37.650221899668296]]],[[[127.1361866991571,37.5657827006297],[127.1364229001878,37.5658690999003],[127.1366138005378,37.5659422001709],[127.1364229000507,37.5658691005178],[127.1361866991571,37.5657827006297]]],[[[127.1532188988979,37.521548900184996],[127.153073098913,37.5211498997371],[127.15334090109971,37.5212991003413],[127.1532188988979,37.521548900184996]]],[[[126.998026699283,37.2674248001055],[126.9980970990045,37.2670830990224],[126.9982651004137,37.2671371991482],[126.998026699283,37.2674248001055]]],[[[127.0775811993483,37.754077499314],[127.0775286003193,37.75420360058639],[127.07740989980361,37.7541655004055],[127.0775811993483,37.754077499314]]],[[[127.08377419981879,37.3102361998928],[127.0838816001328,37.3101319992094],[127.0838816011612,37.3101320003243],[127.08377419981879,37.3102361998928]]],[[[126.7983977996121,37.4693050995865],[126.7989594009125,37.4694661989895],[126.7989594013182,37.469466200823696],[126.7983977996121,37.4693050995865]]],[[[126.8881687985388,37.4480130004031],[126.8881688000482,37.4480129993398],[126.8884582008616,37.44801440031],[126.8881687985388,37.4480130004031]]],[[[126.9045802973486,37.4110478989309],[126.9045803021081,37.4110478970037],[126.90458030171101,37.4110479001313],[126.9045802973486,37.4110478989309]]],[[[126.9612040995637,37.3858112999904],[126.9612560995117,37.3857129000888],[126.9613097001608,37.385616999571006],[126.9612561001313,37.3857129003105],[126.9612040995637,37.3858112999904]]],[[[127.0224522992351,37.4583735004735],[127.02242840016069,37.4581668989234],[127.0228784001269,37.4583128000113],[127.0224522992351,37.4583735004735]]],[[[126.77571879945681,37.5972251997515],[126.7759199003016,37.5973044984477],[126.775919900494,37.5973045003071],[126.77571879945681,37.5972251997515]]],[[[126.8089286995901,37.6317119999285],[126.808947500683,37.6317546001694],[126.80894749988221,37.6317546011367],[126.8089286995901,37.6317119999285]]],[[[126.81067849892179,37.6314614003293],[126.8106785004956,37.6314614006667],[126.8097989998315,37.631891000033],[126.81067849892179,37.6314614003293]]],[[[126.8747056988703,37.607840900093],[126.8747057010177,37.6078408995239],[126.8739384997879,37.6081694000701],[126.8747056988703,37.607840900093]]],[[[126.91101089967239,37.419183299937],[126.9110690002707,37.4191802993949],[126.9110690016214,37.4191803007864],[126.91101089967239,37.419183299937]]],[[[127.0442258998795,37.7493316999574],[127.0442259006692,37.749331700378896],[127.0442259000838,37.7493317007795],[127.0442258998795,37.7493316999574]]],[[[127.0478903999719,37.7387261000094],[127.0478904000581,37.7387260998865],[127.04791769996,37.7388025000786],[127.0478903999719,37.7387261000094]]],[[[127.0910383997841,37.3279766004448],[127.0910384003842,37.327976599811],[127.0912486002908,37.328103200383],[127.0910383997841,37.3279766004448]]],[[[127.1852672958812,37.6446061988408],[127.1852673004027,37.6446061991946],[127.18526730108081,37.6446062018073],[127.1852672958812,37.6446061988408]]],[[[127.22290439971151,37.5398003000542],[127.2229044006723,37.5398002995866],[127.2229044003144,37.539800300727],[127.22290439971151,37.5398003000542]]],[[[127.31229809829861,37.653164499709604],[127.3122981004594,37.6531644996109],[127.3122980999168,37.6531645006824],[127.31229809829861,37.653164499709604]]],[[[126.6756562998002,37.5858240000234],[126.6756563002721,37.5858239999528],[126.6756563001766,37.585824000209],[126.6756562998002,37.5858240000234]]],[[[127.06672069554101,37.4329787967876],[127.06672070000211,37.4329787940071],[127.06672070289021,37.432978797699],[127.06672069554101,37.4329787967876]]],[[[127.1146847997594,37.3386334002374],[127.1146847000415,37.338585899874495],[127.1146848001928,37.3386334004029],[127.1146847997594,37.3386334002374]]],[[[126.62645189966591,37.5562262995041],[126.626451900483,37.5562262989615],[126.6264519009984,37.5562263030048],[126.62645189966591,37.5562262995041]]],[[[126.9382870983514,37.3833841000898],[126.9382870989065,37.3833840988894],[126.93828710125099,37.3833841001546],[126.9382870983514,37.3833841000898]]],[[[126.98453209912759,37.408347900949906],[126.9845321006127,37.408347899370504],[126.9845321018645,37.4083479028371],[126.98453209912759,37.408347900949906]]],[[[127.1046383996078,37.4951138996726],[127.10470529998241,37.494969799885],[127.1046383998398,37.4951139003373],[127.1046383996078,37.4951138996726]]],[[[127.1099165015696,37.6283302016301],[127.1099164984333,37.62833019977],[127.1099523000825,37.6282019980907],[127.1099165015696,37.6283302016301]]],[[[127.1214025995469,37.3661618998031],[127.1214026000429,37.3661618994363],[127.1214026005204,37.3661618999093],[127.1214025995469,37.3661618998031]]],[[[127.14253269771571,37.6594459008174],[127.1425327000959,37.6594458993548],[127.1425327002937,37.6594459002947],[127.14253269771571,37.6594459008174]]],[[[127.2030110992036,37.409364200933396],[127.20301110038899,37.4093641990756],[127.2030111006237,37.409364200359896],[127.2030110992036,37.409364200933396]]],[[[126.67581259959,37.5853610989537],[126.6758126015332,37.5853610999375],[126.6758126002516,37.5853611004924],[126.67581259959,37.5853610989537]]],[[[126.7742493001404,37.6805539000514],[126.7742492998963,37.6805538999948],[126.7742493002103,37.6805538998435],[126.7742493001404,37.6805539000514]]],[[[126.79677799964891,37.5812023000949],[126.7967780001816,37.5812022991959],[126.79677800029211,37.5812022999719],[126.79677799964891,37.5812023000949]]],[[[126.8113451989707,37.5062400979573],[126.81134520252911,37.5062400992201],[126.8113451998107,37.5062401008194],[126.8113451989707,37.5062400979573]]],[[[126.819014199496,37.6303900998418],[126.8189770995331,37.6303266999052],[126.819014199501,37.6303901010663],[126.819014199496,37.6303900998418]]],[[[126.8860932998026,37.4490888001299],[126.8860933000267,37.4490887995616],[126.8860933002387,37.449088800038],[126.8860932998026,37.4490888001299]]],[[[126.91772199978939,37.3283378004996],[126.9177220001343,37.3283377994652],[126.9177220006589,37.3283378001644],[126.91772199978939,37.3283378004996]]],[[[126.9296647002074,37.355900200982404],[126.92966469862421,37.3559002002603],[126.92966470039521,37.3559001993189],[126.9296647002074,37.355900200982404]]],[[[126.9365399999104,37.5619297999108],[126.93654000011189,37.561929800038],[126.93653999999559,37.5619298001047],[126.9365399999104,37.5619297999108]]],[[[126.9401546995064,37.3786287000914],[126.94015470074599,37.3786286994791],[126.94015470041029,37.3786287011442],[126.9401546995064,37.3786287000914]]],[[[126.94476159901171,37.4662461997178],[126.9447615992987,37.4662461974612],[126.9447616015893,37.4662461985012],[126.94476159901171,37.4662461997178]]],[[[126.9782897986043,37.611200500554204],[126.9782897994351,37.611200499637704],[126.9782898009873,37.6112005002712],[126.9782897986043,37.611200500554204]]],[[[127.10641819932539,37.3260859002433],[127.1064182000402,37.3260858996651],[127.10641820048069,37.3260859000257],[127.10641819932539,37.3260859002433]]],[[[127.1075719995823,37.4987044996655],[127.107572000231,37.4987045004113],[127.1075719995073,37.4987045003514],[127.1075719995823,37.4987044996655]]],[[[127.11500279956459,37.6104560002526],[127.1150027998156,37.6104559972635],[127.1150028015839,37.610456000134],[127.11500279956459,37.6104560002526]]],[[[127.1153342996046,37.3422477997668],[127.115334300757,37.342247799931904],[127.115334299991,37.342247800383504],[127.1153342996046,37.3422477997668]]],[[[127.1156894997506,37.6647879998471],[127.1156895005419,37.664787998982405],[127.11568950009931,37.664788000121],[127.1156894997506,37.6647879998471]]],[[[127.1160751998638,37.3380624003996],[127.1160752000375,37.338062399169196],[127.11607520073319,37.3380623997046],[127.1160751998638,37.3380624003996]]],[[[127.17837679971069,37.6596749998972],[127.1783768001984,37.65967500024],[127.17825909982841,37.6596835998886],[127.17837679971069,37.6596749998972]]],[[[126.714825199854,37.6228196999565],[126.7148251999842,37.6228196993728],[126.7148252006489,37.6228196999592],[126.714825199854,37.6228196999565]]],[[[126.7936617995523,37.4506802004702],[126.7936617996815,37.4506801995088],[126.7936618003067,37.4506802000361],[126.7936617995523,37.4506802004702]]],[[[126.8637466977193,37.415563299225305],[126.8637467015801,37.4155632998753],[126.86374669836329,37.4155633029615],[126.8637466977193,37.415563299225305]]],[[[126.9068032994832,37.4397643000457],[126.9068032997404,37.4397642995955],[126.9068033001553,37.4397642998355],[126.90680330009151,37.4397643002263],[126.9068032994832,37.4397643000457]]],[[[126.9364287999387,37.5616077999214],[126.9364288001296,37.5616078001561],[126.9364288000135,37.561607800206595],[126.9364287999387,37.5616077999214]]],[[[127.04364429952619,37.7489954999905],[127.04364429986809,37.7489954992924],[127.0436443004993,37.7489954998011],[127.04364429952619,37.7489954999905]]],[[[127.1006041991573,37.392876199837204],[127.1006041991463,37.3928761990389],[127.1006042009168,37.392876199713804],[127.1006041991573,37.392876199837204]]],[[[127.1148626997013,37.3393814001837],[127.1148627000512,37.339381399859704],[127.1148627003289,37.3393814001826],[127.1148626997013,37.3393814001837]]],[[[127.1320536996713,37.640917300016696],[127.1320537007856,37.6409172996199],[127.1320537000263,37.6409173002868],[127.1320536996713,37.640917300016696]]],[[[127.15390719877,37.652911101245095],[127.1539071994531,37.652911099304696],[127.1539072006278,37.652911099771096],[127.15390719877,37.652911101245095]]],[[[127.15887959947531,37.6083610004628],[127.15887960012181,37.6083610000067],[127.1588795998697,37.6083610006358],[127.15887959947531,37.6083610004628]]],[[[127.200749298937,37.7177880998388],[127.20074930040519,37.7177880997348],[127.2007492997024,37.7177881004578],[127.200749298937,37.7177880998388]]],[[[127.47520349916961,37.50584659997],[127.4752035006426,37.5058465983781],[127.4752034999137,37.5058466014374],[127.47520349916961,37.50584659997]]],[[[127.4869406996364,37.4962253999952],[127.48694070041441,37.4962253998722],[127.4869407001966,37.4962254005492],[127.4869406996364,37.4962253999952]]],[[[126.7964663996663,37.581487200495],[126.7964663999605,37.58148719981],[126.7964664003036,37.581487199984394],[126.7964663996663,37.581487200495]]],[[[126.8822595998431,37.501797100028895],[126.882259600132,37.5017970998831],[126.8822596000262,37.501797100092],[126.8822595998431,37.501797100028895]]],[[[126.9807467996893,37.6119055997112],[126.9807468010171,37.6119056008155],[126.98074680007231,37.6119056004356],[126.9807467996893,37.6119055997112]]],[[[127.06231239991159,37.6560754999829],[127.06231240002569,37.6560755000033],[127.0623123999816,37.6560755000565],[127.06231239991159,37.6560754999829]]],[[[127.08914619973851,37.317768200079406],[127.0891462003452,37.3177681996207],[127.0891462005417,37.3177681998066],[127.08914619973851,37.317768200079406]]],[[[127.1114250991388,37.3330486996579],[127.1114251003694,37.3330486999882],[127.1114250998115,37.3330487008578],[127.1114250991388,37.3330486996579]]],[[[127.11441020013899,37.3389707001031],[127.1144101998321,37.3389707001072],[127.11441019983039,37.3389706999006],[127.11441020013899,37.3389707001031]]],[[[127.1148632999503,37.3392001000523],[127.1148632999585,37.3392000998701],[127.1148633000506,37.339200100041],[127.1148632999503,37.3392001000523]]],[[[127.1235554999561,37.6578506999184],[127.1235555004033,37.6578506998198],[127.12355550053199,37.6578507004123],[127.1235554999561,37.6578506999184]]],[[[127.1422161994437,37.6412368998509],[127.1422162005368,37.641236897849105],[127.1422162012443,37.641236899942],[127.1422161994437,37.6412368998509]]],[[[127.11486369995811,37.3390765999936],[127.1148637000139,37.3390765999597],[127.1148637000145,37.339076600020995],[127.11486369995811,37.3390765999936]]]]}}]}