{"type":"FeatureCollection","features":[{"type":"Feature","properties":{"interval":15,"stationId":"355173408"},"geometry":{"type":"MultiPolygon","coordinates":[[[[127.0089999997605,37.5715431002463],[127.0103296995882,37.5717371997376],[127.0100574996766,37.5708386996655],[127.0129285992625,37.569055899965605],[127.0122337993112,37.567721400052],[127.0123422992075,37.564910599986696],[127.0135785994416,37.5645819995732],[127.0144015995812,37.5631863997886],[127.01436059962221,37.562280200694794],[127.0113359001745,37.5620062008441],[127.0103207995713,37.5607294998276],[127.0118192993472,37.559480299445795],[127.01156240002071,37.558807199276394],[127.0122074999804,37.5593538989277],[127.0127145994733,37.5584304998511],[127.01213900092081,37.5574728992343],[127.01420760089121,37.5597366983567],[127.0159994000785,37.5583508994275],[127.01586260074511,37.5594746990324],[127.017237400715,37.5595236999891],[127.0160169004328,37.5607520007785],[127.0162877001199,37.5632800991797],[127.0188424999325,37.5637584996536],[127.0210835001341,37.566178299738795],[127.01962500002361,37.5683905000008],[127.01844850041921,37.5688515004069],[127.0202983007236,37.5705677001314],[127.0211908007684,37.572956500127795],[127.0199596006295,37.5731648002073],[127.02080030051401,37.5746816994156],[127.02256849956831,37.5752423991243],[127.0225425000394,37.5744921985605],[127.0234060999243,37.5745012985116],[127.02435680003421,37.5758883991982],[127.0248795003332,37.574831499145304],[127.0254270998907,37.5762268991865],[127.0270795005293,37.5768288994267],[127.0249753003986,37.5771145004485],[127.0244142009597,37.5789768985861],[127.02632119985759,37.5788276993128],[127.0265843003278,37.5794025990533],[127.02729170052531,37.578572099138],[127.0276247000138,37.5801309985114],[127.0293567989258,37.5792765990631],[127.0304905000162,37.5774008997263],[127.0315246003696,37.5782555998924],[127.0306961009741,37.578818300486205],[127.03125880041141,37.5798775994269],[127.0324815001093,37.579273698910605],[127.0325326004978,37.580412999036604],[127.0337518999478,37.5806759996135],[127.035161099569,37.5782953000554],[127.03414149995821,37.578111199920905],[127.0349550000293,37.5774869993748],[127.0343309018334,37.5800055996669],[127.03620889995541,37.5804171992553],[127.03567770090699,37.5818290988328],[127.0371352994494,37.5812664993954],[127.0370066996693,37.5800878000015],[127.038592599807,37.5798366992654],[127.0427865000309,37.5830628995605],[127.041721400527,37.583016700244],[127.0416574007715,37.5843863991828],[127.0430925000336,37.5845038992925],[127.0435617006783,37.5831067000133],[127.0437740006609,37.5846072994472],[127.045557900503,37.5854176993261],[127.0455330001572,37.5863143999769],[127.0461161006247,37.5860398999702],[127.0452749002428,37.586313400417104],[127.0454825011936,37.588196100380095],[127.048449700641,37.5910771997597],[127.046988401104,37.592364499911],[127.0476359998242,37.5931340013004],[127.0448470997206,37.59379710068141],[127.0441045022679,37.5955198000341],[127.04259740156101,37.5956947004352],[127.042089702064,37.5970842994499],[127.0433304003018,37.6016655001409],[127.0428493007829,37.602201599604804],[127.04465330004369,37.604576800743196],[127.0396406000329,37.604256300117704],[127.0390751990519,37.6037898005618],[127.0396573990513,37.603158900085695],[127.0386642001426,37.602606800316394],[127.0377739993957,37.6031787004782],[127.0375443997185,37.6020731993385],[127.0395669996287,37.6009821999228],[127.0374866998964,37.5985913012855],[127.0361412000852,37.6005042002349],[127.0351822002601,37.60018720041],[127.0335962003587,37.6012634006857],[127.0320649997374,37.599654900689494],[127.03302209961339,37.5995765999881],[127.03180620021651,37.5978341007945],[127.0310619005721,37.598530400166304],[127.02997589996839,37.5982549000657],[127.0318061979827,37.5978340980423],[127.03274089811339,37.594817300265106],[127.03255869832239,37.5934666005572],[127.03053630002289,37.5912010026141],[127.0285284012385,37.5919733021953],[127.02801479984039,37.5934791011339],[127.02718799937209,37.592863600509304],[127.02654679966301,37.5933149998604],[127.0261281997528,37.592059000241],[127.0251443981509,37.5921679012077],[127.02618349988761,37.591771100009105],[127.0248047000626,37.5901556004991],[127.0216345998821,37.591001701485],[127.02091520060151,37.5913272011595],[127.0218060014893,37.5937904995851],[127.0214658004296,37.596797100322206],[127.016212200171,37.5964912006537],[127.0157935999203,37.5977077002853],[127.01421429893651,37.5974286996204],[127.01455459859619,37.59659280045631],[127.0130082991755,37.595799199611804],[127.014849598655,37.5951877997575],[127.01234820032451,37.592931701930404],[127.0115717995371,37.593354300815804],[127.0102748986558,37.591933600769494],[127.0109024992279,37.591219200107496],[127.01035019952,37.5909657997913],[127.01109629970671,37.589967599672605],[127.01158699991241,37.590407599129],[127.0129976989372,37.589628699177],[127.0121399992958,37.585539999920705],[127.0132567002472,37.585318299375196],[127.01403999946389,37.5864699982235],[127.0162050972988,37.5854622992312],[127.0146054988984,37.582971301722196],[127.0122691990026,37.5821469000728],[127.0110538997091,37.5802681008568],[127.0117499989755,37.578045000129805],[127.0108686995808,37.5771820000907],[127.0124968997153,37.576937699467805],[127.01305859935489,37.5748379998142],[127.010093199864,37.5736755002309],[127.0107473993673,37.5725144002148],[127.0089999997605,37.5715431002463]]],[[[127.0089597992493,37.6012371999684],[127.01080010001169,37.6021737989709],[127.0111503981976,37.6003452994752],[127.0115999998828,37.601199999618096],[127.0133001997735,37.600798399408404],[127.0134999995737,37.6000383001685],[127.012521999105,37.5997282994364],[127.0143032997824,37.6002341994564],[127.0145302005265,37.599510299809296],[127.01501410064981,37.6002945994111],[127.016310000559,37.600189999638594],[127.0165868005441,37.6015900991681],[127.0176280010359,37.601328199984394],[127.01780630125711,37.6030345997602],[127.01582949943399,37.6052793007876],[127.01104240056219,37.6061176008455],[127.01058929982351,37.6050788012467],[127.0097123990696,37.6052992995277],[127.0108142986451,37.6044364998238],[127.00929429927919,37.603607300640704],[127.0103236985165,37.6021752006781],[127.0089597992493,37.6012371999684]]],[[[127.0465805996928,37.6068100999099],[127.04960149830039,37.60473909935391],[127.050092900243,37.605578999085196],[127.0514816002497,37.6053368999594],[127.0507794007462,37.606552400205096],[127.0510847005507,37.6083605998564],[127.05013500013919,37.6088364003105],[127.0493301996477,37.6086759002969],[127.0489937000834,37.6069860007222],[127.04801259962501,37.6081239008872],[127.04712239946781,37.6076965998699],[127.04742159981701,37.6068723001933],[127.0465805996928,37.6068100999099]]],[[[127.0046943990808,37.5895427001796],[127.0046468001272,37.588003999051196],[127.00647989958931,37.588095299511],[127.0069087004208,37.587071799581594],[127.007965400437,37.587573000148296],[127.0079730006762,37.589199100492],[127.0060122004121,37.588882300722304],[127.0046943990808,37.5895427001796]]],[[[127.0057873990213,37.6123135003555],[127.0072287998287,37.6127370988064],[127.00800019905729,37.611560599982894],[127.007572599718,37.6105541989261],[127.0092689997327,37.611295598698],[127.009535000332,37.6098531987558],[127.01047440054661,37.6114729998522],[127.0099099003199,37.6113689006473],[127.0087120005318,37.6140185014563],[127.007745999829,37.61298660089],[127.00627729831649,37.6137759995838],[127.0057873990213,37.6123135003555]]],[[[127.00902799959731,37.553497799893705],[127.00925389997781,37.552606499403204],[127.01061969982071,37.553540899257804],[127.0116068999712,37.5531567993703],[127.0110456001918,37.555543400344796],[127.00992609963811,37.5557491005046],[127.00902799959731,37.553497799893705]]],[[[127.0550512995287,37.6109378005425],[127.05656859963541,37.6101458995663],[127.0572247009826,37.6107634007351],[127.0563199997736,37.6115100015897],[127.0550512995287,37.6109378005425]]],[[[127.0065574994531,37.547752699952],[127.0068812002357,37.5476766997176],[127.00703140027261,37.5480096001345],[127.0065574994531,37.547752699952]]],[[[127.02937209916361,37.5643500997587],[127.0296417003569,37.5642517998451],[127.0294986999354,37.564402000992004],[127.02937209916361,37.5643500997587]]],[[[127.0416134995354,37.6050902003126],[127.0416938003358,37.60514040029501],[127.0416467999445,37.605111100068],[127.0416134995354,37.6050902003126]]],[[[127.045925999489,37.6053461000119],[127.04601249991731,37.6053066998846],[127.0462361007862,37.6052446002192],[127.0460125000379,37.6053067002789],[127.045925999489,37.6053461000119]]],[[[127.03225519984579,37.5995632999112],[127.0322669002012,37.599563400000704],[127.0322440998298,37.599563299999296],[127.03225519984579,37.5995632999112]]],[[[127.00193659885869,37.5823409999468],[127.00193660053539,37.582340999424],[127.00192009930201,37.5824838007634],[127.00193659885869,37.5823409999468]]],[[[127.0143536989332,37.620162800364],[127.0143536998737,37.620162799457205],[127.01470130031859,37.6201481999867],[127.0143536989332,37.620162800364]]],[[[127.0677746991929,37.615338598927],[127.06777470064151,37.6153385988411],[127.0677747005511,37.615338600065],[127.0677746991929,37.615338598927]]],[[[127.02526329957091,37.6037369991745],[127.02526330056321,37.6037369992914],[127.0252633001255,37.603737000251904],[127.02526329957091,37.6037369991745]]]]}},{"type":"Feature","properties":{"interval":30,"stationId":"355173408"},"geometry":{"type":"MultiPolygon","coordinates":[[[[126.96920539991001,37.555360500064296],[126.97141049987161,37.554938299397904],[126.9727756996756,37.5531623993529],[126.9730308003634,37.5540854991239],[126.97408520045501,37.553222999446305],[126.9746184003368,37.5548638004792],[126.97310110109089,37.55575310011319],[126.9743882997272,37.5565873995034],[126.97510590007501,37.5560810999077],[126.97543499971701,37.5569906994032],[126.9765142000016,37.5547112997659],[126.9780335011133,37.5551616995565],[126.97864780020521,37.5567370988718],[126.9807363999352,37.5555957998213],[126.98035830060951,37.556191999523406],[126.9815869002664,37.5566204993064],[126.9821602003714,37.5580019997014],[126.9829847995468,37.55815959954381],[126.984475900231,37.556343799805504],[126.98414360082249,37.5569742994866],[126.9858115001332,37.5567981003704],[126.9840971018476,37.5578938992746],[126.98541950052521,37.5584620987064],[126.9861989996886,37.557237199447805],[126.9873107005205,37.5570520991118],[126.9895814999204,37.5591268994238],[126.99084819865371,37.5589723995783],[126.99204969883499,37.5558371953458],[126.9926265001484,37.556505199209994],[126.9947536000298,37.5549902989108],[126.9949079002322,37.556122699269004],[126.99574370037301,37.5556261993506],[126.998988198222,37.557535398629696],[126.99838299907721,37.5556381977174],[127.0003410002764,37.5554637986787],[127.00171439890299,37.5541573999851],[127.0002955992818,37.551798401321705],[126.9975659992598,37.5515898005199],[126.9985197985415,37.5499542981967],[127.0018499952113,37.5480673000837],[127.0002803967809,37.5445045036465],[126.9989119977733,37.5424677019381],[126.997064299621,37.5421066022992],[126.9946468999131,37.542879200482204],[126.9942833996354,37.540750200297595],[126.993418799888,37.541010900628],[126.993660698785,37.5401989003341],[126.9912384002562,37.5393375003822],[126.9887689993931,37.5411867010913],[126.9876294005327,37.540959201318806],[126.9873458003215,37.5419480005473],[126.9860541995723,37.541512000219996],[126.9869864993195,37.5410889999692],[126.9864825996928,37.539199999988],[126.98713309933589,37.5357269998214],[126.98683649963249,37.5348408007076],[126.9845920997923,37.535006600133],[126.9864517992711,37.534878599238496],[126.9892954998227,37.5328104992717],[126.98889990066621,37.533362799607296],[126.99036609953511,37.5335181992315],[126.9910489991724,37.5320832004207],[126.98992579900009,37.5318174996329],[126.990510799715,37.5318991988646],[126.9914557991558,37.5287291998301],[126.9944783000278,37.5276297995349],[126.9945747017835,37.5283134989182],[126.9962221001361,37.5288768983548],[126.99705589930231,37.5276681995635],[126.999300800052,37.5279068993533],[127.0023863973126,37.5320903953955],[127.00676179957851,37.531820498874104],[127.00690610050229,37.5327431989061],[127.00878689984201,37.531806199272395],[127.00796960030209,37.533213299455],[127.00888310040081,37.533143698811095],[127.0090504003672,37.5349016002394],[127.0081739000816,37.534247900804296],[127.0064316002827,37.5347653999647],[127.0060983010042,37.5363593991754],[127.007454002868,37.537698999111605],[127.006333299932,37.537388401017296],[127.0040561005837,37.53947930019331],[127.00617260086,37.5423250992107],[127.0064832006874,37.5440268980431],[127.0073544998161,37.544445097624894],[127.00952510004541,37.5414995998659],[127.00863590103191,37.5432652984417],[127.0116466991809,37.545404798506],[127.01380829788219,37.5440879995049],[127.0136242980662,37.543410500182404],[127.0120566996338,37.5430202005727],[127.0112414995468,37.5416006006839],[127.01011730011831,37.541668800779796],[127.0096331986657,37.540522599156404],[127.011178699525,37.5403246991847],[127.0119897997909,37.5389160992954],[127.0125554003274,37.5404468996078],[127.0155803996661,37.5404043995687],[127.016429498969,37.5387086005075],[127.0160407989743,37.538019999670105],[127.0201214942982,37.537420798766],[127.0231667013758,37.5335235989927],[127.0203219066938,37.5376218963993],[127.0240940044829,37.5434421980878],[127.02340680081521,37.5439054000274],[127.0248536010435,37.544952200318995],[127.0227299004499,37.545118500462],[127.0231655000143,37.546558499022005],[127.0251575006457,37.5465612996748],[127.0277976000272,37.5497659985055],[127.0297969005445,37.547739398210794],[127.0333880002415,37.548775297149],[127.0332286016217,37.5508161995524],[127.0354248998633,37.5512989998202],[127.035947301971,37.550682998536196],[127.03760080047331,37.5533603985237],[127.0419446977406,37.5512665980429],[127.04171969802181,37.5493029996196],[127.04057299975,37.5479349000451],[127.0391893991705,37.548283600057395],[127.03945229994869,37.5471615003082],[127.03691229920919,37.5435642998098],[127.0388798994488,37.5439611994457],[127.03919539874249,37.5405783009323],[127.0395417005988,37.5411808979243],[127.0422705993292,37.538783699317406],[127.0418250965262,37.5377725944078],[127.0438942005737,37.5382779992116],[127.0454674998135,37.5375844995322],[127.0476430007066,37.539836298812794],[127.0487534001376,37.5394772989978],[127.04922210013419,37.5403241990119],[127.05017339971141,37.5396153995823],[127.0493092014286,37.5417603993611],[127.0510460998476,37.5419766994953],[127.05358199981741,37.5392345998515],[127.0547033990933,37.5403052988656],[127.0552694998286,37.5387530995999],[127.05514340077161,37.539493899087496],[127.0573564994297,37.5409920980713],[127.0591072006892,37.5404443983088],[127.05981220053529,37.5419351986651],[127.06125450025661,37.5415058990737],[127.0618509011275,37.5427724990521],[127.0644395998722,37.5413575990084],[127.06507959988801,37.538850099636996],[127.0654546003108,37.5395860993048],[127.0661495996158,37.5390685998223],[127.0664392991575,37.5379699001766],[127.0654802997595,37.5379072996899],[127.0658805997739,37.5370576996904],[127.0662291003278,37.5376759997271],[127.0695666007589,37.537906599299596],[127.06940210062831,37.5392765994282],[127.0712534005642,37.5399206988846],[127.0722840995335,37.5391300996752],[127.0719668014931,37.5385398985778],[127.0725030012991,37.5395084004979],[127.0712534010849,37.5399207005441],[127.0718015003367,37.5419168999085],[127.07009289995051,37.5443109009121],[127.0638110998505,37.5423756004941],[127.0621345004139,37.5433949007322],[127.062469900346,37.544118100746296],[127.060370301388,37.5464524995718],[127.0602790007454,37.548711699885],[127.0559048001811,37.5478981015358],[127.05568270040321,37.5485981008358],[127.0554102994853,37.5480345009862],[127.0544242996822,37.5487209010045],[127.05311839974661,37.5477373010322],[127.0517231011419,37.547984800784704],[127.0527234997289,37.548858500170404],[127.0517231007293,37.5479848010441],[127.0511931012593,37.5484350005939],[127.0521649006043,37.5509161019185],[127.0503154024538,37.551196601638],[127.0503262024779,37.5546651987177],[127.0509432018609,37.5557831975997],[127.05276520278049,37.5559790003005],[127.0506083028058,37.5586071009912],[127.05144709886021,37.5561394012276],[127.0496564006509,37.5568139005531],[127.049624000103,37.557569900824596],[127.04939759987691,37.5570274002524],[127.048048899884,37.5575840002145],[127.04787299944189,37.5568307003908],[127.0469427003632,37.557140400111905],[127.046685800755,37.5584530005795],[127.0448007007316,37.5585823006828],[127.0458871007696,37.563128899510005],[127.0484008996524,37.5637530997416],[127.04803599945879,37.5613268997855],[127.0473505999043,37.5609322999454],[127.0499773995304,37.5612375990007],[127.0502439000833,37.5598114995192],[127.052791000287,37.5613899997722],[127.0526336999056,37.5623755992777],[127.05334620003009,37.5618639993712],[127.05251560093971,37.562462600279304],[127.05318390022089,37.5640187993537],[127.0541484992563,37.5643760989964],[127.05528749958121,37.5635048996496],[127.0556524000466,37.5645309994021],[127.05604789954229,37.563693999718495],[127.0566702002803,37.5639859997957],[127.0556524007598,37.5645309996599],[127.0567580004891,37.5669613997259],[127.05530960029701,37.5663836004502],[127.0534647001657,37.5693790007548],[127.050749199751,37.5700143005296],[127.0491200000011,37.5694203002682],[127.049159699889,37.5685919007793],[127.0486496998721,37.5701902003047],[127.0462672007072,37.568534201235],[127.046795100288,37.5698781999738],[127.04499990000049,37.570736201058295],[127.04458839969199,37.5702561014127],[127.04379020046851,37.5716313003879],[127.0449308997391,37.5729997994941],[127.0473240003618,37.5728369997293],[127.0483638996402,37.5741523990156],[127.0506064003503,37.5741703994422],[127.0499571006526,37.576341999604],[127.0507989998107,37.577388998557],[127.0518615002972,37.5761964992978],[127.0536087011976,37.579026399316994],[127.05651740008571,37.5795925997679],[127.0564368004713,37.5837873995835],[127.05710259980549,37.5841189992519],[127.0572843999402,37.583030699771],[127.05710260058899,37.5841189991728],[127.0589009002786,37.5841765994981],[127.0572641007042,37.5857316995198],[127.05935890069321,37.587043399187095],[127.0607730006053,37.5866631998668],[127.0631894004999,37.5900045991923],[127.06219660025809,37.591527000629696],[127.0616881995883,37.590930400739396],[127.06036360091291,37.591297700372095],[127.0605248003901,37.5945706001797],[127.0594370005237,37.5954211006039],[127.0568765004563,37.5954554010425],[127.05697300020469,37.5976507000803],[127.0561563002055,37.5983008007715],[127.054866999741,37.5991983005704],[127.05202420137631,37.5989023013903],[127.0472253031372,37.602116002091],[127.0479019024606,37.604093000114],[127.0530405973219,37.6052310989759],[127.05623749955329,37.6037138977912],[127.0562248003895,37.6016422990555],[127.0570752001457,37.6021182989898],[127.057654899995,37.6011389997142],[127.0584683998421,37.6020728987164],[127.0637349990988,37.6008638987364],[127.06535029992341,37.5987453000066],[127.0627579996604,37.5944606000963],[127.0652094000165,37.5929005998807],[127.0669384001416,37.5947879994833],[127.0677811001931,37.5945866999137],[127.06677590025599,37.597217999956],[127.06829880074059,37.597413800199995],[127.0676158001951,37.5996988997112],[127.0701580005537,37.6000450995066],[127.067594501557,37.6032155004218],[127.06807460102691,37.6048369011516],[127.06729750180399,37.6055343004542],[127.06726570084139,37.608422098704],[127.0701140008418,37.608407499505],[127.07056390015299,37.6109157983867],[127.07281229790459,37.6105977987047],[127.07252149943939,37.609290098757704],[127.07740819939809,37.60706959949],[127.0781381993931,37.6048117004089],[127.07648979964421,37.6040156997165],[127.07684599984431,37.6027152995718],[127.07742779990899,37.603328299560104],[127.078082499397,37.6022318000247],[127.0777699997095,37.6015600006965],[127.0760324994708,37.6015349999398],[127.07687919969679,37.601551499368696],[127.0789375999947,37.5994472995173],[127.0805096001484,37.5995746992082],[127.0806029003228,37.6002593996027],[127.0815899004739,37.6002483999262],[127.0804723008045,37.6009395995102],[127.0832679005534,37.6018004992439],[127.0825777005133,37.6019079999539],[127.0834356005386,37.6027212997665],[127.0828745004901,37.6025506003409],[127.0824565001827,37.6033169999153],[127.0829904001383,37.6035765002459],[127.0821395001018,37.6041353001796],[127.0802972005243,37.6043166006423],[127.0787635011485,37.606306500174306],[127.0810208005807,37.6081000996515],[127.0827788023326,37.611190899418396],[127.08193300165571,37.6117535012553],[127.081811701777,37.6148071982016],[127.0843171998672,37.6147785978974],[127.08586770038899,37.6161387986636],[127.0878039984527,37.616210498591904],[127.0887647000318,37.6149932977415],[127.09135130059249,37.6164913976872],[127.094155700364,37.616109399835],[127.0937011997812,37.6170807020256],[127.0923836000008,37.617065100618],[127.09102700107749,37.618322900506804],[127.0926483008341,37.619549399556895],[127.0917166009013,37.620084000911795],[127.09248720213739,37.6211206012963],[127.0917691028555,37.6226165998003],[127.0937359000833,37.6240069015263],[127.090907100456,37.6252014001654],[127.0864351002235,37.6249944019203],[127.0858072993319,37.6267480012841],[127.08382469874239,37.6245932019481],[127.0820012999021,37.624284802313696],[127.0804534995418,37.6257522006683],[127.078821400013,37.6245646004905],[127.0776631002653,37.624797100472605],[127.07799410030469,37.6259052000876],[127.0768029005023,37.626975100036105],[127.0779911999792,37.6276018993792],[127.0787283001817,37.6271240998359],[127.07833379965949,37.6281418006766],[127.0749982004331,37.6285214012211],[127.0742466011847,37.6294564002861],[127.07499819911939,37.628521400807095],[127.0735244005932,37.6284031009254],[127.0738941002274,37.6293755001794],[127.0712392999787,37.6293490021006],[127.0691805965493,37.6275704993581],[127.06986649883311,37.6248491999029],[127.0709408981493,37.623726300503805],[127.0681507995731,37.6244654012977],[127.0680483997179,37.623603300386996],[127.0667322992668,37.6237416001859],[127.0668585000247,37.620030500781],[127.0624750001437,37.6205777017869],[127.0612591013596,37.621455600908995],[127.0616342009845,37.6227739995906],[127.0597029014404,37.6249385999378],[127.0601214018096,37.6260719995984],[127.0591460000782,37.6256294010045],[127.05865249987879,37.6262040004405],[127.0590956985041,37.623779901392105],[127.05784759975221,37.6226805024915],[127.0561367982981,37.6227505001355],[127.0575715996695,37.6206743003643],[127.0567630000392,37.6195074014581],[127.05414469975659,37.619896700662196],[127.05093700039501,37.6188454027373],[127.0493634998157,37.616765600651],[127.0468099006568,37.6184897000242],[127.0472139004686,37.6191462006149],[127.0457427002915,37.6187440009934],[127.04590409961921,37.617589600524404],[127.0429689998709,37.6165029002589],[127.040237099072,37.61429910055389],[127.0369541002628,37.6139473013305],[127.035052902164,37.6148795003983],[127.035472501805,37.616529799572305],[127.03704180163119,37.6179626024015],[127.0328641005634,37.619096001574896],[127.0311441007544,37.622522299481],[127.0329576002088,37.624319499859396],[127.032285700759,37.6247929999551],[127.03284860054569,37.627077300711406],[127.0274810023747,37.630435702861],[127.0283294015263,37.6336608996358],[127.03040249988369,37.634419899121596],[127.0303000006566,37.6351799995308],[127.0313952995613,37.635776898933905],[127.0317744004045,37.6352923996824],[127.03188750145699,37.6366678990724],[127.03107619996621,37.6360520005368],[127.0306583001786,37.6367426000606],[127.0314537003082,37.636969500407],[127.03104690027911,37.6399700999379],[127.0298105006859,37.63976570066],[127.02967590082051,37.640409900015804],[127.030632399864,37.6410351993905],[127.0311850007269,37.6405484001501],[127.0302838005996,37.6421324000663],[127.0307941004115,37.6426013003839],[127.02533310012839,37.6419918005431],[127.02325669982851,37.642544800657504],[127.0219523005528,37.644156100077495],[127.0210821005541,37.6441181002623],[127.02053649966061,37.645432401070096],[127.0199412993407,37.6449215009589],[127.0190943001877,37.6455178003626],[127.0191567997295,37.6448099008543],[127.0181008007855,37.6453930002712],[127.0186372006448,37.6458396000408],[127.0177208010042,37.6464848998886],[127.0190689004626,37.647993199449004],[127.0185771001449,37.647857600464505],[127.0187116000792,37.6488242995224],[127.0197060006101,37.6487497001413],[127.015283201123,37.6490869006872],[127.0151518002821,37.650840899771],[127.0162144009844,37.6520146004937],[127.0143493004208,37.652598500837804],[127.014296100474,37.6535839998523],[127.01612130018289,37.654186899696],[127.01661990055909,37.655525999729704],[127.0152638005082,37.6581993002655],[127.0145528000199,37.6589977003294],[127.0144428997921,37.6581428008569],[127.0138108004242,37.6584925005072],[127.0138899999107,37.6593455004175],[127.01060589606371,37.6583331025407],[127.01044539758209,37.655989098986296],[127.0111996993745,37.6540421994529],[127.0118886986855,37.653985499509595],[127.0106522998291,37.6522053011564],[127.0102132997735,37.6529933998403],[127.01025199827109,37.6492359000606],[127.0089815994782,37.6472639002498],[127.0118682996349,37.6466295994927],[127.01292049927031,37.645368700084596],[127.0111506996558,37.6445076999629],[127.0116774997124,37.6424822004207],[127.01019209900049,37.6414257998572],[127.0100794990531,37.639582199078596],[127.0114442992667,37.6382435997375],[127.0096524994436,37.6367599999965],[127.0106365996723,37.636768099323994],[127.0106554996534,37.6353797007124],[127.0093086985504,37.6331216998224],[127.01001999883489,37.6328716990772],[127.010036899696,37.6317173979588],[127.0110111998906,37.632122399039],[127.012376598376,37.6294242010908],[127.0114702982626,37.6282895013867],[127.0081908972402,37.6272587001143],[127.0072901967601,37.6241576998491],[127.004511299539,37.6219697020371],[127.002676200075,37.623080700367304],[126.99663839862279,37.618939000929196],[126.9963361946833,37.6177316947673],[126.9975208964905,37.61382159867],[127.0002390988716,37.610493299573],[126.99822690088381,37.609185400880904],[126.9973663997328,37.6094009007644],[126.997464299575,37.6088665006748],[126.99613289872771,37.609684299575996],[126.9977097993632,37.6066626996928],[127.001185899593,37.605605498580005],[127.0023929983859,37.6044077997777],[127.0036126971662,37.600301803883696],[127.0021004961062,37.5994819013508],[127.0027022982853,37.5977053000663],[127.0017067992808,37.5966272011444],[127.0000813998708,37.5979290008575],[126.99773950036119,37.596991300843996],[126.9960064999309,37.597717600585504],[126.9951317993999,37.595644900396906],[126.9931965993247,37.594611699785304],[126.9941444995171,37.594660499026205],[126.9944019992596,37.5939252997614],[126.9933765996689,37.5923636000052],[126.9937145998615,37.5911520006444],[126.99243220000939,37.5903027005304],[126.9929265993351,37.5897255005088],[126.9921905987617,37.5881445993683],[126.9924757986032,37.5873002998428],[126.9937016986013,37.5871792992153],[126.99520849831481,37.584133599535704],[126.99377459860119,37.5828554998034],[126.99453299859941,37.580427900241396],[126.9930848992123,37.5795865000773],[126.9940413994817,37.5795442991203],[126.9941977990348,37.5774293010274],[126.9900315001252,37.5779268005454],[126.99001630011519,37.5784606003265],[126.98923790013431,37.577933900353194],[126.989188800094,37.578754700491295],[126.98815720011531,37.577663200567805],[126.98751490075759,37.5782732999577],[126.98782420034371,37.579339200816],[126.9867158995362,37.5798926004857],[126.98517220055989,37.579063301204805],[126.9850378000187,37.580164000443006],[126.9828577993176,37.5789360000976],[126.98342699876781,37.577417601070394],[126.9812343996506,37.5772901002728],[126.9818094990446,37.5770870998833],[126.9814762993778,37.576059900910494],[126.9805633993977,37.576006899949405],[126.9817505992157,37.574841399959894],[126.981368299598,37.5739890008123],[126.97973139989891,37.5735588003645],[126.9784970011333,37.573626500296804],[126.979378300252,37.5742777996455],[126.9784460004023,37.574417100618696],[126.97921220031331,37.575708900048504],[126.97658279968961,37.5758688006594],[126.975716800426,37.575072400727],[126.97442320067991,37.5760515000803],[126.9750426008111,37.5774555002815],[126.97402340065169,37.5775038003498],[126.97392380029669,37.5782690004891],[126.9715943999742,37.5767041000927],[126.9711147992813,37.575593600373196],[126.9723999996624,37.5758189997606],[126.97268559976341,37.5745328000627],[126.97128549977559,37.572890400287],[126.9726372988238,37.5726860999277],[126.971551499743,37.5698132991717],[126.97409000007761,37.5684799986376],[126.9746441998192,37.5668983995059],[126.9768032988465,37.5665372992523],[126.97695239961911,37.5653413996611],[126.97427400033209,37.564308000777295],[126.97253459918531,37.5666240009499],[126.972616499819,37.5649776001242],[126.9719203996279,37.564858899421594],[126.9729225987201,37.564239199782],[126.9723716993811,37.5626489995883],[126.9731773999369,37.5618213999036],[126.97406729945381,37.562168399112196],[126.9738798991616,37.5610250996311],[126.97534589957469,37.5618676994795],[126.9757989991216,37.561242200105],[126.9747952997309,37.5605891000881],[126.97566980029721,37.560190499742994],[126.977645900433,37.5608359995662],[126.9782786999293,37.5618957990593],[126.9788173992179,37.5591624997658],[126.97733699951341,37.5575007002069],[126.97613710071771,37.5579097002902],[126.97685150038359,37.5585533003547],[126.97573270023429,37.5590538008797],[126.9760516994928,37.557228299990996],[126.97488850045441,37.5568717002778],[126.9731992003096,37.5579951002102],[126.9720365001577,37.557168800432],[126.9719009998965,37.5578428003567],[126.97200719924989,37.5553657012382],[126.96920539991001,37.555360500064296]]],[[[127.0804705995553,37.5960953998291],[127.0820860999705,37.596359399604694],[127.082483900188,37.5956107998432],[127.0820861005472,37.5963593996972],[127.0826621999711,37.596853599203],[127.0830281997018,37.5957492997182],[127.0838774994112,37.595846299817396],[127.0835061997592,37.595128299936896],[127.08625330011179,37.5939837995469],[127.08795100020751,37.5963271007205],[127.0862296999227,37.5961803008961],[127.0847193003074,37.5970473999211],[127.0874548994699,37.5981127993223],[127.08791770024081,37.597194599853005],[127.08768330034209,37.5982166993332],[127.0884265002172,37.5975888997989],[127.0887267003931,37.5989961002167],[127.088206700035,37.5984663005262],[127.0878280000689,37.5994100005135],[127.0851658986554,37.6008080002364],[127.08259029963561,37.5986839001165],[127.0843587989888,37.597453500269204],[127.08098959975109,37.596991000483605],[127.0804705995553,37.5960953998291]]],[[[126.9606979995468,37.558531100120206],[126.9624457997167,37.5594721994709],[126.9634762003979,37.5585121995172],[126.9655139007272,37.5588981996447],[126.9661745007079,37.5608895004568],[126.9651035007365,37.5621387001353],[126.9658225003519,37.5623684001583],[126.965246400928,37.563610798915896],[126.9677590997448,37.5635195990376],[126.96800829943439,37.5621395994334],[126.96979110032619,37.5634681988313],[126.9680623011938,37.5665554008238],[126.9696397003856,37.56855740040341],[126.9682849993704,37.5688131003092],[126.9673157000326,37.5680766009914],[126.96562509990079,37.5688830000674],[126.9657781996105,37.5681328004308],[126.96482160056709,37.5674919010717],[126.9640503013384,37.5685170000466],[126.96456730021829,37.5689519001828],[126.96296029898791,37.567903400397896],[126.9629954996203,37.5652535001952],[126.9642307992627,37.5635283002673],[126.963060299677,37.5621867005938],[126.9618418994383,37.5624239002185],[126.961817798945,37.5600638004031],[126.9606979995468,37.558531100120206]]],[[[126.96884249978879,37.530318800420105],[126.9739882997518,37.53170279959],[126.9753008008077,37.530684298828795],[126.9761343006705,37.5318418993538],[126.9770238014972,37.531430900173994],[126.978581100382,37.532624699087],[126.978374501028,37.5336479992743],[126.9792269001756,37.5341477987745],[126.9801473992551,37.533988698933605],[126.9803156003578,37.532184899594895],[126.9808562001909,37.5348856003174],[126.9790473004891,37.534836300673504],[126.9788137002583,37.5376207003196],[126.9781964994662,37.536970800923996],[126.9774900001579,37.5377355003742],[126.9750456002223,37.537161400656004],[126.9750161998452,37.5376608003238],[126.9742997002009,37.536743901048595],[126.97436920014229,37.5377882001794],[126.9738390003331,37.5376053005061],[126.9729330012391,37.539570898540504],[126.9740775004433,37.540547800916],[126.9732910005254,37.540391501188],[126.9730041000113,37.541445100521194],[126.9717245000937,37.5409646009061],[126.97312249971141,37.540315299244405],[126.9724616003723,37.537435702124],[126.97133189940459,37.536567400452405],[126.9705200984764,37.532419099504196],[126.96884249978879,37.530318800420105]]],[[[127.0306634993843,37.64881529934],[127.0305655997121,37.6480897993551],[127.0317643995697,37.647942499565],[127.03100459961951,37.647008500007],[127.03222149919611,37.646211600122],[127.0324828005275,37.6445509993882],[127.0374726000884,37.6462843993017],[127.039738900429,37.648504599404106],[127.03787409993,37.6497489010152],[127.0371848006193,37.6509789997851],[127.0378879003069,37.6515794005254],[127.03577769999539,37.6520151003931],[127.03599869952099,37.651232200367204],[127.03497129972999,37.651843900564],[127.0340558003012,37.6510845007274],[127.0332228001693,37.6517563004175],[127.0304761995679,37.649527200658405],[127.0306634993843,37.64881529934]]],[[[126.9487265995098,37.5449679002622],[126.94985409996839,37.5412475990708],[126.9509789004092,37.5409123993709],[126.9524304002176,37.5419381990883],[126.9527857001904,37.5412952994415],[126.95476239941611,37.5423105990657],[126.9554317006413,37.5418509998357],[126.9530973005881,37.543070399847394],[126.9536506002746,37.5444322992374],[126.9545584004464,37.5444748000667],[126.9536505996026,37.544432300073595],[126.9533652998879,37.543454301051604],[126.9525863006669,37.5441430003629],[126.9525407996686,37.545797900885695],[126.9487265995098,37.5449679002622]]],[[[127.02489939981119,37.527197100574405],[127.0258036991213,37.5251707995388],[127.0268734992948,37.5257051989615],[127.02847800051201,37.5236234993016],[127.0295266009516,37.5240709995606],[127.0291304002845,37.5249839998212],[127.0314893005395,37.526108299740294],[127.0325633008571,37.5290483002211],[127.031134399859,37.5293916009314],[127.03001839987121,37.5310496003044],[127.02893970094989,37.53077400058],[127.0286521002915,37.5315023008335],[127.0276182001773,37.5308186004898],[127.0270203999782,37.5322067002291],[127.0264113993806,37.531446099857],[127.0269946990979,37.5303289000504],[127.02540119901701,37.5290020001398],[127.0264675989861,37.5282179001467],[127.0262203992333,37.5273831009815],[127.02489939981119,37.527197100574405]]],[[[127.0381763990097,37.5163477996945],[127.0388631995378,37.5149374991932],[127.0426221991092,37.513688199791],[127.04291799892,37.512881800310005],[127.04115069934251,37.510322299802695],[127.0446113007506,37.5087051988826],[127.0441295019012,37.5095988003906],[127.0464168010099,37.5118557994672],[127.0444265001211,37.511278401492504],[127.0423648010953,37.514321599579105],[127.04529410116801,37.5171905008788],[127.0403194003816,37.5198446006697],[127.0381763990097,37.5163477996945]]],[[[126.95639559981149,37.540169799953304],[126.9579523993293,37.5383213996484],[126.957596699319,37.5366441999251],[126.9594292002009,37.5368919986974],[126.9616469986654,37.535367099432804],[126.9629389005207,37.536972399428805],[126.9636073006213,37.536497999187404],[126.9654408002951,37.5375987995467],[126.9681627007865,37.537541099761796],[126.96665449943201,37.5381890006675],[126.9643684006782,37.5378635005413],[126.9652457011919,37.539356300514704],[126.96490350077251,37.5413982011898],[126.9641140996022,37.5422538009119],[126.9631132002795,37.5416631016938],[126.9623028998257,37.5437028007363],[126.9596274997911,37.541415800212505],[126.9576986993026,37.5417265004793],[126.95639559981149,37.540169799953304]]],[[[127.01640349880239,37.5167655996052],[127.0156670998566,37.5149142985912],[127.01816379950189,37.513795799156895],[127.0182847997561,37.5130043997322],[127.0201906994779,37.5130340995732],[127.0209069991853,37.511114900566],[127.019801299832,37.5106925999539],[127.0205885004806,37.5102806990467],[127.0228138002086,37.5114858995508],[127.0217090000698,37.5113437008732],[127.0211510006278,37.5120811001358],[127.021648000395,37.513957399140104],[127.0228852998248,37.5142875992694],[127.02489140067141,37.5171394993862],[127.02322339993101,37.5189119004189],[127.0211728003257,37.5185392006319],[127.0193958998274,37.5197079004796],[127.0184413002606,37.519095900959904],[127.0186314981945,37.5200958005566],[127.01640349880239,37.5167655996052]]],[[[127.0352679995905,37.529083900356405],[127.0350623991537,37.527241000176396],[127.0378547993857,37.524784599186695],[127.03727979937139,37.5235898001506],[127.0382682002642,37.522842799288696],[127.04137760097021,37.5235238992547],[127.0420532002946,37.5243792983993],[127.0430146993331,37.523727299051295],[127.04338560013119,37.5245313992582],[127.04517510005769,37.5247549992478],[127.0450132004815,37.525615199175895],[127.04605630086111,37.524862200099],[127.0461109002601,37.5271913006945],[127.0428199002872,37.529114300040305],[127.043410400962,37.5300107996875],[127.0428110000455,37.531299800098196],[127.0418340002382,37.5306286005483],[127.0378202000323,37.5307215006371],[127.03727979972979,37.5297750002141],[127.0362826996586,37.529999700342096],[127.0352679995905,37.529083900356405]]],[[[126.9401536995091,37.5485541998606],[126.94115099965451,37.5470498000056],[126.9406603999192,37.5465057997637],[126.9427408007214,37.5473688991761],[126.9439370001609,37.546931300033194],[126.94263930102879,37.5479232999523],[126.94283900003701,37.549081800443105],[126.9421812997635,37.5481472006578],[126.9409946001777,37.5489501003149],[126.9401536995091,37.5485541998606]]],[[[127.0661157986177,37.6346263002622],[127.0666113985393,37.6334485985922],[127.0662933005331,37.634499399971105],[127.0678626993655,37.6359311989694],[127.06856840115191,37.6356218997831],[127.0691676005527,37.6363932990117],[127.0709387012342,37.6358372006045],[127.07072580054121,37.6383603005507],[127.06993709882501,37.6380273996527],[127.07031449861769,37.6372055998675],[127.06809960066249,37.636349001331105],[127.0672257015364,37.6379197997603],[127.0684275008984,37.6391430002465],[127.0673689999798,37.6395143002145],[127.0672908998289,37.638903300589],[127.0662895998265,37.6398633003686],[127.066679599369,37.6387149003634],[127.06545729947071,37.6383027985962],[127.066992898335,37.6378586985791],[127.06785069751929,37.6362831000669],[127.06586559950439,37.635204601145404],[127.0661157986177,37.6346263002622]]],[[[127.06274049953241,37.5609469991908],[127.063555899444,37.5600673996471],[127.062996000754,37.559404798555605],[127.0642076995423,37.5599345980258],[127.0649429011094,37.5593991973393],[127.06816260039079,37.5608818999492],[127.066753599998,37.5620578001208],[127.0654236004921,37.5615648005476],[127.06549029945789,37.5626018007922],[127.0638169997612,37.5615059009211],[127.06294179949751,37.5619022006991],[127.06274049953241,37.5609469991908]]],[[[127.0569273982818,37.6318809998079],[127.0590703003345,37.6297151990737],[127.0587174000659,37.634338199435604],[127.0602900003548,37.6341099999783],[127.0573737995169,37.6353425005093],[127.0583956984544,37.634755499525],[127.0577549990951,37.6332994009811],[127.0563692991665,37.633247999820604],[127.0569273982818,37.6318809998079]]],[[[127.0823739991967,37.5367257996491],[127.08279570018081,37.535816499504705],[127.0839032001653,37.535856199178696],[127.0877812013804,37.537506198939106],[127.0865344992173,37.538133901035096],[127.08504549991271,37.5377619010635],[127.0842891003154,37.5387105005267],[127.0844260995624,37.5376078007423],[127.0823739991967,37.5367257996491]]],[[[127.0624206977572,37.646112599078904],[127.06100669990569,37.644946700012596],[127.06384290023169,37.643276699086805],[127.0650910999791,37.6434902984979],[127.0650821008324,37.6456956982509],[127.06630000372,37.646190001549996],[127.0650820996884,37.645695701751094],[127.0637267001933,37.6472122007728],[127.0624206977572,37.646112599078904]]],[[[126.9548084998785,37.5530099998507],[126.9557060999347,37.5516913994201],[126.9570618003638,37.552227199684],[126.9555794008135,37.5541391007166],[126.9558865993156,37.553412000095605],[126.9548084998785,37.5530099998507]]],[[[127.00834839916361,37.51347349966721],[127.0096392985823,37.512037597881],[127.0132475993094,37.513034397001],[127.0133484021753,37.513816399689105],[127.0125217010488,37.513419901222704],[127.01070419994191,37.5146254009882],[127.0107641001966,37.5125770018077],[127.00925260017989,37.5140137001163],[127.00834839916361,37.51347349966721]]],[[[127.01018619966331,37.662475200189505],[127.0131893996333,37.6619312995885],[127.01358220092641,37.6611088000268],[127.01319650479621,37.663031003056396],[127.01194060605211,37.6644360016514],[127.01018619966331,37.662475200189505]]],[[[127.0451289988876,37.652672099584294],[127.0452965993467,37.651760100108],[127.04636409898751,37.6519999995917],[127.0467852006148,37.651117798360005],[127.04684070031091,37.6540743001012],[127.0459124998462,37.6544311006395],[127.0458550996262,37.6528372003061],[127.0451289988876,37.652672099584294]]],[[[127.059772899272,37.6548643000959],[127.0606895994552,37.6537838995898],[127.0612299006479,37.6544393999717],[127.0602561999952,37.6558603002581],[127.059772899272,37.6548643000959]]],[[[126.9714295990604,37.5450282002571],[126.9723132998777,37.543306399763196],[126.9735710006755,37.54455569994369],[126.9720211000629,37.5454358004879],[126.9714295990604,37.5450282002571]]],[[[127.0786199996004,37.557305499521796],[127.0792148995362,37.556335599193595],[127.08070640103129,37.556783699276295],[127.0797625997528,37.5578952007066],[127.0786199996004,37.557305499521796]]],[[[127.05109209937261,37.519068301165],[127.0524196999005,37.519995099240205],[127.0529750997338,37.517962299067],[127.0533478010473,37.5187813001925],[127.0529951005074,37.520094301349495],[127.05109209937261,37.519068301165]]],[[[127.0934180986919,37.535010800509205],[127.0949873002275,37.534033699869205],[127.0939582998159,37.536210500522905],[127.0934180986919,37.535010800509205]]],[[[127.00434629911689,37.505803899192394],[127.0053017992489,37.5036802997255],[127.0055933000901,37.5034658998454],[127.00434629911689,37.505803899192394]]],[[[127.0625385997904,37.656044699992705],[127.0633145010886,37.6555489996231],[127.06414050041569,37.6566135999717],[127.06273949971,37.6568653005091],[127.0625385997904,37.656044699992705]]],[[[127.0501622988179,37.6447901001007],[127.0508462002931,37.6455038000996],[127.0503916991416,37.646353600595],[127.04910389947071,37.6454361001613],[127.0501622988179,37.6447901001007]]],[[[127.0242701989571,37.5312611997403],[127.0252298008628,37.5306718997074],[127.0249241998392,37.531601900681196],[127.0242701989571,37.5312611997403]]],[[[126.9675756994095,37.5287327997555],[126.9682546006673,37.5294450002976],[126.9673399999806,37.5301500000907],[126.9680355993189,37.529461199927],[126.9675756994095,37.5287327997555]]],[[[127.08698049925229,37.5881388999334],[127.08801370144431,37.588470599816404],[127.0875115002441,37.5890930001625],[127.08698049925229,37.5881388999334]]],[[[126.9558477994913,37.557330599952],[126.9565241000514,37.5573388989491],[126.9563118006538,37.557936000285395],[126.9558477994913,37.557330599952]]],[[[126.95732479934229,37.5750156997059],[126.9579967003498,37.5743408993789],[126.95896790057411,37.5747492994317],[126.95732479934229,37.5750156997059]]],[[[127.0487058984825,37.505167898911296],[127.04896269822571,37.504631199448],[127.0493797994758,37.5037362989575],[127.0489627015279,37.504631201108296],[127.0487058984825,37.505167898911296]]],[[[127.0740624997423,37.5474536000455],[127.0743289000452,37.5473994998665],[127.0744553007695,37.547946101078],[127.0740624997423,37.5474536000455]]],[[[126.9323579995305,37.5472987983682],[126.93257080020989,37.5474536999944],[126.9323115003552,37.547585500496496],[126.9323579995305,37.5472987983682]]],[[[127.06349539981659,37.592918699844695],[127.0635296001221,37.5925849998465],[127.063758100236,37.5929627001209],[127.06349539981659,37.592918699844695]]],[[[127.0666867994767,37.5318017995425],[127.06688179974671,37.5317474994643],[127.0668912001202,37.531769599966196],[127.0666867994767,37.5318017995425]]],[[[126.97195929965339,37.5511262010177],[126.9721762998628,37.5510890994238],[126.9722572001378,37.5510733999776],[126.9721763001476,37.551089100267696],[126.97195929965339,37.5511262010177]]],[[[127.0566759001794,37.5642369002846],[127.0567486999956,37.5641653999214],[127.0567818000927,37.5641307999679],[127.0567487001236,37.5641654001854],[127.0566759001794,37.5642369002846]]],[[[127.0694331989165,37.6330802009465],[127.0697460001864,37.632939299057796],[127.069819400946,37.6330958998664],[127.0694331989165,37.6330802009465]]],[[[127.0248639997394,37.5046494998497],[127.0249424000935,37.5044883995408],[127.0249256003728,37.5045230002439],[127.0248639997394,37.5046494998497]]],[[[127.0636213997888,37.5906373998263],[127.063692900052,37.590657499902896],[127.06375050050819,37.590673700139305],[127.0636213997888,37.5906373998263]]],[[[126.9571563990597,37.554612499057896],[126.957366400326,37.5545416998968],[126.9571564001809,37.554612501169395],[126.9571563990597,37.554612499057896]]],[[[126.9714471986935,37.5625236997008],[126.9715472001857,37.5623729987835],[126.9714472002831,37.5625236999736],[126.9714471986935,37.5625236997008]]],[[[127.03802039989789,37.549168200051],[127.0380825004112,37.5490882997388],[127.03802040064369,37.549168200911296],[127.03802039989789,37.549168200051]]],[[[127.0627511997639,37.5933879998834],[127.06309430007761,37.5935168998964],[127.063094300122,37.5935169003263],[127.0627511997639,37.5933879998834]]],[[[126.9712699996916,37.5571899993513],[126.97127000052751,37.557190001009495],[126.9712699980341,37.557190000990495],[126.9712699996916,37.5571899993513]]],[[[126.97061959958731,37.5368594000624],[126.9706047000319,37.5367913997772],[126.9706196001169,37.536859400160395],[126.97061959958731,37.5368594000624]]],[[[127.0539714994137,37.576762200052194],[127.0539715003578,37.5767621996066],[127.0539715003334,37.576762200598395],[127.0539714994137,37.576762200052194]]],[[[127.0597597996718,37.6351712003554],[127.05975980056999,37.6351711993687],[127.0597713004845,37.6352659007813],[127.0597597996718,37.6351712003554]]],[[[127.0533977989556,37.5514764994583],[127.0533978012116,37.5514765006749],[127.0533977993714,37.5514765013581],[127.0533977989556,37.5514764994583]]],[[[127.0757667995053,37.6031226002521],[127.0757668007422,37.603122599935396],[127.07576680036719,37.6031226006096],[127.0757667995053,37.6031226002521]]],[[[126.9534788998499,37.544971599903995],[126.9534789003607,37.5449716000674],[126.95347889988629,37.5449716005042],[126.9534788998499,37.544971599903995]]],[[[126.97203829969459,37.561725699430795],[126.97203830014699,37.56172569963859],[126.9720382997145,37.561725700511595],[126.97203829969459,37.561725699430795]]],[[[126.9768291999039,37.5758687000016],[126.9768292000978,37.5758686999975],[126.9768292000062,37.5758687001075],[126.9768291999039,37.5758687000016]]],[[[127.0111852997501,37.5306123001003],[127.01118530033219,37.530612299357],[127.0111853015295,37.5306123007107],[127.0111852997501,37.5306123001003]]],[[[127.03753329966611,37.5485548004156],[127.0375333002254,37.5485547994834],[127.0375333004269,37.5485548002537],[127.03753329966611,37.5485548004156]]],[[[127.0624257000654,37.595471100053],[127.06242569986361,37.595471099989595],[127.0624257000274,37.595471099889394],[127.0624257000654,37.595471100053]]],[[[127.03806689989331,37.5485673002412],[127.03806689993161,37.5485672998542],[127.03806690011321,37.5485673000365],[127.03806689989331,37.5485673002412]]],[[[127.0623123999816,37.6560755000565],[127.06231239991159,37.6560754999829],[127.0623124000166,37.6560754999619],[127.0623123999816,37.6560755000565]]]]}},{"type":"Feature","properties":{"interval":60,"stationId":"355173408"},"geometry":{"type":"MultiPolygon","coordinates":[[[[126.8312676989107,37.548777300214894],[126.8326251998422,37.5483572995271],[126.832700800017,37.546987799666994],[126.8344916988265,37.5470235995871],[126.8357304992843,37.544778200434905],[126.8348081998507,37.5440968001296],[126.8351204993123,37.542566500412],[126.834223098726,37.5424833000764],[126.8338719993654,37.539775799960104],[126.83578999909331,37.539616699203805],[126.8369075996296,37.537881999278206],[126.8416963991515,37.5367610989732],[126.8412729994734,37.5342242008658],[126.8389776996342,37.532976400619106],[126.8389723988699,37.5317749000043],[126.840283199412,37.528805299942],[126.84336959968151,37.5276702995208],[126.84317629994949,37.5271154996507],[126.84454820022181,37.5273487996324],[126.8451108996845,37.528479899002804],[126.8455082992871,37.5280067994759],[126.84507809967539,37.5270288995079],[126.84614509927731,37.526773699410796],[126.8467858994278,37.525491799902795],[126.8455351993618,37.52282370033549],[126.8462322991102,37.522016099918005],[126.8476112997197,37.5224750992297],[126.8485389994032,37.521529999718496],[126.84810519902551,37.5211267992837],[126.84858690009,37.5215744991255],[126.8496757999719,37.5200999992838],[126.85004689996849,37.5208865992023],[126.853042299647,37.517992999341196],[126.8534645999935,37.5189630989559],[126.8544558001905,37.517602499855805],[126.8547582009258,37.5189613996046],[126.85870749941479,37.5194027990824],[126.8603671990503,37.5187396984078],[126.8613640003791,37.520346697841],[126.8625264992166,37.5189380992496],[126.8637372992667,37.5195484985003],[126.864622698794,37.5175641995829],[126.86686139916401,37.5176472986718],[126.8670905999112,37.5184176991816],[126.8679994998504,37.517010999854996],[126.8686720998829,37.5171496991649],[126.8687832996609,37.5149832012098],[126.8658119995366,37.5141113019745],[126.8641310007887,37.5156607013195],[126.86380839955349,37.5146894006987],[126.8627383006236,37.5143560010321],[126.8622887996562,37.5150253006546],[126.8625902990498,37.5143047000407],[126.8612129993198,37.512982201213404],[126.86214169917139,37.511247000442],[126.8608837004294,37.5105853011037],[126.86031459972119,37.511425100366],[126.8601111989083,37.5107084995801],[126.8629635001686,37.5098030997051],[126.8636121998302,37.5124707991138],[126.8639011997449,37.5118597985899],[126.86690130010369,37.512515199817805],[126.8676428012692,37.514617200051006],[126.8688566000554,37.5150089996592],[126.8702619001575,37.5142336994005],[126.8687986025631,37.5162901991248],[126.8712098001519,37.5170073984076],[126.871863299725,37.515772399197104],[126.873416099308,37.5171383988978],[126.8742664994174,37.5154847996138],[126.8764225000408,37.5148198996526],[126.8770227000236,37.5158950991853],[126.8801630990804,37.5138538000363],[126.8791084990824,37.5119703004394],[126.8779077976441,37.511634200919005],[126.8774153981365,37.5099030026502],[126.87480599912391,37.5084973022468],[126.8731830982138,37.5064493003023],[126.87374819950409,37.5041444007568],[126.8726803982772,37.503237900925505],[126.8750763978659,37.5027500994046],[126.8751694977728,37.499973402181304],[126.8710508008877,37.500590502382],[126.86993860199989,37.5020254009471],[126.8684489998418,37.501243000729104],[126.867920399422,37.501665500461904],[126.8680587994648,37.5009156004349],[126.86621939878931,37.5001386990971],[126.8661057989785,37.4988322991753],[126.8682662997706,37.498663999364396],[126.8672817992528,37.4966222998965],[126.8682536005992,37.4973195986883],[126.8702568000631,37.4966232996725],[126.87084029937759,37.495037501207506],[126.8689640012539,37.495638000607],[126.8661572986819,37.4928939018626],[126.861803099884,37.4937587005854],[126.8596138009151,37.4930528011124],[126.85912830140059,37.4936611005041],[126.8599190010444,37.4950702006453],[126.8583886003761,37.4963391002003],[126.8584587998414,37.4972270011877],[126.85739570008249,37.4966119011174],[126.85652250095569,37.4972942004351],[126.8572045005831,37.4985158000562],[126.856468399601,37.498786600807605],[126.8562099991054,37.4972830005572],[126.8543485992421,37.4972584010351],[126.8554302996529,37.4965572999215],[126.8551636999195,37.4955175009613],[126.8534907001672,37.4942530021426],[126.8524450012129,37.4952793011163],[126.85154529919849,37.4948543998175],[126.8516222002572,37.4940686993914],[126.8527024991769,37.494370699089394],[126.85240759962791,37.4932852987902],[126.8540257990341,37.493052999103305],[126.8536529001437,37.4914187984171],[126.8552462996459,37.4916262982886],[126.8553968996695,37.4899512980797],[126.85836060014769,37.4901233986133],[126.85902060003819,37.4890920996759],[126.86215270049999,37.491544999372906],[126.8649012995212,37.4912286995771],[126.86650370032389,37.4931212995105],[126.8675744999153,37.4919429996946],[126.8711344990134,37.4920111986867],[126.8720608000802,37.4884005997706],[126.8719143010464,37.4910402978316],[126.8747006011071,37.4912087984369],[126.87485870102441,37.492274799952895],[126.8755018003813,37.492994399233304],[126.8760442003955,37.4925475998257],[126.8760219001275,37.4936600996987],[126.8771032028962,37.4942664004899],[126.87665720097469,37.4983466006006],[126.8755825020494,37.5003083986388],[126.8773363002956,37.501110197837],[126.8788977987341,37.5009756979715],[126.88010009753181,37.4997548991923],[126.8797249977106,37.4968535991312],[126.8818733998205,37.4950999998265],[126.8838062996181,37.496139299450306],[126.8871247996038,37.4962867992508],[126.8874177993108,37.4952403002973],[126.8868630998655,37.4945262010114],[126.8861265995061,37.494905799944796],[126.8857756997585,37.4937422993727],[126.886723699691,37.4941823991589],[126.8888685999748,37.492682199672196],[126.88991349962521,37.493046899750205],[126.8895024997297,37.491985499830996],[126.89138649936369,37.4922015993854],[126.8914496002968,37.4912848991344],[126.8957525005247,37.4904196987139],[126.900136000294,37.4961476993123],[126.8997023006788,37.4971622996425],[126.9003980002711,37.4992665001845],[126.89976890108039,37.500276399754696],[126.9025193001812,37.5035261997227],[126.9032928994076,37.5038589993899],[126.9066554986424,37.50242529942],[126.9089947975285,37.502639099453006],[126.90805779846549,37.500148001944105],[126.9063659001574,37.5009567011354],[126.9061767994981,37.5002042001527],[126.90818749948029,37.497836500286496],[126.908804899686,37.4987547991188],[126.9113590990254,37.498224498734096],[126.91173689990599,37.4990908989581],[126.91611499913121,37.498147699759194],[126.9151367995583,37.4966280991734],[126.9167054978662,37.4924430997452],[126.91799119939141,37.4927986994156],[126.9174904990297,37.4914103004337],[126.9189760011116,37.4919594998241],[126.9178620012033,37.492186600096],[126.91891970014561,37.4933603989222],[126.920479599693,37.4931262989467],[126.9215741994088,37.490690898665996],[126.9239086989148,37.4890920997591],[126.92418389875711,37.4881668002497],[126.9230562993344,37.48748549986],[126.92273969866399,37.4833796003878],[126.9215700990211,37.4831638004575],[126.9217813995427,37.4824576999181],[126.9232850994013,37.482736199531494],[126.92556399973239,37.4795517994903],[126.9292475995797,37.4778993997935],[126.9301516991911,37.4763140000625],[126.9324479989307,37.4762868996441],[126.9325063983376,37.474049200598806],[126.9309049987063,37.4735588017006],[126.93107829872649,37.4713968007592],[126.93025799956379,37.4712945002769],[126.9325679993444,37.4709439993467],[126.93323579937281,37.4701169994006],[126.9332422993663,37.4690242004934],[126.9326922992488,37.469213798599895],[126.9337297999079,37.469944698993196],[126.9346355005363,37.4691231996243],[126.9382727000716,37.4709384998839],[126.9369063010002,37.4710923003475],[126.9370974008314,37.472284299553195],[126.93597120026679,37.4741787998128],[126.9380553997612,37.4760062991577],[126.941992599935,37.4759504996422],[126.9423430006096,37.4769960995457],[126.94346180020689,37.4759862989016],[126.9447729988957,37.476809098078796],[126.947410900398,37.4765644983857],[126.9499879003488,37.4770700983031],[126.95042320055191,37.4779022990206],[126.9513558996192,37.4777402991826],[126.9518713990299,37.4728758984278],[126.95493860299061,37.4730103981399],[126.9562774016518,37.4741764969738],[126.95924689887799,37.471787299007104],[126.9609679993541,37.4733340977047],[126.96207339824869,37.472514798523996],[126.962697499111,37.4696181988088],[126.9637993992683,37.468986098428104],[126.9649111981565,37.469179198235],[126.96677059796541,37.4680881975655],[126.96688500006721,37.4694854984814],[126.9680993988528,37.469249898717],[126.968824499031,37.4681147984219],[126.9702104992638,37.4685375985845],[126.97100619914531,37.467042298832304],[126.9728054003035,37.468936297225206],[126.9747245983843,37.4677653983961],[126.9733095995985,37.466047599505906],[126.9740155994378,37.4650136979783],[126.9747017996134,37.4659587986147],[126.9772968997277,37.465246799356905],[126.97951790097251,37.4662680985531],[126.9800453003088,37.466756702203],[126.97891290144119,37.466915702044],[126.97829110206301,37.4690709998887],[126.9806033997507,37.4710080979516],[126.9829779973761,37.469993498966204],[126.98522290055689,37.4668220980451],[126.9863224999335,37.4679953995277],[126.98809969983341,37.4673458988961],[126.9884371995754,37.464687501236895],[126.9874359989174,37.4609114995024],[126.9886868988555,37.459392799438305],[126.9878057997366,37.458721900109204],[126.9885778999213,37.4572692999339],[126.9913563016121,37.455059298208],[126.9957088977761,37.4546053982227],[126.9941253986196,37.452001599877605],[126.99563519818399,37.4496025003777],[126.99456989888441,37.4480718994564],[126.9957481991014,37.4472290003986],[126.99551579975301,37.4460372987769],[126.9961794018028,37.445750400981204],[126.9962950016872,37.4473840993475],[126.9983525003788,37.4467054996013],[127.0010559993088,37.4478218983941],[127.0022716980931,37.4474902987257],[127.0026469995522,37.4444473998953],[127.00330669981119,37.444538799472696],[127.0041726989452,37.442914701096804],[127.002158100062,37.441050598461096],[127.0042643991731,37.4401710983314],[127.00543479981441,37.440501398966404],[127.0053730000842,37.4394846994925],[127.0072822003418,37.4401747991455],[127.00816499945901,37.438201001119296],[127.0066002997952,37.4358147006241],[127.003123000241,37.437215000970504],[127.0030018995017,37.4385729006991],[127.000264199796,37.4387228003241],[127.0015178984531,37.4376842998087],[127.00245909851469,37.4331829999926],[127.0074135985038,37.4326409976106],[127.00866890075821,37.4315290986583],[127.0093482000573,37.4318561018657],[127.0073183020872,37.4328603008615],[127.0067721026334,37.4355712981505],[127.0104360026874,37.4342396957988],[127.0096011032298,37.4344306015378],[127.0092717035592,37.438740797227595],[127.0100487054442,37.441041898936405],[127.0129600027971,37.4441875005584],[127.01041960078511,37.448559400471204],[127.00962559962781,37.4484190026563],[127.0060982009533,37.4515217010588],[127.0058660979557,37.4491600012726],[127.0030952006398,37.450584099734],[127.0031709007864,37.452899999939596],[127.0020054019519,37.4541897986498],[127.0067886006725,37.454794199918304],[127.0060434982855,37.4557154028067],[127.00138750294151,37.456948101574],[127.00095950340949,37.4588280028298],[127.00028590019,37.4577888024978],[126.9961001981973,37.4576506024832],[126.996693298425,37.4568010009169],[126.9957088994094,37.454605403112495],[126.99135629935711,37.455059301561406],[126.9901786004381,37.4566488010298],[126.9885779016484,37.457269300819],[126.98855930166701,37.4583270997612],[126.9901311012007,37.4589463994837],[126.9887375026557,37.4599792000797],[126.9935692032369,37.4636874983507],[126.99332910299,37.466292600455205],[126.9944067019124,37.468929797818],[126.9970105011338,37.471482498918704],[127.0020006961436,37.4702819001193],[127.0012696019299,37.4682975989675],[127.0027497013637,37.4698725987923],[127.005213202909,37.4696947999292],[127.0057839020101,37.471608899434],[127.0102835002007,37.4742048981919],[127.01433779612171,37.4729862967856],[127.0174507948071,37.4686499935428],[127.0179179019146,37.4711090974648],[127.02122110169381,37.4693816987122],[127.0179179041973,37.471109100270496],[127.0218220002932,37.4730109983686],[127.022287300323,37.4722497991914],[127.0218220005623,37.4730109997072],[127.02500479882251,37.4744296987761],[127.02347589952659,37.4722061003748],[127.0244027993467,37.472372699587],[127.0239429993654,37.4702171000978],[127.0247028993999,37.47029619919],[127.02503179907099,37.4692669002193],[127.02414709983809,37.469235499462705],[127.0253227986624,37.4684903002079],[127.0249345993925,37.4644148998071],[127.0267343012238,37.465948599158395],[127.0303690978278,37.464127699178],[127.0315505985623,37.4601632013541],[127.0300829998413,37.459781199298405],[127.0315327983915,37.4597873992922],[127.0317461989183,37.4587861988953],[127.0331604998555,37.459029698353206],[127.03524519825491,37.4573463993121],[127.0399257023595,37.4571502974428],[127.0413860007998,37.4585087998394],[127.0391702011663,37.4609843007457],[127.0393775008116,37.4633291997054],[127.0403546000641,37.463498999653],[127.0425040995942,37.4615442993111],[127.0443331985809,37.4615364990165],[127.0450296990715,37.4594362000559],[127.0441151991336,37.458508299798396],[127.0459835996163,37.4596232989244],[127.0472713958834,37.451816201323005],[127.0460271971276,37.4503479027913],[127.0454052928586,37.4470130983225],[127.0474485971302,37.446106194107905],[127.0493805951982,37.440232799981295],[127.04736879721,37.438877801336304],[127.044641798758,37.4394272998069],[127.0581294967114,37.4377601958289],[127.0620130977162,37.4343131953693],[127.0669702015562,37.4353775995395],[127.06460100087439,37.4372376999915],[127.0633288021466,37.4427550944741],[127.0666571054002,37.4464463004604],[127.0654088020198,37.4502021009872],[127.0640867005025,37.448019502003],[127.06261900197019,37.4490596009629],[127.06384950080701,37.451149199710606],[127.0662552006068,37.4523027997236],[127.0676402003994,37.4550974007322],[127.065361701748,37.4563163012367],[127.0619075013098,37.4563295022932],[127.0613803994796,37.459063702018504],[127.0591365017235,37.4579211031611],[127.0573689022269,37.4585222041018],[127.0534642027216,37.4680563003761],[127.054491801694,37.4711342972981],[127.0568640006681,37.4735769953871],[127.059632898652,37.4722053967234],[127.0604531004987,37.4741306980245],[127.06394429700751,37.475339196816],[127.0660417987978,37.4732077961434],[127.0662644026136,37.4754072987897],[127.0696386996658,37.4750176990282],[127.07119380127351,37.472051097065],[127.0702362020155,37.4741630978347],[127.072502802735,37.4783282991171],[127.0758150994805,37.4808980967673],[127.08065299977349,37.477218998727],[127.0862732994845,37.4790287965081],[127.08751170099059,37.4774192992206],[127.0890794018123,37.4785318998361],[127.08740790060071,37.4779755001761],[127.08698850113511,37.4794715003077],[127.0842864028462,37.481388799151496],[127.08527640185619,37.4834877970525],[127.0866501010097,37.4836873969844],[127.0881598994999,37.4836291970426],[127.0921899001,37.481336297009506],[127.0937453992651,37.4782425990184],[127.0954925001145,37.477599699727996],[127.09725539835159,37.4788655984621],[127.0984484991334,37.4769258983047],[127.0995805001282,37.4777619978276],[127.10148769923391,37.4774094986144],[127.1044592001316,37.47495789765],[127.1065737002648,37.4753568983061],[127.10874200184061,37.4761737005949],[127.107683600556,37.4778665009696],[127.1068787005717,37.4777506004388],[127.1063295002453,37.479664700033],[127.1090463986375,37.4817496977127],[127.11024249799709,37.4792826995534],[127.1112523021564,37.4796872986655],[127.1097692016812,37.483148998978194],[127.1123827990676,37.4846130975141],[127.1128089007278,37.4840265990702],[127.11238280076371,37.484613099845895],[127.112980500166,37.4851962992627],[127.1144439990574,37.4847484993966],[127.1144634999885,37.48302789942041],[127.1166719980354,37.483360899221],[127.1178664992843,37.481428598354604],[127.119358599302,37.4819848984337],[127.1228673999007,37.4764226999373],[127.1216868995258,37.4743913022124],[127.1207041005086,37.476161700442],[127.12008350004771,37.475886500841504],[127.1192405998768,37.4768386000247],[127.1199958973128,37.4758475985713],[127.1178974991186,37.4706798999698],[127.1181924983271,37.467274000880806],[127.1168602982807,37.4661116009408],[127.117751499568,37.4648573986147],[127.120841101611,37.465342198455104],[127.119712301296,37.4655901000678],[127.1205771004312,37.4670202986376],[127.1232439012182,37.4661010982129],[127.1249976994644,37.466956197357796],[127.127031498002,37.4635682000864],[127.1255826988146,37.4600807007293],[127.12594900005091,37.459317698685396],[127.1284928017626,37.461475799903404],[127.1302693006096,37.4617980999798],[127.12969340384899,37.4646595007053],[127.1312411023013,37.467115798249004],[127.1330217005207,37.467423797941],[127.1360427006453,37.465173299829694],[127.1362333008328,37.4661312004393],[127.1355558000947,37.465409600625804],[127.1341392015113,37.466366699668704],[127.1334455006202,37.4682547004],[127.1317979001919,37.4697629005068],[127.1272182003307,37.471195200986294],[127.1267486003409,37.472802900690496],[127.126366899056,37.471028001143694],[127.1245464005693,37.4700854004487],[127.1257756003489,37.4743382989176],[127.1270543013455,37.4740976998526],[127.1257756008892,37.4743383003094],[127.1263787002861,37.4754187992289],[127.1285729998268,37.4752508986994],[127.12961650063039,37.477099599062505],[127.13095629960189,37.475479800019805],[127.1302142993877,37.474826198902704],[127.1330505999736,37.4746786996356],[127.1316786000537,37.4780496002123],[127.1327150990149,37.4757865000781],[127.13095630077369,37.475479800384804],[127.13059580113419,37.476542199322395],[127.13210050017561,37.479244400011],[127.1317239004339,37.4806350002277],[127.13081280065511,37.4805875002411],[127.13135870021021,37.481635599453995],[127.13207170029939,37.4813397998758],[127.131154900931,37.4818591001927],[127.1313790006551,37.4827613001683],[127.1300664005508,37.482208401169295],[127.1300114000028,37.4833905006734],[127.1288717007433,37.4831722005231],[127.13067180066051,37.4846003005722],[127.1303742003062,37.4865845991956],[127.1310780009314,37.4861108008202],[127.1303742009255,37.486584600821],[127.131724600368,37.4884318001782],[127.13036080048491,37.4895976998004],[127.132369599561,37.490975799067],[127.1336464006132,37.4902326002508],[127.133448700345,37.4916427003038],[127.1320943008953,37.4917883998572],[127.13339089999779,37.4931789992556],[127.134293900245,37.492141099216795],[127.13508000033,37.49237999972],[127.1352722004585,37.4950475990307],[127.1362372994934,37.4958691982091],[127.1377828989892,37.4947726991554],[127.13909849878151,37.49551489874511],[127.14181879967549,37.4933763993193],[127.1434885987385,37.4919571998906],[127.1425036985739,37.4904201018045],[127.1433216001025,37.490081699474395],[127.1435233001274,37.490996899464896],[127.1445270004467,37.4902105995127],[127.1472063999109,37.4910376991884],[127.1474689007105,37.492474699366504],[127.1482937006838,37.4928821004088],[127.1481669010047,37.493843000752896],[127.1449376002523,37.496164700208],[127.14173939972501,37.4943990010971],[127.1371707014336,37.4975158992937],[127.1375995010048,37.4983622984473],[127.1392814002852,37.4983553993955],[127.1386717009489,37.499301299406696],[127.1393713008857,37.499895199474295],[127.1386716994725,37.499301300851],[127.1378383003059,37.4998364003159],[127.1364926005929,37.5024399996836],[127.13783690066289,37.5041067998081],[127.1371007999895,37.504660100118905],[127.1364205004447,37.5041401006311],[127.1367575025734,37.506050599977705],[127.13942640008361,37.5073022991977],[127.1403789007352,37.5069508998259],[127.1369919033305,37.5097666987702],[127.1387122016483,37.5111623974662],[127.13868240078439,37.5133854002861],[127.13671990100231,37.513921800547095],[127.13681840090379,37.514629599839296],[127.1378990998231,37.5152791991897],[127.14103469843211,37.514738298933196],[127.141484901455,37.511331497928595],[127.1419471021414,37.5124423992564],[127.1450964011855,37.513612199527195],[127.14656790117209,37.5152852991758],[127.15039830077221,37.515800599645196],[127.14945230048659,37.5163973009692],[127.14948940071879,37.5185042000215],[127.1477644009473,37.5192046002376],[127.1483176025082,37.5222838979154],[127.149993802123,37.5236482980856],[127.1517181034149,37.5277717995347],[127.1536101015229,37.5301216971848],[127.1555939007962,37.5300975987929],[127.154733601704,37.5316922995652],[127.1564587001633,37.531689799425806],[127.1569047024621,37.532633700255],[127.1544373026868,37.5323049022055],[127.1554268016973,37.5358872986231],[127.15684090051701,37.536713199834104],[127.15327160493399,37.5402637993582],[127.156761602543,37.5460793948895],[127.15744890385581,37.5459042969648],[127.15679870001479,37.546828600196],[127.155860100704,37.546462600385496],[127.15649760031589,37.549149597875],[127.1577932990202,37.549483897540696],[127.16073610189069,37.5482798986828],[127.16127800059999,37.5490042999142],[127.1603838013215,37.5506774991159],[127.1621003996049,37.5511267986666],[127.16506309895979,37.5505865990593],[127.16587649938259,37.5489605995417],[127.1666651992584,37.5491940992927],[127.16698630021631,37.5476436996422],[127.1675189006001,37.5488335996051],[127.1693159003646,37.5496983001972],[127.1700776003168,37.5530334983351],[127.1744726990594,37.5535347980511],[127.17492369926599,37.551744399573195],[127.1743800000428,37.5512497993564],[127.17575100087501,37.551819800219796],[127.1746262021243,37.5551108993809],[127.1732511021145,37.556199399994],[127.17443930092631,37.557203198990194],[127.1789370990117,37.5578074976167],[127.179355798593,37.555120200303996],[127.17822969918241,37.5546664999338],[127.17934889966439,37.5546617990449],[127.17959330016359,37.5536135992482],[127.1802926000697,37.553933399756595],[127.1802427014208,37.5563334992502],[127.1826114014977,37.5568866988331],[127.1830370008178,37.5587508991742],[127.1850401003393,37.5596957002601],[127.1829268016881,37.5590935015241],[127.1814260019855,37.560068901528396],[127.18190750017749,37.561752500033094],[127.18006469989331,37.5615588013701],[127.1796163996655,37.562771600217395],[127.17764319907731,37.558722802781496],[127.1754232005443,37.557498303967996],[127.1720802000698,37.5628964007011],[127.16800310040061,37.5619059008215],[127.16241499920879,37.5630097026675],[127.16068110094271,37.564117001560206],[127.15986669830609,37.5628634006832],[127.1574770006958,37.5624817010649],[127.15696539980691,37.5644822009116],[127.15644050005561,37.562913301220696],[127.1519815994577,37.5620344030392],[127.1485284984496,37.5641678013635],[127.1448429021352,37.561909303622],[127.14304259897091,37.5628965019135],[127.14364369801329,37.5588727024192],[127.1399923978348,37.5560290033724],[127.1365118000001,37.558914400498],[127.1349593001924,37.55681510152],[127.1337576013941,37.556559501775595],[127.1325162026355,37.5586037997313],[127.1334144016135,37.5598546008581],[127.131408299608,37.5609865011674],[127.13058169846589,37.560988300899496],[127.1287981003126,37.5579725024143],[127.1270057006724,37.559833101733496],[127.12390139518689,37.556838308906705],[127.11510870397959,37.5613228044222],[127.1102874998759,37.5587781020442],[127.10895170121171,37.559446901375395],[127.1084019002173,37.5577680021091],[127.104644203975,37.559917499959596],[127.104745100711,37.561472302652],[127.0969278049465,37.5635443999243],[127.0966863057847,37.564156501191704],[127.1027499004994,37.5717620965895],[127.1043380058825,37.5696255968896],[127.1043154030291,37.5716141015018],[127.1031536041909,37.572205600910294],[127.1020837052608,37.5772690958468],[127.10491160243289,37.578555794560096],[127.1077941995503,37.576745296370596],[127.11217040071709,37.576489899203196],[127.11328660002009,37.5786868974901],[127.1144081025984,37.5789841973611],[127.11328659882139,37.578686902023904],[127.1121703999376,37.5764899042209],[127.10931120279679,37.5764070043038],[127.10933870276929,37.5811040996067],[127.1103753021694,37.581714101102996],[127.11003220216341,37.5869822979501],[127.1131089058369,37.5874921009441],[127.1111729006434,37.588652902287],[127.109095302721,37.591899199040704],[127.1111834018009,37.593283399797095],[127.10757850327221,37.5971895979769],[127.11193379891691,37.598872796293705],[127.1122775019017,37.6002551986143],[127.1156866022967,37.601709900736104],[127.115589402709,37.603859200737205],[127.1136726006584,37.608510601275604],[127.1126897016413,37.6086047011815],[127.11334570098529,37.6106347991514],[127.111830200091,37.6091684030296],[127.11100060092059,37.6122102999877],[127.1112167007045,37.613561298636704],[127.1121674997537,37.6123908998071],[127.1132709003718,37.6128191989991],[127.11338000246471,37.6137916988556],[127.1123379006733,37.6160754005386],[127.1124011010052,37.6191828004401],[127.1109085015261,37.618993701117894],[127.1107777016569,37.6212420988695],[127.11243710081709,37.6207194996483],[127.1158521002355,37.625044198243295],[127.1183927002453,37.624155799566694],[127.1190455000671,37.625415298749],[127.1214154976971,37.6262104979538],[127.122261205825,37.624832693837696],[127.12842980205251,37.629071499027404],[127.1266256034177,37.632279498407],[127.12984800399799,37.6361793993396],[127.1300277016023,37.640752399773],[127.13153030038349,37.6408212009649],[127.1304261014877,37.6416225001636],[127.1317795001343,37.6424902992958],[127.13334170005841,37.6413443000194],[127.1325547006645,37.6433021991119],[127.1330650001542,37.644343898070204],[127.1370917978573,37.6439397988393],[127.138866897988,37.6382756033321],[127.1382252998758,37.6377393986162],[127.14056430020149,37.6387163992176],[127.14120059990971,37.637390399615],[127.1418024017761,37.637795699746],[127.1405643021887,37.6387164003696],[127.14012380153609,37.6403502007376],[127.14115430119179,37.6439691974195],[127.1432454991006,37.643651697737],[127.14315530030521,37.6415497996291],[127.1443842990762,37.644195696983196],[127.1469509980004,37.64402079645],[127.1487795016813,37.6393931992286],[127.1494746023417,37.640608301659896],[127.1480841037322,37.642250000018194],[127.1481281049425,37.646595998911],[127.1505449025257,37.649866995640004],[127.15350880054369,37.6503522001195],[127.1522867003905,37.6540670000892],[127.1500420014706,37.6526713019875],[127.1468983033172,37.6568531992967],[127.1466047022751,37.6589212017196],[127.14379480127829,37.6600159006423],[127.14510239941279,37.6586667002482],[127.14463989938581,37.6574784006604],[127.1382460966223,37.657429505903096],[127.1382495985268,37.6552370005576],[127.1359271977814,37.6515002034799],[127.13180150144309,37.653540301836905],[127.13015250158199,37.6535397018821],[127.1299468008838,37.6560329006184],[127.1279429006691,37.655984001040494],[127.127479499762,37.657054601019006],[127.1279428991642,37.655984000906294],[127.1258485998697,37.6552340004023],[127.12607769914389,37.6542029007623],[127.12397659934531,37.6530280003935],[127.1237809988977,37.6517417006799],[127.1256271991592,37.6490189006497],[127.121397300769,37.647526201637405],[127.12120690095941,37.6490670000966],[127.1193923001134,37.650669100224604],[127.1183402005653,37.6503592008048],[127.11795330042919,37.6513600007512],[127.1173969993238,37.6495808004588],[127.1152446999915,37.6497998003492],[127.114410800209,37.6483861008074],[127.1137485005272,37.649332200083606],[127.1144387003903,37.650490000273194],[127.11199589988169,37.6506011002901],[127.113254099106,37.650174399490794],[127.1126969995523,37.6485797996097],[127.1135924002183,37.6490849991046],[127.1142250995856,37.6482937998958],[127.1133031994153,37.6470965005197],[127.1115226996091,37.6466370011549],[127.1111307991554,37.6440065997505],[127.1120664989318,37.642091300087195],[127.1115315994667,37.641093501084995],[127.1064815001824,37.6441600006934],[127.10488769865111,37.6439784026655],[127.1031298949343,37.6425518025412],[127.1038448954349,37.641932098778696],[127.103911795368,37.63769080302],[127.0972866019932,37.6334250072858],[127.0940393040249,37.6427761023169],[127.0891757037304,37.645654402497996],[127.0882022043309,37.6499737990495],[127.090794101739,37.651445597577705],[127.0936847023775,37.6546276017558],[127.0920480040142,37.657501698881696],[127.0958514002108,37.6594587969246],[127.09785200093181,37.6592520000084],[127.0969355008164,37.6619336007859],[127.09646340416171,37.6701797007867],[127.0944491048028,37.6737071054116],[127.0960096033407,37.679204400779604],[127.09245489917521,37.6843478029303],[127.08505870263531,37.6827929032679],[127.0825695990532,37.6858708021311],[127.077911000515,37.6867627039649],[127.07402930181111,37.685366205208496],[127.05710160653159,37.6946662002253],[127.0600663035669,37.699369695521796],[127.0626494032638,37.6997517011192],[127.06026340226549,37.6999876036864],[127.05765450487439,37.702587101086905],[127.0591003011638,37.7069869006994],[127.05786589948059,37.70762100085091],[127.0573317000148,37.7065645019074],[127.054883502463,37.7057077027642],[127.0518376055089,37.7078004006715],[127.05094520642591,37.7130446990641],[127.0522593033196,37.7176195976167],[127.0568577987211,37.719717195519095],[127.0592570014893,37.721932899203196],[127.0599007005143,37.7238174000203],[127.05834630049989,37.723554200776405],[127.05810990073931,37.7247990996695],[127.0597004002274,37.7247431996868],[127.06076469978699,37.7262317989548],[127.06134660049999,37.725346199658894],[127.0621150009796,37.726274500325204],[127.0612301002841,37.7261683005424],[127.06156010000379,37.7276345000809],[127.06025800077991,37.7269693005466],[127.0593214011281,37.727587500837],[127.0600954003219,37.7288894001664],[127.05856490046989,37.7292933006217],[127.05653070027769,37.732304900249005],[127.056498800307,37.7333384995403],[127.0583539000723,37.7338319995815],[127.0587875002916,37.7360362983891],[127.06037089999319,37.7359212009453],[127.057855999794,37.7373754005453],[127.055713101858,37.7372887006166],[127.0573345011469,37.742845198363895],[127.0596376003528,37.7433304989397],[127.05878760105641,37.7447294002209],[127.0577933002514,37.744703300019594],[127.05818240042001,37.7464586986641],[127.0594013001988,37.7471010001394],[127.05844539957549,37.7474901002819],[127.0576167990975,37.744983200843],[127.0551822998856,37.74593670065],[127.0538079999316,37.7453515008407],[127.0532169996946,37.7460479004056],[127.0517484000597,37.7458240009628],[127.0504290995748,37.7474095007851],[127.0479901007432,37.747480200311095],[127.048380600063,37.7481026006251],[127.0467370000719,37.747002100631704],[127.04573190036861,37.748110400000904],[127.0461834003858,37.7489060003714],[127.0453250003686,37.748555600660204],[127.0448412000539,37.7494848002258],[127.0442258998795,37.7493316999574],[127.04509749920099,37.7485095003268],[127.0440451000985,37.7478947009019],[127.0436183996292,37.7490600009238],[127.0435123996581,37.7482879006981],[127.04223449962251,37.7478379999903],[127.0428039996638,37.747042300321],[127.0419004996657,37.7472465999904],[127.0416785998487,37.7456377003608],[127.0401621002547,37.746794300416795],[127.03747960015319,37.7462890003804],[127.0366357999836,37.7471928004424],[127.0363736989541,37.745753400948],[127.0355715997562,37.7454505012509],[127.03461339996579,37.746776400746],[127.0337023996122,37.7456644005464],[127.0327672999674,37.7459419006408],[127.0316570000059,37.745113000793104],[127.03129129946001,37.7456861002377],[127.0315121991991,37.7436487002333],[127.02997069892581,37.7426820999937],[127.0308375004157,37.741708599511504],[127.03150839974481,37.7428321983879],[127.0323709988822,37.7425911986289],[127.0325538987147,37.7410500000994],[127.02959600032929,37.7403653009936],[127.02924999852901,37.741591198742405],[127.030075497806,37.7391911991746],[127.0295425968548,37.7376134989422],[127.03179999927501,37.7382524984831],[127.0332713988933,37.7349484992908],[127.0327915992624,37.7343670988341],[127.0344932000633,37.7341277987259],[127.0351071994493,37.7331835996701],[127.0337423980652,37.7278203022153],[127.034901699612,37.727601798467205],[127.0359048988432,37.723151302587496],[127.0337438969363,37.722464698049],[127.03794340023211,37.723115197839405],[127.0400775989667,37.721756299938],[127.0418969981693,37.7183549011595],[127.0381769993822,37.7166464995611],[127.04020079843589,37.7156123994463],[127.0402851989881,37.7140918998449],[127.0405011006569,37.7152201987332],[127.04217399904171,37.714927499008304],[127.0423697980779,37.7125062987539],[127.04221529823239,37.710451300808906],[127.0393746002569,37.710192300804906],[127.0363596031438,37.7117041997302],[127.0374264015413,37.7131782997165],[127.03857860008449,37.7133263008312],[127.0363043993559,37.7132829027132],[127.0374263985986,37.713178299507206],[127.0363595994104,37.7117042006458],[127.0338445947926,37.7109656000783],[127.0346947976404,37.704161400153296],[127.0328224962764,37.7030221960461],[127.0385632908695,37.6955708004096],[127.0310832983495,37.693342402637995],[127.0303199991128,37.6937452022352],[127.03108329614291,37.6933423954146],[127.02795639865879,37.6878418996153],[127.02908599784331,37.6857561993627],[127.0285064984228,37.6846795004394],[127.0303386992291,37.683657098520996],[127.0280212963402,37.676585698889795],[127.0292258999225,37.673805999992396],[127.0280213012812,37.676585697323695],[127.02862290067961,37.6768541970552],[127.0298361994663,37.677062296847105],[127.03160799769451,37.674423499485904],[127.0290945000539,37.6736669001315],[127.0290525986712,37.6700808028115],[127.0269107008131,37.6705680023243],[127.0263859996935,37.6718748003876],[127.0264520989941,37.6711834013909],[127.02057400119989,37.671489404875295],[127.01415160762231,37.6748353015294],[127.0120975005206,37.679200303956996],[127.0118290007891,37.6826324005249],[127.00959709884229,37.6833557007284],[127.0077069002396,37.682749900797695],[127.0074127997846,37.683330001491],[127.0025080932377,37.6787118050892],[127.0028542919782,37.6754092987267],[127.0005826942498,37.671500002636],[126.9940147008178,37.670908603227396],[126.99369190114061,37.6740818000542],[126.9927245955117,37.6738966972543],[126.99399509726791,37.670854298193],[126.9940968971661,37.6662259028214],[126.9926190958367,37.6649055987044],[126.9940968997707,37.6662258959388],[126.9988631950044,37.6656435965211],[126.99950249460251,37.658026303748706],[126.99831739578761,37.6560164057586],[126.9924957016093,37.6568711049039],[126.98936539763069,37.6598489024079],[126.9902950920761,37.6553878954747],[126.99332609623491,37.6485120953313],[126.9915090980519,37.6433396005038],[126.9897684975666,37.6429692987955],[126.9895939959553,37.6406337988542],[126.9847289008204,37.6366464028416],[126.98280749778961,37.6361719026451],[126.97982489729999,37.628369404930595],[126.9779785981439,37.6287641043403],[126.97654109564441,37.6269527979061],[126.9780348941506,37.625807799051096],[126.97571909560051,37.617233405518604],[126.9739665965532,37.6159556062635],[126.9745558992267,37.6156480997299],[126.9726561995415,37.611830100868396],[126.97137189946359,37.6113301013603],[126.9721689994214,37.611593299374306],[126.9725855991317,37.6090406017126],[126.97128649886271,37.6070109996636],[126.972080900002,37.60746489949889],[126.9761394955151,37.6058810001966],[126.977708598202,37.6015092995819],[126.97570469802669,37.596177501019405],[126.9726646986281,37.596319298281195],[126.97510749992159,37.5957289992151],[126.9759347978015,37.5919704010962],[126.9749593987769,37.5905895024771],[126.9688915012553,37.591233903432],[126.9686041015427,37.594467100198806],[126.9699315007892,37.5949796019039],[126.9658831012685,37.5940320021235],[126.9640975002377,37.5974783010847],[126.96174819964921,37.5963719002446],[126.9603043989345,37.5915298012328],[126.9580486011903,37.5916169011457],[126.9558751006826,37.595897800927204],[126.9561355998659,37.5976050012783],[126.95377409994491,37.5969814039526],[126.951161002558,37.6004391004949],[126.94985670035929,37.6053297000052],[126.9491409993159,37.6036383004605],[126.9482228998625,37.603493200323506],[126.9412271023435,37.6060236024785],[126.94126340172309,37.6106956993696],[126.9434319070172,37.6150201023162],[126.93978680045629,37.6132757033982],[126.9378827023604,37.6152800013939],[126.9364773996471,37.6154812024485],[126.9353337006355,37.6172728006254],[126.9367586047869,37.6201318985663],[126.94023420418,37.622570402746504],[126.9372496071646,37.6263437989731],[126.9339736027047,37.6264879005474],[126.93544660054421,37.627924500208096],[126.9320863010034,37.6265531025183],[126.9313856017041,37.628822600248796],[126.9319198006176,37.6296393999976],[126.9311441999245,37.62888440122509],[126.9299888010799,37.6295822005273],[126.9298563012124,37.6311630989464],[126.9330693021612,37.6334717982171],[126.9333586015892,37.6350160986901],[126.93229020003089,37.6362195006078],[126.92932210219129,37.636930700088904],[126.9298786017872,37.6388733027435],[126.9279379008682,37.6399921012424],[126.9253433030767,37.6397888012776],[126.9266933019252,37.6441977973977],[126.92886920030449,37.6440093001866],[126.9271585009692,37.644446799779196],[126.9278253002346,37.6460541011043],[126.9254063005857,37.6459678006364],[126.92496850059301,37.6484217002828],[126.9242278000021,37.647836400582705],[126.9217221024274,37.648386600087505],[126.9222803014306,37.651925700134],[126.9206403013339,37.652341900567],[126.9215328008404,37.6541917015457],[126.91950889967289,37.6549730031293],[126.91823690094489,37.6540684040339],[126.9143602976748,37.654331405501495],[126.91125719711839,37.652889102117705],[126.90874299963261,37.6538653011415],[126.9066475017281,37.6531949018119],[126.9014926006012,37.6546837034948],[126.8998694022244,37.6582695999089],[126.9010300004341,37.659618700196205],[126.89821230111829,37.6582304016426],[126.89244650025161,37.660140900505],[126.89223459992729,37.6596587989967],[126.89344149934149,37.6598606985009],[126.8937868989961,37.6570683012933],[126.89160029995149,37.6574525003282],[126.89146119973259,37.6559038015115],[126.8898520001303,37.654901601583],[126.88600820082071,37.6541748029108],[126.8870140987018,37.6532851003739],[126.8850274995207,37.6510193000202],[126.8879481996495,37.6519416978074],[126.88839089920681,37.650499499249605],[126.88770359994899,37.6490557991679],[126.88899620013649,37.6495262989444],[126.8928485004197,37.6472328983736],[126.89748179899969,37.6482294987414],[126.8964743995015,37.646411600382],[126.8978138997156,37.6463702992394],[126.8986873986123,37.6452532981479],[126.9006148005085,37.6475399995332],[126.90212980025879,37.6474595999156],[126.90093920147389,37.6480033998477],[126.90088300161979,37.6500220978816],[126.9040538999373,37.6488408998621],[126.90462889969311,37.647366699713],[126.9058819992471,37.6486695985372],[126.9078776993877,37.6480748984053],[126.9079006993762,37.6465409998076],[126.9115921956832,37.643608599679],[126.9104600967473,37.6393446013443],[126.9074388988368,37.6336247990068],[126.9113856978878,37.633221495893196],[126.9127508000751,37.6343318985675],[126.9148604979654,37.6342176986817],[126.9180512987278,37.6324799973753],[126.9190659977131,37.6302768995784],[126.9176192991598,37.628686201169096],[126.9166793000998,37.629739400115895],[126.91448360077,37.6295873004919],[126.91445179970549,37.630821700668896],[126.91142389945911,37.626450001812195],[126.9100796990314,37.6259201022309],[126.90881209996071,37.626542902408296],[126.9071369933941,37.6248349014332],[126.90714519973291,37.6187536996799],[126.90811769919111,37.619420299070605],[126.9098173981041,37.6184393991319],[126.9090639988575,37.6167968007745],[126.9075656003559,37.617207200364106],[126.9071384998584,37.616656300691204],[126.9066041994857,37.617348801035405],[126.9062154996964,37.6156794994424],[126.90704129887061,37.6154817996401],[126.9071328990766,37.6145059999228],[126.9070096994977,37.6134787002389],[126.9063103996438,37.6133898000204],[126.9077663999384,37.6130910993282],[126.9093646994645,37.611191999937205],[126.9091674995467,37.6100924000696],[126.9093647005159,37.6111919993699],[126.9100300998505,37.6111832993786],[126.91017719930791,37.609206299360295],[126.9094141993738,37.6085128004886],[126.91120839935701,37.605862200121095],[126.9078658991005,37.6044195003242],[126.90735819968171,37.6010474011841],[126.90651730052261,37.6012349009966],[126.906525600018,37.602631200222895],[126.9043550994881,37.6005624003747],[126.9031392998837,37.5981527032116],[126.903816299195,37.597440400253504],[126.90294569960571,37.597050700014194],[126.9041722987858,37.59606870013489],[126.90411589884219,37.5950395011641],[126.90198989920431,37.5951090018683],[126.90100699826081,37.5929107001296],[126.9005107982594,37.589715498129294],[126.90159159717861,37.5889010989437],[126.9012210975491,37.586897800947],[126.8989051993295,37.58589420106],[126.89760549916839,37.5840072012283],[126.8957134010605,37.5843186009169],[126.89515750025839,37.585749502267696],[126.8934643004131,37.5846325016269],[126.8917539000298,37.585726201381],[126.89168189914889,37.5841090008361],[126.89065429966669,37.5843495002458],[126.8919540985043,37.5834655004155],[126.8902377002207,37.582181201699804],[126.88915820130019,37.582672201208794],[126.88994370044941,37.5856106003104],[126.88904889868,37.5854125001973],[126.8881686995602,37.5831206024892],[126.8859824017465,37.584141601468204],[126.8857577019379,37.585920200003294],[126.88722700033719,37.587069500388],[126.8826043993655,37.5834155008817],[126.88156719918291,37.5835376004807],[126.8815434000416,37.5829649992491],[126.8839601984656,37.5821531995486],[126.8820971988081,37.580980498903],[126.886253698681,37.5760770973852],[126.88650079856929,37.5741535985996],[126.88813999883261,37.5730299988583],[126.8865386984571,37.571324298222],[126.8908786985856,37.5692517972274],[126.89009729867409,37.5663369983304],[126.89057799819341,37.5644219002455],[126.887077099789,37.562228300318104],[126.8856269984075,37.5628842005296],[126.8850427988111,37.5613695919184],[126.8855193004287,37.561790498884],[126.88635050071501,37.5606554991443],[126.8874802995852,37.560714599085195],[126.88701279684109,37.559434093853895],[126.8888026001249,37.559552999397],[126.8943537931834,37.5545307939907],[126.8973703943252,37.5531941928497],[126.8930231986724,37.545138600905304],[126.8936476994504,37.5444049000641],[126.8930037997889,37.542668200970304],[126.8919310008617,37.543467400171096],[126.8926652998133,37.5439691003827],[126.8898162003704,37.5438811006097],[126.8891716006724,37.5453184001961],[126.8884957001098,37.544575100403705],[126.88749339981,37.5452974002103],[126.8872719998838,37.544560399440705],[126.88849569866011,37.544575099426005],[126.8886507987437,37.5439521995611],[126.8878630997434,37.5430398000988],[126.8896621991131,37.5412335995716],[126.88943639933889,37.540126900678295],[126.88839779836651,37.5401801016756],[126.889193598756,37.53911510077349],[126.8887421992074,37.5380024018862],[126.88731440063519,37.5377574021312],[126.8846896020747,37.5413416005141],[126.88307590117459,37.5422119006633],[126.8835366003408,37.543456700267],[126.8830758992722,37.5422119013024],[126.8812763010718,37.5427282007861],[126.8831001002243,37.544206099885294],[126.8821194018462,37.5458846009945],[126.88235560161,37.547817699061405],[126.88612930034259,37.546200498213],[126.88450490088259,37.5473789003673],[126.8818671001814,37.5491222007828],[126.88217899940899,37.5479366001615],[126.8799327007954,37.547772701430105],[126.87800850138261,37.5503926006904],[126.87569599999641,37.5512844007692],[126.87248000022049,37.5505800009039],[126.8720483997906,37.549488700923796],[126.8705849997161,37.5501510001504],[126.8698233997997,37.548549901028295],[126.86872480051639,37.5487549008083],[126.8687581999543,37.549680600533904],[126.86837879940231,37.5492307004165],[126.8669035004884,37.5501943004352],[126.8664779999741,37.553029001431504],[126.86353990169661,37.5538060005424],[126.86338560185091,37.555147399201005],[126.8653117004312,37.555623099626295],[126.8638300003652,37.5584182002397],[126.86226760011519,37.5589185002303],[126.8628747012347,37.5601521015282],[126.8593252014131,37.558970601142704],[126.8592560008444,37.560613101039095],[126.85833290104989,37.560753901152204],[126.8586694004412,37.5628825004592],[126.8578030004448,37.5625121006088],[126.8569806006771,37.5632354002149],[126.8570641005003,37.5642905993147],[126.8580095008537,37.5640806998997],[126.85752120077,37.564627401040596],[126.8568990988915,37.5646972006985],[126.8555363993733,37.5620007007727],[126.854022400225,37.562246700987906],[126.85297899996381,37.564331700668596],[126.8525347995582,37.5638076004906],[126.8533385992197,37.5635444001092],[126.8533060992522,37.5626180010356],[126.8523681995515,37.563611000412905],[126.8516994002203,37.5628902011337],[126.85101450051431,37.5639263006959],[126.8503090988207,37.5636242007753],[126.8507409990297,37.5616837995767],[126.8512604004575,37.5614723997049],[126.8516994000741,37.562890198373495],[126.8529440992848,37.5622268988365],[126.8538798985919,37.5601015007319],[126.8523876985505,37.559741099459394],[126.853249398575,37.559372199392996],[126.85323299899531,37.5575475991508],[126.8547274005824,37.5593260984824],[126.8571353994137,37.558471599436196],[126.8584332995987,37.556970399520594],[126.85865760004211,37.5551841993766],[126.8591848002571,37.555909399304795],[126.8633855981376,37.5551473995733],[126.8635398979833,37.553806000914705],[126.8618655996576,37.5525359021848],[126.86046429820091,37.5531536980614],[126.8610157990195,37.550069400321796],[126.86272139911709,37.5489553001805],[126.8623634989638,37.5478088995651],[126.8632362996257,37.5478151988216],[126.8633836998901,37.5465308995816],[126.8651066004171,37.5461763992753],[126.8654714002694,37.547354598909095],[126.86642330024729,37.5471303992707],[126.86833249959629,37.5455220990268],[126.8684327000945,37.5444282996808],[126.86918249946409,37.544732099630494],[126.8697532997799,37.5429725997953],[126.8710611995427,37.543186599507095],[126.8713247001722,37.5422077995391],[126.87441779868891,37.5422751993479],[126.8750146997797,37.5398826993795],[126.87599999987,37.54094999841],[126.8771285002334,37.5402514986861],[126.8781105002791,37.5411801999331],[126.8782535001361,37.542903598209705],[126.8797433986462,37.541882999230296],[126.88047609914949,37.5400452995177],[126.8817325991241,37.539781599032196],[126.8814986001091,37.537678699280804],[126.8836254999404,37.53856049993],[126.8846067995071,37.536950299937004],[126.8866788994685,37.537089898321994],[126.8879124027316,37.5362422999134],[126.88919360035909,37.5391150991641],[126.88996419958849,37.5390759992032],[126.8913186997719,37.536379100229695],[126.89117829851071,37.5315211998611],[126.8885348990448,37.5306623011013],[126.88499480069291,37.5318527013002],[126.8814931004416,37.531588300798006],[126.8807545000489,37.532387300828304],[126.8793510001821,37.531386800863],[126.8786713008618,37.5321230001268],[126.8793743009972,37.5332063999384],[126.8784471008704,37.5341835000307],[126.8791646003579,37.5352611000227],[126.8779596002875,37.5355962008371],[126.8779435995551,37.5345240004785],[126.8771590998766,37.5349992002533],[126.8769369998939,37.5343145006261],[126.874957198506,37.5345524008331],[126.8738066997593,37.5338067007016],[126.8754126994571,37.5328970994403],[126.8751120999854,37.531538400461805],[126.8729594999266,37.531372501385505],[126.87218999941881,37.5328400006271],[126.87295949863719,37.5313725006496],[126.8707010999107,37.5305139010673],[126.8689930010869,37.5308584006557],[126.8682728018071,37.5320298994842],[126.86973860005631,37.533109600853706],[126.8683607003323,37.5329432008218],[126.86577919993951,37.5350272007092],[126.8627641996182,37.5355611006076],[126.862281399387,37.534413000644804],[126.8596338996698,37.5328886002876],[126.8595414997888,37.5318484010005],[126.8571227999049,37.5303122004348],[126.85685329874839,37.5290716998415],[126.8546455997074,37.5280810006758],[126.853184600839,37.5292814001018],[126.8553650004349,37.5323553000593],[126.853498100304,37.5344409004054],[126.8479661007393,37.5370578005798],[126.84687270012401,37.5362022004933],[126.8466525006871,37.5375776005848],[126.845583000907,37.537230800623306],[126.8448258003274,37.538160200244],[126.84625630055419,37.5423167003681],[126.84539090134909,37.542661500887],[126.8454459012941,37.5436853998631],[126.846348600051,37.5444637999665],[126.8449474006071,37.5450827001901],[126.8450553002573,37.546077300421],[126.8437817995103,37.5454277006468],[126.8427424997132,37.5459751004282],[126.8394476006812,37.544409800519894],[126.83932079998169,37.5459386003341],[126.83869350011321,37.5456029006923],[126.838191700615,37.546323199972],[126.840028600278,37.548432499027996],[126.8412993000272,37.5483856989952],[126.83969920157,37.54952120008],[126.8394820001822,37.551654500313],[126.8388390994627,37.5521252003784],[126.8372015007464,37.5508927008919],[126.8373594003878,37.5531944999478],[126.8357750994938,37.553361100157694],[126.8315943990387,37.5502535997181],[126.8312676989107,37.548777300214894]]],[[[127.1016126997487,37.397896701296794],[127.103324598275,37.397841999738795],[127.1035724995295,37.3967519990407],[127.1049576992335,37.3970742994376],[127.1049257996392,37.395816599108],[127.1065635996829,37.3957156996295],[127.10241789904451,37.3916391989824],[127.1040629003738,37.3915229987568],[127.1034715010946,37.392445199433396],[127.1045469000192,37.3924793993992],[127.1056874994643,37.3938920991082],[127.1086226981551,37.392589401085296],[127.1078422982002,37.3866795005003],[127.1094767007629,37.386711298537],[127.1108294999641,37.3852445997251],[127.1139662002407,37.3859728992335],[127.1177650001307,37.389927799428804],[127.1207845005419,37.3908865979564],[127.1225367005737,37.38978559867051],[127.1215684009749,37.3915152995369],[127.12338850045461,37.3935267993295],[127.1250470990304,37.3929931997392],[127.1245170992661,37.3921590991841],[127.1251469999975,37.392962498867206],[127.1259105995097,37.3922506992026],[127.1263559999068,37.3931967988406],[127.1270591992036,37.3926506993867],[127.1270093998381,37.3907365994828],[127.12836770004729,37.3901877992339],[127.1304011002174,37.3935031994421],[127.1325554009488,37.3922327995583],[127.13260290016099,37.3942119003409],[127.1294545000897,37.393973501324],[127.1285344010098,37.3947253005722],[127.1286420009022,37.3966061986913],[127.13039280061949,37.3976567000206],[127.1284156999955,37.3991468001382],[127.1285292994012,37.3966233008489],[127.1261174003559,37.3961260010308],[127.1253908989402,37.396781799712],[127.125047099288,37.3929932018647],[127.1233885009466,37.3935268013311],[127.1234203995665,37.395757100371],[127.1231267996656,37.393229400493105],[127.12199489971121,37.392964200681604],[127.1215683997336,37.3915153014555],[127.1205583007437,37.3914944014764],[127.11991960095901,37.3927866004609],[127.12079080095279,37.394083400058896],[127.119553901432,37.395885699939804],[127.12012750111519,37.3971620005263],[127.1190102007522,37.398861400185204],[127.11939530024249,37.3996773001516],[127.1172299000053,37.4001946008352],[127.1166406000459,37.401918200092396],[127.1134030007497,37.4016141003775],[127.1129750011777,37.4025458994457],[127.1138656006851,37.4032750008538],[127.1128610999454,37.4042564007749],[127.1119668990606,37.4032068001754],[127.10967070135679,37.403210900171295],[127.1096745994634,37.4039707018497],[127.10967069805659,37.403210900190295],[127.1077295987315,37.4028986003155],[127.1067357993684,37.3998353017933],[127.1054701996437,37.401509501135905],[127.10465359904411,37.399839501081296],[127.10325679928259,37.3998490010704],[127.1032458994208,37.398142300768605],[127.1016126997487,37.397896701296794]]],[[[127.1042371989991,37.3637168980553],[127.1078652000192,37.3632451968394],[127.109439698597,37.361677998408695],[127.1084503012329,37.360058999999],[127.109439700138,37.3616779994346],[127.10976479998229,37.3611155989884],[127.1106348003728,37.3616823000013],[127.1110742001547,37.3633046994939],[127.11168050000441,37.3625021996556],[127.1114070006239,37.3635724996269],[127.11237410011,37.363297799871695],[127.1123571008288,37.3643682996486],[127.113698099935,37.3640750995638],[127.1147735001915,37.3649280999128],[127.1145537004123,37.3657750993785],[127.11678940043281,37.3674120998011],[127.11679410080541,37.368515399469096],[127.11777050042281,37.3679859995707],[127.1183868001711,37.368695099841794],[127.11750680045441,37.3695800003657],[127.1157538005089,37.3694151003293],[127.1156690005937,37.370199199545205],[127.1164747005196,37.3701644004947],[127.1156690008453,37.3701992006005],[127.1140717002712,37.373158100263396],[127.11253870083951,37.3731801006011],[127.1130516001338,37.3740857006927],[127.10998260195639,37.3740983013275],[127.1099158019959,37.3753312001529],[127.1111035008082,37.376185099299],[127.1126798007507,37.3759948994716],[127.1135747003571,37.377307798432994],[127.11466830004011,37.375809799706296],[127.1167182001327,37.3769360995037],[127.1178975003,37.375917899981],[127.1169569012675,37.3803723995778],[127.1182063000181,37.380020199929994],[127.11759950076329,37.3808245992988],[127.1182819003252,37.3813059002392],[127.1165735999263,37.380714800814],[127.1159467001237,37.3814229005788],[127.1130298996047,37.3795980009928],[127.1115999998387,37.380915800188],[127.1121476987948,37.3785908991254],[127.1110580995811,37.377614399615],[127.1113705992686,37.376369100860295],[127.109592598514,37.3751822012375],[127.10969989841179,37.3738925997071],[127.10839059961951,37.372873600564],[127.1055263001912,37.3746792012044],[127.105982299096,37.373027401542096],[127.10405929768841,37.3721080991805],[127.1054435979155,37.3713862979607],[127.1058184975406,37.370079999267],[127.1044228997077,37.368519499783],[127.1059545983888,37.3678224998392],[127.1047957979064,37.3666157004021],[127.1053020985625,37.3649670002076],[127.1042371989991,37.3637168980553]]],[[[127.11974329916839,37.4406586003547],[127.1207704994312,37.4388661988302],[127.12336309941931,37.4394174984129],[127.1251292994258,37.4353601988052],[127.1235897996186,37.4326475002777],[127.1255507999698,37.432754899267096],[127.126319199184,37.4311487999205],[127.1258511995888,37.4291433986929],[127.1280558982548,37.4288892989815],[127.1271710991396,37.427449500421304],[127.1294036002671,37.4266944995353],[127.1294912004757,37.427849799642395],[127.1313125999724,37.4282955990411],[127.131485200985,37.4291282990377],[127.1329797007137,37.4288757993204],[127.13382410009609,37.430304699375604],[127.13557350029731,37.4305388998956],[127.1351619012259,37.4340037002529],[127.13249590056749,37.4342435012884],[127.1312513015023,37.4363928997396],[127.1328933002804,37.436879399380004],[127.1356930007871,37.4415979998682],[127.1349716008118,37.4423875005641],[127.1341627006671,37.442142500524305],[127.1329683007611,37.445717099363904],[127.1338152003522,37.4459669993915],[127.1365289009335,37.450383700284405],[127.1352230994582,37.450571402517404],[127.1337753999109,37.4495786028339],[127.13233530135099,37.450349002063504],[127.1322151009886,37.4524815004231],[127.1305539013424,37.4527910013587],[127.1293603997277,37.4552720007106],[127.12791640046261,37.4547776003645],[127.12733210040341,37.4563314005088],[127.1244673996823,37.4555636035743],[127.12430429831561,37.4524706009787],[127.12359169902821,37.451786301663],[127.1223629995423,37.4533254020449],[127.1210428994371,37.451835200522],[127.1235580973512,37.449251500245005],[127.1244797960681,37.446837902208095],[127.1239716967933,37.441797402598596],[127.121583298236,37.4402999020262],[127.11974329916839,37.4406586003547]]],[[[127.1864321998611,37.563466800676004],[127.1871035993734,37.5630603000255],[127.1867536000789,37.562379799848905],[127.18751499975491,37.5626091996435],[127.187046199504,37.5618195001771],[127.1875707000076,37.5612804993887],[127.1891298994584,37.5610747995933],[127.1893025000315,37.559234099448],[127.190663599785,37.5592857990713],[127.1914514001856,37.5583046992793],[127.19122430034321,37.55990039925349],[127.1925064996202,37.5606431987491],[127.1933681988739,37.5589587998671],[127.1946116998291,37.5593966997992],[127.1963689999431,37.5573330998425],[127.19592730065219,37.5581633996396],[127.1972132009778,37.5593279999692],[127.1965209014443,37.560664699875396],[127.1982576008333,37.56198689926],[127.1995678005592,37.5644469003195],[127.19830760014041,37.5662623004268],[127.1975237005097,37.5654460007253],[127.1976759000855,37.5664712002011],[127.1967704998347,37.566313800779504],[127.19571269996891,37.5674394002926],[127.1959401992867,37.5669235005494],[127.19498780007001,37.566704800721695],[127.19452580003049,37.5679147004681],[127.1932613000662,37.56733410071929],[127.1917394994575,37.568624500365296],[127.19121630012569,37.567573800593195],[127.19019000011271,37.5691598001845],[127.19093719909439,37.5678689005089],[127.1896523002253,37.5671511006667],[127.1893420994878,37.567930000057096],[127.18955389918541,37.567396999765],[127.1876793996466,37.5659014998324],[127.18825829961,37.5650341999969],[127.1874296004387,37.563547401483696],[127.1864321998611,37.563466800676004]]],[[[126.8127610993828,37.5674594002872],[126.8156286995429,37.5659756991417],[126.8161511000608,37.5645784994459],[126.8186157002575,37.565918599995705],[126.8172750003295,37.5665495998048],[126.81915929961029,37.5668654994398],[126.8197204997993,37.5640318008317],[126.81862959949599,37.5627904009004],[126.8179472984563,37.5635365005243],[126.81795479941209,37.5624468982437],[126.8198316986167,37.5627807996136],[126.81982289795761,37.5603314986344],[126.8218955999567,37.5586031998027],[126.8229610988912,37.5590225993833],[126.82493219963351,37.557175999155795],[126.8280496007786,37.5569042994467],[126.8284737002818,37.5578959994357],[126.8297896006229,37.55777599990439],[126.82993520259889,37.5595024997503],[126.8311373013968,37.560558298694495],[126.83265399988011,37.5613494979033],[126.8334539990801,37.5603396989131],[126.8352983003125,37.5610917990483],[126.8376166013749,37.5634534998687],[126.8345892016721,37.567371800945395],[126.83545480044569,37.5685909004131],[126.83303980056719,37.5692454001173],[126.8343193002066,37.5703780004621],[126.8319233018704,37.5703238005462],[126.8316947007858,37.5716642009023],[126.83149749967039,37.570442001283],[126.82881159839019,37.5727724020348],[126.8268618994439,37.5720860008396],[126.8266918989952,37.5707945007032],[126.82525319858311,37.5708397012841],[126.82517279883061,37.5695051005938],[126.8218723008098,37.568497001489604],[126.8212990994912,37.5671496015578],[126.81955980034519,37.5661741007159],[126.8191935015968,37.5673637013437],[126.81739310185691,37.567416701561704],[126.8181907011387,37.5696303005124],[126.81671680142139,37.570633700562],[126.8127610993828,37.5674594002872]]],[[[126.79658169934801,37.561461700198905],[126.8010809994952,37.5610990992378],[126.80223929993349,37.5595927991479],[126.80369469908699,37.559325898907595],[126.8037177990639,37.5583227999107],[126.8050387001578,37.5573117993449],[126.8072333005198,37.556459998993404],[126.8068512010293,37.557821499592],[126.80760560072821,37.558892698855004],[126.8098167005706,37.5594044999462],[126.80985430092599,37.5613886991339],[126.81173440049281,37.5611855997264],[126.8102574018253,37.562480499997],[126.8119340001487,37.5632939991835],[126.811948700234,37.5641923995432],[126.8094017999645,37.5650475004641],[126.8085903999559,37.563733300708705],[126.8059778999631,37.5650996009343],[126.807191699289,37.5611885003636],[126.8054090010717,37.560401401150706],[126.8060553003732,37.5620084007324],[126.805036501392,37.5621670005738],[126.8035895020259,37.5643506003348],[126.8049269001843,37.5664548999739],[126.8047180003088,37.567665500055696],[126.8040820002513,37.5670516009771],[126.8033958997798,37.567716700942796],[126.8020929989676,37.56638500047389],[126.80182379832189,37.564436301729394],[126.8001116000341,37.5643951017706],[126.79681789916259,37.5624330001926],[126.79658169934801,37.561461700198905]]],[[[127.4867806955278,37.492041696419705],[127.4909404987242,37.4868805956432],[127.49427749969419,37.4856351992956],[127.4962684989755,37.486379099014],[127.4960159996527,37.485522999385],[127.4976491009377,37.4854918990381],[127.498913200725,37.4858264992311],[127.4977150008445,37.486599799991204],[127.4983730001865,37.4874224991685],[127.499675899217,37.487194299258],[127.50027590062261,37.4878705997316],[127.5004638003317,37.490606199707806],[127.5015843008276,37.4906376000622],[127.5008497006261,37.4915300998017],[127.501191900778,37.4923645005048],[127.50018920118609,37.493080100012],[127.50175210029191,37.4934128999066],[127.4999109006612,37.494776100649105],[127.4997180005603,37.4966547011825],[127.4950260991686,37.4984317036594],[127.493918798398,37.497504303370505],[127.49095220136459,37.4969281039467],[127.4898987978231,37.4976444055714],[127.48657709967891,37.496220600548604],[127.4873550995823,37.496097599931396],[127.4872716996657,37.4953283007007],[127.4867380996386,37.4955383997861],[127.48762169972021,37.494546899961904],[127.4869585999726,37.4933496003706],[127.4863272991437,37.4938351005711],[127.48678069932869,37.4920417009462],[127.4858776964308,37.492873195588196],[127.4867806955278,37.492041696419705]]],[[[127.13476689868081,37.6041430002061],[127.13511339947479,37.6029628993072],[127.1370319986666,37.602560598655494],[127.1371861985124,37.600490100726],[127.135871599827,37.6006669005492],[127.1360626994321,37.5999153995446],[127.1368962001143,37.599370799572306],[127.1378572991532,37.5998511990919],[127.13824149910981,37.5979914997719],[127.1397312996557,37.598011599356596],[127.1407966991375,37.597013399831],[127.14348960024999,37.597887799010905],[127.1443022004552,37.5974061988422],[127.1445911006842,37.598324299141],[127.146174699918,37.5989992986024],[127.1459958003687,37.599692899410904],[127.14975359898929,37.599711998004],[127.1509099009349,37.598714099309],[127.1498720005172,37.6014187010456],[127.1488978014914,37.6019699004944],[127.1477194010561,37.6060699003842],[127.1489011004753,37.6084889000403],[127.14836749987701,37.6087904007479],[127.1435416004583,37.6089472016006],[127.14229450024061,37.610043000446694],[127.1424499000242,37.609138400522596],[127.1410503999216,37.6086456006798],[127.1403739005981,37.609514499810906],[127.1414458004278,37.6105464997504],[127.1410055994129,37.6108680002745],[127.1388717993531,37.609761000083],[127.13710649936961,37.606950200838],[127.1350723999862,37.606087901349696],[127.134382299312,37.6053034995947],[127.13476689868081,37.6041430002061]]],[[[127.1553704990475,37.6097376002223],[127.157189098905,37.608646200019706],[127.1565190991837,37.6068784000361],[127.1576766999176,37.6076336998539],[127.1582480998916,37.606357099780396],[127.1571891001839,37.6086461997994],[127.15908209981741,37.609436199615],[127.1601534999897,37.6087630996745],[127.1632179006305,37.610091399202304],[127.1650253003027,37.609164999680594],[127.16594480037571,37.6100940997961],[127.16551780097521,37.611179599565],[127.16683680169069,37.6118219005267],[127.1665276004787,37.612884800806505],[127.162844900122,37.6137912005647],[127.1625324994216,37.6146254999866],[127.1598926998169,37.61263820071],[127.1590433991502,37.6131993016814],[127.1579075996753,37.6118418009618],[127.156399298864,37.6118597013012],[127.1566441991299,37.6105365000481],[127.1553704990475,37.6097376002223]]],[[[127.101990999561,37.350063299604],[127.1063544002603,37.349420099213305],[127.1070701995445,37.348089400544],[127.1062534986321,37.347748399258],[127.10993620043071,37.3448878994405],[127.1116598003846,37.346218699628004],[127.11242970026221,37.348137299714296],[127.11342860015381,37.3476235993052],[127.1143656000725,37.349199199667304],[127.115226600147,37.3488745992623],[127.1138948007015,37.3507242991951],[127.11525830111019,37.3510477002331],[127.1141868004456,37.352353300495196],[127.1127549005496,37.3519834007414],[127.111162600521,37.353844800612194],[127.1089388008679,37.353398900838705],[127.1088764011555,37.3548933019277],[127.10936719900229,37.3527631997793],[127.1083720999974,37.352314400228096],[127.10672529993589,37.35293490104],[127.1059862983811,37.354204101852496],[127.10466629729761,37.351799100448],[127.101990999561,37.350063299604]]],[[[127.1999835991393,37.5540491005258],[127.2011025992955,37.5531614000627],[127.2000531997562,37.552144500488595],[127.20078369970581,37.551504100082504],[127.2000257995361,37.549847899522305],[127.2021315992349,37.549972598958],[127.2035803004586,37.5487240988505],[127.2035906005495,37.5493941993264],[127.2062206992445,37.550561898186395],[127.20796489998699,37.550115399689204],[127.2086674003001,37.5507639004181],[127.2072874004086,37.551543000182406],[127.2083417003227,37.5520041002723],[127.2073391004104,37.552367500646604],[127.2060407999967,37.555732400113094],[127.20538849967579,37.554029300793104],[127.2039935003954,37.5531681007991],[127.2024305001896,37.5533223004007],[127.20231529978919,37.5544467007524],[127.2013504995105,37.5532797007506],[127.2005202003408,37.5539705000598],[127.20098009998979,37.5546867001125],[127.1999835991393,37.5540491005258]]],[[[127.1061059982458,37.6626986972057],[127.1127792963452,37.6626370970165],[127.1146651998191,37.6589248996202],[127.1159595004669,37.6582923990292],[127.1187954976309,37.6585963987252],[127.12057179978059,37.6574463988771],[127.1225373997007,37.657810899530205],[127.1224192005794,37.6596962985892],[127.1234856000368,37.6583141995792],[127.12375970019599,37.6594202997134],[127.124894700668,37.659329100588],[127.122808001039,37.662136100006094],[127.12628790009289,37.6637600998856],[127.1252114012339,37.663703000140096],[127.125456801429,37.6668272007558],[127.1272573015824,37.6678051011382],[127.1224579056985,37.6699877007048],[127.1197746101308,37.6750586023064],[127.11779969755881,37.675032004021205],[127.11291200105819,37.6774773022609],[127.1121981998996,37.6772056999707],[127.1135039985938,37.6764526007238],[127.1124467987726,37.6746974017587],[127.10874770247169,37.6723322041239],[127.1068860963499,37.6730668967869],[127.11017489795661,37.6701085996863],[127.1106200975114,37.6686840011109],[127.10603999740489,37.6649005027556],[127.1061059982458,37.6626986972057]]],[[[127.19744539960331,37.7196679999386],[127.19843450024611,37.7200097996227],[127.19994329973301,37.7185828996085],[127.20076449968721,37.71880379944211],[127.2026239982087,37.7159181980625],[127.2035929000755,37.7160503991305],[127.2045816002473,37.716949399601],[127.20566610092641,37.7167146996241],[127.20721160127289,37.7211332999308],[127.2058701003939,37.7229990999247],[127.2063273003269,37.723607800262606],[127.2028946002321,37.7241539016961],[127.2025762999787,37.7220540005318],[127.1999230999649,37.7219549010885],[127.1988764988854,37.7212596006374],[127.1988328997564,37.7198711005584],[127.1979915998362,37.720425900490405],[127.1981385994893,37.7197683001502],[127.19744539960331,37.7196679999386]]],[[[127.1676690995662,37.6542170997641],[127.1700601976266,37.6540239990237],[127.16988619843099,37.6527651969356],[127.1714690968481,37.651451698249105],[127.1708299995041,37.648645099777504],[127.17453820038921,37.6470576968271],[127.17782439864611,37.647388794178305],[127.18090910023939,37.6495242939227],[127.1863432993992,37.6475724990337],[127.18552530071439,37.643760398941595],[127.1870785022564,37.6476324981182],[127.1894870016798,37.6490343977269],[127.1895492005554,37.6509250002542],[127.1878974022072,37.651834999344196],[127.1840926001083,37.656477201079596],[127.1829836012173,37.6567743007825],[127.1828022005702,37.6577310002666],[127.181714800008,37.656770101049105],[127.1810632006596,37.6572807005385],[127.18141440042649,37.6582620006571],[127.1779483010212,37.658953000106294],[127.1782392995347,37.6598311005216],[127.1773220000699,37.658322700970096],[127.17591549999631,37.6577835012001],[127.17496550020199,37.6584207001905],[127.1747362999873,37.657635000559],[127.173930000441,37.6582020011355],[127.17299009976861,37.657722500656796],[127.1719862999522,37.658516000362],[127.170064399953,37.6540790012926],[127.1676690995662,37.6542170997641]]],[[[126.86538059761129,37.6525296998974],[126.8657338990018,37.6493405993926],[126.8680195997198,37.64811799806979],[126.8697950992161,37.649188098966306],[126.8719756975157,37.6475378990116],[126.87104260109909,37.6454676992931],[126.8742190007316,37.647466298801994],[126.8755374008375,37.6466699989978],[126.8782501996834,37.6474826979695],[126.8768534010486,37.648007300437904],[126.8799906006788,37.6503268996977],[126.87915500065,37.6500802006917],[126.8779854013173,37.6511638999411],[126.87951570007989,37.6525900010191],[126.8774975997369,37.6526356012655],[126.87631419995,37.6541302009273],[126.8728524990523,37.6551587031755],[126.86538059761129,37.6525296998974]]],[[[127.1863990992186,37.7083684999102],[127.1888289999006,37.7073137996408],[127.1900889987206,37.7048841004689],[127.1893788981982,37.702123599485],[127.1879284989715,37.7009731997371],[127.1884593990543,37.70024629965231],[127.190447099672,37.701678998995895],[127.1907672011012,37.700973298968904],[127.19262409961631,37.7011850988183],[127.19265060097139,37.699477198565894],[127.1938339002884,37.7008813989818],[127.1945777004251,37.700514399394905],[127.1948321003172,37.701647699091005],[127.19632270092869,37.7002310998716],[127.19547220092339,37.7011281999004],[127.1977469005953,37.7030941000269],[127.1970437011872,37.704572900109206],[127.1976965000767,37.7068538013665],[127.1956369005773,37.7084663013419],[127.1942678999579,37.7068011031381],[127.1915838987984,37.7086408039228],[127.18899909950281,37.707454401980506],[127.1877834007185,37.708530900904],[127.1863990992186,37.7083684999102]]],[[[127.2387901984995,37.6528354994194],[127.23952819954829,37.651155698466596],[127.2403186001397,37.6522360989037],[127.24162859882969,37.6523501987896],[127.2425390979192,37.6514568996829],[127.24254329869079,37.6492058996605],[127.2438729988795,37.649861299223694],[127.2445244994461,37.6481780990387],[127.2445130003383,37.6493060992554],[127.2452686007736,37.648779000429094],[127.2437107023315,37.6506992985088],[127.24382490221731,37.6517276974804],[127.2472304010386,37.6501234986538],[127.2492482026987,37.652722698397895],[127.2491539000761,37.6538586000377],[127.24719620045221,37.6538078012317],[127.2466719004434,37.655556500102605],[127.24487280047009,37.6559354007031],[127.24505020052989,37.656979400622696],[127.2436366002058,37.6566872008322],[127.2436041993323,37.6576766007569],[127.2399745001786,37.6539597002359],[127.2398969995705,37.654961900444306],[127.23998469943339,37.6537424000736],[127.2387901984995,37.6528354994194]]],[[[127.20398109977329,37.5420789998094],[127.2062788998136,37.541935099843904],[127.205329899752,37.541090700236495],[127.2058237994263,37.540476700400596],[127.20513909956179,37.540517900158896],[127.2059113006914,37.5397413993704],[127.20886540039399,37.541099799996395],[127.2074492001758,37.5420099007484],[127.2070025004289,37.5436797001563],[127.2054960997157,37.542279201180605],[127.20395539996579,37.5432055001326],[127.20398109977329,37.5420789998094]]],[[[126.9922782993521,37.4327961992607],[126.9939777997847,37.4296309996262],[126.9954557999781,37.4307813995517],[126.9970737990919,37.4297069989748],[126.9987638007674,37.4309526993712],[126.9996424013314,37.4305013026743],[126.9988429007449,37.4333297001914],[126.99798700065189,37.4334245002724],[126.998425000754,37.434014400400706],[126.9966847001215,37.435139400468195],[126.9968521998969,37.4340570004502],[126.9933748000619,37.433760900331606],[126.9922782993521,37.4327961992607]]],[[[126.90781819891869,37.488576100566405],[126.9080178995804,37.4872505991082],[126.9091577984405,37.4868084995503],[126.90778589902689,37.485909399432295],[126.90890879989391,37.4852886995553],[126.91046919947459,37.4857981989703],[126.91183720020929,37.4844362986571],[126.91395729950891,37.484811198841406],[126.9141863002565,37.4837283987458],[126.9173299005124,37.4869154996237],[126.91859150075311,37.4894468999346],[126.9170199007259,37.489434100408396],[126.9165081998647,37.4908133001076],[126.9147111994645,37.48781850197361],[126.91348530069041,37.488004601787495],[126.91289470167699,37.4900772021111],[126.91173709889749,37.490430101019],[126.9095065992597,37.489546500789004],[126.9089688997974,37.4885484017871],[126.90781819891869,37.488576100566405]]],[[[127.2063601958319,37.6360064003365],[127.2030719999329,37.6328913008879],[127.2043776988909,37.631299999897],[127.2065590004398,37.6331859990703],[127.2092855999876,37.6330821998694],[127.210418500006,37.634541499315496],[127.2122009014617,37.63363579918],[127.2129096004556,37.636258498478796],[127.2143471003425,37.635111799844296],[127.21458590116481,37.6365571997068],[127.2136992005013,37.6366207005646],[127.21301860015299,37.6381961005049],[127.211107602064,37.6383602003408],[127.2125992005724,37.640045498655496],[127.212669901063,37.6416931007048],[127.20836389503229,37.6416618056952],[127.20717499404681,37.6404273991833],[127.2076316988116,37.6384513988101],[127.2063601958319,37.6360064003365]]],[[[126.83724209917409,37.654460800232705],[126.8383524997357,37.6530032995186],[126.8409833986464,37.6534654989331],[126.84207739755239,37.6521261002725],[126.8399478978255,37.6504012991918],[126.8417261993777,37.6496666985192],[126.8452222032017,37.6504613994805],[126.84557000285389,37.652249997691904],[126.8470091014148,37.6534396965022],[126.8449136009173,37.655924600452195],[126.84481150045441,37.6571047004498],[126.8443916999538,37.6561223008993],[126.8442288994148,37.656909300285804],[126.8435022992864,37.655883201006],[126.84231989967171,37.656453900840106],[126.83724209917409,37.654460800232705]]],[[[126.8761752976356,37.4154181998911],[126.87975349030461,37.4126149956445],[126.88170500008799,37.413246198694104],[126.8825762002595,37.4116127984603],[126.88687939879989,37.4129794969685],[126.8889863966929,37.4123035976444],[126.8866845008032,37.4139797011841],[126.8868109006768,37.4158391993246],[126.8876092013948,37.4155823989815],[126.8895060012428,37.4189054991495],[126.8884312002404,37.417597801468204],[126.88742790124371,37.418768500297496],[126.8884170015219,37.4206349008474],[126.8853703995193,37.4236991005971],[126.8848884991193,37.4225547010262],[126.8831415995091,37.4230244002362],[126.8829694994399,37.4221934006788],[126.88176730001591,37.4224097004732],[126.8805033971186,37.421500102291105],[126.881929298299,37.4203052987245],[126.8810008992274,37.417944201085604],[126.8796798987847,37.418007200225],[126.8777989994023,37.415386002439995],[126.8761752976356,37.4154181998911]]],[[[127.1249898989888,37.412337899803894],[127.12659339944071,37.411346099411205],[127.12698169958931,37.409864900083505],[127.1286280996226,37.4096730996483],[127.12860550036571,37.4089027996542],[127.13047690076891,37.410371599763295],[127.1294492010229,37.40987240091],[127.1293394009192,37.4115743001423],[127.12954040094169,37.4123403996036],[127.1304985002961,37.4123873999929],[127.1304851003628,37.413824499615],[127.1311981007765,37.4138072002566],[127.1262801998022,37.413923600050396],[127.12598409885089,37.4123546002383],[127.1249898989888,37.412337899803894]]],[[[127.1222556989904,37.3867705992597],[127.12187259970581,37.3853793990532],[127.1225225002615,37.3847995997101],[127.12338490028111,37.3857094989586],[127.1241348995754,37.3848225998061],[127.1231465982229,37.3841166993805],[127.123532099863,37.3837290989732],[127.12607270042349,37.3868400997639],[127.124217600157,37.3863107008501],[127.1235731002134,37.3868873009649],[127.1230546998908,37.386238900373606],[127.1222556989904,37.3867705992597]]],[[[127.0977676995933,37.338834500313894],[127.0999878993401,37.3390949979591],[127.1009717983562,37.3377874992666],[127.1009936983451,37.3361754999893],[127.1022998986986,37.336179799128494],[127.1028162999977,37.3348899988964],[127.1022999007428,37.3361797993066],[127.1028042005258,37.3361840008056],[127.100993701297,37.3361755008841],[127.1009761013146,37.3370560000036],[127.1028328016968,37.339070700594],[127.10260220069681,37.3415937991228],[127.1037062011237,37.3421573999838],[127.10168130020669,37.3429001006268],[127.1023181993851,37.342117700291304],[127.1003979995203,37.3405863007266],[127.0991465998488,37.3406078005429],[127.0977676995933,37.338834500313894]]],[[[126.8308340993147,37.634836399533796],[126.8322167004794,37.632629999365],[126.8331526005707,37.6338717999851],[126.834154700292,37.633868399616],[126.83449900042149,37.6351418999689],[126.8323727000103,37.6363354000785],[126.8308340993147,37.634836399533796]]],[[[127.06115539921801,37.747964499663205],[127.06235379987339,37.7493505990694],[127.06383030022461,37.7484750992939],[127.0668447006784,37.7493145005909],[127.06434859984441,37.750069000960806],[127.064009199768,37.7509896002346],[127.06301350045659,37.7507594007238],[127.0610173999355,37.7488612003118],[127.06115539921801,37.747964499663205]]],[[[126.87839959974829,37.4812207010143],[126.8806753993403,37.4821214982428],[126.8814232985924,37.4805767997875],[126.8790343984516,37.4794009988166],[126.8808686988443,37.4797882989058],[126.8826382018844,37.4783305996858],[126.8826300007602,37.4803400002666],[126.8809178011445,37.4818877006415],[126.88142930028319,37.4837047004676],[126.8797708001176,37.4842638002666],[126.88052659770679,37.4826014995021],[126.87839959974829,37.4812207010143]]],[[[126.9894955997782,37.4256246998981],[126.99074809899811,37.425769300039896],[126.9910195000864,37.4247279997899],[126.9915748002411,37.4253531998406],[126.99259020042969,37.4249888993862],[126.99207550080119,37.428782999553505],[126.9926918001849,37.429257799078705],[126.9932954007698,37.4285250995827],[126.99346630021009,37.429277800351],[126.99195399974171,37.428851200146696],[126.9894955997782,37.4256246998981]]],[[[127.13780899877871,37.4632788995766],[127.1384969001984,37.4641618989556],[127.140554199009,37.463389599733496],[127.13941100040469,37.461739400693],[127.1386750987517,37.4621331006402],[127.13951619909561,37.4616831984751],[127.1408859005502,37.4629092987252],[127.1423557011871,37.462220599331005],[127.14277750023119,37.4629598002745],[127.1416582998762,37.463922401681],[127.1405541993033,37.4633896006035],[127.1387779995874,37.4642633009765],[127.13780899877871,37.4632788995766]]],[[[126.83397359919799,37.558915199564204],[126.8371053984674,37.5574231997441],[126.83659390019349,37.5558408995487],[126.8379013006896,37.5574965995541],[126.83940559957031,37.5572477996605],[126.83933060027749,37.5567073996569],[126.84014310025431,37.5572557995302],[126.8404125008025,37.559027900365194],[126.8382239992188,37.5608415013056],[126.837897598877,37.55989490061631],[126.836719999022,37.5600881001335],[126.83671989876241,37.5587992007272],[126.83397359919799,37.558915199564204]]],[[[127.07045699960351,37.7504993004406],[127.0723550994578,37.7494005997708],[127.0728348000672,37.7500024998484],[127.0721593001348,37.7516662001659],[127.0715651998504,37.7501768004978],[127.07045699960351,37.7504993004406]]],[[[127.1511587985961,37.4945425997439],[127.15195510014969,37.4936139995881],[127.1544642997561,37.4943319994757],[127.15436740106709,37.4960136003876],[127.1523391999532,37.4964962003431],[127.1526003992785,37.4958276004349],[127.1511587985961,37.4945425997439]]],[[[127.0929834996344,37.321550000307504],[127.09605850130299,37.3214334997153],[127.0968889007949,37.32378400046041],[127.09610020036729,37.3233030009077],[127.0948439001672,37.323921000549],[127.0941100998504,37.322620000808],[127.0935910996934,37.323223600434396],[127.0929834996344,37.321550000307504]]],[[[127.15036789962271,37.604510398996105],[127.1524222010311,37.6036916981444],[127.15428490043439,37.6051109003088],[127.15036789962271,37.604510398996105]]],[[[127.1905899993349,37.6068999999992],[127.19171469964931,37.6058409994169],[127.1914980000101,37.604166997724995],[127.1935720998906,37.60375899829],[127.1935902008333,37.6015575981898],[127.1938512017941,37.6031247001782],[127.1954137002316,37.604773898529],[127.1983866019477,37.6041342988986],[127.1961922027503,37.6071072027962],[127.19190880246629,37.607832805558296],[127.1905899993349,37.6068999999992]]],[[[126.7348256990934,37.5710440987788],[126.7380802992452,37.5704773974946],[126.7384022007839,37.571134300516995],[126.7348256990934,37.5710440987788]]],[[[127.0424724994615,37.759447699811204],[127.04257109957881,37.7585583000618],[127.042586500209,37.7593815999146],[127.0432656007407,37.758659499619],[127.0424724994615,37.759447699811204]]],[[[126.8233969993772,37.4924949998434],[126.8253962016338,37.493155900165796],[126.8246086994788,37.4939655024187],[126.8233969993772,37.4924949998434]]],[[[127.11500279956459,37.6104560002526],[127.1192055003314,37.6103588],[127.1183599999992,37.6112801003514],[127.1183680990734,37.6105428006956],[127.11500279956459,37.6104560002526]]],[[[127.1072848997362,37.339355898711304],[127.10907609946649,37.338052399222704],[127.1090173012537,37.339649100403],[127.11027110056341,37.340725000397],[127.1073707989513,37.340829400141196],[127.1072848997362,37.339355898711304]]],[[[126.8460146990323,37.4951476005156],[126.8484767012644,37.4957469992582],[126.8491378011715,37.4963808998101],[126.8460146990323,37.4951476005156]]],[[[127.1195897993157,37.6522312989327],[127.1202484002034,37.6516868998507],[127.120160199961,37.6536771017277],[127.1195897993157,37.6522312989327]]],[[[127.1550342990182,37.650370800100895],[127.15681029889241,37.650516599320206],[127.1569418987608,37.649883499953305],[127.15574029967141,37.6496838996093],[127.15703839943481,37.6496286989155],[127.1582147016197,37.650537099907304],[127.1570490005036,37.6512886027362],[127.1550342990182,37.650370800100895]]],[[[127.2006621993648,37.632474599840705],[127.2031394001292,37.631849099347896],[127.2022035005451,37.6327280999647],[127.20269549958111,37.6331355010058],[127.2006621993648,37.632474599840705]]],[[[127.208109499342,37.5868773999063],[127.2091791011141,37.5862803994354],[127.2090652000245,37.587322400078996],[127.208109499342,37.5868773999063]]],[[[126.89058589892251,37.466659699946],[126.8919639984087,37.4651497995896],[126.89279710043459,37.4657820996565],[126.8925098006571,37.466538199460004],[126.8933655013686,37.4665262999811],[126.8918600001617,37.4665472011413],[126.8914673997428,37.4675478005871],[126.89058589892251,37.466659699946]]],[[[127.2846920986853,37.658117400125704],[127.2870154002678,37.6586093999718],[127.28518269991179,37.658863200452096],[127.2846920986853,37.658117400125704]]],[[[126.80510629903391,37.572571701445696],[126.8074267000073,37.5721400995011],[126.8081894006142,37.5728553009793],[126.8074181004376,37.572731300959504],[126.8067843002797,37.5737529005069],[126.80648919958391,37.572634401396996],[126.80510629903391,37.572571701445696]]],[[[127.16463949918031,37.6501061999094],[127.16642439962429,37.649962099557904],[127.1675723004334,37.6484113999142],[127.1664244012624,37.649962103085606],[127.16463949918031,37.6501061999094]]],[[[127.1491904993118,37.4572376002061],[127.1497421997019,37.4573563994238],[127.15001500009349,37.4569486994506],[127.1507889014307,37.4572216998846],[127.1491904993118,37.4572376002061]]],[[[126.93022669906321,37.6424891999392],[126.9302607991089,37.642210399644604],[126.930876800789,37.642298799318],[126.93022669906321,37.6424891999392]]],[[[126.9351977995295,37.5621651002492],[126.93513219997669,37.561858799931606],[126.9352901000984,37.562117900125095],[126.9351977995295,37.5621651002492]]],[[[127.00887789858321,37.4554986992138],[127.00800050054629,37.4542602983463],[127.01046260134079,37.4563813007132],[127.00887789858321,37.4554986992138]]],[[[127.1697368999221,37.5633450001061],[127.1700630999347,37.563217199727],[127.1701848005626,37.563302200071305],[127.1697368999221,37.5633450001061]]],[[[126.8724211992681,37.50911059844],[126.8729724009575,37.5091740015701],[126.8726087998119,37.5095652001962],[126.8724211992681,37.50911059844]]],[[[127.1154383995931,37.652384500153296],[127.11623830022461,37.6521049987943],[127.1164862007567,37.652325399788204],[127.1154383995931,37.652384500153296]]],[[[127.15220609978,37.5215872992997],[127.1532188992294,37.5215488996617],[127.153073098913,37.5211498997371],[127.1539639003714,37.5209154993612],[127.1532189025254,37.5215489035741],[127.15220609978,37.5215872992997]]],[[[126.7692978981682,37.6023859007685],[126.76973020084449,37.6018550992039],[126.769712200378,37.602357500348695],[126.7692978981682,37.6023859007685]]],[[[126.8115171993468,37.485328199661595],[126.8117811013727,37.4855762001664],[126.8116076997194,37.4859086005494],[126.8115171993468,37.485328199661595]]],[[[126.8678613996314,37.5110726998659],[126.8680336998349,37.5108925994355],[126.8682644001882,37.5109925994871],[126.8678613996314,37.5110726998659]]],[[[126.8550109989567,37.564434400105704],[126.8551523000473,37.563860899603505],[126.85543560049081,37.5642001002383],[126.8550109989567,37.564434400105704]]],[[[126.8686085995716,37.6030171992581],[126.8691802001315,37.6030872999757],[126.8686086004771,37.6030172005147],[126.8686085995716,37.6030171992581]]],[[[127.0772134997502,37.7545710001102],[127.077409899705,37.7541654996849],[127.07758120084969,37.7540774985832],[127.0772134997502,37.7545710001102]]],[[[126.94773619813179,37.610189200431],[126.9480518050932,37.610129099257904],[126.94773620271289,37.6101892071471],[126.94773619813179,37.610189200431]]],[[[127.0800093996522,37.313277000338],[127.0802048004182,37.3133203004149],[127.0801430996266,37.313394700698204],[127.0800093996522,37.313277000338]]],[[[127.22261589954499,37.539854499729294],[127.2229044006723,37.5398002995866],[127.2229044003144,37.539800300727],[127.22261589954499,37.539854499729294]]],[[[126.8875796981689,37.5332888998237],[126.887675501901,37.533225898383996],[126.8876588005296,37.5334246011538],[126.8875796981689,37.5332888998237]]],[[[127.1223523996319,37.394729600557895],[127.1223555998869,37.3946133997057],[127.1223524007906,37.394729600568596],[127.1223523996319,37.394729600557895]]],[[[127.1884360997545,37.5601656000144],[127.1885789999453,37.5601554998845],[127.1885694000189,37.5602637004044],[127.1884360997545,37.5601656000144]]],[[[127.31229809829861,37.653164499709604],[127.3122981004488,37.6531644994836],[127.3125186001414,37.6533346999934],[127.31229809829861,37.653164499709604]]],[[[126.8903728994421,37.4204281990419],[126.89044880118401,37.4205440998993],[126.89027969942319,37.4205441003395],[126.8903728994421,37.4204281990419]]],[[[126.9899559983468,37.4285660996829],[126.9899560005019,37.428566098892595],[126.9900015002333,37.4286101002592],[126.9899559983468,37.4285660996829]]],[[[127.04234739983849,37.7584333000269],[127.0423694999919,37.7584277996964],[127.0423695002171,37.7584277998454],[127.04234739983849,37.7584333000269]]],[[[127.0478903999719,37.7387261000094],[127.0478904000581,37.7387260998865],[127.04791769996,37.7388025000786],[127.0478903999719,37.7387261000094]]],[[[127.12515419978949,37.661056200581996],[127.12515419995789,37.661056199612595],[127.1251542006875,37.6610562005851],[127.12515419978949,37.661056200581996]]],[[[126.9206010998216,37.595595599503206],[126.9209046001024,37.5954974999345],[126.9206011001737,37.5955956002149],[126.9206010998216,37.595595599503206]]],[[[126.9766061997049,37.401450000420695],[126.9766163998426,37.4013139988484],[126.97660620025361,37.4014500006494],[126.9766061997049,37.401450000420695]]],[[[127.1265438992789,37.6567064008387],[127.1265439002205,37.6567063993652],[127.126543900258,37.6567064006359],[127.1265438992789,37.6567064008387]]],[[[127.20462079991731,37.5551913998233],[127.2046624004019,37.55525689956551],[127.204662400041,37.5552569000558],[127.20462079991731,37.5551913998233]]],[[[126.84499649896469,37.4948542004111],[126.8449964992371,37.4948541988147],[126.84499650060559,37.4948541991236],[126.84499649896469,37.4948542004111]]],[[[126.8699608996925,37.5136187002104],[126.8699609008402,37.5136186992598],[126.86996090026939,37.5136187003897],[126.8699608996925,37.5136187002104]]],[[[126.8804966994331,37.5336876000121],[126.880568400235,37.533333899881704],[126.880496700651,37.5336876004449],[126.8804966994331,37.5336876000121]]],[[[126.8918809998489,37.544659299993],[126.8918809996112,37.5446592994411],[126.8918810002964,37.5446592998915],[126.8918809998489,37.544659299993]]],[[[126.9578834957586,37.4685551986163],[126.95788350072239,37.4685551992312],[126.9578835000457,37.4685552025951],[126.9578834957586,37.4685551986163]]],[[[127.1046383996078,37.4951138996726],[127.10470529998241,37.494969799885],[127.1046383998398,37.4951139003373],[127.1046383996078,37.4951138996726]]],[[[127.14253269771571,37.6594459008174],[127.1425327000959,37.6594458993548],[127.1425327002937,37.6594459002947],[127.14253269771571,37.6594459008174]]],[[[127.2030110992036,37.409364200933396],[127.20301110038899,37.4093641990756],[127.2030111006237,37.409364200359896],[127.2030110992036,37.409364200933396]]],[[[126.88743169940659,37.4862682002041],[126.88743169942839,37.486268199665595],[126.88743170038329,37.486268199501296],[126.88743169940659,37.4862682002041]]],[[[126.9365399999104,37.5619297999108],[126.93654000011189,37.561929800038],[126.93653999999559,37.5619298001047],[126.9365399999104,37.5619297999108]]],[[[126.9891962990776,37.424286099926],[126.9891963007703,37.424286100224],[126.9891963000157,37.4242861011326],[126.9891962990776,37.424286099926]]],[[[127.1059597998293,37.339654599762],[127.10595980036179,37.3396546006769],[127.10595979950189,37.339654599999],[127.1059597998293,37.339654599762]]],[[[127.1075719995823,37.4987044996655],[127.107572000231,37.4987045004113],[127.1075719995073,37.4987045003514],[127.1075719995823,37.4987044996655]]],[[[127.1156894997506,37.6647879998471],[127.1156895005419,37.664787998982405],[127.11568950009931,37.664788000121],[127.1156894997506,37.6647879998471]]],[[[127.1208583997743,37.3949576000188],[127.1208584005097,37.3949575996605],[127.1208584001275,37.3949576008679],[127.1208583997743,37.3949576000188]]],[[[127.1396581977038,37.5621118984067],[127.1396582019988,37.562111899179996],[127.1396582015677,37.562111901780796],[127.1396581977038,37.5621118984067]]],[[[126.8105454997726,37.485014100461804],[126.8105454998024,37.4850140995432],[126.8105455003879,37.4850140998405],[126.8105454997726,37.485014100461804]]],[[[126.8672899994683,37.516759999814596],[126.8672900011542,37.516759999433],[126.8672899997118,37.5167600008393],[126.8672899994683,37.516759999814596]]],[[[126.8697495996514,37.514058400120604],[126.8697496002985,37.5140583999894],[126.8697496000088,37.5140584004128],[126.8697495996514,37.514058400120604]]],[[[126.9364287999387,37.5616077999214],[126.9364288001296,37.5616078001561],[126.9364288000135,37.561607800206595],[126.9364287999387,37.5616077999214]]],[[[127.1155269998525,37.3492032998887],[127.1155270005006,37.3492032999914],[127.1155270004944,37.3492033006381],[127.1155269998525,37.3492032998887]]],[[[127.1236416995868,37.3891421008276],[127.1236417001266,37.3891420998019],[127.1236417001026,37.3891421000763],[127.1236416995868,37.3891421008276]]],[[[127.1249955001318,37.3842789000935],[127.1249954999526,37.3842788999637],[127.1249955004223,37.3842788995564],[127.1249955001318,37.3842789000935]]],[[[127.1265819997317,37.663463100099804],[127.1265819999235,37.6634630997685],[127.1265820001094,37.6634631000883],[127.1265819997317,37.663463100099804]]],[[[127.1320536996713,37.640917300016696],[127.1320537007856,37.6409172996199],[127.1320537000263,37.6409173002868],[127.1320536996713,37.640917300016696]]],[[[127.15390719877,37.652911101245095],[127.1539071994531,37.652911099304696],[127.1539072006278,37.652911099771096],[127.15390719877,37.652911101245095]]],[[[127.15887959947531,37.6083610004628],[127.15887960012181,37.6083610000067],[127.1588795998697,37.6083610006358],[127.15887959947531,37.6083610004628]]],[[[127.200749298937,37.7177880998388],[127.20074930040519,37.7177880997348],[127.2007492997024,37.7177881004578],[127.200749298937,37.7177880998388]]],[[[127.47520349916961,37.50584659997],[127.4752035006426,37.5058465983781],[127.4752034999137,37.5058466014374],[127.47520349916961,37.50584659997]]],[[[126.8803716995581,37.5342133994863],[126.880371700776,37.534213399919096],[126.8803716998583,37.534213400316595],[126.8803716995581,37.5342133994863]]],[[[126.8822595998431,37.501797100028895],[126.882259600132,37.5017970998831],[126.8822596000262,37.501797100092],[126.8822595998431,37.501797100028895]]],[[[126.9146590999836,37.5015114004301],[126.91465910017979,37.5015113993749],[126.91465910074149,37.5015113997777],[126.9146590999836,37.5015114004301]]],[[[126.93614629984451,37.6278870002456],[126.93614629993671,37.6278869998162],[126.936146300713,37.6278870000125],[126.93614629984451,37.6278870002456]]],[[[127.0159220990851,37.4433253004625],[127.0159220997532,37.4433252985139],[127.01592210037549,37.443325300038396],[127.0159220990851,37.4433253004625]]],[[[127.06231239991159,37.6560754999829],[127.06231240002569,37.6560755000033],[127.0623123999816,37.6560755000565],[127.06231239991159,37.6560754999829]]],[[[127.0651440998867,37.7478829999829],[127.0651441002576,37.7478829998956],[127.0651440999934,37.7478830004938],[127.0651440998867,37.7478829999829]]],[[[127.1235554999561,37.6578506999184],[127.1235555004033,37.6578506998198],[127.12355550053199,37.6578507004123],[127.1235554999561,37.6578506999184]]],[[[127.1422161994437,37.6412368998509],[127.1422162005368,37.641236897849105],[127.1422162012443,37.641236899942],[127.1422161994437,37.6412368998509]]],[[[127.0292894000131,37.6738849000245],[127.02928939999049,37.673884899992395],[127.029289400011,37.6738848999902],[127.0292894000131,37.6738849000245]]],[[[127.0305672995264,37.7365188002706],[127.0305673007728,37.736518797548996],[127.0305673005077,37.7365188002168],[127.0305672995264,37.7365188002706]]]]}}]}