{"type":"FeatureCollection","features":[{"type":"Feature","properties":{"interval":15,"stationId":"355172983"},"geometry":{"type":"MultiPolygon","coordinates":[[[[126.9723104989816,37.563165299690304],[126.97337059939359,37.5624659001583],[126.9730924000219,37.561953699771294],[126.9759624007282,37.5612187997303],[126.97870740030791,37.5638096998019],[126.9780474008838,37.564436100007],[126.9802852997433,37.5656926991778],[126.98046369963001,37.5638874995769],[126.9815204993558,37.5636418999485],[126.98083489972001,37.5627070001643],[126.9814330999843,37.5623017997266],[126.9827662003664,37.5621327991507],[126.9823828006404,37.5634797992963],[126.98347389954931,37.5636614991146],[126.984419599579,37.561934399944896],[126.9834148992505,37.5606896999359],[126.9851134994445,37.5596493001667],[126.984753899097,37.559029899798595],[126.98766689998929,37.5595688998183],[126.9877709002393,37.5603254993635],[126.9898376997502,37.5613248998104],[126.9905340996671,37.5599955998836],[126.99177989968119,37.5600749998737],[126.9931842001984,37.5584699993731],[126.9946375001425,37.560219599531905],[126.9962180000605,37.5595315998707],[126.9976620001719,37.561848899709],[127.0000621997809,37.562277099501],[127.0010330003994,37.5615111995959],[127.0019894005354,37.5629850992184],[127.0026353998894,37.5624249997785],[127.0029495999173,37.5629506992629],[127.00281099942639,37.5603990994723],[127.0043269992789,37.5605318996287],[127.0056763996937,37.5585932993961],[127.00684660061161,37.5588072994615],[127.0082548000128,37.560804898457],[127.0089201993901,37.5599020993345],[127.0083333999628,37.558223900021105],[127.0090439996929,37.556552100477695],[127.0086734000635,37.555875301154494],[127.0075370997065,37.5563807010932],[127.0066750994273,37.555266199962],[127.0072705991747,37.5513392001572],[127.00773480004409,37.5525970991167],[127.0085143999417,37.5513841992109],[127.0098944002629,37.5520063993795],[127.01288749967071,37.551523899047],[127.0136641999754,37.553259399070605],[127.0144703003873,37.5529345000702],[127.0125452018883,37.5539680999424],[127.01330780130591,37.5555185987177],[127.0128602007548,37.5563594992783],[127.0138630010595,37.5559791996168],[127.0144849007737,37.5570327992013],[127.0157610003558,37.5565372994392],[127.01661490003619,37.5575651988007],[127.0183911999408,37.5574419993347],[127.0196157016401,37.5579908997615],[127.0200679011879,37.5591852985671],[127.0225311997922,37.5573152997368],[127.0243024995837,37.5579452990494],[127.0245688000692,37.5573397994935],[127.02671099940221,37.5584685991661],[127.02742349917419,37.556801199170906],[127.0287540995166,37.5560713999218],[127.0302747999252,37.5566173993944],[127.030607699225,37.555789398571704],[127.031822100919,37.5558056987525],[127.0326862004766,37.5566132985945],[127.0335155996472,37.5560773991304],[127.03338290004221,37.5551197995766],[127.0343270002928,37.5551100996012],[127.03548070021249,37.5566451994842],[127.0414413002967,37.5567979995769],[127.0408942007013,37.557070799924496],[127.04154100016089,37.5576182994659],[127.0426204993164,37.557128899843704],[127.0423141009799,37.5564093992322],[127.0428539999726,37.5573645005838],[127.0411127007355,37.5579185002896],[127.0410361003804,37.5591090999217],[127.0401345004363,37.5595541001416],[127.0419750004572,37.5615752996569],[127.0411579005688,37.563423699453004],[127.0418182007975,37.563214700591004],[127.0418005003905,37.5650779993822],[127.0450986011363,37.5662771993155],[127.0449691999761,37.5674629004787],[127.0428550981972,37.5674641017305],[127.0417081988066,37.5661373023071],[127.0416376994703,37.5642097008354],[127.0404009007071,37.5641853008598],[127.040090600662,37.566001999935395],[127.0379219015362,37.5664314001412],[127.0394867010281,37.5669709014735],[127.03823530060559,37.5678696007943],[127.0382468011174,37.5695815997874],[127.0369388002433,37.5702410008616],[127.03660260056229,37.5715774000222],[127.0342448001623,37.572626900768505],[127.03257620005739,37.5717460004972],[127.0314971011365,37.572077200166],[127.032443100371,37.5733610005612],[127.030620200702,37.574852200296],[127.0299624992506,37.5733789006157],[127.02771789968,37.5733650004752],[127.02523139998,37.5721602001756],[127.0246997993022,37.5707427006722],[127.02353920039191,37.5714583002419],[127.0234456006191,37.5729823010332],[127.0219199006226,37.5737906007016],[127.0197366003078,37.5735884008692],[127.01853630053539,37.5746699005565],[127.0183264995332,37.5736873006847],[127.0151385000868,37.5751238002647],[127.0151936991856,37.573364400258605],[127.0141450002343,37.5725117011113],[127.0134484000305,37.574004300561995],[127.01108100036001,37.575649999994006],[127.00832540011831,37.576282400446296],[127.0048227996657,37.575709300176],[127.0038110982097,37.5725583003578],[127.0014466000622,37.571367600674606],[127.00167399947469,37.5709044999682],[126.99894020043921,37.5711877004639],[126.9976453003788,37.5727317006316],[126.9974602992634,37.571075300883194],[126.9949788000351,37.5710486004488],[126.9936801997566,37.570073700388704],[126.9928839003989,37.5703750000035],[126.9936006001623,37.5708785997961],[126.9931938005049,37.5719397996762],[126.9940670005531,37.572039100012596],[126.992596900826,37.5737711011554],[126.9905414000802,37.5748597007972],[126.988965699552,37.57462190076949],[126.9864177992774,37.572761699633],[126.9878098997459,37.5725785996981],[126.9877070998875,37.5718026994354],[126.9889968997702,37.5719997993838],[126.9887981997598,37.570344999795005],[126.99052060027779,37.570706699702704],[126.9907045000282,37.571547599450504],[126.99125789947479,37.5711654998326],[126.9912164996735,37.5700054003235],[126.9895463991433,37.5686919004715],[126.98602100087409,37.568133400704],[126.98573609945569,37.568852400336496],[126.9844964007074,37.5676664007237],[126.98488180035089,37.5683578001516],[126.98281299997569,37.5703915000215],[126.98223519977931,37.570129699979006],[126.9826695997641,37.5692138000723],[126.98069820011591,37.5692016008509],[126.9791976999039,37.5669982000557],[126.97816419943699,37.567006699995304],[126.977676199835,37.5651926003125],[126.9771199997976,37.5657100001614],[126.976724900029,37.564607000256004],[126.9751097996168,37.564829400604],[126.9746188998349,37.563694400371006],[126.972922599523,37.564239200532],[126.9723104989816,37.563165299690304]]],[[[126.9977698994413,37.581899700472],[126.9990238989039,37.5821932989325],[126.9997290004258,37.5812481989777],[127.0019837986859,37.5817548992183],[127.0015688985859,37.579998500227404],[127.0002812996109,37.5795830995707],[127.00220679998759,37.5782863992247],[127.0025312005681,37.579627799388795],[127.0049556007763,37.580483399167896],[127.00384680082051,37.5817522003375],[127.00514630047331,37.5839988998678],[127.0026938006436,37.5836989006758],[127.0028462002541,37.5850992008338],[127.0008665999314,37.585930100656896],[127.0002045996728,37.5832940008164],[126.9976907997261,37.5837550002004],[126.9977698994413,37.581899700472]]],[[[127.0417946998993,37.5443681000277],[127.044084999867,37.5414307993491],[127.04458510027831,37.5434132004887],[127.04288730197611,37.5440675998343],[127.0432732015902,37.5449823989195],[127.0449819998814,37.5446056992962],[127.0457600995789,37.5455371990008],[127.0472267011366,37.5451283988991],[127.0475174015997,37.5458455996469],[127.0499522006386,37.5463546005166],[127.0485063002028,37.5475299009514],[127.0474002007352,37.5466305012346],[127.0466210003212,37.5474159006238],[127.0453116010202,37.5469613005353],[127.0457443008665,37.547793400646306],[127.0449124000857,37.5475064007708],[127.0435850987737,37.5485771007829],[127.04436849947561,37.5484476996526],[127.0448134987819,37.5451161005629],[127.0417946998993,37.5443681000277]]],[[[127.0419446967194,37.5512665988129],[127.0437824992743,37.5515341987458],[127.0442970000688,37.5497914995017],[127.0441309011906,37.5510122996716],[127.0459459009737,37.551492600070404],[127.04583720010879,37.5548963002915],[127.0445642004176,37.555093900339],[127.044865200126,37.5559502003752],[127.0440915997718,37.5559822001101],[127.0440477998396,37.5539894008394],[127.04241599998521,37.5532037006115],[127.0413756983269,37.553828700190394],[127.0419446967194,37.5512665988129]]],[[[127.0038031985912,37.587892599746404],[127.0047739999819,37.5870551990912],[127.0081718005539,37.5867245997178],[127.008948100508,37.5896363002244],[127.006341399961,37.5902529001401],[127.0053154000176,37.589496600948294],[127.0042357998629,37.5903581001669],[127.0046943990808,37.5895427001796],[127.003414199253,37.588349100589205],[127.0038031985912,37.587892599746404]]],[[[127.0058092991448,37.5501510006182],[127.0052498997712,37.5489081997096],[127.007071000128,37.5467304998786],[127.00891750086619,37.548519300741106],[127.0073886004783,37.5477714004126],[127.00745640046769,37.5495550992014],[127.0082721009194,37.549909899485804],[127.0076434999967,37.5507793003734],[127.0057411004764,37.5490662003738],[127.00638960027301,37.5499070998118],[127.0058092991448,37.5501510006182]]],[[[126.9748476992413,37.5716142999973],[126.97680320022471,37.5699311997027],[126.97737130018331,37.5702796998649],[126.97705090022899,37.57201620057],[126.9748476992413,37.5716142999973]]],[[[127.00142469937501,37.538217200122496],[127.00256620018901,37.5388715998178],[127.0017587006528,37.539288499981495],[127.0019555007476,37.5405361009325],[127.00142469937501,37.538217200122496]]],[[[127.0230187998536,37.5756867000745],[127.024164800192,37.5763508995375],[127.02454850025829,37.5759526997261],[127.0261766009029,37.5764564003725],[127.02416479899449,37.5763509015188],[127.0230187998536,37.5756867000745]]],[[[126.96307419968609,37.5591368999878],[126.9652514000197,37.5589797996248],[126.9648559008705,37.5593926000097],[126.9659068003343,37.5596545988883],[126.9658611003642,37.5605761002651],[126.96387419992071,37.5610864001905],[126.9643751990731,37.560180600543],[126.96307419968609,37.5591368999878]]],[[[127.054936199359,37.5442632993544],[127.0562504990238,37.543880199440395],[127.0558446003502,37.5428463994094],[127.0575216008583,37.543470798899904],[127.0580088012659,37.544638899609204],[127.05647719980351,37.5443792010467],[127.0552393010414,37.5448967005292],[127.0554849990814,37.5453933007976],[127.054936199359,37.5442632993544]]],[[[126.97680749964931,37.5575116001567],[126.9780026000968,37.5581843991768],[126.9787580001128,37.557195399920296],[126.9793303005396,37.559218900266295],[126.97680749964931,37.5575116001567]]],[[[127.01577949910849,37.5927738001862],[127.016723800067,37.5915723996744],[127.0173486005893,37.5931622002945],[127.01662310048421,37.592900600549],[127.01628199954051,37.5937100002892],[127.01577949910849,37.5927738001862]]],[[[127.03997999954,37.5270256001015],[127.0402222005512,37.526423699171104],[127.04126060036751,37.5269372998948],[127.0408664000894,37.5280414005062],[127.03997999954,37.5270256001015]]],[[[126.9665824997152,37.5658697000748],[126.9666607996342,37.565571099965],[126.966855400361,37.5656626998387],[126.9665824997152,37.5658697000748]]],[[[127.0474024996433,37.5544317004046],[127.04867060049659,37.554023799804604],[127.0484453002383,37.5543795007775],[127.0483740994983,37.5541052005468],[127.0474024996433,37.5544317004046]]],[[[127.0038423995228,37.5475625999478],[127.0039700002511,37.547402499699096],[127.0045569007676,37.547554100747796],[127.0038423995228,37.5475625999478]]],[[[127.0472639994428,37.552539199948],[127.04820410211131,37.551965599231],[127.0472640010378,37.5525392012147],[127.0472639994428,37.552539199948]]],[[[127.0197080995224,37.5545998000907],[127.020000200175,37.5543821993756],[127.02065760016981,37.5546589002887],[127.0197080995224,37.5545998000907]]],[[[127.01585749961339,37.5478507993114],[127.0159104997431,37.5477417994696],[127.0160999006201,37.5477961006539],[127.01585749961339,37.5478507993114]]],[[[127.052369199583,37.566382500730406],[127.052369200414,37.5663824995367],[127.0527603002901,37.5667109001432],[127.052369199583,37.566382500730406]]],[[[126.9854889989741,37.576516400800706],[126.9854889997805,37.5765163987868],[126.9858933003026,37.576681900155194],[126.9854889989741,37.576516400800706]]],[[[126.99448359946679,37.534544499914304],[126.9944907005191,37.5344927994914],[126.99448360103919,37.534544500071604],[126.99448359946679,37.534544499914304]]],[[[126.9726149992338,37.5537124005709],[126.9726150007792,37.553712399497],[126.9726150004158,37.5537124003731],[126.9726149992338,37.5537124005709]]],[[[127.0197293986026,37.5568335999431],[127.019729399303,37.556833599215],[127.0197294005094,37.556833600096795],[127.01972939902251,37.5568336007601],[127.0197293986026,37.5568335999431]]],[[[127.0432721998451,37.5568265005252],[127.0432721995092,37.5568264996479],[127.04327219999341,37.5568264994772],[127.0432721998451,37.5568265005252]]],[[[126.9964376994045,37.572193699821],[126.9964377001345,37.5721936997554],[126.996453100011,37.5722156000158],[126.9964376994045,37.572193699821]]],[[[126.9881414995147,37.559614699772496],[126.9881415003977,37.559614699498596],[126.988141500601,37.559614699830995],[126.9881414995147,37.559614699772496]]],[[[126.95618309982261,37.5573367000111],[126.9561830998839,37.5573366997733],[126.95618310034101,37.5573367000022],[126.95618309982261,37.5573367000111]]],[[[126.9812281997355,37.5618992001135],[126.9812281997502,37.5618991996478],[126.9812282001503,37.5618991995808],[126.9812281997355,37.5618992001135]]],[[[127.0349191999025,37.5781034000164],[127.03491920012401,37.5781033999218],[127.03491920001011,37.578103400106706],[127.0349191999025,37.5781034000164]]],[[[127.0683007999063,37.5407171999579],[127.0683008002665,37.540717199978005],[127.0683007999661,37.540717200079904],[127.0683007999063,37.5407171999579]]]]}},{"type":"Feature","properties":{"interval":30,"stationId":"355172983"},"geometry":{"type":"MultiPolygon","coordinates":[[[[126.9080711996218,37.548622200564395],[126.90892099928281,37.5485736988637],[126.9085247995936,37.5470775997834],[126.9093617995819,37.547317399545996],[126.9098802993805,37.5462101997717],[126.9120782000539,37.5452035995313],[126.9160886999822,37.5462144997545],[126.9168409002276,37.5476721990572],[126.9172183998501,37.5469844997449],[126.91812180057019,37.5473570996108],[126.91872440064971,37.5484151002809],[126.917680100588,37.549033000791],[126.9175232007493,37.5517936990673],[126.9184764005783,37.5527074992766],[126.9202164994085,37.5526694993875],[126.9200480998861,37.5519496995857],[126.922464800176,37.5512842994661],[126.9228451999801,37.5521691990726],[126.9242073998293,37.551350299386506],[126.9240541002253,37.5520618993248],[126.9259832003904,37.5520388997884],[126.9274375995936,37.553034499074805],[126.92839390031351,37.552295697972305],[126.9296055999032,37.553090199448796],[126.93160719968951,37.5527277994997],[126.9317442995524,37.5512810009465],[126.9288000994444,37.5501939991831],[126.9303474990259,37.5492876999793],[126.92964099929901,37.5467902003227],[126.9308720994283,37.5465780990994],[126.93084929980081,37.5455835997177],[126.93259609986829,37.5454209991459],[126.9339623002906,37.546975198511696],[126.9371154000997,37.548375199592606],[126.9388312994762,37.546909500089],[126.9382553997812,37.546071000159294],[126.9389764999189,37.5446202999146],[126.93969790002289,37.5444539997049],[126.9407317002066,37.5456661995197],[126.9426008000381,37.5450789997089],[126.9431440001798,37.5458703994008],[126.9447851994219,37.5449738997001],[126.9443252995071,37.5438901001165],[126.94202100018559,37.5426225005644],[126.9424936994897,37.542190599763096],[126.9414706001597,37.54078230080879],[126.94045960098289,37.5414875002376],[126.9413861999771,37.542384400220605],[126.9404595995639,37.541487500319704],[126.9406633000956,37.538566598726305],[126.9419153994648,37.5379197997635],[126.9424605995451,37.5363059004316],[126.9413757998939,37.53715420055261],[126.9312500999862,37.529591500475505],[126.9304867004177,37.5302364000241],[126.93105179936701,37.5305758003297],[126.92950469985479,37.529382600066796],[126.9341870996526,37.5257388987004],[126.9344879999305,37.5243624986131],[126.9359823001818,37.524059899303296],[126.9372389004983,37.5253563998161],[126.9350130032599,37.5286434970906],[126.9422315960413,37.5353903903437],[126.9466513001194,37.5344763996297],[126.9460360010794,37.535131400194295],[126.94734419977121,37.5364317988939],[126.9484135001572,37.535112999423],[126.9479703007798,37.5356142998757],[126.94957290008941,37.537582699427205],[126.95077190035781,37.537811099391696],[126.9508445007226,37.538671799952105],[126.951985500391,37.538961799891105],[126.95173920078251,37.5396868996284],[126.95407439946429,37.540399399891896],[126.9548875000594,37.5395306998083],[126.9561868994526,37.5397749992347],[126.9552933995393,37.5382928000613],[126.9560900991816,37.5384032996212],[126.9566875989305,37.5369061005349],[126.9552938988759,37.537246800291],[126.95489259833809,37.5360874996334],[126.95812049948461,37.53675049943109],[126.9596300988633,37.5355893992949],[126.95812449961609,37.5341519995548],[126.96031239912321,37.5347998988666],[126.9616077996358,37.533115699724206],[126.9627463991912,37.5335300997342],[126.9640429989554,37.5313218987394],[126.963614699942,37.5272467011616],[126.9623736992683,37.526742199195304],[126.96284339960489,37.524021199574],[126.9678257000685,37.524871799008],[126.9696233988251,37.523567399988394],[126.96848579942639,37.522426799241195],[126.9692733997381,37.5228105989107],[126.9696863993251,37.5216256000957],[126.9730956991171,37.519458800304704],[126.9728413010464,37.518935199402],[126.97380320044921,37.519943999152204],[126.97437360097321,37.5193494993967],[126.9750381018237,37.5209402991877],[126.97695130044009,37.5203245996364],[126.9768134003543,37.5214529993076],[126.9775109996567,37.5216668990937],[126.980148000477,37.5209013003983],[126.9781304999279,37.5236320012335],[126.97692769987721,37.5235163005906],[126.9779168992602,37.5228559998518],[126.9768133997649,37.5214530004893],[126.97503809923161,37.5209403011223],[126.97302450124519,37.5216151004475],[126.97442960038589,37.5225548999593],[126.97244580097251,37.5225521997751],[126.9727332010565,37.5237684995393],[126.9679798012762,37.5271948998531],[126.9682900013402,37.528292799526604],[126.9698948997353,37.5288354989839],[126.97024600100221,37.5283307000279],[126.9714153008142,37.5301171996497],[126.972588400581,37.5302953998671],[126.97191700066871,37.5311147995554],[126.97344789982209,37.530839799326905],[126.973674099763,37.529636299619],[126.9752965005306,37.528337099506004],[126.97729010035451,37.52941059912],[126.9770238014972,37.531430900173994],[126.9792269001756,37.5341477987745],[126.9801473992551,37.533988698933605],[126.98028599980361,37.531567999446],[126.9818926014777,37.5322782998776],[126.9808562001909,37.5348856003174],[126.9790473004891,37.534836300673504],[126.9788137002583,37.5376207003196],[126.9781964994662,37.536970800923996],[126.9774900001579,37.5377355003742],[126.9750456002223,37.537161400656004],[126.9750161998452,37.5376608003238],[126.9742997002009,37.536743901048595],[126.97436920014229,37.5377882001794],[126.9738390003331,37.5376053005061],[126.9729330012391,37.539570898540504],[126.9743412002999,37.5416696001319],[126.9735553006348,37.5426112003339],[126.9733818003362,37.5452646995546],[126.97510770065209,37.5454798996495],[126.9755001005026,37.5466195985384],[126.9768494993888,37.5457071994779],[126.9804300003766,37.5462699979821],[126.9817568990497,37.545522498729596],[126.9827226007307,37.5468764000628],[126.98107480023201,37.5476121007378],[126.9810128006833,37.550008599151596],[126.9822041001005,37.5486880995963],[126.98272030095569,37.549276099632],[126.983927301164,37.555538399848004],[126.9889120996089,37.5564184955735],[126.9917134991712,37.5560080951749],[126.9968257984287,37.5521096980884],[126.9958349994058,37.550202598622],[126.9978755988871,37.5510186977491],[127.0018499952113,37.5480673000837],[126.9989119977733,37.5424677019381],[126.997064299621,37.5421066022992],[126.993082700981,37.5440356012872],[126.99155129960769,37.5425100011783],[126.98999099980341,37.5431248001151],[126.9895628996326,37.5422111007855],[126.98841570077981,37.542812600184],[126.989233500581,37.5438222994927],[126.98857229994171,37.5442789006744],[126.9883133998563,37.5436793005816],[126.9851567996385,37.5435079001844],[126.9845803995243,37.5412555997639],[126.985558399924,37.5417417993992],[126.9869864993195,37.5410889999692],[126.9864825996928,37.539199999988],[126.98713309933589,37.5357269998214],[126.98683649963249,37.5348408007076],[126.9846046992441,37.534838299481294],[126.9864517992711,37.534878599238496],[126.9892954998227,37.5328104992717],[126.98889990066621,37.533362799607296],[126.99036609953511,37.5335181992315],[126.9910489991724,37.5320832004207],[126.98992579900009,37.5318174996329],[126.990510799715,37.5318991988646],[126.9914557991558,37.5287291998301],[126.9963581981479,37.527231699933004],[126.9962632995026,37.5258431994561],[126.99870439942609,37.5263801993678],[126.9988270997048,37.5256278991274],[126.9994385002894,37.5263318994133],[127.0010910002614,37.5257379998261],[127.00170700017479,37.526306000153696],[127.0009100009718,37.5261700002897],[126.99969900218281,37.5274858989738],[127.0023864002908,37.5320903950251],[127.0056989976527,37.5316949955253],[127.0068984998082,37.5292948996716],[127.0102808004264,37.5303395996376],[127.01044660049389,37.531310400533],[127.0092839006475,37.531954800255605],[127.0114350009093,37.535790599562496],[127.0070359011341,37.534415600825],[127.007454002868,37.537698999111605],[127.006333299932,37.537388401017296],[127.0040561005837,37.53947930019331],[127.00617260086,37.5423250992107],[127.006281900649,37.5438548981995],[127.0073544998161,37.544445097624894],[127.01257119907879,37.537283199056795],[127.0123902004288,37.5390119993035],[127.0131553005851,37.5387840994523],[127.0137723002225,37.539970099536696],[127.0155803996661,37.5404043995687],[127.016429498969,37.5387086005075],[127.0160407989743,37.538019999670105],[127.0201215012309,37.537420792685],[127.0242701989571,37.5312611997403],[127.023037599289,37.5293013002514],[127.02380139901689,37.5286459996343],[127.0226604992143,37.5263821995995],[127.0232959987833,37.5255913001127],[127.0220699996616,37.5241176996105],[127.024752200105,37.523938098989],[127.0253484998865,37.5231828992332],[127.0269489991705,37.5235252986988],[127.0274784997038,37.5218006991186],[127.0306656995928,37.521493499121995],[127.0304339000217,37.520506399718705],[127.0316122993659,37.5197005997994],[127.02875190024061,37.5181472006099],[127.02831119973311,37.5189242005085],[127.0276650000053,37.5176604009206],[127.0270927006095,37.5195425006223],[127.026298600546,37.5191587006751],[127.0224697003073,37.5212128004067],[127.0212326997636,37.520625100764896],[127.0202851996949,37.5217240004703],[127.0182450000727,37.5213658006183],[127.0177955997598,37.5220458003115],[127.0182802993803,37.5209312005534],[127.01622639966749,37.5207976000615],[127.0168259993922,37.520652400043005],[127.0170215997706,37.5179060998022],[127.0156671000617,37.5149143007101],[127.0118726001854,37.516345000979705],[127.0095712995876,37.5162598003572],[127.0070242985012,37.514827700733996],[127.0065849990133,37.513341999661804],[127.0075697992267,37.514325898889204],[127.0075119996298,37.5131406993687],[127.0086443002316,37.5131867993581],[127.0096392997315,37.5120376001095],[127.0082215996887,37.509918601512396],[127.0062810005155,37.5124353007798],[127.0057355993734,37.5113610005284],[127.00645889890569,37.510490700072495],[127.00562359994531,37.510065899812],[127.0077304995849,37.5097569989988],[127.0083081990072,37.508668500087296],[127.0069735000373,37.5065528003048],[127.0059881998698,37.5070592003936],[127.00559079898379,37.506290300753705],[127.0026534989988,37.506453202226105],[127.002546099056,37.5053926003225],[127.0017274995769,37.505425599900406],[127.0049088989398,37.5046617989266],[127.004550699298,37.503405800182605],[127.0027093983988,37.503006700389],[127.0035471993052,37.502497199888204],[127.003090199856,37.5018454999395],[127.006094100477,37.5029415989954],[127.00674120065709,37.5021750991653],[127.0080223008347,37.5043417994775],[127.0055487007389,37.5037437008339],[127.0047470010321,37.506003699637304],[127.0084812999106,37.5071053992406],[127.00979529984369,37.505919699146396],[127.0099946003478,37.508323999445004],[127.0133163995144,37.508010898501105],[127.01299690106451,37.5086332997296],[127.0159195008212,37.509380299147196],[127.01791249978959,37.5080071998253],[127.019347899949,37.5084791993567],[127.01974419992831,37.5076310992706],[127.0212649994648,37.5076483994737],[127.0219062995181,37.5062720001781],[127.0204900986876,37.504446799704496],[127.0209018984404,37.503569300048305],[127.01945860027739,37.5028693995191],[127.0210004000445,37.5033839992471],[127.0218177000302,37.5019780996693],[127.0249291001919,37.501775398613],[127.0263113997085,37.5004029988645],[127.0277433010487,37.5011302005512],[127.0290595004694,37.5034816997247],[127.0300972003619,37.5035367994249],[127.0321575,37.5022636995263],[127.0328882996903,37.5032075989929],[127.0336745999164,37.502274299581],[127.0352540001004,37.5023712992948],[127.0362556990987,37.5008066008595],[127.035361199289,37.5001157000968],[127.03597770023781,37.4998094995198],[127.0376801007267,37.5009243996056],[127.0371750005517,37.5024086002049],[127.03781070043469,37.5041297999301],[127.0390384000206,37.505459699411304],[127.0405658998137,37.5054121987782],[127.04112599999401,37.5036929995305],[127.04188120021401,37.5041228992038],[127.04235329980371,37.5030287001022],[127.0407073990917,37.5031019001963],[127.0405354990679,37.5017992003108],[127.0397729994245,37.5017993995972],[127.0424105004268,37.5010908991054],[127.0441979995215,37.5016166988352],[127.0447154994129,37.500626498961104],[127.0467861986009,37.4998764995723],[127.04947759811941,37.4960244004436],[127.04826629933069,37.4951713012967],[127.04713819931021,37.496175700927104],[127.0461799995746,37.495594500534004],[127.045813099721,37.493917099399596],[127.0469131000937,37.4936012991888],[127.048105999117,37.494991498438395],[127.0493451012841,37.4931324990225],[127.0510450009009,37.4951071978187],[127.052554500188,37.4949863982438],[127.05458149868849,37.493533899983],[127.054401998868,37.4923995011174],[127.05128949894629,37.491848999922],[127.04972979963519,37.4884258998375],[127.0517211997237,37.487783299247],[127.0529001994229,37.4883214990835],[127.0539681998358,37.486738298351],[127.0551027003671,37.4876668984558],[127.05664559882419,37.4870533990693],[127.0570420984403,37.4834925988433],[127.0595108007617,37.483551899397504],[127.0580777012953,37.4848534991763],[127.059302699721,37.4862989991162],[127.06042869872411,37.4850692003184],[127.059887100154,37.4847177992586],[127.0604287008277,37.485069199451196],[127.0593027014351,37.4862989991856],[127.0607291000087,37.4868894985951],[127.0628466998987,37.485598999166804],[127.0624579008596,37.486995798948506],[127.0635764011093,37.4861343007636],[127.06294870173701,37.487793899104],[127.0659767987089,37.4890795978183],[127.06663909804661,37.488103098794795],[127.0688322004991,37.4888107001601],[127.0677949004463,37.4890514008137],[127.0678303008272,37.4899099004748],[127.06571630007221,37.4895864012196],[127.06503839962471,37.4908937007098],[127.06571629833981,37.4895864008977],[127.0608011998889,37.4880130003029],[127.05930270138741,37.4862990020169],[127.0584528022373,37.4894044989114],[127.059690101,37.489752498563405],[127.0597547010135,37.492566399045],[127.0608967003771,37.4935140999659],[127.0600948003456,37.4929516012108],[127.05892449991491,37.4939123004459],[127.05844860006131,37.4923746012566],[127.05658800192191,37.4938804997507],[127.05732280151659,37.495726498631704],[127.0594048004979,37.4971916001542],[127.0583014005122,37.4993681003481],[127.0569209003543,37.499104200805895],[127.0544525007363,37.5009660002441],[127.057115800204,37.505456899976195],[127.0567148005259,37.5066175989703],[127.06102849885791,37.5075826992349],[127.0632348992894,37.5062459994482],[127.06411559951799,37.5069031986034],[127.06468799968191,37.5058496991209],[127.0674040004465,37.5099616995926],[127.0664924008684,37.5097523003798],[127.0652699001198,37.5107400007424],[127.06426480012381,37.5099961011894],[127.0637488006398,37.5109793002062],[127.0646466010205,37.5129495993496],[127.0642439006968,37.5136783993496],[127.0661294003467,37.515426900121604],[127.064146799819,37.5160086003957],[127.06413770025141,37.5168039001717],[127.0622050007276,37.5178265002796],[127.0608828999368,37.5170393008811],[127.06033590048379,37.517944399975995],[127.0611253006587,37.5196178002838],[127.0601600007202,37.520911999484206],[127.0614257005352,37.5215249001072],[127.05773670142311,37.521085502083096],[127.0579523006106,37.5228768010042],[127.0529930011438,37.5241015008115],[127.0540481000887,37.5250713998416],[127.0532935007486,37.525788299445104],[127.0539753005668,37.5261373004557],[127.05275290022921,37.5262534005832],[127.0525105002651,37.527066500004196],[127.0534789000669,37.5274597002207],[127.0520070015388,37.5287601989202],[127.0549583022254,37.5342665990717],[127.0567750004087,37.533825299513],[127.0567147007609,37.534485499660505],[127.0595713997358,37.5352716993287],[127.0594716998355,37.5346518999485],[127.0616449994246,37.5341635992899],[127.0608067998535,37.531614399880304],[127.0642207999427,37.530022899839196],[127.0654360995412,37.530335399219396],[127.0665350976611,37.5287175922587],[127.0704774003746,37.5279825914765],[127.0746217013533,37.5296950995451],[127.0748984005011,37.5305430002658],[127.0736883007891,37.531421600316],[127.074091700524,37.532086300106606],[127.0734018010468,37.5329451996643],[127.07479409965451,37.533456399153096],[127.07656389967009,37.5329395994356],[127.07861269985919,37.5298550996474],[127.0801773001788,37.5298150996445],[127.08160450018809,37.530794199427305],[127.08256799950729,37.5307407993948],[127.08266410005331,37.5297089996512],[127.0874850001308,37.529589499753904],[127.0881083997689,37.531416398685195],[127.0904882994502,37.529917599313194],[127.0942459998913,37.5330554993212],[127.1014410926962,37.52441790795881],[127.0987419997111,37.522378799986896],[127.1002063993301,37.521434999468696],[127.09968529970371,37.5202703000096],[127.10046889965369,37.5199419001065],[127.10017419939379,37.5185682997666],[127.10195379893301,37.518964399297204],[127.1021668989331,37.5183740995985],[127.1023254987745,37.517700400272204],[127.1010732996442,37.517893200299106],[127.1006877003637,37.5168287992617],[127.1037220993946,37.518145298647],[127.1049344981822,37.5175050992872],[127.10373899937771,37.5159417008506],[127.1006113004109,37.514921601119504],[127.0996236004431,37.5165605007769],[127.0986241002904,37.51617560062979],[127.0978415004061,37.516803700895494],[127.0970823993981,37.5166787003135],[127.098066399549,37.5154316003308],[127.0968206007948,37.5147180010444],[127.0961900994246,37.5154269006159],[127.0968205993486,37.5147179990391],[127.09806640012819,37.515431599591],[127.0993656995372,37.5139049998673],[127.094770198174,37.5119795997485],[127.09698799855519,37.512778598931796],[127.0999528992794,37.5098005992632],[127.1012029992739,37.5102020992693],[127.1029826004135,37.5095069997758],[127.10269670017719,37.5103571997064],[127.10355760126821,37.5098659999974],[127.1047514013811,37.513290500994295],[127.1040499003669,37.5153880994161],[127.10694820072911,37.5157680000464],[127.1067615017098,37.5190434972106],[127.1081721013075,37.5191143974912],[127.1077665016107,37.5205024996748],[127.10888510106929,37.52117959908271],[127.1081142004972,37.5225408001],[127.1085480003249,37.5229633017861],[127.103482400421,37.523272100302],[127.10376870067991,37.5242208011971],[127.0959047083552,37.5334047932379],[127.0978477034498,37.5357416007742],[127.100680200689,37.536971899642],[127.0991832012068,37.5369575004425],[127.0997898000163,37.5382064000582],[127.0984594013467,37.538035800228805],[127.0984694009804,37.539366802593804],[127.09756330068821,37.5391461001777],[127.0964993015671,37.5407301988228],[127.0970602011862,37.541527999862],[127.0949318002557,37.5413382005318],[127.0911937013972,37.5426916006139],[127.090474800174,37.5439096007047],[127.0883437993067,37.5448934005297],[127.0875620997145,37.5442187008122],[127.0870502993795,37.5449750001314],[127.08565809996341,37.54375960123],[127.0854282998862,37.5449368001917],[127.0829710999588,37.5434254006477],[127.0817525002789,37.543830100527],[127.0800769019545,37.5452673990897],[127.08013680176961,37.54642110130921],[127.077065701424,37.5464062011093],[127.07521730106231,37.5491870003002],[127.0752624010172,37.5510716984155],[127.076950499843,37.5503421993219],[127.0779714003304,37.5527042990755],[127.07921950000859,37.5516204980103],[127.08047310042821,37.55314179914],[127.0836094993032,37.552675399025],[127.0860974986898,37.551473198012495],[127.0857059990813,37.5489312005545],[127.0864586993765,37.546140699482905],[127.0885753006446,37.546247699448],[127.09028160083079,37.5477709987262],[127.0914157004611,37.5464193984943],[127.09364039990369,37.5486433981248],[127.0983036992057,37.547637699607506],[127.0980530997952,37.546539000060406],[127.0984034996403,37.5469752994712],[127.10017069760171,37.5458851996236],[127.0994981982742,37.543992201516595],[127.0985811998664,37.5438203995541],[127.10217920026119,37.5417660997798],[127.10146300060859,37.542809599669596],[127.10268860066739,37.5428245994943],[127.10325049958401,37.5438906991216],[127.1037579002662,37.5424049995693],[127.1044359996533,37.5429530990815],[127.1053225000279,37.542274299577],[127.10570850001571,37.5439346994393],[127.107024901068,37.5444191998959],[127.1065728012983,37.5457512988949],[127.1091007013837,37.5460655996564],[127.1054482005318,37.5491910017149],[127.1044906004201,37.5484456007955],[127.1015198998197,37.5489203018408],[127.1012138984364,37.547543701046095],[127.0998079998423,37.5468432017466],[127.09592410134131,37.5481995020752],[127.09662440064099,37.5502300000447],[127.0953472004968,37.5527472006831],[127.0954804005036,37.554426399978794],[127.0944660005791,37.5552052003369],[127.09481630034091,37.5557827003258],[127.0932487998173,37.555455701009606],[127.09190370069331,37.5565668009501],[127.09080499947301,37.5559072011257],[127.0896178999481,37.5564476010891],[127.0854016010107,37.560124299950296],[127.08560130101769,37.561011400073],[127.0847983005253,37.5616195003309],[127.08525990006369,37.5624667994836],[127.086939000151,37.5635007991692],[127.08749800025839,37.5652340983807],[127.0883618006766,37.5651462998501],[127.086844300327,37.566229200747905],[127.0872608007047,37.5686775994398],[127.08613510069371,37.569330100743905],[127.0861562006724,37.5708323000094],[127.08665000017861,37.571694699147],[127.0878904009247,37.5718099995511],[127.0893178004862,37.5754027005435],[127.087321200226,37.5756649008577],[127.0871586001997,37.5764988003977],[127.0867304998084,37.575751701047395],[127.08580299962429,37.5758795999694],[127.0856388997884,37.574885500963504],[127.0841307999154,37.575248700493304],[127.0862014990723,37.5729120000304],[127.08501389947071,37.5720988001889],[127.0861438995162,37.5716864992442],[127.0855449992828,37.5681815009634],[127.0845352002926,37.5679631011818],[127.0842509000497,37.569038300319505],[127.0827660000419,37.568647200860404],[127.08056189967151,37.5678385008323],[127.0798317002633,37.5666701011071],[127.0793079994528,37.5676738002959],[127.0794352996814,37.5661494998331],[127.0795548000808,37.5667629993793],[127.08071789959689,37.5663572995182],[127.0808206994941,37.565097900777594],[127.0796540000013,37.5655019005135],[127.08035239960189,37.564249899875],[127.07975999974339,37.56316000039941],[127.0765352995592,37.5627590005071],[127.075887000048,37.561622401348],[127.0751307000202,37.5621205007393],[127.07285059921199,37.5600953021058],[127.0716804003822,37.5607085014926],[127.0706633002182,37.5602516005358],[127.0730545010406,37.5647855014608],[127.0714332009349,37.565516200209196],[127.07166979999049,37.5665644007146],[127.0708727997757,37.5667860003179],[127.0715785996176,37.566455899858404],[127.07092249993549,37.565593100171604],[127.0694611004329,37.5660605000998],[127.0706666001439,37.567335599942],[127.06960520035909,37.5687097005657],[127.06824590013339,37.5666149004645],[127.06586070000681,37.567439200950204],[127.065321999992,37.5668579009063],[127.0635304999636,37.567292500684],[127.06326849985251,37.566487600902505],[127.0622200004632,37.5669200006063],[127.0629792005149,37.5679259000506],[127.06188089994461,37.5700718023982],[127.0607719005612,37.5701227024609],[127.0595891002403,37.5727583001012],[127.0574286002465,37.574242200196004],[127.05560080055639,37.573827401184296],[127.05527999987879,37.575235900112204],[127.0553679997988,37.5736597015306],[127.0543990000121,37.5752184010996],[127.0533659999568,37.5747136011165],[127.0530076001576,37.575665900187595],[127.0516645999017,37.5754156001953],[127.0521139993547,37.5751890000927],[127.05097450049419,37.5742512010305],[127.05105370047859,37.5758015006076],[127.05055400005571,37.5752692006768],[127.0499571006526,37.576341999604],[127.05079900073329,37.577388999020094],[127.05213459978,37.576837499424705],[127.0512689009976,37.577939799263504],[127.0533900999951,37.5779071989072],[127.0538865008718,37.5793763995576],[127.0548185004708,37.5794057997618],[127.0535674004286,37.584451799269296],[127.0542461006057,37.583803499763604],[127.0546950001568,37.5847509988161],[127.0555725001352,37.5846508989711],[127.0559670997406,37.5837872998347],[127.055572500391,37.5846509000469],[127.0563246000457,37.5848946995542],[127.0570991992711,37.5849912994576],[127.0571026002007,37.584118999083],[127.0577545003299,37.5843482001359],[127.0572423002055,37.58499779954769],[127.058563999872,37.5852897993866],[127.0608641000274,37.5847087996145],[127.06285200012191,37.5866463997832],[127.06370890074689,37.5865213981822],[127.0630232005948,37.5870484999392],[127.06457480128161,37.5881425998425],[127.0646561002629,37.5902373998662],[127.0661793003701,37.5911346997748],[127.06514060055751,37.5910669000499],[127.0649008007973,37.591830599286205],[127.0669777000861,37.5916035998834],[127.06756350085641,37.5934131997016],[127.06862310038619,37.5933841000838],[127.0678582005677,37.5957972998115],[127.0687911002838,37.598115099697004],[127.0677137000972,37.5986197007904],[127.0676158001951,37.5996988997112],[127.0694370997355,37.5995250994293],[127.0702159008761,37.6002545009046],[127.0683873013778,37.6014799003443],[127.067594501557,37.6032155004218],[127.06807460102691,37.6048369011516],[127.0652880998884,37.605561900637596],[127.064891799561,37.6042252999066],[127.06552689955019,37.6048012992076],[127.065773099304,37.6043127996961],[127.0645316999211,37.6032693008626],[127.0636897002871,37.603740600975904],[127.0622774997794,37.6029191000608],[127.0628609996832,37.6025457000006],[127.0620574969426,37.6016971002678],[127.06203579889821,37.6008558991511],[127.0637349990988,37.6008638987364],[127.065325699948,37.599590899161],[127.0643148993134,37.59626230027],[127.0622500000894,37.5960119001161],[127.0628953999704,37.5967215000972],[127.06182440003451,37.5962421011562],[127.0606498002169,37.5970689001554],[127.05955199958319,37.5966550001723],[127.0600506995421,37.5951087997906],[127.06076020012381,37.5953049996167],[127.0612423996899,37.5944491000082],[127.0600781000536,37.593734600315194],[127.0589166004967,37.5944565000065],[127.0592910000796,37.5948081003701],[127.05826659959949,37.594852200122396],[127.0577515995926,37.5937653008583],[127.0567552000938,37.594569200825305],[127.0558935003656,37.5934275011333],[127.0526282998097,37.593425200182196],[127.05171079981949,37.5916775010916],[127.05044930021529,37.5918665008656],[127.05072859903859,37.5911019000767],[127.0500269997402,37.590733100445505],[127.05120689908689,37.5900524997978],[127.0504263000288,37.589574299410906],[127.0521247993848,37.5892577996377],[127.0510733994177,37.5889972999149],[127.0519299995177,37.5881186000447],[127.05042540009809,37.5869030003599],[127.0480835004101,37.5872994006266],[127.0476238999021,37.5881727004813],[127.0472295998318,37.5876296010851],[127.0466760997067,37.5885762005607],[127.0436308004672,37.5880060005166],[127.04360939992439,37.5892224002968],[127.0424431006477,37.5882804009186],[127.0415922014986,37.588945000254],[127.04245250049969,37.5901328998496],[127.0435963004064,37.590176399786095],[127.0427254004874,37.5912642993697],[127.0439553003107,37.5913070995152],[127.0440567002718,37.591974300306795],[127.0435795999349,37.592582100747904],[127.0415386006106,37.5921210010905],[127.04168950025641,37.5932279005917],[127.04005340040611,37.5949098002254],[127.0402715006315,37.5956666998942],[127.0400533996287,37.5949098010796],[127.0386111008506,37.5962061005196],[127.0396288003442,37.5970269995672],[127.0393953007643,37.5977733994976],[127.0412067002282,37.5971177986399],[127.04247430167939,37.5977897987444],[127.0433304003018,37.6016655001409],[127.0428493007829,37.602201599604804],[127.0476532001761,37.6058577987027],[127.04960149830039,37.60473909935391],[127.05304060115981,37.605231095185296],[127.0532456006145,37.608792000216404],[127.0560015997667,37.609407199565396],[127.05711220024301,37.6085993997002],[127.0573862001594,37.6096540994921],[127.0589119999762,37.6090224994223],[127.0593473005074,37.6102648003881],[127.0584317011238,37.6114217998243],[127.05954300030281,37.6115007007053],[127.05822960045191,37.6123272008478],[127.0563199997736,37.6115100015897],[127.0540594006685,37.6125505011699],[127.0536164993683,37.6111925998108],[127.0542680991682,37.6106262999969],[127.0532455995119,37.6087920007105],[127.050296500478,37.610221200465396],[127.0480126001939,37.608123900736004],[127.0475050994521,37.6096291003827],[127.0472385993516,37.607065600500896],[127.0451837998458,37.6075118006964],[127.0458973997078,37.6064433001167],[127.0444188000536,37.6054932006796],[127.04300520010419,37.6064594004346],[127.0422713002735,37.6055767011514],[127.0408607994364,37.6065163005995],[127.04097589948901,37.6053603003252],[127.0402379997868,37.6057417004518],[127.0399505000222,37.604889500264996],[127.0383659997283,37.605038200948904],[127.03606840013471,37.6036450003929],[127.0346046003054,37.603930100699],[127.0347658001442,37.605081299547805],[127.0355279004588,37.6053139997531],[127.0348516012273,37.6061921001144],[127.0365114005467,37.6072858998319],[127.03626300061171,37.6100534000048],[127.0352207009084,37.6112360998679],[127.03704000012,37.6126499993443],[127.037503700105,37.6118516998515],[127.0384425006232,37.6126006003637],[127.03792999973871,37.6135400003539],[127.0355547013994,37.6125986013487],[127.03509240212449,37.6157145995632],[127.03621040083141,37.6174692004934],[127.03296290298731,37.6186568997191],[127.031566699995,37.620496100560494],[127.0291325006136,37.6209895001594],[127.03066560021021,37.6229763994741],[127.0305155002469,37.6247846989664],[127.0321881003551,37.6243658998549],[127.03051550093431,37.6247847003509],[127.0317824004312,37.6271341000435],[127.03154350185079,37.628038499750204],[127.0274810023747,37.630435702861],[127.02875400124921,37.6344790000851],[127.0310762005675,37.6360520000175],[127.030211400679,37.636003100183906],[127.0296984006041,37.637012000056096],[127.03035200041779,37.6376311003916],[127.02971640015559,37.6416693004989],[127.0251855999658,37.641153500688304],[127.0229323999542,37.641698600513095],[127.0225566995003,37.6405551002708],[127.0217666002904,37.640108900717],[127.0217070999197,37.640630800703896],[127.02007519923059,37.638840400363],[127.02062769970341,37.635635099365004],[127.0227240997697,37.6345161991],[127.0238889990135,37.6318718002983],[127.0187687999135,37.6267655001505],[127.01952969932341,37.625574400007395],[127.0184683996721,37.6246193993242],[127.0265703996744,37.6208582999133],[127.0261983996346,37.6197066004615],[127.0254829001623,37.6200778005716],[127.0237383993034,37.6191983998976],[127.02406189928041,37.6184389998704],[127.0223535982339,37.6169285001956],[127.0221359987131,37.6143465004033],[127.02278889886149,37.613483100010605],[127.02202749966169,37.612540099833794],[127.0227598992621,37.6124078998585],[127.022674999347,37.6114925007739],[127.01811399958909,37.610668000186294],[127.01869649882721,37.609073100880806],[127.0158105996711,37.6074471006929],[127.013512501492,37.6074731005065],[127.0135578996799,37.6084839004394],[127.010562700628,37.6071024010989],[127.0108041004966,37.6096948992626],[127.0116412010741,37.6095945997538],[127.013002400296,37.611093499999605],[127.0123954004792,37.6115512001258],[127.0128062003505,37.6121920006437],[127.011871300686,37.612353300796904],[127.0113264008486,37.6148258001965],[127.0098799005436,37.6135854012558],[127.0087120003849,37.6140185014311],[127.00884980034279,37.616232100532095],[127.00871199905261,37.6140185013879],[127.0062352015294,37.6139570014494],[127.0059076993023,37.615293500851],[127.0031031994891,37.6121347003551],[127.00549959958859,37.6097286994144],[127.00900060013059,37.6086593988828],[127.0093202998109,37.6075686999735],[127.00891180021941,37.6066654008768],[127.0071857998644,37.606395400211895],[127.008781998932,37.6048269997986],[127.0077784992756,37.60336439904469],[127.00884019821389,37.6028532995558],[127.0072958997582,37.601694700714404],[127.0066835978016,37.6020620996254],[127.0084170992867,37.5994995000639],[127.0061328988666,37.5954246019752],[127.002900400889,37.5948749021129],[127.00272750106191,37.5969513000365],[127.00170680099549,37.5966272010781],[127.0009876011129,37.5977716017103],[126.9993805005717,37.5979364008501],[126.9990685991381,37.5990969017358],[126.9991267993325,37.5977339005793],[126.99646439976739,37.5983298006781],[126.9944613997483,37.597300700447],[126.99252129955441,37.5943970007991],[126.9931966000782,37.5946116990075],[126.9939763992894,37.5933466000325],[126.9910662999139,37.5922525002987],[126.9918469995671,37.5908523006104],[126.9897664990835,37.5901204007679],[126.9893304973259,37.588648800371004],[126.9903163986222,37.5869105006943],[126.9878049011337,37.5855781020267],[126.98739669974711,37.586167000303305],[126.986668800475,37.5848875015828],[126.9842792005827,37.5868345007945],[126.9825176001979,37.5849053004399],[126.9798198001013,37.5843068004681],[126.9793665986969,37.5848084999364],[126.9802379993022,37.581921800703704],[126.97797370048961,37.582300600323904],[126.9763033005484,37.5837888002809],[126.9749579990518,37.5830084008759],[126.9727466000801,37.584556601559],[126.9718492997753,37.584640400461],[126.97103339971359,37.583534900845294],[126.97030259990329,37.5842839007511],[126.96866809979541,37.5826237006527],[126.96741689983,37.5828594004434],[126.96676619887549,37.5815071001681],[126.965575699548,37.5815430004681],[126.9657417993498,37.579407600455404],[126.96458350030291,37.5773334024914],[126.9627247005912,37.5770263016741],[126.961968200442,37.5782515009964],[126.96005150111671,37.578303700694],[126.9580097995276,37.580093302278],[126.9534842014712,37.5816037024847],[126.95258970172411,37.5834172011021],[126.9528197015352,37.5852067016014],[126.9517964997742,37.5865170030542],[126.95025419928861,37.586173002729005],[126.9487546003443,37.5876349008473],[126.9481334004215,37.5870595009045],[126.9465312004394,37.5883459002848],[126.9440869005362,37.5880925004182],[126.9431920002517,37.590210400393694],[126.9419910014527,37.5909051996989],[126.9435801999113,37.5922009005233],[126.9424055999478,37.5925888002091],[126.9416262999209,37.591713400314305],[126.94069590003349,37.5926941017981],[126.9394249983581,37.5915252005576],[126.9406475990425,37.5897596003856],[126.9399396986279,37.5890060004034],[126.94082629880499,37.5877843004937],[126.9404946995671,37.5860840001142],[126.94341979972211,37.5857534984901],[126.9437314994612,37.5844228998292],[126.94425169999539,37.5850067994278],[126.9448804998179,37.584267099893395],[126.9446432998618,37.5836028995514],[126.9467551999927,37.5836078977545],[126.9492116985897,37.5822828981615],[126.9498025973321,37.5773065996156],[126.9516506983692,37.5771154988088],[126.9519254990538,37.5736519973158],[126.9524921005711,37.574946498129606],[126.9538742991889,37.575281497794606],[126.9541903988728,37.572819000257105],[126.9560665985189,37.5727686983602],[126.95615339843211,37.5712172999116],[126.95468219908629,37.5709507996116],[126.9561279987617,37.5711444992332],[126.9577850975529,37.5682655000291],[126.9540221993306,37.566196001011996],[126.9523081008248,37.5668487015796],[126.9505526986894,37.5636360012719],[126.947745101497,37.5622374026705],[126.9448033994502,37.5638893001509],[126.9451807993223,37.5632140003219],[126.9438212994944,37.5631083998684],[126.9451807983808,37.5632139995572],[126.94517209838949,37.5611305016407],[126.94186020035059,37.5625270002768],[126.940358000036,37.5611095005267],[126.93914860051889,37.5614571012673],[126.9385126001871,37.5631040002691],[126.9374170000405,37.5632938001214],[126.93576809990111,37.562523700206],[126.9354659997749,37.5614376003267],[126.9340030997664,37.5618880000601],[126.9344884992822,37.560461001202995],[126.93240590010531,37.561506900494194],[126.9309551003444,37.5600323004842],[126.92938130052241,37.5604431000017],[126.92983910038029,37.560776600409696],[126.92802350006349,37.5628502002919],[126.9259545998252,37.5622423003323],[126.92519300005279,37.5630918001413],[126.9228218999233,37.562284900652905],[126.92202519961009,37.562928700465804],[126.91873439979601,37.5605699004702],[126.9189412995722,37.5595396003057],[126.9182192999461,37.5590812999609],[126.91878179919871,37.557528401115505],[126.91701189949701,37.5556404000135],[126.9174988996518,37.5540685002964],[126.91664209994221,37.552956200499395],[126.9123837993504,37.5538241004429],[126.90875629993029,37.5514113000595],[126.9080711996218,37.548622200564395]]],[[[127.0777018981584,37.514043900801695],[127.0777452984741,37.5114372003002],[127.0765403996653,37.5107582001465],[127.0781362997521,37.5114390990914],[127.0787580002727,37.509762099617106],[127.07957300019899,37.511279499145],[127.0824807994818,37.5122578989396],[127.08252369978649,37.5108045988708],[127.0836840994868,37.5108214997218],[127.0838850999324,37.509923198852306],[127.0852163999538,37.5101326988656],[127.08549929994649,37.50905259884],[127.0861491002063,37.509159599182794],[127.08743210082,37.5098477992019],[127.0862439002053,37.509386900623504],[127.0852164012328,37.5101326998777],[127.08605840023979,37.5121075996714],[127.0888630010739,37.5118195000354],[127.08722610039909,37.514051300404],[127.0859038000095,37.514318200462796],[127.0847089989556,37.5142064009121],[127.0842728987165,37.5130919002616],[127.0817419988855,37.511623300865494],[127.0796653003776,37.5116858009945],[127.0784819001842,37.5121099002594],[127.0777018981584,37.514043900801695]]],[[[127.03143129972419,37.648391399962904],[127.0323950997401,37.648489199618304],[127.03248949964569,37.6474559006516],[127.03193589984299,37.6475915993556],[127.0341282997617,37.645894599588395],[127.0346735005998,37.6467879993722],[127.0357390009275,37.646030399484104],[127.0359945005457,37.6468677997303],[127.0377792000264,37.6476269997843],[127.037238000584,37.648221199641],[127.0384038008815,37.6483065007912],[127.0373577002335,37.6489048003564],[127.03643849998281,37.6513659001587],[127.0317954997703,37.6497290006008],[127.0323529995057,37.6489781001164],[127.03143129972419,37.648391399962904]]],[[[126.9318375995466,37.6011916006513],[126.9334537003709,37.600343299123196],[126.93380500108081,37.6010110987971],[126.9359716993215,37.6008037991567],[126.936942699399,37.5984650992566],[126.9383206001862,37.5986080996315],[126.9354502004176,37.6021604998816],[126.9372478000327,37.6030189003117],[126.9350251998984,37.6025479003834],[126.9341788007448,37.60299129994],[126.9347966996375,37.6039943002264],[126.9334616000518,37.6015585011037],[126.9332389988529,37.6020494004557],[126.9318375995466,37.6011916006513]]],[[[127.08604599927709,37.580498401032706],[127.0878356996063,37.5792336987457],[127.0881119001067,37.5799880989014],[127.0895721000831,37.5793067990532],[127.09116730064119,37.5805256000824],[127.088485099886,37.582924500648595],[127.08604599927709,37.580498401032706]]],[[[127.1205125991269,37.539869599838106],[127.1219038990081,37.5392940994834],[127.1213751993233,37.5372507000568],[127.12229699956751,37.5368652995503],[127.1223512997913,37.5354210998682],[127.1225112002884,37.5362641990151],[127.12419040011031,37.536407399469],[127.1238063005386,37.5370899993298],[127.1244353999095,37.5375176989021],[127.1263415999022,37.5367152994843],[127.127260100781,37.5373821997064],[127.1254536009626,37.5381065006534],[127.12616440029049,37.5392387999748],[127.1240859009732,37.5405691005106],[127.1243400002624,37.5412800007217],[127.1227367001013,37.5400139008612],[127.1205125991269,37.539869599838106]]],[[[126.9287661995144,37.6104018004539],[126.92991499978079,37.6090480994781],[126.9315826001946,37.608710199874196],[126.9297118005811,37.610458299716],[126.93029630004139,37.6113245004839],[126.92893509982781,37.611565800470004],[126.9297117991894,37.6104582999643],[126.929477199424,37.60988260054],[126.9287661995144,37.6104018004539]]],[[[126.8996005995083,37.535057800111296],[126.9009831987124,37.5342586989403],[126.9013340992712,37.5328207991544],[126.9020809002367,37.533566298762494],[126.9033779005535,37.5331829986872],[126.9039162004554,37.5338234998029],[126.9034262005478,37.5354792996659],[126.9041289003239,37.5355342999978],[126.90147999981231,37.536682500475195],[126.90118819995881,37.5349059004177],[126.8996005995083,37.535057800111296]]],[[[126.9214232990593,37.523645899399895],[126.9228450984781,37.5233567988074],[126.9227036982761,37.5206997987851],[126.9242141007347,37.5213284970824],[126.9265691009779,37.5194345989258],[126.92638150113591,37.5230064988438],[126.9274120014492,37.5236486003254],[126.9254970999991,37.522642201412],[126.922403500201,37.524227100111695],[126.9214232990593,37.523645899399895]]],[[[127.0117958986008,37.6200525994138],[127.01258719977879,37.619315899739696],[127.0132868998794,37.6205267990481],[127.0154072999956,37.6186116985504],[127.0172292009277,37.6199740997049],[127.0165321001016,37.6215115005459],[127.0145814999979,37.621496900359396],[127.0143638000633,37.6208319007917],[127.01329730011331,37.622003500342295],[127.0117958986008,37.6200525994138]]],[[[126.92128259968659,37.5478083000139],[126.9223510996491,37.5470080999207],[126.9229619997213,37.5473750997189],[126.92294579963149,37.5464138997138],[126.9243790008172,37.5477320999808],[126.9226794997616,37.548881500410204],[126.9229798994514,37.5480500002988],[126.9220630999741,37.548492500169004],[126.92128259968659,37.5478083000139]]],[[[127.1304405994007,37.5359602994652],[127.13182209920559,37.5347772999884],[127.1317276996959,37.533886598739],[127.1346916005207,37.5350570001267],[127.1325271998848,37.5357257003006],[127.13150000088281,37.5350834008919],[127.13112190029689,37.536153500081895],[127.1304405994007,37.5359602994652]]],[[[126.91601179962771,37.567846600051006],[126.91653740027999,37.5683106991987],[126.9171144997268,37.5674058999878],[126.9184675002581,37.5672713995772],[126.91825159996631,37.5680374001075],[126.91601179962771,37.567846600051006]]],[[[127.0192596993091,37.621300299979204],[127.020879799433,37.6199370991413],[127.02178740020369,37.621127299417495],[127.0212860000726,37.622092200203994],[127.019844400391,37.6224693004515],[127.0192596993091,37.621300299979204]]],[[[126.8954481996348,37.5257399997576],[126.8964717999513,37.5244357997495],[126.8978213011101,37.525516200327],[126.8970172000936,37.5271319004233],[126.8962638992127,37.5257927004081],[126.8954481996348,37.5257399997576]]],[[[127.0677746991929,37.615338598927],[127.0702955003003,37.6155420990249],[127.06997400071731,37.6165933995375],[127.07079710136709,37.6162000003392],[127.06885420091051,37.6165784010711],[127.0677746991929,37.615338598927]]],[[[127.0124859991625,37.4933208004408],[127.01410900019691,37.4913072988572],[127.0155896006649,37.4928105000553],[127.01418700054171,37.4945270011641],[127.0124859991625,37.4933208004408]]],[[[127.01338279867281,37.505926299481],[127.0162636992057,37.50268169924129],[127.01789100139871,37.502578400291796],[127.01338279867281,37.505926299481]]],[[[127.0703796987573,37.5115810989354],[127.07071019949909,37.5096811998021],[127.07066420039699,37.510374399567404],[127.0723364000565,37.5111477997428],[127.073721301179,37.510831699696794],[127.0703796987573,37.5115810989354]]],[[[127.0463640989508,37.6520000000259],[127.04702280073009,37.652024599676],[127.0466376001306,37.6530162003044],[127.0458550992739,37.6528371998349],[127.0468120994664,37.6525786996695],[127.0463640989508,37.6520000000259]]],[[[126.9134455993951,37.518176000130296],[126.9162685002222,37.5173984999067],[126.9142762006965,37.518509100966604],[126.9134455993951,37.518176000130296]]],[[[127.08698049925229,37.5881388999334],[127.0882694011886,37.5877379005491],[127.0872983998374,37.5894438006381],[127.08698049925229,37.5881388999334]]],[[[126.94138289968649,37.5135042004592],[126.942129800404,37.5128366996097],[126.9430364001239,37.5136418000275],[126.94138289968649,37.5135042004592]]],[[[127.072461398453,37.491454400791504],[127.07391250076961,37.4913724997994],[127.0727624997537,37.491916401197],[127.072461398453,37.491454400791504]]],[[[126.9887839992502,37.520118400170404],[126.9906657006203,37.5201244992942],[126.99081700034431,37.5208784999933],[126.9887839992502,37.520118400170404]]],[[[127.0601614995554,37.6230162003057],[127.0616342009845,37.6227739995906],[127.0604816003587,37.6238278004355],[127.0601614995554,37.6230162003057]]],[[[126.94363029953,37.513678299991],[126.9441365000187,37.5135612996129],[126.9443682002176,37.513845400027805],[126.94363029953,37.513678299991]]],[[[126.9048910995701,37.5226839998575],[126.9052885001777,37.5226057001564],[126.9049118998312,37.5228076002994],[126.9048910995701,37.5226839998575]]],[[[127.0747560990239,37.6179124003976],[127.0749062997496,37.6174454990986],[127.0753655001631,37.6174635999297],[127.0747560990239,37.6179124003976]]],[[[127.0449237993629,37.4862151998342],[127.04591790024821,37.4856317996675],[127.0451482003684,37.4868987003913],[127.0449237993629,37.4862151998342]]],[[[126.9010960997313,37.5786209004023],[126.9017767994757,37.5780852989392],[126.9021655003442,37.5782216000686],[126.9017767998609,37.5780853002831],[126.9010960997313,37.5786209004023]]],[[[126.9209241996482,37.6187240001096],[126.9209738000204,37.618695099962494],[126.9214772008302,37.6188864002994],[126.9209738000716,37.61869510024469],[126.9209241996482,37.6187240001096]]],[[[127.02766819948799,37.4961675010126],[127.0282928004502,37.496284099559],[127.0279146000792,37.497064900283696],[127.02766819948799,37.4961675010126]]],[[[126.9351977995295,37.5621651002492],[126.93513219997669,37.561858799931606],[126.9352901000984,37.562117900125095],[126.9351977995295,37.5621651002492]]],[[[126.9802000994016,37.5297572997322],[126.9802306001552,37.5304157998539],[126.98066980043811,37.530481700403],[126.9802305996041,37.5304158002661],[126.9802000994016,37.5297572997322]]],[[[126.9913081996621,37.5272595998151],[126.99172930014551,37.527219199914896],[126.9916874002308,37.527538300299504],[126.9913081996621,37.5272595998151]]],[[[126.9192607996836,37.562137500473],[126.9193356000054,37.5620986999373],[126.9194171999918,37.5622298998467],[126.91946900015651,37.5621789000269],[126.9194171999635,37.5622299000393],[126.9192607996836,37.562137500473]]],[[[126.9377546998799,37.563355099923406],[126.9379833001382,37.563409499967996],[126.9377547000628,37.5633551001928],[126.9377546998799,37.563355099923406]]],[[[126.98231399957291,37.501876499800304],[126.9825358030583,37.5021375026269],[126.9824044992172,37.501986599948104],[126.98231399957291,37.501876499800304]]],[[[127.0888356995363,37.5763453999752],[127.0888201000552,37.5762516994573],[127.0889753006584,37.5762533000429],[127.0888356995363,37.5763453999752]]],[[[127.05437209966999,37.525113600119795],[127.05438640034839,37.525006399500505],[127.0545309006862,37.52503050013],[127.05437209966999,37.525113600119795]]],[[[127.0879936991313,37.5043108989636],[127.0880599010018,37.5044062001693],[127.0886481002843,37.5050463003346],[127.08805989972781,37.504406200519796],[127.0879936991313,37.5043108989636]]],[[[126.8946446980245,37.5172736999348],[126.8948424011371,37.5172543998889],[126.8946446990783,37.5172737018808],[126.8946446980245,37.5172736999348]]],[[[126.9171211996276,37.5687924997853],[126.9172559001997,37.568578799691295],[126.9172188006073,37.5686790007396],[126.9171211996276,37.5687924997853]]],[[[127.0506571997865,37.5877786001238],[127.0507219002918,37.587761000265],[127.05064280029501,37.587808900359995],[127.0506571997865,37.5877786001238]]],[[[127.1095440971516,37.5436036993219],[127.1095441019821,37.5436036926884],[127.1095441028553,37.5436037013977],[127.1095440971516,37.5436036993219]]],[[[127.1361274995749,37.5274734988733],[127.1361275017406,37.5274734981259],[127.1361946012074,37.527653100897105],[127.1361274995749,37.5274734988733]]],[[[126.9169863998077,37.5173683000735],[126.9168802997459,37.5173766999138],[126.9169863998099,37.5173682995442],[126.9169863998077,37.5173683000735]]],[[[126.9791947994487,37.5429594004286],[126.9791948012182,37.5429593992057],[126.9791948012,37.5429594003489],[126.9791947994487,37.5429594004286]]],[[[126.9154243992355,37.568811499523605],[126.9154244003582,37.568811499542704],[126.9154243998761,37.5688115003315],[126.9154243992355,37.568811499523605]]],[[[126.9621361992093,37.5803121018505],[126.9621361978448,37.580312099292],[126.962136201236,37.5803120987943],[126.9621361992093,37.5803121018505]]],[[[126.97143849958181,37.519202599152],[126.9717079002206,37.5191184001132],[126.9714385001547,37.5192026009119],[126.97143849958181,37.519202599152]]],[[[126.9800009988984,37.50338879997091],[126.9806456997883,37.5027276994918],[126.9800010002935,37.5033888004535],[126.9800009988984,37.50338879997091]]],[[[126.9817433995097,37.487564300459404],[126.9821610999799,37.4875507990331],[126.9821611001336,37.487550800498504],[126.9817433995097,37.487564300459404]]],[[[127.0274724998087,37.497984300058],[127.0277302002782,37.4979234000852],[127.02768059999049,37.4980478001073],[127.0274724998087,37.497984300058]]],[[[126.9806400996347,37.5358474998554],[126.9806401004007,37.5358474994974],[126.9806401004157,37.535847500516105],[126.9806400996347,37.5358474998554]]],[[[126.99362639890789,37.487682300315505],[126.9936264006668,37.4876822989225],[126.9936263999753,37.487682301493905],[126.99362639890789,37.487682300315505]]],[[[127.0271261998947,37.4977472998023],[127.02712620031,37.497747299958],[127.027126200155,37.497747300295],[127.0271261998947,37.4977472998023]]],[[[127.0277226994335,37.4974535997265],[127.0277227002711,37.497453599895],[127.0277227001033,37.4974536003645],[127.0277226994335,37.4974535997265]]],[[[127.0876853999304,37.529326400017005],[127.0876854002498,37.5293263994552],[127.08781980023191,37.529384499831096],[127.0876853999304,37.529326400017005]]],[[[127.09843549918189,37.5206887005429],[127.0984355006251,37.5206886995895],[127.09843550003909,37.5206887007022],[127.09843549918189,37.5206887005429]]],[[[127.0162808996773,37.4850243005192],[127.0162808984165,37.4850242991257],[127.0162809005009,37.4850242991926],[127.0162808996773,37.4850243005192]]],[[[127.0670936997984,37.4869221989681],[127.0670937008153,37.486922199510204],[127.06709369992011,37.4869222009275],[127.0670936997984,37.4869221989681]]],[[[126.9365399999104,37.5619297999108],[126.93654000011189,37.561929800038],[126.93653999999559,37.5619298001047],[126.9365399999104,37.5619297999108]]],[[[126.94333259975001,37.5451063998589],[126.9433326003642,37.545106399743105],[126.94333259999121,37.545106400164805],[126.94333259975001,37.5451063998589]]],[[[126.99545619993971,37.5032212998372],[126.99545620102201,37.5032212995829],[126.9954561999457,37.5032213001371],[126.99545619993971,37.5032212998372]]],[[[127.03010059947209,37.5414836011498],[127.030100599865,37.5414835999002],[127.0301006017568,37.5414836001824],[127.03010059947209,37.5414836011498]]],[[[126.9364288000135,37.561607800206595],[126.9364287999387,37.5616077999214],[126.9364288001296,37.5616078001561],[126.9364288000135,37.561607800206595]]],[[[126.9421291996979,37.5437835000044],[126.9421292001155,37.5437834997238],[126.9421292003436,37.543783500101306],[126.9421291996979,37.5437835000044]]],[[[126.9870276990452,37.5867168004544],[126.9870277004229,37.5867168001175],[126.98702769915499,37.5867168008865],[126.9870276990452,37.5867168004544]]],[[[127.0111852997501,37.5306123001003],[127.01118530033219,37.530612299357],[127.0111853015295,37.5306123007107],[127.0111852997501,37.5306123001003]]],[[[127.0160486995171,37.4933182996529],[127.0160487002058,37.4933182995475],[127.01604870036,37.4933183006045],[127.0160486995171,37.4933182996529]]],[[[127.0286365999049,37.4955670999745],[127.0286366002246,37.4955670995798],[127.0286366001064,37.495567100276006],[127.0286365999049,37.4955670999745]]],[[[127.0369527998228,37.6104262002353],[127.03695279992189,37.610426199632],[127.0369528001927,37.6104262001536],[127.0369527998228,37.6104262002353]]],[[[127.06339409995,37.4944391999824],[127.063394100436,37.4944392003186],[127.0633940999436,37.494439200167704],[127.06339409995,37.4944391999824]]],[[[127.06906599971761,37.489547400385696],[127.0690660001688,37.489547399630396],[127.0690660011526,37.4895474004573],[127.06906599971761,37.489547400385696]]],[[[126.9555100994368,37.5391368002022],[126.9555101001294,37.5391367998729],[126.9555100999751,37.5391368004139],[126.9555100994368,37.5391368002022]]],[[[127.0532483998484,37.584114400087095],[127.0532484000549,37.584114399925],[127.0532484001071,37.584114400094094],[127.0532483998484,37.584114400087095]]],[[[127.0632357999361,37.6562804999861],[127.06323580021031,37.656280500156704],[127.0632357999408,37.6562805001155],[127.0632357999361,37.6562804999861]]],[[[127.0599087002563,37.4838746997882],[127.0599087001324,37.4838747001017],[127.0599086999367,37.4838746999821],[127.0599087002563,37.4838746997882]]]]}},{"type":"Feature","properties":{"interval":60,"stationId":"355172983"},"geometry":{"type":"MultiPolygon","coordinates":[[[[126.79658169934801,37.561461700198905],[126.8010809994952,37.5610990992378],[126.80223929993349,37.5595927991479],[126.80369469908699,37.559325898907595],[126.8037177990639,37.5583227999107],[126.8050387001578,37.5573117993449],[126.80657879877239,37.5569428995911],[126.80637989888,37.5561358999228],[126.80723329903789,37.5564599992315],[126.8092432002735,37.5548605996136],[126.8087318008626,37.555265899870705],[126.8094099000246,37.5557985005254],[126.808043000928,37.5569609995301],[126.8109468002352,37.5567189984579],[126.8130429005859,37.5544214987999],[126.8141616001497,37.5558608991469],[126.8162724002092,37.556401399798],[126.8158263005026,37.557899701189],[126.8143800019489,37.5584715006172],[126.8152090011199,37.560931098157596],[126.8173668991082,37.5606905983936],[126.8177805006185,37.558965897693994],[126.8202815981174,37.558709897949996],[126.8195173996415,37.556384099958805],[126.8205203994664,37.5562908991964],[126.8202410995173,37.5552581990151],[126.8210932002643,37.5558807989409],[126.82188080064701,37.5552174978586],[126.8215912015242,37.5564345996805],[126.8225678005476,37.556959399155694],[126.826136098584,37.5556451988986],[126.8261702988284,37.5517575002351],[126.82560259939609,37.551156600836],[126.82396969907461,37.5517995008654],[126.8252861990088,37.5503742008683],[126.8243360993216,37.5480367999701],[126.8274317997253,37.547831898046695],[126.8284339993547,37.54452789956],[126.82636959847761,37.5416954003298],[126.8272663989359,37.5410845000091],[126.8253268987187,37.540484400133494],[126.8254854987715,37.5387458974052],[126.8268055003716,37.5382558991728],[126.8278618993152,37.5364321009966],[126.8275482995392,37.5357128997172],[126.8296324998914,37.535407298841605],[126.8307619000102,37.5362909986573],[126.83142389934821,37.5355091994391],[126.8311967999293,37.5345381001613],[126.8304148997818,37.5346439999033],[126.83171259926931,37.533899599719696],[126.831890299316,37.532072399836295],[126.83115829987369,37.5317921999467],[126.83171679931519,37.530721401017495],[126.8309120985871,37.530476199427405],[126.8318635997726,37.530760399249296],[126.83281429923879,37.5274174999865],[126.8345264992883,37.527881699364],[126.836746599074,37.5255795002182],[126.8365008993329,37.5243321993439],[126.8377124998834,37.5242398993015],[126.83806369934571,37.5218971010114],[126.8370257993772,37.520734999857304],[126.8385285999386,37.521181998634304],[126.8394131996136,37.519169399389],[126.83997549965109,37.519307999375805],[126.84022899955029,37.517313299707],[126.8454061998046,37.5155441979366],[126.8456071996036,37.5136963997844],[126.8496601992632,37.5125784983129],[126.849385499417,37.5103689984427],[126.85044690063519,37.5100346983276],[126.8517676994765,37.5075332991619],[126.8547946991125,37.5061945997927],[126.8544602998588,37.5045928996204],[126.8563329001154,37.5040032997796],[126.8572450992634,37.505025598955],[126.8595860988356,37.5025971996758],[126.86047640082559,37.5037089991191],[126.8623683989336,37.502824100004],[126.86280159860179,37.4999996988445],[126.8638173994962,37.5003120988413],[126.8645829987306,37.498924400229],[126.8633580995295,37.497867899739504],[126.8641055997805,37.496785199374195],[126.86508820060901,37.4962269995967],[126.8649489006456,37.4969420993485],[126.86651469984099,37.4971922994947],[126.8678268978703,37.49581890000481],[126.8661572986819,37.4928939018626],[126.8627292006161,37.4932242012642],[126.8616870996031,37.4943441008148],[126.8613856991432,37.4933259008393],[126.8596138009151,37.4930528011124],[126.85912830140059,37.4936611005041],[126.8599190006522,37.4950701992393],[126.860586199985,37.4947856995238],[126.8599190010766,37.4950702001441],[126.861277300836,37.4967287005005],[126.8595734999593,37.4970376019034],[126.85640239955639,37.5010087008457],[126.8555640992074,37.4992833007095],[126.8540755994441,37.4989470002197],[126.8545971989935,37.4973214009721],[126.8528243003084,37.4977060007457],[126.85263789994451,37.4986226006915],[126.8524007997674,37.497952000807],[126.851683200485,37.498186600572396],[126.8520010994412,37.4987933003255],[126.8516831999429,37.4981865980742],[126.8536578979682,37.4963955998652],[126.8515453000808,37.4948544014064],[126.8495443013784,37.497266100945694],[126.8491377998532,37.4963809013648],[126.84837100062,37.496415401330296],[126.8479997003343,37.497804000333105],[126.8462355998817,37.497120200875194],[126.8460146993634,37.495147599881],[126.8484767001579,37.4957469990715],[126.8497410988935,37.4950051998133],[126.84965119864769,37.4940667998315],[126.85150229911191,37.4920334995913],[126.8508103995166,37.4911286995947],[126.85209119925831,37.4912301993947],[126.8522214003395,37.489892599216695],[126.85489219966749,37.4899148980819],[126.8550663996067,37.4880309987812],[126.8564381992219,37.4871052997658],[126.8598280005228,37.4876626969912],[126.8602284038679,37.488104097785],[126.85931180061161,37.4881257999583],[126.8606187999852,37.4904395980854],[126.8637927003036,37.488852797036294],[126.8644225016514,37.490805799886495],[126.8667135993603,37.4918104988818],[126.8670346994961,37.490545999712104],[126.8693925994419,37.4906898991331],[126.86935849979281,37.4887846998207],[126.87051609944061,37.4889715992618],[126.8705538005389,37.4877733988722],[126.87218359896,37.4880122986425],[126.87491099734629,37.4821650993932],[126.8752328970244,37.4803870011713],[126.8726215996357,37.477687503870804],[126.8706039999981,37.481207603689896],[126.8677311999159,37.4809568033968],[126.8649025000841,37.479012902326204],[126.86409829960469,37.480620500555],[126.8629563998437,37.4792828008127],[126.8625011001675,37.480085900212096],[126.8607837004477,37.479469900721995],[126.860326800024,37.4805232041307],[126.8586227017281,37.4807845038694],[126.8572395031113,37.483398701255204],[126.857625802725,37.4844916001623],[126.85583459997659,37.4847217004609],[126.8539433997017,37.483759300594805],[126.8537780001529,37.4823425009044],[126.852339499841,37.481440400945495],[126.85099189999579,37.4811883008125],[126.8502855001818,37.4822902020696],[126.8483309980446,37.4811626994887],[126.84896599968441,37.477677699867],[126.849929299437,37.477467999839405],[126.85185229905031,37.4739411997325],[126.854066900611,37.4747299998953],[126.8533486003801,37.4760311001783],[126.8539820002953,37.477180698877],[126.8549576003916,37.4775433982415],[126.85639189924781,37.475935299752706],[126.8553904004398,37.4746354991835],[126.85831449891731,37.4778423968824],[126.8632444978896,37.4765182983297],[126.86224819967569,37.4729099999357],[126.863360000378,37.4736295989889],[126.8642473994906,37.4731106995078],[126.8648730992133,37.470969999660504],[126.866762099414,37.4702439995151],[126.8664536001841,37.4696798994834],[126.8685962003121,37.4697937997474],[126.86939919957621,37.4709951990356],[126.86959369999559,37.4695307995532],[126.871458400371,37.4709542995978],[126.8714836010007,37.471975499454196],[126.8724668005803,37.471861999673905],[126.8749295000503,37.4735203997016],[126.87444550073799,37.474204199421905],[126.87815159909469,37.4747103990291],[126.8793282005622,37.4740049990223],[126.8808231990672,37.4756201974071],[126.881851398039,37.4728074002199],[126.88586989813871,37.470689598074],[126.8848771022371,37.4729459990711],[126.88731400063081,37.4737710990278],[126.8888314007745,37.4769456990208],[126.89057150026149,37.476623499675405],[126.8921757007189,37.4779659991716],[126.89193710053941,37.4790928991254],[126.893066800446,37.4787594989891],[126.8952543992732,37.4806180990968],[126.89504370140901,37.4796379990819],[126.8954121010232,37.4831068987449],[126.89701739941789,37.483838798013004],[126.8973599990753,37.4817600000918],[126.8964355998508,37.481355898991396],[126.8975890002299,37.481032299297105],[126.8973600004756,37.4817599995741],[126.8984017994338,37.4820268993072],[126.89869300019639,37.4800125991688],[126.9019959991202,37.4788248989491],[126.9029070992612,37.4775145990533],[126.9069171002371,37.4780850991178],[126.90755539968431,37.4772550994915],[126.909199400909,37.4769236993936],[126.9099128001956,37.4775541987631],[126.91061340056281,37.4767606984085],[126.9116243995518,37.4772264979427],[126.9121303998044,37.4792756978929],[126.9132171987176,37.4784649987036],[126.9132954986393,37.476137401031195],[126.913937499183,37.4757166999103],[126.9131494995068,37.47483269906],[126.9134295005404,37.4753434990903],[126.9170354997829,37.4745944992451],[126.9177095998807,37.4738810996839],[126.919126400529,37.4759820996859],[126.91843060070869,37.4781413991156],[126.9197246994146,37.478117999139],[126.9197467005273,37.4774252995623],[126.9201839007962,37.4781509992686],[126.9200046008491,37.4809477973693],[126.9227500981036,37.4802987980183],[126.92412469910549,37.4788054982941],[126.9239840992461,37.4770465000531],[126.9226374992587,37.4762995000966],[126.9224541996318,37.4747386997982],[126.928104998465,37.474899697250905],[126.9298047967652,37.4721559999946],[126.9276316971042,37.4707432997476],[126.9306882992763,37.4693198988764],[126.9314075998802,37.4663902998741],[126.9319757007404,37.4677293995541],[126.93472650011249,37.466797499464896],[126.93976480007481,37.469640099653496],[126.94041539992861,37.4708851992591],[126.941467500603,37.4706040991934],[126.9425664005996,37.4714076992193],[126.94346180020689,37.4759862989016],[126.9447729988957,37.476809098078796],[126.947410900398,37.4765644983857],[126.9499879003488,37.4770700983031],[126.95042320055191,37.4779022990206],[126.9513558996192,37.4777402991826],[126.9520139986767,37.4743691008977],[126.9507790982996,37.4730724994702],[126.9518713990299,37.4728758984278],[126.953533297368,37.470855900447795],[126.9500685991312,37.4677643018996],[126.9486113998346,37.4684923012127],[126.94750189974,37.468126300102604],[126.94861139966851,37.468492299200804],[126.948044498427,37.4665671996915],[126.9520157005159,37.4659098993677],[126.95182890093,37.4673101986971],[126.9537161999259,37.4703373968341],[126.9578834957586,37.4685551986163],[126.9583427997889,37.464635300080495],[126.9568936985331,37.4619922994336],[126.9577524000309,37.463028399883896],[126.958682400394,37.462518799802695],[126.9605954003204,37.4649141982431],[126.96421030053901,37.4636722942827],[126.9647360038977,37.465653696674394],[126.9684725001612,37.4660854962426],[126.9709293987581,37.4625134989317],[126.9703813991864,37.4614304989247],[126.97107650372459,37.4621143966046],[126.9743626030439,37.4622457970737],[126.9760631022544,37.4642565959742],[126.9800453004451,37.4667566980645],[126.97891290144119,37.466915702044],[126.97829110206301,37.4690709998887],[126.9806033997507,37.4710080979516],[126.9829779973761,37.469993498966204],[126.98522290055689,37.4668220980451],[126.9863224999335,37.4679953995277],[126.98809969983341,37.4673458988961],[126.9884371995754,37.464687501236895],[126.9874359989174,37.4609114995024],[126.9886868988555,37.459392799438305],[126.9878057997366,37.458721900109204],[126.9922611956211,37.4535594021874],[126.9861209954412,37.4448022044625],[126.9903535951192,37.4442587997392],[126.9910699944234,37.4427248977064],[126.9881643968509,37.4380519000935],[126.98501349826749,37.4358303993503],[126.985659997621,37.434082101098596],[126.98466099862,37.4311341040466],[126.9814583987687,37.4286541063735],[126.98432599671439,37.4267266005386],[126.9823410982761,37.4242342012026],[126.9805179993458,37.4232450016797],[126.9795654987803,37.4238503995507],[126.9796630981629,37.4232867963],[126.9825392995857,37.423704296526395],[126.9845770975479,37.4229187973119],[126.98614159868599,37.416932699099],[126.98957180094389,37.418578799407996],[126.99376750041431,37.41909419929291],[126.99341010063881,37.419812799307],[126.9948068999102,37.420344899032706],[126.9950964009845,37.4216775991391],[126.9958888001921,37.421626499190204],[126.996835499902,37.4233268990275],[126.9987562998567,37.4230539995498],[126.99855270078841,37.421391498244],[127.00037020280031,37.4226075990519],[126.9991150014022,37.423548001482494],[126.99970330081389,37.425426699603804],[127.0008698996473,37.4263129987175],[127.0057155986991,37.426532496378],[127.006461697953,37.425493097417394],[127.0078832000512,37.4281999970002],[127.009729499219,37.426667398317896],[127.0096766998919,37.425022499468],[127.0101835001919,37.4252372994188],[127.0097295003172,37.42666739901],[127.0112879004631,37.4278766977173],[127.01285389889709,37.428364997229],[127.01459580208059,37.4276616976651],[127.0165118017485,37.4285272987537],[127.01760930212211,37.431510099895696],[127.0166057010285,37.4339803997846],[127.01826989975861,37.434756599118],[127.0189057000541,37.4334964998259],[127.02014840117779,37.4341542994361],[127.0206032022831,37.4383141992444],[127.01866870230671,37.4423885026359],[127.01629850467691,37.444045600978804],[127.0129600027971,37.4441875005584],[127.0115612036692,37.4458157017505],[127.0121255034375,37.449066798949495],[127.016611404777,37.4534217954278],[127.01694070142291,37.4552607996863],[127.01881150076309,37.455592799896195],[127.0184179019348,37.459235000146],[127.0198326003148,37.460186100097005],[127.016350797793,37.4576899015199],[127.01297720116659,37.4573801018297],[127.0048039033183,37.463449706174295],[127.00411000401219,37.46852230110169],[127.0054109027113,37.4698304997935],[127.0079329001893,37.4699666996573],[127.0057839020101,37.471608899434],[127.0102835002007,37.4742048981919],[127.01433779612171,37.4729862967856],[127.0174507948071,37.4686499935428],[127.0195549990152,37.4670791989835],[127.0212211003864,37.469381698424996],[127.0229148986926,37.4680938997128],[127.0218494987738,37.4674116996075],[127.0243270978874,37.4642220001165],[127.0229530988191,37.4627196990889],[127.02537159883,37.464112698547105],[127.0279304997691,37.462942699820196],[127.028527799306,37.4613049004188],[127.027842799991,37.460363301360395],[127.0264939993417,37.4602341013305],[127.0273985992657,37.459904500094],[127.0266414998022,37.4592469999622],[127.02786929896001,37.459751999281],[127.02744679988501,37.458448198952496],[127.0297865990935,37.458017398767204],[127.0295001993212,37.4557774976832],[127.03012719995169,37.4570593983134],[127.03200750004281,37.4572253985792],[127.0363742002739,37.4558933956152],[127.0382468994605,37.4574924963205],[127.0399257023595,37.4571502974428],[127.045029700009,37.4594361991366],[127.0459321999649,37.457723299888094],[127.0467660999514,37.4577625989995],[127.0462317964201,37.4563846984655],[127.0472713958834,37.451816201323005],[127.0460271971276,37.4503479027913],[127.0431893946072,37.451249698095396],[127.0454052928586,37.4470130983225],[127.04457879368509,37.4402141051215],[127.0433997948641,37.4392342061014],[127.04525319798391,37.4390508975025],[127.0458761976696,37.4368573990459],[127.0488167998636,37.4336321969135],[127.0512789974014,37.4349670955786],[127.0548408979841,37.4335890925844],[127.069760500081,37.4350043995534],[127.0693507024555,37.4359275070912],[127.0654754059623,37.4372292062137],[127.06332880810889,37.4427551006878],[127.0666571047806,37.4464462969966],[127.0674286024856,37.4511892984112],[127.06836440283969,37.4518404993858],[127.0676926031217,37.4543956010647],[127.0690888014981,37.456213000553696],[127.065361701748,37.4563163012367],[127.06086000315811,37.4610822016931],[127.0573689022269,37.4585222041018],[127.0553582042376,37.4635540990699],[127.0563676032282,37.4683910942329],[127.0653841010628,37.4694233985189],[127.07069539954071,37.4721506964607],[127.0722517032079,37.4719977973541],[127.077111598348,37.4750565942953],[127.0798557979429,37.4747412935878],[127.08454369452289,37.4727825945993],[127.086069900113,37.4711040985051],[127.08454370169859,37.472782599287804],[127.0848130014293,37.47474909732129],[127.088619700449,37.4759171965051],[127.0923027988735,37.4742919990814],[127.0919330999619,37.4733978993951],[127.0934470010844,37.475183600280204],[127.0924569001963,37.4745048010074],[127.0910424016108,37.4758942996179],[127.092127700806,37.477346898629904],[127.0945594983742,37.477512398464405],[127.09483009993579,37.475552999283195],[127.09561479915111,37.476223998612205],[127.0973696973962,37.4749954998407],[127.09655649843941,37.4737506004654],[127.09455519968951,37.473621200442395],[127.0955988001694,37.4724155988564],[127.1002766007028,37.4718741984493],[127.1012695001865,37.4704593996816],[127.10402619897441,37.472453098242404],[127.1033774991472,37.46897829996281],[127.105029299734,37.4693055989111],[127.1071865975767,37.468535599681104],[127.1072915996713,37.4647449996625],[127.10794969954041,37.4646982997692],[127.1081026999112,37.4635130993098],[127.10878530017989,37.4642394980406],[127.1116126996504,37.46375719742711],[127.11339370003171,37.4621373986416],[127.11579469763069,37.462988797790196],[127.1173853960301,37.462511298083],[127.1194199939955,37.4589331016612],[127.11793829236521,37.4561133988949],[127.1208687010366,37.4588186965516],[127.1241496977556,37.4591378962324],[127.12430429831561,37.4524706009787],[127.12359169902821,37.451786301663],[127.1223629995423,37.4533254020449],[127.1210428994371,37.451835200522],[127.1222746985226,37.4506542005836],[127.1203435986624,37.4491017007648],[127.12076499921501,37.4443960044258],[127.11874848974139,37.446592300881896],[127.1182555892726,37.4429702981292],[127.1198030976263,37.4360436012675],[127.119091398338,37.4340937032174],[127.1170416999161,37.4321976000044],[127.11838789951071,37.4302796983927],[127.118050599848,37.4286629000095],[127.1189541001443,37.430100998789904],[127.12038659914481,37.427618200216195],[127.1199325005915,37.4270917996796],[127.1215972016707,37.4296484979129],[127.1229968001545,37.4295440999469],[127.1221095012924,37.4299375005641],[127.1225781008238,37.4317993987022],[127.1241473992545,37.4313582991433],[127.12387869938121,37.4294939003455],[127.12563399827671,37.4253608005712],[127.1250384987112,37.4241082995083],[127.1279541001325,37.4246929980482],[127.1292962987903,37.4237934989477],[127.128949599137,37.4222150005262],[127.12660099895689,37.4210481003197],[127.1272505996938,37.421142699532695],[127.1273346996097,37.4197816008938],[127.1265576000332,37.4186683016947],[127.1256662009246,37.4193242010388],[127.1256410993728,37.420670400307095],[127.1215557996533,37.4143253015782],[127.11944629772631,37.4149072031083],[127.11991189783261,37.4126416002848],[127.119285399262,37.410673499705],[127.12027659889169,37.4092822000949],[127.11896659991709,37.408202999895],[127.1210134991632,37.4070458994467],[127.12244340018509,37.4079794],[127.12129680079519,37.407571400672204],[127.1212072008848,37.4088819993616],[127.1227624993295,37.409221599022004],[127.124716298336,37.408104900049196],[127.1233366995704,37.4070793998429],[127.12359619985409,37.4056029999936],[127.12522919860581,37.4055743997176],[127.12672289990421,37.4033849997337],[127.1276777998613,37.404686998171705],[127.12843739952109,37.4027399994201],[127.1277539002046,37.401114001046096],[127.12670100001179,37.4026203004216],[127.1266892991962,37.4014086007098],[127.1231958985636,37.399183200120305],[127.1217521996684,37.3992043000053],[127.12346429981689,37.3989189994192],[127.122986899147,37.3961281003196],[127.12012750111519,37.3971620005263],[127.1192133007466,37.401494300790304],[127.117016200449,37.4029648009262],[127.116697500709,37.4045367008922],[127.11554769994439,37.4051754006332],[127.1149862999386,37.404281500523005],[127.1138727996441,37.4045098008463],[127.1145506990834,37.4041288002033],[127.11377969985439,37.403260301071796],[127.1104144003514,37.4051082018928],[127.10967460009101,37.4039707015131],[127.1078881002441,37.4051940013317],[127.107729799713,37.404024901539906],[127.1035383998505,37.4038229014323],[127.10511389858601,37.402645399787296],[127.1045913991085,37.4016159008168],[127.1025390989495,37.401635901339205],[127.10253639983961,37.3998424010142],[127.1013156988908,37.3999734005949],[127.10021589912239,37.3975490010506],[127.10332459905929,37.3978419986658],[127.1042811988208,37.3957435000492],[127.105889999472,37.3948992997314],[127.10225409953979,37.3919901001923],[127.1014904995259,37.388933399867696],[127.1019202001668,37.3902191991696],[127.1034846986023,37.3902212991675],[127.10285429994231,37.3886735994523],[127.1034846999692,37.3902212981425],[127.1044366990172,37.390279798084],[127.1050647974397,37.386067298894304],[127.1064127001198,37.3857369977602],[127.1074677990647,37.3841682993289],[127.1084115996624,37.3846749985492],[127.10964489842911,37.3838649993592],[127.11100109944759,37.3812128990811],[127.1115243011679,37.383642599326],[127.1130585996336,37.383339199629404],[127.1137007999083,37.381873899474805],[127.1156438979652,37.381717199631495],[127.1130298996047,37.3795980009928],[127.1115999998387,37.380915800188],[127.109162899839,37.3785484001477],[127.109895598211,37.3770445995211],[127.109592598514,37.3751822012375],[127.1076372004694,37.3752303011894],[127.1070497996431,37.3766296006171],[127.1069977995506,37.3757186008015],[127.10571749907899,37.375883601394],[127.1048664984794,37.3747625021248],[127.10405929768841,37.3721080991805],[127.1054435979155,37.3713862979607],[127.1058184975406,37.370079999267],[127.1044228997077,37.368519499783],[127.1059545983888,37.3678224998392],[127.1047957979064,37.3666157004021],[127.1053020985625,37.3649670002076],[127.1042371996274,37.3637169014577],[127.10160569979759,37.363740903088804],[127.1016012997722,37.3630238999482],[127.10267570056061,37.363756598015605],[127.1058398988023,37.363301197215904],[127.1058179989205,37.3597590985392],[127.1079152991395,37.3596953980479],[127.11277159967361,37.3607033996293],[127.11291440038839,37.3616076994989],[127.1142546004169,37.3620556997178],[127.1142450005804,37.3629658991069],[127.11662650015859,37.3640821995203],[127.1161808007158,37.3656557001485],[127.1184487005563,37.3661626001073],[127.1177709008019,37.3672211995742],[127.119682100356,37.3687288984871],[127.1195424001203,37.3694790000878],[127.11666940006161,37.3718895007907],[127.1157956003419,37.3716408010113],[127.1141814003565,37.3740488995064],[127.1194304002447,37.3745696999704],[127.1202588004498,37.3758090996647],[127.1193918006967,37.380118699856496],[127.12144379962639,37.3821314984671],[127.1223142010792,37.380758499603196],[127.12174640147151,37.3824814000924],[127.1231466000713,37.3841166984571],[127.124153600483,37.3836111996256],[127.1233080002759,37.3840916000985],[127.1237782998056,37.3845687996213],[127.1249955004223,37.3842788995564],[127.1263484994775,37.3858753984788],[127.1271747011767,37.385798899437795],[127.1282745012785,37.3882299972705],[127.13186830038859,37.3901580959805],[127.1349888006947,37.3907175997831],[127.1336222020513,37.3942331980529],[127.13571970072499,37.396202199396896],[127.13524790036449,37.3973065999184],[127.1361350004152,37.399119300300605],[127.1345743003856,37.4005322031421],[127.1310230001597,37.4003489026957],[127.1296861014966,37.402290300754295],[127.1310288000339,37.4033770001638],[127.1294911015716,37.4026305009103],[127.1287691022936,37.404922898617905],[127.1310634999992,37.4053523981884],[127.1324410002913,37.406814497595704],[127.1343320006728,37.4056151989504],[127.13412110069291,37.4069200997638],[127.13542079993911,37.4067673994531],[127.1361575006811,37.408997498781],[127.1380117008055,37.409519099224696],[127.1387306003452,37.4105336991321],[127.13808030073349,37.412731099720304],[127.1389560004655,37.4142132002211],[127.1366517003384,37.416359901102204],[127.1339288013081,37.416787901915406],[127.1340150000197,37.4187869011164],[127.13242000161469,37.419495300408],[127.1314790009431,37.419066600829204],[127.1306325007925,37.4199019008163],[127.1311566002656,37.422604398378894],[127.132248301152,37.4211281996065],[127.1311566010683,37.422604399981395],[127.132639899585,37.4242828983029],[127.13816320234899,37.4250912936042],[127.1386285017399,37.4271755996962],[127.13986820050019,37.428169798702],[127.1426696003799,37.4281095992157],[127.1408796019262,37.432054997690095],[127.14298120150629,37.432923197832395],[127.14276180226601,37.4338017990895],[127.1458128002535,37.434303899977905],[127.1445985017457,37.4365031990792],[127.1454032012391,37.4366691998979],[127.1449078007761,37.4395735988202],[127.14823010077231,37.4409408991196],[127.145422400321,37.4403702011294],[127.14477520063859,37.4416929004093],[127.1445142999352,37.4410607007143],[127.1442079999702,37.441693900671495],[127.143146299958,37.4414856005096],[127.1428152002891,37.4425933994018],[127.14382570026139,37.4447877001933],[127.1419719002288,37.4451442005114],[127.14147560042761,37.4462147001268],[127.140481900293,37.445912400775896],[127.1402662005087,37.446856999831304],[127.1411688001747,37.4468695996389],[127.141962800323,37.449153299306396],[127.14275890051,37.4491276002615],[127.14016030095071,37.4520749993498],[127.1446252003355,37.455750994468296],[127.146653698307,37.4511083991109],[127.1454365995241,37.4499886002307],[127.14575989964901,37.449086198999304],[127.1488388985239,37.450724696936405],[127.1521632971713,37.4484284986684],[127.1518834974714,37.445908000121506],[127.1493913990252,37.443530800087],[127.150170499115,37.4425751997381],[127.1495955988129,37.4417354996074],[127.1514835987312,37.442211997755194],[127.1595636992709,37.4392137990333],[127.1614212008711,37.4393596002062],[127.1610728004394,37.440592099679705],[127.1620854005037,37.440789599640304],[127.1619630009612,37.4424541995984],[127.1635745010876,37.443866998832895],[127.1632601009622,37.4451404992432],[127.1641144001079,37.4454248989588],[127.1645632003251,37.4446524998181],[127.1648526008165,37.4471948998482],[127.1685304001515,37.4514370996129],[127.1671035997592,37.4524574002514],[127.164447201158,37.452006100110395],[127.1659512006958,37.454168499269905],[127.1672496005749,37.453607899977],[127.166948100177,37.4558659005515],[127.1659921000349,37.4556806004656],[127.1651641004274,37.4575496005962],[127.1635743002837,37.4587877003282],[127.161425800298,37.4581469012044],[127.157568900303,37.459482800247606],[127.1579854022972,37.4627600029397],[127.155721500574,37.463266600390696],[127.1546241967361,37.462243803576904],[127.149385301975,37.4648102010105],[127.15075040060991,37.4660225997981],[127.1497116007158,37.4664844999923],[127.1500017005723,37.4682009003337],[127.1480802009462,37.4699444020772],[127.1443739002118,37.4706977005628],[127.1443309000472,37.471390400130794],[127.1432369009851,37.4709217005046],[127.14060550044171,37.474379400111594],[127.14118020026159,37.4754920004305],[127.1403473998268,37.475408000474104],[127.1403215996446,37.474334400983494],[127.13900440096181,37.4749676003503],[127.13903810020929,37.4781688997346],[127.1403733003733,37.4783370999834],[127.138777000236,37.478788699954904],[127.1401544000845,37.4798389996192],[127.14194009997149,37.479568199548204],[127.14311090003349,37.4813476998758],[127.1443717002239,37.4810278998874],[127.14518690057879,37.483314298822904],[127.1473862001399,37.4817586993636],[127.14843979996971,37.481914599679605],[127.14790980026659,37.4825281997801],[127.14949730013149,37.4822234998255],[127.1507867004911,37.4842556975496],[127.15675089699721,37.4843326970879],[127.1577168003469,37.485322198780196],[127.1589366996715,37.484756699232896],[127.1582819005831,37.4860076997741],[127.15967760022359,37.4869323994134],[127.1607624991387,37.4864435999022],[127.1596171996681,37.4854978997607],[127.1617954998367,37.4843933992574],[127.1608420012151,37.4854266000048],[127.1620253011297,37.4859394994439],[127.1624152009207,37.487106498928306],[127.1648405020043,37.4865895990903],[127.1652406008436,37.4895508006039],[127.1630922022343,37.4914511993999],[127.1637697036798,37.4932892981696],[127.16111810464399,37.4964304988573],[127.1641657018808,37.5001512000009],[127.16345820174499,37.5018967017524],[127.1632572994147,37.5001203014513],[127.1599161010794,37.5020236003183],[127.1623223007287,37.503598899914],[127.1613600014913,37.5050768012023],[127.15900759895699,37.5049377017128],[127.1564222992646,37.5060425014707],[127.15624869863011,37.5043303021934],[127.1540951007837,37.5031769033468],[127.1516660009689,37.5055645016668],[127.1510026998782,37.504432101497905],[127.1498143010666,37.5042458016842],[127.1472342009799,37.504967102195],[127.1469699012442,37.5079335992285],[127.1489689005422,37.5082918995762],[127.1494844003454,37.5096115987821],[127.15112930018739,37.510228398944406],[127.15197790054721,37.5094901997953],[127.1507948005204,37.5109537010713],[127.1492969000438,37.510142801129],[127.1483533009874,37.5116641996076],[127.1500999015404,37.5139621997003],[127.1514861002716,37.5139300998687],[127.1503759013625,37.5144725997843],[127.15125330054589,37.515383299568306],[127.15342700038539,37.515240499814794],[127.152322001103,37.515208800146304],[127.15262180094341,37.516574000199796],[127.1515399016489,37.516974400139205],[127.1535696006976,37.520483899043505],[127.1554306988365,37.5196605998668],[127.1550423993681,37.5192249987467],[127.1554307032517,37.5196605988444],[127.1544406012831,37.521640401488604],[127.15211680362751,37.5217339033891],[127.1510777040553,37.526560100746394],[127.1536101015229,37.5301216971848],[127.1555938995391,37.5300975972089],[127.15756660268609,37.5312798986622],[127.1569047024621,37.532633700255],[127.15905440152301,37.5337307020023],[127.157694402883,37.5354182003148],[127.1588085021343,37.537217699243],[127.158745000681,37.540169899575304],[127.1604805011593,37.541473700006094],[127.15744890385581,37.5459042969648],[127.1599975013072,37.546247196621906],[127.16073610189069,37.5482798986828],[127.1621639012472,37.5491126985326],[127.1668384994161,37.5480021994862],[127.1668304998719,37.545641198770795],[127.1672026003893,37.547264899286304],[127.1681800994118,37.5478040987471],[127.16819239961039,37.5460228001521],[127.1691358000387,37.546234899626505],[127.1691028018508,37.5488716996105],[127.1732349003734,37.5499492993976],[127.17492369969689,37.551744398877695],[127.176081700734,37.5507716991605],[127.17711920022201,37.5517865000587],[127.1732511021145,37.556199399994],[127.17443930092631,37.557203198990194],[127.1766339987316,37.5570014991919],[127.1770988982667,37.5547898014036],[127.17799479990829,37.553917998754],[127.1782297007836,37.5546664990402],[127.17934889966439,37.5546617990449],[127.1811075998808,37.5514806998374],[127.1806371008118,37.5522370996808],[127.1818696017282,37.5526365997978],[127.18186440163079,37.555600098874],[127.1842802002153,37.5557448997914],[127.1860990009252,37.559799998322504],[127.18728229974191,37.559868498254],[127.1877792998135,37.558116699911],[127.1882344002099,37.5588073993187],[127.1891327996572,37.5581600999742],[127.1891449999289,37.5570720999215],[127.1907481995831,37.5574414991147],[127.1920272002878,37.556100199335404],[127.19407099981309,37.5572130989544],[127.19479509908899,37.5562301999373],[127.1940490998453,37.5560026998488],[127.19568359998989,37.5568088981331],[127.19995509945609,37.553878699566695],[127.2003248990863,37.553352400093004],[127.1995900998211,37.5526873007581],[127.1976675997205,37.55360310014299],[127.1987502994069,37.5518644999783],[127.1976822990016,37.5489514998812],[127.19821659978979,37.5492275994875],[127.1984780986681,37.548215798627105],[127.1995619002452,37.5493701987338],[127.20154129898721,37.5483532987594],[127.2071958993788,37.5486873995539],[127.2072275001503,37.5480119999106],[127.20900550047891,37.5492762998582],[127.2094475004415,37.5509010991006],[127.2106301011383,37.5509011005824],[127.2094723008839,37.5519046997005],[127.2104317001683,37.5521905997415],[127.2100521003218,37.5529025001564],[127.20784060085779,37.5544420006044],[127.20736140019359,37.55695450125231],[127.2044919996341,37.5576010006042],[127.203501599715,37.5559796006441],[127.2031352996307,37.5565493004623],[127.1976377009927,37.5559539013419],[127.1969868020501,37.5577394007598],[127.1984182006187,37.559621198878006],[127.2001764006968,37.5591875996629],[127.2000743006162,37.5607171994439],[127.20112930084811,37.5625007005439],[127.1983076002935,37.566262299885196],[127.1982517014781,37.567888400597404],[127.1954196995827,37.5690609007768],[127.19432099977111,37.5682230008081],[127.19356780052429,37.5685167005144],[127.1938796004617,37.5695506001136],[127.1918036005715,37.569773300704604],[127.1914846002837,37.570590600218104],[127.1900006002277,37.5700239002687],[127.1901467006734,37.5711145000487],[127.189274399929,37.5713320004707],[127.1885946994009,37.5707257999433],[127.1894828998,37.569729700432305],[127.1871940993289,37.568631599597204],[127.1874947001,37.5666481004636],[127.187022699915,37.5672554007591],[127.1853858998325,37.5665345999984],[127.18629689972221,37.5630716002756],[127.1855274998647,37.5633059006469],[127.1847328999517,37.5620665014349],[127.1834891999138,37.5617439000638],[127.1846148987966,37.560617600979704],[127.18292680048471,37.559093502503806],[127.1814260019855,37.560068901528396],[127.1823139012467,37.561825301118105],[127.1802609011166,37.5614845010753],[127.1801966011809,37.5629312996285],[127.18104720084689,37.5632838005419],[127.1792168997796,37.5643796004399],[127.178677900118,37.563785201063496],[127.1781711994267,37.56487340113971],[127.17894319886891,37.5615929009687],[127.17827279844771,37.5597418017625],[127.1754232005443,37.557498303967996],[127.1727930031942,37.562027599626504],[127.1737801019157,37.563789499685896],[127.1733778005183,37.5643526009588],[127.1728012001385,37.563513201368906],[127.17209530084439,37.5637320011501],[127.17155600084129,37.5648155007287],[127.1694480010275,37.563786201366206],[127.1684738992595,37.5646253020681],[127.1683695997965,37.5636106002341],[127.1676789997156,37.56437720025],[127.16631149941661,37.5626990025165],[127.1643077014204,37.5626762025393],[127.1624150020416,37.563009702967705],[127.1616238028328,37.5656772003002],[127.1603200005586,37.5645910014664],[127.15899850051339,37.566383801197595],[127.1567722987624,37.565393801138704],[127.15644050005561,37.562913301220696],[127.15571299806071,37.5639192011354],[127.1547888989848,37.5627120023426],[127.1519815994577,37.5620344030392],[127.1485801006775,37.5640752011092],[127.1476406996763,37.5660701002344],[127.1485284984496,37.5641678013635],[127.1448429021352,37.561909303622],[127.1430426026123,37.5628965036991],[127.14201350364141,37.5648100017856],[127.1388127010497,37.5625559016981],[127.1364721007358,37.563761701061104],[127.1350237007195,37.565582399510696],[127.1366452001599,37.5653159998292],[127.1371516001889,37.5661131009142],[127.1349931003507,37.5656240007884],[127.1340883000934,37.5646083004724],[127.1327239000061,37.5650991000314],[127.1337486988641,37.564758000037095],[127.1314801006672,37.5634192009921],[127.1325037002263,37.5649556001749],[127.1318110955519,37.5650700050749],[127.12767809649179,37.5615666072067],[127.121471902698,37.5668818018915],[127.1184892006294,37.5684667005736],[127.1143000991401,37.566161702482],[127.1117794019256,37.5670710026187],[127.10734450636049,37.573115896573796],[127.1123836027813,37.575689496345305],[127.1153033999145,37.5758138997104],[127.1144081027255,37.5789842016778],[127.1154743016593,37.5811957994662],[127.11347140327929,37.5815737004954],[127.1099058022898,37.585266499665906],[127.1101201020755,37.5871169978154],[127.1131089058369,37.5874921009441],[127.1111729006434,37.588652902287],[127.109095302721,37.591899199040704],[127.1111834017823,37.5932833993868],[127.1108507021336,37.595166497914],[127.111933802759,37.598872798616306],[127.11462640149061,37.5983547012892],[127.1140464010636,37.6010218995764],[127.1151590999509,37.6016398989584],[127.1184110003953,37.6006581999568],[127.1156866022967,37.601709900736104],[127.115589402709,37.603859200737205],[127.1136726006584,37.608510601275604],[127.111830200091,37.6091684030296],[127.1112167007045,37.613561298636704],[127.1121674997537,37.6123908998071],[127.1132709003255,37.612819199773895],[127.112167500062,37.6123909009928],[127.1112167010128,37.6135612998224],[127.111634001325,37.6153446993977],[127.1101239006572,37.6154595004122],[127.1112825003015,37.6183205005902],[127.1092003017082,37.618481600512105],[127.10737850228419,37.6214868007515],[127.10850860092539,37.6226939026258],[127.1068635014285,37.621825303878296],[127.1040589008113,37.6336872008619],[127.09728659675271,37.6334250093511],[127.0939789971125,37.6296194115909],[127.0901132984503,37.629182211769105],[127.0831913009048,37.6366279038694],[127.082884101212,37.6396449008524],[127.0835606005284,37.6402723002367],[127.07645000561959,37.6444480010963],[127.0814809005887,37.6463343992099],[127.0819790000906,37.6458545996897],[127.0829928003246,37.648095398357505],[127.0850647015979,37.6481229970699],[127.0882022009735,37.649973795680594],[127.090319100475,37.6517074997381],[127.0907969999971,37.6549286965169],[127.0921904014943,37.655164399463196],[127.0920480040142,37.657501698881696],[127.0970616006611,37.659969099851395],[127.09566140121069,37.6612727995018],[127.09669840016869,37.6616277994964],[127.09662970069459,37.663537399773006],[127.0946130018251,37.664148299729604],[127.0941545022836,37.666224197653705],[127.09646340416171,37.6701797007867],[127.0946937045582,37.6732600058587],[127.0893609050882,37.673422700284405],[127.0915577028914,37.6751873985197],[127.0929168015323,37.6776218960852],[127.0960096033407,37.679204400779604],[127.09191010249121,37.678800002322],[127.0905210036691,37.680848501031505],[127.09211020034469,37.6831050012428],[127.08965730197279,37.6837832034949],[127.08505870263531,37.6827929032679],[127.0825695990532,37.6858708021311],[127.0782838975212,37.685769299723695],[127.0774813982986,37.6818674032386],[127.0739954017846,37.6837447013613],[127.0688702024786,37.6811704048554],[127.0658033041239,37.6846187020651],[127.06040770152259,37.6841262042158],[127.0591368027935,37.6870895012525],[127.0561339031144,37.687541901435],[127.0566839025644,37.689505899471],[127.05854290223441,37.689805902346],[127.0556826002897,37.689042401014696],[127.0547674012049,37.6905428995142],[127.0552465999344,37.6918093004921],[127.0539059000522,37.6909384007967],[127.0510766999786,37.6907559011919],[127.0486339024214,37.692198799749],[127.04843250185971,37.6948677002687],[127.0499038014262,37.6962136006376],[127.0455470020429,37.6976782010665],[127.0454720021179,37.6988974998472],[127.0474322001577,37.699340699404],[127.0489341011985,37.702481298816004],[127.0502083005206,37.701447599261705],[127.05150029997701,37.702314299273],[127.0543316005519,37.7058100998976],[127.0520271012296,37.7072047993691],[127.051070206379,37.7103943005363],[127.04995650115819,37.7105620001886],[127.0496398014749,37.7121980985525],[127.0518277055434,37.7145185975902],[127.05329800240389,37.7219310007236],[127.05608750038711,37.7232654998532],[127.05634380030179,37.7243949006021],[127.0550062003974,37.7238621004988],[127.0548542005494,37.7247590996018],[127.0565231010123,37.7265385994408],[127.0551273007754,37.7265718004549],[127.0551645008798,37.727853699869996],[127.05652000069331,37.7288299998675],[127.0553826000795,37.728361300629906],[127.0556209008991,37.7299357998838],[127.0547383000028,37.731274300994606],[127.05379029883531,37.7311688999605],[127.05358299963271,37.729208401157194],[127.052406900121,37.728928101406794],[127.051553900974,37.7292360010989],[127.05165730014551,37.7304996999986],[127.0502841012384,37.7302489003074],[127.0505281011298,37.7312935998438],[127.0487348012486,37.7320581004505],[127.0493083007981,37.733835399398096],[127.0535200005262,37.735607299211196],[127.0530346003177,37.7366565994103],[127.0537927001577,37.7374314987351],[127.05435130027959,37.7364482995646],[127.0539589006211,37.7374304994541],[127.0553966003165,37.737361699927],[127.0535539009674,37.739428600074994],[127.0531577003072,37.7414098003655],[127.05147750030281,37.7422153004933],[127.05200340002051,37.7441355001005],[127.0501240005391,37.7453431001629],[127.0511462003607,37.7478386005109],[127.0504291001649,37.7474095005525],[127.05031490039191,37.7484974007349],[127.0495253002583,37.7484760011848],[127.04813030040269,37.750809400611004],[127.0459791000791,37.7506353007868],[127.0441089000654,37.751705200117904],[127.04419869954549,37.7504890001539],[127.0432247007215,37.7516955001379],[127.0426173997574,37.7514637003231],[127.04167499953749,37.7504190000707],[127.0422106996543,37.750437599676395],[127.0417661994294,37.7490335001186],[127.0405447991733,37.748908699973605],[127.0404167997908,37.747211100822405],[127.0385452993997,37.7467004000285],[127.04269989986,37.744304099422],[127.0428920998783,37.7434273998931],[127.0448423996437,37.743669899821],[127.04445109982261,37.7411484022765],[127.0417752004129,37.7417693016273],[127.0396500999699,37.7404193006411],[127.0391975999344,37.7389901010208],[127.0366408015389,37.7392518003824],[127.0366044015531,37.739942800046],[127.0406602999247,37.742059099459595],[127.04079560139249,37.74327660012],[127.03933119999401,37.7453644002031],[127.0392381997944,37.7435010010785],[127.0383529002993,37.7447469001455],[127.03690440134609,37.7439422009279],[127.03661180054131,37.7452472000096],[127.0355402000314,37.744643100807394],[127.03524460001219,37.7454404012093],[127.0340495994302,37.7444680000271],[127.0340390995484,37.7431782004724],[127.0327947995884,37.7432197002944],[127.0340390988561,37.7431781993126],[127.03463309792079,37.742091698958305],[127.03295939959449,37.740534600515396],[127.0308671992083,37.740478498712704],[127.03179999810071,37.738252499073404],[127.0333832997663,37.7383304983388],[127.0336280995891,37.7368929992775],[127.0349665994478,37.7358403000926],[127.0340633996448,37.7351972995679],[127.0349627995518,37.734468199904605],[127.03814149983549,37.7366699987019],[127.03872699924999,37.735321400050495],[127.0371922988347,37.7348157995626],[127.0386906000697,37.7344499998455],[127.0395130997307,37.735116599150096],[127.0411882997916,37.733951999290205],[127.04088259996931,37.7328748002897],[127.03812379950949,37.7331196004745],[127.03673289969011,37.7320512003453],[127.03714449960259,37.7316492003298],[127.03570239955451,37.7298470004577],[127.0367026996316,37.7285055000335],[127.0357299991717,37.7276479999538],[127.03701549954029,37.7274736996351],[127.0381199995771,37.7259689999988],[127.0380999993569,37.7235813997575],[127.03878949973729,37.7237729993285],[127.0402164996833,37.7208969992652],[127.0428590990379,37.7211143972405],[127.0440325978644,37.7187341996207],[127.0434021993975,37.717208799512605],[127.0446180988412,37.7162825002611],[127.0424386007915,37.715982800515796],[127.0421987999065,37.7165653002503],[127.0416840994732,37.7159346009651],[127.04221529823239,37.710451300808906],[127.039374596985,37.7101923015119],[127.0375065974187,37.707227002066105],[127.0374365972582,37.7057279984334],[127.0405853941094,37.698037506123896],[127.036436294647,37.6925146008278],[127.0333314977518,37.691867601474804],[127.03531599720719,37.6870746010331],[127.0362548944997,37.6796971039704],[127.0311685986676,37.678510098552195],[127.0319445996634,37.676373898049604],[127.03808480083269,37.6787093992467],[127.0398485990689,37.678393399562694],[127.0427387984155,37.676375698935004],[127.04269089846339,37.6750263002844],[127.03610469707989,37.670573504247606],[127.0329711002135,37.673799101022],[127.0361046965662,37.6705735026217],[127.030867298183,37.670749802840206],[127.0290525986712,37.6700808028115],[127.026709900165,37.6674050019579],[127.02361819668481,37.6681229031486],[127.0179927023103,37.6660874051841],[127.01415160762231,37.6748353015294],[127.0052181053858,37.674056805548304],[127.00380580460819,37.6758564041551],[127.0028542919782,37.6754092987267],[127.0005826942498,37.671500002636],[126.9988631951319,37.665643605210704],[126.99950249460251,37.658026303748706],[126.9983173941783,37.656016400854696],[127.0000124968644,37.6533608968176],[127.0043586925182,37.649998500180004],[127.00290149397539,37.645694504484],[127.00000779411971,37.641043999746],[127.0006803934471,37.640061300728696],[127.0004801916654,37.63362729854],[126.9948156973299,37.6298506023167],[126.9842424986484,37.626715009303595],[126.9836413958752,37.6253819992719],[126.9848982975571,37.6255580942816],[126.9869919970976,37.6175640989237],[126.98409139972999,37.615756600012496],[126.9852718985495,37.6141876015815],[126.9853146933047,37.6071437019651],[126.9859835950724,37.6060905958847],[126.9809495000207,37.601439700381],[126.9755124006271,37.601519804361196],[126.9756718988362,37.6004152002609],[126.9737313990083,37.5971969027184],[126.97151340075021,37.5990278012599],[126.9702471992513,37.5984857021706],[126.96787830162019,37.5997269009294],[126.9687653001282,37.600635301122],[126.9662611004257,37.6019950019135],[126.96269239980559,37.6020350011346],[126.961812100219,37.603458800958],[126.9591719002839,37.6020879009758],[126.9575853982643,37.6034661002016],[126.9564469996182,37.602015700743],[126.9538937992508,37.602248000664204],[126.9538574998615,37.6013477995862],[126.9560014977175,37.598883302050695],[126.95377409994491,37.5969814039526],[126.951161002558,37.6004391004949],[126.9497509019581,37.6043532997529],[126.9512621014691,37.6055357003899],[126.9513013018437,37.6083176010694],[126.94773620271289,37.6101892071471],[126.9495228984324,37.6072681026133],[126.94440799916259,37.6047868037153],[126.9412271023435,37.6060236024785],[126.94126340172309,37.6106956993696],[126.9434319070172,37.6150201023162],[126.9437588066903,37.618373298963],[126.9500527009664,37.6206100004462],[126.9479025025116,37.6221581000172],[126.9465809026278,37.627139300388],[126.94441419964049,37.6253169043299],[126.9375318065229,37.628642801004],[126.9414742028758,37.6322335026788],[126.9375232018367,37.6286755039432],[126.93976670051991,37.639483500179395],[126.9388497001228,37.6392378007077],[126.9375137011,37.6403579998341],[126.9385269003503,37.6407209997926],[126.9377892006017,37.641365100432004],[126.93873430053519,37.6423997003928],[126.9376318996886,37.6411989025029],[126.93163390373759,37.6442854023956],[126.93110400426751,37.6481010985799],[126.932737800675,37.6502041989083],[126.9336529009242,37.6500762009766],[126.931576100559,37.650337201341905],[126.9311816997692,37.6512947015308],[126.9288645008273,37.6510002019059],[126.9282108010127,37.6524407007887],[126.9264472010272,37.652183202744304],[126.922507004921,37.6545623006932],[126.9215328008404,37.6541917015457],[126.92154720306311,37.6570399035961],[126.91823690094489,37.6540684040339],[126.9143602976748,37.654331405501495],[126.9126827972483,37.653458705404],[126.9083756008808,37.6550068038689],[126.90515069986229,37.6537482041762],[126.90401880099421,37.6544640034604],[126.9034107009301,37.659553099686796],[126.9026981010516,37.659602200224704],[126.90238150173971,37.660865802349505],[126.90157350254769,37.6612274019879],[126.900750899238,37.6600531016406],[126.8993997005892,37.6599742017195],[126.8976866997549,37.661013300476704],[126.89654400013431,37.6587617022331],[126.8939200019898,37.6612520005555],[126.8952230999666,37.6627398006219],[126.8941928003455,37.6619672010211],[126.8924984998568,37.662482000796395],[126.89216189910441,37.6586555004216],[126.88989229987,37.6588496016277],[126.8888287994807,37.6574660999828],[126.8904958992825,37.6573193999736],[126.8894616997582,37.654891401981196],[126.8846700997368,37.6541367020665],[126.879366301777,37.655022502521604],[126.87880039996121,37.6540782016932],[126.8762642001519,37.6550575016869],[126.8746893017268,37.654360102384295],[126.8728524990523,37.6551587031755],[126.8653806029694,37.6525297051403],[126.86355449911831,37.6508505977732],[126.8644961000205,37.6487285976808],[126.8672511983774,37.648498497645505],[126.86654719963,37.6458916995558],[126.8699668991375,37.645164199214605],[126.8701003998693,37.6437750979727],[126.87495060020001,37.646268298573204],[126.8754715002692,37.644779999573],[126.8767554990053,37.6453594990806],[126.87752639944439,37.6448630985639],[126.8782502003274,37.647482698341996],[126.8796055002332,37.6460260997699],[126.8810500007923,37.6476854002774],[126.8794366004283,37.647082200670496],[126.8791146010843,37.648612799815005],[126.88114539975979,37.650378098880196],[126.8826484982567,37.6505198987384],[126.8854103990945,37.649440399186005],[126.88504419967589,37.647756499757],[126.88566230042571,37.6482572989526],[126.8876840002485,37.6470262993423],[126.8884443996576,37.647921098466796],[126.8893596987423,37.647721398666505],[126.89181550036211,37.6457397993474],[126.8911738010308,37.646852899934],[126.8920457001589,37.6480647987221],[126.8948934000117,37.64476169984469],[126.8959739992995,37.6456959991568],[126.8972997017937,37.6434011983945],[126.8989785008133,37.6456886987212],[126.90119930018601,37.644417099711795],[126.9038768992395,37.645210698881],[126.9072753961443,37.6432875992744],[126.9066867963195,37.6415631005453],[126.907275399932,37.6432875974013],[126.91066669654069,37.640880799808095],[126.90991839728899,37.638167002521904],[126.9062756859498,37.632631602928704],[126.9087727917583,37.6289511973169],[126.9071369943403,37.624834898234006],[126.9050663964109,37.6209872020817],[126.90244399903331,37.6207938022751],[126.9010488995473,37.621916000936],[126.8999969974117,37.6182778007319],[126.9014989984846,37.616798996982],[126.9022237987998,37.6140860988257],[126.90121089663289,37.611796496682395],[126.9027360981032,37.6114122945855],[126.9019096989296,37.6036983022995],[126.900522295922,37.6012750019734],[126.9011941947285,37.596977298975396],[126.899267798916,37.593040300090095],[126.89960859703709,37.5906997007631],[126.8949385999211,37.5889146023716],[126.8930135995113,37.589052802956196],[126.8911394013855,37.5898441021649],[126.89025820226671,37.5918185001905],[126.8908813016436,37.5928882991207],[126.89292110136209,37.5924403997272],[126.8919906001383,37.595229100047],[126.8891556999247,37.5941594002791],[126.88786900016939,37.5948068008217],[126.8851323006807,37.5929797011639],[126.882410003403,37.596138498005104],[126.8854536013965,37.5980195999488],[126.88383800121,37.5979140014146],[126.881472803015,37.5997633006105],[126.8801335986116,37.5983440012665],[126.8786611000841,37.5988580007525],[126.87840130210539,37.601537998618895],[126.8819628013185,37.6044708980107],[126.88179500034829,37.605387399506895],[126.8832622015819,37.605125901250794],[126.8814028998486,37.6054981033691],[126.8768263009693,37.609001200419705],[126.877038600857,37.6104493990442],[126.8790398988557,37.6108762986173],[126.8794329004855,37.6099654993995],[126.8800095003318,37.6109556993948],[126.8809589014855,37.6105509002777],[126.8804506003403,37.6123519003902],[126.8801253001499,37.6118981003695],[126.8783173016252,37.612761999951296],[126.87994740047371,37.6130554000213],[126.8792597008381,37.6132865000797],[126.8778627002114,37.618007400846906],[126.8766044003478,37.619074900991],[126.8756088001088,37.6177378023179],[126.8696395013699,37.615409903240206],[126.86612310346139,37.6152553036742],[126.863559000113,37.618285801849304],[126.8628635990443,37.6180555994005],[126.86425969764821,37.6175357999203],[126.8645712973366,37.6151670022891],[126.86229349961441,37.6128716045845],[126.8573492011217,37.6149767016471],[126.8554196015754,37.6135663016151],[126.857398901072,37.6158415007823],[126.8566191013911,37.6166784001214],[126.8567705015697,37.6190566993156],[126.8575265010168,37.6193868014954],[126.85555240040269,37.6201559015816],[126.8540266008692,37.62233780087929],[126.8540796001035,37.6239690001523],[126.8540265999745,37.6223378015836],[126.8527093012918,37.622578601342795],[126.8482664002602,37.6257697029285],[126.84530170109399,37.6257740022318],[126.84480260159309,37.6269053011005],[126.8451073996694,37.6259808007968],[126.8434928994576,37.625976800580894],[126.8424308990478,37.6245665009262],[126.8410116004671,37.624497900994804],[126.8408744000084,37.625771400525394],[126.84101159940231,37.6244979004595],[126.8376250993912,37.624709300423596],[126.8384586992674,37.623651299745696],[126.83766010006599,37.6227448006522],[126.8360244997989,37.6243511006241],[126.8344337998732,37.6244600001249],[126.8332106995277,37.6222273007793],[126.8322073998305,37.6224896006465],[126.8321412991404,37.6215187001098],[126.8308015996248,37.621082600132304],[126.83120839950219,37.6200824003893],[126.8298388993192,37.620384000093004],[126.8293843989834,37.618979000251905],[126.8280911994467,37.6186321004265],[126.8244696995825,37.6214837000726],[126.8245352995169,37.6208404007159],[126.82286240006921,37.6199060010112],[126.8221777000439,37.620402000808],[126.8199542003109,37.6186806011099],[126.8147269976949,37.6234982007199],[126.81150699982541,37.6209632007439],[126.81096149822011,37.6212405017522],[126.806680799126,37.617156101230904],[126.8081471996177,37.6168534979615],[126.8092319002077,37.6155178978276],[126.8131292973951,37.617377896473],[126.8151299966091,37.6138473984022],[126.81215109851239,37.610171201544404],[126.81253929896519,37.608156699312005],[126.8134747993519,37.608594498639],[126.8131602996746,37.6056143000313],[126.8145420972424,37.6012106988585],[126.8163940002445,37.6024577989525],[126.8177024000893,37.6019611983782],[126.8187643990273,37.6001725001669],[126.8177947996801,37.599937098915696],[126.82044690057589,37.5999259986433],[126.8256809985275,37.597479598983],[126.83016239907731,37.599270397085],[126.830847700499,37.598691499377104],[126.8283348008152,37.600493700381],[126.8289262002238,37.6017550991196],[126.8296467004792,37.6008653991553],[126.83209120118349,37.601650399766996],[126.8319012009386,37.6070415976627],[126.83429389854591,37.607078297625996],[126.8343905000644,37.604211797195],[126.8343658013988,37.6049431997096],[126.8357866001172,37.6051834996935],[126.8390938001906,37.6048205998859],[126.8392442001997,37.6064073985442],[126.8408879991784,37.6071348990634],[126.8392398983243,37.6022312986853],[126.8437886996151,37.5985477995588],[126.843553101226,37.5997923992215],[126.8478334022997,37.6010316991435],[126.84686380331169,37.6016352016768],[126.8481512022276,37.6067744973765],[126.85004890032991,37.6086656954853],[126.8547689962411,37.6046109993671],[126.8530091991606,37.603063198733004],[126.854185700153,37.603965298510396],[126.85558899994699,37.6029502985822],[126.8563894996234,37.603545898882],[126.8582307977821,37.602908899519],[126.857565598836,37.5978555019041],[126.8534726007296,37.5999423017001],[126.85313989772611,37.598353198666395],[126.8539645992451,37.5989447991211],[126.8538324977267,37.5967857980785],[126.8572754983163,37.5968599969941],[126.8596744959173,37.5953465985075],[126.8598287976799,37.589514399648095],[126.85890909859961,37.5886268005357],[126.8647264984554,37.5924458977884],[126.8642020989798,37.589976900257405],[126.8654041006791,37.589629296584],[126.87531220020469,37.5898780982455],[126.87587719947871,37.5873091006708],[126.8744724993627,37.5865987000629],[126.87533569904,37.585331598928],[126.8790568970546,37.5836669996244],[126.8776970983867,37.5817103014844],[126.87557839909819,37.581976001092194],[126.8750918979181,37.5796791974559],[126.8768634018364,37.5798129949795],[126.8768223015153,37.580472999676],[126.878716700369,37.581421899061],[126.8809052997962,37.5798834995071],[126.8803022983975,37.575929798862695],[126.8832599991166,37.5740699984329],[126.88570989922479,37.576591396870896],[126.88650079843269,37.5741535991854],[126.8845977979082,37.5726485995596],[126.88806649909809,37.5706771984757],[126.8884766009877,37.5681764983027],[126.8908786985856,37.5692517972274],[126.890097299367,37.5663370001422],[126.8875792987489,37.5628849028145],[126.8837564002132,37.5646305024996],[126.8829780995122,37.5638401008135],[126.8837334985417,37.5624642004456],[126.8838538945578,37.553288000356105],[126.88108949732221,37.552425301218804],[126.877890400141,37.5530041004859],[126.87805660361859,37.5537564094518],[126.8757125043529,37.554380109723006],[126.8724422053008,37.5571563074243],[126.86734190801,37.5597705056585],[126.86510920575451,37.562336207196],[126.8617874065462,37.564172106764204],[126.8595211073323,37.5673483053712],[126.8558023060148,37.567675706567],[126.8524369013457,37.5697056088433],[126.8491049046777,37.5704670080819],[126.843945800857,37.5751408089109],[126.8400269983917,37.5754279020696],[126.8382362992823,37.574137302255394],[126.8367680983007,37.5758116021767],[126.8372334963627,37.5739619003106],[126.8351344984617,37.5715078027647],[126.83296050063569,37.5733520009205],[126.8302648991172,37.5717741013174],[126.82612359891681,37.5740379007096],[126.8256420994304,37.572854501017595],[126.8227302000136,37.5727942004089],[126.82261199956861,37.5716306011275],[126.8206785000336,37.570730201026],[126.8191336003008,37.5707911014235],[126.81845200098239,37.571971200243404],[126.8167589988045,37.5726461004835],[126.8165675989574,37.571558000936804],[126.8154824992216,37.5717941004932],[126.81540179888161,37.5704230011647],[126.8123953996835,37.5709304004942],[126.80862530025121,37.5657509006936],[126.8071981001615,37.566045200652596],[126.8077634010132,37.5677922008193],[126.804987700146,37.567832100261896],[126.80383400001139,37.5702629008843],[126.8043332988424,37.5680287006308],[126.802456799468,37.566965500185304],[126.80182379832189,37.564436301729394],[126.8001116000341,37.5643951017706],[126.79681789916259,37.5624330001926],[126.79658169934801,37.561461700198905]]],[[[127.1318605989448,37.6027250003679],[127.1329917993335,37.602852399427306],[127.13315039924571,37.6000733000266],[127.13563379948029,37.5986296994178],[127.1356760994819,37.597885799218304],[127.136652199262,37.5978910993798],[127.13687020012961,37.596827099608],[127.13750089983331,37.597325399435704],[127.1377743991085,37.5962308996702],[127.13866149991959,37.5959854994985],[127.1393870000401,37.5973681990343],[127.1406741000266,37.5963564993039],[127.1403225001616,37.595154099435305],[127.1420447997612,37.5960706989286],[127.14483870009249,37.5954595991292],[127.1447574004901,37.5962483992601],[127.1458482012088,37.5955466992404],[127.14680780044421,37.596521000426605],[127.1459958003687,37.599692899410904],[127.14975359898929,37.599711998004],[127.1517096975936,37.5963929990273],[127.1525260001681,37.5964670995356],[127.1498720005172,37.6014187010456],[127.1488978014914,37.6019699004944],[127.1486072012492,37.6043826005958],[127.14983720052369,37.605735099753595],[127.14981810052521,37.6071735991447],[127.151636198855,37.6061903998266],[127.1521509982099,37.604868700619996],[127.1504804995101,37.6042765992299],[127.1524222010311,37.6036916981444],[127.1538686998154,37.6050804993297],[127.1559005000723,37.6049856991462],[127.1560884000086,37.6043033994972],[127.15705080056969,37.6055989991876],[127.15914120017719,37.604422498617],[127.1593227003998,37.6055284992458],[127.1601044001489,37.605147599880304],[127.1597759009569,37.606025900203896],[127.160805400413,37.6077179002182],[127.157824000535,37.6075663005182],[127.15737300064421,37.6084456001903],[127.15799660010781,37.608985599739],[127.1614195999251,37.6094080994432],[127.1614358997825,37.6079360000001],[127.165167599994,37.6074760999189],[127.16568200021081,37.6082878994961],[127.1657386999767,37.606988798452306],[127.16722130077949,37.608267099828],[127.1670486004957,37.6094537993634],[127.1683385001494,37.609719499628696],[127.1685275009386,37.612348600219796],[127.16986250023419,37.6136552010155],[127.16879370000059,37.6133383001152],[127.16828599995509,37.614202000465],[127.1679581997133,37.6133447006939],[127.16624230023929,37.6150495008604],[127.1666281995837,37.6143042999838],[127.1659844002275,37.613758400529704],[127.16340600040739,37.613583300662],[127.1631777003646,37.616701400389296],[127.1617460986896,37.6153692007839],[127.1603280996767,37.6160523000957],[127.1590433991502,37.6131993016814],[127.1573990000869,37.614309900810206],[127.1563948995683,37.613791500312395],[127.1571197981435,37.6127938003671],[127.1550052988688,37.6112738009826],[127.1554408990615,37.6103093003142],[127.1522011994763,37.6099417999299],[127.1532734001763,37.609305199398705],[127.15412829992489,37.610070799002806],[127.1552270988261,37.6091862998873],[127.15515819889501,37.6080441010295],[127.1538502995994,37.606819601884304],[127.152362000137,37.608057900152],[127.14966590060621,37.6081784018273],[127.1491840010881,37.609674500331195],[127.14727290099471,37.6102383997654],[127.14752660120621,37.6118316997441],[127.14665529983671,37.6122682008584],[127.146479399722,37.611208301695],[127.14339369951871,37.6117591024555],[127.1425963999272,37.6108884005077],[127.1380429999652,37.6110826008778],[127.1355723997011,37.608661300268004],[127.13370589932819,37.6081475000282],[127.134396499642,37.6065968000934],[127.1328539998149,37.6060606006048],[127.1332624997238,37.6043120999933],[127.1318605989448,37.6027250003679]]],[[[127.0949824998215,37.3396963998934],[127.0963162994742,37.3389425993687],[127.0967000996942,37.337277899334595],[127.09634800059591,37.3381664001237],[127.0972300997192,37.3391606993469],[127.0977676991816,37.3388344996731],[127.0977696995842,37.3370455995312],[127.09933879842289,37.336164799963],[127.0993399984217,37.3352995993695],[127.1009984983485,37.3353082990103],[127.101013798352,37.3342417989507],[127.10281399850969,37.3337863994129],[127.10281340111891,37.333197498176794],[127.1042244007606,37.3343949001703],[127.1042039000634,37.3363101002517],[127.1028042005258,37.3361840008056],[127.10193000139999,37.3375961993934],[127.1028328010898,37.3390706994017],[127.10587769931429,37.3393906991626],[127.1056299993306,37.3381027991324],[127.10685889986111,37.338051499759196],[127.1067081997236,37.3373455998139],[127.109156700762,37.3355303990962],[127.1102682002866,37.338066597790096],[127.11172240003741,37.3374167984373],[127.1130630010882,37.3380634994168],[127.1113039008643,37.3415537011866],[127.1098019012494,37.342512400591694],[127.109937601055,37.3435590998547],[127.11205270056601,37.3443453994655],[127.1116562004369,37.3450724995915],[127.11265569979001,37.346321199037],[127.1138043002816,37.3454606996934],[127.1160276003338,37.3491946997588],[127.11727200038099,37.3490906000035],[127.1169166002199,37.3508437000034],[127.1160214002354,37.3498414011217],[127.1146324005395,37.3528485006531],[127.11213220067461,37.3540841001647],[127.1127345997181,37.3549698994602],[127.1139958005196,37.354778798603895],[127.112668101106,37.3556005008426],[127.1115549994633,37.3560836004459],[127.11036730065099,37.3547193018102],[127.1098089002995,37.357779700349504],[127.1085841988777,37.3578833997596],[127.1076528999169,37.3560782010553],[127.10705349973841,37.357527400113504],[127.10704289952109,37.356598000544],[127.10599469845769,37.3566078000144],[127.1059862983811,37.354204101852496],[127.1012895978748,37.35327499964259],[127.101990999561,37.350063299604],[127.1063543978121,37.349420099227004],[127.1048855991891,37.3470063980354],[127.1072270990803,37.346821797109804],[127.1088327974746,37.343558600373],[127.1059361999981,37.3420603005869],[127.1023935998129,37.3430511008012],[127.10153250067401,37.3447136991386],[127.1028449992072,37.3479426009213],[127.1019666996865,37.3474690000622],[127.1015325002237,37.344713701411],[127.1007349992771,37.344950300810304],[127.1005467996839,37.3427339020401],[127.09805730067379,37.3428456013052],[127.0972546998509,37.342131600460405],[127.0968773989804,37.3428771008019],[127.0977952991719,37.3415129998693],[127.0969915997963,37.3410812001136],[127.09708899955349,37.339831700796],[127.0957973005847,37.3406086005984],[127.0957583998806,37.3392966009352],[127.0949824998215,37.3396963998934]]],[[[126.94629719896301,37.3917715995729],[126.94603499950459,37.3896625996392],[126.947434498704,37.3890112994009],[126.9462688994693,37.3875672995622],[126.948905399878,37.389117299393504],[126.95103979991221,37.3862591994061],[126.9521499005253,37.387570499084305],[126.95307509960011,37.3875446991101],[126.953711001663,37.3863411002812],[126.9549066005424,37.3881549996436],[126.9534877010788,37.3888775002041],[126.9541103004562,37.3897257993558],[126.9554172001221,37.3890493997762],[126.9562644001025,37.390668500034195],[126.9558112005557,37.3911058995968],[126.9571993991675,37.3926197980829],[126.95761969988469,37.390740399734],[126.9608090999814,37.3894319996258],[126.9631906000405,37.3890534999203],[126.9644857995534,37.3899515990853],[126.96540419990329,37.38914029913],[126.9648772006596,37.390161300179706],[126.966442900038,37.3907581999046],[126.96736490043921,37.3898144990806],[126.9682465008819,37.3915289018665],[126.96592630320211,37.3923982009972],[126.9652746037,37.3935434011501],[126.96671670225791,37.3958339988595],[126.9688401020658,37.3958283001718],[126.96812130051751,37.397511800050395],[126.9689499996888,37.398897498664695],[126.9705088985509,37.3987992987954],[126.9706487002346,37.3977310984813],[126.97211049877279,37.397866298346095],[126.97376319832199,37.395116898289395],[126.9754532988394,37.3948841985796],[126.97484250125089,37.3934710991036],[126.97675790123219,37.3941621990912],[126.9772355011364,37.3965045983417],[126.9780668006282,37.3969776983443],[126.979106999588,37.3958076995143],[126.9787676997867,37.394742199622705],[126.98195869995831,37.397575798788196],[126.9828369018599,37.3967716987647],[126.98234930069549,37.398199500786596],[126.980926802118,37.399100399885704],[126.9822344019221,37.405284102480806],[126.9784662003878,37.4076297026757],[126.97821809771061,37.4055496025181],[126.9771608987678,37.4044980035697],[126.972603000663,37.4066652010409],[126.9692098003887,37.406263901223],[126.9682241984457,37.405874000633],[126.96934159838091,37.4046711001225],[126.9688499988725,37.404105900687696],[126.9677415994664,37.4045988001688],[126.9678489986468,37.4030768991925],[126.9685251998909,37.401674399387495],[126.97040869800739,37.4015264995354],[126.9681212982076,37.3975118020675],[126.964953000411,37.396859302417404],[126.96335739973841,37.3988442031552],[126.9622326990587,37.3982615014098],[126.9601563011351,37.3987902008811],[126.9604910991844,37.3969104010333],[126.9596290000465,37.3966091013346],[126.9589249994821,37.3976843009913],[126.95962899866831,37.3966091008582],[126.9576541992701,37.3954070002996],[126.9581617988942,37.3944180002432],[126.9575924994635,37.3936013010599],[126.9565969997092,37.3938859005266],[126.9571993986051,37.392619800123796],[126.955627099832,37.391440700742294],[126.9548199999208,37.3926187004929],[126.9530968000831,37.392014001687],[126.9521437994883,37.3933390009289],[126.9496132998944,37.393615401069],[126.9483073997518,37.3907467009602],[126.94629719896301,37.3917715995729]]],[[[127.1034448971802,37.6676561033103],[127.10603999549409,37.664900496108004],[127.1061059982458,37.6626986972057],[127.1048479993965,37.6600338973638],[127.10912449718589,37.659653594510395],[127.1138843986884,37.660447997248],[127.1144842992687,37.6585450990575],[127.1136036996262,37.6569832977292],[127.1152523002977,37.6561479988937],[127.1147589008106,37.6566391999665],[127.1159976004288,37.6573747999468],[127.1159595004669,37.6582923990292],[127.1187954976309,37.6585963987252],[127.1196592006932,37.657184299139196],[127.1224505997875,37.6579413993997],[127.12333440014241,37.656478899045204],[127.124329799747,37.6568773988396],[127.1247071001378,37.6554005994023],[127.12525820020751,37.6562500001995],[127.1244342009245,37.6569266996875],[127.1264777003242,37.6578224995198],[127.1263620003916,37.660437299479796],[127.1278801005801,37.6613769997428],[127.1270996006641,37.6620235003497],[127.12643730034311,37.661344300195104],[127.12615820035941,37.6622592003291],[127.12584169987039,37.6616413003995],[127.125171100541,37.6624119996288],[127.12631369989009,37.6635628993926],[127.12899860122181,37.6637220992526],[127.1286386001776,37.664651700355],[127.1273659995198,37.6641879033951],[127.125456801429,37.6668272007558],[127.1272573008991,37.6678051028874],[127.1224579056985,37.6699877007048],[127.1197746101308,37.6750586023064],[127.1153585000673,37.6790532019047],[127.11291200105819,37.6774773022609],[127.1120229019473,37.6790526006856],[127.1106074982187,37.678856301484],[127.111219397887,37.6764561009674],[127.1084823982941,37.6724047030709],[127.1068860990455,37.673066902383205],[127.1038045994314,37.66927420057959],[127.1034448971802,37.6676561033103]]],[[[127.18457629897941,37.7084039003918],[127.1846425992108,37.7076025992328],[127.1853774994518,37.7080413992504],[127.1863128985164,37.707022900268896],[127.1851613982618,37.706384999394295],[127.18902539956551,37.7065764992201],[127.1900889987206,37.7048841004689],[127.18937889715909,37.7021236017477],[127.1875770989609,37.7016086022627],[127.1861108985935,37.7027750010498],[127.18563989561589,37.701353899946604],[127.18750919918459,37.698148099017295],[127.18837880046759,37.6999735991021],[127.1908939997931,37.698270899788],[127.194364699989,37.6975349996316],[127.19461630008391,37.6984348988012],[127.1973903007155,37.698025698844106],[127.1976261003518,37.7009509990997],[127.1990828008976,37.7002174004843],[127.200414201291,37.707029799409604],[127.1989664004515,37.706716300809695],[127.1978744015435,37.7082386992873],[127.1984522009657,37.7096705978554],[127.19962000096619,37.7098617988226],[127.19871280050249,37.7105921014036],[127.1971664004476,37.711429500555404],[127.1963924000508,37.710602600803504],[127.19607879960249,37.7115315002738],[127.1900689994455,37.7078068028407],[127.1879853000532,37.7110192000801],[127.1861781994873,37.709230900673305],[127.1853712998502,37.710018000476595],[127.1838518998018,37.709738900061296],[127.18457629897941,37.7084039003918]]],[[[127.19538259970881,37.721462099712596],[127.1976171990197,37.7180292998849],[127.197283999766,37.7172411999607],[127.1988642994332,37.7179612992658],[127.20070469932661,37.7171865992171],[127.200771700061,37.7151208988598],[127.2026239982087,37.7159181980625],[127.2039764009894,37.714823496249004],[127.2049249018463,37.7155892990578],[127.2076168015798,37.7152113994514],[127.2084235007731,37.715848798814],[127.206173500595,37.717104199726805],[127.2089718015841,37.721280399577594],[127.20905540061389,37.7227238002781],[127.2078941006136,37.723086300324695],[127.2081348000564,37.723921100335396],[127.2066599004783,37.7242507000668],[127.2083574000082,37.725615300705904],[127.2069385003805,37.7246070009906],[127.2052706003527,37.7259124011264],[127.2059269989105,37.725594399725296],[127.2049389998985,37.7244344008853],[127.2037811005857,37.7260074000687],[127.2043758005477,37.7268607007694],[127.2030791998159,37.726475403113795],[127.2028945977269,37.7241539010726],[127.2001610004605,37.7231644020621],[127.2004653994226,37.721935201108195],[127.1969309997805,37.722601000404495],[127.19538259970881,37.721462099712596]]],[[[126.8272016998651,37.635290599916395],[126.82762359941529,37.6346302998815],[126.8278653998093,37.6353114995754],[126.82871259933461,37.6334834999318],[126.8301487998048,37.634370199348396],[126.8307399992136,37.6335084002102],[126.82968409964519,37.632721499607705],[126.83182919984151,37.6306946993001],[126.83760050400349,37.6339938009911],[126.8349556013917,37.6374903998611],[126.8333265008063,37.638272200101206],[126.8334626991594,37.6389844003863],[126.8315389998269,37.6379019001504],[126.8308340996049,37.6348364007357],[126.8299304005086,37.6344914010807],[126.829142800283,37.636295100515696],[126.8272016998651,37.635290599916395]]],[[[127.20122939904411,37.5430826005055],[127.2019638991989,37.5427198997361],[127.2025260996977,37.540012399813705],[127.20375989956129,37.5404051996338],[127.20443989988199,37.5376373998541],[127.2050652005191,37.538548299422004],[127.20641980044961,37.5380346997773],[127.21159040031871,37.539301799841],[127.21115540056469,37.5415228999956],[127.2117836003348,37.5418337000834],[127.2090676996397,37.5453308006723],[127.20737300012071,37.5448210005987],[127.20555779990589,37.545791100414405],[127.204204500424,37.544002301484404],[127.2018716000718,37.544415000099704],[127.2019949988627,37.543389000613296],[127.20122939904411,37.5430826005055]]],[[[126.790917399723,37.6635590994483],[126.791242499492,37.6627201995309],[126.79401399884891,37.6621999993695],[126.7939044989584,37.661259900309595],[126.79262349973321,37.6611154000042],[126.7933886997073,37.6578519999113],[126.7949359000953,37.6590480984722],[126.7955341998269,37.6571866984226],[126.7979434997188,37.6580408977494],[126.7980865002593,37.6557107983146],[126.7979435011359,37.658040898261504],[126.7999482010686,37.658779898513096],[126.8000928010588,37.6613276003647],[126.8012544001339,37.661763500048096],[126.8000039002649,37.661675200842296],[126.7999886988307,37.6624749005671],[126.7961760007616,37.661474400897404],[126.7949550002724,37.6637069006925],[126.792320199241,37.662587001316304],[126.790917399723,37.6635590994483]]],[[[126.7803379991829,37.6707106998099],[126.7828687999071,37.66968849968],[126.7847584991323,37.6701293992483],[126.78537209993631,37.6690653991196],[126.7866734990219,37.6699262984037],[126.7878913999249,37.66864549927929],[126.7875259007944,37.6714389992614],[126.78827100162279,37.673099798819],[126.790425701844,37.672444500367696],[126.79000170067151,37.6749272000333],[126.7899214991136,37.6741917002859],[126.78805780065821,37.6737495009784],[126.78734270039999,37.675416099744],[126.7881598002814,37.6758216007061],[126.785878599935,37.6758726003061],[126.7854465997584,37.674626000936605],[126.78454210066289,37.6746165009461],[126.7845790999533,37.6757708006574],[126.7839921993585,37.675273901368904],[126.7829630991819,37.6759934003883],[126.782949699602,37.6740766998161],[126.78162689989061,37.673413600118],[126.7803379991829,37.6707106998099]]],[[[126.8343044989665,37.6551599004218],[126.8353223994796,37.6548908989477],[126.8358085999321,37.6526296000174],[126.8369302995363,37.6522719993944],[126.8366256999521,37.651443699741],[126.8374662002848,37.6526679990417],[126.8396297995872,37.6523985995454],[126.84078619843079,37.6506116013324],[126.8371858995629,37.6498628995009],[126.83932539983981,37.647801798467704],[126.84211570053009,37.647869196026804],[126.8484238981912,37.649941896322204],[126.8491910030169,37.6493078987415],[126.8477694019498,37.6534912026096],[126.8479301026375,37.65651600153161],[126.8458898032185,37.658275203398595],[126.8416291991162,37.6576153008532],[126.84044679967039,37.6582309009029],[126.8372672002114,37.6560602011248],[126.83624760032319,37.6567998010406],[126.8354642998724,37.6549188007743],[126.8343044989665,37.6551599004218]]],[[[127.09014769961911,37.320878300208996],[127.090988400078,37.3198195996893],[127.0943917996466,37.3192840996102],[127.0947800007404,37.320704299024605],[127.09755889926329,37.320935698004696],[127.0984182011784,37.3203108991975],[127.0973615006212,37.3211487997131],[127.098518500339,37.3219529996104],[127.09906640114019,37.324471900696],[127.0949567002184,37.3256735007478],[127.0942248001661,37.3246025005261],[127.09290880075051,37.3253401007467],[127.09302429929589,37.323683000438706],[127.090928999681,37.3244161003934],[127.0906411995437,37.3218444000792],[127.0912473995494,37.321392199579996],[127.09014769961911,37.320878300208996]]],[[[127.03986139983911,37.759257299958],[127.0406734998699,37.759364799666],[127.0410154996894,37.7582739980971],[127.0429061998016,37.758085199619096],[127.042881599936,37.756724399120706],[127.0431833018568,37.7578924997437],[127.04562250089579,37.758489700178096],[127.0452554001525,37.759089000834],[127.04400630011581,37.7582785014472],[127.04299349996829,37.7595964009607],[127.04186990031299,37.759631000419],[127.0416517001756,37.7611074998777],[127.042978101144,37.7606388990868],[127.043637200022,37.7624299002537],[127.0426835990057,37.761251000586704],[127.040810199324,37.7612544005094],[127.0415521993025,37.7606930998917],[127.0409675999197,37.7594395008777],[127.03986139983911,37.759257299958]]],[[[126.79412429933569,37.641200399869305],[126.7957512997401,37.6414370988838],[126.7996469992724,37.639815297645505],[126.8032263981611,37.641149397819106],[126.8042274003326,37.6394144986811],[126.80715010094521,37.6409231995366],[126.8065560014612,37.643731798504],[126.8084223009716,37.6434053008577],[126.80749389972979,37.6453547009071],[126.8065560006677,37.64373180253],[126.8033697022929,37.6467510012068],[126.803594601353,37.6475734007678],[126.8033696996504,37.6467510006119],[126.8007299000342,37.647033901597595],[126.79671869969489,37.653436500077696],[126.797156099533,37.6518660002308],[126.7957937989457,37.6521026004612],[126.7959513992138,37.649749201371606],[126.794258699796,37.6491961991529],[126.7958998981548,37.6496478987012],[126.8000094944198,37.647567098033406],[126.79817829625101,37.643563102037405],[126.79412429933569,37.641200399869305]]],[[[126.87381089707159,37.415309298461395],[126.88163869808899,37.4112540953974],[126.8825762002595,37.4116127984603],[126.8838790990166,37.4101425998592],[126.88415929911949,37.4073642988557],[126.8849915000073,37.4069674979471],[126.8855758003218,37.4080206002366],[126.8848864010112,37.4095468987103],[126.888986400894,37.412303598765604],[126.8911236987567,37.411705399363804],[126.8922515981696,37.409734900022194],[126.8947881005338,37.4081519992596],[126.8948795019203,37.4114302039914],[126.8920065027846,37.4120759045706],[126.8914945032966,37.4160568005897],[126.89199450279659,37.4174898991566],[126.89516399971339,37.4187809979639],[126.8960998008904,37.4178450990908],[126.8947760003118,37.4201079014888],[126.8937567996376,37.4180386002308],[126.8920254011499,37.4175909007283],[126.8930872004692,37.4205719998656],[126.8922352011736,37.4209040000025],[126.8920279002166,37.423914700881696],[126.8903991012096,37.4214863016958],[126.88707550204029,37.421499303153404],[126.88565130346451,37.422809401843296],[126.8852743985266,37.4287471031704],[126.88112699474041,37.4274149033021],[126.8776219967159,37.4237912054205],[126.87498929664329,37.422662504438804],[126.873883599681,37.4212481002401],[126.8747347962834,37.417480701414895],[126.87381089707159,37.415309298461395]]],[[[126.82047419877021,37.492146400759005],[126.82104510019691,37.4913210993192],[126.8223052996394,37.4916921995654],[126.8214970997449,37.4908214998188],[126.8219848994912,37.4903509000127],[126.8238202000915,37.4919284984238],[126.82542649962231,37.4907702002242],[126.8248218994223,37.490268299552696],[126.8258593003851,37.4902489986656],[126.8254265010183,37.490770199825],[126.82682800120581,37.4912276997491],[126.8271460020966,37.493191499004],[126.8291863005213,37.493200899680495],[126.8272002998567,37.493325101529],[126.8249573997648,37.4957750009661],[126.8246086996419,37.493965502313],[126.82047419877021,37.492146400759005]]],[[[126.83543089837171,37.4887186006407],[126.8352160973928,37.4858273987225],[126.83770609932631,37.4851823985602],[126.83829609875329,37.4834035985089],[126.8389901004611,37.4843157977394],[126.8402206992305,37.4843652976899],[126.8420907002937,37.4831243985041],[126.8400224023216,37.4846214022141],[126.8421139009661,37.4883404983259],[126.8396875001278,37.4879079002675],[126.8391892006378,37.4889284994643],[126.8406351009098,37.4906248997568],[126.8377320990786,37.4901765006859],[126.83543089837171,37.4887186006407]]],[[[127.20718959439111,37.5848785949889],[127.2088774002037,37.584538199295494],[127.2091790999847,37.5862803984516],[127.2106366003522,37.5845949997984],[127.2112736000977,37.5859926001026],[127.21060039976571,37.585410400732],[127.209179101056,37.5862803997712],[127.21104100115379,37.5871437996149],[127.210546500576,37.588300199993796],[127.2089600999832,37.5874665008176],[127.2073198994797,37.5887951007194],[127.2072467990774,37.5873427013117],[127.20614659924959,37.5864935999967],[127.2074187987794,37.5862133996986],[127.20718959439111,37.5848785949889]]],[[[126.76751159893841,37.6834096997899],[126.77134840039429,37.681869998925606],[126.77196410066081,37.6833739990666],[126.7728382003366,37.683316299938404],[126.77134659898731,37.6847907008031],[126.7689204999589,37.6847348000166],[126.76945519956449,37.6845122998532],[126.76880059998801,37.6835362009415],[126.76751159893841,37.6834096997899]]],[[[126.80786489944249,37.484133499379496],[126.8129413002125,37.4863191994234],[126.8144191994584,37.4854138989607],[126.81451240123779,37.48634799964],[126.8125315009146,37.487451800902406],[126.8110615009328,37.486977600906805],[126.8105050997263,37.4880631005396],[126.8110614988438,37.4869776000382],[126.8096617993686,37.4867424999809],[126.80786489944249,37.484133499379496]]],[[[126.9425824988683,37.3715362992697],[126.9449231005211,37.3701256990033],[126.9455054015639,37.371031100610004],[126.9442547020211,37.3720175004972],[126.9452602006619,37.3731660004636],[126.9434137997561,37.3733013000801],[126.9443721996689,37.371297700212196],[126.9434675005425,37.3710079004926],[126.9428447998921,37.3723842002712],[126.9425824988683,37.3715362992697]]],[[[126.80256249872359,37.5723999006811],[126.8034621996293,37.5726432991812],[126.803774500941,37.5715971994965],[126.8044989002166,37.5726039984897],[126.8064891982263,37.5726343984593],[126.8074712013638,37.5707906985791],[126.8106947007666,37.573277600294496],[126.80554959981701,37.5749774025824],[126.80510629903391,37.572571701445696],[126.8030837997659,37.574255100402404],[126.8033194990646,37.573101899938294],[126.80200619927989,37.5731981998828],[126.80256249872359,37.5723999006811]]],[[[127.2226401995207,37.5399356996481],[127.224365699211,37.54064689874],[127.2248164995992,37.5385632992273],[127.22582430075519,37.5394232001333],[127.2247489001814,37.5395953006957],[127.2243656998485,37.5406469001898],[127.2232188009954,37.5405273003094],[127.2232503997045,37.5414132003835],[127.2226401995207,37.5399356996481]]],[[[126.7673960986575,37.603033500487605],[126.767419099137,37.6006397991786],[126.76830270084281,37.600311299993],[126.76780500134049,37.6008836994206],[126.7694493996961,37.6021148981894],[126.7705746985708,37.601058999245296],[126.770177999737,37.599739399661],[126.77224070048669,37.5996158996897],[126.77113340067879,37.6002575004162],[126.77124400050239,37.6041051003117],[126.7703409003115,37.6045066006307],[126.7691156001654,37.6033057009048],[126.7679481003941,37.6037486004329],[126.7673960986575,37.603033500487605]]],[[[127.18802759900579,37.607916200321895],[127.1899248994862,37.6068991989528],[127.1903181990929,37.605436000416],[127.1879064999264,37.6043062968049],[127.1898456987647,37.6044017965207],[127.1915080977621,37.601891998061],[127.1935112990948,37.6015228986557],[127.1938658001019,37.59961489936],[127.19351130091219,37.6015228982245],[127.1983865997237,37.604134298998595],[127.2003343009494,37.6030328994812],[127.1961922027503,37.6071072027962],[127.19190880246629,37.607832805558296],[127.1899249006906,37.6068992005278],[127.18814380177851,37.607878299752805],[127.1885345012651,37.6087510008894],[127.18802759900579,37.607916200321895]]],[[[126.7307309995157,37.571146500130595],[126.7339657998391,37.569789796848305],[126.7373840999414,37.570774997197],[126.7391733991935,37.569552998664896],[126.7402920043795,37.5699668007066],[126.7386922002982,37.572479500251],[126.73806639919279,37.5711310006079],[126.7360899991488,37.571480000364],[126.7339191007069,37.5698229016417],[126.7307309995157,37.571146500130595]]],[[[127.0775357995852,37.3132907996795],[127.07850689900219,37.312262499055606],[127.0820382007299,37.311569899792104],[127.0806230013554,37.3137352005335],[127.0816126997451,37.315757000546796],[127.0811155994659,37.3149003006945],[127.08020279966439,37.3152218001193],[127.0811155995988,37.3149002995795],[127.08071649999789,37.3141290003508],[127.07972209927449,37.3144364009287],[127.07827880070951,37.3127290010061],[127.0775357995852,37.3132907996795]]],[[[126.820178998646,37.632419300967804],[126.8195497999298,37.6306711992614],[126.8228907001446,37.6291145997898],[126.8235434006407,37.6306569018262],[126.8214743996449,37.6297601009273],[126.81954980156951,37.6306712000162],[126.820178998646,37.632419300967804]]],[[[126.8890941987763,37.467543198719405],[126.8900883991891,37.4678212991442],[126.88950839940179,37.4666057003286],[126.8903726993964,37.4647393990155],[126.8919992003914,37.4650176979046],[126.89284119954941,37.4635467993755],[126.8951297008207,37.4646534979846],[126.89608560061451,37.466488598835696],[126.8937179012548,37.468833600451006],[126.8912102004642,37.4681349022592],[126.8904410012334,37.4698908005033],[126.89008839924189,37.467821301770094],[126.8890941987763,37.467543198719405]]],[[[126.9216726987113,37.4037876022685],[126.9230705987453,37.403286299314395],[126.92307999965679,37.4016399996151],[126.9241563998127,37.4005790988962],[126.9242417006512,37.4010781992569],[126.9257909005953,37.400277099796],[126.92643430070869,37.401465599382604],[126.92604010014689,37.402709700113505],[126.9216727012888,37.4037876005326],[126.9223893992737,37.4045720016635],[126.9216726987113,37.4037876022685]]],[[[127.2022147003545,37.4102975980012],[127.2035118974392,37.408194397665696],[127.2041687008108,37.408379799238496],[127.2045080013077,37.4088715010544],[127.20340010058409,37.408439800511495],[127.2030111008755,37.4093641996911],[127.2040837003224,37.4092577999899],[127.2040773017384,37.410105899819996],[127.2022147003545,37.4102975980012]]],[[[126.8113624995225,37.5757681001829],[126.8117062998471,37.5752135991715],[126.8133849005012,37.5757212993962],[126.813945101042,37.5761718999909],[126.8134939002348,37.577189599545896],[126.8147675000452,37.5770375006637],[126.81273680012869,37.5787548003868],[126.81257549932589,37.576949401266496],[126.81179149991699,37.577139200168396],[126.8113624995225,37.5757681001829]]],[[[126.9433548992754,37.4701184998651],[126.9444940985438,37.4696903991756],[126.9444084979136,37.4677621995486],[126.946485900359,37.4683282993641],[126.94444190009641,37.470169502132094],[126.9433548992754,37.4701184998651]]],[[[126.893059297383,37.4566987995797],[126.8917326995876,37.4551534995274],[126.8932564991763,37.4553227991809],[126.8941658999373,37.4544722992538],[126.893059297383,37.4566987995797]]],[[[127.0559661991864,37.745491199289894],[127.0565119993902,37.7442836995374],[127.0580919001111,37.7439385998867],[127.05779240039,37.7449460015127],[127.0559661991864,37.745491199289894]]],[[[127.0532282990567,37.699342799512294],[127.0547416012773,37.6997913989891],[127.0552401004484,37.701011401048596],[127.05420000016059,37.7010890022713],[127.0532282990567,37.699342799512294]]],[[[126.79442779920609,37.4829540999712],[126.79518830033531,37.4822325987474],[126.79555829983019,37.482987799240995],[126.797025000651,37.483017600359],[126.7963816000374,37.483803800327394],[126.79442779920609,37.4829540999712]]],[[[126.9552643978806,37.6101024992845],[126.9543224988225,37.609025800361195],[126.9547170995549,37.6086012978832],[126.9578629003881,37.6076318996915],[126.9564928999135,37.6108428007791],[126.9552643978806,37.6101024992845]]],[[[126.8941494995637,37.4561229004393],[126.8952324007675,37.4561321001015],[126.89442620004719,37.4568393001557],[126.8941494995637,37.4561229004393]]],[[[127.1060518985349,37.3241164998725],[127.1060412989714,37.3234071991986],[127.1071695005127,37.3240034001006],[127.10687530026439,37.325365600275695],[127.1057344993424,37.325052800037604],[127.1060518985349,37.3241164998725]]],[[[126.90691809741399,37.418957901416704],[126.9090164007005,37.4185602001335],[126.9084086991395,37.4192983012857],[126.90691809741399,37.418957901416704]]],[[[127.11500279956459,37.6104560002526],[127.11837370057361,37.6101449990471],[127.1183638008046,37.610933199825],[127.11500279956459,37.6104560002526]]],[[[127.12922569886001,37.3840079995715],[127.1306433002014,37.3837744999409],[127.1295448999746,37.3843232006277],[127.12922569886001,37.3840079995715]]],[[[127.22030049954269,37.540294499869304],[127.2205455003245,37.5395755996057],[127.22139480013419,37.5401694996122],[127.221175000372,37.5410429003459],[127.22030049954269,37.540294499869304]]],[[[127.10861799908601,37.3246788001345],[127.1087002996846,37.324321899112],[127.1093733003782,37.3244355003197],[127.10870030000059,37.324321900101],[127.10861799908601,37.3246788001345]]],[[[126.7725740996551,37.6818593999859],[126.7729124005872,37.6816463994618],[126.7729288004013,37.6817213004257],[126.7725740996551,37.6818593999859]]],[[[127.21062279926619,37.549242700759],[127.2110346001488,37.5493656001544],[127.2107592002037,37.5494759010287],[127.21062279926619,37.549242700759]]],[[[126.6727153989019,37.568383700039696],[126.6743933003859,37.5684229999586],[126.67355789984221,37.5685409012542],[126.6727153989019,37.568383700039696]]],[[[126.815989699727,37.6307523998019],[126.8166196010605,37.630711797812204],[126.8179730005422,37.6308047006517],[126.815989699727,37.6307523998019]]],[[[126.9351977995295,37.5621651002492],[126.93513219997669,37.561858799931606],[126.9352901000984,37.562117900125095],[126.9351977995295,37.5621651002492]]],[[[127.06364289984741,37.7493807002037],[127.0637929000374,37.748964799510304],[127.0638552001931,37.7494328002779],[127.06364289984741,37.7493807002037]]],[[[127.1381753996896,37.56650899960341],[127.1390680994821,37.5668923994452],[127.1395033020148,37.566247200368096],[127.1390681017225,37.5668924080462],[127.1381753996896,37.56650899960341]]],[[[127.0981198948923,37.3498225995042],[127.0994567990667,37.3491694981373],[127.0997193018327,37.3502395994277],[127.0994567996877,37.3491695003217],[127.0981198948923,37.3498225995042]]],[[[126.7613558992132,37.6941890997213],[126.7615747011614,37.693237799919],[126.761584701667,37.694181799667405],[126.7613558992132,37.6941890997213]]],[[[127.0363043994656,37.7132828990671],[127.037426402077,37.7131782982561],[127.03857860069469,37.7133263006105],[127.0374264012367,37.7131783009792],[127.0363043994656,37.7132828990671]]],[[[126.796168899832,37.6637955000809],[126.7964107999972,37.6636448993787],[126.7965365004764,37.6637147997329],[126.796168899832,37.6637955000809]]],[[[126.831110399497,37.5290613998997],[126.8313831006286,37.529015900321596],[126.8311761999312,37.5292573003452],[126.831110399497,37.5290613998997]]],[[[126.8128106998163,37.631237599904],[126.8127792999591,37.6311936997961],[126.8133996018598,37.6310940996203],[126.8128106998163,37.631237599904]]],[[[126.92510709957081,37.399259799870904],[126.9253142996878,37.3990304996745],[126.9255067001968,37.399247800042296],[126.92510709957081,37.399259799870904]]],[[[127.0778604998344,37.3150827000612],[127.0779823999045,37.3149047998119],[127.07815430064569,37.3150315991248],[127.0778604998344,37.3150827000612]]],[[[127.1178028994235,37.3726874001203],[127.11792199962859,37.3726036993874],[127.1181487003778,37.372423400045605],[127.11792199984359,37.3726037004577],[127.1178028994235,37.3726874001203]]],[[[126.8000616992276,37.6336049997207],[126.8007416007016,37.633849599139296],[126.80151980007139,37.6332120999151],[126.8007416003955,37.6338496022435],[126.8000616992276,37.6336049997207]]],[[[127.13992859977361,37.4770717998829],[127.1401375003602,37.4770586994957],[127.1400615000082,37.4773227002358],[127.13992859977361,37.4770717998829]]],[[[127.0330210998068,37.744213800053],[127.033115300001,37.7440886997082],[127.0332253002545,37.7441767003184],[127.0330210998068,37.744213800053]]],[[[127.0444872997637,37.7745198000003],[127.0444852998019,37.774418999272605],[127.0445211002217,37.774937900171196],[127.0444872997637,37.7745198000003]]],[[[127.0694890994091,37.2989344998914],[127.0696176994731,37.2987112989015],[127.0699687003537,37.298826099751096],[127.0694890994091,37.2989344998914]]],[[[127.1170905988967,37.353172999955895],[127.1174961011037,37.353256700380804],[127.1170078985821,37.353392900597406],[127.1170905988967,37.353172999955895]]],[[[127.2239339996471,37.5411947000621],[127.2239622003791,37.5412921999355],[127.2239870000215,37.5413809000846],[127.2239621998269,37.5412922002085],[127.2239339996471,37.5411947000621]]],[[[127.09343659845841,37.4730852997077],[127.09377239967691,37.4726527989393],[127.0934366007916,37.4730853000951],[127.09343659845841,37.4730852997077]]],[[[127.1237002991417,37.3806330009383],[127.123777601109,37.3806266001138],[127.12371879987131,37.3806657014526],[127.1237002991417,37.3806330009383]]],[[[127.1773032992957,37.5623213001322],[127.17729470008861,37.5620221998887],[127.1774159003962,37.562264000297596],[127.1773032992957,37.5623213001322]]],[[[127.055590599865,37.7440938000635],[127.0555906003116,37.7440937997273],[127.0555906002114,37.74409380043],[127.055590599865,37.7440938000635]]],[[[127.1557763995063,37.6145063002427],[127.1558979005863,37.614520999772104],[127.1558979001503,37.6145210006339],[127.1557763995063,37.6145063002427]]],[[[126.8089286995901,37.6317119999285],[126.808947500683,37.6317546001694],[126.80894749988221,37.6317546011367],[126.8089286995901,37.6317119999285]]],[[[126.81067849892179,37.6314614003293],[126.8106785004956,37.6314614006667],[126.8097989998315,37.631891000033],[126.81067849892179,37.6314614003293]]],[[[127.0478903999719,37.7387261000094],[127.0478904000581,37.7387260998865],[127.04791769996,37.7388025000786],[127.0478903999719,37.7387261000094]]],[[[127.1398086995011,37.4720504000172],[127.1399307998672,37.4720833996179],[127.1399658004169,37.4721007998783],[127.13993079996,37.4720834003775],[127.1398086995011,37.4720504000172]]],[[[126.78263509957219,37.4835589009495],[126.78263509967249,37.4835588995405],[126.78263510101459,37.4835588999144],[126.78263509957219,37.4835589009495]]],[[[126.8241808988634,37.5535400991248],[126.8243887002639,37.553342100035],[126.8241809005392,37.5535401010037],[126.8241808988634,37.5535400991248]]],[[[126.8671924997671,37.4893001002364],[126.8671925000482,37.4893000994016],[126.8671925004549,37.4893000996891],[126.8671924997671,37.4893001002364]]],[[[126.90197379923289,37.435108800101],[126.9019737993079,37.435108798907905],[126.9019738010406,37.435108800032005],[126.90197379923289,37.435108800101]]],[[[127.06672069554101,37.4329787967876],[127.06672070000211,37.4329787940071],[127.06672070289021,37.432978797699],[127.06672069554101,37.4329787967876]]],[[[127.09472369975241,37.4723388002592],[127.0947237001905,37.472338799394],[127.09472370058991,37.472338800273604],[127.09472369975241,37.4723388002592]]],[[[127.104435499677,37.3603058996041],[127.1045180004079,37.360305699999195],[127.1044354990013,37.3603059014278],[127.104435499677,37.3603058996041]]],[[[127.10784619929349,37.32576679987449],[127.1078462007644,37.325766799959],[127.10784620001739,37.325766801326],[127.10784619929349,37.32576679987449]]],[[[127.1198784998507,37.374171699970496],[127.1198215999154,37.374128899944004],[127.1198785002368,37.3741717006111],[127.1198784998507,37.374171699970496]]],[[[127.1275698997121,37.659776299784696],[127.1275699006294,37.6597762999561],[127.1275958000966,37.659870400108304],[127.1275698997121,37.659776299784696]]],[[[126.8240792995744,37.6287814002661],[126.8240793001004,37.6287813996878],[126.8240793008246,37.6287814003252],[126.8240792995744,37.6287814002661]]],[[[126.84499649896469,37.4948542004111],[126.8449964992371,37.4948541988147],[126.84499650060559,37.4948541991236],[126.84499649896469,37.4948542004111]]],[[[127.1046383996078,37.4951138996726],[127.10470529998241,37.494969799885],[127.1046383998398,37.4951139003373],[127.1046383996078,37.4951138996726]]],[[[127.1096696997676,37.3589649990124],[127.10966970069819,37.3589649993991],[127.1096697001242,37.3589650003905],[127.1096696997676,37.3589649990124]]],[[[127.1152142989373,37.6355163000409],[127.11521430063351,37.6355162997679],[127.11521429977991,37.6355163011447],[127.1152142989373,37.6355163000409]]],[[[127.1176487994877,37.3502626005845],[127.1176488,37.3502625997932],[127.11764880055,37.3502626004854],[127.1176487994877,37.3502626005845]]],[[[126.7317701999264,37.6128615998891],[126.7317702003416,37.612861599648205],[126.7317702004748,37.612861600625806],[126.7317701999264,37.6128615998891]]],[[[126.819014199496,37.6303900998418],[126.8189770995331,37.6303266999052],[126.819014199501,37.6303901010663],[126.819014199496,37.6303900998418]]],[[[126.882107299795,37.5634177002459],[126.8821072995679,37.5634176997905],[126.8821073001679,37.5634176994921],[126.882107299795,37.5634177002459]]],[[[126.9365399999104,37.5619297999108],[126.93654000011189,37.561929800038],[126.93653999999559,37.5619298001047],[126.9365399999104,37.5619297999108]]],[[[127.1075719995823,37.4987044996655],[127.107572000231,37.4987045004113],[127.1075719995073,37.4987045003514],[127.1075719995823,37.4987044996655]]],[[[127.1156894997506,37.6647879998471],[127.1156895005419,37.664787998982405],[127.11568950009931,37.664788000121],[127.1156894997506,37.6647879998471]]],[[[127.1323773994862,37.6008150998068],[127.1323774000187,37.6008150992848],[127.1323774003197,37.6008151001842],[127.1323773994862,37.6008150998068]]],[[[127.1606292999817,37.6071861996937],[127.1606293007282,37.6071862002946],[127.1606292999895,37.6071862002945],[127.1606292999817,37.6071861996937]]],[[[126.86147609958451,37.495604799870804],[126.8614761001659,37.495604799793306],[126.8614761001821,37.495604800109504],[126.86147609958451,37.495604799870804]]],[[[126.9364287999387,37.5616077999214],[126.9364288001296,37.5616078001561],[126.9364288000135,37.561607800206595],[126.9364287999387,37.5616077999214]]],[[[127.1013472987784,37.3966808005924],[127.1013472985769,37.3966807993059],[127.101347300202,37.3966807996653],[127.1013472987784,37.3966808005924]]],[[[127.1076693997867,37.324007299459396],[127.10766940071551,37.3240072994266],[127.1076694002289,37.3240073001682],[127.1076693997867,37.324007299459396]]],[[[127.1183387991438,37.6563176993196],[127.1183388012262,37.656317699172305],[127.1183388003115,37.656317700476706],[127.1183387991438,37.6563176993196]]],[[[127.15887959947531,37.6083610004628],[127.15887960012181,37.6083610000067],[127.1588795998697,37.6083610006358],[127.15887959947531,37.6083610004628]]],[[[127.16782279972149,37.6088306999865],[127.1678228001698,37.608830699676595],[127.1678228001036,37.6088307004828],[127.16782279972149,37.6088306999865]]],[[[127.1685584998684,37.5632462998997],[127.1685585001691,37.563246299861],[127.16855850021031,37.5632463001251],[127.1685584998684,37.5632462998997]]],[[[126.7405020996886,37.569028900033096],[126.7405021008226,37.5690288988164],[126.7405021001255,37.5690289001917],[126.7405020996886,37.569028900033096]]],[[[126.8047914997685,37.6384464996491],[126.8047915009997,37.6384464982927],[126.80479150206659,37.6384464997471],[126.8047914997685,37.6384464996491]]],[[[126.8106621994301,37.576226400013105],[126.8106622002228,37.576226399724604],[126.8106622000217,37.5762264001884],[126.8106621994301,37.576226400013105]]],[[[126.8822595998431,37.501797100028895],[126.882259600132,37.5017970998831],[126.8822596000262,37.501797100092],[126.8822595998431,37.501797100028895]]],[[[126.8830826999131,37.6537225999707],[126.8830827001067,37.6537225995542],[126.8830827002643,37.6537225999063],[126.8830826999131,37.6537225999707]]],[[[126.9807467996893,37.6119055997112],[126.9807468010171,37.6119056008155],[126.98074680007231,37.6119056004356],[126.9807467996893,37.6119055997112]]],[[[127.06231239991159,37.6560754999829],[127.06231240002569,37.6560755000033],[127.0623123999816,37.6560755000565],[127.06231239991159,37.6560754999829]]],[[[127.108294099652,37.3130379002005],[127.10829409990099,37.313037898786696],[127.10829410056759,37.313037899692],[127.108294099652,37.3130379002005]]],[[[127.12905960011261,37.664396600059504],[127.1290595999279,37.664396600018804],[127.12905960006661,37.664396599951104],[127.12905960011261,37.664396600059504]]],[[[127.1944684996263,37.719115099870805],[127.1944685002287,37.7191150999557],[127.1944684999768,37.7191151001063],[127.1944684996263,37.719115099870805]]],[[[127.2087996998221,37.7237484000653],[127.2087997000411,37.723748399806496],[127.2087997000805,37.723748400031795],[127.2087996998221,37.7237484000653]]]]}}]}