{"type":"FeatureCollection","features":[{"type":"Feature","properties":{"interval":15,"stationId":"355173429"},"geometry":{"type":"MultiPolygon","coordinates":[[[[126.8913603993165,37.5777561993226],[126.8919731000605,37.5752733977203],[126.8934122002937,37.5754033988393],[126.89649940085789,37.5733701988251],[126.89710290015499,37.5740024990655],[126.8982907989671,37.573701799366205],[126.8982594994278,37.5727833999022],[126.8992978992449,37.5721518000123],[126.89883689970591,37.570704201459904],[126.8968985984102,37.5709917003929],[126.8939353990892,37.568130600388706],[126.8925468004778,37.5679579005614],[126.8924254992444,37.5685242020839],[126.89195249822811,37.56759769874],[126.8942672991856,37.5651031998066],[126.8939691996605,37.56460519846],[126.8968611993472,37.56438189997],[126.8962271995191,37.5626843000717],[126.8953916991981,37.5626534002959],[126.8957455987301,37.5620557998074],[126.8945979986416,37.5614879992066],[126.8958694997745,37.5617809992439],[126.8959179999403,37.560870199264194],[126.8966748001267,37.5617574998591],[126.8986284998655,37.560010499652094],[126.9044444998125,37.558881899596],[126.9046829995931,37.5572995004634],[126.9040601996537,37.5571717999272],[126.9046301996269,37.5567055998758],[126.90342489965731,37.5560039999281],[126.9041899993558,37.55544540018521],[126.90297199951611,37.5544760998974],[126.90359739965679,37.554604499348706],[126.9035589995931,37.5536361996242],[126.90456449973651,37.553843499623],[126.9044947999075,37.5526731997471],[126.9059427996774,37.5528766998708],[126.90699949953479,37.5516577996461],[126.90977809981949,37.552040599405],[126.9102661995383,37.5511703000341],[126.908567499647,37.5499802003059],[126.90807119922279,37.548622199603294],[126.9091305990732,37.5478252996121],[126.9085247995936,37.5470775997834],[126.9093617995819,37.547317399545996],[126.9115232998828,37.545114999710805],[126.9134603000576,37.5456851993475],[126.9142576000834,37.5451400995253],[126.9180303006617,37.547154299813606],[126.91872440012631,37.5484150989236],[126.91949579990201,37.5468297998332],[126.92101369961941,37.546706899949996],[126.9207042988719,37.5458666994644],[126.9229054993008,37.5446562993815],[126.9251962006242,37.5477128987932],[126.9272835004064,37.5475434998703],[126.92601400012019,37.547768000374795],[126.92597710029919,37.5488159000286],[126.92419640050569,37.5495140003184],[126.9242205003285,37.5507440001155],[126.9232200003144,37.5511300008459],[126.9194056999684,37.54837600032],[126.9180582007603,37.5485463005706],[126.9175232007493,37.5517936990673],[126.9182148008399,37.5519160000681],[126.9168975001382,37.5524075003109],[126.9162644003078,37.551836600661204],[126.9153518005199,37.5532343000799],[126.91682350053031,37.5551253000868],[126.9162092002997,37.5558840997698],[126.9168986009303,37.5580403005374],[126.91550069998219,37.5591629005815],[126.9141525003301,37.5586471006445],[126.914004100534,37.5593029003384],[126.9117448002415,37.5591921007158],[126.9094121004688,37.560551600689394],[126.9091899006372,37.5621901996803],[126.9100281008626,37.5629407996316],[126.9093989007799,37.5638033993963],[126.9100197004859,37.5647818991005],[126.9108448007816,37.564345800112896],[126.9106041007697,37.5656734996532],[126.9113093007488,37.5658266003047],[126.91030340067961,37.5679849000357],[126.9107614005596,37.569065900051896],[126.90886980081261,37.5698320998255],[126.9098394998429,37.5715138981437],[126.9109299007866,37.5711257994789],[126.910537901413,37.5741618011088],[126.90740840321749,37.5756043999828],[126.9089883016376,37.5771569984302],[126.9104755001504,37.5772816983055],[126.9109140010369,37.5761179991526],[126.91145950084041,37.576804299561296],[126.91041680042639,37.577725299985296],[126.9121451998136,37.579010099462295],[126.912685799273,37.578670399802],[126.9120316997255,37.578291799602205],[126.9132890998992,37.5787675994519],[126.9134315000699,37.5782169991772],[126.913289100181,37.5787675994484],[126.9138619002576,37.5782063994269],[126.9142808000187,37.578888799451704],[126.9151021001866,37.5786206994623],[126.9153213999908,37.579862299206106],[126.9156345998678,37.578531999512805],[126.91772000116761,37.5790299993781],[126.9162977007969,37.579657299816304],[126.9168935002011,37.5807178987557],[126.9181336009362,37.580681299439604],[126.9185351002369,37.581992200031905],[126.91786990068739,37.582533399800404],[126.9186719007791,37.583300099960205],[126.9169797013048,37.5842453005303],[126.9177730005115,37.58525499952059],[126.9172834007127,37.585659299916],[126.91826470039909,37.5859054000317],[126.9173972007418,37.5872383999578],[126.9190840007294,37.5885669994397],[126.91876480082391,37.58966999959],[126.9203013005829,37.589582499795],[126.9196415003706,37.5909534000607],[126.9208347007162,37.5913147994306],[126.920137700508,37.5914019008712],[126.9200158001284,37.593592200689905],[126.91927030016889,37.5936970007512],[126.9183884007323,37.5963467996587],[126.92023570014031,37.5989121987917],[126.9210782003469,37.598698399825004],[126.9205490006335,37.5993472001314],[126.9210574001251,37.6002032992753],[126.9219540002672,37.6003904998962],[126.9212175007289,37.6002368002074],[126.9206583003201,37.601880299809295],[126.92250819939929,37.602114499512396],[126.9224595003614,37.601589699704896],[126.923984199881,37.6031806990602],[126.9260080003595,37.6027962995854],[126.9265201006027,37.6035962998161],[126.9260328009457,37.6048204998622],[126.9274326001925,37.605981899941504],[126.9264300008682,37.606351601038504],[126.9262355002444,37.6080824999338],[126.9286264996056,37.608982599695494],[126.93182500000681,37.608452899805606],[126.93233340037361,37.612423200913],[126.9313120992453,37.6119371016382],[126.9295689990693,37.6134492007589],[126.9271230999815,37.6127956008537],[126.9272635991973,37.609319900442],[126.92599749995489,37.608513600563604],[126.9235776017681,37.6095759024868],[126.921738799881,37.6085027009639],[126.92086570075409,37.6090112004554],[126.92134270025329,37.609562200161996],[126.9199956997424,37.6095217003786],[126.9196899994816,37.607620000447895],[126.9183087997326,37.6070233001061],[126.9189208995086,37.6056764006601],[126.91821569976901,37.6054943999879],[126.9203780995165,37.6032320998548],[126.91992669995871,37.6016465005522],[126.9160914005264,37.6032616003896],[126.9156256999088,37.6041325006933],[126.91538579974859,37.602922200581204],[126.9115150999715,37.6016543004597],[126.91027869932921,37.6004701005181],[126.911049599205,37.5998523000965],[126.90952809993111,37.59931679995859],[126.9101206996931,37.5990293998697],[126.9095850994252,37.5968910003387],[126.90807679972511,37.596966900156],[126.9083652996771,37.5962842000878],[126.9075770996994,37.596029199978595],[126.907009699729,37.5924077002306],[126.9062230996998,37.592286100043104],[126.9074050986142,37.591709499219704],[126.90563659961569,37.5907256001244],[126.9062449993284,37.5905713995513],[126.9052271997045,37.5886234009673],[126.90294609993079,37.5884534000394],[126.90154359891079,37.5847426000762],[126.90209329823081,37.5832361995797],[126.89952409971869,37.5811712019536],[126.8975709007118,37.5826631011709],[126.8937337995262,37.5830670003774],[126.8940395994984,37.582407100378894],[126.8924017978359,37.581016001165196],[126.8930218984159,37.5806139997465],[126.8916693989693,37.579291400413304],[126.8922090989451,37.5785235002603],[126.8913603993165,37.5777561993226]]],[[[126.9223053994401,37.556491300309794],[126.9225098999662,37.5550625993173],[126.9255262996699,37.554319899489506],[126.925996100182,37.553573699668],[126.93052230000481,37.55476809931589],[126.9314351005044,37.5565817001673],[126.9308602008405,37.558125500052405],[126.92966870044259,37.558354400159196],[126.9301787003886,37.5591431008929],[126.92813340051009,37.5595390007039],[126.9281737001987,37.560795600278496],[126.9258482996382,37.560845500127],[126.9250470004395,37.5600372009353],[126.9242572000192,37.5610034002356],[126.9228276989902,37.5587215000131],[126.9236899987117,37.556740000565696],[126.9223053994401,37.556491300309794]]],[[[126.9134637993348,37.5697823004465],[126.9148155994674,37.5693804999822],[126.9146598995559,37.5683350995443],[126.9164266992861,37.5672375004324],[126.9152967996468,37.565746599753396],[126.9200021999134,37.5646449995547],[126.92086400000329,37.564723099472005],[126.9210324002141,37.5660352996679],[126.9222398002712,37.566119299951],[126.9206300010543,37.5679597001684],[126.9214515002328,37.5684629996651],[126.9212883004169,37.570050100119104],[126.91961809978909,37.5708313002705],[126.91853260013801,37.5700036008445],[126.9165896008944,37.5712333034635],[126.9134637993348,37.5697823004465]]],[[[126.93274719952039,37.5540508000254],[126.93321689977631,37.5518712991353],[126.93457150020261,37.552556599390904],[126.9356279002305,37.551549899223495],[126.9362419997637,37.5519386989735],[126.93646530014449,37.5504929995571],[126.9377439002161,37.550433599704796],[126.93726510097271,37.5525990994073],[126.93779770087241,37.553419200429204],[126.93648520039521,37.5533748008578],[126.9364166999642,37.554185600514195],[126.93549770069829,37.5536863007434],[126.934652199919,37.5543885002892],[126.93383729994349,37.5535806005324],[126.93274719952039,37.5540508000254]]],[[[126.9296314989641,37.5475262000388],[126.93167169996829,37.5454282998217],[126.9350427004345,37.547696800038295],[126.933816100524,37.54742080091],[126.9333690008729,37.5492152007676],[126.932047400107,37.5492281009042],[126.9296314989641,37.5475262000388]]],[[[126.8673396982293,37.6046125984804],[126.8681801994401,37.602275300464704],[126.8669611989678,37.6019036995441],[126.8683921999075,37.602241599837896],[126.86951310010451,37.601176799780596],[126.870776000776,37.602367598659804],[126.86913880078251,37.6033793001421],[126.86909720082829,37.6050117005367],[126.8683876002047,37.605417701672295],[126.8673396982293,37.6046125984804]]],[[[126.9413541997968,37.5472736997761],[126.9428774007961,37.5474909996566],[126.94223930039999,37.547766300157],[126.9425385001781,37.5484647002151],[126.9413541997968,37.5472736997761]]],[[[126.9322248993622,37.619635000255606],[126.9319472997867,37.618161999304995],[126.9337043002815,37.6178409991378],[126.9330995006158,37.618188700232494],[126.9332665004066,37.6196793003529],[126.9322248993622,37.619635000255606]]],[[[126.843137898751,37.6128071000068],[126.8444053009737,37.6128150999907],[126.84357630083049,37.6126206002904],[126.8431370000007,37.6136762003029],[126.843137898751,37.6128071000068]]],[[[126.92087759969479,37.6188632999703],[126.9209942002145,37.6186575991174],[126.9214772008302,37.6188864002994],[126.92087759969479,37.6188632999703]]],[[[126.9513711989845,37.5421612009539],[126.9513691999721,37.5420201997399],[126.95226050033129,37.543292300256596],[126.9513711989845,37.5421612009539]]],[[[126.9025141996339,37.5348237995225],[126.9025142005757,37.534823799662895],[126.9028409003057,37.535238400107],[126.9025141996339,37.5348237995225]]],[[[126.90603059950149,37.593418400003294],[126.90603059985659,37.593418399284594],[126.9060306002005,37.593418400754],[126.90603059950149,37.593418400003294]]],[[[126.93142089979891,37.555010000061905],[126.9314209002903,37.555009999728],[126.93142090040341,37.5550100001748],[126.93142089979891,37.555010000061905]]],[[[126.9113658998542,37.5448504999921],[126.91136590004021,37.544850499975304],[126.91136589999971,37.544850500231504],[126.9113658998542,37.5448504999921]]]]}},{"type":"Feature","properties":{"interval":30,"stationId":"355173429"},"geometry":{"type":"MultiPolygon","coordinates":[[[[126.87867179935671,37.5814002998586],[126.880214300207,37.5802862995444],[126.8804967004086,37.5810613988221],[126.8820971988081,37.580980498903],[126.88337369753161,37.579869100014406],[126.8850040969581,37.5775470007857],[126.8832599987022,37.5740700042627],[126.8808735994287,37.5774322984975],[126.88332099918499,37.5737123984958],[126.8865386978768,37.5713242999432],[126.8849957994197,37.569546301721196],[126.8859752994631,37.5679384997406],[126.8854882997783,37.5674555000571],[126.88612120059271,37.568087499300596],[126.8894642984547,37.56647919995191],[126.8875792987489,37.5628849028145],[126.8837564002132,37.5646305024996],[126.8836268947848,37.562081291562805],[126.8855193004287,37.561790498884],[126.88701279684109,37.559434093853895],[126.8888026001249,37.559552999397],[126.8943537931834,37.5545307939907],[126.8992169001311,37.551886599708105],[126.8997179006133,37.552297000009105],[126.8988810010628,37.552947800193195],[126.9002285997152,37.5540596990813],[126.9023901988168,37.549694300595],[126.8983502990033,37.5436890003346],[126.8995353988362,37.5432493986201],[126.8986862996853,37.5404324014371],[126.8975782998954,37.5400456019584],[126.8964613006701,37.5406263017099],[126.89572910037829,37.542357300679],[126.8947534006872,37.5416883014496],[126.8930037990628,37.542668200525],[126.8940697987556,37.5403612006024],[126.8932241993309,37.5393105013032],[126.891729899249,37.5395813013186],[126.890443499236,37.5384390997624],[126.89137809966499,37.535278400097205],[126.8928501988342,37.534140800666],[126.892377399382,37.533309100464294],[126.8909802003186,37.5324698025523],[126.8905088996608,37.5303826003829],[126.8885348990448,37.5306623011013],[126.89040799927449,37.5301039999514],[126.88835779965949,37.5275779007796],[126.8841101986113,37.526521800115894],[126.883310899911,37.5260622999826],[126.88389029933161,37.525161900883],[126.8827900993141,37.5248092001047],[126.8853511988562,37.522274600178505],[126.8851581987994,37.5216313991739],[126.88575850003889,37.522817199584196],[126.8888820988914,37.5224538001777],[126.8884374990368,37.5206104007933],[126.88600069923629,37.520468300634],[126.8878731988764,37.518259300170094],[126.8876601990894,37.5174037010257],[126.8865422989077,37.5175785001708],[126.88766019870219,37.517403699372004],[126.8875894997837,37.514270599877406],[126.8884219998895,37.5148344988505],[126.88861079953749,37.513626699517204],[126.8904135002482,37.512683199479895],[126.8917138989478,37.5132092989538],[126.890645399666,37.5103370993414],[126.89195339942161,37.508590600255495],[126.88737939926921,37.5056287008462],[126.8873004999797,37.504108599486905],[126.88959890044269,37.5045588988707],[126.89093250060401,37.503402798144],[126.8925554007193,37.5042369990986],[126.89305020077991,37.5070851978728],[126.8958485000267,37.5076559994667],[126.8958035004746,37.508480900221905],[126.893436498892,37.5080689016038],[126.89103820090709,37.5103546996323],[126.8937178002043,37.5102609996726],[126.9020402005746,37.5137751991365],[126.9021253006228,37.514755499761996],[126.90324440080741,37.515304200057805],[126.9022830006041,37.5162586001166],[126.9024142004824,37.5175568989436],[126.9047017000389,37.5189158993128],[126.9056904002893,37.5182881997874],[126.9060503008598,37.5196252994131],[126.9080185004236,37.5198565995387],[126.9083672004424,37.5211057995048],[126.909942400974,37.52146980043],[126.9093749010389,37.522226300408],[126.9100994002484,37.5230583006849],[126.90897439965451,37.5227243010949],[126.9084064998374,37.5237085002371],[126.9073837005749,37.5224928014582],[126.90593030189409,37.5239717004066],[126.9076087003151,37.5248775995409],[126.90676710137289,37.5263810997897],[126.9076578004822,37.5273529988178],[126.9089157004927,37.5263677991124],[126.9098414005545,37.5299434993619],[126.910724401731,37.5293598001273],[126.909111400789,37.5312461005152],[126.90971109927,37.530346700887705],[126.9084136005675,37.530962100272305],[126.90710490145409,37.5344465994319],[126.9082465003125,37.5346592992192],[126.9098436003302,37.5334335004118],[126.90633240354799,37.53662949795039],[126.9108707008564,37.5444704999193],[126.9123469997851,37.5452876994472],[126.91376889875329,37.5437545000771],[126.91737369692589,37.5426073923951],[126.9202001986171,37.5428455917633],[126.9257829035576,37.5381755934107],[126.9321079972325,37.5416509899353],[126.9300998992406,37.531255700330604],[126.9291135992638,37.5300908005953],[126.9279823999618,37.5302848001217],[126.9274387993681,37.5287321997251],[126.9291580986055,37.5264307990599],[126.9281728995907,37.5248309006598],[126.9274484996936,37.525274600122806],[126.9254512001306,37.5242624019442],[126.9243904007129,37.5256733008734],[126.9226045001121,37.5243388015172],[126.9212389991991,37.5245157010946],[126.9214232995393,37.5236459006442],[126.9209405994347,37.524277801289],[126.9203349983967,37.523777101072696],[126.919686899366,37.5196584000607],[126.9242978991026,37.5180072983882],[126.9263736999171,37.519304497969394],[126.92754699874381,37.5183603989135],[126.9281070981837,37.516973200300704],[126.9260523999823,37.5137401988393],[126.9286144007458,37.513977499202],[126.92742510219959,37.5151633994361],[126.9292821009521,37.517614100580204],[126.92800050102049,37.520312298948],[126.92863320063739,37.520712500403604],[126.92751740175319,37.5218502992658],[126.9291432005097,37.524727398440106],[126.9303802013317,37.525218900804596],[126.9297393002972,37.5250991003405],[126.92860510109139,37.526982499790606],[126.9297038001113,37.528633598213],[126.9341870989428,37.5257388988432],[126.9332477993038,37.5235747995713],[126.934955499463,37.5243766985989],[126.93781200015849,37.522867499879496],[126.93881810095951,37.5248093992057],[126.938272906535,37.5257341080257],[126.9433087014992,37.534791498968296],[126.94688810185549,37.5341073980317],[126.94711540049,37.5353256990168],[126.9479703000244,37.5356142988902],[126.94857070034881,37.5345359989836],[126.95029499904629,37.5348677992719],[126.9503897001706,37.5335871995916],[126.9515537003132,37.53457779928],[126.9548179998901,37.5334253996015],[126.9551548996261,37.5321737997639],[126.9596301994284,37.5332034991939],[126.9640429989554,37.5313218987394],[126.963614699942,37.5272467011616],[126.9630731993618,37.5275254009586],[126.96164200079299,37.5259375025465],[126.961667299755,37.5247014997442],[126.9622932001551,37.5243447992504],[126.96304479979861,37.525139698881496],[126.963308799991,37.524233298751],[126.9644148996906,37.5252627986272],[126.9655207990361,37.5246066990246],[126.9664576995371,37.5254251988868],[126.96782569816911,37.5248717994402],[126.9677472996831,37.5232316993408],[126.9687659994742,37.521339998874005],[126.9697199994248,37.5211999987404],[126.9699884996671,37.5196562992772],[126.97060740098581,37.520964899149604],[126.9724843007468,37.5203652993723],[126.97283250056229,37.5211683989061],[126.9768134001379,37.5214529988716],[126.97503809977741,37.5209403015739],[126.97442960038589,37.5225548999593],[126.973601700188,37.5226431006647],[126.9745599997913,37.522309999905296],[126.9744782997914,37.5211279009347],[126.97302450124519,37.5216151004475],[126.9727332010565,37.5237684995393],[126.9679798012762,37.5271948998531],[126.968290000966,37.5282927987552],[126.9698948997353,37.5288354989839],[126.97024600100221,37.5283307000279],[126.9714153008142,37.5301171996497],[126.97238690039781,37.5300027997652],[126.97191700066871,37.5311147995554],[126.9750749990781,37.530285399285],[126.9754632996939,37.5293758994937],[126.9753008002832,37.530684298811295],[126.9775263001644,37.5304697988241],[126.9770238014972,37.531430900173994],[126.9785811008255,37.5326246994937],[126.978374501028,37.5336479992743],[126.9801473992551,37.533988698933605],[126.9803536999619,37.5329773992075],[126.9808562001909,37.5348856003174],[126.9790473004891,37.534836300673504],[126.9788137002583,37.5376207003196],[126.9781964994662,37.536970800923996],[126.9774900001579,37.5377355003742],[126.9750456002223,37.537161400656004],[126.9750161998452,37.5376608003238],[126.9742997002009,37.536743901048595],[126.97436920014229,37.5377882001794],[126.9738390003331,37.5376053005061],[126.9729330012391,37.539570898540504],[126.9743412002999,37.5416696001319],[126.9735553006348,37.5426112003339],[126.9733818003362,37.5452646995546],[126.97510770065209,37.5454798996495],[126.9752946001904,37.546574400348696],[126.9722699005102,37.5468330007001],[126.9724770002211,37.547641000571495],[126.971845599996,37.5476277005785],[126.97189089833901,37.5468307000778],[126.96953379963139,37.5462079002886],[126.968779399719,37.5445189006247],[126.9654135004338,37.545991000473],[126.96530250011841,37.5467123006189],[126.9618625011811,37.5475719008377],[126.96251000053739,37.548832400002404],[126.96077150034941,37.5516542012571],[126.9611397009855,37.5543375001221],[126.9601913005886,37.5550793003416],[126.9597016007037,37.557609699345804],[126.96313169954861,37.5582441993434],[126.9631169997362,37.5576143990925],[126.9644013005532,37.557436299764696],[126.9640750002651,37.5580262997658],[126.966831800433,37.558214799751205],[126.9658611003642,37.5605761002651],[126.9676434005042,37.5613587004005],[126.96643160104621,37.5616390006725],[126.9661744013295,37.562526700030496],[126.9669664005375,37.5634477991094],[126.96871300029099,37.56344879964951],[126.9680623011938,37.5665554008238],[126.96906560023619,37.5679502003655],[126.9669661003496,37.566844601232006],[126.9665014005159,37.5681192004803],[126.96387509959709,37.5673559004042],[126.9645346994928,37.565803200702895],[126.9642307992627,37.5635283002673],[126.96261779995591,37.5636984001853],[126.96003909945641,37.5609739002862],[126.96008169994221,37.5601339998059],[126.960762799818,37.5604668997389],[126.9615025990782,37.5597123004935],[126.9610220994055,37.558944700354296],[126.95929430025839,37.5604935001076],[126.95595829985541,37.561220400582805],[126.9553475997529,37.5587794000774],[126.95318309960071,37.5589220007841],[126.9543524987978,37.5578415006752],[126.9497959998271,37.5575722008208],[126.9491698004533,37.5584106999823],[126.9499454002229,37.559218700095606],[126.94869389983829,37.5600274012086],[126.9467322011971,37.5596619017335],[126.9451721006468,37.5611305018941],[126.9429325006291,37.5616848010864],[126.943231800242,37.5625176003271],[126.9429325000354,37.561684800780505],[126.9423483006196,37.561949300516005],[126.9427184003236,37.562580500304904],[126.9423483000283,37.5619493004541],[126.9388435005256,37.5632106006516],[126.93820700023511,37.564751200279204],[126.9370923999965,37.5634092001237],[126.9357655000149,37.5632735003564],[126.9360636999184,37.564532899748],[126.936929200019,37.5643392000759],[126.9349754005657,37.5641696008492],[126.93449840104269,37.564889400129395],[126.9351618003793,37.5658408991779],[126.9369972002432,37.565191900068506],[126.9348091005614,37.5659266005947],[126.9353225007744,37.5670327011621],[126.9340964005318,37.5680882003577],[126.9345164002305,37.569908000314896],[126.9303787007811,37.5744261001449],[126.93182750081999,37.5770551998163],[126.9312025004092,37.5767207004692],[126.93103480024281,37.5783632999892],[126.9294297008042,37.5790962001083],[126.9301865006463,37.5817869993679],[126.9294875011323,37.5822097004581],[126.9303341002977,37.5833164001443],[126.9285426005658,37.5849715006515],[126.92732290103669,37.5850268001263],[126.9283649011263,37.5881267004902],[126.9279377000586,37.5870667014888],[126.925955701826,37.5891587003009],[126.92548140011509,37.5879868010663],[126.92507020052629,37.589117799935295],[126.9293057016707,37.5931065986442],[126.9308828017499,37.5927822996101],[126.9316159008251,37.595207598919],[126.9338473003497,37.5956743992523],[126.9369176002515,37.5942889994038],[126.9384607006768,37.5961442989215],[126.9398376992998,37.5957355993302],[126.9407293984081,37.5944922005736],[126.94069589776129,37.592694100171805],[126.9394249983581,37.5915252005576],[126.9406475990425,37.5897596003856],[126.9399396997504,37.5890060011392],[126.9379246993335,37.590209200941594],[126.9375322992074,37.5887641996031],[126.93992039843661,37.587363799994],[126.9402834993356,37.5859360990549],[126.94187119949099,37.5855548992868],[126.9420488996946,37.5836094988542],[126.9431926999258,37.5842520990774],[126.9438807994885,37.583919799331895],[126.9436482996565,37.582996899467],[126.9457149999986,37.5850212992253],[126.9459484986645,37.5836437993839],[126.94753040021291,37.583868098958796],[126.94940889839249,37.5820240984203],[126.9494975980319,37.580113299547804],[126.9518109999785,37.578648699797306],[126.95424560035039,37.5807079001745],[126.95241660189721,37.584819699699594],[126.9511054009037,37.5849366008165],[126.95106890072759,37.585928000589],[126.948520900578,37.5880717004105],[126.945880699721,37.5887073006406],[126.94623199942359,37.5881939005089],[126.9452960003596,37.5878173008855],[126.9446231003979,37.5885107005568],[126.94419950043229,37.589109300313595],[126.9454324001972,37.592381700920896],[126.944572199916,37.5918671001576],[126.94339750009951,37.5931371001605],[126.94228550002529,37.5927743003837],[126.9420530002956,37.5938562001219],[126.9413020000078,37.593454100433306],[126.9407294004363,37.5944921997539],[126.9415955008601,37.595227699713305],[126.94110530140661,37.595879600486604],[126.93859140041181,37.5967009001914],[126.9376256027803,37.6043698006862],[126.9422437036243,37.611614899005296],[126.9378827023604,37.6152800013939],[126.9364773996471,37.6154812024485],[126.9353337006355,37.6172728006254],[126.9367586034845,37.620131896542],[126.94154550047371,37.6186981990087],[126.94023420418,37.622570402746504],[126.9372496071646,37.6263437989731],[126.9339736027047,37.6264879005474],[126.93685930013609,37.627899500977],[126.934165499743,37.628498100600105],[126.9339071991825,37.6275293015421],[126.9311043999717,37.626194202491],[126.9296522014239,37.6278934007918],[126.930303700765,37.6294472006623],[126.9292298000565,37.6298476007565],[126.9280117997749,37.628756002242504],[126.92607720170949,37.631487199511305],[126.9288823000631,37.6333844999647],[126.9283843005598,37.6341094993464],[126.9289588001297,37.634801300034496],[126.9270566014153,37.6352654002878],[126.9279379008682,37.6399921012424],[126.9253433030767,37.6397888012776],[126.92375200089039,37.6410104028164],[126.9238965006987,37.6435733003322],[126.9230507990898,37.642614701114404],[126.9216289005117,37.6430270007021],[126.9210751008948,37.643543100305905],[126.92200410007709,37.6446787],[126.92118770009371,37.6451561001349],[126.92014969995239,37.644220000976794],[126.91959610050601,37.6463001988966],[126.9211068999433,37.6466175006686],[126.9192944007166,37.646358601261696],[126.9189288010822,37.648395299224994],[126.9211715004706,37.6484908013968],[126.9192495014007,37.6486154013691],[126.91944170100659,37.6503818014196],[126.91864320063671,37.651347800856],[126.91589540079019,37.651959601197596],[126.9154877002768,37.6535211003495],[126.9126827972483,37.653458705404],[126.9104276008296,37.651627301261804],[126.9091338996091,37.6520241018412],[126.91344409846931,37.6503204983442],[126.91399629853329,37.6486129997167],[126.9113775002861,37.6466522014308],[126.9087320991456,37.647727000347906],[126.9112536988061,37.646546899620695],[126.91128649983351,37.6448238997949],[126.91470099596569,37.642954797925995],[126.9149082957584,37.6391517017291],[126.91083059739249,37.635798998152],[126.9113856978878,37.633221495893196],[126.9127508000751,37.6343318985675],[126.9148604979654,37.6342176986817],[126.9180512987278,37.6324799973753],[126.9190659977131,37.6302768995784],[126.9171465998044,37.628068500697196],[126.9152760980104,37.628290498625],[126.9163005969859,37.627588799326695],[126.915725497561,37.6242617026538],[126.9129370003495,37.6238580030575],[126.91143029999361,37.6248065016435],[126.91030740024159,37.6235069008067],[126.9099601971768,37.6238872009477],[126.9109508993082,37.619568699877604],[126.9101721996452,37.61867319976621],[126.91097189938651,37.6181547002572],[126.9101269996904,37.617896100543305],[126.91019039918531,37.6162637004827],[126.90792419980869,37.6163752002647],[126.90704129887061,37.6154817996401],[126.9070096993007,37.6134786999111],[126.9077663996254,37.613091099576096],[126.9076719999872,37.612082799676806],[126.908620199039,37.6118640998955],[126.9063151994861,37.6102392008859],[126.9060631993655,37.605764500734],[126.9051800002487,37.605247701250796],[126.9008393003716,37.605997805798694],[126.8992571973014,37.6045017007116],[126.9014158975142,37.5982735012405],[126.8998854960372,37.593601702351],[126.8981837972863,37.5931304021419],[126.89960859703709,37.5906997007631],[126.8949385999211,37.5889146023716],[126.8911394013855,37.5898441021649],[126.89007960017861,37.588772303046206],[126.8859247999812,37.589797501369105],[126.8851293002493,37.5890742011838],[126.8848127006426,37.590444600617595],[126.8834345994969,37.5901883010917],[126.8839108985852,37.5884285007399],[126.8823587986535,37.5871367996259],[126.8842472977226,37.5850015992956],[126.8826043993655,37.5834155008817],[126.87927310040311,37.5848878005477],[126.8814519981372,37.583071399707],[126.87867179935671,37.5814002998586]]],[[[126.79658169934801,37.561461700198905],[126.8010809994952,37.5610990992378],[126.80223929993349,37.5595927991479],[126.80369469908699,37.559325898907595],[126.8037177990639,37.5583227999107],[126.8050387001578,37.5573117993449],[126.8049503000973,37.5585580998517],[126.80593470045659,37.5584854001642],[126.8053137007438,37.559717299482806],[126.8071916989103,37.5611884986721],[126.8078843983088,37.5598453998729],[126.806211800367,37.558090298852605],[126.8093415997006,37.5614382986846],[126.8113273001848,37.5613784991372],[126.81223770004439,37.5604044994421],[126.81299510021799,37.5610480995864],[126.81136050100571,37.5614896004372],[126.8131274005378,37.5625503997345],[126.8134409002615,37.5644297999358],[126.81248700050611,37.564803599927195],[126.8126676005072,37.5660607990512],[126.8133144998603,37.56566199945],[126.81413939964641,37.5663172993786],[126.8151715996666,37.5651173992986],[126.8151842996539,37.5642262001898],[126.8145421000315,37.5642159993749],[126.8163935987955,37.563000300125],[126.8164036015437,37.5640607994757],[126.81935389996809,37.5651752995822],[126.8203927997206,37.5639905996482],[126.8212144992044,37.564124499250596],[126.820509899909,37.563046200328905],[126.8188346996137,37.5627645996298],[126.8198316986167,37.5627807996136],[126.8211417993799,37.5603227000263],[126.8237675998828,37.5599109993505],[126.8252008998458,37.5590972991072],[126.82520739987929,37.5581874995189],[126.8266673989912,37.5580479996239],[126.826654600062,37.5570359985638],[126.82666740082111,37.5580479994016],[126.8279721001181,37.5579305994685],[126.8282572001113,37.5594811984415],[126.829894500518,37.559318898361504],[126.83265400089121,37.561349499506896],[126.8336156014508,37.5612552001709],[126.83395420111219,37.5624754989506],[126.8352028998635,37.5623555990705],[126.8346633006375,37.5636674997057],[126.8369715006451,37.563508299945205],[126.8351579012356,37.5636897016323],[126.8342922021013,37.565541099780894],[126.8345892016721,37.567371800945395],[126.83285530023271,37.5680085001897],[126.8329135002364,37.569439500323405],[126.8318768998178,37.570347001317195],[126.8286784015865,37.570646801127296],[126.8288746001123,37.5718679006986],[126.8268553988317,37.5710519004458],[126.8265094990549,37.5694892012118],[126.8225858000963,37.5684911014955],[126.8201534001301,37.5665253003673],[126.8191935015968,37.5673637013437],[126.819746801183,37.5703245001149],[126.8181382003211,37.5711957002087],[126.8167230012996,37.570881400514],[126.8165676001914,37.5715580010881],[126.8165268994918,37.5699128008121],[126.81536870065,37.5699191008058],[126.8154269991968,37.570880000705],[126.8153686980418,37.5699191010123],[126.8135792998312,37.5691125018189],[126.8129259998621,37.569905500362395],[126.8128669991689,37.5690165004704],[126.81171419997659,37.5684744003914],[126.8111542994406,37.5677930992667],[126.8118443991529,37.5659209003458],[126.8082708993018,37.5658186001648],[126.8086159992782,37.5650027999391],[126.80646179952639,37.5636271001982],[126.807191699289,37.5611885003636],[126.8059574005233,37.560189701362404],[126.8054090010717,37.560401401150706],[126.8060553003732,37.5620084007324],[126.80312350077669,37.5625395006313],[126.8028727010275,37.5641472990235],[126.8045768010386,37.565869298816104],[126.8032691999463,37.5666626006406],[126.8024979003723,37.5660672005268],[126.80265320056229,37.5668175004857],[126.80182379832189,37.564436301729394],[126.8001116000341,37.5643951017706],[126.79681789916259,37.5624330001926],[126.79658169934801,37.561461700198905]]],[[[126.8128402965434,37.6178760002039],[126.8163424977767,37.6166111989969],[126.8153656987535,37.614672000936096],[126.8192179989838,37.611165196110804],[126.82024029796149,37.608746398529604],[126.8190109986772,37.6071694988742],[126.8207456986899,37.607146299670696],[126.8208714985641,37.6062133006037],[126.8193269991538,37.6046003999897],[126.8219803990199,37.6061335988348],[126.8218488982762,37.603109798508896],[126.8237272995699,37.6021666984582],[126.8268197000881,37.6028248991504],[126.8272614014613,37.602288999307],[126.827194202427,37.604695100091604],[126.83012390046801,37.6074090972633],[126.8319012009386,37.6070415976627],[126.8300584029424,37.609099602928204],[126.8325074004886,37.6126347995553],[126.8351999992811,37.6121099993632],[126.8368164012889,37.612982397641],[126.8459706995494,37.612640299791906],[126.845991199659,37.6110039999753],[126.842484199214,37.6093416004337],[126.8431990987526,37.6082712995942],[126.84256279939639,37.607170400502405],[126.8415135001196,37.606658300446696],[126.8391109984698,37.6071522013887],[126.8397699998716,37.6063703986236],[126.8408879991784,37.6071348990634],[126.8409436991227,37.605993000205295],[126.8397508999574,37.604806798980995],[126.8481512020243,37.6067744965375],[126.85004890472011,37.608665695945305],[126.8527976022085,37.6139163973063],[126.8554898003775,37.6130759999013],[126.85360450329,37.6145250007497],[126.85327170334739,37.6175557991226],[126.8538281001779,37.6184904002075],[126.85242890128721,37.6194791999753],[126.8523449012149,37.6205581004122],[126.8497220003752,37.6210241017228],[126.8480583001688,37.6228128007914],[126.8424411998685,37.6216499004317],[126.8430910990154,37.6215168994947],[126.84242619950561,37.6195495007091],[126.8404563004001,37.619763601239896],[126.8392247996291,37.6212387006869],[126.8380153998463,37.6202560004757],[126.837389299686,37.6206569001931],[126.8323480999192,37.6164697000752],[126.83195229983559,37.6147628004513],[126.8307872998514,37.6150382002361],[126.8310450995107,37.613757400325795],[126.8289034973005,37.6138723000746],[126.8310068969146,37.613004099761596],[126.8300583978631,37.6090996036661],[126.8274001005214,37.6090861036796],[126.82447450327989,37.6108660019965],[126.8250096027448,37.6135331993293],[126.8234195017108,37.6146960001917],[126.8241335007171,37.6156448014971],[126.8181509014353,37.6201351005802],[126.81427630311221,37.6175529037],[126.8128402965434,37.6178760002039]]],[[[126.98460469926941,37.5348383002833],[126.9864517992711,37.534878599238496],[126.9892954998227,37.5328104992717],[126.98889990066621,37.533362799607296],[126.99036609953511,37.5335181992315],[126.9910489991724,37.5320832004207],[126.98992579900009,37.5318174996329],[126.990510799715,37.5318991988646],[126.99131959898659,37.5299144996834],[126.994351500175,37.532017998933],[126.9949939001371,37.5304699994181],[126.9953932003391,37.531218399052904],[126.9967190001689,37.5312947989473],[127.0008401002725,37.536568799364396],[127.0040160998971,37.53755489756951],[127.0024377007172,37.5382584001366],[127.003469400984,37.5401943006291],[127.0019249997104,37.5425507007598],[127.0013052989321,37.5419919003847],[127.0017415991956,37.5388602999857],[126.9991793001111,37.537904601315894],[127.00017679906331,37.537043799437896],[126.9988984997126,37.5355256006385],[126.99814040014,37.5367157006782],[126.9967739006635,37.536502700864],[126.9965825008549,37.5374492999174],[126.99736590086131,37.5375467007104],[126.9962509005917,37.5380118006163],[126.99537030018861,37.5374477005776],[126.9950967002796,37.538054000349604],[126.9924124996538,37.5361840009562],[126.9895800996843,37.5380014011957],[126.98725620025911,37.5373843001574],[126.9872005002662,37.5390246992677],[126.9886240000416,37.538868399992495],[126.9874067998393,37.5401660004326],[126.9878565995112,37.5392944002928],[126.9866379004148,37.539204700330096],[126.98662189968411,37.5402189008393],[126.98683649963249,37.5348408007076],[126.98460469926941,37.5348383002833]]],[[[126.85762169749769,37.6084578014056],[126.8589414977086,37.6049388984213],[126.8582307977821,37.602908899519],[126.86025859743579,37.601425598419],[126.8589388989709,37.598535499013494],[126.86163190133301,37.6035250977869],[126.8646033983615,37.603960797351206],[126.86511489784999,37.6027402985717],[126.8639132989229,37.5991627012015],[126.86446699836901,37.596747201819305],[126.8639573969714,37.5959567005562],[126.8650379989065,37.5952117998378],[126.8623293002286,37.5924547983575],[126.864726500618,37.5924458977694],[126.86600370070819,37.5936774983428],[126.8682082995022,37.592971398965105],[126.8687349004946,37.5944977981599],[126.8705417005341,37.5934240986195],[126.87247929978949,37.594158798523104],[126.8751748994219,37.593370298842096],[126.8754888015494,37.592014397967695],[126.87622210222081,37.5941784969148],[126.87905469938819,37.5943661967271],[126.8799704998716,37.59351739838711],[126.8806328023481,37.5942485979772],[126.88102300138699,37.5950239011146],[126.880043701172,37.5951422008157],[126.879811701657,37.5971159998413],[126.8818679026199,37.5988860014878],[126.8801335986116,37.5983440012665],[126.8786611000841,37.5988580007525],[126.87717360038731,37.6019378000098],[126.8789037008367,37.6027874998131],[126.8785534006421,37.6035111997162],[126.8793530006539,37.604132800143205],[126.8774713000815,37.6037383004693],[126.8772101009929,37.6049175000921],[126.8762259999616,37.6053536018296],[126.87494240013129,37.6032122007581],[126.8745275003465,37.604689201102204],[126.873627699243,37.6043289015076],[126.8723471005236,37.6051489006876],[126.8723015001692,37.6060390002291],[126.8699255011464,37.605548401031704],[126.87051850051701,37.6082928986837],[126.8719697002383,37.6082432991986],[126.8722628004284,37.6094670994606],[126.8732551004713,37.6091710990684],[126.8736156007205,37.6098167988625],[126.872585501412,37.61101209937],[126.8736303015707,37.612331399486905],[126.8741629010381,37.612776299042],[126.8761596008207,37.612020899316896],[126.8745664002529,37.614561300705496],[126.8668585970338,37.6142857999099],[126.8667837971086,37.6094020047937],[126.86350260038981,37.6097613044344],[126.8625816013108,37.6113479028478],[126.8615401007534,37.6105313023403],[126.8594036028899,37.6107079021637],[126.8563856994816,37.6125032004741],[126.85775849928291,37.6116112003682],[126.85762169749769,37.6084578014056]]],[[[126.9363818989701,37.5134221005385],[126.9402423993766,37.5106439994632],[126.94204640074659,37.5113382985806],[126.9455377994672,37.509647699002706],[126.9453143012944,37.511663698936],[126.9468472003568,37.5112721994786],[126.94777570045629,37.5130598987801],[126.9492961003736,37.5134519005167],[126.94717480042709,37.5134810012366],[126.9460374003492,37.5144054016236],[126.9430949000654,37.5130882005811],[126.9426760001494,37.513797100180795],[126.9392270009524,37.5137152002702],[126.93913020035829,37.5144439002129],[126.9383625999079,37.513099600264795],[126.9363818989701,37.5134221005385]]],[[[126.86844499953939,37.547544899450095],[126.8704445998339,37.543855299626095],[126.8717115993496,37.5440087991778],[126.8726361000475,37.5426961993331],[126.8744178007508,37.5422751984892],[126.8770205002059,37.543177399881095],[126.8769789002475,37.544232298826195],[126.87872540067859,37.5437058995981],[126.87906670028009,37.5448382994465],[126.8810222003468,37.5454377994899],[126.8807376003777,37.5465410001368],[126.88217900017659,37.5479365998811],[126.8799327007954,37.547772701430105],[126.87696889996579,37.5508666009685],[126.8750074986553,37.549647100375005],[126.87201829945019,37.5494548000349],[126.87100200014581,37.5485106006879],[126.86872480003339,37.5487549009257],[126.86844499953939,37.547544899450095]]],[[[126.95517489886801,37.576107199978104],[126.95597459995051,37.5763232990808],[126.95799669961069,37.5743408996475],[126.9589678993786,37.5747492989705],[126.9595419992725,37.5741809991458],[126.9600044997361,37.5724234997798],[126.95912879974661,37.5714599995012],[126.960277000176,37.5721116990559],[126.96097420065689,37.5714951993768],[126.96181960043769,37.5725513987403],[126.9606547006277,37.5727702998321],[126.96163820079259,37.5752671999075],[126.9606900004332,37.576504500559096],[126.95809919993901,37.5761523002817],[126.9550760998676,37.5772057004714],[126.95517489886801,37.576107199978104]]],[[[126.9639297991802,37.552262999427],[126.96541739977161,37.5521292990045],[126.9668903998647,37.5493155996885],[126.96930559980859,37.5494252986944],[126.9700315995607,37.5481272998048],[126.9707304011112,37.548637899568305],[126.96973160184551,37.5499804995345],[126.9699568015891,37.5537782001552],[126.969177499865,37.5554238003796],[126.9671885999499,37.555764100266195],[126.9672695002143,37.5542985005996],[126.9666377002224,37.5550656004339],[126.9646489004234,37.555220601432],[126.9651078994226,37.5542737003206],[126.9643066999209,37.5540514002763],[126.9647304994046,37.5534660004371],[126.9639297991802,37.552262999427]]],[[[126.87131359939269,37.5249113003994],[126.8720908000053,37.5240030997164],[126.8727834997798,37.5245033994383],[126.87326779929549,37.5239009000408],[126.8726973996702,37.5232524997208],[126.873639200148,37.5227844992113],[126.8740379006846,37.524315299098596],[126.875045499677,37.5245677988461],[126.8746737998474,37.522630899799104],[126.87541539995159,37.5225397989897],[126.87558489998521,37.5234241990966],[126.8760840001848,37.522457599716205],[126.8761743004783,37.5233404990472],[126.87718600028239,37.5231947997587],[126.8771593004986,37.524268500187596],[126.87609540099929,37.5244192000149],[126.876813700281,37.525439098995],[126.8779423006148,37.5254823003608],[126.87605530066311,37.5269257006229],[126.8752680997819,37.5259333010471],[126.8746756999246,37.5269014002002],[126.8746206999292,37.5262368005039],[126.87131359939269,37.5249113003994]]],[[[126.8895934998216,37.652493399962694],[126.8915295991168,37.652063499909595],[126.8911444002496,37.6508364992848],[126.89316220001021,37.6519045981939],[126.8945958997052,37.651252499392896],[126.8958257988833,37.6493203986453],[126.8978368003462,37.648710099115306],[126.89820450069091,37.6506482996229],[126.90040180051909,37.652727499824294],[126.9004888015322,37.6541527995713],[126.89954750096089,37.6550834002182],[126.8980746006485,37.6551314002986],[126.8981684996693,37.656538001394296],[126.8958098004307,37.6561667016184],[126.8937868989961,37.6570683012933],[126.8914630983889,37.654970499931096],[126.8912230988667,37.6528508002849],[126.8895934998216,37.652493399962694]]],[[[126.88922219930551,37.495466300160196],[126.8912114987226,37.495503898860505],[126.8917448997681,37.4948471991015],[126.89276719939379,37.495714199314804],[126.89351789864311,37.4944328005962],[126.8926338003264,37.4939225993832],[126.8948428000066,37.494882499228204],[126.89566409918531,37.494074500036206],[126.89465539997451,37.493350799283704],[126.8966913005215,37.494755099193796],[126.8967396005286,37.496391100141395],[126.8959318005283,37.4968798001449],[126.8977241004665,37.4999359003885],[126.8957300001339,37.4996110013246],[126.8956067997131,37.50080530081701],[126.89395229971879,37.5014708006289],[126.8927493998607,37.500554001143904],[126.8922740999936,37.5016913002577],[126.89070299969781,37.501147600347004],[126.88960499942141,37.4976829007748],[126.8903123991544,37.496808800819196],[126.88922219930551,37.495466300160196]]],[[[126.8529440988294,37.5622268990368],[126.8545934992864,37.5600049000966],[126.8538681998146,37.5595470988339],[126.8547274005824,37.5593260984824],[126.8554672004641,37.5609614992404],[126.8574933004546,37.5598320997588],[126.8567299998149,37.5628964006902],[126.8555363993733,37.5620007007727],[126.8540224008873,37.5622467005267],[126.85368680021291,37.563029400664995],[126.8529440988294,37.5622268990368]]],[[[126.91147669915759,37.5185807001767],[126.9124561000957,37.517206599477305],[126.9152627003299,37.5177845991248],[126.9167963002956,37.516912499375195],[126.9181634008005,37.5175957012151],[126.9160260996798,37.5176202006074],[126.9140003002109,37.5191211006751],[126.91147669915759,37.5185807001767]]],[[[126.8693713988175,37.6511274005919],[126.8701862000034,37.6493999998098],[126.8731855996138,37.649053899270996],[126.8745559008303,37.649553699195096],[126.8750905002477,37.6515888999568],[126.8693713988175,37.6511274005919]]],[[[126.87824469958879,37.5017303997561],[126.8801659002436,37.502786999395],[126.8811875993414,37.5016740988392],[126.880165900574,37.5027869998591],[126.882673200808,37.505011200093996],[126.88031880026699,37.503413001685104],[126.8798102995311,37.5051889007305],[126.8786799984156,37.5039400000379],[126.87824469958879,37.5017303997561]]],[[[126.9719836997071,37.5760407000214],[126.9734793995006,37.5758374992825],[126.9744778000961,37.5740804988733],[126.9743277011967,37.5753655997067],[126.9753109008319,37.5756625001369],[126.97442320067991,37.5760515000803],[126.9749576008459,37.5769905004819],[126.97402339990039,37.5775038007652],[126.9719836997071,37.5760407000214]]],[[[126.9748476992413,37.5716142999973],[126.97680320022471,37.5699311997027],[126.97737130018331,37.5702796998649],[126.97705090022899,37.57201620057],[126.9748476992413,37.5716142999973]]],[[[126.91549049938081,37.528116200286696],[126.91705379920221,37.5286104987359],[126.91868430004739,37.5265373983124],[126.91925370023999,37.527039399752496],[126.9167594998307,37.529803201052204],[126.91549049938081,37.528116200286696]]],[[[126.9880341990798,37.5202887992068],[126.9925598008507,37.5199000000334],[126.9908769002844,37.5204124004594],[126.990767000128,37.521660800601296],[126.9903145996893,37.520428000648],[126.9880341990798,37.5202887992068]]],[[[126.9076031988408,37.514731900805],[126.9079671993359,37.51266379974],[126.9098755001248,37.5117989998243],[126.9103311008043,37.5126241997166],[126.9097003001649,37.514551700109095],[126.9076031988408,37.514731900805]]],[[[126.9740761992944,37.563052199413704],[126.9762395001276,37.5624305998209],[126.9758637007864,37.5631414999466],[126.97698460038359,37.564455100109605],[126.97503659956949,37.564571800513505],[126.9740761992944,37.563052199413704]]],[[[126.8319216992077,37.6348623005606],[126.8333441008271,37.6344055998947],[126.8327490007354,37.6353368007792],[126.8319216992077,37.6348623005606]]],[[[127.0060105992211,37.547704699573096],[127.007071000128,37.5467304998786],[127.0080539002569,37.5477718997841],[127.0070523003363,37.547805499965904],[127.0074564000897,37.5495551005946],[127.0075397989779,37.548657899787],[127.0060105992211,37.547704699573096]]],[[[126.9711195001626,37.5550632992729],[126.9726150001607,37.55371239945],[126.9730308003634,37.5540854991239],[126.9721855004462,37.5551915002543],[126.9727983001316,37.5558088003192],[126.9711195001626,37.5550632992729]]],[[[126.9680299992348,37.557510000456],[126.96840589988649,37.5564610994864],[126.96916210029771,37.5568586997239],[126.9683617003906,37.5578875993416],[126.9692357006464,37.5572939994201],[126.9693041024934,37.558180500019],[126.9680299992348,37.557510000456]]],[[[126.91187289948091,37.4872880996639],[126.913749900447,37.4873695001289],[126.9128305007972,37.487618499958],[126.91317429971059,37.488043700849495],[126.91187289948091,37.4872880996639]]],[[[126.80000949589041,37.64756710208081],[126.8021550010714,37.643006498142896],[126.8027993001037,37.6436012008186],[126.8016597005995,37.6438469012242],[126.79981479608509,37.6483875012604],[126.80000949589041,37.64756710208081]]],[[[126.7351777996479,37.5708045002396],[126.7373841006962,37.5707749997024],[126.7360899991488,37.571480000364],[126.7351777996479,37.5708045002396]]],[[[126.7941504994923,37.6593134998444],[126.7945737998566,37.6588165989589],[126.79673270157541,37.659682501223905],[126.7941504994923,37.6593134998444]]],[[[126.8422176998597,37.6530266990994],[126.84305040084939,37.6529800996202],[126.8431145001944,37.653806600087],[126.8422176998597,37.6530266990994]]],[[[126.8635423992387,37.5262772004774],[126.8649488999424,37.5250641991365],[126.86516330062791,37.5260199003359],[126.8635423992387,37.5262772004774]]],[[[127.01005329936899,37.553768100247],[127.0109600002972,37.554319999680196],[127.0106133002366,37.5547911004002],[127.0099127996275,37.5546230001906],[127.01005329936899,37.553768100247]]],[[[126.88291869935631,37.5064888999651],[126.88357229990889,37.505561199544005],[126.8843281005435,37.5061964003698],[126.88291869935631,37.5064888999651]]],[[[126.9188019994795,37.516974499274404],[126.9203310014088,37.5164496993749],[126.91962960074119,37.517015200682806],[126.9188019994795,37.516974499274404]]],[[[126.8820404992358,37.5437063990218],[126.8831001002243,37.544206099885294],[126.88240930155631,37.5454213014578],[126.8820404992358,37.5437063990218]]],[[[126.9761229995938,37.5751460999263],[126.9763796003728,37.5749902998915],[126.9762911005204,37.575193000302],[126.9761229995938,37.5751460999263]]],[[[126.815989699727,37.6307523998019],[126.8166196010605,37.630711797812204],[126.8179730005422,37.6308047006517],[126.815989699727,37.6307523998019]]],[[[126.8900471997769,37.539573199779596],[126.8904348000616,37.5397364004949],[126.8902933002031,37.539830800400495],[126.8900471997769,37.539573199779596]]],[[[126.9351977995295,37.5621651002492],[126.93513219997669,37.561858799931606],[126.9352901000984,37.562117900125095],[126.9351977995295,37.5621651002492]]],[[[126.9780025993008,37.558184399522],[126.9789317010421,37.5586603994775],[126.9786749993603,37.558845500082796],[126.9780025993008,37.558184399522]]],[[[126.8128106998163,37.631237599904],[126.8133996018598,37.6310940996203],[126.8133996009542,37.6310941028381],[126.8128106998163,37.631237599904]]],[[[126.8412027982276,37.568034700217],[126.84127290089461,37.5684941005436],[126.8410051998865,37.5686129007561],[126.8412027982276,37.568034700217]]],[[[126.85591119960769,37.5249852999479],[126.8563880013017,37.5250486001729],[126.85638800033489,37.5250486010547],[126.85591119960769,37.5249852999479]]],[[[126.7857618997947,37.672586699884896],[126.78578090037041,37.6725413992748],[126.78580150051991,37.672606000331605],[126.7857618997947,37.672586699884896]]],[[[126.9283001010404,37.5314597001266],[126.92862649975089,37.5312716994144],[126.92871360032649,37.5313279997858],[126.9283001010404,37.5314597001266]]],[[[126.9101743995739,37.5319991001716],[126.9101921000464,37.5320076996169],[126.91034620121471,37.5320854997316],[126.91019210013211,37.5320077003627],[126.9101743995739,37.5319991001716]]],[[[126.9854889989741,37.576516400800706],[126.9854889997805,37.5765163987868],[126.9858933003026,37.576681900155194],[126.9854889989741,37.576516400800706]]],[[[126.87818369982989,37.524330900031906],[126.8783121000007,37.524143099847905],[126.87818369989199,37.524330900324806],[126.87818369982989,37.524330900031906]]],[[[126.9111878994318,37.4859392997187],[126.91118790076901,37.4859393001763],[126.9110300993462,37.4862164003773],[126.9111878994318,37.4859392997187]]],[[[126.82008689946291,37.6301724004988],[126.8200869000055,37.6301723998816],[126.8202996008197,37.6301757005117],[126.82008689946291,37.6301724004988]]],[[[126.9089088006106,37.4852887000624],[126.90878120037661,37.485556501252],[126.90878119900471,37.4855565003529],[126.9089088006106,37.4852887000624]]],[[[126.91051699965679,37.5332894005559],[126.9105169998768,37.5332893990093],[126.9105170011007,37.5332893999537],[126.91051699965679,37.5332894005559]]],[[[126.92484409960281,37.5110171993846],[126.9249616009791,37.5111478997609],[126.9249616003132,37.511147900832995],[126.92484409960281,37.5110171993846]]],[[[126.8089474995713,37.6317545998859],[126.808947500683,37.6317546001694],[126.80894749988221,37.6317546011367],[126.8089474995713,37.6317545998859]]],[[[126.866646099432,37.5257993992727],[126.8666461011932,37.5257993997166],[126.8666461001456,37.525799400759695],[126.866646099432,37.5257993992727]]],[[[126.8992597989098,37.5097851003528],[126.8992597995623,37.5097850989237],[126.8992598010707,37.509785101215705],[126.8992597989098,37.5097851003528]]],[[[126.9200620001212,37.5258331999212],[126.92012630025391,37.5258842999933],[126.9200619995666,37.5258332001504],[126.9200620001212,37.5258331999212]]],[[[126.9903850997703,37.5725629004006],[126.9903850995934,37.572562900003405],[126.9903851005067,37.5725628996166],[126.9903850997703,37.5725629004006]]],[[[126.76973019941529,37.6018550984492],[126.76973020084449,37.6018550992039],[126.76973020070629,37.6018551004099],[126.76973019941529,37.6018550984492]]],[[[126.819014199496,37.6303900998418],[126.8189770995331,37.6303266999052],[126.819014199501,37.6303901010663],[126.819014199496,37.6303900998418]]],[[[126.8835365988115,37.5434567000576],[126.8835365995393,37.5434566987552],[126.8835366007139,37.5434566994185],[126.8835365988115,37.5434567000576]]],[[[126.9365399999104,37.5619297999108],[126.93654000011189,37.561929800038],[126.93653999999559,37.5619298001047],[126.9365399999104,37.5619297999108]]],[[[126.9369878999199,37.5644588001269],[126.93698790005591,37.5644587998574],[126.9369879001218,37.5644588001543],[126.9369878999199,37.5644588001269]]],[[[126.8097989998013,37.6318909998997],[126.8097990008795,37.6318909995704],[126.8097990009433,37.6318910006959],[126.8097989998013,37.6318909998997]]],[[[126.81750089937199,37.605707199628],[126.8175009003518,37.6057071998207],[126.8175009001873,37.6057072003365],[126.81750089937199,37.605707199628]]],[[[126.81781289925401,37.6043499993407],[126.81781290156931,37.60434999916],[126.8178129006679,37.604350000240096],[126.81781289925401,37.6043499993407]]],[[[126.9364288000135,37.561607800206595],[126.9364287999387,37.5616077999214],[126.9364288001296,37.5616078001561],[126.9364288000135,37.561607800206595]]],[[[126.9398423998435,37.5146865000027],[126.9398424001627,37.5146865000014],[126.9398424000863,37.5146865001796],[126.9398423998435,37.5146865000027]]],[[[126.9676897984994,37.5216291000014],[126.9676898002224,37.5216291000389],[126.9676897997406,37.5216291009434],[126.9676897984994,37.5216291000014]]],[[[127.0032266999721,37.5417984998821],[127.0032267003585,37.5417984997517],[127.0032267003657,37.541798500338196],[127.0032266999721,37.5417984998821]]],[[[127.0111852997501,37.5306123001003],[127.01118530033219,37.530612299357],[127.0111853015295,37.5306123007107],[127.0111852997501,37.5306123001003]]],[[[126.8781985997788,37.52391600011],[126.8781986000436,37.5239159997138],[126.8781986001142,37.523916000075],[126.8781985997788,37.52391600011]]],[[[126.878438399934,37.5241337999678],[126.87843840001689,37.5241337998482],[126.8784384005442,37.5241338000777],[126.878438399934,37.5241337999678]]],[[[126.98266009942701,37.566052899987305],[126.98266010073151,37.5660528999145],[126.98266010002091,37.5660529004342],[126.98266009942701,37.566052899987305]]],[[[127.0062058995352,37.5492354998307],[127.0062059003118,37.5492354992094],[127.0062059005059,37.5492355001523],[127.0062058995352,37.5492354998307]]],[[[126.9253524001355,37.5123805001718],[126.9253523999432,37.5123805000191],[126.9253524000298,37.5123804998733],[126.9253524001355,37.5123805001718]]],[[[126.93809159965261,37.513465199871796],[126.93809160005921,37.5134651999806],[126.9380915997544,37.5134652008239],[126.93809159965261,37.513465199871796]]]]}},{"type":"Feature","properties":{"interval":60,"stationId":"355173429"},"geometry":{"type":"MultiPolygon","coordinates":[[[[126.6887259992626,37.633324000566404],[126.6932950954555,37.6303425004067],[126.6918016969489,37.6288579018913],[126.6918722982066,37.6269439959299],[126.6942679988274,37.6260083957263],[126.6975427992487,37.6213447991369],[126.6972527995387,37.620578899902796],[126.69885160035909,37.621613399119],[126.6999512003368,37.6215387988587],[126.7004514997169,37.620371699451496],[126.70149290036791,37.6213658991964],[126.7037588002716,37.6205631981989],[126.7052002988301,37.6211491976129],[126.7069182972365,37.619136298081],[126.7094727989617,37.6190188972467],[126.7119308965036,37.617341698923894],[126.7127778956566,37.6145218017438],[126.7105675956671,37.6108684990337],[126.713124398473,37.6105535968773],[126.715076397394,37.6091163973569],[126.71500999746041,37.6068321996411],[126.7128087988569,37.606230698977996],[126.71614239956169,37.605692398927005],[126.71723610000369,37.603078799596595],[126.7179921995882,37.6040598992764],[126.7188007992562,37.6036961990765],[126.7187808007814,37.602692199482696],[126.7191479004143,37.603595898579],[126.72050399905821,37.6037704984044],[126.7217205978416,37.6028376993372],[126.72029380000569,37.6008140995426],[126.7221862998179,37.6015206980599],[126.7247815987124,37.6008347976833],[126.7254935994868,37.5981997992369],[126.7262700020056,37.6020597980338],[126.731110998812,37.5995736995699],[126.7286873994869,37.5973399007351],[126.7276749004994,37.5971936008814],[126.72735889915519,37.598251000078996],[126.7270291996307,37.5970238996344],[126.7300278993705,37.597942398228],[126.7309518027868,37.5970217972114],[126.7321527006146,37.5985883994101],[126.7343582992917,37.5989447993942],[126.7360205000275,37.5972821975998],[126.73578770565301,37.601774997568604],[126.74195650304961,37.6006056972528],[126.74266660389411,37.6024414970059],[126.7468875012052,37.603431097646904],[126.7482214016119,37.6017856990788],[126.74917530065801,37.6038109970535],[126.7514308984024,37.6036595972049],[126.7524869973463,37.6013690994954],[126.7505273979216,37.5997239983028],[126.7535309971842,37.5974885983716],[126.7526319985172,37.5957223991436],[126.75591369742439,37.5953312988311],[126.75505619828189,37.5915192026432],[126.7540274968308,37.590276098729596],[126.75770579902229,37.5920036971389],[126.7603930005004,37.5906033966823],[126.76212629961941,37.588602399098],[126.76619979825169,37.5870849940764],[126.7705822997204,37.587112899721],[126.769924901058,37.585678798729795],[126.7747886008346,37.5872313980249],[126.7817296019199,37.5928362971457],[126.7876764990452,37.5897595960001],[126.78838039834129,37.5861529996067],[126.789910298262,37.5833568999122],[126.7887793993929,37.579745603523506],[126.78702880015071,37.5831537023262],[126.7846227009587,37.5822475028556],[126.7845418977762,37.5848058012231],[126.7819364996593,37.5838582997124],[126.7841689974268,37.5825425010282],[126.7808405002701,37.5826145005533],[126.78062249968691,37.5817913006144],[126.7796933990563,37.581911399991405],[126.779248599927,37.5794558012407],[126.77776659974681,37.5803659001464],[126.7779248993605,37.578897501339696],[126.77707359895139,37.5790963986724],[126.7782326991647,37.5764518005388],[126.7764823973784,37.575615298552606],[126.7873080020226,37.5671271917483],[126.7904878988427,37.566374692500794],[126.7936974018974,37.5670303977282],[126.7988997005788,37.571171499729296],[126.7993937003088,37.5758302957253],[126.80062629941041,37.572519199299805],[126.8025624988191,37.5723998983245],[126.803845399126,37.571147199273696],[126.8033780993776,37.5695627997475],[126.8043332988424,37.5680287006308],[126.802456799468,37.566965500185304],[126.80182379832189,37.564436301729394],[126.8001116000341,37.5643951017706],[126.79681789916259,37.5624330001926],[126.79655049940679,37.5613543996905],[126.8010809994952,37.5610990992378],[126.80223929993349,37.5595927991479],[126.80369469908699,37.559325898907595],[126.8037177990639,37.5583227999107],[126.8050387001578,37.5573117993449],[126.80657879877239,37.5569428995911],[126.80637989888,37.5561358999228],[126.80723329903789,37.5564599992315],[126.8077530985181,37.5554534002381],[126.806664203464,37.5541647933941],[126.81098919956469,37.5510346971854],[126.8138658976426,37.5505997966042],[126.81394179853339,37.5471031993349],[126.81173150014149,37.544513201433595],[126.81138749990829,37.5462361000752],[126.81173149956429,37.5445132017981],[126.8085923958375,37.5423304012326],[126.80718159808501,37.538683201138],[126.8052155979288,37.5396856000233],[126.8023436988958,37.5370931022417],[126.8002704000577,37.5384954017413],[126.7991161984364,37.5375927030439],[126.7972406977305,37.53790510276551],[126.8001359968326,37.5373278978383],[126.7994939974746,37.532399502766694],[126.79749629945641,37.5312798008969],[126.7953134005259,37.531870300296404],[126.7949636000808,37.536185500334604],[126.7941433984373,37.5355660988198],[126.7954490971316,37.5330731013128],[126.7924971000356,37.5294755028578],[126.79060299980381,37.5306974014203],[126.7899806999872,37.5324223001183],[126.78930509966881,37.5317926001483],[126.7906029984076,37.530697399389204],[126.78985819915239,37.5293804007062],[126.7880308009798,37.5305144995721],[126.7886675004893,37.5314492002346],[126.787489799309,37.5300047002844],[126.7865076997688,37.5300338004807],[126.7878728990914,37.529088699332206],[126.7878662993089,37.526950299333],[126.7921749982498,37.5288185992063],[126.7958217991665,37.527994698733],[126.7979377982714,37.5255966999051],[126.797688198521,37.5243806011212],[126.7968747993344,37.524149101352705],[126.7969797990618,37.523442800561895],[126.7958967991719,37.5237194004213],[126.7934328006788,37.522631101109496],[126.7923225005205,37.5236905007884],[126.7903317998353,37.5230403008334],[126.7874188006638,37.5239530005464],[126.7872972002618,37.5257610000398],[126.7859277012475,37.525553300729996],[126.78560730037479,37.5266540010112],[126.7835008998348,37.5251902010709],[126.7838713997196,37.523844899641404],[126.78606029872141,37.5231688997605],[126.784793799869,37.522658899994205],[126.786059998731,37.5224945995788],[126.7861433989422,37.5193391995306],[126.7874321991232,37.5201585986012],[126.7883613996299,37.5182896994791],[126.78985729850359,37.517771199999196],[126.7894501989096,37.5161187000075],[126.7902449983503,37.514946900884595],[126.7839076988613,37.5105279005492],[126.78432129843401,37.5093689999984],[126.78108229920039,37.5073533999997],[126.7802790990959,37.5053754009133],[126.7781215012535,37.50454870174],[126.776912600188,37.507367200176894],[126.7758972999926,37.506632001206405],[126.77490370003589,37.5089053006415],[126.7749029979675,37.5081483011436],[126.7726695968196,37.507065500409105],[126.7706851992355,37.504898600683],[126.7692705992808,37.5046926007014],[126.7692202995329,37.5039618006516],[126.7673044011511,37.503618901036],[126.76832140023001,37.5046794007146],[126.7681002004512,37.5052773001167],[126.7664365002545,37.505071500365],[126.766798100242,37.5066121011919],[126.7658759993769,37.5061944019512],[126.7636298979615,37.5070237014955],[126.761410400181,37.5063845021347],[126.76244269884249,37.5062448997872],[126.7620246992605,37.5049148011173],[126.7602720004044,37.505270700827396],[126.7604759996147,37.5042631003597],[126.7592498997846,37.5031570000977],[126.7613103993588,37.501342599439],[126.76245629922529,37.5012552999577],[126.7628050000134,37.5001234999745],[126.7634528003016,37.5005036002603],[126.7618369008787,37.5016787999529],[126.76293360025579,37.502643399209894],[126.7655409000684,37.501461699633],[126.76661929983871,37.5036941992861],[126.7668489999724,37.502598899862406],[126.7673044017423,37.5036188994373],[126.7692202998264,37.5039617990944],[126.7706801983665,37.5029801000761],[126.7705875981959,37.501566000234995],[126.77405449745861,37.5005831987314],[126.7777344997175,37.496890698574305],[126.7790567002962,37.498132300262704],[126.7784989004475,37.498032000919004],[126.7781463008001,37.4993087996422],[126.7788350004789,37.499860499491696],[126.78288309849651,37.5002775982725],[126.7834099981725,37.498309999475],[126.7843875998317,37.498169699825496],[126.78464029957901,37.4974951005001],[126.78401029974411,37.4975866994836],[126.7860433991636,37.4956143995401],[126.7876246006603,37.4959458987799],[126.78913059915429,37.4951772995485],[126.78862409929721,37.492303200776504],[126.78454580029761,37.4921850013316],[126.7841017998316,37.4910268000683],[126.7833097001824,37.4913080007832],[126.7831725989957,37.4895802001372],[126.7820627990811,37.489259000127795],[126.7826985997858,37.487510500309796],[126.7816931001145,37.4876587004904],[126.78073500040891,37.4891322002546],[126.78015190014361,37.488720500795196],[126.7795641006608,37.4901786003628],[126.7788385994903,37.4894917008476],[126.777497900831,37.4897739005654],[126.77788339935229,37.4914355008006],[126.7762105003495,37.491114001220105],[126.7747876998534,37.489773800719],[126.7743232996917,37.4902579003218],[126.7733471992499,37.4891550002886],[126.7718701002382,37.4892953004559],[126.7701435009393,37.4901362007795],[126.7690502006553,37.4927994003015],[126.76725520054829,37.4919142014056],[126.76718530023379,37.494179699487596],[126.7679572002114,37.494072300183696],[126.7672814001211,37.4946382005775],[126.7639195988692,37.4922532008013],[126.760345499986,37.4934126012485],[126.75951010033,37.4947748003091],[126.75910979973061,37.4935797013627],[126.75864230016991,37.4948797005054],[126.7563669002152,37.4946846010066],[126.75598770047681,37.4969574993083],[126.7573720003472,37.4970736999554],[126.75645830055491,37.497191200204],[126.7562938002983,37.4980583011194],[126.7547600997777,37.4974019003901],[126.7558553991621,37.4964817001934],[126.7549397000778,37.4960158006593],[126.753857400064,37.4971717002117],[126.7537204994435,37.4965323001924],[126.7513557992391,37.4959835012245],[126.75171879949531,37.495495200016],[126.75086729980579,37.494627100227405],[126.7498573997058,37.4951908003965],[126.7478787999975,37.4943213004097],[126.7470791990266,37.4922835994574],[126.7459200997869,37.4916374000912],[126.7469631995704,37.4914657987217],[126.74793479859879,37.4897961003914],[126.74673969941861,37.488919901422896],[126.7476326010164,37.4883577989969],[126.7479321007617,37.4888804986172],[126.7532116999295,37.4878631993365],[126.7536642001704,37.488517199441496],[126.7538583996024,37.4878169998861],[126.7559490004096,37.488413499356],[126.756405100336,37.4878531992603],[126.7581237986173,37.4887552983582],[126.7589995977415,37.486970200143304],[126.7574169991414,37.485962999459495],[126.7587787987017,37.484746800630305],[126.75737679956241,37.4831934981191],[126.7597147992867,37.482859599072796],[126.75996479903671,37.4815297004027],[126.76118219965949,37.4816729986623],[126.7614701993715,37.4805284998068],[126.7638338986606,37.4785667971734],[126.768479300162,37.4823931978236],[126.77284369940159,37.4779640992559],[126.77403150001321,37.475481699271306],[126.77644769948371,37.4764605996692],[126.7765725008851,37.4758947979282],[126.7793120981455,37.4759168979061],[126.785169600917,37.4736923976299],[126.7860382020977,37.475328197766],[126.7892321002155,37.4769135962659],[126.790665598782,37.475220497959],[126.7912386982089,37.4724049007746],[126.7888774972091,37.471892599429694],[126.7877358967311,37.4693590994359],[126.7884837959429,37.466589299561406],[126.7918252997807,37.4653067984133],[126.796726396362,37.4682696974847],[126.7978205976746,37.4676485953817],[126.7988252976465,37.4623391952249],[126.80137230003069,37.4606943980289],[126.80251479991949,37.4588509993409],[126.8037204005097,37.4599439004997],[126.80281810156839,37.4615625017346],[126.80186280032589,37.4611191020937],[126.8008859009064,37.4625360010518],[126.801801202637,37.4638997017494],[126.8012095032287,37.4672205984285],[126.80534610038549,37.4702769000127],[126.8055640004661,37.4723098003006],[126.8045418009758,37.4730812003274],[126.8060138015808,37.4747646008286],[126.8051289998742,37.474179801582004],[126.8044258005774,37.4746217011401],[126.8035764005175,37.4764749996995],[126.806949800988,37.4775478990381],[126.8119397000448,37.4755680996244],[126.8131792007993,37.4762814975631],[126.8174127995173,37.475343598898306],[126.8182888999652,37.476394299104],[126.8197441017293,37.4751584999727],[126.8185930008252,37.4766070002334],[126.8195377009164,37.477825800211995],[126.816662602998,37.4782043001808],[126.81777960231439,37.481802598182],[126.8209833995965,37.4816153980869],[126.82072329980319,37.479204899506],[126.8231152011186,37.4784608993519],[126.8238147013043,37.481248599992604],[126.8232043007623,37.4826264996284],[126.82410850021489,37.482308699764],[126.8262939999191,37.4840965995209],[126.82703189979169,37.4833196000354],[126.82601579921749,37.482564399854404],[126.8262461044855,37.4816247977032],[126.8270319042791,37.4833195965534],[126.8308722013314,37.484994699031404],[126.8315563010526,37.487700896849],[126.8332433993655,37.488281896268],[126.83430079830809,37.4878391967107],[126.83521609901389,37.4858273982165],[126.8350242992057,37.483974200069696],[126.83337889793209,37.482639797233205],[126.8358860958594,37.4821045974364],[126.8385784987245,37.4796243996228],[126.8383887987884,37.477405097782295],[126.8398614985115,37.473665199191],[126.84077119980661,37.4749481979272],[126.8449051970217,37.474417798859996],[126.8439718988571,37.4712914994435],[126.8472630971719,37.4686572989108],[126.847286699356,37.466342398182505],[126.84894540088371,37.467133496901404],[126.85068479914429,37.4661426978922],[126.8508314004908,37.4651109982781],[126.854367000232,37.4663501983935],[126.8580024965965,37.466071998671694],[126.8613877008679,37.462036098457496],[126.8666794003792,37.4639781954041],[126.8705347965238,37.4619579974243],[126.87001499995179,37.4595273999763],[126.870995400299,37.4575083980776],[126.8755137998717,37.4583899946864],[126.877364498021,37.4554400976363],[126.88143559536441,37.4537959986657],[126.8773590996567,37.4483974993771],[126.8796470985596,37.448110998238995],[126.88077609928021,37.4461940977464],[126.88362889870041,37.4466322983207],[126.8884617989941,37.444383697610206],[126.8910898006694,37.4446684968333],[126.89477169783561,37.4424996990805],[126.8953044012214,37.4412128982179],[126.8972627002707,37.442379999754],[126.8947717022278,37.4424997009102],[126.8966341003654,37.4458347975751],[126.8986383983611,37.444671898738],[126.8976398998302,37.4424870003063],[126.8984425008428,37.441677197950604],[126.89933570151959,37.4423364986726],[126.8996707002399,37.4448323992737],[126.90289900014241,37.446039298932405],[126.90399259904879,37.4448850000867],[126.9029311991763,37.443839898922],[126.90399139997339,37.443615199785505],[126.9062055008004,37.445618499537204],[126.9063552006507,37.4467663983893],[126.9092772001254,37.4472142997374],[126.9110436003064,37.448381799606],[126.9099851007354,37.4479797005912],[126.9095621018045,37.4493487999014],[126.9129558002072,37.449743499887994],[126.91328920082299,37.4531865987528],[126.9139550014989,37.453128299088604],[126.9121682010038,37.4542569996564],[126.9134311014471,37.4546124015091],[126.9111059011692,37.4584630001441],[126.91074130094499,37.4605726998517],[126.9122392000511,37.4608030993779],[126.9125727012799,37.4619817002298],[126.9116588014,37.4637934003461],[126.9131082000562,37.4644795999249],[126.9127746004919,37.465567799019105],[126.9137084002361,37.4669879997361],[126.9157049005248,37.4667812998171],[126.91584060153859,37.4695274978575],[126.9180495993296,37.4693103980746],[126.9185424998249,37.4706252985448],[126.9200187983486,37.469910999259106],[126.9195230978561,37.4675296998553],[126.9201447988503,37.466132099548204],[126.9241025969892,37.4652891007412],[126.9242991000785,37.463131798675796],[126.9267464012206,37.464843796263395],[126.931677798427,37.463333897431205],[126.9318810982237,37.4615826991824],[126.9307807015181,37.4593880984793],[126.9312707010281,37.4601415977258],[126.93347799882079,37.4603340975333],[126.9341783017147,37.459500198695004],[126.9339325031703,37.461162998438596],[126.9357294021965,37.4629919976704],[126.93849740024021,37.4612504987961],[126.9413620024057,37.4642438992428],[126.9423221020016,37.4673107995819],[126.94600539996661,37.468423198438096],[126.9482827981887,37.4657950004637],[126.94635090012059,37.4647474015113],[126.9447615992987,37.4662461974612],[126.9463508977094,37.46474739896],[126.9463680976922,37.462461001246396],[126.9478535999904,37.4612830997194],[126.95065510058721,37.4627081000766],[126.94906740092131,37.4636294001738],[126.9499718000169,37.4655147982884],[126.9519634994546,37.4634949993972],[126.9544477992725,37.46612239875],[126.9567417979612,37.4654232990383],[126.9578773968256,37.4635847008769],[126.9568936972986,37.4619923015648],[126.95740499994129,37.4618264994567],[126.9577524000309,37.463028399883896],[126.9586824000159,37.462518799538195],[126.9594414012672,37.463472599027504],[126.9609157997928,37.4631572993428],[126.9618850998107,37.4643365989343],[126.96421030053901,37.4636722942827],[126.9647360038977,37.465653696674394],[126.96847250207401,37.466085496995795],[126.970151500395,37.4658745972067],[126.9716618993204,37.4636335990281],[126.9729081003339,37.465553497361896],[126.9734534009092,37.4629919992538],[126.9743152000474,37.4645734976723],[126.97794740102141,37.4649176954196],[126.9800453004451,37.4667566980645],[126.97891290144119,37.466915702044],[126.97829110206301,37.4690709998887],[126.9806033997507,37.4710080979516],[126.9829779973761,37.469993498966204],[126.98522290055689,37.4668220980451],[126.9863224999335,37.4679953995277],[126.98809969983341,37.4673458988961],[126.9884371995754,37.464687501236895],[126.9874359989174,37.4609114995024],[126.9886868988555,37.459392799438305],[126.9878057997366,37.458721900109204],[126.9922611967409,37.453559395463],[126.9914109989426,37.4451236991351],[126.99453269627769,37.443519800074796],[126.9940592988034,37.4409296994001],[126.9939683009089,37.441692599131805],[126.99704360072789,37.4424131985682],[126.99992399924909,37.43956030056199],[126.99866229892541,37.4383150009222],[126.9941282987344,37.439700800629],[126.9935683985511,37.4377943026366],[126.9908589973054,37.435183002868904],[126.9885764995879,37.4358206022313],[126.98634269956939,37.4315303005611],[126.9846609955661,37.4311341038935],[126.98504219641619,37.4281900004641],[126.983129998995,37.423368696862],[126.98646409914771,37.4231537972193],[126.9884509999463,37.4190771991361],[126.9887940003081,37.420929799141305],[126.9897646003961,37.421349799398804],[126.990456900211,37.4206442993961],[126.9907300006615,37.4221201987405],[126.9946714998587,37.4216275993894],[126.9961643003858,37.4235902988028],[126.996835499902,37.4233268990275],[126.99833239979449,37.4260456991408],[126.99927820042511,37.425839699586994],[126.99936130037041,37.4268777987589],[127.0009823999892,37.4271048995528],[127.00004720107219,37.4280749996314],[127.0004309006885,37.4289063988],[127.0025324985869,37.4288018989045],[127.0014815001318,37.4268347997061],[127.00468670102889,37.4274103991221],[127.0042861009335,37.4295966994535],[127.0059173993022,37.4302515987986],[127.0078831983233,37.428199997681794],[127.0112879004631,37.4278766977173],[127.0108933019606,37.4295621988028],[127.01309330219489,37.4299568992965],[127.0107567009525,37.4300654003241],[127.0097647019445,37.4316980986914],[127.01043600127319,37.4342396961498],[127.0128309002925,37.4359683940701],[127.0144235986998,37.435739494299],[127.0166057003827,37.433980398837306],[127.015919201601,37.4348861009255],[127.0175718004766,37.4361931998198],[127.0165991012497,37.437023599277005],[127.01782110278211,37.441856196458],[127.0191890041574,37.4416731033343],[127.01629850467691,37.444045600978804],[127.0129600027971,37.4441875005584],[127.0115612036692,37.4458157017505],[127.0121255031049,37.449066798499395],[127.0144098022016,37.4513854020364],[127.013187001304,37.45404279911261],[127.0140724006746,37.4540013997199],[127.0129772014078,37.457380098695005],[127.0150043993806,37.4574452986298],[127.0153971006345,37.456153997472],[127.01694069967071,37.455260798161],[127.0153971012307,37.456153999745496],[127.01635080120809,37.4576899008618],[127.01297720116659,37.4573801018297],[127.0050863030359,37.4631846064394],[127.00436900043489,37.4616578017919],[127.0005726042313,37.4616383018114],[126.9999051048988,37.4627378007119],[127.002000700749,37.4702818995907],[127.00578390165279,37.4716088987591],[127.0063786029428,37.4759685982264],[127.007670401651,37.476594497600495],[127.0099111005688,37.4760341986182],[127.0112309002918,37.4746195992565],[127.0139371975855,37.4762501976259],[127.01641189792589,37.4751301978561],[127.0167723004517,37.4738980979712],[127.01792210558311,37.476366699808096],[127.0240335019735,37.4804233990405],[127.02520719991699,37.483181199402594],[127.02599840023001,37.4837980992856],[127.0281774991359,37.4834191999578],[127.0287000983373,37.4825249983109],[127.0277160990599,37.4796662996893],[127.0289437983101,37.4785731004763],[127.0288143990059,37.47677139952879],[127.0304992994059,37.4740025994749],[127.0305566005582,37.4750948997804],[127.0313728997419,37.4754176994576],[127.0349254992663,37.473812899932796],[127.0337885996873,37.472431400987695],[127.0307199995863,37.471849999681005],[127.03152709896901,37.4707033000646],[127.03036639967111,37.4671344990167],[127.0342299982306,37.4645499999552],[127.0330584982617,37.463942198678],[127.0345973993268,37.4638968987346],[127.0343346999404,37.4623075996548],[127.0355715999404,37.4633044998712],[127.03808240044519,37.4619531987326],[127.0393775008116,37.4633291997054],[127.040984300812,37.4629840987313],[127.0418117004934,37.4645728973909],[127.0434919005153,37.4650151977059],[127.0444668995403,37.4645554981656],[127.0449378994294,37.4624073001586],[127.0462832004648,37.4610070987132],[127.0456829017922,37.4646264996201],[127.0465971023156,37.4681599978035],[127.0488385003425,37.4705434002531],[127.0483200008192,37.4728325992633],[127.0491463006134,37.4734113993886],[127.0468983007487,37.4748218005422],[127.0465489010981,37.4758424995215],[127.0472760999819,37.476320800487805],[127.0464446001563,37.475773500606806],[127.0456035005689,37.4765932012627],[127.04371910160191,37.4765905002927],[127.0455111002292,37.4784528993356],[127.0520702003032,37.4794414995395],[127.05095440140069,37.4796267006317],[127.0506711014158,37.4819835995414],[127.0510392015657,37.4828761994681],[127.0528436004549,37.4829125999209],[127.0520800013857,37.4844649004393],[127.0527931006726,37.486320298583905],[127.0539682010568,37.4867382990529],[127.0554697995552,37.486122699668506],[127.0564782985467,37.485019200772],[127.055799399683,37.4832566990792],[127.0595108009387,37.483551897679504],[127.06027250017699,37.482949398282],[127.0604287008277,37.485069199451196],[127.0593027014351,37.4862989991856],[127.0607291000087,37.4868894985951],[127.061682499911,37.4858188985528],[127.063478701221,37.4858198997072],[127.0640645006212,37.4860825008154],[127.06294870173701,37.487793899104],[127.0659767987089,37.4890795978183],[127.06663909804661,37.488103098794795],[127.0684875001284,37.4876345997397],[127.0690660011526,37.4895474004573],[127.0677949004463,37.4890514008137],[127.06738350127401,37.4903645000202],[127.0663728008847,37.4896836009624],[127.065788501469,37.49080599984],[127.07091439950861,37.4922458978627],[127.0708246002705,37.4902150992651],[127.07091440085901,37.4922458981299],[127.0724699000592,37.4912396994941],[127.0750688002598,37.4910710990674],[127.0763693000922,37.4920876995457],[127.0770282000739,37.4904216985573],[127.08059430024821,37.4911139991023],[127.0813990992828,37.488694498674604],[127.08218870123271,37.4889235003835],[127.0822562006757,37.4907934995701],[127.0856993001116,37.495550200149594],[127.0805931005501,37.4944495011451],[127.0784617008393,37.494853300718404],[127.0772269013716,37.496957500649],[127.0774874011111,37.498801498805],[127.0784578002921,37.4989341015493],[127.0745987006097,37.4977076010834],[127.0736379009594,37.4989803996247],[127.07377700017341,37.5003552000474],[127.0736378998752,37.4989804013935],[127.07062540164189,37.4989341013938],[127.0687745034454,37.5014164991717],[127.07175630246121,37.505398998403194],[127.075066999174,37.5051939993688],[127.07540010061689,37.5035159967767],[127.07725840007781,37.5040975965035],[127.0804932003503,37.5033902985446],[127.0808823009031,37.5042842988589],[127.08216089962451,37.5039194992237],[127.0830787014896,37.5048473991769],[127.0855267990415,37.5037825002418],[127.0856882007051,37.5016557990343],[127.0874595010677,37.5027946989304],[127.0886726011174,37.5020603993001],[127.0891484010951,37.5031116992881],[127.0909985010972,37.5029626993161],[127.0916062012587,37.5042618996338],[127.0904652006149,37.5072030998128],[127.09000489975129,37.506644000582504],[127.0879350014081,37.508163000334505],[127.0887643018087,37.5090849011458],[127.088863000692,37.511819498918],[127.09069980004689,37.5119258999841],[127.08979000021529,37.5122055003857],[127.0901198011042,37.5133078999693],[127.0880702014403,37.514940100766495],[127.08609540006111,37.5143523006213],[127.0858800007466,37.5163574994448],[127.08441400144669,37.5164780002954],[127.0843438002021,37.5174953008135],[127.0829404995997,37.516258900842395],[127.0816252007165,37.5169036007317],[127.082447500113,37.5182212001821],[127.08135870185609,37.5188044079535],[127.0733038983866,37.5189285006932],[127.0717713990806,37.5181995012596],[127.070474699402,37.515993100316],[127.06729280106241,37.5157587015265],[127.06689390121879,37.5177794000775],[127.0689641996255,37.518319599693896],[127.0696411002356,37.516518399790705],[127.07013960071241,37.5188853005738],[127.0679003029517,37.5191666002925],[127.0695863012657,37.528163091296],[127.072369000884,37.5284619992391],[127.0739154001205,37.529852698660896],[127.0744191002875,37.5291619991128],[127.075315600315,37.530474299943805],[127.07416940089131,37.5306959004111],[127.07444860034549,37.5326095008469],[127.0734018013923,37.5329452005112],[127.07314580164831,37.5339335995228],[127.0738614004362,37.537020899706704],[127.07589960023,37.536318799786294],[127.0767796998125,37.5369191993474],[127.07803349925331,37.5359197998292],[127.0773637996517,37.534197500055896],[127.0787079995335,37.533780899598696],[127.07969700029669,37.5319948992519],[127.08282800014531,37.532503899012404],[127.08648650040281,37.531123699454504],[127.0873700998559,37.5331786992709],[127.0879751000752,37.5323061994727],[127.0888301995471,37.533043899329904],[127.088917900033,37.5323976994627],[127.090227898723,37.532466399393996],[127.09190820446831,37.5309909908507],[127.0942459998913,37.5330554993212],[127.1019130995203,37.5237252998934],[127.1014843993364,37.5224038007008],[127.10029729903499,37.5220019002871],[127.1014843990106,37.5224037990164],[127.1035492998499,37.521600999920096],[127.1034293993361,37.5205289004643],[127.1020591999041,37.520727100053705],[127.10228449934209,37.5201457004669],[127.10145729926671,37.5197703002857],[127.10228449942299,37.5201456992184],[127.1027777999532,37.519529999331006],[127.1034294000342,37.5205288992777],[127.1041536997049,37.519788399507604],[127.1046146992439,37.5187205005755],[127.1030316995511,37.5178683001714],[127.1053999991107,37.5174999981324],[127.1062561982545,37.515979199653195],[127.1057233986934,37.51474420006],[127.1044380993345,37.5146108999802],[127.1061324986189,37.5142847990057],[127.1058277997693,37.512900299614095],[127.10648619939161,37.5133582995664],[127.10790440124589,37.5125186996037],[127.1082678004033,37.5144783988209],[127.11012340002061,37.5161762989396],[127.1109392001688,37.515381099608796],[127.11067100128909,37.5160075997129],[127.1121916997684,37.5161040996164],[127.1133486001481,37.5151900983794],[127.1140485997554,37.5163258986815],[127.11563869982591,37.5157573985926],[127.1164500011165,37.5165400001834],[127.11447580015269,37.5204346002593],[127.1131313990852,37.518132901605696],[127.1086891993051,37.5164774026074],[127.10676150123281,37.5190435000413],[127.1048259012528,37.5191895001722],[127.104854601047,37.5206152996826],[127.1076595012256,37.520987400192205],[127.1066875007432,37.5215423004107],[127.1048237008726,37.520882800303],[127.1047351012167,37.5233246010344],[127.1033417001407,37.5216675016046],[127.10148440034891,37.5224038010593],[127.1014778014161,37.5244329008792],[127.0946393012654,37.5326937007111],[127.0956740002307,37.533455499949305],[127.09473050048899,37.5328721006648],[127.09523930004781,37.5347750995431],[127.0968322054092,37.5348217007744],[127.09850920080339,37.5369712005099],[127.09522750066569,37.5391502011772],[127.0945064001748,37.5404610007265],[127.0905943003694,37.539971701441004],[127.08902150067951,37.542161900741206],[127.0864316007749,37.541935001393604],[127.0841577994882,37.5427796004218],[127.0839261999011,37.5421336005926],[127.081921999721,37.541871400122695],[127.0830351979741,37.5399551008413],[127.08133879967049,37.5384403023561],[127.0785918998081,37.538470100583694],[127.0774306009219,37.539268800046],[127.07747020005489,37.5401703001315],[127.07566610164311,37.5411188004121],[127.0763706003984,37.5425943002985],[127.0738255006921,37.5439795000926],[127.07400670051089,37.5449415991305],[127.07732450095061,37.5454108002463],[127.07521730106231,37.5491870003002],[127.0752624010172,37.5510716984155],[127.076950499843,37.5503421993219],[127.0779714003304,37.5527042990755],[127.0792195008152,37.5516204981024],[127.08047310042821,37.55314179914],[127.0860974986898,37.551473198012495],[127.08584299671439,37.5473159003347],[127.0869802000558,37.5464522992674],[127.08918080030939,37.546787198858794],[127.09028160083079,37.5477709987262],[127.0917042007319,37.546783999141304],[127.09364039990369,37.5486433981248],[127.0958733002596,37.5478036999866],[127.09662440064099,37.5502300000447],[127.0948536006181,37.553660100152],[127.0952196998254,37.5544374011047],[127.0938293007733,37.5558233007913],[127.09080499947301,37.5559072011257],[127.08704850036389,37.5582086001804],[127.0854016010107,37.560124299950296],[127.084780900479,37.5623235001433],[127.0838272005034,37.562480100143404],[127.084282400274,37.5632947005035],[127.08366720068649,37.564754299674995],[127.0851744010559,37.5660403010604],[127.08277439955731,37.5661935001544],[127.0836671993564,37.5647543002895],[127.0819671002914,37.5631261012678],[127.0817052005533,37.5640035003904],[127.08092529988251,37.5638156002603],[127.0804269996695,37.562935400851],[127.0770971995868,37.562561100493106],[127.0765869999483,37.5616499011091],[127.0751307000202,37.5621205007393],[127.07285059921199,37.5600953021058],[127.0716804003822,37.5607085014926],[127.0706633002182,37.5602516005358],[127.0730545010406,37.5647855014608],[127.0714332009349,37.565516200209196],[127.07166979999049,37.5665644007146],[127.07092249993549,37.565593100171604],[127.0694611004329,37.5660605000998],[127.0705817000849,37.5671588001768],[127.06960520035909,37.5687097005657],[127.06824590013339,37.5666149004645],[127.06378009971401,37.5672330007435],[127.06326849985251,37.566487600902505],[127.0622200004632,37.5669200006063],[127.0629792005149,37.5679259000506],[127.06188089994461,37.5700718023982],[127.0607719005612,37.5701227024609],[127.0595891002403,37.5727583001012],[127.0585548004869,37.572347300526594],[127.0576175000304,37.5736551004138],[127.0574160000457,37.5730747005433],[127.0577699008731,37.5754883995525],[127.05868890075591,37.5759572999359],[127.058496800453,37.577490299678104],[127.06128579985189,37.577496699516495],[127.0620876004958,37.578240200072806],[127.0613560008677,37.5782072004906],[127.0608900013337,37.579338799359],[127.061337200054,37.580252900059],[127.0576843007482,37.581266900981305],[127.05803500039751,37.582473199775],[127.06369990064,37.5835175994831],[127.06301670143911,37.5857629989406],[127.0679962004335,37.5895649991877],[127.0685584001387,37.589069899962],[127.0681642000993,37.5911883001074],[127.0674916001088,37.591109200011395],[127.0678880998748,37.591841599549205],[127.0709654985833,37.5920681985873],[127.0733301992676,37.588478599154705],[127.075257299513,37.5894074986155],[127.07832430069641,37.586986699528396],[127.0782736007699,37.587840299297305],[127.08252499952151,37.5898572979674],[127.08310589991571,37.5912835982265],[127.08563600012019,37.5920055992036],[127.0867909000585,37.5914643994165],[127.08694180082671,37.5927972996917],[127.08798399978451,37.5930163994726],[127.0882050003096,37.5923534000675],[127.09048990034269,37.594716899524],[127.094177301074,37.5949027996439],[127.0941193009255,37.595502999672],[127.0971265000138,37.5973071994011],[127.0972537998657,37.6010773005754],[127.0952524011478,37.6010308004687],[127.09492040047361,37.6018167006236],[127.0946931994682,37.600974400782896],[127.093817300013,37.601731600457],[127.0930190999791,37.6013086005168],[127.0929561009088,37.602320300757],[127.090973000448,37.6031992002793],[127.0889580997224,37.6020014000631],[127.0894464995192,37.6014742000739],[127.088900700065,37.601152100396],[127.0873337999797,37.6016558001643],[127.0874146992867,37.6010553001244],[127.0858760001035,37.600860500360504],[127.08520139954601,37.6016101005299],[127.0842265995947,37.6002946007498],[127.0824988995585,37.6006804009957],[127.0811412999875,37.5998875004326],[127.0804723008045,37.6009395995102],[127.0824111004634,37.602476500074104],[127.0787407001614,37.6053679001721],[127.0782450995103,37.6034237009344],[127.0769145996707,37.603268400260895],[127.07808249938769,37.6022318001038],[127.0777699997095,37.6015600006965],[127.0760324998615,37.6015350003982],[127.075770899739,37.6005653004964],[127.0752141006799,37.6014694004638],[127.07494840003379,37.6005877005952],[127.0740739997333,37.600939200459],[127.0705266986459,37.5976748012796],[127.0712718994398,37.5973767001736],[127.0709544997363,37.5953757004518],[127.0683622001075,37.5945137007261],[127.068252400787,37.5971304004834],[127.06742270037789,37.5977928000085],[127.06746680197031,37.6005567989683],[127.0683873014906,37.601479900598804],[127.0674055002796,37.604662400175606],[127.06659250006349,37.6042211004511],[127.0659498000289,37.6050156003187],[127.0645316999211,37.6032693008626],[127.06368970076309,37.603740600391305],[127.06397680047601,37.6047164994154],[127.06556210020139,37.605489099433],[127.0651765005242,37.606199499801406],[127.0666942003947,37.6071396999682],[127.0661858008947,37.6091258996085],[127.0672417022489,37.6093993995502],[127.06713100143341,37.6108293000441],[127.0691802993841,37.611821799051604],[127.07026310009971,37.6106804992328],[127.0699925004985,37.6129126993862],[127.07083659965441,37.6131112991876],[127.0727736977173,37.612054900244],[127.0726800978838,37.6112863996294],[127.0734603003084,37.6121375996621],[127.0748361999151,37.6114554994264],[127.0752517995524,37.6101721001478],[127.0743817990796,37.6102747998931],[127.0742191999559,37.6090392998614],[127.0764374995577,37.6084726998999],[127.0760889001518,37.6079870992453],[127.0787139000101,37.606645999833],[127.07886280055,37.607627199603805],[127.08122190008321,37.609246399539],[127.08101740074619,37.6104297993692],[127.0818592009036,37.610521399088604],[127.08193300165571,37.6117535012553],[127.0806362009083,37.61348430001291],[127.0806791008654,37.6144174990797],[127.0816592019295,37.6144269985818],[127.0807897009779,37.6149014997959],[127.0878040007682,37.6162104988893],[127.08704570121921,37.6178201999661],[127.08809950015859,37.6189671993626],[127.0892957989623,37.619122299207504],[127.09059489813009,37.6176506000055],[127.0899951982752,37.616933199148995],[127.09140000066499,37.6172799992608],[127.0885396008827,37.6197897005567],[127.08948600064949,37.6211991999387],[127.0904016002686,37.620911399894496],[127.090296400293,37.623386000401005],[127.0884277004449,37.6221263009371],[127.0864410018622,37.624182999999405],[127.0850541009859,37.624328001262],[127.08472759939039,37.6231496011756],[127.0828019990665,37.622284001626504],[127.0801540994928,37.6231751012197],[127.07849810004001,37.6219904002918],[127.0760651007094,37.623851799442896],[127.07740800004551,37.6273645003891],[127.0749388000594,37.6273530011684],[127.0743414997761,37.6283120010165],[127.072777100499,37.6281473010343],[127.0712392999787,37.6293490021006],[127.0703399978093,37.6287000006832],[127.0708399983406,37.6272100003605],[127.0695669981569,37.6269407988223],[127.06986649883311,37.6248491999029],[127.0709408980417,37.6237263001447],[127.06986279911979,37.6220578018132],[127.06871170020429,37.6238124001597],[127.0680483992328,37.6236032996782],[127.06824949908639,37.620873602258605],[127.06769419931881,37.62046460011],[127.06824949990079,37.6208735990739],[127.0696417985085,37.620053899893605],[127.0701879980542,37.6189273007179],[127.0697646974797,37.6176494996538],[127.0681940990503,37.616574200729104],[127.0638311990094,37.6182648024097],[127.0624022995854,37.6166329009607],[127.0612475998509,37.6173343002349],[127.06083579954911,37.6158090011526],[127.0588300009561,37.6147200017858],[127.0570530015259,37.6159544007522],[127.0572249996957,37.6183831006158],[127.0569603000653,37.6178113003774],[127.0549634991812,37.6179763019204],[127.0540913993904,37.6169940024647],[127.05153340194839,37.6181925012662],[127.0493634998157,37.616765600651],[127.0479111999333,37.617652800602905],[127.04886619899841,37.616336100812],[127.04775460011001,37.6164602006879],[127.048098799491,37.6160451998309],[127.0468257994137,37.615776400231404],[127.04669509992979,37.6149483003011],[127.04548480029,37.6146116008734],[127.0454205000011,37.6155422004821],[127.0450861998448,37.6147251007693],[127.042340000014,37.614050000504896],[127.0395467003657,37.6104154008436],[127.0393626001056,37.61141830030439],[127.0386088001062,37.6108780004738],[127.038350200273,37.611712700110395],[127.0392819995562,37.6138092007248],[127.035052902164,37.6148795003983],[127.0362634015584,37.617238599458],[127.03595020104581,37.618376001220994],[127.0328641005634,37.619096001574896],[127.0324800005217,37.6209500002493],[127.0318986998538,37.61990060066],[127.0319480003858,37.621136600837296],[127.0306166003554,37.620820200644],[127.0306147003573,37.6223806990835],[127.0329576002088,37.624319499859396],[127.0319517004599,37.6254874999482],[127.03268870070559,37.627177600611105],[127.0274810023747,37.630435702861],[127.0283294015263,37.6336608996358],[127.03040249988369,37.634419899121596],[127.0303000006566,37.6351799995308],[127.03188750145699,37.6366678990724],[127.030890400152,37.6361870004018],[127.03104690027911,37.6399700999379],[127.0298105006859,37.63976570066],[127.02967590082051,37.640409900015804],[127.030632399864,37.6410351993905],[127.0311850007269,37.6405484001501],[127.0292415003083,37.642527100807605],[127.0288002001578,37.6419239007379],[127.026552600294,37.6424005002968],[127.0259657001262,37.6418602004341],[127.0232567001203,37.642544800890704],[127.0213124995767,37.6413206001643],[127.021707099625,37.6406308004496],[127.0192425994257,37.639505200609705],[127.02007519923059,37.638840400363],[127.0194131995872,37.6382022002401],[127.0194672998082,37.6355151006467],[127.017232999947,37.6367185005515],[127.0156025998047,37.6360390004732],[127.01546479936711,37.6348961001474],[127.01421449969719,37.633876900195794],[127.0177549000451,37.631423599626395],[127.01766890048991,37.6322160994332],[127.0193413003877,37.632377499532],[127.0213528998076,37.6350700990605],[127.0227200994258,37.632444700246204],[127.02144269947959,37.630627800368096],[127.01937290012839,37.6296600004938],[127.0178103994911,37.6307355003571],[127.01614329956939,37.628023000576896],[127.0153444992645,37.628438199740195],[127.0161432990865,37.6280229995806],[127.0159548992749,37.6271075004961],[127.0141365993561,37.626934799838004],[127.01534339940261,37.6249404001332],[127.0147224000236,37.6242540008196],[127.01239320067961,37.625105000897],[127.01221350011821,37.6259840006008],[127.0112484992726,37.6248139999525],[127.012903996879,37.6221298007743],[127.0081578996601,37.6208777025344],[127.0078648993491,37.6198736001017],[127.0053140988989,37.6190710005155],[127.0039260995099,37.6172799022886],[127.0020257989612,37.6184946003968],[127.0006422998667,37.6176162993072],[127.0027115977974,37.617032899890596],[127.0011706987725,37.6150985005605],[126.99915089958651,37.614569700176496],[127.00069929862279,37.6140141998531],[126.998825699381,37.6119492995838],[126.9996321994785,37.6111483989179],[127.0015723986667,37.6110900994032],[127.0034215990728,37.6094132000745],[127.0020508993746,37.6075045990423],[127.0032132990763,37.606612798742404],[127.00417810061721,37.607653998812296],[127.0052638995314,37.60755849890781],[127.00623939855589,37.606107300359],[127.0062173985779,37.6049734014929],[127.0046084977845,37.6033480010598],[127.0066835978016,37.6020620996254],[127.0057368987483,37.599982601704895],[127.0036126971662,37.600301803883696],[127.0075199984764,37.5987999995438],[127.0061328988666,37.5954246019752],[127.002900400889,37.5948749021129],[127.00272750106191,37.5969513000365],[127.00170680099549,37.5966272010781],[126.9999522021483,37.598786500695404],[126.9988388993678,37.5991420016907],[126.99845929961069,37.598313200919],[126.9961925999883,37.5992446003228],[126.9949188002412,37.5974925016257],[126.9936973986495,37.598407900888],[126.9933302993325,37.5974559998755],[126.9939785993065,37.596924300268896],[126.99237999940419,37.595630799997004],[126.9929328991428,37.5947387004574],[126.99190809964091,37.594211700804],[126.99117489960621,37.5947822007522],[126.99205069944269,37.593942499948696],[126.9899153000056,37.591410101022596],[126.98902790089299,37.592173200259495],[126.9899972002991,37.5929544005981],[126.988977801117,37.593277200603104],[126.98937269981981,37.594489100381594],[126.98707999997731,37.593223500291],[126.98562479805129,37.5942809015659],[126.985408396871,37.5921530012789],[126.9834042988751,37.5903590030729],[126.9811643998023,37.5927351027438],[126.9761717004989,37.59178960221],[126.9758900993187,37.5935597016145],[126.9759347978015,37.5919704010962],[126.9749593987769,37.5905895024771],[126.9688915012553,37.591233903432],[126.9686041015427,37.594467100198806],[126.9658831012685,37.5940320021235],[126.9629580013772,37.5990172995457],[126.96384300049219,37.6013121972508],[126.9658747004446,37.6016627987018],[126.9634209016025,37.6033756995315],[126.9651970998263,37.6048252980819],[126.9685047004441,37.602355299669696],[126.9681036012372,37.6044465984098],[126.9693114008378,37.6064297002449],[126.9674541011774,37.606961600700195],[126.9658125002381,37.609136000338296],[126.96328080156131,37.608548500947094],[126.963646000836,37.611389099508294],[126.9658317008676,37.6116133000737],[126.9637364007479,37.6127445013012],[126.96155880292551,37.6158111982345],[126.9630164005646,37.6191653030234],[126.9620296015514,37.6187018034869],[126.954474306278,37.6196298054956],[126.9540772066751,37.6221141030113],[126.95714130361101,37.6260531990722],[126.9538240079207,37.6313994037657],[126.9465448044474,37.6376834017543],[126.9474287035635,37.6403224991152],[126.950118504436,37.642744206750706],[126.9416973013102,37.6469588002096],[126.9431651998423,37.648276098892296],[126.9438229001067,37.647922298859996],[126.9431651998835,37.648276101327596],[126.94169730035121,37.646958802267],[126.9410391010094,37.647443801781996],[126.941340500708,37.6502658989599],[126.94430420291211,37.652746199123904],[126.9417543046718,37.6583991000309],[126.93908680101279,37.656655204177106],[126.93594660415299,37.6576939031384],[126.9314289031804,37.661656904205394],[126.9293256017033,37.6657285034562],[126.9282513027776,37.665497203687494],[126.9241135069154,37.667427601757105],[126.9177262022213,37.6720300024354],[126.9172265968137,37.6716429999637],[126.91875089652761,37.6690500000884],[126.91651419876429,37.6655157036227],[126.91375480152371,37.666509402629],[126.91420389983641,37.6688310027757],[126.9112260010375,37.6674254042798],[126.9051025014193,37.6690817041145],[126.90188399961039,37.673217002974305],[126.8969676983236,37.6728480049412],[126.8935086993726,37.6713036020485],[126.8917004011809,37.671718801633304],[126.892190100788,37.6752936004394],[126.8915189003028,37.675640900403295],[126.8919051991417,37.6738067020932],[126.8902948995531,37.6720102038839],[126.8876304986504,37.6714403013246],[126.8840425018009,37.6718951008697],[126.88181450086711,37.674767702557794],[126.88040979948539,37.6750370011191],[126.87928809849079,37.672975398998396],[126.87968449809439,37.666215905757895],[126.87544049628809,37.6606350080927],[126.870337499181,37.660179202821205],[126.86946719926951,37.6591773031797],[126.86642230056259,37.6627133029709],[126.8604934027499,37.6616092017732],[126.8603277001255,37.6631979048918],[126.8552484018082,37.6645513013288],[126.8553200017366,37.666726499153604],[126.8566598003968,37.6670722988078],[126.8566872001599,37.6684373996068],[126.8572591003925,37.667978600193194],[126.8558662022726,37.6690525007837],[126.8554757023973,37.6714558996824],[126.8536236004233,37.6709204004006],[126.85226680044549,37.674129901875894],[126.85132859948371,37.6727877003726],[126.85022860058369,37.673012900147405],[126.8494316001962,37.6747097021918],[126.84900929871891,37.673285301153],[126.8468471998214,37.672831700846906],[126.8454030990744,37.6682840009121],[126.84255900191849,37.664895104301],[126.84183699974899,37.6648979043486],[126.8397958017902,37.6682524009941],[126.8383839010326,37.666945001716],[126.8337764993485,37.6682838016541],[126.8332464981089,37.6652908022608],[126.83201799933741,37.6645519029997],[126.8284061029493,37.663716103835505],[126.8252931988811,37.6660426035334],[126.8216319998664,37.6645631004888],[126.82115970000939,37.6635192009534],[126.81993180002411,37.664667300427794],[126.81834020043229,37.6641772005367],[126.8167091022931,37.667237398133096],[126.81642410274391,37.6709257023184],[126.8171163020517,37.6727523004918],[126.8130949006285,37.673836200908895],[126.8134469000921,37.6749395002585],[126.8124262998374,37.6739169011573],[126.8101844003446,37.6774183004239],[126.80538440270739,37.6779453011128],[126.8036338041,37.681579902291006],[126.80515580065429,37.6847237016432],[126.8040066997755,37.6849739010568],[126.802918900144,37.6836889008806],[126.8020940013931,37.6855041013155],[126.8004470009749,37.6859441011129],[126.8003924004016,37.6873753012623],[126.7985604003524,37.685304102323],[126.7960977028151,37.6878156998114],[126.79717039903309,37.688689802775],[126.7937781005879,37.6877116015667],[126.7893643006595,37.687688803139295],[126.7848875030225,37.6895438025112],[126.7844298034802,37.69191500014],[126.7853277025823,37.6933607986942],[126.78213370164,37.6951337997765],[126.7812859000182,37.6991721009731],[126.7799880998444,37.6979912017964],[126.7782085997607,37.6978903022032],[126.776881301088,37.6991963008972],[126.7772389008414,37.7002009026028],[126.7735226982757,37.703729805435096],[126.76830350187001,37.7033317046646],[126.7684883016852,37.7097576982386],[126.7704462998613,37.709661198636496],[126.771009100319,37.711015600016204],[126.7697387001935,37.7104111008874],[126.7689796011215,37.7124333994483],[126.77005850078031,37.712269600139],[126.77073660010221,37.7141592982493],[126.771557202238,37.7137518004579],[126.77083850295669,37.7147959994137],[126.77426629952889,37.717922196287496],[126.7750030013198,37.7148833972172],[126.7778884002335,37.7181424977081],[126.78375730136891,37.719895898501896],[126.7818011022758,37.7211782015736],[126.78195750211941,37.723851598900204],[126.78260560203229,37.7242475005719],[126.7812115031842,37.7258252995343],[126.78276319998831,37.7278706029195],[126.7786867007772,37.7272375020963],[126.77709760236631,37.7292693000645],[126.7806977030911,37.7342529999851],[126.7770283997213,37.7349771035773],[126.7731168996529,37.735035703722694],[126.772586798704,37.7339073032577],[126.76902270226809,37.7345902025748],[126.769477598872,37.7384922020843],[126.7668399986114,37.737110701651105],[126.7649619992865,37.7323759002751],[126.7673948014031,37.733833700652596],[126.766179601363,37.7353411007484],[126.7668400007026,37.7371106989788],[126.769477598065,37.7384921975973],[126.76892939861321,37.7347053013842],[126.7709985977993,37.732350302136],[126.7708654977747,37.7303258998041],[126.7673948993194,37.7280643006987],[126.7686214989427,37.7266174996396],[126.7677167990558,37.723630300870205],[126.766986599786,37.7231801013204],[126.7657653007892,37.7239785005901],[126.7659260997604,37.7248223010494],[126.765158799536,37.7237785016743],[126.763482400101,37.7239788001437],[126.7626417009417,37.7247243993981],[126.762965301064,37.7255491008881],[126.762641699529,37.724724401077296],[126.7610117006124,37.726173800645896],[126.75824300224379,37.7258458010554],[126.75833660001871,37.726621000695104],[126.7576405987954,37.7238108004515],[126.7563553000807,37.7236537006086],[126.7561888998916,37.7242602003255],[126.7555345997627,37.7226385001503],[126.7564582000948,37.7218586997082],[126.7593376996693,37.7238287996378],[126.75906290012901,37.723358499303004],[126.76088130027419,37.7229475996852],[126.7610681007864,37.7246572992852],[126.76264169921281,37.7247243992181],[126.7625007002435,37.724098099501596],[126.7626417001435,37.7247243991302],[126.7655074991447,37.7233143003343],[126.76501469874549,37.7203459017427],[126.76301620074399,37.7209063011823],[126.7631329999973,37.721934000309396],[126.7604701997578,37.7201002010657],[126.7586010000166,37.7202994002971],[126.7585792988637,37.7176754023508],[126.75738409936909,37.7172862007945],[126.7572729986216,37.7164412010715],[126.7551104007842,37.7152393022734],[126.7541691995695,37.7170757001457],[126.7504561999517,37.714147702317],[126.7466480999422,37.717950901261],[126.7455564999082,37.717538200534],[126.74646589957361,37.716672200119596],[126.7462741995253,37.710606300225805],[126.7483413996729,37.7096598991176],[126.75016069914679,37.706279199820095],[126.7519599982375,37.7060441998005],[126.7502863994676,37.702070500334194],[126.75261019924051,37.70396339862],[126.75297599901431,37.702649199939806],[126.7527844992058,37.701857400731605],[126.751564899505,37.7020055998231],[126.7527816994263,37.7016478992855],[126.75243329913,37.6989900002511],[126.7515007999324,37.699089700151305],[126.7490546989612,37.6966162982073],[126.7506304997062,37.695836899162906],[126.7528131995101,37.6963076993691],[126.7529747994143,37.6942833002346],[126.7505951990403,37.6916062018404],[126.74896190067359,37.692265401181196],[126.74979120035431,37.6942464003253],[126.74869800042461,37.692395101413],[126.7480138000021,37.6934552013684],[126.7467170003746,37.6936696012808],[126.7460498989056,37.692723199986304],[126.74849139761231,37.691833798011],[126.7481355977782,37.68880350069],[126.74946889724839,37.6861002998178],[126.7480083987089,37.6852514006667],[126.74749849923981,37.6833811024511],[126.7386786004601,37.684272302886406],[126.7395665975384,37.6833045994335],[126.7392255978794,37.6811588015793],[126.7354060985384,37.6812772983005],[126.737893496051,37.6784564011214],[126.73577249715,37.6757104033109],[126.7366718005337,37.676405197824295],[126.7381674992094,37.674308399444],[126.737917499584,37.6728089004689],[126.7364250000359,37.6727883003771],[126.7367494994358,37.671807100699404],[126.7355969998584,37.6711262998754],[126.736974499729,37.6707779996472],[126.7368657000395,37.6701249996136],[126.7373840002936,37.6713941987272],[126.7396137980638,37.6711407989806],[126.73995209772549,37.6696655004559],[126.7371955003472,37.667836797328405],[126.7409947006292,37.6666215976192],[126.7422802010596,37.6648741983489],[126.74452450078469,37.6662853991404],[126.74563639965119,37.6653221989885],[126.7466752001454,37.6656981996002],[126.7485324006354,37.6649642991582],[126.74872660067099,37.6666686997957],[126.75192889905179,37.6670392996837],[126.7511819990886,37.6654362007165],[126.7497726996249,37.6659145005499],[126.7511819991787,37.6654361995075],[126.7498852992825,37.6636692004533],[126.7506450989883,37.663191499463004],[126.7502333999072,37.6602547998956],[126.7527268002848,37.6615951988308],[126.75524879950551,37.6614281994406],[126.7568412986777,37.6593592977832],[126.7564230007513,37.6608302991406],[126.7584590988826,37.6610932989689],[126.7584013992026,37.6599375997379],[126.7613330994467,37.6581132990111],[126.7609251999151,37.657149099782195],[126.762162598917,37.6567600000283],[126.7618192983837,37.655800399837894],[126.7633821985141,37.6521555981879],[126.765124099047,37.651210097415],[126.76574829842279,37.649210099415],[126.7636090005621,37.6467809018442],[126.76216339802761,37.6466267028502],[126.7610869993599,37.6437443993048],[126.7650746014758,37.6437553994553],[126.764854401696,37.6481949950157],[126.7692581972922,37.648236594974094],[126.77120799620751,37.647092195929105],[126.7698692975462,37.6424916005297],[126.7677787966865,37.6418251986953],[126.76960679900411,37.641063297878596],[126.7711302994921,37.6387354983556],[126.7714882993621,37.6363378005967],[126.7704266989452,37.636803800463],[126.7724183981206,37.6358522988993],[126.7739169974525,37.6316838014074],[126.7703104974008,37.6178860009595],[126.7670311993333,37.6170935007219],[126.7688034957159,37.6127409995894],[126.76864739587201,37.6114549008755],[126.765887398632,37.6087440035864],[126.7644478000716,37.6089626033678],[126.7619701025493,37.6102287021017],[126.7631557010502,37.613339102153695],[126.7616297991699,37.6131559035012],[126.75853049799301,37.616240402359104],[126.75910019836431,37.613733701363394],[126.75754759991689,37.6125846025125],[126.7548461016774,37.614386104213395],[126.75101959886291,37.613811902636805],[126.7480742005451,37.6154919012392],[126.7474433001465,37.6173631009356],[126.7448914017582,37.6155640022717],[126.7450574025081,37.6187912010746],[126.7420067011174,37.6204274022329],[126.7406634000292,37.622058001463806],[126.73845249965039,37.621618600218795],[126.737973900129,37.6186507031867],[126.7355099014609,37.6187162042751],[126.7327409042299,37.6206222023691],[126.73325370371711,37.6229861000052],[126.731346901904,37.623857599347],[126.7331932037776,37.6244499985413],[126.7335715003464,37.6263352998341],[126.7308091031449,37.6290452976824],[126.7317492051692,37.630105102303],[126.7325673020231,37.633328400143704],[126.7321451001199,37.6341660011507],[126.7315056990113,37.63386660051],[126.7321450997316,37.6341659991338],[126.7325672993094,37.633328399971404],[126.7317492001275,37.6301051031947],[126.73007179933991,37.6322105998194],[126.7317491981525,37.630105101646],[126.7308090988079,37.6290453018701],[126.7283801012369,37.6301666007488],[126.72831499963739,37.630942300753404],[126.7264222987579,37.6291810037943],[126.723673201507,37.6292866036887],[126.7215731036071,37.633156499818796],[126.7223954027848,37.6343270986482],[126.71452960354101,37.635259601096095],[126.7176946031434,37.6397807985932],[126.7136863036286,37.6414867007335],[126.7147279049023,37.6429465120967],[126.71264429890199,37.639990102447996],[126.70943740111589,37.6424614004019],[126.7099137989929,37.6435577021497],[126.7077608996421,37.6431509015599],[126.7086400981993,37.6427898986993],[126.7062944000283,37.639919001473],[126.7052104011123,37.640237501154495],[126.7036886001585,37.6429860017275],[126.70198779972719,37.6426326004391],[126.7013747003403,37.6412992017725],[126.7005630011226,37.6434794997066],[126.70176160023439,37.6433451997915],[126.701211499596,37.6453231011397],[126.6991011982796,37.6421055999485],[126.7005795969008,37.6383580023551],[126.6980772994031,37.6376405030726],[126.6972808995635,37.6357015014214],[126.69419879694499,37.6379541022837],[126.6958037990171,37.636737699578596],[126.6959019989189,37.6347090016073],[126.6949791995446,37.634529401649],[126.69013700010109,37.6381623013439],[126.6908173977581,37.636253500330206],[126.6887259992626,37.633324000566404]]],[[[126.69519609774801,37.509235699590796],[126.6976551969578,37.508322497757],[126.6980539999472,37.5070136976608],[126.6981941997157,37.5090990990202],[126.6999078988967,37.508935699039],[126.7012854975191,37.507682000292704],[126.7009877985073,37.5067136978531],[126.7032792979585,37.505238199067],[126.7011025993035,37.5035617002896],[126.7029689999285,37.5021807993464],[126.7030876006129,37.503197199413606],[126.7042909006706,37.5025631997669],[126.70570380070279,37.506684797203704],[126.7088408998532,37.5054393985751],[126.70938290106119,37.507072599314],[126.71061659982749,37.5073426990439],[126.7109317003658,37.5065911994337],[126.71194679935071,37.5070097990151],[126.7119662994151,37.5051612996502],[126.71275579990359,37.5061741990844],[126.7132337994256,37.5057332995253],[126.7126273986514,37.503755700088696],[126.71613449819479,37.5010596988953],[126.7165067969138,37.495500199971204],[126.71649810104239,37.496101399562],[126.7177748997656,37.4959541997092],[126.7187255988627,37.4944670001351],[126.717906499156,37.4938926001276],[126.7177727997812,37.492360401122305],[126.7163828980727,37.4914214015756],[126.7173736981662,37.4887447003302],[126.7164977990421,37.487618101456796],[126.71480780035441,37.4868468019851],[126.7135982996147,37.4882184001579],[126.7150131982001,37.484480700954],[126.71410589961141,37.4821745996974],[126.71543910093939,37.4822875992093],[126.7172059009387,37.4848565970804],[126.7216221992388,37.482829597920905],[126.7213390008703,37.4842726985513],[126.7248945013883,37.485323199665004],[126.7241685004687,37.487811800224804],[126.71982780054441,37.4889059004001],[126.71956790080431,37.4895414997645],[126.7209416994305,37.4903905989154],[126.7264230993714,37.490070099390195],[126.7265976986233,37.488156699861996],[126.7286563991134,37.4866827989383],[126.7304188000425,37.486623699247005],[126.7322390999195,37.4887953989414],[126.7335471001209,37.488699499446604],[126.73514759947811,37.487821399150704],[126.73517309807809,37.4850967994897],[126.7383740994993,37.4836344998333],[126.73815089974089,37.482968999227694],[126.7383741008916,37.483634499095004],[126.7418165998375,37.483254499226],[126.7458164000845,37.485055999259004],[126.7466037012093,37.487180699184606],[126.7451614013789,37.487946000764],[126.7436899999744,37.49164480027461],[126.7411616995419,37.4918419004243],[126.73901409926,37.4888870011217],[126.7374083995961,37.4889731007011],[126.73514760081521,37.4878214013647],[126.73398690061191,37.488265401763904],[126.7337595008393,37.48966390036539],[126.7335470999016,37.488699501096505],[126.7326918007569,37.489399000397],[126.7326370002755,37.4923930999788],[126.7300712007516,37.494567099954196],[126.73030470064721,37.4967853990907],[126.73104450127529,37.4967385995659],[126.7303893010333,37.4975930995268],[126.7318219006663,37.498019899954606],[126.7304902011095,37.4986063003548],[126.731308400543,37.4993257003306],[126.7304902006493,37.4986063007974],[126.73059840012381,37.499737401305204],[126.7272831013666,37.5012654008262],[126.7275348012741,37.503705499904605],[126.7288279010803,37.503791099324],[126.7303308002527,37.5058659994746],[126.7325708001259,37.5072005998713],[126.7315546008811,37.507175000356796],[126.7309015003457,37.5088893999835],[126.729107800314,37.509813900406094],[126.7291795008481,37.5113881996709],[126.7303342008129,37.511339800238204],[126.7290569009525,37.5117203004853],[126.7288121012036,37.51309529922381],[126.7326081013177,37.5147147000273],[126.7321183006252,37.515869499747204],[126.734496200379,37.5177857000855],[126.73348400077191,37.5175376008077],[126.7326026009709,37.5205268999288],[126.7310267004614,37.5206064013488],[126.7308580003082,37.5219582004092],[126.73050759942049,37.520650501299905],[126.7290629008652,37.5210453009051],[126.7299690006672,37.5227405998712],[126.7296747016757,37.5241979985549],[126.7313899999604,37.5259729967799],[126.73365430007179,37.5255434985517],[126.73667880032221,37.5278279999766],[126.7349495013416,37.5284412998889],[126.7363725999185,37.529046699283505],[126.73648180024081,37.5300052992946],[126.7381529006783,37.529904299397096],[126.7397532000863,37.5309944995451],[126.73821630179981,37.5313942000248],[126.7383556017246,37.532714999309505],[126.7405095995706,37.5337116983128],[126.7412504988297,37.533235498789004],[126.74118849990201,37.5319667990464],[126.7418071011016,37.5336267980552],[126.7434871997096,37.5331544986481],[126.7443604999201,37.5355611991742],[126.7458283010076,37.5355924992378],[126.7464988001539,37.536586398978095],[126.7470543007721,37.5361009994006],[126.7500058987069,37.538201698266604],[126.75160580149509,37.537895997713804],[126.7527599033026,37.5404280983166],[126.7557698002927,37.5419851967595],[126.7530088992333,37.5426869005153],[126.7527598990699,37.5404281022981],[126.7480480012219,37.5410041002334],[126.7456342014431,37.5427395010121],[126.7454433008109,37.5459952987308],[126.7473491003377,37.547350199558494],[126.7462852013757,37.547971299930204],[126.74845500113851,37.549073298555705],[126.7478755015519,37.5524108995492],[126.7485369009518,37.5544775983853],[126.75179019988481,37.558545697645705],[126.7543117017413,37.5575262981314],[126.75773770040011,37.557857399304005],[126.7598165997549,37.5591642989111],[126.7612608999313,37.558798398333],[126.7615281999384,37.5609571006768],[126.75917840090659,37.5621478001765],[126.7596514006665,37.562835299972505],[126.7587506003095,37.5634022008235],[126.7560926018978,37.564347601345396],[126.7559419010648,37.5689235985326],[126.7591384008461,37.569518598479405],[126.7596820001871,37.5716843997742],[126.7609224036898,37.5723925979889],[126.7597434002468,37.572816701178894],[126.75984220011459,37.5740932001544],[126.75705050045711,37.573082800323],[126.7558009992496,37.5737991014928],[126.7560836974973,37.570276501944],[126.7554964981271,37.568926700175496],[126.7533707002529,37.567738401363805],[126.75185050099671,37.567899302393],[126.7504947018667,37.5699841009502],[126.74782790181861,37.5704190002847],[126.74673870296239,37.5727140981436],[126.74693300449489,37.5759257991876],[126.75010000120321,37.5792448995102],[126.7446228996145,37.580454501542604],[126.7437780004594,37.5799824020147],[126.7428263014111,37.5825859994111],[126.74431360332319,37.5832173013157],[126.7433383007487,37.5827295021458],[126.7416863016713,37.5844892010987],[126.739686599426,37.5824212018562],[126.73708220203041,37.5833946008828],[126.7366111016328,37.5846242000661],[126.7381252031019,37.5862125001347],[126.7357988998941,37.586743800868],[126.73432699911889,37.5835256026472],[126.73041720029241,37.583597401911305],[126.7294855995125,37.5844892008689],[126.7288064986958,37.5816247028035],[126.7264605986408,37.582759002441605],[126.7249045987366,37.5785677997186],[126.7228778007634,37.5764290018574],[126.722970200671,37.577500900785495],[126.7214519980161,37.5775602004988],[126.72205289522739,37.573688600154796],[126.7203728969074,37.5710666027768],[126.7155711002939,37.569175603960105],[126.7142622012923,37.570699902780504],[126.7093607996112,37.5701042011772],[126.70851089966,37.5712726999854],[126.70803149850481,37.570358799112704],[126.7093607979823,37.5701041986595],[126.7108261976986,37.5682773987999],[126.71557109860781,37.5691755972065],[126.7167220974568,37.5683369980451],[126.7184469979716,37.563908798430504],[126.71691349894701,37.56138759892271],[126.71989659486749,37.5577093984144],[126.722000598719,37.5574775994843],[126.7222999987292,37.555998799501594],[126.7232647994623,37.5559908988597],[126.7221981993595,37.5545561000224],[126.72262769893,37.5535454010331],[126.7204086986974,37.5527363018187],[126.7164771980343,37.5477367033628],[126.7155230990701,37.545492000003],[126.7162746990247,37.5431264007893],[126.7146493999438,37.5440495014455],[126.71258570076121,37.5438244006611],[126.7130014987671,37.544451700634106],[126.71145919815709,37.543752102179],[126.7107617965399,37.538934001132496],[126.7114672001849,37.5379566991055],[126.7118305999773,37.5390062984974],[126.7132213985865,37.5389945985091],[126.7134962987313,37.536805000202],[126.71200349813479,37.533795600430395],[126.7107483993899,37.5330583011677],[126.7100912998923,37.533909800288406],[126.70839029953541,37.5330131003644],[126.70723809894069,37.5305172997341],[126.7084166985477,37.5298461994932],[126.7083781999976,37.5288093990338],[126.7098712995717,37.5286042994307],[126.70954039945079,37.5278564989123],[126.7120022997037,37.526100399250396],[126.7120096998334,37.5253546996009],[126.71303570004281,37.5253676993517],[126.7135120999643,37.52393459960199],[126.71444359903279,37.5242060993305],[126.7162389971528,37.522618199974595],[126.71596969677461,37.5198447016204],[126.7126522978031,37.5200634015465],[126.7125549977183,37.5185777009615],[126.7102035980132,37.5187642001016],[126.7098430991312,37.515894099304994],[126.7101066008385,37.5176849990233],[126.71255499839009,37.5185776981306],[126.7124529984921,37.517023499684804],[126.71566280064141,37.516826399281896],[126.71582120048299,37.5183837977245],[126.718788197516,37.516629899478396],[126.7132380991327,37.5126948038917],[126.715892297849,37.512523199608296],[126.71582529791601,37.5119777001538],[126.7130949980252,37.5111969011566],[126.7129386975803,37.5094514001755],[126.7107729998474,37.5073388002455],[126.7091147014043,37.508237701389206],[126.7092990013545,37.510196800892906],[126.7067153013302,37.5128317003416],[126.7050490001366,37.5129313016786],[126.7046316002114,37.5146440006195],[126.7037032984745,37.5148030028704],[126.7024463993091,37.5129217012689],[126.70166329886321,37.5133799009069],[126.7015914988231,37.5125257010711],[126.699943098586,37.5121520002684],[126.701507998192,37.5118035998571],[126.7013516983483,37.5104946011661],[126.6999078997921,37.508935702725005],[126.69519609774801,37.509235699590796]]],[[[126.6340561993173,37.593127800110494],[126.63612759880249,37.5934830975449],[126.6369768014623,37.5910104981223],[126.63738560130601,37.5935140987985],[126.6439196000582,37.594915999475],[126.6445974993803,37.595731898659096],[126.6461240978537,37.5952842991067],[126.6491740975771,37.5936193970798],[126.64727290016491,37.589156891966496],[126.6486560032943,37.5895883985867],[126.6475792017812,37.5899177998916],[126.6491741027036,37.5936193991719],[126.6486618016719,37.5964995976365],[126.6518517997617,37.5970994976166],[126.6523160012804,37.596083400034296],[126.6516501023802,37.597658099562494],[126.6519518020785,37.5996003976202],[126.6565495989233,37.5994971975761],[126.65856529690761,37.5980254990478],[126.6567278983111,37.594964897221004],[126.6576623990655,37.5924517975521],[126.6619198987983,37.5931889962121],[126.6649247989876,37.5897923997041],[126.6646527978568,37.5842636032523],[126.6616784996434,37.5838673019645],[126.66120819858621,37.5831530960957],[126.6619501978442,37.582667696581105],[126.66499659887539,37.5840654952974],[126.6695616988521,37.583993193404304],[126.6726859957278,37.5809667964307],[126.6725269958868,37.578397499000005],[126.66969839865651,37.5762721992637],[126.6699773011065,37.5768939993781],[126.67473319982001,37.5769244980258],[126.6757594987937,37.5748854000649],[126.674578097242,37.5740048996165],[126.6767609980274,37.5720867005252],[126.6747933986067,37.5684268013683],[126.6698385007583,37.5684330018154],[126.6687113021151,37.5708123020663],[126.66461679903871,37.5711538021178],[126.6637764993128,37.5697799999353],[126.6645287994342,37.5676147998764],[126.6670302009437,37.5703698000343],[126.6684958996804,37.570791399619495],[126.6711822936015,37.564353999671205],[126.663761392629,37.5611968974356],[126.663937999431,37.558079199276705],[126.6644780988909,37.5580997992561],[126.6638577995112,37.5562130011429],[126.66187090149809,37.5554818018741],[126.6612096994273,37.556552200603896],[126.65844419823351,37.5525634018855],[126.6609220000171,37.551650399394],[126.6615565993825,37.550995400049],[126.6610938998452,37.5501085009359],[126.65954479873251,37.5500666998322],[126.6642460991617,37.5483088991509],[126.6639766992678,37.5468523995657],[126.6646315995776,37.5463753994366],[126.665137899957,37.548926497385],[126.66617580118161,37.5494857966845],[126.6682639990934,37.5479434982268],[126.6674257971228,37.5407957024824],[126.6642974002512,37.5404240028541],[126.6633543995694,37.5424134011919],[126.6620816996175,37.5404376998413],[126.6675530975894,37.5398696984362],[126.669626898155,37.537915198315304],[126.6695871999671,37.5362148985924],[126.6696269020354,37.5379151985415],[126.67035060131171,37.5383658980908],[126.672947298715,37.5381104983462],[126.6739481965161,37.5356751988276],[126.6763304971634,37.534512498243],[126.6755144979794,37.529205103550396],[126.6702370999961,37.5297742025535],[126.66967789983009,37.5313221014936],[126.6680758978504,37.5301305019466],[126.66820659900111,37.5283582012893],[126.66697329992779,37.529294800529705],[126.6673916994223,37.52803230103],[126.6667015000158,37.529005200158004],[126.66548779928239,37.5288559009926],[126.6617027983572,37.5255452972105],[126.66258299762539,37.5248140978343],[126.66336979953729,37.525388097315],[126.6650440975653,37.521682500771],[126.6670515990145,37.5220580985761],[126.6669851989075,37.5190278005794],[126.6655346994715,37.5190690007175],[126.6654598994684,37.5179695008423],[126.664014298789,37.5178844000329],[126.6654509985384,37.5178386993516],[126.66541889905831,37.5159634996339],[126.6662765999159,37.5161522988053],[126.6664698001739,37.514946299571896],[126.6675026000685,37.5153587991795],[126.6711248995378,37.511703700018295],[126.6683350994223,37.5088806004946],[126.6690798991122,37.5088637997781],[126.66901029910079,37.5077467007799],[126.6682583994136,37.5077645002046],[126.6689866990778,37.5071649004812],[126.66819979975689,37.5065464998437],[126.66903449899439,37.5058383997972],[126.66812179973739,37.505484200061],[126.668508799723,37.5026893000709],[126.6665832980203,37.5011004993418],[126.66853239915581,37.500984299678],[126.66780159930751,37.499907500157796],[126.6688050992814,37.4998097999551],[126.667745699846,37.499226798987905],[126.6716912980992,37.4970930000512],[126.6716242980784,37.4958472000752],[126.6734747980709,37.4945636000676],[126.6733496981261,37.4924819008492],[126.6714183981418,37.4925651008566],[126.6713118981457,37.4907571010061],[126.6677166985335,37.490010599146],[126.6711417999073,37.4879968980876],[126.6747365002761,37.4878929994058],[126.6755815004486,37.4993560999331],[126.67676560055439,37.5007061988233],[126.6781239023186,37.500238000367005],[126.6782192022233,37.5017981988068],[126.679707500735,37.5036462969587],[126.6818504023361,37.503133499951694],[126.68172940199729,37.5060377981426],[126.6839289009046,37.506501498755796],[126.6834463002638,37.507299801501595],[126.68163970061461,37.5074707004311],[126.6822954014147,37.5085172002842],[126.68079350107479,37.5111514000518],[126.6786885008121,37.5097430013423],[126.67882520007281,37.5119921011993],[126.67802180006849,37.5108648011612],[126.6767287000703,37.5109219011744],[126.6760152007838,37.5129097991865],[126.6766341004776,37.5163741996705],[126.6784089992771,37.5176061983952],[126.68112000021101,37.5169408992665],[126.6807693008403,37.5178864988652],[126.68243430019619,37.5190510978999],[126.6837021015511,37.5177171984158],[126.6855478003771,37.5213665987587],[126.6872095992753,37.522595598042905],[126.68765070175941,37.522015099372595],[126.6856059004864,37.5228539009898],[126.68510310098921,37.5239652998784],[126.68631710094199,37.524840899046104],[126.687382300966,37.5240621996732],[126.6875998007485,37.5248986988367],[126.68890620192461,37.5238837999416],[126.6825896025061,37.5294441995111],[126.6850992040832,37.5412878961665],[126.6872660019164,37.5411538963005],[126.68831070090751,37.5446026978014],[126.6897120006392,37.545259198912795],[126.6877538038347,37.548664697614704],[126.6910274005611,37.5518345944448],[126.6959483015216,37.5511332986341],[126.6925671015658,37.5516821011909],[126.6934040007289,37.5529223999506],[126.6929400006878,37.553143501840395],[126.6925670992625,37.5516821019718],[126.6910274008022,37.5518346018193],[126.689821902123,37.555161401690505],[126.689517499753,37.5545489029235],[126.684965504305,37.5576536998187],[126.69148470524631,37.5637552007842],[126.6881183017089,37.569489803233],[126.6854380004905,37.568091202164695],[126.6836529022756,37.5693954008605],[126.6812700019557,37.5691271010265],[126.6806367054047,37.5729466007904],[126.6805356038643,37.5753144020069],[126.6817017026982,37.5771694001519],[126.68416950113689,37.5781257999394],[126.6837549015515,37.5802925977726],[126.68579580141079,37.5837482945535],[126.6908061019031,37.587474398598296],[126.6917149006016,37.5872702014936],[126.6864987043872,37.5883396031777],[126.6823014058234,37.5909647037674],[126.6819758061339,37.5941256030503],[126.6759402003734,37.598765802931304],[126.675794597472,37.6010644047362],[126.67126359944031,37.598782705258],[126.66768470301919,37.5996343044064],[126.6658365048674,37.6021164019243],[126.6674938032101,37.607138196902504],[126.66686680015559,37.6064662005344],[126.66375460324001,37.6086620984334],[126.6633583000751,37.6100821004249],[126.66191819938071,37.6098013006684],[126.6601431011558,37.607394903074805],[126.6577937994898,37.607304504326095],[126.6558176995713,37.6058254047513],[126.6515052997554,37.6071085013927],[126.646745099631,37.605268300355],[126.6500364979806,37.600259700364106],[126.6459398004874,37.598534902537395],[126.6412895018944,37.5988555016203],[126.6396702996591,37.6021011021374],[126.6385194991287,37.60128859999249],[126.63955729890061,37.6012975995908],[126.6400253984325,37.5988376020508],[126.6394690980213,37.5976987009862],[126.6373293001611,37.5975348011501],[126.6367625995166,37.5947551010052],[126.63594309960371,37.5948389000316],[126.6361275991284,37.5934831003938],[126.6340561993173,37.593127800110494]]],[[[126.6586286989232,37.6488489021734],[126.6601158983747,37.6488347980367],[126.6614480970425,37.6467997000718],[126.6612533972372,37.6449623019092],[126.6598011977463,37.6430141996074],[126.6598547986683,37.6417736997578],[126.6613382986577,37.642259398676],[126.6615945985938,37.6407584997528],[126.66007409857231,37.6398576966189],[126.6616682969781,37.6382526982239],[126.66373579954009,37.637571197918],[126.664450201053,37.636035698227],[126.6660046012473,37.6367147997903],[126.66579250000909,37.6372946003385],[126.6660045996301,37.6367148005843],[126.66482020081449,37.636976000323095],[126.6660007002266,37.6391513999215],[126.66752490021291,37.6396863973654],[126.6713183999376,37.6368368995296],[126.6729483003393,37.637119799822],[126.6729833006148,37.6379944994642],[126.6741104994876,37.6385558989028],[126.6761619995968,37.6375568984937],[126.6765671008995,37.6382125988951],[126.6793910015217,37.6381640986915],[126.6778861009376,37.640964100085895],[126.6786988010941,37.642572799096506],[126.6781447008431,37.6439226997477],[126.6788265998875,37.6441952005937],[126.6755474990505,37.642806300312294],[126.6763968982081,37.6425527989529],[126.6759454986595,37.6403123011934],[126.67361980074679,37.640615000686296],[126.673123600871,37.6431178001939],[126.67430540070549,37.6454082996426],[126.6794325999513,37.6469506984825],[126.6805980997928,37.645226199415404],[126.6827358996258,37.646297599239695],[126.6867149004239,37.64526759921149],[126.686014501377,37.6477970979507],[126.68769130044839,37.645736099524],[126.6904358012445,37.6477850971569],[126.69143440019971,37.6501991972491],[126.6952870989697,37.6483986963496],[126.6977909003375,37.649199800308295],[126.69629290067151,37.649892700413204],[126.6971244009713,37.650981699565605],[126.6961132009026,37.6513621008904],[126.6953362013916,37.6535642996702],[126.6968465021208,37.6538398015805],[126.6944515002522,37.6544507009571],[126.6941089997605,37.6536130012694],[126.69301320007449,37.654610401099],[126.6913315001731,37.6546992007064],[126.6881973010503,37.6537803013885],[126.68607970158699,37.6558991012815],[126.6858211032858,37.6587560005058],[126.68525589941581,37.6584881013491],[126.683356900513,37.6606139000364],[126.6841534001651,37.6619372990368],[126.6851724992967,37.6611627997575],[126.6842351003032,37.660714099377],[126.6851725077367,37.661162809722],[126.68184860515049,37.662762811949506],[126.676774399804,37.6600487020679],[126.6735529999646,37.660752300826395],[126.67554799818551,37.6596963976995],[126.6769255968079,37.657513099882806],[126.67386489858549,37.6547322991194],[126.6755784988172,37.655755397792895],[126.6772899971057,37.6547881987601],[126.6758771985185,37.6523375012108],[126.67237520007521,37.6523293015224],[126.67079819978679,37.6511554004396],[126.66989289984619,37.6516615000709],[126.67079819887249,37.6511554004752],[126.67111549816529,37.649256000530904],[126.6691824999497,37.6497250001098],[126.6678627005338,37.6487377009976],[126.665108099752,37.6496286013815],[126.6643340994913,37.651211001106205],[126.66251109832301,37.6494736011841],[126.658910599205,37.650219300516504],[126.6586286989232,37.6488489021734]]],[[[127.0951954986198,37.501941399852],[127.0963050999824,37.501152599641294],[127.10044269960571,37.5014275996344],[127.1022673994056,37.499876698685505],[127.10525669932579,37.500042399463496],[127.10522849992509,37.4993530996158],[127.11048769968,37.501301998553004],[127.110790299567,37.499896599517896],[127.112251399203,37.4992980996537],[127.11153069976301,37.498830399713306],[127.1126826994646,37.498829099640105],[127.11220929994231,37.497069399625],[127.1145856002149,37.4976796999784],[127.1123960003535,37.499343599848906],[127.1131022013569,37.5001878995777],[127.1124138017756,37.5018099005325],[127.1138033011408,37.5026187011158],[127.1130234008056,37.5043130006048],[127.113855701572,37.506631500095],[127.1122021009529,37.510280099495006],[127.1126600011564,37.5110200006745],[127.1098560002573,37.509645200956804],[127.109787900282,37.5107485010124],[127.10918269965791,37.5099928007158],[127.10781880041401,37.5106689007227],[127.10737710008749,37.509793301053],[127.10592239911689,37.510591101540896],[127.1048257990693,37.50986340178],[127.10269670045399,37.5103572010757],[127.1026156999071,37.5119320001576],[127.1018296997944,37.5113716000133],[127.1023610998342,37.5099122007459],[127.10033380061161,37.5120566001748],[127.1012784996669,37.512369399861996],[127.1014642001599,37.5118111995737],[127.10139400095309,37.5133883987469],[127.10314539992281,37.512849799392995],[127.1035574004925,37.5149067004814],[127.1015722002064,37.5152352012228],[127.1011559994553,37.5136598012618],[127.0993550007552,37.514454301265594],[127.0991750997278,37.5134865002858],[127.09625219911169,37.512741499969295],[127.0990859004394,37.5130058978766],[127.1004582998433,37.5105582998431],[127.1016675996711,37.510857199626194],[127.1023610989776,37.5099122005712],[127.1022550982284,37.5082207008107],[127.1001800995925,37.5071392998659],[127.0999880988213,37.504241400232395],[127.0971499994815,37.5043908007149],[127.0964765989895,37.503216600493104],[127.0953949988082,37.503351000559704],[127.0951954986198,37.501941399852]]],[[[126.7798276986742,37.4378073000058],[126.7808016990406,37.436913600000096],[126.7804571997537,37.4360433998413],[126.78587929993401,37.4348718973105],[126.7868549989583,37.4336081985742],[126.7886826000946,37.4349184985117],[126.79000309974181,37.434003499035505],[126.79169950186929,37.4352169988886],[126.7910843024478,37.4362963008964],[126.7919938015383,37.4378375993551],[126.79356660056061,37.4381361004526],[126.7929922002628,37.4395802003906],[126.792370800265,37.438820100764104],[126.7905579012746,37.4390143006137],[126.7919753009031,37.4402331001011],[126.7906938001285,37.4433934999961],[126.7917561001823,37.4458077979553],[126.7931785994289,37.444344299502795],[126.7928682002391,37.4435051997939],[126.7939579000993,37.4447360998381],[126.7948442001267,37.4441602996353],[126.796875099997,37.444441699801196],[126.7978926001549,37.4454082996036],[126.7998003001095,37.4450801999264],[126.799935299982,37.4458936992232],[126.801175800426,37.4453774987582],[126.8008962007643,37.4467659006174],[126.7995270021335,37.4476133997699],[126.8015154025743,37.4535361028827],[126.80009470027291,37.4521406016958],[126.7970590993311,37.452914902029406],[126.79385019894289,37.4562203009888],[126.7922065990167,37.4533095027559],[126.78949400172931,37.4531471029183],[126.7879937996168,37.4550344009903],[126.7885497993416,37.453910100715305],[126.7875247993169,37.454348600636],[126.7885497987802,37.453910099866505],[126.7875701994982,37.4519077998455],[126.7887028996605,37.4514182993711],[126.7894939998978,37.4531470985401],[126.7922065972719,37.453309498179806],[126.7919003975781,37.450679400809896],[126.7903133991651,37.4504108010785],[126.7895456994357,37.4494208004788],[126.7899426991243,37.4485129004878],[126.7888787999811,37.4483056006015],[126.7885598001299,37.448922700257896],[126.7863798996557,37.447750200384704],[126.7892342987958,37.444762400447004],[126.78871599908709,37.4439195009332],[126.7866995999843,37.4442765010062],[126.78621729998041,37.4434854009868],[126.78514289944259,37.4441484004002],[126.7845849000006,37.4427604017882],[126.7829789003129,37.4433658010021],[126.7822265996912,37.4423784006488],[126.7802699993937,37.4419582004735],[126.7810701991269,37.4418959998466],[126.77981509954259,37.4386912000026],[126.781158398663,37.4382477000008],[126.7798276986742,37.4378073000058]]],[[[126.7611544992959,37.7454118999345],[126.7744161019795,37.7449335979635],[126.7781002014077,37.7475867974708],[126.7785437005324,37.7509365000055],[126.777779400762,37.7516343998153],[126.77969659937949,37.7516020993399],[126.7792339000238,37.7504160993858],[126.7806602013086,37.751168799969506],[126.78067390129489,37.7519898991484],[126.78000690037321,37.7519938009637],[126.7799962006893,37.7529561012199],[126.77856969982341,37.7529507002025],[126.7784024996365,37.7519809007544],[126.7769923006273,37.7517759009576],[126.7763694002482,37.752920000713004],[126.77530130090969,37.7528652007613],[126.7763334005185,37.7552995988919],[126.7769551998967,37.7553086988828],[126.77767759993661,37.7534777994693],[126.7778897006732,37.7541548004499],[126.7745200010054,37.7574299995973],[126.7751243004011,37.758200898826395],[126.7796164000045,37.757760499065704],[126.7805475002092,37.7581833997051],[126.7806588002731,37.7599855992761],[126.7825157004213,37.7604648995334],[126.78196270117759,37.7617682986225],[126.782840901382,37.763258800446906],[126.7829151028661,37.76817349890101],[126.78464630277841,37.7706147041347],[126.78287139753091,37.7703135037706],[126.78029750010481,37.7714442026399],[126.7791294012729,37.7737707003134],[126.7797278006549,37.774315301668494],[126.77820339942609,37.7738698004358],[126.7791293993111,37.7737706998834],[126.77884019960031,37.7716512020029],[126.7767001003079,37.7739019004351],[126.77471920030091,37.7712698018259],[126.77455370029149,37.773160600561496],[126.7732071010838,37.7717008017858],[126.7701296980416,37.7730066022141],[126.769654699749,37.771365201105496],[126.7685236974695,37.7708102008342],[126.7679009981221,37.768051401993894],[126.7648543999535,37.768464300459996],[126.7634087995355,37.769527500207104],[126.7646920986338,37.7680387006511],[126.76502289579871,37.765305501052296],[126.7638442951503,37.7620901013764],[126.7658369981451,37.762577499121996],[126.767016096966,37.7599918017077],[126.7652489976763,37.757875901919405],[126.7649932957558,37.754120100644904],[126.7653311998588,37.7519639994884],[126.7672035985324,37.7493188011575],[126.76518150055449,37.7452956051807],[126.7611544992959,37.7454118999345]]],[[[127.12590989889699,37.515957699855804],[127.12663519954529,37.5161896999778],[127.1293919984399,37.5138878993929],[127.12858489952501,37.512643600087195],[127.1274376997978,37.5125897000764],[127.1280807000593,37.5119016997211],[127.13036040007191,37.5123462997585],[127.1316481996098,37.513614499179404],[127.1318483999051,37.5128473994371],[127.1334544000848,37.5129457995534],[127.13366600012971,37.5141919995822],[127.1356798005265,37.5146046996067],[127.1340189004452,37.5169518002464],[127.1336169998998,37.5163304005533],[127.13298970052709,37.5168349000488],[127.133655600494,37.5179067997478],[127.13292750062179,37.5197085004053],[127.133405698489,37.5178601004306],[127.1305563013384,37.5180098002809],[127.130230398639,37.5195366010941],[127.1271140993433,37.5184188003883],[127.1266351992047,37.516189700558996],[127.12590989889699,37.515957699855804]]],[[[126.6972121992683,37.4726174004009],[126.69799829944489,37.4721183000808],[126.6983337991511,37.4690288996322],[126.69957499989519,37.467454599123805],[126.7005003009308,37.467261099869],[126.70082620132669,37.4681766992874],[126.70368650002361,37.4671038993738],[126.70522960056759,37.4683109991758],[126.7055208999622,37.4695281993473],[126.70638629938951,37.4681864003297],[126.7063483998756,37.4654058991823],[126.7080763999396,37.4657473989351],[126.7081580000239,37.464664999581096],[126.7080764007961,37.465747399407],[126.7101700009417,37.466772600268],[126.70934010055811,37.4671872009357],[126.7095268003714,37.4681313999915],[126.7080779007023,37.4681648011642],[126.7076124000673,37.47226170085],[126.7051244007237,37.473487801063804],[126.70527660057151,37.4746161999354],[126.7039965999188,37.4747657003879],[126.7025944009494,37.476314002106804],[126.70200400009671,37.476547701979996],[126.7019535995496,37.4754066008734],[126.7001375984546,37.475458800542896],[126.6972121992683,37.4726174004009]]],[[[127.0306634993843,37.64881529934],[127.0305655997121,37.6480897993551],[127.0317643995697,37.647942499565],[127.03126329973621,37.6469897995464],[127.03265810056091,37.6448537994192],[127.0352732999691,37.646160199243695],[127.0358186006659,37.6454464994159],[127.0357390009275,37.646030399484104],[127.0387604002824,37.6477027994372],[127.0392853007709,37.6490977005364],[127.03787409993,37.6497489010152],[127.0371848006193,37.6509789997851],[127.0378617003245,37.6514332001709],[127.03601059976249,37.651929100479094],[127.03599869952099,37.651232200367204],[127.03322849977121,37.6517152000238],[127.0324961998671,37.650396800559506],[127.031234499916,37.6503060005464],[127.0306634993843,37.64881529934]]],[[[126.622851699709,37.6441953998412],[126.62431629957301,37.6439172994251],[126.6240804994773,37.6428223992602],[126.62442280073951,37.6433989988514],[126.6281404999543,37.6428371984901],[126.6288815992343,37.64055719804681],[126.6291945001629,37.6413199993712],[126.630557600023,37.6401684994714],[126.6294620010964,37.6418159002303],[126.62952050089,37.6436801992513],[126.63125890018901,37.6448880988047],[126.6328278006879,37.64330149998],[126.630825900546,37.648175900535996],[126.6280196009762,37.648799602156494],[126.62475429987761,37.6469634004203],[126.622851699709,37.6441953998412]]],[[[126.898226999117,37.431532600064195],[126.89862949765539,37.429681300016895],[126.90027289854021,37.429558998745996],[126.90070439971089,37.428134199427],[126.9027274999121,37.4291206991874],[126.90489219815001,37.428251600101206],[126.90185750021101,37.4274629007817],[126.901586998477,37.4267252988328],[126.9027826992843,37.4275637995394],[126.9030843992408,37.4265608997432],[126.9052154003063,37.427104299232006],[126.9051319014928,37.4303834974314],[126.90552990109481,37.431136796678096],[126.9083356020845,37.4318542998584],[126.9073429036914,37.4339447991651],[126.90873160246899,37.4354291993483],[126.9066000010681,37.435149201723995],[126.9052300024381,37.4362045006687],[126.9060284005153,37.4394269999328],[126.9046384002307,37.4388441009479],[126.90439880047029,37.440389299402696],[126.9052954003925,37.4399606004472],[126.9034089998484,37.4413829002514],[126.9031253997663,37.4405488008833],[126.901052298233,37.4400508995769],[126.9003296986148,37.4333912012317],[126.8996214981528,37.431837700714205],[126.898226999117,37.431532600064195]]],[[[127.0985940997913,37.5438475997896],[127.1004606991893,37.5434722997516],[127.1008130997941,37.5421222966593],[127.1022276002128,37.5418026997432],[127.10146300060859,37.542809599669596],[127.10268860066739,37.5428245994943],[127.10325049958401,37.5438906991216],[127.1037579002662,37.5424049995693],[127.1057714009243,37.5428435000821],[127.10570850001571,37.5439346994393],[127.107024901068,37.5444191998959],[127.1057887007841,37.544892300859004],[127.1053974011754,37.5459296998216],[127.1059834005894,37.5464256993256],[127.1088159004284,37.546322100911496],[127.1059494000306,37.5490564018495],[127.1044906004201,37.5484456007955],[127.1015198998197,37.5489203018408],[127.1012138984364,37.547543701046095],[127.0998079998423,37.5468432017466],[127.0980420998887,37.5473409999516],[127.10017069760171,37.5458851996236],[127.0994981982742,37.543992201516595],[127.0985940997913,37.5438475997896]]],[[[126.87381089707159,37.415309298461395],[126.88163869808899,37.4112540953974],[126.8825762002595,37.4116127984603],[126.8838790990166,37.4101425998592],[126.88415929911949,37.4073642988557],[126.8840714010929,37.409136998641],[126.888986400894,37.412303598765604],[126.8911236987567,37.411705399363804],[126.89236119995249,37.4096366977391],[126.89428490050321,37.4090456991063],[126.8933640011987,37.409315199961405],[126.8936049009578,37.4107792984973],[126.8948795019203,37.4114302039914],[126.8920065027846,37.4120759045706],[126.8914945032966,37.4160568005897],[126.89199450279659,37.4174898991566],[126.89516399971339,37.4187809979639],[126.8960998008904,37.4178450990908],[126.8947760003118,37.4201079014888],[126.8937567996376,37.4180386002308],[126.8920254011499,37.4175909007283],[126.8930872004692,37.4205719998656],[126.8922352011736,37.4209040000025],[126.8918348009703,37.4231627006888],[126.8903991012096,37.4214863016958],[126.88707550204029,37.421499303153404],[126.88565130346451,37.422809401843296],[126.8852743985266,37.4287471031704],[126.88112699474041,37.4274149033021],[126.8776219967159,37.4237912054205],[126.87498929664329,37.422662504438804],[126.8765009974263,37.4208118004014],[126.87381089707159,37.415309298461395]]],[[[126.9043320966838,37.4203746030793],[126.9068119955285,37.4174074965768],[126.9063966983598,37.414087199359194],[126.9056194986982,37.4133796989583],[126.9069321998569,37.4130297990576],[126.9079423992567,37.414055399112804],[126.908730999349,37.413102798998395],[126.9092701004063,37.4142632986782],[126.9109547998981,37.4128673986471],[126.9113493001194,37.41382869931],[126.9135153003678,37.412980600207995],[126.9121225003902,37.4145964004206],[126.9124612001591,37.4157399995466],[126.91365489999319,37.4157453994398],[126.91323130019691,37.416938301175996],[126.9110216002377,37.4177347003981],[126.9108793001144,37.4186848001921],[126.9095354004602,37.417934200465595],[126.90696850057971,37.4197436008404],[126.9058141002802,37.422926700691],[126.90298139987681,37.4232893003929],[126.9043320966838,37.4203746030793]]],[[[126.4881289992784,37.4941253000232],[126.48872109943241,37.4929600000102],[126.4878997997694,37.492472899683406],[126.4896280995532,37.4911149988626],[126.4912431002167,37.4918842996789],[126.4935054989745,37.490867399288],[126.4929878986466,37.4896592990827],[126.4934890996424,37.489122598793905],[126.4952234001508,37.4914529980971],[126.4960597000648,37.489245499275405],[126.4977080004494,37.490316099084204],[126.4985412012296,37.489928899416306],[126.49936530061119,37.491033099739106],[126.49848960126229,37.4914624001166],[126.4989629012361,37.4928805001123],[126.49840590033139,37.4945920004582],[126.49397259992071,37.4949097026288],[126.4920585018348,37.4968942006443],[126.4918065996619,37.496048400450796],[126.4906096995241,37.4965957007535],[126.4881289992784,37.4941253000232]]],[[[126.63746709866699,37.641985400551],[126.639290796545,37.6400428990941],[126.64112889730569,37.634515200566604],[126.6433666998313,37.6338834997724],[126.6456395007653,37.6352909991609],[126.6471937015179,37.6349603014541],[126.6471802015314,37.6364454999689],[126.64573080144669,37.6369641008263],[126.64611620106129,37.6391711986192],[126.6475831016792,37.6393771982927],[126.6492973021205,37.6414629999644],[126.6517566996611,37.6419155995118],[126.65208730300361,37.6407965003958],[126.651543800306,37.6427398018277],[126.6513610998433,37.6416484010725],[126.6487018996989,37.644082600856095],[126.6467791016217,37.642553402385296],[126.6427168012579,37.646531801474296],[126.641837100066,37.6441600025477],[126.63668579980059,37.644537200813105],[126.6376267993716,37.6432759994907],[126.63746709866699,37.641985400551]]],[[[126.6146537986893,37.54960289809679],[126.615701501854,37.5504126972921],[126.62223010832679,37.5504222950606],[126.6269349001571,37.5551877994185],[126.6324117948824,37.5577763965722],[126.634788697772,37.554299897049],[126.63742789937251,37.5575842975149],[126.6395030972973,37.5570972980019],[126.6395203995106,37.5539720990854],[126.6395031013308,37.557097298514805],[126.64345310046271,37.5554899987471],[126.6434049030013,37.5569578997683],[126.6407817011854,37.5565286038354],[126.6394683024988,37.559342001022],[126.64168550386809,37.5614080058092],[126.64130679991989,37.5608288020476],[126.6387955024312,37.5612337016427],[126.6379786032481,37.562803700072706],[126.635741701295,37.5633822015928],[126.6365860957212,37.561356199236],[126.6355144967928,37.5581084024838],[126.6323740959246,37.5579044022584],[126.6269349005154,37.5551878040433],[126.6264519009984,37.5562263030048],[126.6246570991285,37.555808200422604],[126.6246624991231,37.5541433020875],[126.6187617016261,37.552138901276706],[126.61806749975639,37.5539900004308],[126.6146537986893,37.54960289809679]]],[[[126.51486469808951,37.5125949974074],[126.51804699732149,37.508773999275405],[126.5204738994866,37.5084918975756],[126.5213723985881,37.5073600987074],[126.5259709005947,37.508308299033104],[126.52902140271931,37.5060078004627],[126.5282062035894,37.5088331999114],[126.5290680031534,37.5129823017287],[126.5282061987607,37.508833203493495],[126.52623250073441,37.5102373020894],[126.5260297009372,37.5116048007219],[126.5253674997805,37.5104209002348],[126.52469160045639,37.510725199930505],[126.525207499956,37.5114327005374],[126.52397470022039,37.510717800914904],[126.5234746006217,37.5118207999714],[126.52430629979001,37.5125944991977],[126.52496500019849,37.512194199775905],[126.52559029957321,37.5136936982764],[126.5274631995037,37.514902397424294],[126.5285782024456,37.5136800016529],[126.5274632035606,37.51490240043049],[126.5255902980477,37.513693703957294],[126.521176398392,37.5131127041413],[126.519211200814,37.510035203505595],[126.51735310267209,37.511838601702195],[126.51908120048721,37.5142328030212],[126.5165621994495,37.5172779007378],[126.5165273994288,37.5161250995695],[126.5190811974323,37.5142327983568],[126.51735309916039,37.511838600751],[126.51486469808951,37.5125949974074]]],[[[126.74897349961361,37.5058937999744],[126.7515873995685,37.5034150996185],[126.753847800374,37.503227799510796],[126.75418550086691,37.5042724989314],[126.75605399994991,37.5043766989144],[126.7575441005649,37.505609900033804],[126.7563052013119,37.5055181011839],[126.7561401004879,37.5073584004142],[126.753517800748,37.5076709006486],[126.7536559997733,37.508328700592],[126.7526964002939,37.5077688005582],[126.7523450996711,37.5085951005392],[126.7523681993884,37.5078079008666],[126.7512569992411,37.5079404003824],[126.75098559872711,37.5066278005733],[126.74897349961361,37.5058937999744]]],[[[126.9709173995069,37.4023875992848],[126.9719754984488,37.4013848002876],[126.97211969838919,37.3993674994318],[126.9730446999487,37.399274499074195],[126.9737177992076,37.39799909838],[126.9749374990039,37.3982028983006],[126.9759155995377,37.3963716985125],[126.97694850028701,37.3973428991617],[126.9780668006282,37.3969776983443],[126.9800943014355,37.3987718992692],[126.9768598004037,37.4020994006492],[126.9771609001026,37.4044979982506],[126.9785040025418,37.404601197420604],[126.979024000472,37.4060237014277],[126.9785039998693,37.4046012009368],[126.9749548985891,37.40333540289161],[126.9715892001833,37.4047617015326],[126.97193269897609,37.4027482002273],[126.9709173995069,37.4023875992848]]],[[[126.9187725992584,37.405348800888795],[126.9203839996849,37.406056097725],[126.921672698958,37.4037875993312],[126.9230705987453,37.403286299314395],[126.92279189966811,37.4023903999396],[126.9242416995879,37.4010781995144],[126.92396909939339,37.399475299654796],[126.9247629997935,37.3985551993431],[126.925616500087,37.3999187993713],[126.9266714003531,37.3997691983864],[126.927433200534,37.4005953995348],[126.9261869992708,37.4028232063769],[126.9216727012888,37.4037876005326],[126.9223894004562,37.404572000537904],[126.9216726996852,37.4037876024344],[126.9203971006692,37.406163000441],[126.9187725992584,37.405348800888795]]],[[[127.1205125991269,37.539869599838106],[127.1219038990081,37.5392940994834],[127.1216757996961,37.537144399386506],[127.1225111998401,37.536264199156896],[127.1238353002933,37.536389799522],[127.1244353999095,37.5375176989021],[127.1263415999022,37.5367152994843],[127.127260100781,37.5373821997064],[127.1254536009626,37.5381065006534],[127.12576830017811,37.539273200516995],[127.1240859009732,37.5405691005106],[127.1205125991269,37.539869599838106]]],[[[126.9599938985121,37.3934458990266],[126.9608380998945,37.3922306998655],[126.9626454000222,37.3922028993342],[126.96300259999549,37.3915362996328],[126.9652745999752,37.3935433990117],[126.9658318000945,37.3923646000336],[126.96362109940699,37.396173000911496],[126.9605692994632,37.3951372009304],[126.9609056989033,37.394503999634],[126.9599938985121,37.3934458990266]]],[[[127.1090838973991,37.394889900003704],[127.10965799896469,37.3923653002241],[127.1112643999596,37.3914410998242],[127.1115335011407,37.3925139994438],[127.1129827005782,37.3922217995487],[127.1140081021136,37.3937715993096],[127.1142385007418,37.396324300000906],[127.11225789996111,37.3971560006731],[127.11122090043011,37.396206500949],[127.1094489984298,37.3963493020743],[127.1090838973991,37.394889900003704]]],[[[126.6806989979959,37.483031399705],[126.6813442003789,37.4808782972338],[126.6833283009979,37.482577297762106],[126.68673530040739,37.4800562981927],[126.6879640027413,37.4810886999454],[126.6865516021584,37.483545400550796],[126.6881130005369,37.4856601003428],[126.6864177998399,37.4868553003449],[126.6859256995369,37.4861067008964],[126.68511429997379,37.4867153005567],[126.68197959975761,37.4863171006887],[126.68191800004399,37.4855793001992],[126.6809243988011,37.486309000489],[126.68191799857469,37.4855792999112],[126.6816363988563,37.4838292016613],[126.6806989979959,37.483031399705]]],[[[127.0506224982095,37.4526111009749],[127.0507749959585,37.451406397441204],[127.0530016995441,37.450448799068496],[127.0546860978597,37.4481191013982],[127.0531685993772,37.4424831070342],[127.0524027975813,37.442221098317795],[127.0532782048513,37.441555196205],[127.0575137010209,37.443128194934395],[127.0598314987031,37.4404216976409],[127.0604220015261,37.4408505983166],[127.060989703758,37.4436515036503],[127.0601507032055,37.4474150010628],[127.0626190009755,37.4490596025813],[127.0584834041438,37.4519174007154],[127.05870660053259,37.452890002968],[127.0570736990373,37.452615702112304],[127.0555345005765,37.453609301118696],[127.0530784011251,37.452791301137104],[127.05262439917419,37.454335400738096],[127.0506224982095,37.4526111009749]]],[[[126.7924510989615,37.794661101043296],[126.7926521975138,37.792654999603506],[126.7948638991077,37.7905969984945],[126.7965955005603,37.7907528973327],[126.79755080071,37.7919723000769],[126.79711040450479,37.7950297027698],[126.7944461040699,37.7979900044523],[126.7918956005862,37.7986750011798],[126.7922915998616,37.7978241996613],[126.7927229000078,37.7983541993395],[126.79449619871309,37.7974631001156],[126.7929002995606,37.7963101007838],[126.7924510989615,37.794661101043296]]],[[[126.6218720977552,37.5940987986396],[126.62397039852621,37.5936083971617],[126.6241611006287,37.591220498194495],[126.6261029995483,37.5937857962979],[126.62805319759809,37.5929857970979],[126.629307400377,37.593303599655],[126.6301628012363,37.594898098747905],[126.6321543012192,37.5940528991854],[126.6337192008134,37.5951812998761],[126.63266980158531,37.5961423005271],[126.6324199998147,37.595156101063],[126.6311200011147,37.595395700823396],[126.63196980086569,37.5969496026136],[126.62918670198161,37.5980790013737],[126.6271349993183,37.5976272011753],[126.6254732003088,37.5983810010704],[126.6238355015765,37.5979085024652],[126.6242499994208,37.5969921009504],[126.62244229970581,37.5957426024531],[126.6218720977552,37.5940987986396]]],[[[127.0661157986177,37.6346263002622],[127.0708561002195,37.6375279001301],[127.06809960066249,37.636349001331105],[127.0672909000781,37.638903300611005],[127.0667508992977,37.6388504002279],[127.06786269800291,37.6359311992734],[127.0661157986177,37.6346263002622]]],[[[127.1305042994791,37.5363416001885],[127.1319153005923,37.5342822989574],[127.1322239007812,37.5349876992543],[127.1346916005207,37.5350570001267],[127.1325271998848,37.5357257003006],[127.1314999999188,37.535083401152],[127.1305042994791,37.5363416001885]]],[[[127.1337308985764,37.5289521003804],[127.1353156995888,37.5253204989087],[127.1361946016735,37.5276530979463],[127.1374020004661,37.5285501970492],[127.1386313006462,37.5282103998213],[127.13743580122821,37.5286357996549],[127.1368123003878,37.5299789010243],[127.13584299982179,37.5298922004241],[127.13585959961,37.5289826008276],[127.1350069989444,37.5285933009337],[127.1337308985764,37.5289521003804]]],[[[126.7073043994721,37.4769527014221],[126.7092435995648,37.4745401993638],[126.7107879000697,37.4745539997395],[126.71327580119281,37.4761468993944],[126.7098015002496,37.4813510004824],[126.70939289999569,37.4791883011403],[126.7073043994721,37.4769527014221]]],[[[127.01497909980141,37.6413575999817],[127.01698310002881,37.640049699593796],[127.0182274005713,37.6411634998196],[127.0168436006584,37.6412411003298],[127.01705119977339,37.642775900606495],[127.01497909980141,37.6413575999817]]],[[[127.0451289988876,37.652672099584294],[127.0452965993467,37.651760100108],[127.04636409898751,37.6519999995917],[127.0467852006148,37.651117798360005],[127.04684070031091,37.6540743001012],[127.0459124998462,37.6544311006395],[127.0458550996262,37.6528372003061],[127.0451289988876,37.652672099584294]]],[[[127.1171404992114,37.494103198395095],[127.1179424989342,37.4932429989374],[127.1174755995368,37.4921785989612],[127.1191519003718,37.4921386995209],[127.11671729988231,37.4945376005081],[127.1171404992114,37.494103198395095]]],[[[126.94924469942369,37.3899741004951],[126.9496058000049,37.3891859996121],[126.9522508009447,37.3890538005734],[126.9508877997572,37.391279000438395],[126.95050379939401,37.38993200059],[126.94924469942369,37.3899741004951]]],[[[126.6770725988973,37.465631999630396],[126.6771848009856,37.4665279987886],[126.6792082996095,37.4655041991592],[126.68163530132,37.4656734993156],[126.6792545012571,37.46580380060551],[126.6797133992343,37.468499900346096],[126.6792544995996,37.465803801793605],[126.67718480166931,37.4665280010694],[126.6770725988973,37.465631999630396]]],[[[126.9323927992474,37.3845648009097],[126.93460900003099,37.3830495986925],[126.9365546003268,37.3832324997702],[126.9353631004837,37.3833900001367],[126.9351640011898,37.3845913996495],[126.93412130082851,37.3850932999015],[126.9348889001938,37.3853151999785],[126.9341038005484,37.3875481013378],[126.93433129879429,37.3868881001079],[126.9323927992474,37.3845648009097]]],[[[127.10073699867249,37.4880794985911],[127.1003478995753,37.4869720981829],[127.10210199955151,37.486132998791206],[127.1037707000375,37.4864638990087],[127.1020964006903,37.4872307996979],[127.10422920113561,37.488083600212306],[127.102558400947,37.4875695008947],[127.10216289926569,37.4885118016341],[127.10073699867249,37.4880794985911]]],[[[126.7925444994289,37.815889999362405],[126.7935955988875,37.8134438993558],[126.7952859990022,37.8140741989099],[126.7973313018186,37.8125999986322],[126.7977532027333,37.815135600746395],[126.79507380044849,37.8174488021967],[126.79264289882781,37.817924001147695],[126.7930874993378,37.816435000713],[126.7925444994289,37.815889999362405]]],[[[126.9984471996713,37.2656364001547],[126.9988718000338,37.2661565997629],[126.9992650007527,37.2655210996073],[126.99971000120259,37.2661600000063],[126.9984471996713,37.2656364001547]]],[[[126.7885940998069,37.8576501002446],[126.7888315009329,37.856075597676394],[126.79105820145669,37.8561584986452],[126.78899650029649,37.8567180005869],[126.788851600228,37.8586009003643],[126.7885940998069,37.8576501002446]]],[[[127.0816502984705,37.4850036993866],[127.0828378981149,37.4838073986008],[127.0813045997584,37.4821933997061],[127.0830176984303,37.4821069992135],[127.0826993002094,37.4811530990304],[127.0842864028462,37.481388799151496],[127.08527640185619,37.4834877970525],[127.08815990403,37.4836291977071],[127.0851432995707,37.4853601018849],[127.0833403003749,37.485493601591195],[127.0827450000926,37.4868101001363],[127.0816502984705,37.4850036993866]]],[[[127.1070780989907,37.3685314998945],[127.10995280006111,37.3683982000192],[127.10969639999941,37.368689800168596],[127.1070780989907,37.3685314998945]]],[[[127.0635591988615,37.6455747005379],[127.06508210155239,37.645695699741495],[127.0631288995414,37.6467592009495],[127.0635591988615,37.6455747005379]]],[[[127.1201881984058,37.5296956004144],[127.1210947003761,37.529236399827205],[127.12056110059821,37.5294818000945],[127.1210794002619,37.5305961992121],[127.12180000064039,37.530450000292305],[127.1209430002239,37.531656100704],[127.12062519921511,37.5306774010486],[127.1195284994316,37.5313072005664],[127.1206251986362,37.530677400270804],[127.1201881984058,37.5296956004144]]],[[[126.83526380194671,37.5909104974495],[126.83667760053291,37.5895498988101],[126.8414682011902,37.5877215978658],[126.8366775997593,37.5895499021482],[126.8357144003994,37.591369500824],[126.83448559683009,37.591888800163],[126.83526380194671,37.5909104974495]]],[[[126.6132782990888,37.643210501283605],[126.6140177976929,37.6423162002089],[126.6128778988328,37.6408360016891],[126.61442810041079,37.639955799806],[126.61448040024311,37.6418887002524],[126.6132782990888,37.643210501283605]]],[[[126.7419478995055,37.507640699427704],[126.7427977999822,37.5074343997706],[126.7428678001207,37.5081018004165],[126.7419478995055,37.507640699427704]]],[[[126.94356949976779,37.372971800045605],[126.9443722011332,37.3712976997334],[126.9442547020211,37.3720175004972],[126.94356949976779,37.372971800045605]]],[[[127.0625385997904,37.656044699992705],[127.0633145010886,37.6555489996231],[127.06414910040709,37.6564821001032],[127.0628595995277,37.6567016000999],[127.0625385997904,37.656044699992705]]],[[[127.1380681991515,37.5193346994736],[127.13897850056699,37.5189400975172],[127.13926460089951,37.5193245994387],[127.1380681991515,37.5193346994736]]],[[[126.70851409938331,37.4838820999212],[126.7106721011247,37.4835747001642],[126.7105231992946,37.4843258008513],[126.70851409938331,37.4838820999212]]],[[[126.7868554986422,37.4082375983267],[126.7878086994871,37.4076260976532],[126.7891467001065,37.4080278000964],[126.7877495996884,37.4095448037193],[126.7875717993329,37.408181800647],[126.7868554986422,37.4082375983267]]],[[[126.6102415992151,37.552307900514606],[126.6108090002752,37.551272598409],[126.6133816020698,37.5528490012664],[126.6102415992151,37.552307900514606]]],[[[126.66094429191399,37.567552494396395],[126.663136500385,37.566363098287795],[126.6609443022643,37.5675524999602],[126.6630837995691,37.568580500619206],[126.6609443002556,37.567552501448795],[126.66069139869461,37.568387901270896],[126.66094429191399,37.567552494396395]]],[[[127.1059459997048,37.6063360004796],[127.106258200006,37.6059108999657],[127.1060797001734,37.6064109003863],[127.1059459997048,37.6063360004796]]],[[[126.7630759991236,37.7290359995463],[126.7639261020663,37.7279097991087],[126.7647603022736,37.729652201158096],[126.7630759991236,37.7290359995463]]],[[[127.098066399549,37.5154316003308],[127.0985187003352,37.5151882998591],[127.0986241002904,37.51617560062979],[127.09798529993361,37.5163061000783],[127.098066399549,37.5154316003308]]],[[[127.12233739774321,37.485777299089605],[127.12254780019701,37.4858462999156],[127.1227885001227,37.4859290000539],[127.1225478000382,37.485846300222896],[127.12233739774321,37.485777299089605]]],[[[126.66612929564249,37.5066388989272],[126.6668736011415,37.5066057001061],[126.6664237000673,37.5084886010403],[126.66612929564249,37.5066388989272]]],[[[126.9043433993655,37.4250804007479],[126.9049919011024,37.4244061992115],[126.90582310357381,37.425144799361895],[126.9052872002345,37.425961200375106],[126.9043433993655,37.4250804007479]]],[[[126.6555581980296,37.4669847008187],[126.65622410020761,37.466991299756195],[126.6562899009825,37.467299100518495],[126.6555581980296,37.4669847008187]]],[[[126.7569260990837,37.585425299216595],[126.75806390014209,37.5844634990442],[126.7592462008489,37.5859339006127],[126.7569260990837,37.585425299216595]]],[[[126.9351977995295,37.5621651002492],[126.93513219997669,37.561858799931606],[126.9352901000984,37.562117900125095],[126.9351977995295,37.5621651002492]]],[[[127.14734969825791,37.527859399903896],[127.1479433992903,37.5276917982395],[127.1481089024056,37.5276450992163],[127.14734969825791,37.527859399903896]]],[[[126.4764518996116,37.459407901131904],[126.4765223014662,37.4586159928955],[126.4782360008424,37.4598625010427],[126.4764518996116,37.459407901131904]]],[[[126.7396477991482,37.506409999807204],[126.7400100999905,37.506023299903],[126.7402900007297,37.5063226990259],[126.7396477991482,37.506409999807204]]],[[[126.88662410084031,37.6775289007299],[126.8868406023338,37.67700459885749],[126.88724030170751,37.6774456996234],[126.88662410084031,37.6775289007299]]],[[[127.0604050995581,37.6545061996502],[127.06068640012039,37.654553199901706],[127.0604169998539,37.654724300256795],[127.0604050995581,37.6545061996502]]],[[[126.6783974992548,37.4747298010602],[126.6811220006273,37.4738330968647],[126.6815718037787,37.4748001973404],[126.6811219978002,37.4738331018667],[126.6783974992548,37.4747298010602]]],[[[126.7605867995897,37.7280390000871],[126.7616474006493,37.7280448998488],[126.7607363999405,37.7284564009856],[126.7605867995897,37.7280390000871]]],[[[126.7668461999451,37.7293603997992],[126.76742420029039,37.7292108999602],[126.76690580018371,37.729531700362],[126.7668461999451,37.7293603997992]]],[[[126.7142553992705,37.4906412003334],[126.7142613000864,37.490495199746995],[126.71424530021031,37.491000501996496],[126.7142553992705,37.4906412003334]]],[[[127.0790585999435,37.482593499615],[127.0799026004006,37.4827047993383],[127.0798301011227,37.4830145993936],[127.0790585999435,37.482593499615]]],[[[126.6736316997853,37.4845705007494],[126.674543900455,37.4854021992667],[126.67451670092059,37.4855875004921],[126.6745438988731,37.4854021999177],[126.6736316997853,37.4845705007494]]],[[[126.7522781990976,37.5022485004308],[126.7523878001598,37.5022327999769],[126.7524198005224,37.502386600381],[126.7522781990976,37.5022485004308]]],[[[126.83285559926121,37.5966039009814],[126.83289619921979,37.5965571991873],[126.83351190069651,37.5958100996983],[126.83289620108579,37.596557200132196],[126.83285559926121,37.5966039009814]]],[[[126.8470501977054,37.5863259996503],[126.847608399883,37.5854357965259],[126.84720110113841,37.5864799012339],[126.8470501977054,37.5863259996503]]],[[[127.0138003994686,37.6492703000023],[127.01383389957799,37.6492110997589],[127.0139171001175,37.649020099748],[127.01383390035369,37.6492111002053],[127.0138003994686,37.6492703000023]]],[[[127.06644989877479,37.486611399311],[127.06667640021571,37.486789199101096],[127.0670937008153,37.486922199510204],[127.0666764003374,37.486789201060496],[127.06644989877479,37.486611399311]]],[[[126.7829683969595,37.471428600094406],[126.7830642004255,37.4713936966093],[126.7830148001934,37.4720974001409],[126.7829683969595,37.471428600094406]]],[[[126.8392005987988,37.594488699001296],[126.83943700249651,37.5928374985362],[126.8393298017461,37.5948778004016],[126.8392005987988,37.594488699001296]]],[[[127.07786799987109,37.6276062997122],[127.0778911998479,37.6275638997546],[127.0779593000979,37.62764370004],[127.07786799987109,37.6276062997122]]],[[[127.09131979990259,37.5120931004562],[127.0913198006694,37.5120930991015],[127.0919422003416,37.5118357996599],[127.09131979990259,37.5120931004562]]],[[[127.0982200996019,37.6000498001129],[127.0983638002688,37.600031200059895],[127.0981936996283,37.6001093000534],[127.0982200996019,37.6000498001129]]],[[[126.7503030991243,37.5519934999666],[126.7508668004228,37.552154700083705],[126.7505869006495,37.5523247026965],[126.7503030991243,37.5519934999666]]],[[[126.74911879897141,37.5439419000599],[126.7496048996043,37.54372089959929],[126.7496049013122,37.543720900154696],[126.74911879897141,37.5439419000599]]],[[[126.633969999038,37.6447392992812],[126.6339908992924,37.6446635991367],[126.63397000024551,37.6447393001191],[126.633969999038,37.6447392992812]]],[[[126.7438812982517,37.714953700003406],[126.7443325009896,37.7147084000594],[126.7438813000021,37.714953701747],[126.7438812982517,37.714953700003406]]],[[[126.6812871992244,37.4668078996014],[126.6812872005469,37.4668078999443],[126.6812871995062,37.4668079006187],[126.6812871992244,37.4668078996014]]],[[[126.7439533992395,37.5064786001552],[126.74395339951309,37.5064785991487],[126.7439534004143,37.5064785996973],[126.7439533992395,37.5064786001552]]],[[[126.750736498238,37.5794164011257],[126.75133629996691,37.5792512995038],[126.75133630072841,37.5792513013925],[126.750736498238,37.5794164011257]]],[[[126.8247665994463,37.48159909995049],[126.8247666001821,37.481599100589094],[126.82464209957081,37.4817038998457],[126.8247665994463,37.48159909995049]]],[[[126.8440320961656,37.6717882994515],[126.8440321016147,37.6717883003679],[126.8440320996747,37.6717883034184],[126.8440320961656,37.6717882994515]]],[[[126.92805599949139,37.4017552003673],[126.9280560001241,37.401755199199094],[126.9280560002356,37.401755200000096],[126.92805599949139,37.4017552003673]]],[[[126.9436634996273,37.3717234996748],[126.9436635003465,37.371723499777005],[126.94364249997379,37.371767000053],[126.9436634996273,37.3717234996748]]],[[[127.0527556998784,37.4546357997723],[127.0527429000275,37.454570699768],[127.052755700459,37.4546358009458],[127.0527556998784,37.4546357997723]]],[[[127.05959689960841,37.5346027994553],[127.0595968999395,37.534602799324105],[127.0595969002695,37.5346028001599],[127.05959689960841,37.5346027994553]]],[[[127.06141999967589,37.6231700005278],[127.0614200006506,37.6231699999103],[127.0614200002957,37.623170001251104],[127.06141999967589,37.6231700005278]]],[[[126.7110406994464,37.4855411001549],[126.71104069976249,37.4855410992854],[126.7110407009013,37.4855410988826],[126.7110406994464,37.4855411001549]]],[[[126.742282899821,37.5064905001771],[126.74228289989871,37.506490499436396],[126.7422829009314,37.506490499611296],[126.742282899821,37.5064905001771]]],[[[126.79677799964891,37.5812023000949],[126.7967780001816,37.5812022991959],[126.79677800029211,37.5812022999719],[126.79677799964891,37.5812023000949]]],[[[126.79775359959069,37.6193614001046],[126.79775360112349,37.619361398544406],[126.79775360101819,37.6193614005117],[126.79775359959069,37.6193614001046]]],[[[126.88581669988831,37.674772099855396],[126.8859528001133,37.6747604998302],[126.8859528002058,37.6747605002386],[126.88581669988831,37.674772099855396]]],[[[126.88587769996569,37.673231199533596],[126.88597780030311,37.6732245995403],[126.8858777002267,37.673231200103395],[126.88587769996569,37.673231199533596]]],[[[126.9365399999104,37.5619297999108],[126.93654000011189,37.561929800038],[126.93653999999559,37.5619298001047],[126.9365399999104,37.5619297999108]]],[[[127.0188531995872,37.6387526998374],[127.0188532004526,37.638752700450695],[127.0188531998931,37.638752700717696],[127.0188531995872,37.6387526998374]]],[[[127.06950139930359,37.5905369001313],[127.0695345002006,37.5904386995787],[127.06950140004739,37.59053690011859],[127.06950139930359,37.5905369001313]]],[[[127.0867937994077,37.573759999152],[127.086793800526,37.5737599998742],[127.0867937999289,37.5737600003956],[127.0867937994077,37.573759999152]]],[[[126.66353879974619,37.5386624999508],[126.6635388008349,37.5386625001803],[126.6635387998131,37.538662500764],[126.66353879974619,37.5386624999508]]],[[[126.6940222995579,37.6364539003937],[126.6940222995099,37.6364538995955],[126.6940223007986,37.6364538998624],[126.6940222995579,37.6364539003937]]],[[[126.7021557993453,37.4572224999605],[126.7021558006585,37.4572225000181],[126.7021558000845,37.457222500688],[126.7021557993453,37.4572224999605]]],[[[126.7480424990348,37.5442830994685],[126.7480425007545,37.544283100364304],[126.7480424993483,37.5442831003803],[126.7480424990348,37.5442830994685]]],[[[126.9364288000135,37.561607800206595],[126.9364287999387,37.5616077999214],[126.9364288001296,37.5616078001561],[126.9364288000135,37.561607800206595]]],[[[126.9433689996887,37.3716347999009],[126.9433689999218,37.371634799763505],[126.94336900006181,37.3716348002471],[126.9433689996887,37.3716347999009]]],[[[127.05319059903579,37.482058599504704],[127.05319060020919,37.482058599769005],[127.0531906001079,37.4820586007749],[127.05319059903579,37.482058599504704]]],[[[126.67758209973789,37.498707200822295],[126.6775821004392,37.498707199849896],[126.6775821005116,37.4987072009681],[126.67758209973789,37.498707200822295]]],[[[126.74831749936929,37.547066899841795],[126.748317501276,37.5470669005621],[126.7483174995996,37.5470669005337],[126.74831749936929,37.547066899841795]]],[[[126.7484921996429,37.5061998999054],[126.7484921999573,37.5061998997718],[126.74849220007191,37.5061999004145],[126.7484921996429,37.5061998999054]]],[[[126.7870387996829,37.585566500193195],[126.7870387986711,37.585566499577496],[126.7870388001407,37.5855664999134],[126.7870387996829,37.585566500193195]]],[[[126.7964663996663,37.581487200495],[126.7964663999605,37.58148719981],[126.7964664003036,37.581487199984394],[126.7964663996663,37.581487200495]]],[[[126.8233725998869,37.5309170007179],[126.8233725999027,37.530916999927506],[126.8233726005492,37.530916999469504],[126.8233725998869,37.5309170007179]]],[[[126.8822595998431,37.501797100028895],[126.882259600132,37.5017970998831],[126.8822596000262,37.501797100092],[126.8822595998431,37.501797100028895]]],[[[127.06231239991159,37.6560754999829],[127.06231240002569,37.6560755000033],[127.0623123999816,37.6560755000565],[127.06231239991159,37.6560754999829]]]]}}]}