{"type":"FeatureCollection","features":[{"type":"Feature","properties":{"interval":15,"stationId":"355173368"},"geometry":{"type":"MultiPolygon","coordinates":[[[[127.024813398996,37.55566550000351],[127.0259070001814,37.5564467991742],[127.0271177994455,37.555428500200996],[127.0266239001898,37.555064699557406],[127.029285799826,37.5550039991646],[127.0326862004766,37.5566132985945],[127.0342558001737,37.555817599757795],[127.0335394005495,37.5564199009408],[127.0340778008661,37.559166599638296],[127.0351767000258,37.5594710993996],[127.0358245996306,37.558674799028196],[127.038598100023,37.5582161991481],[127.03895780000991,37.5567717999698],[127.0427814004913,37.556474399326596],[127.0432944001355,37.5573963998304],[127.04361350007551,37.5568264999789],[127.0428266006743,37.5579482997181],[127.0432062003188,37.5586869990028],[127.04400250045971,37.5580320996217],[127.045553500189,37.559746499625504],[127.0465885991539,37.559040000332004],[127.0453806998661,37.5582250996855],[127.0494969997429,37.559854199433794],[127.05060730000099,37.5590347995723],[127.0544167989973,37.561046298552],[127.056369699646,37.560039699372794],[127.057248800147,37.5615854991741],[127.0591230988985,37.560968599287605],[127.0602124984409,37.5586454002176],[127.0580959999492,37.5583677989661],[127.0605971998542,37.557865698327504],[127.0621580016677,37.5560544980086],[127.0637500011934,37.5579603974457],[127.0660523000775,37.5567384986664],[127.0682929000077,37.5581195997584],[127.0681107005597,37.5601841980323],[127.06949190115,37.5589930980733],[127.0710441999443,37.5607265994552],[127.0726960001546,37.560030300065],[127.0716804003822,37.5607085014926],[127.07066329996631,37.560251600448304],[127.07024680029471,37.5608801998506],[127.0717851005496,37.562560400959],[127.0700647006125,37.5631636010156],[127.0701533004223,37.564378400495],[127.0678986002501,37.566073200381695],[127.0662424004007,37.5639197005821],[127.06465940036999,37.5654163004096],[127.0608311003493,37.5647347004068],[127.0600485006904,37.568356900539],[127.0588619005674,37.5671679013684],[127.0590114006465,37.5698062002309],[127.0543286006895,37.572679700162],[127.05504210032589,37.5730092006505],[127.0530644004314,37.572297301560106],[127.0525470009488,37.5734713003861],[127.05132199997419,37.5738547001684],[127.0482014001625,37.573061501090905],[127.0462937002935,37.573612600317496],[127.0469164989196,37.5729391997926],[127.0449729988761,37.5730491014092],[127.0442674988229,37.5722214004712],[127.0445883992018,37.5702561013752],[127.0428991008911,37.5703624012689],[127.0424624998633,37.5723911004473],[127.0412429996929,37.571363600937396],[127.0380062000428,37.5731342004865],[127.0371242994698,37.5719573001464],[127.0323862996321,37.5698275004271],[127.0322690993754,37.5684476004533],[127.02989009983621,37.5669567000569],[127.0306341995568,37.5653699000589],[127.0291183996303,37.5639951993715],[127.0311422000593,37.5635892998955],[127.0301900003371,37.5641064003641],[127.03019280067629,37.565161499768],[127.0318263990427,37.5652257997037],[127.0324729994102,37.5629394996817],[127.0334376987518,37.5626010998834],[127.0325344996895,37.5609968000864],[127.0333496989296,37.5597256008332],[127.03173850016701,37.5585729007354],[127.03151560037901,37.5605713006036],[127.0289898996423,37.559782100183696],[127.0288484996601,37.5587360005425],[127.02671099896881,37.5584686011778],[127.02668899965781,37.556801300475094],[127.024813398996,37.55566550000351]]],[[[127.0730809999435,37.5594385997546],[127.0742366997233,37.557393699574696],[127.0749132996346,37.5577062995745],[127.0747726997752,37.5565786007022],[127.0741220996651,37.5565426002111],[127.0757612994766,37.5558340997517],[127.0747717993913,37.5541513996963],[127.07622740016379,37.552981099669495],[127.0801082000901,37.552571299084796],[127.0813657998551,37.5543640982767],[127.08285339998581,37.553784198884],[127.0843077009899,37.5550669990036],[127.0856391006099,37.5546451997725],[127.08447110055461,37.5553329002985],[127.08515680031499,37.555816500233796],[127.08454760060579,37.5560560003509],[127.08489680023169,37.557413400749205],[127.08391270064949,37.5577360006225],[127.0826864000823,37.5615005001433],[127.0802968001302,37.5614397014957],[127.0795855001513,37.5601452014893],[127.0786402004198,37.5611204007496],[127.0730809999435,37.5594385997546]]],[[[127.0862870987011,37.5530599005085],[127.0860974986898,37.551473198012495],[127.0873492985723,37.5507486983503],[127.0867346995738,37.5485256992452],[127.0930862006296,37.549139599691095],[127.09365700128619,37.550648900159295],[127.0928478999857,37.5536239008501],[127.08868410051039,37.553929201076],[127.088410100549,37.5549264014468],[127.0862870987011,37.5530599005085]]],[[[127.100992599609,37.5462491997677],[127.1013952997902,37.545098999618304],[127.103306599248,37.545467199102895],[127.1033589994755,37.5438107992015],[127.1038398002395,37.5448818997634],[127.10578870123621,37.5448922995269],[127.1051123001407,37.546301901333806],[127.1030054995489,37.546056200853904],[127.1022320000364,37.5468555000504],[127.1019115994374,37.5457034006686],[127.100992599609,37.5462491997677]]],[[[127.01761559926099,37.55340339991],[127.0193978993984,37.551844798858795],[127.0208723002222,37.5517306996152],[127.02212560155779,37.5552782976821],[127.0217317002153,37.556261000269],[127.0204814001138,37.5563899008063],[127.01976499932411,37.5575537004378],[127.0189649992476,37.5560629000368],[127.01941499913839,37.5552888000539],[127.01886569968771,37.5547759005668],[127.0182186994908,37.55533959999531],[127.01761559926099,37.55340339991]]],[[[127.0725986997476,37.547559700065804],[127.0751305002103,37.546981099528004],[127.0754487007564,37.5491013002644],[127.0744369002007,37.5493381012944],[127.0751152989879,37.5490652997152],[127.0744552996479,37.547946100834395],[127.0725986997476,37.547559700065804]]],[[[127.0118133992996,37.5609100002598],[127.0129117992957,37.5605538988],[127.013087900588,37.559051498688],[127.0152219010752,37.5604397995115],[127.0138390003312,37.5616042004292],[127.0118133992996,37.5609100002598]]],[[[127.0431820992339,37.5535814996222],[127.0456732012063,37.5539181999945],[127.0440991007232,37.5534431005387],[127.0443705000677,37.554566900399095],[127.0431820992339,37.5535814996222]]],[[[127.04596189880249,37.5458962003012],[127.0482800002263,37.5468810006489],[127.047400199542,37.5466305014092],[127.0466210003212,37.5474159006238],[127.04596189880249,37.5458962003012]]],[[[127.0437824992743,37.5515341987458],[127.0441309000302,37.5510122987778],[127.044994000304,37.551513999923195],[127.0437824992743,37.5515341987458]]],[[[127.0278581994574,37.5642724002917],[127.0282024005779,37.5648142004095],[127.0279560994556,37.5648679001212],[127.0278581994574,37.5642724002917]]],[[[127.0704848993947,37.540635999731],[127.0706893999239,37.5401485998446],[127.0708659004976,37.5405067003245],[127.0704848993947,37.540635999731]]],[[[127.08350719951589,37.5659378993641],[127.0841886989558,37.5657002995596],[127.08366720068649,37.564754299674995],[127.0848988003475,37.566131901505],[127.08350719951589,37.5659378993641]]],[[[127.1233629995712,37.5385821001216],[127.1234735998399,37.538544799597],[127.12439280046229,37.5382721000456],[127.1234736004155,37.5385448000416],[127.1233629995712,37.5385821001216]]],[[[127.0191991994313,37.565653399975204],[127.0196798007628,37.565556500019596],[127.01966270074129,37.5657505004423],[127.0191991994313,37.565653399975204]]],[[[127.0050320997262,37.5647302005353],[127.00549049945019,37.5646842997493],[127.00577870046679,37.564630599901],[127.00549049965329,37.5646843008436],[127.0050320997262,37.5647302005353]]],[[[127.0474024996433,37.5544317004046],[127.0474357994437,37.554367299545405],[127.047435800866,37.554367299386605],[127.0474024996433,37.5544317004046]]],[[[127.0564771997733,37.544379199501],[127.05647719980351,37.5443792010467],[127.0564771986908,37.544379200387404],[127.0564771997733,37.544379199501]]],[[[127.0281916995216,37.5602465002137],[127.0281916993841,37.5602464991919],[127.0281917002712,37.5602464994091],[127.0281916995216,37.5602465002137]]],[[[127.0571859997689,37.5714465999024],[127.0571860000897,37.571446599908604],[127.057187900002,37.571469900024596],[127.0571859997689,37.5714465999024]]],[[[127.0445850981182,37.5434132002305],[127.0445850999171,37.543413199196905],[127.04458510027831,37.5434132004887],[127.0445850981182,37.5434132002305]]]]}},{"type":"Feature","properties":{"interval":30,"stationId":"355173368"},"geometry":{"type":"MultiPolygon","coordinates":[[[[126.9595075996665,37.558603700164],[126.9604747999305,37.5578408991146],[126.96313169954861,37.5582441993434],[126.9640737998799,37.557440099714604],[126.9640750002651,37.5580262997658],[126.966831800433,37.558214799751205],[126.9661745000508,37.5608894999517],[126.96800830013929,37.5621395996196],[126.9697126995931,37.5617202977202],[126.97154719886001,37.5623729987246],[126.9717328986743,37.561156499941106],[126.97265330036281,37.56094439968879],[126.9720382997145,37.561725700511595],[126.9717329000199,37.5611565010808],[126.9712921004382,37.5628555996417],[126.9723104994198,37.563165299332],[126.9745843992747,37.5600199997706],[126.9759669993091,37.5599334999881],[126.9739559992323,37.5571235005321],[126.9720364997366,37.5571688003831],[126.9722742993912,37.5559741007013],[126.9711955996305,37.555062401219494],[126.9697452992972,37.555272800530595],[126.97141049987161,37.554938299397904],[126.9727757003831,37.5531623990983],[126.9730308003634,37.5540854991239],[126.97408519995531,37.553222999428904],[126.9752478006484,37.5534716999026],[126.9744092004637,37.555644999759],[126.97543499971701,37.5569906994032],[126.9765188993773,37.554054099320204],[126.97819850015611,37.5543945995146],[126.97803350027499,37.5551616992862],[126.97967920000181,37.5564573987379],[126.9809696000618,37.5551336996881],[126.9821740006537,37.5566739998125],[126.9849661001137,37.5564608990927],[126.9857409004824,37.5557382976704],[126.9858876019436,37.556684999478904],[126.98826230064981,37.5573955990229],[126.9895814999204,37.5591268994238],[126.99084819865371,37.5589723995783],[126.99204969883499,37.5558371953458],[126.9926265001484,37.556505199209994],[126.99350249995801,37.5555313995579],[126.9957735003432,37.555680799296],[126.998988198222,37.557535398629696],[126.9999708003702,37.5570704983933],[126.9997323001739,37.558003899581706],[127.00094010010359,37.5573880997906],[127.0006951003287,37.558419399317096],[127.0021538994518,37.5585370991163],[127.0019824996232,37.5569650006884],[127.000533999807,37.556976598487196],[127.0026717998028,37.5570831994018],[127.00307019909259,37.5560012002101],[127.0023252993891,37.5551552990021],[127.0035527003695,37.554943198554],[127.0045413993808,37.5535487999484],[127.0044301983769,37.5486669009589],[127.0025662002409,37.547684001941796],[127.0018499952113,37.5480673000837],[127.0025771990923,37.5457785993758],[127.00100809893401,37.542630600433505],[127.0006139986764,37.538261500958995],[126.9968425991232,37.538628101253394],[126.9965824996684,37.5374493005625],[126.9946747992475,37.537250901048],[126.9950418992146,37.536104000533],[126.9906505000601,37.536059200714995],[126.98950430009859,37.534253901321804],[126.9867229998476,37.5375556003161],[126.98683649963249,37.5348408007076],[126.9845920997923,37.535006600133],[126.9864517992711,37.534878599238496],[126.9892954998227,37.5328104992717],[126.98889990066621,37.533362799607296],[126.9895942999718,37.5335825993875],[126.99179769976341,37.5326702996052],[126.9924146999248,37.533157099605496],[126.992938200204,37.5323013993671],[126.99332560009691,37.5330226992905],[126.9950714998633,37.5311968996718],[126.99670680001219,37.5313715999232],[126.9970621999867,37.5332167987147],[126.9978777001602,37.5330101961761],[126.997859701717,37.5339883004296],[126.9990559007398,37.535007299651895],[127.00105979926269,37.535340399227806],[127.00169210101829,37.5346032994376],[127.0017437008947,37.5368012981755],[127.0040160998971,37.53755489756951],[127.0050873008088,37.5366566986594],[127.0040161005345,37.5375549006514],[127.00451460012519,37.5385649011077],[127.0026829012736,37.539409500053196],[127.0041296005102,37.5396365000361],[127.0047431022395,37.541017699548696],[127.004648899825,37.5419377004423],[127.00367780079611,37.5417552006248],[127.0036485015131,37.544275598778796],[127.0057873001384,37.5451120985905],[127.0062194002638,37.5441117999151],[127.008285000291,37.5464602993624],[127.0083108003097,37.5475559991537],[127.009166400835,37.5467832989074],[127.0109056997422,37.5481180986688],[127.0126474011609,37.5459604981275],[127.0142555995527,37.5461967978912],[127.0153994984088,37.545338798749206],[127.0150368985874,37.5434671999433],[127.01633929888,37.5435187992593],[127.0158757993435,37.5424154003627],[127.0151428989754,37.541196900661404],[127.0134356995341,37.5408053001416],[127.0155803996661,37.5404043995687],[127.0164294997339,37.5387085992651],[127.0160960006462,37.5399613991938],[127.0186300994163,37.5405689996049],[127.0182349005263,37.5399748993058],[127.02062209969979,37.542003195618705],[127.0240940044829,37.5434421980878],[127.02458370131339,37.5454087998624],[127.0258032000939,37.5462360990351],[127.0264513007109,37.5452338984462],[127.0258032015045,37.5462360997625],[127.0268890011285,37.5473383988055],[127.0269814008434,37.5493547989167],[127.0286974991273,37.5492605990109],[127.0292463988591,37.547565498421996],[127.0317914987041,37.5480931979426],[127.03252379797851,37.545217500601],[127.0347079986954,37.5433035983278],[127.0354530996153,37.5390630987723],[127.0357927009654,37.5399895005626],[127.0346864004989,37.5414718005812],[127.0358394993458,37.5425401995128],[127.0391954009451,37.5405782985269],[127.0395417005988,37.5411808979243],[127.0422705993292,37.538783699317406],[127.0425241990756,37.538165299935805],[127.0414266997779,37.5379019000011],[127.0428564992157,37.5313979997789],[127.0423174997547,37.5306994004775],[127.0384558999047,37.5305957014618],[127.0379055004551,37.531523800533705],[127.03621529982499,37.53199530024],[127.0361757998645,37.5314164008189],[127.03490620113409,37.5317548004805],[127.0351904010263,37.53235750036551],[127.03282280041931,37.5327614013177],[127.0317441998105,37.5324826005205],[127.03094039894921,37.530851300502704],[127.03001839987121,37.5310496003044],[127.0293843999258,37.5300837999812],[127.0299547998613,37.527264200896795],[127.02785959933959,37.5280842000528],[127.028615099984,37.5262441996994],[127.029962799242,37.5265080993977],[127.03061559994791,37.5254763989768],[127.0325645993421,37.5258577988123],[127.0313265993391,37.5216942997992],[127.0317890997215,37.520795899114106],[127.03330079935901,37.521412999197004],[127.0327220994091,37.5203566997489],[127.0340664989278,37.5184162999755],[127.0316089999874,37.5180279002301],[127.031481699625,37.517212900466],[127.0294821009103,37.5170560007024],[127.0287617999282,37.5179710001603],[127.0277924993963,37.5151041010227],[127.02686829927781,37.5148269004545],[127.0270188989566,37.5136770003294],[127.0245499002734,37.5122163008138],[127.02322310031549,37.5137342006589],[127.02046590040631,37.513846800915104],[127.0199440007612,37.515570299774],[127.0213683008165,37.5166584996206],[127.01942159941831,37.516956000614],[127.01856549981659,37.5157992000364],[127.01937960006569,37.516059499454194],[127.0202256995543,37.514679900069495],[127.0192889995962,37.5131173006043],[127.01804089962481,37.512736600216094],[127.0189488986552,37.510978700205506],[127.0178283988942,37.5106365996623],[127.0176082993232,37.5092680005428],[127.0225743995392,37.5082921991265],[127.0232240993789,37.5051240013074],[127.0209696986081,37.5034416994577],[127.0228614997456,37.503814898636605],[127.0231993994077,37.502637799813705],[127.0251854997436,37.502500499274895],[127.0257598001488,37.501544599393405],[127.0275950003368,37.5027423997984],[127.0270998005856,37.503734699864204],[127.0278385998468,37.5046330989658],[127.02811580009029,37.504035299406695],[127.02820470030801,37.505538699297105],[127.02894189957081,37.5058661989696],[127.0298044996588,37.5043818991199],[127.031335999958,37.5046428990595],[127.03172359959541,37.503537099519406],[127.0334797997965,37.504032299294096],[127.0359036993503,37.5030401993311],[127.0363406007715,37.5051030988214],[127.03950449928311,37.5067330992242],[127.04035949987359,37.5058458994561],[127.0417857998381,37.5062730989536],[127.0424691991547,37.5055618996648],[127.0429859995365,37.5036633003581],[127.0419731989072,37.5027145000235],[127.042993999815,37.501788499431306],[127.04885559838219,37.5026937983016],[127.0494256982597,37.5000616994417],[127.0508438977307,37.4985077992652],[127.0506584979161,37.497060300712704],[127.0481059987035,37.494991499228796],[127.0487378004233,37.4941916991407],[127.04986939929171,37.4952747980576],[127.052554500188,37.4949863982438],[127.05458149868849,37.493533899983],[127.054401998868,37.4923995011174],[127.0531033988537,37.4919996008442],[127.05292879836071,37.4904811013679],[127.0512504994461,37.4891124997512],[127.0519736009266,37.490033698287796],[127.0551027003671,37.4876668984558],[127.0571299995156,37.4888499982034],[127.0593026974192,37.486299000539006],[127.0574904992314,37.4855881012499],[127.0576686997667,37.484274699691],[127.059302699721,37.4862989991162],[127.0604287008277,37.485069199451196],[127.0593027014351,37.4862989991856],[127.062202900255,37.4869025000933],[127.0619111990703,37.48744520018511],[127.05930269915011,37.4862990031055],[127.057130001186,37.4888500007524],[127.0565127018033,37.4909429986594],[127.0570529020151,37.491745298927],[127.0588998001682,37.4914224992498],[127.0584486012186,37.492374600567196],[127.0545815021826,37.493533899588705],[127.05732280151659,37.495726498631704],[127.0565875002144,37.4968882998236],[127.05714960039761,37.4976844992041],[127.0581166002393,37.497358299542],[127.0580569007589,37.4979358003355],[127.0556443001214,37.499116200307306],[127.05451480048711,37.4986456010366],[127.05430850069341,37.4996206000616],[127.05305699991399,37.4992221012746],[127.0521354008356,37.5002226002741],[127.0565359001314,37.506940200044205],[127.05423230010969,37.5077924004504],[127.052616200322,37.506395101094],[127.0512848009352,37.5077810003042],[127.0517406001876,37.5083986010841],[127.0500990007593,37.506908701982994],[127.0480845012156,37.5071763018801],[127.0467751005186,37.5093198001212],[127.0463455003278,37.5084642009068],[127.0458212008521,37.509051300319705],[127.0460307006426,37.5099893993816],[127.04777569949,37.5109644984939],[127.0501829993825,37.5112238985912],[127.0544783005249,37.5090850990079],[127.0559255995303,37.5101953991772],[127.0561961004575,37.5096320991549],[127.0574586012244,37.511832498598096],[127.0599957009618,37.5123402987451],[127.0644164008591,37.514966700151604],[127.0634930007296,37.514819700876096],[127.062478999734,37.5165176009834],[127.0624493001539,37.515385300521096],[127.0613964002883,37.5165405004105],[127.0602444006385,37.5161511008882],[127.0588152006062,37.517121700149],[127.05924640028951,37.518816799927805],[127.0600401994957,37.519233299511306],[127.0604032004165,37.518635699284694],[127.060842600542,37.5195211994801],[127.060040200748,37.519233300451305],[127.0607622001912,37.5202071000645],[127.06023190104901,37.5211544997354],[127.0614257005352,37.5215249001072],[127.05773670142311,37.521085502083096],[127.0579523006106,37.5228768010042],[127.055602600507,37.523088701042106],[127.0553438002616,37.5238346007089],[127.0540331007017,37.523391901115],[127.0528380999676,37.5247992001369],[127.0518663009394,37.5239594009767],[127.05204100071191,37.526778999474395],[127.04808040285451,37.5287225000616],[127.0483565025784,37.536127092657004],[127.05123669969821,37.5359942927898],[127.0549582970487,37.5342665944936],[127.05423600085291,37.53516319936],[127.0562748993632,37.534975999587],[127.0584782997238,37.5328035991955],[127.0641634988531,37.5298620922265],[127.0654360995412,37.530335399219396],[127.0665350976611,37.5287175922587],[127.07521709995581,37.5272120998671],[127.07660010096919,37.5290081992111],[127.077964299605,37.528531899687394],[127.07769690057751,37.5279207992457],[127.07813490066559,37.5288420003848],[127.07680260138669,37.5296337999298],[127.0786127003519,37.5298550999279],[127.07688830043249,37.5322044005097],[127.0772394001522,37.53375049955179],[127.079407999689,37.5314266994658],[127.0806502993434,37.532312098934696],[127.0807446000834,37.5310177994935],[127.0810144000173,37.5316147993152],[127.0839858995662,37.5318339990644],[127.0846665993308,37.5308996996801],[127.0870083999598,37.530416699525304],[127.08690260120581,37.5314258999905],[127.0902278987985,37.5324663988414],[127.09190820446831,37.5309909908507],[127.0942459998913,37.5330554993212],[127.1014410926962,37.52441790795881],[127.10029729903499,37.5220019002871],[127.1014843990106,37.5224037990164],[127.1011025996214,37.520428699627296],[127.1022857002971,37.518425699614],[127.1027309998518,37.5188609991787],[127.1030316995511,37.5178683001714],[127.1023701994084,37.5176228988351],[127.1037220993946,37.518145298647],[127.1053999991107,37.5174999981324],[127.1062561982545,37.515979199653195],[127.1057233986934,37.51474420006],[127.1044380993001,37.5146108985817],[127.10572339902801,37.5147441985463],[127.1064861993193,37.5133582995769],[127.1077030997121,37.5129533994918],[127.10872840031601,37.5146343987915],[127.1129234992312,37.5135836987702],[127.11144030071439,37.511200601153305],[127.1100698994574,37.5117609009679],[127.1106005998364,37.507930099800404],[127.11118609957529,37.5089795988545],[127.1128829009512,37.508536999055494],[127.1147607006264,37.5097992987167],[127.1135008007366,37.5102920012376],[127.1138164007166,37.511694501159],[127.1126184007626,37.5121726012342],[127.1133486001481,37.5151900983794],[127.11487059987171,37.514582498619504],[127.1153879014554,37.513379698982405],[127.1174928996583,37.515087998601295],[127.1199868009229,37.5148138996587],[127.1202805004885,37.5162904004289],[127.11722350035659,37.5175099002745],[127.1170250029233,37.5195343006288],[127.11508940125431,37.521813799542294],[127.1154929992287,37.5225557005201],[127.11073299939929,37.5196421999065],[127.1115910985412,37.5171933023554],[127.1086891993051,37.5164774026074],[127.1067615005265,37.519043500508005],[127.1077665016107,37.5205024996748],[127.1074307006835,37.5219530005878],[127.10661140046541,37.5218285011208],[127.1066869005733,37.5233335011805],[127.1034824001596,37.5232721009255],[127.1033416990749,37.5216675016336],[127.10148440034891,37.5224038010593],[127.1022475006464,37.5246812006309],[127.1014411014528,37.5244179008942],[127.09590470633671,37.5334048021913],[127.100477200203,37.5374650995068],[127.1023301032852,37.535682296792295],[127.1040691015462,37.5406262918483],[127.1066957048305,37.5429255933665],[127.10954410357549,37.5436036954233],[127.113970099306,37.5390328000011],[127.1138718984093,37.5366054991692],[127.1126272997776,37.5355452001413],[127.1147081987337,37.5346361999938],[127.11427639916549,37.5339567006733],[127.1153002989681,37.5326678993266],[127.1134954994989,37.5303561999738],[127.1146232993123,37.5293643995846],[127.11410879961619,37.5276034997357],[127.11493679958,37.5278077993424],[127.11576939926411,37.5245317987781],[127.1167433993851,37.524399099014694],[127.1163381997903,37.523421199992605],[127.1167433998164,37.5243990990177],[127.1172073001363,37.5235201995419],[127.1181368007747,37.5264099985146],[127.11921869969281,37.5271754977491],[127.1236343999649,37.5253379992188],[127.12428730098051,37.526912198431695],[127.1258921016453,37.5257496988055],[127.1266419015996,37.5267972987914],[127.12872299973449,37.525854199609796],[127.1311557983491,37.522726000832],[127.1299184995864,37.5207933027647],[127.1282746989942,37.5204502019335],[127.1264573984473,37.518807100385494],[127.1248068999556,37.5158135019971],[127.123367199328,37.5152969022711],[127.1248357995491,37.5156946986113],[127.12508370009911,37.514673799226394],[127.12670779938861,37.5150328990954],[127.1273828987135,37.5132890008393],[127.12249260023741,37.511750901449105],[127.1220388998411,37.5106957011143],[127.1199650994994,37.5107025002004],[127.122314997945,37.5095358996141],[127.1214876993501,37.506628200083604],[127.1234190001508,37.5071564987609],[127.124469799356,37.506106799666],[127.1241409997942,37.504594000983296],[127.12301259933399,37.5037885000434],[127.12405349960581,37.5036766997918],[127.1254426990251,37.498999500428795],[127.1264046007035,37.4985810989982],[127.1279301998312,37.5001130979945],[127.1302980000724,37.499652498380904],[127.1320034001225,37.5003118997743],[127.1311897006415,37.501042599852696],[127.13166670029669,37.504032500351904],[127.1303823009616,37.5051903999723],[127.1313088001375,37.5052865001396],[127.1303629009211,37.505713099778],[127.1318270006938,37.5057452002992],[127.1304858012613,37.5075156994439],[127.1310423003559,37.5091963005409],[127.1303050006629,37.5088917003365],[127.12998660097459,37.5100997998166],[127.1320300003027,37.511518499321],[127.1332464001527,37.511133899716896],[127.1325772007014,37.5119083997646],[127.13319080008779,37.5121768994961],[127.13388980254521,37.510733299018796],[127.137899102003,37.5152791995122],[127.1362204011206,37.5167439995636],[127.1374963001209,37.5168546994712],[127.13704910046499,37.5173236009614],[127.13579080020699,37.5166670004069],[127.1345643014335,37.5172652998086],[127.1366776000534,37.5179756013056],[127.1341496025814,37.5176546016266],[127.1335493031817,37.5201137991674],[127.1371504024882,37.5230439984239],[127.1392775008659,37.528031696672],[127.1405435995998,37.527681697022004],[127.1407879996468,37.524490398465],[127.1445134995762,37.526771697626195],[127.1449803991093,37.5259753984225],[127.1455921005866,37.5263699998546],[127.1421503019682,37.5273458004222],[127.14314620097231,37.5284078993601],[127.1439161007113,37.5281485999025],[127.14278660041829,37.5301272993965],[127.1435567006463,37.5311479983934],[127.1433770001279,37.53327559932001],[127.1443780004433,37.533018299210205],[127.1447201005609,37.5350477000741],[127.14390160021321,37.5347298006716],[127.1428113009492,37.536224399774305],[127.1439193011353,37.5364986003009],[127.14347290015901,37.5388883000059],[127.14176250109409,37.5403483999455],[127.1420899008272,37.5409364999513],[127.13844920036,37.5422462007231],[127.1382115006531,37.543429100592796],[127.1342321001744,37.541949800645796],[127.13268270066,37.5433432003363],[127.1327371006056,37.5445475991319],[127.13355410067659,37.5444343994366],[127.1341756000551,37.5454035984674],[127.13536710041599,37.5444160995998],[127.1356947007674,37.5454605988319],[127.13676460009181,37.5447642997925],[127.1366459008546,37.5459220994394],[127.138583401476,37.5457676997057],[127.1379482004113,37.547397399994004],[127.1373882004958,37.5470654004357],[127.1377609010749,37.5487641001013],[127.13707630056841,37.550119000056306],[127.1387833002573,37.552389400002205],[127.1376310000857,37.552408900223504],[127.1367439006163,37.5540161006357],[127.1337331013873,37.555536600018705],[127.1337576013941,37.556559501775595],[127.13236090015529,37.556403602200206],[127.13118110097511,37.5574369014404],[127.13094730016691,37.559349400319505],[127.12841319933409,37.5581116016244],[127.12789820011271,37.555774901668805],[127.1258792005335,37.5572894018059],[127.12390139518689,37.556838308906705],[127.1224420914633,37.552919002222104],[127.1231506960134,37.550667096719195],[127.1199822991818,37.546356801029496],[127.1186034005607,37.5466979006884],[127.11426350412371,37.544583002165204],[127.1091007011613,37.5460656002431],[127.1092443010177,37.5472335990751],[127.1104121002253,37.5479104001447],[127.10931310132429,37.5483632996918],[127.11116800799611,37.5510544963318],[127.1106976006209,37.5547866024012],[127.107991796433,37.55365720326451],[127.10404560037921,37.5548611020606],[127.1029549994198,37.557102801172505],[127.1010105984233,37.5544613016379],[127.09858539750691,37.555428501208795],[127.09739879971019,37.5535221008995],[127.09504510104719,37.5555421010952],[127.094996301096,37.5568939997433],[127.0958701049719,37.5573508014131],[127.0959940009338,37.562862400682],[127.09501909852351,37.561059301915996],[127.0918509016917,37.5602811026942],[127.090777602765,37.5618207011546],[127.0925172011536,37.565170299668196],[127.0911694027315,37.5667780000197],[127.0927948011061,37.5692627975349],[127.0943216995792,37.5681954986022],[127.0951046011013,37.5684785002198],[127.0952297009762,37.569676299022],[127.093713399157,37.5689723013323],[127.09101770185269,37.5695734007312],[127.09192780290279,37.572010600304296],[127.09104430378629,37.5738054985094],[127.0933855014451,37.577478894836005],[127.09599130271779,37.5768064956908],[127.0987708015798,37.5799029997343],[127.0979427001341,37.5807421011405],[127.0966431011064,37.5801830009291],[127.0971112003358,37.5846918999773],[127.09593510010231,37.5845458006147],[127.0943900007952,37.5873899998523],[127.0964138001941,37.5878398996726],[127.09782040028641,37.590456799882],[127.0965011006748,37.5903698005737],[127.0970134997208,37.5912949005508],[127.094808401487,37.591196400513304],[127.0948272011147,37.5922251002693],[127.09279840042491,37.5929484006639],[127.0929919001763,37.595760300106505],[127.09222790086639,37.5967182993408],[127.0930783009113,37.5967595999329],[127.0935739002676,37.5983462000027],[127.0922101996397,37.598967601229],[127.0909068998286,37.5971499005516],[127.0902569004786,37.5976582000433],[127.08971960097169,37.5995594000162],[127.091329900063,37.6001671003158],[127.08749049977631,37.6013363003118],[127.0870421995094,37.600360700486405],[127.08514590002,37.6003821004259],[127.0836845000483,37.5986759010048],[127.08276600096681,37.5987612009195],[127.08285620088459,37.6001926998917],[127.0837607004659,37.6004070998875],[127.0842842009172,37.6019981996119],[127.085209100193,37.6017840998459],[127.08535240041941,37.603035400509505],[127.08370410089421,37.603425700179805],[127.0833767016418,37.6051485011744],[127.0825131001509,37.6047384007828],[127.0812176005069,37.6066493006298],[127.0799120002679,37.6064808002317],[127.0798138004935,37.608611099188295],[127.08122190008321,37.609246399539],[127.08101740074619,37.6104297993692],[127.0818592009036,37.610521399088604],[127.08193300165571,37.6117535012553],[127.0801692999322,37.6121176013501],[127.079466399724,37.6136563008454],[127.0781329003597,37.6143826006427],[127.0765941997703,37.61439030074229],[127.0740810996876,37.6118402999594],[127.0752517995524,37.6101721001478],[127.0743817990796,37.6102747998931],[127.0741235996579,37.6091773996802],[127.0764374995577,37.6084726998999],[127.0760888995884,37.6079870999512],[127.0769110997429,37.608090099258796],[127.07702289964121,37.6073988998895],[127.0766936995727,37.6053049006863],[127.0741644998564,37.6036279001902],[127.0737949996591,37.601495900128704],[127.0758344997963,37.5996973992675],[127.0766115996232,37.600055099685996],[127.0773020997073,37.5984376997028],[127.0800271997156,37.597680799462196],[127.08013299989291,37.5956574002671],[127.0790013001984,37.5950632007588],[127.0786639001603,37.5961136006226],[127.07845879972871,37.5946687003245],[127.0772803999008,37.594184499883795],[127.0790720993663,37.5943808996905],[127.0782019996617,37.593741200112596],[127.0786578998479,37.5929554997264],[127.080009199269,37.593150299466394],[127.0800151997109,37.5921656003108],[127.07935999970469,37.5920645999372],[127.0804043998595,37.5913853997797],[127.0803295005727,37.5921261994757],[127.0809740999281,37.592081199520706],[127.0817057992158,37.5909889004109],[127.0805544994305,37.5903632005458],[127.0808289992231,37.5892069008625],[127.07905069982179,37.5890569001751],[127.07957639946709,37.586761600376],[127.0774169992235,37.5862699998213],[127.0796808992876,37.5848579999549],[127.0797715991969,37.5837252010877],[127.0777052988174,37.5827090006144],[127.0777713982246,37.5810400997211],[127.07682369917231,37.5804251003361],[127.07838520003,37.5810629994301],[127.0788038996096,37.5799151996641],[127.07923659962191,37.5801888996847],[127.0792535993708,37.5775384001999],[127.0784768980859,37.5771167002153],[127.07967759782339,37.575133299851096],[127.079462797985,37.574095400766],[127.0771197995451,37.5727755004487],[127.0751323000066,37.574255100084],[127.0741450003181,37.573437000374895],[127.0741634000176,37.5752695999997],[127.0722180997088,37.5765592001739],[127.07005600008739,37.574312501131494],[127.0667539998231,37.5759470005202],[127.0671827995939,37.5754750002828],[127.06581029967839,37.573803901518005],[127.0633523013163,37.572931003094695],[127.062563602105,37.5732766027491],[127.0621830014085,37.5757497008909],[127.0645680002323,37.57828220012539],[127.0613560006729,37.5782071998499],[127.0620876004958,37.578240200072806],[127.0613560008677,37.5782072004906],[127.0608900013337,37.579338799359],[127.0623674002262,37.579115000034705],[127.0615359003712,37.5809191010426],[127.06053990020379,37.580810900460506],[127.0590808002743,37.582264600105205],[127.0582434001891,37.580862201386],[127.056300800404,37.5812418009059],[127.05335449994399,37.5835817000801],[127.052503699447,37.582294100970095],[127.0512015001339,37.5830568002114],[127.0502010000929,37.582275500246304],[127.04979660021819,37.583946300879504],[127.04887500042159,37.583224800950404],[127.0461644993332,37.5839048002023],[127.0466212990664,37.5832195998139],[127.04573159943129,37.5827362999962],[127.04671279966139,37.5822469996793],[127.0466356997385,37.5814381004882],[127.04502430046449,37.5811414006142],[127.0444115006881,37.5826695002468],[127.04498580035401,37.5832492003375],[127.0438432998675,37.582233800409796],[127.0392096012371,37.5834619999942],[127.038444999951,37.5843214008311],[127.0340797998126,37.580653101382296],[127.03283359985771,37.5816102005748],[127.0306960999105,37.5788183012214],[127.0263212002631,37.5788277005749],[127.0255854003146,37.5777724012456],[127.0248424999762,37.579483800816895],[127.02361549978461,37.578661401184505],[127.02303480005111,37.5797258006985],[127.0212306998831,37.5790724004908],[127.0184701997917,37.574956800757505],[127.0173657003291,37.5749336007814],[127.0163380004906,37.576688899876004],[127.0168958008223,37.5778393002776],[127.0162745003352,37.578707699581905],[127.01787620129551,37.579589800849],[127.0155119013208,37.5819144023985],[127.0146278999155,37.5799631008927],[127.0126914997437,37.580283700468],[127.0139074989555,37.5797053986425],[127.0143534992054,37.5777788991695],[127.0154900980688,37.576799700148705],[127.0148296987292,37.575714001234395],[127.01144100042461,37.57564400044539],[127.0117992003797,37.576526900571395],[127.0081155001841,37.5774957001381],[127.0076612998581,37.5764511004121],[127.0046041999813,37.5768392001955],[127.0020807990915,37.574314000231205],[127.001508799846,37.5720422013989],[127.0001927009796,37.5732134013318],[127.0013391007777,37.574962500180995],[126.9993387007787,37.57529590067],[126.9973449005552,37.577092500457],[126.9957229998986,37.5762022001506],[126.99660469819901,37.5733620003201],[126.995842198897,37.572014700725],[126.9938401004853,37.572091700561],[126.9912928011011,37.5752462001536],[126.9918818013508,37.577552900903804],[126.9909707006114,37.5777778009412],[126.99117900040311,37.578766999952],[126.98851259993491,37.5793144010229],[126.9867731000323,37.5810835003588],[126.9850708992575,37.581260100602904],[126.9841695995509,37.579603000315096],[126.982811899558,37.5798615000656],[126.9815106996883,37.5786358001089],[126.98213939987379,37.5786445996365],[126.9825405995271,37.5772843010101],[126.9814435005697,37.5780168002643],[126.9812343998672,37.5772901004559],[126.9804215992563,37.5777095001002],[126.9785603000726,37.5756531009663],[126.97658279968961,37.5758688006594],[126.975716800426,37.575072400727],[126.97442320067991,37.5760515000803],[126.9758453010745,37.5775726997651],[126.97392380094409,37.5782690001228],[126.9748297003087,37.5787243998774],[126.9738185999594,37.5793174004463],[126.97161930001,37.5781403004181],[126.9696327996141,37.5760886999205],[126.97085079935779,37.5752382996488],[126.9703754990528,37.572298800624395],[126.9716454991456,37.5700634007568],[126.9694395000267,37.5689675006036],[126.9676554001209,37.569122300645496],[126.9673157000326,37.5680766009914],[126.96652510019389,37.5695154013938],[126.96523780003079,37.5691374007311],[126.9637311000003,37.5698544003688],[126.9640484995493,37.568705100588105],[126.9625452995909,37.5696778002441],[126.9616320998777,37.5681957999579],[126.96240849929839,37.567268999718706],[126.96182539973829,37.5664329998755],[126.9631080998161,37.565632200218204],[126.9628041998116,37.5649970004517],[126.9616996988553,37.5655213993049],[126.9638701996233,37.564459299336306],[126.9642307992627,37.5635283002673],[126.96261779995591,37.5636984001853],[126.96051489911021,37.5619617001651],[126.9602026997151,37.5604066000736],[126.9615025990801,37.5597122999458],[126.96081219947091,37.558620000514],[126.9595075996665,37.558603700164]]],[[[126.9966860997346,37.5835646993554],[126.9972111994603,37.582371699725805],[126.99669979930741,37.5815243995163],[126.999023899591,37.5821932986265],[127.0001547984601,37.5802259005939],[126.9997436998401,37.578339599887],[126.9998922003264,37.5791537993747],[127.0008244993941,37.579080999447505],[127.0021944011436,37.5775110993656],[127.0021935010507,37.578597099836],[127.0034893006147,37.5790752997585],[127.0033794004571,37.579741399747704],[127.00446409961991,37.5796905997685],[127.0044831000185,37.578829499555695],[127.00445190058831,37.5799529995651],[127.0058651004657,37.5805325992503],[127.0059112007239,37.583219199293104],[127.0064635007135,37.583106300245895],[127.0052841007346,37.5846761995755],[127.0058213001758,37.585078500410305],[127.0041157999943,37.5836124003332],[127.00163910146121,37.585804000129],[127.0020309010219,37.5865855996998],[127.0030587003071,37.5864419997269],[127.0026696006914,37.5869529998141],[127.00380319992269,37.5878925990376],[127.0064568997829,37.5867360994169],[127.0071833001371,37.5850215994561],[127.00952180030791,37.586791499547196],[127.0100192006122,37.5879379996905],[127.00941870065999,37.5888999000237],[127.01013330079131,37.5896797004676],[127.0084288994574,37.5911519007848],[127.0063024000204,37.5903930008393],[127.0053329997113,37.5904449006616],[127.00498399970769,37.5914183006225],[127.0029773988989,37.5910313002356],[127.00377519872,37.5897223009027],[127.0018679993851,37.5882902997677],[127.0038031985912,37.587892599746404],[127.00247089992351,37.5867899008491],[127.00001940030779,37.5870624005093],[126.9995307998302,37.5848209014588],[126.9972147002659,37.584911900604205],[126.9966860997346,37.5835646993554]]],[[[126.9542290996622,37.553553700176],[126.9549533997303,37.553065400061904],[126.9552292996034,37.5507116000495],[126.9574588001138,37.551708399855904],[126.9578379002872,37.5529651999363],[126.9572087002433,37.553316700264105],[126.9576924002786,37.554438499509004],[126.9585173004395,37.5541828998562],[126.9577998002489,37.5554544999296],[126.9571564001809,37.554612501169395],[126.9555278002893,37.5546139009143],[126.95530030051681,37.5553450001832],[126.9558004007751,37.5568726994153],[126.95759170068149,37.5573996987183],[126.9564539000986,37.5585502004147],[126.9543955993088,37.5573772998125],[126.95532779911541,37.556961200004004],[126.9548570996482,37.5566075996513],[126.9555583993907,37.55633229923],[126.9551642995501,37.555295299760196],[126.9558865994105,37.5534120005047],[126.9548833996637,37.5540614006034],[126.9548591997165,37.5533876004751],[126.9542290996622,37.553553700176]]],[[[127.0726199996867,37.6180799986274],[127.0729157000111,37.616567399861204],[127.0747299999259,37.6173399992041],[127.0754176992382,37.6166012999428],[127.0746457996766,37.616049599802295],[127.0761495995543,37.6154398997373],[127.077170600669,37.618047599263996],[127.0783826001653,37.6186469000594],[127.0772524000465,37.6196524002456],[127.0761395001243,37.6193411002575],[127.07637900031611,37.6201638000647],[127.0744646001192,37.620957600096496],[127.0726199996867,37.6180799986274]]],[[[127.09625219911169,37.512741499969295],[127.0990859004394,37.5130058978766],[127.1004582998433,37.5105582998431],[127.10178740057371,37.5107155991966],[127.10033380061161,37.5120566001748],[127.1012784996669,37.512369399861996],[127.1014642001599,37.5118111995737],[127.10139400095309,37.5133883987469],[127.10314539992281,37.512849799392995],[127.1035574004925,37.5149067004814],[127.1015722002064,37.5152352012228],[127.1011559994553,37.5136598012618],[127.0993550007552,37.514454301265594],[127.0991750997278,37.5134865002858],[127.09625219911169,37.512741499969295]]],[[[127.1330551989829,37.4966997991951],[127.1345341002792,37.4958754995102],[127.1367093995279,37.4968792989899],[127.1381034005372,37.4965063001234],[127.1371707014336,37.4975158992937],[127.13759950168189,37.4983622999931],[127.13577529992891,37.499922600377396],[127.1346714998061,37.499638100183695],[127.13516639953501,37.4994339999686],[127.1345129999987,37.4984383007796],[127.1339503990654,37.499408100496595],[127.13394819953511,37.4982636001998],[127.1325350995911,37.497117400331604],[127.1330551989829,37.4966997991951]]],[[[127.10471049874829,37.5056569994815],[127.10485779945441,37.5043570991015],[127.10895410072641,37.5036808995227],[127.10830690133851,37.505272000486094],[127.1093595003527,37.5060120002385],[127.10833510078551,37.5069575011185],[127.1070300010088,37.5060691011418],[127.1053966001166,37.5074207004023],[127.10471049874829,37.5056569994815]]],[[[127.01406549932351,37.5922905997219],[127.0151484999731,37.591297899712],[127.0159629992797,37.5917622994978],[127.0168305005736,37.590389299120396],[127.0167908013046,37.5912468002603],[127.01804110041911,37.591611200186705],[127.01869140054609,37.5929709004395],[127.0166557997122,37.594623600950996],[127.01406549932351,37.5922905997219]]],[[[127.01733569949701,37.584222800090096],[127.0204148004223,37.5833989992367],[127.02197910007939,37.5862967000157],[127.02028439930709,37.5869026008826],[127.01878620008229,37.5863916010371],[127.018342099929,37.5872430010174],[127.01733569949701,37.584222800090096]]],[[[127.14062079982759,37.545565599529105],[127.141430499626,37.5453768990562],[127.1421640000963,37.5432285989147],[127.1424976002756,37.544090098996996],[127.1454931006778,37.5450103991893],[127.14504830102099,37.545456100060406],[127.14603660277051,37.5459238007876],[127.1449485010662,37.5458608006687],[127.144163500448,37.5477312008067],[127.1426741996846,37.5478668005001],[127.14062079982759,37.545565599529105]]],[[[127.1426971996243,37.493900600352205],[127.1429266996694,37.4930345999008],[127.1437717993649,37.4933358993246],[127.1438389998466,37.4917799996197],[127.1460022008465,37.4929540995474],[127.1452407008059,37.4929834004437],[127.1450545005604,37.494176100569796],[127.1426971996243,37.493900600352205]]],[[[126.9705541990724,37.544915300362696],[126.97220809998291,37.543685599384006],[126.9728446001708,37.5420410999252],[126.972592300963,37.5429025997086],[126.97378910047651,37.543738299638804],[126.9732891006033,37.5436627004613],[126.9733669003998,37.5455692005586],[126.972355899535,37.546162600668104],[126.9705541990724,37.544915300362696]]],[[[126.9503866996579,37.544534800136304],[126.95107299973999,37.5436519997918],[126.9521962004104,37.544175199445],[126.95152880050101,37.5442370002523],[126.95200470053611,37.5452821005158],[126.9512292001849,37.5454831004414],[126.9510821995955,37.5443518001562],[126.9503866996579,37.544534800136304]]],[[[127.0604803990629,37.5081967997031],[127.0643715003165,37.5069432989064],[127.0648187001744,37.5078844000542],[127.063999300643,37.5076099005828],[127.06358230106,37.5083801998125],[127.0657049006811,37.5095140002038],[127.06426480012381,37.5099961011894],[127.06300250025049,37.509452101366996],[127.0624063994109,37.5105545005222],[127.0629757987884,37.508949700270605],[127.06130909980621,37.5090062018291],[127.0604803990629,37.5081967997031]]],[[[127.02745489981879,37.5862377998997],[127.0287265994739,37.5863794994455],[127.0288824000141,37.585270799051706],[127.03017150028519,37.5863231000924],[127.02745489981879,37.5862377998997]]],[[[127.07095679981781,37.6248391999659],[127.0736305001453,37.6239699995503],[127.0734125009572,37.6250647995374],[127.07457500066559,37.6256192008488],[127.0737318004743,37.626789801479],[127.0724920999222,37.6269847006798],[127.07095679981781,37.6248391999659]]],[[[126.9720031993554,37.5342684990074],[126.9757940001208,37.5346148999884],[126.9751148007201,37.534529900228506],[126.9740305000137,37.536829700795195],[126.97284259961901,37.53601540142029],[126.9729536996244,37.5343085005557],[126.9720031993554,37.5342684990074]]],[[[126.9567407991843,37.5756003998037],[126.95799669961069,37.5743408996475],[126.9589678993786,37.5747492989705],[126.9596117003716,37.5730240996461],[126.9596645003194,37.575045100229396],[126.9584700008193,37.574866000402],[126.95809919993901,37.5761523002817],[126.9567407991843,37.5756003998037]]],[[[127.0843084988317,37.5123950999753],[127.0852554992335,37.5119196997871],[127.08473809984599,37.510780499252704],[127.0857816006676,37.5107508992595],[127.08605840023979,37.5121075996714],[127.087196100856,37.5121003000077],[127.0867316997095,37.5131165002943],[127.0843084988317,37.5123950999753]]],[[[127.11138749982531,37.5002345999054],[127.112251399203,37.4992980996537],[127.11153069976301,37.498830399713306],[127.1122513993745,37.4992980994008],[127.11259160050611,37.4982927994459],[127.11138749982531,37.5002345999054]]],[[[127.0099935993327,37.5093179994673],[127.0095949997313,37.5088801999051],[127.01135519946409,37.5088813995445],[127.0113665009573,37.5080325985887],[127.01331640063759,37.508010898913],[127.012404600843,37.510138402896004],[127.0105993996557,37.510362001970904],[127.0099935993327,37.5093179994673]]],[[[127.0035510996031,37.5030874997764],[127.00456460055139,37.502796099856695],[127.00588120015391,37.503587300062996],[127.0035510996031,37.5030874997764]]],[[[127.14255939875079,37.5516035000648],[127.1430300994471,37.5506776000079],[127.1445779012227,37.5505298000073],[127.1441574001894,37.552640100561],[127.1439490986483,37.5515057004624],[127.14255939875079,37.5516035000648]]],[[[127.1018296997944,37.5113716000133],[127.1021097999997,37.5110502998492],[127.1028055005625,37.5118086001306],[127.1018296997944,37.5113716000133]]],[[[127.0777452984741,37.5114372003002],[127.07898620105671,37.5118324008479],[127.0780638996914,37.5126409012898],[127.0777452984741,37.5114372003002]]],[[[126.97187749805971,37.5503701004895],[126.97328270073619,37.5513737006862],[126.9724125992001,37.551754900389],[126.97187749805971,37.5503701004895]]],[[[127.07046609951081,37.510471699617796],[127.0716458006906,37.5108371003107],[127.0705778000948,37.5108369001829],[127.07046609951081,37.510471699617796]]],[[[127.0657162970426,37.4895863985594],[127.066639099694,37.488103098706],[127.066858300709,37.489256700617396],[127.0657162970426,37.4895863985594]]],[[[127.0087169998517,37.5078595999973],[127.0091756999951,37.507040099665495],[127.0101801001623,37.5076836000854],[127.0087169998517,37.5078595999973]]],[[[127.098066399549,37.5154316003308],[127.0985187003352,37.5151882998591],[127.0986241002904,37.51617560062979],[127.09798529993361,37.5163061000783],[127.098066399549,37.5154316003308]]],[[[126.9495784996332,37.582552899730004],[126.9502430007642,37.582740900055896],[126.9498820999296,37.583122000387405],[126.9495784996332,37.582552899730004]]],[[[126.9458623996173,37.556427300257404],[126.9467508007872,37.5567435996292],[126.9458525000162,37.556850900249],[126.9458623996173,37.556427300257404]]],[[[127.02526329957091,37.6037369991745],[127.0255088003776,37.603855199582995],[127.0253902003818,37.6041149003697],[127.02526329957091,37.6037369991745]]],[[[127.0678506980149,37.6362830989215],[127.068142199998,37.6362648996512],[127.0682749008249,37.6364017002704],[127.0678506980149,37.6362830989215]]],[[[127.0148657987848,37.504503100724804],[127.0149974005855,37.5042104988279],[127.0148925995167,37.504986101563105],[127.0148657987848,37.504503100724804]]],[[[126.9903170992696,37.5200803988293],[126.9903171009689,37.5200803993383],[126.9903078001762,37.5201510002822],[126.9903170992696,37.5200803988293]]],[[[127.0341132991288,37.5334176006615],[127.03465080088229,37.533561500430395],[127.0342537002157,37.533606801301204],[127.0341132991288,37.5334176006615]]],[[[127.11794249840939,37.4932429992553],[127.1179425002392,37.4932430000676],[127.117942499198,37.4932430008602],[127.11794249840939,37.4932429992553]]],[[[127.1529375996628,37.495081400746194],[127.15293759965971,37.4950813995157],[127.152966700368,37.4951022002628],[127.1529375996628,37.495081400746194]]],[[[127.0250437994043,37.530732199355306],[127.02504380024881,37.5307322002581],[127.0250437996403,37.5307322001578],[127.0250437994043,37.530732199355306]]],[[[126.9460680996398,37.5395849995556],[126.9460681001438,37.539584999350005],[126.946068100212,37.539585000360304],[126.9460680996398,37.5395849995556]]],[[[126.9613673997349,37.5392201001157],[126.9613674001112,37.5392200998528],[126.9613674000485,37.5392201000901],[126.9613673997349,37.5392201001157]]],[[[127.026481899606,37.5291542001401],[127.02648189984899,37.5291541994987],[127.02648190070519,37.5291542004641],[127.026481899606,37.5291542001401]]],[[[127.072671499771,37.4913420999971],[127.0726715000821,37.4913420998476],[127.072671500208,37.4913421000929],[127.072671499771,37.4913420999971]]],[[[127.1223955986794,37.5054548005113],[127.1223955991268,37.505454799444905],[127.12239560101301,37.5054547995199],[127.1223955986794,37.5054548005113]]],[[[127.1321805994948,37.499498299943596],[127.1321806005675,37.4994982992775],[127.1321806008352,37.4994983004064],[127.1321805994948,37.499498299943596]]],[[[126.9583027996663,37.5518631996157],[126.9583028002691,37.5518631998595],[126.9583028000708,37.5518632001617],[126.9583027996663,37.5518631996157]]],[[[126.9719203996279,37.564858899421594],[126.97192039966251,37.564858899331],[126.9719204001662,37.5648589003511],[126.9719203996279,37.564858899421594]]],[[[126.9768291999039,37.5758687000016],[126.9768292000978,37.5758686999975],[126.9768292000062,37.5758687001075],[126.9768291999039,37.5758687000016]]],[[[127.0043946999213,37.5060559001431],[127.00439470005931,37.5060558998786],[127.0043947002291,37.5060558999997],[127.0043946999213,37.5060559001431]]],[[[127.0111852997501,37.5306123001003],[127.01118530033219,37.530612299357],[127.0111853015295,37.5306123007107],[127.0111852997501,37.5306123001003]]],[[[127.036338699598,37.5005165998821],[127.0363387005903,37.5005166001989],[127.03633870028071,37.500516600386895],[127.036338699598,37.5005165998821]]],[[[127.0556882999046,37.508489399968],[127.0556883001133,37.5084894000379],[127.0556882997676,37.5084894008832],[127.0556882999046,37.508489399968]]]]}},{"type":"Feature","properties":{"interval":60,"stationId":"355173368"},"geometry":{"type":"MultiPolygon","coordinates":[[[[126.82966039979979,37.549124201507],[126.8312676994116,37.548777299033596],[126.8313741992518,37.5470780997315],[126.8345843993255,37.5455016998236],[126.8323337996446,37.5395445999885],[126.8348902994889,37.538102199599194],[126.83596889902459,37.538879099054],[126.8350599998063,37.5378251990925],[126.8361973000001,37.5385906992574],[126.8368998992975,37.5379174999306],[126.8365626002704,37.536987398771004],[126.8387050001795,37.5372159988542],[126.84055119939309,37.5354197997739],[126.8393470996205,37.5345500998597],[126.8398514991161,37.533674500735295],[126.8386118994768,37.5335955008515],[126.8376611997998,37.5320832003038],[126.8375913993127,37.5299973999571],[126.8416289990705,37.526946900285296],[126.8419444011067,37.5279772992138],[126.8454223995634,37.5261844994497],[126.8459495992603,37.5241816006422],[126.84479589837099,37.523567199736306],[126.8446015994744,37.5221748996425],[126.8457281001143,37.5211788991837],[126.84641710056769,37.521773299051496],[126.8471610999696,37.5206958997146],[126.84810519902551,37.5211267992837],[126.8492807999328,37.519402599254796],[126.8520261986226,37.519397299352704],[126.85439989933721,37.516863599556004],[126.85731490025991,37.5192032990809],[126.85870749941479,37.5194027990824],[126.858735299821,37.5180897990616],[126.8603671990503,37.5187396984078],[126.8611849994768,37.5172474989468],[126.8603672013759,37.518739699448],[126.8613640003791,37.520346697841],[126.86240319933991,37.519708098479605],[126.8641309988823,37.5156607003813],[126.86235770065561,37.5150486009934],[126.861849499738,37.515846500668005],[126.861640099148,37.5143454001725],[126.86053279966,37.5141955995095],[126.861212999447,37.5129821999987],[126.8590195001625,37.5102885978784],[126.8636204001721,37.508654299548105],[126.8639012012088,37.5118597997562],[126.86690130010369,37.512515199817805],[126.8698780001701,37.514527099520706],[126.87467379930959,37.515054899060004],[126.8792434976033,37.5138901003506],[126.8766008996343,37.508990500227505],[126.8779600994059,37.5086395002845],[126.877322999268,37.507849900256396],[126.877777799268,37.50622880064],[126.8763365007093,37.506129300739495],[126.87664120061369,37.5070305004187],[126.8756705004711,37.507882100593804],[126.8743693994393,37.5076988002911],[126.8750696996608,37.5070380999297],[126.8750739986742,37.503780500363895],[126.8733283995157,37.5030160991544],[126.8750763978659,37.5027500994046],[126.8751694980111,37.4999734002104],[126.8735087989251,37.4991901998093],[126.8773363002956,37.501110197837],[126.8788977987341,37.5009756979715],[126.8808289988813,37.4980442000055],[126.88261219991409,37.4969055995673],[126.8825916004977,37.4975035996955],[126.8835946001847,37.497231199766105],[126.8854767995444,37.4982953993562],[126.884867999517,37.4961907999217],[126.8856017994273,37.494998499945],[126.88462869986729,37.4944031002094],[126.8849110996777,37.493874299867905],[126.8861104995331,37.492863099043504],[126.8880902998677,37.4926385992361],[126.8885846996259,37.4914216997722],[126.8907771997047,37.4914233995022],[126.88952950001999,37.4902236001898],[126.88792890078071,37.4901993001776],[126.8878010997707,37.4909479008395],[126.88612689970739,37.489476900681],[126.88480679925381,37.490070900484],[126.88356949959449,37.4883771005667],[126.88277219971391,37.4883836001183],[126.8827552993275,37.487280000564695],[126.88192049973,37.4872880999972],[126.8827552991487,37.487279999683],[126.8823584995756,37.485846599569],[126.8833963992586,37.486063199589196],[126.88269919956261,37.4849404998583],[126.88339639963209,37.4860631985084],[126.8844392985892,37.4850622995093],[126.8838953992192,37.4841407000895],[126.8866042988635,37.4817080995054],[126.8893476002631,37.4821110995863],[126.8921198013679,37.483771898549904],[126.8906588015907,37.4839998013049],[126.89095730129219,37.486330698974],[126.8925114013589,37.4859206010475],[126.8911524005549,37.486769599948005],[126.89122570048161,37.4875752991423],[126.8931194010317,37.488170599145796],[126.8945781995729,37.4896781976382],[126.8950707993798,37.4873809993069],[126.8959898008546,37.4880032984721],[126.89700460011551,37.4866808996556],[126.90108050105141,37.4877608993275],[126.9009197008537,37.4890008999627],[126.9020286001017,37.4900330992634],[126.90242430040831,37.48961589989489],[126.90216730121101,37.4907347999434],[126.9033203007949,37.4930034005916],[126.902423200817,37.494116599950196],[126.9036774995627,37.4949830990837],[126.9047880009893,37.4937615988762],[126.9066578998049,37.4954323978015],[126.9074494991264,37.492901099067396],[126.9091210001484,37.4923848998781],[126.9103414002704,37.4936947989974],[126.912489700407,37.4939436990808],[126.9128481007004,37.4954745983624],[126.9147269988215,37.4947360991009],[126.9148755996961,37.493459798728495],[126.9167054978662,37.4924430997452],[126.9163728981988,37.4909209012674],[126.914175700396,37.4897921023962],[126.91173709889749,37.490430101019],[126.9111266995079,37.489685601763505],[126.9095582000008,37.4908025008069],[126.9089688997974,37.4885484017871],[126.9067368995362,37.4891424997487],[126.90759829871111,37.4863587996306],[126.90650259903569,37.48553969975249],[126.9075982992145,37.4863587989829],[126.90880269988729,37.4848439988677],[126.91183719903859,37.4844362992893],[126.9145265999941,37.4824898996035],[126.9147417002348,37.4837790987953],[126.9157362002664,37.4832105995565],[126.91830830049881,37.488070099122],[126.9198908009165,37.4891925996435],[126.9170199007259,37.489434100408396],[126.9169793003923,37.4906563997559],[126.91759110013669,37.490338399633096],[126.9200875989824,37.491783599041796],[126.9215741994088,37.490690898665996],[126.9215917996684,37.4893875991877],[126.9228234994775,37.488851200159296],[126.921757499728,37.4872502004299],[126.9229028983616,37.485492199712105],[126.9205911991712,37.4836213004602],[126.9202111997934,37.4821855987622],[126.923527499767,37.4808369995375],[126.9257863000269,37.4782994992932],[126.9265101996207,37.4787560994669],[126.9268157010036,37.4777051986564],[126.92940949948411,37.4769479996486],[126.9288779995933,37.476408300018505],[126.93008319919029,37.4757352000665],[126.9309049987063,37.4735588017006],[126.9292624998441,37.470807099839604],[126.9318528993166,37.4701483996801],[126.93190149956109,37.4677399989841],[126.9326922998013,37.4692137984417],[126.9344586005038,37.4680782997522],[126.93951490015421,37.4708051996883],[126.9383645001195,37.4725649004285],[126.9374486006293,37.4725932006264],[126.9373604001044,37.4748414996186],[126.9381581004959,37.474477299651795],[126.94097830013109,37.476023398856704],[126.94324969996569,37.4750788993425],[126.9447729988957,37.476809098078796],[126.947410900398,37.4765644983857],[126.9499879003488,37.4770700983031],[126.95042320055191,37.4779022990206],[126.9513558996192,37.4777402991826],[126.9518713990299,37.4728758984278],[126.95493860299061,37.4730103981399],[126.9562774016518,37.4741764969738],[126.95924689887799,37.471787299007104],[126.9612988990232,37.473172297866505],[126.9626974976246,37.4696182014206],[126.9618084990518,37.468426999741496],[126.9649111981565,37.469179198235],[126.9669521977838,37.4679668976868],[126.968824499031,37.4681147984219],[126.9729081003339,37.465553497361896],[126.9769630003339,37.4674271978196],[126.9779310993658,37.4660721991746],[126.9793442011462,37.4662094986117],[126.9800453003088,37.466756702203],[126.97891290144119,37.466915702044],[126.97829110206301,37.4690709998887],[126.9806033997507,37.4710080979516],[126.9829779973761,37.469993498966204],[126.98522290055689,37.4668220980451],[126.9863224999335,37.4679953995277],[126.98809969983341,37.4673458988961],[126.9884371995754,37.464687501236895],[126.9874359989174,37.4609114995024],[126.9886868988555,37.459392799438305],[126.9878057997366,37.458721900109204],[126.9947839983393,37.4509669997621],[126.99374299938029,37.450121100607994],[126.9934542980359,37.4475283015865],[126.9945698990275,37.4480718993598],[126.9962768989919,37.445060199754],[126.9960846018976,37.4470939996376],[126.9977017005099,37.4474033993138],[126.9987312980833,37.4463067988671],[127.0003647993577,37.4462159984636],[127.00219919752331,37.4443427003369],[127.0022200998183,37.4395117001052],[127.0002641993277,37.4387227997598],[127.0015178984531,37.4376842998087],[127.00228639802481,37.4350853995567],[126.9998476999763,37.4336323005942],[126.9969813004473,37.434961800496005],[126.9970531999079,37.4357137003441],[126.9950037997105,37.4344192004337],[126.99150539969469,37.4340872007975],[126.99234439934459,37.4304923003318],[126.99023479946099,37.4288693009105],[126.98871559962541,37.4292665002168],[126.9912060992518,37.427778099680594],[126.9894955997782,37.4256246998981],[126.99074809899811,37.425769300039896],[126.9910195000864,37.4247279997899],[126.99181589957051,37.4251937991445],[126.9921229996664,37.4245485993479],[126.99425790034299,37.4245338999838],[126.99326860133449,37.425026000571705],[126.9930676015355,37.4270038985938],[126.9940652009967,37.428107799988],[126.99346630021009,37.429277800351],[126.992557401119,37.4293346002942],[126.9927917009116,37.4308653987864],[126.99578939927251,37.4288933992024],[126.9965664995992,37.4299823986994],[126.9982118002608,37.4292534994419],[126.9970738013643,37.42970700018],[126.99864150006711,37.430666799406],[126.9997110000705,37.4296283997589],[127.0009738015757,37.433175597352],[127.0044020001998,37.433176597363605],[127.00976470099201,37.4316980983673],[127.01043600127319,37.4342396961498],[127.01283090271029,37.435968402341],[127.00957410596709,37.4389227993866],[127.0100487054442,37.441041898936405],[127.0129600027971,37.4441875005584],[127.0115612036692,37.4458157017505],[127.0121255034375,37.449066798949495],[127.010898700306,37.4471937018369],[127.01041960078511,37.448559400471204],[127.00962559962781,37.4484190026563],[127.0082606009928,37.4499855010898],[127.0075787009681,37.452555500051105],[127.00911910109241,37.4556329988986],[127.01046259974889,37.4563812981503],[127.0114322018648,37.4551661001356],[127.01180340117381,37.4570945002856],[127.0088778989458,37.455498701593],[127.0077101997509,37.4537464009661],[127.0043290015185,37.4585221038443],[127.00095950340949,37.4588280028298],[127.0004759038931,37.4602866013712],[126.99135629935711,37.455059301561406],[126.9901786004381,37.4566488010298],[126.9885779016484,37.457269300819],[126.98855930166701,37.4583270997612],[126.9901311012007,37.4589463994837],[126.9887375026557,37.4599792000797],[126.9935692032369,37.4636874983507],[126.9933291031121,37.466292599805506],[126.99631910151169,37.4667478003811],[126.9981442996865,37.4704011967277],[127.0012695993787,37.468297598819596],[127.0019492012503,37.4692638980012],[127.0041100006939,37.468522294927396],[127.0054109027113,37.4698304997935],[127.0057839020101,37.471608899434],[127.0102835002007,37.4742048981919],[127.0172239995886,37.4718692978948],[127.01726989995561,37.4702154994686],[127.0179178993076,37.471109098575],[127.0226328997514,37.472895199823],[127.0239851989591,37.4686981984786],[127.0253227976215,37.4684902986865],[127.024182600019,37.4637715988882],[127.02593810005571,37.4646357993399],[127.0267432004846,37.464101998995794],[127.02724390031611,37.4645957999907],[127.0259381010169,37.4646358001211],[127.0267343012238,37.465948599158395],[127.0303690978278,37.464127699178],[127.03010739842041,37.4602032011017],[127.029072899445,37.4597325001104],[127.0306644991221,37.4576815003359],[127.03012719995169,37.4570593983134],[127.03200750004281,37.4572253985792],[127.0317462012698,37.4587861985967],[127.0331604998555,37.459029698353206],[127.03524519825491,37.4573463993121],[127.0399257023595,37.4571502974428],[127.04261310063569,37.4583763999303],[127.0413860006925,37.4585088001312],[127.0415987008559,37.4593814004403],[127.0391702011663,37.4609843007457],[127.0393775008116,37.4633291997054],[127.04059139982729,37.463440499711496],[127.04250410041,37.4615442990087],[127.0436275992865,37.462009698543305],[127.0450296990715,37.4594362000559],[127.0432992993386,37.458425900650404],[127.0459835996163,37.4596232989244],[127.0459321991065,37.457723300849494],[127.0467660999514,37.4577625989995],[127.0462317964201,37.4563846984655],[127.0472713958834,37.451816201323005],[127.0460271971276,37.4503479027913],[127.0431893946072,37.451249698095396],[127.0454052928586,37.4470130983225],[127.04457879368509,37.4402141051215],[127.0433997973992,37.439234199048805],[127.0474042984719,37.438803698053704],[127.0476219996306,37.435430496798105],[127.0548408979841,37.4335890925844],[127.0682046011461,37.4355778003497],[127.0669701985052,37.435377601851606],[127.06460100087439,37.4372376999915],[127.0633288021466,37.4427550944741],[127.0666571047806,37.4464462969966],[127.0648688014999,37.450882300391406],[127.0668620015024,37.4520263998141],[127.06803960104921,37.4558296003834],[127.0642997989175,37.4568003018224],[127.0619075013098,37.4563295022932],[127.0613804018369,37.459063699559],[127.06209989876011,37.4597890012932],[127.0591365017235,37.4579211031611],[127.0573689034911,37.45852220256],[127.0553582042376,37.4635540990699],[127.0563676032282,37.4683910942329],[127.0653841010628,37.4694233985189],[127.07069539954071,37.4721506964607],[127.0722517032079,37.4719977973541],[127.077111598348,37.4750565942953],[127.0798557979429,37.4747412935878],[127.0851861000952,37.4718991995742],[127.08454370169859,37.472782599287804],[127.0848130014293,37.47474909732129],[127.088619700449,37.4759171965051],[127.0906961991094,37.474487798005796],[127.0915414012236,37.4771739986398],[127.0945594983742,37.477512398464405],[127.09483009993579,37.475552999283195],[127.09561479915111,37.476223998612205],[127.0973696976262,37.4749954992205],[127.0956702998557,37.4731040998029],[127.1002765997857,37.4718741976621],[127.1013858009066,37.473064198265305],[127.1030900992023,37.4732373980921],[127.10402619897441,37.472453098242404],[127.10452670027779,37.4700255994866],[127.1095488979658,37.4706504985953],[127.1080954003304,37.4687016986739],[127.1101107001552,37.4716886980058],[127.11269249713719,37.469414198292],[127.11192919790051,37.4668244008818],[127.1098300999996,37.4674144002918],[127.106999499508,37.4647762000397],[127.1081026999112,37.4635130993098],[127.10878530017989,37.4642394980406],[127.1116126996504,37.46375719742711],[127.11339370003171,37.4621373986416],[127.11579469763069,37.462988797790196],[127.1173853960301,37.462511298083],[127.1194199939955,37.4589331016612],[127.1194880992765,37.4572667966526],[127.1208687010366,37.4588186965516],[127.1241496977556,37.4591378962324],[127.12430429831561,37.4524706009787],[127.12359169902821,37.451786301663],[127.1223629995423,37.4533254020449],[127.1210428994371,37.451835200522],[127.1222746985226,37.4506542005836],[127.1203435986624,37.4491017007648],[127.12076499921501,37.4443960044258],[127.1187858999626,37.443956902635406],[127.1182555892726,37.4429702981292],[127.1198030976263,37.4360436012675],[127.119091398338,37.4340937032174],[127.117438899256,37.4329930992106],[127.11826499905719,37.4329440992188],[127.1187250993255,37.4301745984883],[127.120077600309,37.428496199121994],[127.12038600032079,37.4298050997262],[127.1229968001545,37.4295440999469],[127.1221095012924,37.4299375005641],[127.1225781008238,37.4317993987022],[127.1241473992545,37.4313582991433],[127.12387869938121,37.4294939003455],[127.1256339994045,37.4253607987475],[127.1292962987903,37.4237934989477],[127.1277896998362,37.4197766008758],[127.1265575991086,37.4186683006559],[127.1254604996719,37.4189072004347],[127.1244390992347,37.4169924004782],[127.1228739982631,37.416802399699705],[127.1215557996533,37.4143253015782],[127.1202833991629,37.4142053007019],[127.12019619932809,37.4111423002161],[127.1195296997557,37.4110263996471],[127.12019619955639,37.411142299641405],[127.12117340012341,37.408244699326694],[127.1212072008848,37.4088819993616],[127.1227624993295,37.409221599022004],[127.124716298336,37.408104900049196],[127.1234695000024,37.4070334989411],[127.1243155992822,37.4071121988663],[127.1256681999143,37.4052956995757],[127.12667069999331,37.4046932997188],[127.1270782005996,37.405536799359],[127.1283273993504,37.4055263993694],[127.1285348991429,37.4048947997922],[127.12825789949599,37.4018323992816],[127.1288441989097,37.401237699876305],[127.12668929975409,37.4014086011016],[127.1251957984734,37.399311400159505],[127.1237145998606,37.3993454001252],[127.1251957991336,37.399311399632005],[127.1253987989248,37.3986690999579],[127.1250439992796,37.397128201498795],[127.1234107987231,37.396881799565904],[127.123361999781,37.3948333004649],[127.1223524007906,37.394729600568596],[127.1222304999034,37.3960215004262],[127.1207907999772,37.3940834003923],[127.1201454006226,37.3945929998827],[127.1193461008211,37.400565200992204],[127.1166879997546,37.4028148009539],[127.11661219930001,37.4019169005466],[127.1134030007497,37.4016141003775],[127.1129750011777,37.4025458994457],[127.1138656006851,37.4032750008538],[127.1128610999454,37.4042564007749],[127.1119668996738,37.4032068011296],[127.11083609957831,37.40412040098779],[127.1077272987354,37.403401200565696],[127.1077302987308,37.4016738015403],[127.106104199669,37.401628601577904],[127.10510739974589,37.4032142005289],[127.1057302988611,37.4009597006562],[127.1046535999378,37.3998395017764],[127.1036976988417,37.4009207999986],[127.1014241999372,37.3978303013632],[127.10332459905929,37.3978419986658],[127.1042811988208,37.3957435000492],[127.105889999472,37.3948992997314],[127.10225409953979,37.3919901001923],[127.1019201998853,37.3902191993379],[127.1034846999692,37.3902212981425],[127.1051518014588,37.393000299582795],[127.1068285999492,37.3938877997869],[127.1086226981551,37.392589401085296],[127.1084880982287,37.389188301661804],[127.1060424983942,37.3871798031],[127.10641269995801,37.385736997698096],[127.1080726994246,37.3866855988573],[127.1082752992783,37.3853540001207],[127.107607199341,37.3852318004921],[127.1082756997983,37.3846693985548],[127.1096536999999,37.3852436994462],[127.1139613000952,37.3844525998728],[127.11595530015549,37.3867038998346],[127.1168257998553,37.386565999560304],[127.1162334004185,37.3878605997102],[127.11776040020689,37.3876670981265],[127.11778310160129,37.388802598767796],[127.1206030994841,37.3868697999907],[127.11987360021361,37.385951200909304],[127.1194836997192,37.386731500252004],[127.1190451988014,37.3836532003736],[127.120579799512,37.3829592998607],[127.1186173003612,37.3815532004756],[127.1176987996794,37.380985001221],[127.11607039897349,37.3820017004846],[127.1130298996047,37.3795980009928],[127.11140509964049,37.380712300059],[127.11190979889231,37.3789120006106],[127.1101404989602,37.3772690007773],[127.109915800138,37.375331201638396],[127.1081334995037,37.375182200048094],[127.1095598985518,37.373631699967994],[127.1075326004775,37.3730285004091],[127.1048664984794,37.3747625021248],[127.10405929768841,37.3721080991805],[127.1054435979155,37.3713862979607],[127.1058184975406,37.370079999267],[127.1044228997077,37.368519499783],[127.1059545983888,37.3678224998392],[127.1047957979064,37.3666157004021],[127.1053020985625,37.3649670002076],[127.1042371996274,37.3637169014577],[127.10267569892561,37.363756599267305],[127.1070820990183,37.363297896752],[127.1071028990802,37.359891397935],[127.1079152991395,37.3596953980479],[127.1098881000013,37.3601034998166],[127.11063520073441,37.3616052993835],[127.1117273004015,37.3616058994934],[127.1126085998755,37.3636485995209],[127.1132862996511,37.362967499193104],[127.1145490000154,37.363596799967205],[127.1154357001604,37.364930400130696],[127.1145537008794,37.3657750998018],[127.1152590007967,37.3667994988726],[127.1167730001236,37.3661432996609],[127.1189709010672,37.3684403987756],[127.1184222000009,37.369412600190195],[127.11838679960519,37.3686951004973],[127.11774390024809,37.3688329003595],[127.1181888000947,37.3701374000728],[127.1172081999234,37.370132800629],[127.11689280065781,37.3717106002805],[127.1157955997969,37.371640800984004],[127.1151374000559,37.3732644005206],[127.1134203001133,37.3743450001205],[127.11236840081699,37.3739749008035],[127.1126798007507,37.3759948994716],[127.1144955999374,37.3749844997273],[127.1167182001327,37.3769360995037],[127.1169904001502,37.375399399022996],[127.118475900107,37.375226899901],[127.11911910056351,37.3765827006198],[127.1184885002542,37.3761842011594],[127.1178868003677,37.3783173995813],[127.1184677998457,37.3787434993088],[127.1190942005162,37.3781263996408],[127.1185282002882,37.3796548994279],[127.11916120066529,37.3802924002805],[127.1176988007672,37.380985000262605],[127.119779400041,37.3823850987359],[127.12197710018299,37.3815503994901],[127.12174640147151,37.3824814000924],[127.1231466000713,37.3841166984571],[127.1239045003659,37.383428699355505],[127.1235134000705,37.3843791998109],[127.1249955004223,37.3842788995564],[127.1263484994775,37.3858753984788],[127.1271747011767,37.385798899437795],[127.1304011002174,37.3935031994421],[127.1317739994465,37.3926462986973],[127.1314928003755,37.3911382990198],[127.1325553996023,37.392232798826505],[127.1338716002779,37.3912617999001],[127.1329463004141,37.3928012003702],[127.1335272006125,37.3971324993341],[127.13423250050779,37.3969755996759],[127.13459540058659,37.3989400996705],[127.13265920125521,37.3990406006107],[127.1310230001597,37.4003489026957],[127.1287691022936,37.404922898617905],[127.1341211002109,37.4069200986951],[127.134387500252,37.4083240989927],[127.1356517001019,37.4085581995578],[127.13545479993131,37.4096400995481],[127.136903800576,37.4096372999384],[127.1359670008291,37.4100902999626],[127.135977800849,37.4108369995787],[127.136898800711,37.4107967997327],[127.1359778006169,37.4108370003612],[127.13670650035971,37.4116901999457],[127.1364095008465,37.4129311995348],[127.1379620001924,37.413152799974895],[127.1360830000716,37.4145793008051],[127.1356264996104,37.416321002382304],[127.1320777003383,37.4167304020405],[127.131478999946,37.4190666016516],[127.1291543014782,37.419100800801104],[127.12893290058429,37.421024600194],[127.1326399011571,37.4242828978319],[127.1312850023645,37.4273366979009],[127.1360298982687,37.4274428980056],[127.13610630011989,37.4283184989817],[127.13791959830661,37.4282337990664],[127.13830259986061,37.4270013980899],[127.1412865006679,37.428484399695705],[127.1402006013261,37.4297506994279],[127.14087960136331,37.4320549974977],[127.14298119982459,37.432923196821896],[127.1444874983183,37.4307555989895],[127.1437780990277,37.429902099843],[127.1446349004469,37.4289686994157],[127.1445420006802,37.4299448991293],[127.1460845014707,37.4315769003878],[127.14502780114789,37.4328912991184],[127.1455543006214,37.4340580979516],[127.147949199606,37.4347163972483],[127.1499731003008,37.4337909994964],[127.14933670088301,37.43551479909],[127.1508335019426,37.436752399582005],[127.1502148011441,37.4399671985001],[127.15317829818059,37.441106397360905],[127.1582252982272,37.437928598466],[127.1588797002965,37.43429489906],[127.1599153997996,37.4359317991916],[127.1611501999695,37.435970499069406],[127.1616493003461,37.435201299032606],[127.1616803003415,37.435962899233],[127.16450070030531,37.435915899234494],[127.1651458002659,37.436955299587304],[127.1666944002129,37.437267199627804],[127.1671446003894,37.4404702993506],[127.16869010027841,37.4423518998807],[127.1672050016051,37.4432573992953],[127.1702812026416,37.4477654995747],[127.1696340002636,37.4472122014119],[127.1687759011217,37.4485546000695],[127.1664170008882,37.4493320006075],[127.16815170015049,37.4509150986908],[127.1694225004751,37.4502811983429],[127.170391201724,37.4518499987756],[127.17364740017629,37.452536599946],[127.173122999364,37.4536978017842],[127.1703726018983,37.455544399734],[127.1714615008094,37.4566044986739],[127.1709368006299,37.4569775007238],[127.1714618004754,37.4577776004536],[127.1687088007407,37.4583308003746],[127.169541601014,37.459893200771205],[127.168606700074,37.462138400968904],[127.16595310016669,37.462476700966704],[127.1650545999786,37.460555001869],[127.1632644017688,37.4625900998339],[127.16407000035,37.463020901482],[127.1610566996119,37.4633327026794],[127.1602825983845,37.465699703172604],[127.15539560051471,37.4632007021467],[127.1532369026734,37.465759399588],[127.1544252012313,37.4678904011528],[127.1528453011626,37.471882498471],[127.1550983004555,37.4708550003146],[127.15435940041901,37.4717913008348],[127.1541379999958,37.4711120006504],[127.1524634003602,37.47214060026511],[127.1505732002812,37.4749717005406],[127.1492772006263,37.474576300417304],[127.1496462003254,37.477063099332604],[127.1507399995886,37.4758910995931],[127.1516585002673,37.477194499685005],[127.1526141019064,37.4770354985806],[127.1517593000813,37.4807617003621],[127.1502062010716,37.4814976003077],[127.1495365017413,37.483066698738604],[127.1507867004911,37.4842556975496],[127.1557761979719,37.4844768969437],[127.1591741003926,37.4830530979871],[127.1677512012006,37.4847620960337],[127.1701544051539,37.4825208969041],[127.16835660759949,37.4860355990904],[127.170578204737,37.4897826996812],[127.1737121023781,37.4906017056378],[127.1709570990284,37.493165902372404],[127.1701034992707,37.4896550031022],[127.1630248027373,37.493546801741],[127.16111810464399,37.4964304988573],[127.1641657019353,37.500151199787695],[127.16345820258829,37.5018966982554],[127.1652032008433,37.503649096503],[127.16798489965929,37.503979295872895],[127.16957680183741,37.5026495955767],[127.1705995016247,37.5061727985022],[127.1684700011086,37.5063641006579],[127.1682739002554,37.5072640003619],[127.1643164007815,37.507019502521096],[127.1636113014866,37.5088793006613],[127.1645819016033,37.5109600019439],[127.1640356019442,37.5129489010142],[127.1615379025404,37.5144682003552],[127.1632300011243,37.515951800494],[127.1613998022856,37.515851900737005],[127.16167330383351,37.5203337010216],[127.1597021018686,37.5204914012393],[127.15745030412039,37.522253499477195],[127.1597477011955,37.526291199701504],[127.1593746970154,37.5255911032994],[127.1559899004002,37.525174503716],[127.15513300125711,37.527306501584],[127.1555939007962,37.5300975987929],[127.1575665988235,37.5312798976106],[127.1602527002785,37.529942097079],[127.1593668017382,37.5328886983121],[127.1605774020413,37.5357329964104],[127.1628874026655,37.537016299744295],[127.1642803990674,37.541317097896],[127.1692154951136,37.540961897196],[127.1712921008633,37.5391040992532],[127.1695247018075,37.5406414012376],[127.1700196013126,37.5425878992911],[127.1733903004799,37.543142398086204],[127.17446029971711,37.544143398753704],[127.1754150992596,37.541800897026796],[127.1762030017257,37.5420771995389],[127.17505820159279,37.5437458997272],[127.1774835010353,37.547314898913704],[127.18034030017199,37.547463199956105],[127.1774835000588,37.54731490049841],[127.1762728010631,37.5493450002296],[127.1776498008601,37.5509236994889],[127.1790972001702,37.5512290995405],[127.18063339918831,37.5498596996201],[127.1799855993006,37.5488855994318],[127.1815614001556,37.5500822994296],[127.18265719905979,37.5493980001139],[127.1827222989664,37.5476579006016],[127.1812748990781,37.547551600312495],[127.1833748996666,37.545897198275796],[127.18689390082871,37.547123599816096],[127.1857981006751,37.547510600547305],[127.1863491001241,37.5485616994962],[127.1888974004727,37.5480649999259],[127.1884254014262,37.5490243996928],[127.1894473010389,37.5504788992447],[127.19148789944,37.5497113998493],[127.1923959993984,37.5478193006749],[127.1895812999441,37.5475692996547],[127.1919063991348,37.544812798742406],[127.1935490988923,37.5448980990371],[127.1931791995012,37.543686298873695],[127.1940102991542,37.5429120990581],[127.1953112991992,37.542844899760595],[127.1948166996938,37.541957100648396],[127.1941737989907,37.542459799510404],[127.194525498639,37.541313000657205],[127.193832798606,37.5404426013355],[127.1957053994052,37.5391945001719],[127.1953690997363,37.536774299658795],[127.1975769999403,37.535358199616795],[127.1971862995467,37.5345353997673],[127.19826309898451,37.5346788995177],[127.1978849998888,37.5328235999012],[127.20207239999141,37.5307876985677],[127.2049359000395,37.5346388972444],[127.2071727002127,37.536031095932906],[127.2096700994461,37.5329852986593],[127.2163308009922,37.5329838988062],[127.2167989017852,37.536774196575706],[127.22021549836859,37.53547989787],[127.22125099901079,37.5342598977667],[127.2241842016107,37.5344628978037],[127.22745569987859,37.532751599806495],[127.2286484006617,37.533976599895006],[127.2285684002394,37.535365699131],[127.2298328046037,37.5350404985443],[127.23276920166731,37.536146597438204],[127.2340243009976,37.539708899791904],[127.2323092016549,37.540742700669306],[127.23407120027001,37.5425512000322],[127.23168640013971,37.5429752009656],[127.2304364992409,37.544460901742],[127.2284019018297,37.543524600919795],[127.2270641018388,37.5440745008729],[127.22750700098581,37.5453982000025],[127.2256440004441,37.5463037004274],[127.21727920051659,37.5477318003936],[127.2185538001181,37.5488574995888],[127.21956080080109,37.5482485997362],[127.2183903000349,37.5501649009527],[127.2171692004073,37.549513100718],[127.2152554003178,37.5505144013786],[127.2127391007508,37.5531141006092],[127.2124659012148,37.554697101079],[127.2034462018929,37.562427802616405],[127.2033850019541,37.565392099652094],[127.2040896013786,37.5660145002524],[127.2036328010488,37.5679379998401],[127.20455270135179,37.5683409004922],[127.2025870020118,37.5708842027052],[127.2030259005947,37.574653401953604],[127.2026857986612,37.5732646017481],[127.1996773966118,37.572367701664504],[127.2006499984919,37.5704586999487],[127.19918889898099,37.569965900329],[127.19915189881631,37.5691733009862],[127.1977360999223,37.5693439004755],[127.19621740082009,37.5701840010455],[127.1942224998774,37.5765328015544],[127.1922061001232,37.575774701402],[127.1900240004167,37.5764746003093],[127.19075080039221,37.5772384002038],[127.18962380038381,37.5777709014415],[127.18897909978939,37.577455699950804],[127.1895170000137,37.5766009000855],[127.1878124000599,37.5770075007779],[127.1874606998547,37.577924000457806],[127.185809099977,37.5767369004381],[127.1847919989218,37.577104499998995],[127.184072198835,37.574936601132],[127.18101889976539,37.5742167003259],[127.1806805996503,37.5731878997234],[127.18132439976209,37.572861499950804],[127.18022279973279,37.572692100188],[127.179155799913,37.570827500458],[127.17823490031651,37.570990700227405],[127.1788046001033,37.571576699972404],[127.1782007996392,37.5718004007516],[127.1752843997562,37.5691966007145],[127.1720483009672,37.5703052016061],[127.17183409961069,37.5716947005252],[127.1713921991831,37.570245898937905],[127.1720355995222,37.5683812006779],[127.17054249773929,37.5677769994806],[127.17190139936599,37.567064898549],[127.1723972989867,37.5655441994511],[127.1694480010275,37.563786201366206],[127.16151939828231,37.5675019021455],[127.1595119002898,37.567581402066004],[127.1587574010443,37.5695881000593],[127.15768110009981,37.5698597005359],[127.1581321994335,37.5692755005334],[127.1572426003231,37.568602901206],[127.1565686001085,37.569716101625],[127.1542491992457,37.5679349005261],[127.1565685993065,37.5697160989805],[127.15686889900621,37.5693076993889],[127.15697109895191,37.5674213011868],[127.15482039949211,37.5675464998859],[127.1569710985636,37.5674212991112],[127.1569408995552,37.5632284009056],[127.15644050005561,37.562913301220696],[127.15571299806071,37.5639192011354],[127.1547888989848,37.5627120023426],[127.1519815994577,37.5620344030392],[127.1485801006775,37.5640752011092],[127.1484019000982,37.565606200279795],[127.147317001228,37.5663045003535],[127.1430426026123,37.5628965036991],[127.1416350031153,37.5667664076951],[127.1330543004463,37.5679201053498],[127.1305230029776,37.570850902419004],[127.131205101738,37.5741015002495],[127.1305697992822,37.573766300616306],[127.13052299939909,37.5708509025672],[127.1279805007299,37.572230400772405],[127.1281719007108,37.573265901178104],[127.1278268997455,37.5722005007097],[127.126568401004,37.5732163996938],[127.1266365019902,37.5748673019047],[127.1246277998161,37.5760985003472],[127.1260384994178,37.5748936000261],[127.12367830104529,37.5730956023836],[127.12336810043699,37.5765768994972],[127.1238921012729,37.5765302004146],[127.1217731043215,37.5789587019554],[127.11713360466871,37.5806620026489],[127.11718430461801,37.5819700013409],[127.1204457013566,37.5859566973542],[127.1232125015526,37.583612900435696],[127.1204457018688,37.585956702706895],[127.1189458033687,37.5884362002274],[127.1200160997209,37.5914468022053],[127.1164426024986,37.5938567996659],[127.11614420296509,37.597599300780296],[127.11875220035711,37.5986187997608],[127.1197791001252,37.6011357994682],[127.12029080026531,37.6005590006197],[127.11938550064711,37.6025404007217],[127.1187577999787,37.602014500513],[127.11558939922901,37.6038592038603],[127.1136726006584,37.608510601275604],[127.1126897016413,37.6086047011815],[127.11334570044059,37.6106348001027],[127.111830200091,37.6091684030296],[127.1110006002161,37.612210301351],[127.1099306004463,37.60984660248],[127.10891120146569,37.6117377005889],[127.1099681004088,37.612497499829104],[127.10951570030001,37.612940300026295],[127.110260399712,37.6143522009472],[127.1095156992784,37.6129403008458],[127.10689010124891,37.6140006998603],[127.10720410093491,37.6146573992036],[127.1088552011172,37.6144928008066],[127.1072384012937,37.6148315012611],[127.1070313007459,37.6171378996031],[127.1093421006562,37.617555700340695],[127.10682749987,37.6169085006468],[127.1072383993696,37.6148315011219],[127.1044011010148,37.6148672008973],[127.1055367005541,37.6180442993101],[127.1063393003582,37.6180344995208],[127.10553670107561,37.6180443001856],[127.10486590200189,37.619561599717095],[127.10621820064961,37.6205180987606],[127.10709200210829,37.6194634990181],[127.1073785018218,37.6214867969948],[127.109662701115,37.6222382990038],[127.1105644002133,37.622380198861904],[127.1115892008454,37.621301798809796],[127.1175092005923,37.6244945981761],[127.1188079018061,37.623552798980995],[127.122261205825,37.624832693837696],[127.12842980205251,37.629071499027404],[127.1266256034177,37.632279498407],[127.12984800399799,37.6361793993396],[127.1317243021217,37.6369224985965],[127.1298745017555,37.6402890002364],[127.1315303000997,37.6408211997042],[127.1304261014877,37.6416225001636],[127.1317795001343,37.6424902992958],[127.1333416994976,37.6413442991929],[127.1325547006645,37.6433021991119],[127.1330650001542,37.644343898070204],[127.1370917978573,37.6439397988393],[127.138866897988,37.6382756033321],[127.1371469994745,37.6374553982577],[127.1421099014686,37.6369841005576],[127.1418024017761,37.637795699746],[127.1427530021984,37.6390860013848],[127.1422162012443,37.641236899942],[127.1427529989069,37.6390860020018],[127.1405643010956,37.6387164023714],[127.14012380153609,37.6403502007376],[127.14115430119179,37.6439691974195],[127.1432454991006,37.643651697737],[127.14315530030521,37.6415497996291],[127.1443842990762,37.644195696983196],[127.1469509980004,37.64402079645],[127.14808409686731,37.6422499982208],[127.1488509015111,37.6382763998184],[127.1494746023417,37.640608301659896],[127.1480841037322,37.642250000018194],[127.1481134041698,37.6462232974907],[127.1531657016988,37.6453896998661],[127.15128970308261,37.6499374977416],[127.15350880081739,37.6503521989038],[127.1523858009745,37.652186200029604],[127.1526772006831,37.6541561980596],[127.1539072008299,37.652911100926495],[127.15191300043499,37.6548150013102],[127.1496168012177,37.6530986019109],[127.1468983033172,37.6568531992967],[127.1471636982859,37.661118701994006],[127.14314729737279,37.6602144018515],[127.1425326975819,37.659445900273504],[127.1434709991576,37.6584795003212],[127.1411972989173,37.6570781026413],[127.13995419491421,37.659661403671194],[127.1377767961303,37.6565595012406],[127.1382495985268,37.6552370005576],[127.1359271977814,37.6515002034799],[127.13180150144309,37.653540301836905],[127.13015250158199,37.6535397018821],[127.1299468017877,37.6560328993889],[127.1312133004696,37.6563301000972],[127.1299468003608,37.6560329008244],[127.1298557999827,37.6573729002544],[127.1282604995366,37.657732000390304],[127.127479499762,37.657054601019006],[127.12705539996911,37.6580025001152],[127.1268018996758,37.6573423004802],[127.1258227994411,37.6575451009223],[127.1252215995914,37.6549652007443],[127.1245741996662,37.655348600141004],[127.124666899356,37.6533089014579],[127.1235374993859,37.6540745997482],[127.1240901992317,37.653364100057395],[127.12337169922961,37.652992299535605],[127.1235934984045,37.651108699882],[127.1256271991592,37.6490189006497],[127.121397300769,37.647526201637405],[127.12120690095941,37.6490670000966],[127.1200436011999,37.6503102002085],[127.120160199961,37.6536771017277],[127.1181645999805,37.653674100407],[127.1187069992691,37.6535891996405],[127.1173969993238,37.6495808004588],[127.1152447009652,37.64979979977149],[127.1163470006005,37.6508187997995],[127.11550320095971,37.6517237991755],[127.1164862007567,37.652325399788204],[127.1151768009821,37.652807800971495],[127.1146613987985,37.652677699083696],[127.115063699403,37.6510041007827],[127.1132596997319,37.6515002003908],[127.11260920011999,37.6506414009149],[127.1109681981939,37.650849300414194],[127.1111221990704,37.649928198415196],[127.11260919975089,37.6506413990238],[127.113254099106,37.650174399490794],[127.1126260996931,37.6487724998412],[127.1135924002183,37.6490849991046],[127.11407869973199,37.647656600533],[127.1108232995264,37.6463872014236],[127.1100359983376,37.6441148010692],[127.10780990056371,37.6431698020142],[127.1066639017097,37.644853400330604],[127.1053441981946,37.6447186019253],[127.1031298949343,37.6425518025412],[127.1038448954349,37.641932098778696],[127.103911795368,37.63769080302],[127.09728659675271,37.6334250093511],[127.0910915029478,37.6412103015658],[127.08864600085799,37.6419035018376],[127.0882982008775,37.6445295011249],[127.08666260225169,37.645192900515795],[127.0855305014112,37.649939000981604],[127.0858385026197,37.651513902327],[127.0836130036424,37.6559080999872],[127.0880403022836,37.658237899647105],[127.089680900643,37.6618730960119],[127.09077480202791,37.6614679997754],[127.0895000034341,37.663535599542804],[127.0908599045086,37.6668875023613],[127.0884260062677,37.6713272019328],[127.0899685044806,37.674304299402806],[127.0915577028914,37.6751873985197],[127.08976470190291,37.675682599886905],[127.0897579015879,37.6780634002788],[127.0873170018857,37.6767043027442],[127.0819259024622,37.679557801761995],[127.0816174009522,37.680568205302606],[127.0793241985437,37.6801729012947],[127.0783209995469,37.6785368029308],[127.07388790398001,37.6775159039517],[127.06887020105701,37.6811704055134],[127.0658033041239,37.6846187020651],[127.0653448026606,37.6877607013329],[127.062191301399,37.6893076021625],[127.059248301529,37.688976903175],[127.0583744989408,37.6898424024156],[127.0556826002897,37.689042401014696],[127.0548366011357,37.6901613998957],[127.0600663035669,37.699369695521796],[127.0626494032638,37.6997517011192],[127.06026340226549,37.6999876036864],[127.05765450487439,37.702587101086905],[127.0591003011638,37.7069869006994],[127.0584611004429,37.7082457004837],[127.0573317000148,37.7065645019074],[127.054883502463,37.7057077027642],[127.0534232039233,37.7065043019676],[127.0528325997014,37.7053191011214],[127.05143700109701,37.706423500017],[127.0520271012296,37.7072047993691],[127.051070206379,37.7103943005363],[127.04958050153421,37.7112596994909],[127.0518277055434,37.7145185975902],[127.0519743036046,37.7166334986028],[127.05104730083649,37.7157349013397],[127.0497311002802,37.716152301464],[127.0488542005557,37.720156098659096],[127.0500221025193,37.720981599237604],[127.05030770127611,37.7227788994848],[127.0511956004302,37.723141399572704],[127.0532980035598,37.721930997786195],[127.05476970060289,37.7232766994841],[127.05505000035359,37.7240834002775],[127.05376680060111,37.7241230005967],[127.0528428998916,37.7231607011639],[127.052195500539,37.7253584989661],[127.0532125001937,37.7245495997402],[127.0533728006683,37.7252740997142],[127.0543829999849,37.725287099432606],[127.0538672005096,37.7252884003236],[127.0540809002959,37.7265805990314],[127.05512730077899,37.726571800662],[127.0540809001445,37.7265806012577],[127.0535256006998,37.7277718000665],[127.05408350046021,37.7283548997971],[127.0535830003307,37.7292083997954],[127.0544058005879,37.7295442006425],[127.052406900121,37.728928101406794],[127.050284100244,37.730248901044696],[127.048816099956,37.7302218009941],[127.04814280059199,37.731255000803095],[127.0468614004857,37.7304178007636],[127.04637960055379,37.732358400601],[127.0449553013767,37.7323218003851],[127.0448863013069,37.7337998000351],[127.0468536000169,37.7352257990674],[127.0479276003546,37.733730799795296],[127.0496058008354,37.7357140993952],[127.0522015003202,37.7361698998959],[127.0516496010199,37.736474900114196],[127.0530323000958,37.7381124999835],[127.0523368008467,37.738205300488396],[127.0528214005304,37.739545099907204],[127.05163260039761,37.7398236003714],[127.0509673002464,37.7413606005827],[127.0468280000063,37.7427967006641],[127.0466873999976,37.743476000030704],[127.0457771999128,37.7419437006405],[127.0420466996714,37.740781400837406],[127.0410948993766,37.7390591004564],[127.0386757997066,37.737464000441406],[127.03872699924999,37.735321400050495],[127.0413831995967,37.733356999885196],[127.04081799999601,37.7325743003918],[127.0399378995005,37.732998800642896],[127.0371702996554,37.7305210002971],[127.0383675994587,37.7300857001247],[127.0375229992948,37.7288263998202],[127.0380387991479,37.7274502996568],[127.03865089970819,37.727676199422596],[127.0391023001994,37.726411499856894],[127.0394763998253,37.7269369993314],[127.0388914996759,37.7242196999469],[127.0399398988496,37.72375190002111],[127.0405246995529,37.7218228999334],[127.0421367998616,37.7230704992715],[127.04336669952971,37.722483699675095],[127.04373229925831,37.7212409000882],[127.0415512988706,37.7210893990842],[127.0428590990379,37.7211143972405],[127.0439936979033,37.7189540994008],[127.0453377990126,37.7183007997571],[127.04546339888701,37.7177174003405],[127.0442215992377,37.7171872993563],[127.0456999989181,37.716318199964306],[127.04532489929319,37.715477500805],[127.0421987999065,37.7165653002503],[127.04168409894619,37.715934599962196],[127.04221529823239,37.710451300808906],[127.0393745955507,37.710192299100804],[127.04090220052241,37.710423898632804],[127.0428503993735,37.709166698730094],[127.0423608004123,37.7097449999088],[127.0436069994348,37.709936699615],[127.0441364991399,37.7083774004629],[127.04224319854251,37.7071457000117],[127.0432729990852,37.706800799274205],[127.0452576989632,37.703061899892404],[127.0443311992324,37.7008593019387],[127.0405853941094,37.698037506123896],[127.036436294647,37.6925146008278],[127.0333314977518,37.691867601474804],[127.0325231965628,37.688107697648505],[127.03058989849609,37.685140200616],[127.03531460094031,37.686140093557],[127.0372109988236,37.6788636003027],[127.03578640006411,37.6776627992045],[127.03808480083269,37.6787093992467],[127.0398485990689,37.678393399562694],[127.0429519982023,37.6759680993426],[127.04039689882251,37.6724749996083],[127.040954898779,37.6705566003291],[127.0373243992292,37.6691951002838],[127.0377421988613,37.668826499926],[127.0362875994699,37.6672160002971],[127.0366242989369,37.6652981000528],[127.0388591996176,37.6644321992624],[127.0392183992584,37.6633344003602],[127.03692139997,37.6616521005228],[127.0361648999794,37.6626078001234],[127.0356741000407,37.6615119007314],[127.0347463999815,37.6623686001857],[127.0346064999344,37.6614068010033],[127.0331145002818,37.6624854004861],[127.0315142999134,37.6620553001221],[127.03217749931821,37.6602352001125],[127.031459700093,37.6592677005374],[127.02971819981181,37.659758400476],[127.02877940038921,37.6589451004839],[127.0277259992146,37.6596530004085],[127.0273031993504,37.6580072011009],[127.0256726995293,37.658125700431],[127.0233162996781,37.6542832023233],[127.021590099355,37.654279802452095],[127.0181930009551,37.6582297026855],[127.016883701109,37.662264103823304],[127.01319650479621,37.663031003056396],[127.01069050346109,37.6662115086238],[127.005987192876,37.6654058002378],[127.0080348973877,37.6645938977629],[127.00652649770461,37.661114897839404],[127.0079331962979,37.654995303959005],[127.0043586925182,37.649998500180004],[127.0041245987769,37.645902499792],[127.00554009912351,37.6454272997023],[127.0046223993529,37.6444129995307],[127.00585359956699,37.6439130999234],[127.007510198314,37.6405091010852],[127.0052995953808,37.6374406026207],[127.0052778987736,37.6360420992974],[127.0068025972489,37.6336856016539],[127.0058637977,37.6295126997025],[127.00828179714931,37.6288657985072],[127.0081908972402,37.6272587001143],[127.0072901981409,37.624157703215296],[127.0040503013808,37.6240068033662],[127.00299369328981,37.6252988039026],[127.00163429336611,37.622182504386004],[126.9990155959848,37.6202497063188],[126.99489300010741,37.620419406149104],[126.99241979247849,37.6217925037656],[126.9963361976752,37.6177316947599],[126.9975208964905,37.61382159867],[127.0002390988716,37.610493299573],[126.99822690088381,37.609185400880904],[126.9911195993245,37.612077899661],[126.9928362959096,37.610337799567006],[126.9921616976075,37.607011896913605],[126.99315279756661,37.6052667987187],[126.9950126986631,37.605065498172],[126.9963571973186,37.6014656017719],[126.9943576993181,37.6003466028909],[126.9911903988363,37.6015249022311],[126.9858843955151,37.5980129037517],[126.98203769796291,37.597933303352804],[126.9809666957937,37.5954789021249],[126.97570469802669,37.596177501019405],[126.97510749775819,37.5957290006002],[126.97570469950409,37.5961774989967],[126.976480798728,37.595486699687505],[126.9766705985382,37.593999601174595],[126.9758900978116,37.5935596998889],[126.9759347978015,37.5919704010962],[126.9749593987769,37.5905895024771],[126.96985740387889,37.5909129021537],[126.970146801146,37.594665899934604],[126.9694820012387,37.5957784011051],[126.9685542993106,37.5959649009881],[126.96809039963179,37.5948448015727],[126.9658831012685,37.5940320021235],[126.96481330205171,37.597316800537804],[126.96273940021861,37.5982096008077],[126.96152689987049,37.594003802612704],[126.9592388973188,37.5927626040624],[126.9558751006826,37.595897800927204],[126.9564958028139,37.5976116011711],[126.9537741022274,37.5969814019019],[126.951161002558,37.6004391004949],[126.9497509019581,37.6043532997529],[126.9507531006165,37.6060473021583],[126.9483040000212,37.6038791003029],[126.946856400413,37.6036829017546],[126.9461107018446,37.6060651038163],[126.94440799916259,37.6047868037153],[126.9412271023435,37.6060236024785],[126.94126340172309,37.6106956993696],[126.9434319070172,37.6150201023162],[126.93978680045629,37.6132757033982],[126.9378827023604,37.6152800013939],[126.9364773996471,37.6154812024485],[126.9353337006355,37.6172728006254],[126.9367586034845,37.620131896542],[126.94154550047371,37.6186981990087],[126.94023420418,37.622570402746504],[126.9372496071646,37.6263437989731],[126.9339736027047,37.6264879005474],[126.93685930063229,37.627899500673195],[126.9340377997208,37.6282093005877],[126.9315247017373,37.630559700523],[126.9314376018244,37.6321088989738],[126.9330693001927,37.6334717976109],[126.9351737009909,37.633710100459005],[126.9323793008993,37.6361562004992],[126.9335437006485,37.6373161000493],[126.9332088015646,37.6395333005301],[126.9298786017872,37.6388733027435],[126.9293697022961,37.6418549997618],[126.9319291031212,37.642801499754796],[126.9304060000874,37.6423420003624],[126.9294621004853,37.6443290003837],[126.9278686009754,37.644938800716595],[126.9279025009415,37.6459784996769],[126.9289177000058,37.6466579000704],[126.9274505997376,37.6458021012472],[126.9262333009549,37.646468300581],[126.9255615007192,37.6487045002061],[126.926071100018,37.649180800090804],[126.924229900025,37.6484191001139],[126.9216421027712,37.6498875991158],[126.9237109027363,37.6520597001235],[126.922507004921,37.6545623006932],[126.9215327999668,37.6541917020239],[126.9212630001409,37.6564098000483],[126.91823690094489,37.6540684040339],[126.9143602976748,37.654331405501495],[126.9126827972483,37.653458705404],[126.9083756008808,37.6550068038689],[126.90515069986229,37.6537482041762],[126.9014926006012,37.6546837034948],[126.9005815015123,37.6561740020045],[126.8999208014291,37.6585009007029],[126.9014640998858,37.6598148993889],[126.90232280065919,37.6590421996924],[126.90163880007,37.6602090001281],[126.8992690984816,37.660047201234605],[126.8982122997145,37.6582304022765],[126.8954591012192,37.6593401016547],[126.89368809985551,37.6620646001805],[126.89348589921221,37.6600160006299],[126.8923525994731,37.6600687000471],[126.89216189910441,37.6586555004216],[126.89049589911271,37.6573194004215],[126.8914611985211,37.655903800580795],[126.8898520001303,37.654901601583],[126.885352899054,37.654246301956896],[126.8845930994845,37.650679799416096],[126.8876178998941,37.6479289997731],[126.8884895996506,37.648360899566],[126.8893596992275,37.647721398114605],[126.89026410090969,37.6484787983741],[126.8928485004197,37.6472328983736],[126.89748179899969,37.6482294987414],[126.8970185994629,37.6465156004553],[126.8956874998176,37.6465872000242],[126.8959739992995,37.6456959991568],[126.89821169908801,37.6452886981125],[126.9002941009678,37.6457620998179],[126.9025811001367,37.647473299651104],[126.9051422019526,37.6469289992021],[126.90588200123801,37.6486695977506],[126.9078776993877,37.6480748984053],[126.9078740992207,37.6460749000562],[126.9115921956832,37.643608599679],[126.90991839728899,37.638167002521904],[126.9062756859498,37.632631602928704],[126.908024501249,37.6338227952919],[126.91138570019339,37.633221496675596],[126.9126076989714,37.628436301460795],[126.9111420981314,37.6286146005001],[126.9100796990314,37.6259201022309],[126.90881209996071,37.626542902408296],[126.9071369933941,37.6248349014332],[126.90758929766889,37.6197773010664],[126.9061262991319,37.619141401702294],[126.90690499918489,37.617997000387206],[126.9057761997069,37.6173883002893],[126.9061825994332,37.6145865999769],[126.9052668995844,37.614017299665804],[126.90725249959709,37.6122358994899],[126.90839309926609,37.6122492995103],[126.9084274997804,37.6078147989094],[126.9123841992547,37.603890399935096],[126.9104153000153,37.6033344004757],[126.9088399996456,37.602046100684404],[126.9084191994166,37.600528700508995],[126.9065347998939,37.5994241000803],[126.9070613998891,37.5998405995129],[126.9080767995212,37.59696689976],[126.907009699729,37.5924077002306],[126.9062230996998,37.592286100043104],[126.9074050986142,37.591709499219704],[126.90563659961569,37.5907256001244],[126.9062449993284,37.5905713995513],[126.9052271997045,37.5886234009673],[126.90294609993079,37.5884534000394],[126.90154359891079,37.5847426000762],[126.90209329823081,37.5832361995797],[126.89952409971869,37.5811712019536],[126.8975709007118,37.5826631011709],[126.8951201005933,37.5832150011036],[126.8937337995262,37.5830670003774],[126.8940395994984,37.582407100378894],[126.8924018011362,37.581016001769996],[126.88708679889561,37.5836345005071],[126.8869444982527,37.5790706996115],[126.8886300989107,37.5793720986396],[126.8897703977704,37.578706799304896],[126.8882295988053,37.5758663005212],[126.88813999883261,37.5730299988583],[126.8900691019645,37.5748933981003],[126.8919731000605,37.5752733977203],[126.89273799929559,37.5740943988993],[126.894770499046,37.5733598980615],[126.8961649993033,37.5741406988884],[126.8970974983708,37.571580101449],[126.8954726998361,37.5697660016186],[126.894342798641,37.569972700658],[126.8939353990892,37.568130600388706],[126.8925468004778,37.5679579005614],[126.8908786971878,37.5692518014254],[126.89195249822811,37.56759769874],[126.8910424991381,37.565943800393896],[126.8914613992449,37.5639102002376],[126.8893516996701,37.5624308993375],[126.8910529991906,37.5622324990301],[126.89134389962119,37.560396999831205],[126.89112900044371,37.561112299269695],[126.8922047993679,37.5613121990698],[126.8932395989432,37.5606945994129],[126.8925302997158,37.5586226008055],[126.88922099966571,37.5589729999041],[126.8927476008463,37.5585096973285],[126.8939194996744,37.5566516991865],[126.8952208996183,37.5561952987577],[126.89604189879731,37.5549504000026],[126.89566279869099,37.5543757001551],[126.8973703943252,37.5531941928497],[126.8930231986724,37.545138600905304],[126.8918313999222,37.545275700156395],[126.89206759975761,37.5447591000316],[126.8908052996833,37.5441699007405],[126.8899990002822,37.545894500726504],[126.8886054999995,37.5449788004155],[126.8873033995789,37.5455076995896],[126.8872719998838,37.544560399440705],[126.88849569866011,37.544575099426005],[126.8886507987437,37.5439521995611],[126.8878630997434,37.5430398000988],[126.8896621991131,37.5412335995716],[126.88943639933889,37.540126900678295],[126.88839779836651,37.5401801016756],[126.889193598756,37.53911510077349],[126.8887421992074,37.5380024018862],[126.88731440063519,37.5377574021312],[126.88425050222139,37.542875201538294],[126.8835365997878,37.5434567006347],[126.8830758992722,37.5422119013024],[126.8812763010718,37.5427282007861],[126.8831001002243,37.544206099885294],[126.8821194018462,37.5458846009945],[126.88235560161,37.547817699061405],[126.8865603001928,37.5460097005994],[126.88316570126041,37.5478752003165],[126.8820485013364,37.5499050010797],[126.8818670998373,37.5491222004126],[126.8790312009415,37.5490401014357],[126.8769689009976,37.5508666000404],[126.8769347010318,37.5518350990719],[126.8790707020188,37.5520276003977],[126.87532340078,37.5524190005328],[126.87527499975,37.5507345014915],[126.872700499452,37.5514839014047],[126.87088800047789,37.549974900753],[126.8696532003743,37.5508537006046],[126.870301099041,37.550301400255705],[126.8692317001104,37.5497046008525],[126.8673919010502,37.5506295001315],[126.8678154002739,37.5518808003137],[126.86648170054839,37.5520062008562],[126.8672900001441,37.5534747002282],[126.8664779999741,37.553029001431504],[126.865236500872,37.5543484003131],[126.86585390098321,37.5551636011293],[126.865033500735,37.5561988002817],[126.8653024005106,37.557146599572405],[126.8662583003275,37.557414399349796],[126.86517810116979,37.558909102213704],[126.8660892993129,37.5574904008854],[126.86530240009981,37.557146601229206],[126.8639240002712,37.5577612008967],[126.8634078007874,37.5591060995518],[126.8642428001572,37.5594138001661],[126.86157709988291,37.56085330064],[126.8578359002974,37.5603478000562],[126.8568391001739,37.56128790041301],[126.8567273002857,37.5619272997736],[126.8575927001813,37.5617319998225],[126.856565299887,37.563755400316296],[126.8555363993733,37.5620007007727],[126.8540224008873,37.5622467005267],[126.85368680021291,37.563029400664995],[126.8516993986097,37.562890200733996],[126.8529440992848,37.5622268988365],[126.8536221991271,37.559629899909794],[126.85547240017169,37.5590687994763],[126.8559313004168,37.5602018996935],[126.85726199998801,37.5603663994807],[126.8571353990805,37.5584716003404],[126.8584332981158,37.556970400937395],[126.8577892995787,37.5549635998745],[126.86046429820091,37.5531536980614],[126.85927009934831,37.5501171000336],[126.86167039949679,37.5486362996991],[126.8631205997149,37.5456742994182],[126.86501530007399,37.545040999300596],[126.8670304996714,37.546123198899195],[126.86783719886469,37.5456662993561],[126.8673535996802,37.544578899456894],[126.8692852994181,37.543080699635794],[126.8691893999154,37.542048899642694],[126.8705387001454,37.542409899716404],[126.8712719007969,37.5414624992174],[126.8724343000594,37.5416285996532],[126.8726361000475,37.5426961993331],[126.87441779868891,37.5422751993479],[126.8755881003232,37.539334398320705],[126.88002209960351,37.540773298789695],[126.8817325991241,37.539781599032196],[126.881819699037,37.538079000734804],[126.8807312992407,37.5374147007093],[126.88149610022651,37.536920099287904],[126.8848479011109,37.5364954988607],[126.88680169934571,37.5370492983626],[126.88818839812251,37.5345784002226],[126.8871976997946,37.5325858995579],[126.88818840008051,37.5345783993493],[126.8910430972258,37.5353755985521],[126.89117829851071,37.5315211998611],[126.88952280016619,37.5305860007963],[126.8842112001763,37.531597000651196],[126.8823080004692,37.53237270108551],[126.8820369004077,37.533483700468],[126.88080340109201,37.5332156006082],[126.8811477006962,37.5341325000377],[126.8799100007489,37.5351300004486],[126.88060850016379,37.5356650000575],[126.87795959986519,37.5355962008054],[126.87747639989331,37.5363806010147],[126.8761499994824,37.535760000204],[126.8763285998422,37.5346410008896],[126.8735659998972,37.5345083008772],[126.8754126994571,37.5328970994403],[126.8751120999854,37.531538400461805],[126.8729594999266,37.531372501385505],[126.8722381000707,37.5336990003949],[126.8708240989629,37.5327567999064],[126.8721899994067,37.5328399991821],[126.87295949863719,37.5313725006496],[126.8707010999107,37.5305139010673],[126.8689930010869,37.5308584006557],[126.8682728018071,37.5320298994842],[126.86973860004841,37.533109599553605],[126.86979000007999,37.534077700842296],[126.8686930001626,37.533765000391405],[126.8656825999682,37.536159700372096],[126.8642057005149,37.5356533008486],[126.8634426994349,37.5368963011361],[126.85989829945869,37.5343862005442],[126.8599819995546,37.5336214005308],[126.85897319964269,37.5334965003578],[126.857956999272,37.5316517004931],[126.85599380029,37.5314210006131],[126.85660700054,37.5325225000708],[126.85517199950999,37.5344142011547],[126.85383180043989,37.5344565008402],[126.853769700502,37.535271600025105],[126.8528169004436,37.5352239004897],[126.85176660112141,37.5366587021003],[126.850647000159,37.5370841006442],[126.8502110998095,37.5363414009924],[126.8487054004467,37.537637600176],[126.8464900006858,37.5378541005857],[126.845912200885,37.5389269002196],[126.8466916004998,37.5393865004429],[126.84652540075541,37.542059600323405],[126.8472693008968,37.5427051000391],[126.84691000062769,37.5449500001176],[126.84568780077839,37.545215400371795],[126.8456654005421,37.5470753005184],[126.8414521998238,37.5449791008256],[126.8397426008831,37.546294699867495],[126.8423361002661,37.5491558002577],[126.83969920157,37.54952120008],[126.8399300006349,37.5523544002844],[126.8384669000152,37.552731900199],[126.836753600374,37.555289200126595],[126.8369160005855,37.5563849992496],[126.8385908998861,37.5570506990978],[126.8391392005973,37.555798099833495],[126.83936540051991,37.5569584996456],[126.84038060014241,37.5566699997665],[126.84190789956189,37.5582815987485],[126.8420087005857,37.5575179994745],[126.8420100004388,37.5588719003987],[126.8404914008864,37.559465000207105],[126.840028400786,37.5608511005324],[126.8389608008948,37.5607789006983],[126.8393560003989,37.5619957012281],[126.8382240003712,37.5608415011999],[126.8356239996743,37.560234800857],[126.8354822980385,37.559526400156706],[126.8325260974091,37.5590397004628],[126.8370416996592,37.554820299781305],[126.8356100996994,37.552844900466994],[126.83449830006971,37.5534628006715],[126.8339494993335,37.5522479010562],[126.8320068997007,37.5519825000405],[126.8315431992631,37.5505482004352],[126.82966039979979,37.549124201507]]],[[[127.1019638993257,37.3522471010279],[127.1030575990031,37.350190500469],[127.101990999561,37.350063299604],[127.1063543978121,37.349420099227004],[127.1056633985031,37.3478977007494],[127.10722709765851,37.3468218001846],[127.1088327985571,37.343558599039504],[127.1088552985346,37.3425957000024],[127.1051907993274,37.3393046995226],[127.10802749899361,37.3389550991121],[127.107834499836,37.3378403994313],[127.1102682002866,37.338066597790096],[127.11027100145759,37.340052099608],[127.11171950284971,37.3407399990711],[127.1102710005635,37.3400521010699],[127.1090392008984,37.343555800003294],[127.1120369004423,37.3454476995806],[127.1121719003886,37.347622299585396],[127.1134285992821,37.3476235995073],[127.113425300226,37.3464192997094],[127.1134286007197,37.3476235995158],[127.1148429012205,37.3477253987244],[127.11415100056291,37.347999699740406],[127.1146121002144,37.348866899533796],[127.11603810049469,37.348495699271204],[127.11514310093139,37.3520588001913],[127.11213220067461,37.3540841001647],[127.11200749997231,37.354872200510805],[127.1098067,37.354237600476495],[127.1088764009303,37.3548932998208],[127.1090661995515,37.3570549006958],[127.1084356991341,37.3566126005209],[127.1083533996328,37.3528240012745],[127.1068138004992,37.3529413009163],[127.1066612006518,37.353974899882694],[127.10739340011541,37.3540708000682],[127.1068302000147,37.3544951010423],[127.10433660003079,37.3540550020016],[127.1046608975385,37.352118900814304],[127.1019638993257,37.3522471010279]]],[[[127.13355869962439,37.60608179992],[127.13428189956771,37.6055503002629],[127.1336210998266,37.6047835995655],[127.13511339926309,37.602962900501],[127.1345881992341,37.6022701000037],[127.1353465992094,37.6022675997058],[127.13569859910099,37.601216099995],[127.13445639964421,37.600529199486296],[127.1382728992983,37.5973427994596],[127.1406741001375,37.5963564992801],[127.14332619969781,37.5964996989403],[127.1443022004552,37.5974061988422],[127.14527890027159,37.5967664989642],[127.1443022009731,37.597406200059105],[127.1445911006842,37.598324299141],[127.146174699918,37.5989992986024],[127.1459958003687,37.599692899410904],[127.14975359898929,37.599711998004],[127.1514701978331,37.5976783977419],[127.1518448023324,37.5980230996146],[127.1488978014914,37.6019699004944],[127.1477194012029,37.606069899853004],[127.1493810003317,37.6070595993676],[127.1491840010881,37.609674500331195],[127.1467145002188,37.6102433004609],[127.14662610024631,37.6109160002998],[127.14399989939379,37.6105478012113],[127.1431365997586,37.6095251007671],[127.14184110020449,37.611021000390004],[127.1380761994258,37.6102901002393],[127.13763899970799,37.6086900009645],[127.1350988991126,37.607726399971],[127.13355869962439,37.60608179992]]],[[[127.1541282991451,37.6100707992344],[127.1555016996565,37.6084062996378],[127.1552079993232,37.6063093998265],[127.1569417998727,37.6068239993874],[127.15857420010211,37.605407099669904],[127.1593479005029,37.6070237002554],[127.15840090032471,37.606538400754],[127.1571891001839,37.6086461997994],[127.15908209981741,37.609436199615],[127.1601534999897,37.6087630996745],[127.1626734999122,37.6098102990498],[127.16410259972781,37.6088174992187],[127.1662045991,37.609754899340196],[127.16598430082311,37.608385499784994],[127.1666345008457,37.6116865993002],[127.16809240070131,37.6131069002314],[127.1665276004787,37.612884800806505],[127.16630430032389,37.6141836001207],[127.16340600040739,37.613583300662],[127.1625623006588,37.6146870003594],[127.16302780065219,37.6152878003426],[127.1625622998477,37.614687000741],[127.1617122000339,37.615192200177006],[127.1616563990406,37.6135509011649],[127.1604076997475,37.614286800624505],[127.1571198001004,37.6127938013841],[127.1550937987803,37.6113609008955],[127.1562690994577,37.611052999859595],[127.15639129938279,37.6100924004922],[127.1541282991451,37.6100707992344]]],[[[127.0401620997013,37.746794299943],[127.0413284996785,37.746829499795794],[127.04102849967529,37.7461754999914],[127.0429494001485,37.7447600994967],[127.0447261996801,37.7448834993461],[127.0449104000192,37.7436675997518],[127.04650050002549,37.7436310998946],[127.0486753002456,37.7461533000047],[127.0480537008591,37.746572199699],[127.04976340017241,37.7471502000923],[127.0479901007432,37.747480200311095],[127.0483806004023,37.748102600394304],[127.0465692007179,37.749277400157894],[127.046945400178,37.749656700184104],[127.0436259997827,37.7505587003996],[127.043986699363,37.7498776003808],[127.04324759960821,37.7499838004074],[127.0422313998077,37.7480240003662],[127.041051599859,37.7478076001788],[127.0413285001847,37.746829500455796],[127.0401620997013,37.746794299943]]],[[[127.1628598987834,37.6499814010704],[127.16642439962429,37.649962099557904],[127.1682150011036,37.6480941974412],[127.168366199951,37.649076800624],[127.1675723003086,37.6484114001655],[127.1664244013039,37.649962099088604],[127.16768680063039,37.653047696653104],[127.16988619843099,37.6527651969356],[127.1714690968481,37.651451698249105],[127.1708299995041,37.648645099777504],[127.17453820038921,37.6470576968271],[127.17782439864611,37.647388794178305],[127.18090910023939,37.6495242939227],[127.18634329789751,37.6475724994511],[127.18515169866811,37.6436789949777],[127.1870785022564,37.6476324981182],[127.19051470065,37.649805799762206],[127.1901046024715,37.6511792029371],[127.1878973977897,37.651835004999896],[127.18465980102731,37.6553102015247],[127.1856053000818,37.6568063000286],[127.1848208004506,37.6567235009895],[127.1844274002014,37.6580042003819],[127.1828237005487,37.6574674005302],[127.1825888005205,37.658614100282804],[127.1787979007215,37.658540100357804],[127.17957200038569,37.659565700475],[127.1787210003223,37.660616101371396],[127.1773918993125,37.659292800722],[127.1754329997438,37.6588512004684],[127.1747362999873,37.657635000559],[127.1719384977592,37.658878000122805],[127.170064399953,37.6540790012926],[127.16785039746121,37.6555216006049],[127.1664243985784,37.6499621012576],[127.1628598987834,37.6499814010704]]],[[[127.0318155990516,37.7391173013612],[127.0342439994348,37.737933098986],[127.0340932991239,37.7366086995618],[127.0349665999548,37.735840299539],[127.03739690080761,37.7380477997395],[127.0350133011905,37.7390920004458],[127.03886180053351,37.7422957000415],[127.0394440005179,37.7436377004015],[127.0372558010971,37.743249501497395],[127.03690440134609,37.7439422009279],[127.03593669995969,37.7433409006697],[127.03542449999361,37.7441680002131],[127.034394699755,37.743117700065],[127.0365070994117,37.742052099865504],[127.0365981998403,37.7403596003129],[127.0348012998318,37.740688701403],[127.0333738996071,37.7395484007425],[127.0319920005619,37.7401354009146],[127.0318155990516,37.7391173013612]]],[[[126.86538059761129,37.6525296998974],[126.8640107987562,37.6511678007407],[126.8652085990343,37.6507733993229],[126.8652812989616,37.6499089001874],[126.8643890001071,37.649517199211395],[126.8680195997198,37.64811799806979],[126.871473398018,37.6480428985066],[126.8719756975157,37.6475378990116],[126.8712488982425,37.6455759009736],[126.8699668991375,37.645164199214605],[126.8721417004148,37.6447607965743],[126.8755374008375,37.6466699989978],[126.87640260153101,37.6460807993714],[126.8782502003274,37.647482698341996],[126.8794366002309,37.6470821999079],[126.8791212010777,37.648225100202694],[126.8781880998752,37.6483096003723],[126.878766299527,37.6480634999164],[126.8782502000431,37.6474827004972],[126.8768534010486,37.648007300437904],[126.8791550001602,37.6500801991121],[126.88114540150309,37.6503781001418],[126.8793027005349,37.651104999729704],[126.87912370069759,37.6523515998372],[126.8804185010816,37.6525533995937],[126.87961270051609,37.6539928004797],[126.8784340003664,37.6526161014621],[126.8762642001519,37.6550575016869],[126.8746893017268,37.654360102384295],[126.8728524990523,37.6551587031755],[126.86538059761129,37.6525296998974]]],[[[126.8225188998028,37.5636032999968],[126.8225072999297,37.5624786998023],[126.82412549846289,37.5621636996514],[126.8231571998039,37.5601573988652],[126.82374130172599,37.560101600246],[126.8243467010823,37.5634228986334],[126.8257994996295,37.5642991977571],[126.8273841980448,37.5631273989289],[126.8268891997715,37.5599103002706],[126.8261204993468,37.5598661004815],[126.8266673999872,37.558047998988],[126.8267725011206,37.5589307990046],[126.8282572015288,37.5594811991775],[126.82865360022839,37.5620428998946],[126.832170100316,37.5643756000553],[126.83028570063891,37.5662527005407],[126.83028490029129,37.5672183008353],[126.8281335999641,37.568299500958005],[126.82768869875039,37.5668902013715],[126.8260830989589,37.5669706000512],[126.826143798538,37.564884200840304],[126.8225188998028,37.5636032999968]]],[[[126.85328749941499,37.494278700092],[126.8540257990341,37.493052999103305],[126.8552917994167,37.4928881987173],[126.8552462996459,37.4916262982886],[126.8576538998682,37.491874599933304],[126.8583605996277,37.4901233985837],[126.8586054000541,37.4911357994145],[126.860386800232,37.4905711998684],[126.8610004999568,37.4914824996713],[126.86126830252441,37.4904852983675],[126.86272920239361,37.4932241996101],[126.861803099884,37.4937587005854],[126.86268429869669,37.4930880001491],[126.86135160002941,37.4918628013743],[126.860454000927,37.4924507007864],[126.8607185998103,37.493250500914705],[126.8596138009151,37.4930528011124],[126.85862150129749,37.49430020077],[126.8576433004698,37.494156600484594],[126.8579237003708,37.4952191002343],[126.8565436001844,37.497401600898506],[126.85328749941499,37.494278700092]]],[[[127.2000269991629,37.6323153009778],[127.2016521008304,37.632640396999896],[127.20361769886479,37.6306807989595],[127.2045284000689,37.6306756999213],[127.20437770091489,37.6312999999312],[127.2065590004398,37.6331859990703],[127.2087658993229,37.6326092983538],[127.2154006989652,37.635013397481295],[127.2158015008995,37.6360783002251],[127.2150681005831,37.6375468000747],[127.2125992011353,37.640045500128096],[127.21376190052099,37.6406854997382],[127.2137329024589,37.6423979006614],[127.2125580004878,37.6428382025834],[127.20836389965419,37.641661807354],[127.2071749951169,37.640427401404],[127.2076316988116,37.6384513988101],[127.20617149669809,37.6353442994377],[127.2030719999329,37.6328913008879],[127.2043776988163,37.631300000616505],[127.2032685999254,37.6311970007195],[127.2022035005451,37.6327280999647],[127.20269549958111,37.6331355010058],[127.2006621999971,37.6324746004354],[127.2004644997471,37.6331251010872],[127.2000269991629,37.6323153009778]]],[[[127.2372896986308,37.6522548998459],[127.2384776986335,37.6504884005227],[127.23757309953771,37.6502586985982],[127.2404583009665,37.6511397985738],[127.2424088990159,37.6501284995851],[127.2422857994123,37.6486035992798],[127.2439775000395,37.6470132988299],[127.247297699816,37.648819797852],[127.2472304010386,37.6501234986538],[127.2492482000436,37.6527226966488],[127.25103630176069,37.652997400360796],[127.2459388006243,37.6564243009922],[127.24589730004979,37.6577931002164],[127.2436366002058,37.6566872008322],[127.24301589977,37.6585933010349],[127.2436140982156,37.6572936987004],[127.2425034993262,37.6558402001539],[127.241227100341,37.6558346002186],[127.2408390999016,37.6565738003132],[127.23905669963011,37.6545511000572],[127.2398969994477,37.654961899413706],[127.23998469943339,37.6537424000736],[127.2372896986308,37.6522548998459]]],[[[126.8362507995493,37.6540104995671],[126.8371120994896,37.6542992995741],[126.8372068997574,37.6526631997154],[126.83742980046709,37.6532780994315],[126.8391457995391,37.652957099542704],[126.84078619843079,37.6506116013324],[126.8399478978255,37.6504012991918],[126.8428759997698,37.6484033954926],[126.8436215017064,37.6496565990915],[126.8453390030849,37.649140100801795],[126.84557000285389,37.652249997691904],[126.84776940684931,37.6534912010834],[126.8465242014059,37.6543796021364],[126.8452659006239,37.65755450072071],[126.8418599998956,37.6573607001873],[126.8396228994216,37.6550850012458],[126.8373716006911,37.6559876005944],[126.83795239918341,37.6548925008827],[126.8362448997501,37.654733700807],[126.8362507995493,37.6540104995671]]],[[[126.8305426996327,37.633375899744195],[126.83203980038951,37.6318303996124],[126.8330879008667,37.633128199348505],[126.8344446004658,37.6331409999214],[126.8341015003566,37.633929200199496],[126.83492050034499,37.6351107995935],[126.8356242996153,37.6337267997024],[126.8361602011387,37.6340697000865],[126.83371360048889,37.637059500098296],[126.832222399941,37.6370098010222],[126.831119499433,37.6363990997188],[126.8305426996327,37.633375899744195]]],[[[127.112601499054,37.6691394988057],[127.11249499841719,37.667155299353794],[127.1135120994929,37.665303099232304],[127.11567509990981,37.6651038997966],[127.1199106003253,37.6662680995178],[127.1195734004631,37.6672338990828],[127.1202829002423,37.6675678003067],[127.119443200654,37.667769299926704],[127.12067330049061,37.6686511997512],[127.120500797925,37.6696350030222],[127.1171163993986,37.6707922019551],[127.1135118001164,37.6687396006743],[127.1131056005226,37.669338900075],[127.1146057005793,37.6707259989719],[127.1142538997914,37.671306000324805],[127.112601499054,37.6691394988057]]],[[[126.798475399084,37.561773700010505],[126.8005461001435,37.5615807996704],[126.801748800025,37.560033599349694],[126.8023581996731,37.560391299539],[126.80219859957519,37.5597714996118],[126.8028582001735,37.560295999992],[126.801433500702,37.5618272992118],[126.805036501392,37.5621670005738],[126.8017169005096,37.562025200667],[126.8015290002948,37.5640735003628],[126.8014995990639,37.562461500648496],[126.79961090010481,37.5628208012991],[126.798475399084,37.561773700010505]]],[[[126.8761752976356,37.4154181998911],[126.88163869808899,37.4112540953974],[126.88687939879989,37.4129794969685],[126.888986400894,37.412303598765604],[126.8866845008032,37.4139797011841],[126.8868109006768,37.4158391993246],[126.8876092013948,37.4155823989815],[126.88871870085829,37.417505598127995],[126.89086930062521,37.4180199980368],[126.8898150014125,37.419470099512196],[126.8903729008546,37.420428198554106],[126.8916328003178,37.420443401595],[126.8903991012096,37.4214863016958],[126.89039819954071,37.420887700594605],[126.8884170015219,37.4206349008474],[126.88704080207499,37.4215190031337],[126.88565130346451,37.422809401843296],[126.88498319989829,37.4249629004782],[126.8855517993379,37.4237369005593],[126.8816438959781,37.4234966002946],[126.87879629966831,37.4160170022152],[126.8777989994023,37.415386002439995],[126.8747909989783,37.4155424000917],[126.8761752976356,37.4154181998911]]],[[[127.09191429972999,37.321849500419496],[127.09194120009609,37.3208831994192],[127.0929835001016,37.321549999667205],[127.0940849996237,37.3203069994571],[127.0959914008308,37.3206462982941],[127.0976838004321,37.3242444002535],[127.09688890039179,37.3237840008954],[127.096160100431,37.324560300863205],[127.0942247996122,37.324602500711094],[127.0950110991559,37.3244699996694],[127.0929320999325,37.322727500472],[127.0934010995387,37.3220310000139],[127.09191429972999,37.321849500419496]]],[[[127.0966649994796,37.3392623997357],[127.0992162985507,37.3391006985925],[127.0993279984417,37.337054099991505],[127.1009760983627,37.3370559991088],[127.1009984983485,37.3353082990103],[127.1028162981975,37.3348899993518],[127.1028140010468,37.3337864000579],[127.10319750072749,37.334924699440805],[127.10193000139999,37.3375961993934],[127.1028328016968,37.339070700594],[127.10260220069681,37.3415937991228],[127.10404170043,37.342755800217596],[127.10188799911761,37.3435269007284],[127.100546798808,37.3427339018195],[127.1008662988259,37.3415939003294],[127.0966649994796,37.3392623997357]]],[[[126.8787760979162,37.4803547982485],[126.8796215981958,37.478667297174496],[126.8823978993141,37.4782667978172],[126.8835608006483,37.4765231001904],[126.8809178014102,37.481887699724204],[126.8811659002069,37.484296700837604],[126.8795162002247,37.485409400063105],[126.87991099798471,37.4835006994336],[126.878147897585,37.4822350001592],[126.8787760979162,37.4803547982485]]],[[[127.15036789962271,37.604510398996105],[127.1524222010311,37.6036916981444],[127.1533098002394,37.6048556996167],[127.155319500157,37.605209599907404],[127.1531057001845,37.6051857005426],[127.1524830999167,37.6065621001043],[127.1521509994852,37.6048687013217],[127.15036789962271,37.604510398996105]]],[[[127.0417253992201,37.759275099789804],[127.04166710000939,37.758421999850306],[127.0440063010338,37.7582784993577],[127.04299349996829,37.7595964009607],[127.0417253992201,37.759275099789804]]],[[[127.18984569806081,37.6044017999045],[127.193572097936,37.603758998132996],[127.1935113003545,37.601522898092],[127.19772380038651,37.6033863997465],[127.1990038020756,37.6049541000698],[127.1961922027503,37.6071072027962],[127.19190880246629,37.607832805558296],[127.1905899993349,37.6068999999992],[127.19166989969409,37.6049334003245],[127.18984569806081,37.6044017999045]]],[[[127.2074187987794,37.5862133996986],[127.2087187989937,37.586007199909695],[127.2078922996537,37.5854886996573],[127.2091790999847,37.5862803984516],[127.21029320030719,37.585715799694604],[127.209179101056,37.5862803997712],[127.2100128003306,37.5871918999815],[127.2094259995173,37.5877210005631],[127.2083147996929,37.587794000169005],[127.2074187987794,37.5862133996986]]],[[[126.8895924993177,37.4664170005173],[126.8905858993657,37.4666596989247],[126.8919992003914,37.4650176979046],[126.8933425001933,37.465350999022895],[126.8933655009748,37.4665262992672],[126.8947341011759,37.4665073999837],[126.8912102004642,37.4681349022592],[126.89008839924189,37.467821301770094],[126.8895924993177,37.4664170005173]]],[[[126.86500769949461,37.476070099549304],[126.8649509002542,37.4751075984078],[126.8682718999,37.4745627994165],[126.8701577024639,37.4767709009166],[126.8683844004723,37.476236401523195],[126.8673308975836,37.477616601177495],[126.86500769949461,37.476070099549304]]],[[[127.07906940023099,37.3126484997331],[127.0802047999734,37.3133202992272],[127.0809940007386,37.312437099406296],[127.0808894002262,37.3144877004126],[127.07972209927449,37.3144364009287],[127.07906940023099,37.3126484997331]]],[[[127.1550342990182,37.650370800100895],[127.1554116992225,37.6492931988528],[127.1582147016197,37.650537099907304],[127.1558142007148,37.6535667017679],[127.157048997486,37.6512886013936],[127.1550342990182,37.650370800100895]]],[[[126.8707065984572,37.494009899099304],[126.8720010005916,37.4953481994467],[126.8711619003587,37.495252400729],[126.8710658995284,37.496231000375104],[126.8707065984572,37.494009899099304]]],[[[127.2846920986853,37.658117400125704],[127.28728320098331,37.6585811997179],[127.28654730067029,37.659497201484996],[127.28605179977609,37.6583262004433],[127.28518269991179,37.658863200452096],[127.2846920986853,37.658117400125704]]],[[[127.0495941988473,37.7431134001882],[127.0504742006714,37.743758200019805],[127.0495208986361,37.7446032002871],[127.0495941988473,37.7431134001882]]],[[[126.9759833989456,37.4025238005665],[126.97522069943679,37.4012569995349],[126.97661640008539,37.4013139988676],[126.9768598004037,37.4020994006492],[126.9759833989456,37.4025238005665]]],[[[126.8117343997777,37.5611855993301],[126.81223770004439,37.5604044994421],[126.81299510035109,37.5610481001018],[126.8117343997777,37.5611855993301]]],[[[126.8686085995716,37.6030171992581],[126.86992650096501,37.603299099939],[126.8690857000367,37.6035319006091],[126.8686085995716,37.6030171992581]]],[[[126.9351977995295,37.5621651002492],[126.93513219997669,37.561858799931606],[126.9352901000984,37.562117900125095],[126.9351977995295,37.5621651002492]]],[[[127.04268359916091,37.7612510001179],[127.042978101144,37.7606388990868],[127.0432979012743,37.7611129002351],[127.04268359916091,37.7612510001179]]],[[[127.1060518985349,37.3241164998725],[127.1071695005127,37.3240034001006],[127.1069087996184,37.3242159011021],[127.1060518985349,37.3241164998725]]],[[[127.31229809829861,37.653164499709604],[127.3134840009875,37.6528689992657],[127.3122148998426,37.6538469009304],[127.31229809829861,37.653164499709604]]],[[[127.0980393996757,37.3422570003657],[127.0987587002367,37.3415981995525],[127.0990720005324,37.3417544000051],[127.09875870017571,37.3415982007323],[127.0980393996757,37.3422570003657]]],[[[126.8289245996385,37.6350616997212],[126.8291211000952,37.6349555998082],[126.82917590046189,37.6351340000812],[126.8289245996385,37.6350616997212]]],[[[126.89300589899541,37.4559838989365],[126.8935179003178,37.455934399818695],[126.8931165999427,37.4562945004043],[126.89300589899541,37.4559838989365]]],[[[127.2030110992036,37.409364200933396],[127.2040837003546,37.4092578000916],[127.20368430004251,37.4097678003008],[127.2030110992036,37.409364200933396]]],[[[127.0159220990851,37.4433253004625],[127.0168769009442,37.4430442988119],[127.0158469999373,37.4435851011394],[127.0159220990851,37.4433253004625]]],[[[127.0388314990324,37.7065982996873],[127.0393232025291,37.7061906980458],[127.0406907011616,37.706385097851395],[127.0393232014625,37.7061907009667],[127.0388314990324,37.7065982996873]]],[[[127.1169903994287,37.653735700208095],[127.1171093004719,37.6537188997361],[127.1169904001582,37.6537357002018],[127.1171411010002,37.6541586999435],[127.1169903994287,37.653735700208095]]],[[[126.8543996996764,37.4794312000923],[126.854763799987,37.4788900990383],[126.8552026002621,37.4798503005738],[126.8543996996764,37.4794312000923]]],[[[126.8115171993468,37.485328199661595],[126.8117811013727,37.4855762001664],[126.8116076997194,37.4859086005494],[126.8115171993468,37.485328199661595]]],[[[126.8678613996314,37.5110726998659],[126.8680336998349,37.5108925994355],[126.8682644001882,37.5109925994871],[126.8678613996314,37.5110726998659]]],[[[126.94477979971431,37.4696127000777],[126.9448001998298,37.4692259993642],[126.9450343008081,37.469306099790195],[126.94477979971431,37.4696127000777]]],[[[126.9882738994034,37.4242120995715],[126.9892011007037,37.4239278999365],[126.9891963000157,37.4242861011326],[126.9882738994034,37.4242120995715]]],[[[127.0569313997829,37.7451221007041],[127.05685179999651,37.7450610994777],[127.0570350001818,37.7450827998438],[127.0569313997829,37.7451221007041]]],[[[127.11100109687169,37.381212901800204],[127.111029700409,37.3812386998651],[127.1110655016267,37.3812720016966],[127.11100109687169,37.381212901800204]]],[[[126.95780309805481,37.4678506982195],[126.95788350072239,37.4685551992312],[126.9587023011764,37.468423700111906],[126.95788349583269,37.468555201782195],[126.95780309805481,37.4678506982195]]],[[[126.94773619813179,37.610189200431],[126.9480518050932,37.610129099257904],[126.94773620271289,37.6101892071471],[126.94773619813179,37.610189200431]]],[[[126.8709987993839,37.4983753006185],[126.87138660026129,37.4984448994813],[126.87126840003701,37.4987830001064],[126.8709987993839,37.4983753006185]]],[[[126.8941494995637,37.4561229004393],[126.89419480007149,37.4560278999375],[126.89414950038329,37.4561229002753],[126.8941494995637,37.4561229004393]]],[[[126.9872002990071,37.426986900645105],[126.98724390215449,37.4270331988499],[126.98729540067659,37.427087900779796],[126.9872002990071,37.426986900645105]]],[[[127.0551553992134,37.7289614000002],[127.0551993001833,37.728670299691],[127.05522020024189,37.7288421001491],[127.0551553992134,37.7289614000002]]],[[[127.092653899803,37.474793499711296],[127.09285079980239,37.4750821004301],[127.0926807999724,37.4748330006792],[127.092653899803,37.474793499711296]]],[[[127.1338034995433,37.603119399601596],[127.1339833003932,37.6032692001947],[127.1339832994644,37.6032692010799],[127.1338034995433,37.603119399601596]]],[[[127.2045079997426,37.408871500070994],[127.2044388005407,37.4087826988356],[127.2045080013003,37.408871499011],[127.2045079997426,37.408871500070994]]],[[[126.8128106998163,37.631237599904],[126.8128107005889,37.6312375998565],[126.812810699896,37.631237600892],[126.8128106998163,37.631237599904]]],[[[126.90603059950149,37.593418400003294],[126.90603059985659,37.593418399284594],[126.9060306002005,37.593418400754],[126.90603059950149,37.593418400003294]]],[[[127.0444872997637,37.7745198000003],[127.0444852998019,37.774418999272605],[127.0444873006041,37.7745198002072],[127.0444872997637,37.7745198000003]]],[[[127.0478903999719,37.7387261000094],[127.0478904000581,37.7387260998865],[127.04791769996,37.7388025000786],[127.0478903999719,37.7387261000094]]],[[[127.09227849934591,37.3234565001547],[127.0922785001329,37.3234564990491],[127.0922785007458,37.3234565002265],[127.09227849934591,37.3234565001547]]],[[[127.1130453994253,37.6709886000517],[127.1130454006277,37.6709885994898],[127.1130454006645,37.670988600625],[127.1130453994253,37.6709886000517]]],[[[127.1158698996321,37.3647284000022],[127.11586990037411,37.364728400000494],[127.1158644997316,37.3648560002051],[127.1158698996321,37.3647284000022]]],[[[127.11710379771459,37.6104601972593],[127.1171038018435,37.6104601987319],[127.11710380126429,37.6104602000826],[127.11710379771459,37.6104601972593]]],[[[126.868649099473,37.4947100995413],[126.868691000383,37.4947309994863],[126.8686910000427,37.4947310002805],[126.868649099473,37.4947100995413]]],[[[126.9206010998216,37.595595599503206],[126.9209046001024,37.5954974999345],[126.9206011001737,37.5955956002149],[126.9206010998216,37.595595599503206]]],[[[126.9276877996382,37.582734899779496],[126.92768779977641,37.5827348992567],[126.92774639995261,37.5827982002679],[126.9276877996382,37.582734899779496]]],[[[127.02563600037101,37.4789642004997],[127.02563599950881,37.4789641989328],[127.0258059004714,37.4789804000822],[127.02563600037101,37.4789642004997]]],[[[127.0919330992432,37.4733978999755],[127.09193310122201,37.473397900252],[127.0919331003697,37.4733979008941],[127.0919330992432,37.4733978999755]]],[[[127.10376929981149,37.3349235000163],[127.1038809009516,37.3349256998796],[127.1038809007071,37.3349257006241],[127.10376929981149,37.3349235000163]]],[[[127.11216749904919,37.6123909011704],[127.1123173013254,37.6124188993994],[127.1123172999122,37.612418900964805],[127.11216749904919,37.6123909011704]]],[[[126.810931699091,37.5612731002372],[126.8109317005804,37.5612730992426],[126.81093169932569,37.5612731012074],[126.810931699091,37.5612731002372]]],[[[126.8380216994405,37.555300800205295],[126.8380217001907,37.5553007995633],[126.8380217006374,37.555300800372194],[126.8380216994405,37.555300800205295]]],[[[126.8699608996925,37.5136187002104],[126.8699609008402,37.5136186992598],[126.86996090026939,37.5136187003897],[126.8699608996925,37.5136187002104]]],[[[126.8830317997281,37.5517224000627],[126.8831531009758,37.5516146997915],[126.8830318008221,37.551722401565605],[126.8830317997281,37.5517224000627]]],[[[126.9999239994408,37.439560298820794],[126.99992400175269,37.439560301140396],[126.99992399924909,37.43956030056199],[126.9999239994408,37.439560298820794]]],[[[127.1046383996078,37.4951138996726],[127.10470529998241,37.494969799885],[127.1046383998398,37.4951139003373],[127.1046383996078,37.4951138996726]]],[[[127.1099165015696,37.6283302016301],[127.1099164984333,37.62833019977],[127.1099523000825,37.6282019980907],[127.1099165015696,37.6283302016301]]],[[[127.11426279978251,37.6718994997313],[127.11436780012309,37.6719549000439],[127.1142627997181,37.671899499996705],[127.11426279978251,37.6718994997313]]],[[[127.1187560998757,37.6637095000113],[127.118753100093,37.6637467000199],[127.1187530996374,37.663746700525195],[127.1187560998757,37.6637095000113]]],[[[127.1795040998215,37.5721438000736],[127.1794758002316,37.5722148002089],[127.17947579984981,37.5722148000026],[127.1795040998215,37.5721438000736]]],[[[126.9365399999104,37.5619297999108],[126.93654000011189,37.561929800038],[126.93653999999559,37.5619298001047],[126.9365399999104,37.5619297999108]]],[[[126.9966966996593,37.444829900095],[126.9966967009164,37.4448298979327],[126.9966967030258,37.4448298998497],[126.9966966996593,37.444829900095]]],[[[127.0997192994252,37.3502395992516],[127.0997193018327,37.3502395994277],[127.099719299824,37.350239600277405],[127.0997192994252,37.3502395992516]]],[[[127.10284499894931,37.347942599748],[127.1028450011305,37.3479425988111],[127.1028450013215,37.347942600704506],[127.10284499894931,37.347942599748]]],[[[127.1075719995823,37.4987044996655],[127.107572000231,37.4987045004113],[127.1075719995073,37.4987045003514],[127.1075719995823,37.4987044996655]]],[[[127.11500279956459,37.6104560002526],[127.1150027998156,37.6104559972635],[127.1150028015839,37.610456000134],[127.11500279956459,37.6104560002526]]],[[[127.11531189923879,37.4038646002642],[127.11531190032319,37.4038645995881],[127.1153119004992,37.4038646004397],[127.11531189923879,37.4038646002642]]],[[[127.1156894997506,37.6647879998471],[127.1156895005419,37.664787998982405],[127.11568950009931,37.664788000121],[127.1156894997506,37.6647879998471]]],[[[127.2072467990774,37.5873427013117],[127.20724680020469,37.587342699441],[127.2072468004656,37.5873427002535],[127.2072467990774,37.5873427013117]]],[[[126.8047275994393,37.561224100012694],[126.80472760008311,37.5612240998575],[126.80472760005131,37.5612241003372],[126.8047275994393,37.561224100012694]]],[[[126.8105454997726,37.485014100461804],[126.8105454998024,37.4850140995432],[126.8105455003879,37.4850140998405],[126.8105454997726,37.485014100461804]]],[[[126.8412728997323,37.568494100118805],[126.84127290064491,37.5684940996298],[126.84127290089461,37.5684941005436],[126.8412728997323,37.568494100118805]]],[[[126.8874797998855,37.5458921000586],[126.8874798006182,37.545892100209606],[126.8874798001404,37.545892100475406],[126.8874797998855,37.5458921000586]]],[[[126.8899927991325,37.560446999967304],[126.8899928000841,37.5604469997521],[126.8899928000246,37.560447000866404],[126.8899927991325,37.560446999967304]]],[[[126.89517289992381,37.6457092999728],[126.8951729001954,37.6457093001877],[126.8951728998328,37.6457093002812],[126.89517289992381,37.6457092999728]]],[[[126.9364287999387,37.5616077999214],[126.9364288001296,37.5616078001561],[126.9364288000135,37.561607800206595],[126.9364287999387,37.5616077999214]]],[[[127.03857859884779,37.713326299852],[127.0385786005289,37.713326299609996],[127.03857860069469,37.7133263006105],[127.03857859884779,37.713326299852]]],[[[127.1076693998458,37.3240072998981],[127.10766940071551,37.3240072994266],[127.1076694002289,37.3240073001682],[127.1076693998458,37.3240072998981]]],[[[127.1172678996292,37.366143299833595],[127.1172679004948,37.3661432994924],[127.1172679011808,37.366143300019296],[127.1172678996292,37.366143299833595]]],[[[127.1320536996713,37.640917300016696],[127.1320537007856,37.6409172996199],[127.1320537000263,37.6409173002868],[127.1320536996713,37.640917300016696]]],[[[127.15029249988001,37.5656860998364],[127.15029250022391,37.5656861000777],[127.1502924996453,37.565686100239404],[127.15029249988001,37.5656860998364]]],[[[127.15342459901649,37.566783300233396],[127.153424600314,37.5667832984468],[127.15342459974839,37.5667833015581],[127.15342459901649,37.566783300233396]]],[[[127.15887959947531,37.6083610004628],[127.15887960012181,37.6083610000067],[127.1588795998697,37.6083610006358],[127.15887959947531,37.6083610004628]]],[[[127.1685584998684,37.5632462998997],[127.1685585001691,37.563246299861],[127.16855850021031,37.5632463001251],[127.1685584998684,37.5632462998997]]],[[[127.24467399911241,37.6578502998503],[127.24467400021891,37.6578502998987],[127.24467399989611,37.6578503003146],[127.24467399911241,37.6578502998503]]],[[[126.8822595998431,37.501797100028895],[126.882259600132,37.5017970998831],[126.8822596000262,37.501797100092],[126.8822595998431,37.501797100028895]]],[[[127.06231239991159,37.6560754999829],[127.06231240002569,37.6560755000033],[127.0623123999816,37.6560755000565],[127.06231239991159,37.6560754999829]]]]}}]}