{"type":"FeatureCollection","features":[{"type":"Feature","properties":{"interval":15,"stationId":"355173404"},"geometry":{"type":"MultiPolygon","coordinates":[[[[127.0378808998113,37.6023823000234],[127.0386375997408,37.6025080994915],[127.0395669996287,37.6009821999228],[127.0392889997807,37.6002909995656],[127.0401174993153,37.5998131997445],[127.0395551989829,37.5991133991362],[127.0413527998855,37.5986433995401],[127.041112000326,37.5995574996888],[127.0427947001196,37.5995200999231],[127.0428493007829,37.602201599604804],[127.0447201005654,37.60446489949231],[127.04566290096099,37.603813199299395],[127.0476532001761,37.6058577987027],[127.0503359000266,37.6046641995428],[127.0563989989041,37.6062976989358],[127.0577028991744,37.6039146984983],[127.0574288002142,37.6022908993889],[127.0620574988765,37.601697098309906],[127.06254420001571,37.6025462991498],[127.0644176003575,37.60301],[127.06368970084199,37.6037405995287],[127.0662976002949,37.6045838996372],[127.0655621004166,37.6054890998452],[127.06726970006869,37.606623499780895],[127.06713100143341,37.6108293000441],[127.0691802993841,37.611821799051604],[127.07007569987731,37.6107174992184],[127.0699925004985,37.6129126993862],[127.07083659965441,37.6131112991876],[127.0727736977173,37.612054900244],[127.0726800978838,37.6112863996294],[127.074113699474,37.6116706993222],[127.0744250990764,37.6100492998208],[127.07278909963969,37.6088530994143],[127.07803629887219,37.6061391998705],[127.075703099569,37.6034294999452],[127.0765852999237,37.603529299528695],[127.07684599984431,37.6027152995718],[127.07742779990899,37.603328299560104],[127.078082499397,37.6022318000247],[127.0761168996549,37.601213099773005],[127.0799068999567,37.5993945993084],[127.0800461000783,37.5986720995934],[127.0810182001231,37.600307299580194],[127.0816489004149,37.5999688002058],[127.0814078004659,37.6011659994967],[127.083543000087,37.601860100019906],[127.0827058005738,37.603887300636295],[127.0787635011485,37.606306500174306],[127.0809832006183,37.6079332998183],[127.0827788023326,37.611190899418396],[127.0806791008791,37.614417500010504],[127.0819805004847,37.6175117989248],[127.0832467992184,37.617065099371494],[127.0834600983516,37.615686199121],[127.0878039984527,37.616210498591904],[127.0887647000318,37.6149932977415],[127.09135130059249,37.6164913976872],[127.09406920113291,37.615263597200396],[127.09526580067951,37.6157571999197],[127.0950368014787,37.616855400617496],[127.09299729998489,37.6173715014231],[127.0913513006879,37.616491401158],[127.0885396008827,37.6197897005567],[127.08872370069861,37.6206621996842],[127.09027090038269,37.6212698999671],[127.0902163000801,37.6232357001503],[127.0884277004449,37.6221263009371],[127.0864410018622,37.624182999999405],[127.0850541009859,37.624328001262],[127.08472759939039,37.6231496011756],[127.0828019990665,37.622284001626504],[127.0801540994928,37.6231751012197],[127.0792013993367,37.6222115000707],[127.0767119003453,37.6219020006915],[127.0769881004662,37.6227221001601],[127.0733889006939,37.6242483998805],[127.0740804004946,37.626044399574795],[127.0728261005467,37.6264384007223],[127.0723360993304,37.6252822996694],[127.0732662993375,37.6250879993804],[127.0735642991577,37.6234756006334],[127.0677717994034,37.6207232023457],[127.0696417985085,37.620053899893605],[127.0701879980542,37.6189273007179],[127.0697646974797,37.6176494996538],[127.0681940990503,37.616574200729104],[127.0638312028017,37.6182648011634],[127.0628406019794,37.6206745023778],[127.0638311986947,37.6182648018615],[127.0630368991803,37.618042001873306],[127.0632602987274,37.6173103002833],[127.0588300009561,37.6147200017858],[127.0570530015259,37.6159544007522],[127.0569297016492,37.6165772001294],[127.0582597004274,37.6172373996613],[127.0579099999108,37.6192500010044],[127.0540913993904,37.6169940024647],[127.0526656008162,37.617196502262196],[127.05093700039501,37.6188454027373],[127.0493634998157,37.616765600651],[127.0472837995261,37.6180361004536],[127.0469388990364,37.614365300104005],[127.0456621998143,37.6138919003012],[127.04669279895491,37.6135314997846],[127.04501429906581,37.6116947999269],[127.04537269820091,37.6096300988549],[127.0473130994839,37.6083913995703],[127.0472385993516,37.607065600500896],[127.044793300116,37.607514600696405],[127.04601319959201,37.6068326997273],[127.043686599286,37.6055418003549],[127.0438551996035,37.6041045005512],[127.0422875997414,37.6043107001991],[127.0414805999506,37.6039776000392],[127.0416232998103,37.603194800489796],[127.04029079970279,37.603906300268896],[127.0378808998113,37.6023823000234]]],[[[127.08326539946461,37.5950652004023],[127.08664470040459,37.5940473992105],[127.0883170002793,37.5964199000706],[127.0840340998376,37.596088600277],[127.08326539946461,37.5950652004023]]],[[[127.0360582991591,37.5911674999496],[127.0356861996602,37.589265400000905],[127.0371834999352,37.589280099406004],[127.03635010087801,37.5905164997981],[127.0377441007316,37.5912512000125],[127.03637739999631,37.5919737004376],[127.0360582991591,37.5911674999496]]],[[[127.05842059942701,37.6225797001008],[127.05924999996981,37.6214899998851],[127.0599139998465,37.6227839987368],[127.06109049867001,37.6221169994038],[127.0610032003185,37.621410899329504],[127.0616342009845,37.6227739995906],[127.060840300303,37.6242633006131],[127.05923199836779,37.62403200114],[127.05842059942701,37.6225797001008]]],[[[127.0287913994091,37.5861904996345],[127.0293815000617,37.586047799984705],[127.02950800039861,37.5863847004029],[127.0287913994091,37.5861904996345]]],[[[127.08698049925229,37.5881388999334],[127.0882694011886,37.5877379005491],[127.0872983998374,37.5894438006381],[127.08698049925229,37.5881388999334]]],[[[127.0580519987981,37.6336369006436],[127.0584817017504,37.6325476985511],[127.0587086000088,37.6337934005448],[127.0580519987981,37.6336369006436]]]]}},{"type":"Feature","properties":{"interval":30,"stationId":"355173404"},"geometry":{"type":"MultiPolygon","coordinates":[[[[127.0015909987831,37.5654660999217],[127.0023480992767,37.5655228995358],[127.0016717987706,37.564576899916595],[127.0022955994115,37.5646076995054],[127.002571999826,37.5631928997704],[127.0036438993057,37.5634547994959],[127.005601499886,37.5616046995182],[127.00835789948589,37.563631299324896],[127.0095913995805,37.5630403999673],[127.0081484994529,37.5623604996119],[127.0097545994819,37.561604399931],[127.00895769945029,37.5604453005518],[127.0082547990935,37.5608048990294],[127.0086548996899,37.5590178995821],[127.0096514988108,37.5582291003065],[127.0086991995926,37.5574999006515],[127.0086734000635,37.555875301154494],[127.0075370997065,37.5563807010932],[127.0068888993068,37.5558056008591],[127.0063761988802,37.5536416999739],[127.0069111995341,37.5517081997882],[127.0074611001791,37.5512430999096],[127.00773480004409,37.5525970991167],[127.0085143999417,37.5513841992109],[127.0098944002629,37.5520063993795],[127.01288750083961,37.5515238992068],[127.0136641999754,37.553259399070605],[127.01436530023959,37.552729299190304],[127.01461520047849,37.5533546005304],[127.01330780130591,37.5555185987177],[127.0142771008265,37.556680799251104],[127.01525860046219,37.556234099796896],[127.0188900007257,37.5583799996109],[127.0196970002354,37.5605745996915],[127.018498600247,37.5602241004687],[127.0180785006671,37.5611973994954],[127.0216330009452,37.5630380001041],[127.0220614016279,37.5644711997287],[127.0238900005914,37.5653061004616],[127.02251650059999,37.566714000058596],[127.023509600254,37.567596700068805],[127.02201270089121,37.5685292004201],[127.0237762001549,37.5721955995046],[127.0277017000537,37.573977299866705],[127.0277896998693,37.574857199602896],[127.0323458000093,37.5760028995743],[127.0350663008378,37.5739693987646],[127.0363804010602,37.5760478995466],[127.0374683006006,37.5759755999094],[127.03873020022,37.5775824991],[127.04180220012431,37.5766930994024],[127.0416702003337,37.5773269997816],[127.043269999404,37.57835999854041],[127.0439599990577,37.5774931992748],[127.0434332997724,37.5762021995112],[127.0461975002069,37.576590099384894],[127.0441743006469,37.5777517997671],[127.0449472005362,37.5793131987266],[127.0463107002478,37.580414099064996],[127.0474361002583,37.5803010998367],[127.0475325004433,37.582002699426894],[127.0499097002608,37.583442999113906],[127.0511767000237,37.5855847997323],[127.054374399761,37.5835108996212],[127.0546950001568,37.5847509988161],[127.0564368000825,37.583787399424196],[127.058563999872,37.5852897993866],[127.06135019956251,37.584176899648504],[127.06213870018321,37.585834799162704],[127.06301670143911,37.5857629989406],[127.0647081002018,37.5873493999776],[127.0653618006109,37.5898762991384],[127.0663329996397,37.590532598482106],[127.0682277997795,37.5900576995325],[127.0685583998713,37.5890698996828],[127.0681642000993,37.5911883001074],[127.0674379001856,37.5914804997009],[127.0709654985833,37.5920681985873],[127.0716442980908,37.591256298761095],[127.07307729947159,37.5912913995828],[127.0721534998058,37.5901525998972],[127.0731506993462,37.5890614001467],[127.075257299513,37.5894074986155],[127.0768918993557,37.587867699517],[127.07727149912739,37.5867363001366],[127.075741299688,37.586051600381595],[127.07468570026731,37.587265200244296],[127.0736782992849,37.5871901003785],[127.0739406997334,37.5861493998558],[127.0777052988174,37.5827090006144],[127.0777713982246,37.5810400997211],[127.0759315996283,37.579941899987205],[127.0762180000387,37.5805196999025],[127.0767920996093,37.580364799523295],[127.0763896004814,37.5796204984455],[127.0780790002778,37.5801056994708],[127.07838520003,37.5810629994301],[127.07945719940129,37.5797515001221],[127.0792535993708,37.5775384001999],[127.0784768980859,37.5771167002153],[127.07967759782339,37.575133299851096],[127.0797424973773,37.5731903995851],[127.07890089821889,37.571988600786895],[127.0794862985321,37.569603298375796],[127.0764768998341,37.5645115004004],[127.0774793994376,37.563268800193704],[127.0771296996975,37.5611771004014],[127.0765869999483,37.5616499011091],[127.0726959989844,37.5600303006782],[127.071733199311,37.560411000315604],[127.07324349976311,37.5598149999394],[127.07221989935529,37.5582442001026],[127.0729623992894,37.5576248992663],[127.0727209997724,37.5560844000841],[127.0745769989804,37.5547549998631],[127.07343029965129,37.5540092004545],[127.0728782996039,37.5521421008544],[127.07363629938061,37.550427400396394],[127.06908620004221,37.5493350007329],[127.0688315999369,37.548318201128694],[127.0677614998048,37.548274400099096],[127.07016739948631,37.546567699958196],[127.071645699441,37.5442800002185],[127.06975479965409,37.5441208003692],[127.0696622997652,37.5431112004107],[127.0677882995304,37.5421894002217],[127.06592809972399,37.5421835000937],[127.0667863999259,37.5403203998584],[127.067838299268,37.5407138994944],[127.06736309909739,37.5396534000287],[127.0689531992967,37.5368017986342],[127.0716376993566,37.5385443984482],[127.0745392003013,37.5385610993318],[127.0738603001205,37.541270400220405],[127.0726650004714,37.541655400120405],[127.0736428005609,37.542749499554496],[127.0723560008533,37.5432754998584],[127.0731314005887,37.5449358994043],[127.075155599362,37.545008099064],[127.07676240029461,37.543537199911704],[127.0774763005039,37.544990398879904],[127.0790337007392,37.5450261991012],[127.0789512999762,37.546616800282806],[127.07697980008591,37.5454761009301],[127.07521730106231,37.5491870003002],[127.0752624010172,37.5510716984155],[127.0769504993291,37.550342199145],[127.0779714003304,37.5527042990755],[127.0792195008152,37.5516204981024],[127.08047310042821,37.55314179914],[127.0828392000735,37.5526681990322],[127.08339430021519,37.5535732991021],[127.0868944009761,37.5540522990167],[127.086474100218,37.5561154007028],[127.08542200093389,37.556510100271396],[127.0868622001863,37.5575999006087],[127.0846418002258,37.5588957999788],[127.0854713000643,37.5592178996688],[127.08538340011219,37.560092299265804],[127.08764000038579,37.5594099996564],[127.08786030015631,37.5605294991083],[127.08932820082549,37.5613637000427],[127.0883618006766,37.5651462998501],[127.0891860006695,37.5662525989007],[127.0911694022302,37.5667779988379],[127.0927948011061,37.5692627975349],[127.09101770185269,37.5695734007312],[127.09192780290279,37.572010600304296],[127.09104430378629,37.5738054985094],[127.0933855014451,37.577478894836005],[127.09599130271779,37.5768064956908],[127.097433003962,37.5789490972558],[127.1003506010444,37.579637296567604],[127.0986675008147,37.579962001732405],[127.0980768014054,37.5818825998118],[127.0977494994088,37.5811121006345],[127.0965206006377,37.581843599902996],[127.0965071006512,37.5826637990828],[127.0984007018686,37.584080301133],[127.09821960155459,37.5867630988492],[127.1006269003306,37.5871174998483],[127.1015166002573,37.587907899710096],[127.1011062003394,37.5890647996533],[127.1018985002833,37.5890567001574],[127.1009305005269,37.5893711012134],[127.1011668002715,37.5906916005126],[127.0990405008358,37.5935412000119],[127.099062600585,37.595050999641195],[127.1003694004726,37.5952828000221],[127.0994536004377,37.5960336006007],[127.1004117006283,37.597401299983304],[127.0995326004253,37.5976426001595],[127.10097710015829,37.5993043995974],[127.1006605003539,37.600059700300804],[127.0989239001565,37.6008250001301],[127.0989093005509,37.6017363002192],[127.095418399802,37.603059300652596],[127.0948959996891,37.602417701206896],[127.09314070100001,37.603977400599696],[127.09333920080151,37.6046995998775],[127.09541549972491,37.6053490997368],[127.0955294001311,37.6043216994794],[127.095523000338,37.6052950994124],[127.0964821006979,37.60502489973759],[127.09655930036129,37.6062126993134],[127.0978310000625,37.6053336996679],[127.0994713005721,37.6073550989731],[127.101110699995,37.6072322999245],[127.1012194003913,37.6084791996107],[127.1031368005144,37.6087906000595],[127.1011184025027,37.6107911001159],[127.1031687004524,37.6119013990056],[127.1050783998934,37.611753799339105],[127.106751499553,37.6099253997967],[127.1075648013464,37.610689301048396],[127.106995201916,37.6129748987628],[127.1090154005003,37.612763200177106],[127.10590480032981,37.6144949004661],[127.1061905004175,37.6152143007391],[127.1048436003547,37.6146547004249],[127.1030161019914,37.6158086010858],[127.1046342002317,37.619400400161204],[127.1022222016894,37.6189684012437],[127.1009611029505,37.6212332989788],[127.1023793044842,37.623794498030804],[127.10228820019411,37.625558398702005],[127.1028429033551,37.6253701011772],[127.10100030269929,37.6282731053027],[127.0981187053456,37.630370803462604],[127.090113293078,37.6291822074457],[127.08285840033291,37.632462904165],[127.0821101010812,37.6347716018563],[127.081993199584,37.6335178008444],[127.0810011000947,37.6340106002903],[127.080677200132,37.633173900771105],[127.0788684997045,37.633516300884295],[127.0776519002235,37.6346821005447],[127.07665679961269,37.634545000181106],[127.0762490984876,37.632645801557196],[127.0738423008944,37.6318591023439],[127.0725834021533,37.6328302013728],[127.0720580026787,37.6336904005126],[127.07410280063391,37.6358555983474],[127.07659750030011,37.6355582996212],[127.0790730004218,37.6368572000431],[127.0731807012847,37.6402557040312],[127.0724699019955,37.641631602655295],[127.0707400005423,37.645290000946105],[127.0715146004514,37.64784800071121],[127.070020000265,37.647740001283296],[127.0695769004687,37.6492014000991],[127.070262599783,37.6505462987542],[127.0711283000735,37.650217998436005],[127.0722966019129,37.6510322996877],[127.0711283000885,37.650218000750804],[127.0704230995278,37.651047201421],[127.06735570052359,37.650352502431794],[127.0666233012262,37.6526372002526],[127.0679501011475,37.6539397006351],[127.0680863010113,37.65558479899],[127.0698991999452,37.6561016990846],[127.070995299608,37.6579153993659],[127.0721731011639,37.6566365982536],[127.0726128012311,37.6580104988248],[127.0768998012457,37.6583468979811],[127.0794278007332,37.662195000338095],[127.0767089009285,37.6645096012636],[127.0722065997598,37.6649919007008],[127.0709058993143,37.6636202999424],[127.0710765997506,37.661838600675104],[127.0698071994944,37.662216700436105],[127.0701782996957,37.659428500239095],[127.06886610042079,37.6586855005404],[127.0685220002656,37.659891400965996],[127.0679424998273,37.6594448010943],[127.06569720005601,37.661556400265404],[127.0665054990641,37.6605078004002],[127.06604469952491,37.6597828011252],[127.0642593004204,37.6596299013428],[127.0633701013096,37.661222599750104],[127.0626511996771,37.6601594007229],[127.061569600304,37.6611255999445],[127.0613562021784,37.6641018001424],[127.0619769015577,37.6651877990564],[127.0634371000975,37.664797299446896],[127.0637001999858,37.6667063006446],[127.0604745009301,37.6679626000975],[127.06114950039989,37.668818199826696],[127.0606228999509,37.6693778012161],[127.05645079962599,37.668204001306606],[127.0552961987705,37.6694141001351],[127.0549302991364,37.66826850128071],[127.053767599644,37.668069001042305],[127.05450749905759,37.6676891999967],[127.05323079963769,37.6670473005372],[127.0526513996685,37.665189201011],[127.0517818997452,37.6662847999605],[127.05246459923609,37.665163300262],[127.0519055988417,37.6650040992539],[127.0525668995873,37.6635627992616],[127.0546386993226,37.6629928994739],[127.05400329880051,37.6614164985591],[127.05608099778391,37.6600438988503],[127.0574935980547,37.6574650986444],[127.0595166994343,37.6579314989639],[127.06069259894099,37.6567556996192],[127.0600529990542,37.655578800042],[127.0551602000553,37.6546730003068],[127.05457730031131,37.6539608008343],[127.0534961001015,37.6546753000355],[127.0505713997228,37.6539770015684],[127.0500413991508,37.6553538004906],[127.0489133998982,37.6534751000488],[127.04899879926981,37.6517582004397],[127.048011600257,37.6514568007411],[127.0444128008429,37.660583599000304],[127.0459944009229,37.6621447982799],[127.0471829014664,37.6620210004085],[127.04682930182,37.6627990996304],[127.04860650014241,37.6642069982855],[127.0503275004146,37.664208097945405],[127.0486065010388,37.664207001577395],[127.0489610009694,37.6660729011925],[127.0480213002612,37.669338100712395],[127.0462321020137,37.669319000738504],[127.04644900163879,37.671206499982],[127.0454620000783,37.672698300804],[127.0439589000791,37.6730344004574],[127.0426766985952,37.6723969008725],[127.0425205984265,37.6712859005376],[127.0409601988707,37.671235000544705],[127.040954898779,37.6705566003291],[127.0386820997554,37.6692705004071],[127.0373243992292,37.6691951002838],[127.0366242989369,37.6652981000528],[127.03818560000781,37.6655144994305],[127.0381242998055,37.664586299892704],[127.0389453000571,37.6649063995289],[127.0392215992552,37.663615200079406],[127.0398715993468,37.663611499722904],[127.03966669965389,37.6627478000012],[127.04076859963901,37.662736099440096],[127.04210969954299,37.6609683997114],[127.0424327002934,37.6615525993992],[127.0439968998794,37.6610142996607],[127.04486709853981,37.6586857006029],[127.04266649971929,37.657042401492],[127.0416754001464,37.658056800553396],[127.04111539954809,37.6572895009504],[127.0387289994654,37.6569852002497],[127.0392522992153,37.656624799868105],[127.0385310997932,37.6548504000731],[127.0392956989579,37.65456669965489],[127.0379100996258,37.652240500805696],[127.03691890061701,37.6525083005379],[127.0340558003012,37.6510845007274],[127.0329997000624,37.651739000641996],[127.0307204996268,37.6502551005307],[127.03140829958029,37.6497037003965],[127.0301139999301,37.6494552007304],[127.0310015995881,37.6488947002423],[127.03004779956551,37.6481553001303],[127.03133409894359,37.647507499937404],[127.0306240996531,37.647015499620004],[127.03177889963871,37.646947199386396],[127.0324828005275,37.6445509993882],[127.0344908004829,37.6453481993896],[127.0358185994923,37.6454464993223],[127.0358980007274,37.6448170987671],[127.0358186006659,37.6454464994159],[127.0390428006211,37.6471399996274],[127.0403197999819,37.648986699030104],[127.0432700001548,37.6484799991982],[127.0450291984376,37.6452356995304],[127.04233089968639,37.642727201622805],[127.04047169935589,37.642597101012605],[127.0402228989585,37.6409173996164],[127.0427706985287,37.6421723981014],[127.0443880004136,37.6402994994251],[127.0465065986232,37.6402183993737],[127.04603089991231,37.6384909996262],[127.04721870104281,37.6385806000852],[127.0465980016635,37.6395296991361],[127.0474912007703,37.6409979976678],[127.0496506989273,37.6404156982841],[127.0502176975467,37.6375336004409],[127.05176229830879,37.637031899406],[127.0521714991157,37.634086100012695],[127.053630698788,37.632955099673794],[127.0505339965582,37.632314301622195],[127.0509259986146,37.6298221012789],[127.0499208976188,37.627707901265396],[127.0441002005598,37.626610301699706],[127.0438001996098,37.6281071003729],[127.0427712986633,37.627538299656194],[127.04377629765831,37.6258521013424],[127.0422759991586,37.6239409032536],[127.0391532006807,37.6241803028615],[127.0382766979055,37.6233975012644],[127.0382059988358,37.616512501450096],[127.037277498195,37.616102100427696],[127.0369540984187,37.613947299783696],[127.0355546998181,37.6125986011324],[127.034153100233,37.6134038005398],[127.033942499657,37.612684500445],[127.0312204990677,37.6116193007237],[127.03130429889791,37.610596999793195],[127.0301249997026,37.609889199727796],[127.0305819994523,37.6093792001962],[127.0288942994397,37.6078482000555],[127.02912609981689,37.6071331004944],[127.0268036998289,37.606011900066896],[127.0277781988173,37.605017000554696],[127.0257131997558,37.6052264005286],[127.02508930005851,37.6043424006161],[127.0249283998988,37.6051771007333],[127.0237105996185,37.6043046001174],[127.02433619942859,37.6020579996219],[127.02483419997701,37.602911499505296],[127.0264514996845,37.6031375989458],[127.0283950990009,37.601970100326504],[127.02774379826289,37.6012595004271],[127.0291211991705,37.6007575993518],[127.02900699928469,37.5998738002356],[127.0275955996326,37.598423600095494],[127.0285970992655,37.5973554993827],[127.0318061979827,37.5978340980423],[127.0322386975502,37.5956598002166],[127.0308542989126,37.5950823990862],[127.03274089814019,37.594817299206504],[127.03255869832239,37.5934666005572],[127.03053630002289,37.5912010026141],[127.0285284012385,37.5919733021953],[127.02801479984039,37.5934791011339],[127.0265601012951,37.5933729012401],[127.0270161004904,37.5952765004339],[127.02521729981659,37.5942396000214],[127.02569029951849,37.593369600514805],[127.0251444000644,37.5921679017165],[127.0251251000197,37.5940302000459],[127.0232953008564,37.593375601233404],[127.0226958005224,37.5970260006024],[127.0211892003121,37.5971697007287],[127.02053700096431,37.5984345994638],[127.0218163001249,37.597956099688695],[127.0222784005571,37.5988534009755],[127.0213955997371,37.5990504007463],[127.01872160038701,37.5969776004667],[127.0177041014045,37.5987821986621],[127.0185448005638,37.599104698339595],[127.0181821001549,37.599967799808],[127.0207031000718,37.6010990994241],[127.020856000262,37.6021208002939],[127.01780630125711,37.6030345997602],[127.0181421016933,37.6045283002939],[127.0172012015152,37.606729201851195],[127.0154817009269,37.6081400010808],[127.0152080997964,37.607470200509404],[127.013512501492,37.6074731005065],[127.0138113003123,37.6086346005204],[127.010562700628,37.6071024010989],[127.0108041004966,37.6096948992626],[127.0116412010741,37.6095945997538],[127.013002400296,37.611093499999605],[127.0123954004792,37.6115512001258],[127.0128062003505,37.6121920006437],[127.011871300686,37.612353300796904],[127.0113264008486,37.6148258001965],[127.0098799005436,37.6135854012558],[127.0087120003849,37.6140185014311],[127.00884980034279,37.616232100532095],[127.00871199905261,37.6140185013879],[127.0062352015294,37.6139570014494],[127.0059076993023,37.615293500851],[127.0031031994891,37.6121347003551],[127.00549959958859,37.6097286994144],[127.0088345993729,37.6086733993848],[127.00913119895979,37.607542200258294],[127.0070122992271,37.6063901997171],[127.008781998932,37.6048269997986],[127.0066835978016,37.6020620996254],[127.007703799852,37.5995633993104],[127.00957529968929,37.5985612998458],[127.0093480012614,37.5998204991097],[127.0111503997454,37.6003452988121],[127.0109166993289,37.5979459985534],[127.0121784988592,37.597203099358005],[127.0120900989476,37.5963165002446],[127.0111054993878,37.596050600457495],[127.01123729913171,37.594989300110804],[127.0104461989857,37.5945974993704],[127.01219719891171,37.5947021994679],[127.0111936983272,37.5925935011875],[127.00771489942619,37.5906294007946],[127.00467600029731,37.590222100567],[127.0045628004212,37.591167300251],[127.0037299996997,37.5910496005097],[127.00377519920221,37.589722301308996],[127.0025035993644,37.588176300114],[127.0038031985912,37.587892599746404],[127.00247089935971,37.5867899000469],[127.00380319992269,37.5878925990376],[127.006068699911,37.5870327991596],[127.0072079003404,37.5855995994264],[127.01009619967141,37.5874726997396],[127.0104618000308,37.5854179991575],[127.0129125994562,37.5856150990547],[127.0135038988649,37.584693499976304],[127.0106300999214,37.5830843000623],[127.0109658999494,37.5824285002318],[127.0102391999172,37.582855500206],[127.0097734995902,37.5822656999972],[127.0116483991146,37.5810923000326],[127.0093390991812,37.5791896006463],[127.0087259998794,37.5728287006244],[127.0070570990911,37.5734309001072],[127.0063664993402,37.57122699994],[127.0090229995428,37.5708064995964],[127.0092786992871,37.5701277002752],[127.0084247993706,37.569692000213806],[127.00963749975399,37.569624999914204],[127.0102333991946,37.567925599534306],[127.00977109965689,37.5670157004442],[127.00742750034071,37.567244700422506],[127.0058285996098,37.5659176005634],[127.0041168996165,37.5665818002634],[127.0015909987831,37.5654660999217]]],[[[127.0417763992729,37.67778889961561],[127.0436084991303,37.6765190998566],[127.0432859994049,37.675776999249294],[127.044856300684,37.674264699237604],[127.04501570054789,37.675195299424296],[127.04709920039231,37.6753183998297],[127.04617740012701,37.6758853010467],[127.04665300010801,37.6776974991734],[127.04846150035141,37.6765642994744],[127.0489173001746,37.6772638000302],[127.048251200615,37.6769184004487],[127.0473544015118,37.6777684995986],[127.0501116998915,37.6793995995596],[127.05127859912861,37.6789019999581],[127.05176279915271,37.6775292994701],[127.0511012000684,37.6765479994058],[127.05434289916329,37.67472569951801],[127.0544197997095,37.6738441998842],[127.0584576003777,37.6747821998536],[127.05859600065429,37.6759000996619],[127.0571884012279,37.6783437985753],[127.0581013007563,37.6797040002785],[127.0564863017376,37.681941700116106],[127.0542527988727,37.6821117002638],[127.0542105989149,37.6809504014251],[127.050475400053,37.6792819002939],[127.05003550052011,37.680095100376],[127.0457468007999,37.6810127008378],[127.0462646002821,37.682319399531096],[127.04743740006731,37.682073499646],[127.0476099009634,37.682712699891006],[127.046423601049,37.683376800260596],[127.0462583997359,37.6843857004711],[127.0434735000436,37.6832049006348],[127.043400999427,37.6818065009786],[127.0423996975848,37.6817358981896],[127.042163099414,37.6788887997444],[127.0428112990209,37.677997000318996],[127.0417763992729,37.67778889961561]]],[[[127.023482999397,37.6377637999762],[127.02364879966281,37.635852199512],[127.02820270024439,37.6360924002619],[127.0273674998893,37.639833500787304],[127.0235320999248,37.639619200705],[127.0240165994008,37.638727300035896],[127.023482999397,37.6377637999762]]],[[[127.0035229995019,37.547228800133],[127.0053244999072,37.5483018989759],[127.007071000128,37.5467304998786],[127.00891750086619,37.548519300741106],[127.0073886004783,37.5477714004126],[127.0082721009194,37.549909899485804],[127.0076434999967,37.5507793003734],[127.0057411004764,37.5490662003738],[127.00638960027301,37.5499070998118],[127.0058092991448,37.5501510006182],[127.0053244996966,37.5483019003159],[127.0035229995019,37.547228800133]]],[[[127.0428557995252,37.6882373999863],[127.044314699198,37.687392099909296],[127.0441033998233,37.6867656997315],[127.0446207005636,37.6874981997927],[127.04781580036989,37.6866822995247],[127.0493984002606,37.6880673998587],[127.0490979000824,37.6906910002721],[127.04653780066559,37.6905444009],[127.04492410000961,37.692695800936704],[127.0445844998936,37.6901540999903],[127.0453883997586,37.688959600518196],[127.0428557995252,37.6882373999863]]],[[[126.9992218996721,37.5707533001373],[127.0022579000132,37.5687857998705],[127.003911101144,37.5704352999511],[127.0039534008423,37.571508499623],[127.0034844996136,37.570913600140095],[127.0019592011292,37.5714421996463],[127.00202079933399,37.572916100525],[126.9992218996721,37.5707533001373]]],[[[126.9960395996612,37.566944899798],[126.9984229997916,37.5658283995835],[126.999962700411,37.567146600163404],[126.9979243003249,37.568986600791405],[126.9960395996612,37.566944899798]]],[[[127.0117958986008,37.6200525994138],[127.01270170042439,37.619178799667],[127.0132868998794,37.6205267990481],[127.0142273989389,37.6196199999549],[127.0138553996442,37.619049499823404],[127.01527989945569,37.619360099709304],[127.0154072999956,37.6186116985504],[127.0181246002249,37.6199305004587],[127.01722920038141,37.6199741006779],[127.0165321001016,37.6215115005459],[127.0145814999979,37.621496900359396],[127.0143638000633,37.6208319007917],[127.0135248001928,37.6221137005446],[127.0117958986008,37.6200525994138]]],[[[127.0767279982214,37.6718655991289],[127.078192798123,37.670817500153696],[127.0769630969054,37.66922369924271],[127.0775780988719,37.6682686991353],[127.0777432002808,37.6690659992223],[127.0804035002259,37.6686721990349],[127.0808485001898,37.669907699310606],[127.0813469001853,37.6695538996211],[127.0821757003051,37.6705483003564],[127.07994860041079,37.672789800613394],[127.0788696999222,37.6718501007077],[127.0783153999588,37.6724260005723],[127.0767279982214,37.6718655991289]]],[[[127.0273155992816,37.5645640999458],[127.0277643999882,37.563775999486694],[127.0291183996303,37.5639951993715],[127.0305884997357,37.5630843994288],[127.03131330043479,37.5636494998124],[127.0301902999974,37.56553070035719],[127.0295164999185,37.565441],[127.03007219936191,37.5647687006253],[127.029372100062,37.5643501010439],[127.0285357002446,37.5641088011149],[127.02843150002529,37.565202900579806],[127.0273155992816,37.5645640999458]]],[[[127.0039365993475,37.5589789002411],[127.0055657996436,37.558975199901],[127.0052157997152,37.5580439998148],[127.0059968997978,37.557903999664504],[127.00684660067121,37.558807299589695],[127.0053982000893,37.5605604005625],[127.00532299969281,37.5596313001515],[127.0039365993475,37.5589789002411]]],[[[127.0627983984497,37.5615734005783],[127.0622728991698,37.5601378000149],[127.062996000754,37.559404798555605],[127.0682173003262,37.5607587999583],[127.06549029945789,37.5626018007922],[127.0627983984497,37.5615734005783]]],[[[127.06371629879659,37.532621700198],[127.064156999658,37.5329544994471],[127.0647808990341,37.5323511000505],[127.0643423997025,37.5318652993449],[127.0647903002867,37.53230299882],[127.0671302995329,37.5302902986914],[127.06906760092829,37.5312687997068],[127.06748230108859,37.5333166000845],[127.06773030046139,37.5340986003499],[127.0673969997043,37.533338900789396],[127.0654905990158,37.533203400003295],[127.0660860988993,37.532736899949704],[127.06371629879659,37.532621700198]]],[[[127.0509060986334,37.5803209005176],[127.0521569004282,37.5807694995974],[127.0512660000115,37.582197200132406],[127.0509060986334,37.5803209005176]]],[[[126.9996341993897,37.582360899832395],[127.0019837986859,37.5817548992183],[127.0020745994943,37.580949799048696],[127.00341040043641,37.5817585999936],[127.0024720004896,37.5817650008487],[127.00248069985291,37.583852300605095],[127.0011850999072,37.5840257002362],[126.9996341993897,37.582360899832395]]],[[[127.08845629911801,37.5523866001695],[127.0894317988616,37.5518796002832],[127.08882679901211,37.5505877989387],[127.090967700891,37.5498976992968],[127.09020100073039,37.551433299437896],[127.09155480073889,37.5509535993364],[127.0912257005417,37.55213710050511],[127.08928729964849,37.552463600950105],[127.0884140998044,37.553472800128304],[127.08845629911801,37.5523866001695]]],[[[127.0513594994496,37.5675690004109],[127.0515223000402,37.5656543995787],[127.0537697006945,37.5657604996002],[127.0513594994496,37.5675690004109]]],[[[127.0182284993871,37.5540985993048],[127.0190338996922,37.5537617996102],[127.0188758999689,37.5529134992827],[127.0211289996264,37.5528515992147],[127.022125601611,37.5552783007062],[127.0200100010457,37.555230000243604],[127.0204814006774,37.5563898999058],[127.0199134998159,37.5564741003595],[127.0182284993871,37.5540985993048]]],[[[127.04710749993059,37.7104565010802],[127.04806239968491,37.7098734991332],[127.0474832996256,37.708613399857995],[127.04903590070931,37.7100430000823],[127.0477647001163,37.7100682009577],[127.0476898000492,37.7110510005268],[127.04710749993059,37.7104565010802]]],[[[127.0192596993091,37.621300299979204],[127.020879799433,37.6199370991413],[127.0219773006598,37.6211688001193],[127.0196873992912,37.6226440007757],[127.0192596993091,37.621300299979204]]],[[[127.02517919960229,37.6268610004625],[127.02491069950071,37.625925099872305],[127.0264288003484,37.6252453993137],[127.0269272003981,37.626436600540295],[127.0253259006861,37.626477100216405],[127.0256443999139,37.627475500339806],[127.02517919960229,37.6268610004625]]],[[[126.99119519960321,37.5703507000587],[126.9917646000069,37.5707876994074],[126.99178279954819,37.5700000992485],[126.992704800071,37.5700492992576],[126.99311390048669,37.570567600310994],[126.99119519960321,37.5703507000587]]],[[[127.00142469937501,37.538217200122496],[127.0024524007025,37.5382009001941],[127.0019555007476,37.5405361009325],[127.00142469937501,37.538217200122496]]],[[[127.0364840998335,37.5612627001581],[127.0381410005012,37.5606725997797],[127.0375145008619,37.5629810006943],[127.0364840998335,37.5612627001581]]],[[[127.0484799991572,37.580690000438],[127.0482089992948,37.5792684989329],[127.0494128001187,37.5788050998326],[127.0484799991572,37.580690000438]]],[[[127.0550932990825,37.6704974999105],[127.0569807006064,37.6705946003296],[127.0559618999559,37.6710559002628],[127.0550932990825,37.6704974999105]]],[[[127.0643013995071,37.66497969997361],[127.06469470105411,37.6640941990847],[127.06491650056269,37.6651252001097],[127.0643013995071,37.66497969997361]]],[[[127.0291470989148,37.5571930004363],[127.03027480056831,37.5566173995463],[127.03075000056259,37.5579000000987],[127.0291470989148,37.5571930004363]]],[[[127.0154638981101,37.5482302004691],[127.0162763008288,37.5473972999048],[127.0162325004875,37.5483314001186],[127.0154638981101,37.5482302004691]]],[[[127.1033065994736,37.545467200326094],[127.1041075002766,37.5452100999265],[127.1033066003735,37.545467200034494],[127.1033711996343,37.5455959004603],[127.1033065994736,37.545467200326094]]],[[[127.0299443990999,37.6132034992001],[127.03005850013079,37.6132095998246],[127.0301072000821,37.613212699821496],[127.0300585000184,37.613209600331494],[127.0299443990999,37.6132034992001]]],[[[126.994219999363,37.5612400000149],[126.99422550001479,37.561387700500596],[126.9941682994147,37.561369599885296],[126.994219999363,37.5612400000149]]],[[[127.0496742994061,37.581413799982],[127.0498107002224,37.5815815001815],[127.0497180996811,37.581468000629],[127.0496742994061,37.581413799982]]],[[[127.05241219906921,37.5191449991648],[127.052761500065,37.5187757997657],[127.052606100389,37.5193402007541],[127.05241219906921,37.5191449991648]]],[[[127.0520637994518,37.6671034002589],[127.05207809966261,37.6670515994166],[127.0521823005635,37.6670719996584],[127.0520637994518,37.6671034002589]]],[[[126.99448359946679,37.534544499914304],[126.9944907005191,37.5344927994914],[126.99448360103919,37.534544500071604],[126.99448359946679,37.534544499914304]]],[[[127.0380827997548,37.574004300003],[127.0380744999745,37.5739103997103],[127.0380828001905,37.5740043000736],[127.0380827997548,37.574004300003]]],[[[127.0693952997557,37.546064099868104],[127.0693007999043,37.5458878999239],[127.0694877005364,37.5460363998193],[127.0693952997557,37.546064099868104]]],[[[127.0500592996817,37.678399499977196],[127.0500593001617,37.678399499969295],[127.0500859002809,37.678462100403195],[127.0500592996817,37.678399499977196]]],[[[126.9903850997703,37.5725629004006],[126.9903850995934,37.572562900003405],[126.9903851005067,37.5725628996166],[126.9903850997703,37.5725629004006]]],[[[127.0386751997113,37.5626509000648],[127.0386751998536,37.562650899340504],[127.0386752002448,37.562650899973704],[127.0386751997113,37.5626509000648]]],[[[127.1072383993696,37.6148315011219],[127.1072384014076,37.614831499546504],[127.1072384012937,37.6148315012611],[127.1072383993696,37.6148315011219]]],[[[127.06950139930359,37.5905369001313],[127.0695345002006,37.5904386995787],[127.06950140004739,37.59053690011859],[127.06950139930359,37.5905369001313]]],[[[127.0583218998392,37.5841858001858],[127.058321900103,37.5841857999955],[127.05832190003889,37.5841858001907],[127.0583218998392,37.5841858001858]]],[[[127.0683754995875,37.5885974998321],[127.0683755001788,37.588597500062],[127.0683755000542,37.588597500155196],[127.0683754995875,37.5885974998321]]],[[[127.06231239991159,37.6560754999829],[127.06231240002569,37.6560755000033],[127.0623123999816,37.6560755000565],[127.06231239991159,37.6560754999829]]]]}},{"type":"Feature","properties":{"interval":60,"stationId":"355173404"},"geometry":{"type":"MultiPolygon","coordinates":[[[[126.8821041980264,37.5249139022389],[126.8818383000674,37.523223799582],[126.8851581987994,37.5216313991739],[126.8847800999614,37.520538299249395],[126.88598740009171,37.5204160999081],[126.8863621009594,37.5215800991963],[126.88949820011031,37.5223550996893],[126.89077119913131,37.519673599521894],[126.8919832982656,37.519384199482396],[126.8920521981967,37.5170363018303],[126.8905150989097,37.5162873005198],[126.8914904988551,37.515364400543305],[126.8912116991545,37.51342389938],[126.8931151003694,37.512565099365005],[126.8973487003919,37.512671699257396],[126.8992168013234,37.5168504985882],[126.90186390025849,37.516900299674205],[126.9048888004715,37.5180910993141],[126.9061807992262,37.516989500301705],[126.9049879991623,37.5156901009658],[126.9037688991277,37.5161764003241],[126.9053451989136,37.5151298997472],[126.9051395989095,37.5134796011547],[126.90294730093359,37.5124200013209],[126.9026147983963,37.5129117004457],[126.9041042991815,37.5107089992811],[126.9035193997631,37.5095247990565],[126.9110359000192,37.507435699508505],[126.91466720019079,37.511560699469996],[126.9203260996641,37.5123150990958],[126.9204331987178,37.5061508003547],[126.91934789950541,37.5060044001589],[126.91928639923391,37.5045825987061],[126.9205351979851,37.5032753000134],[126.9198987986215,37.5017076015811],[126.9185819999383,37.5016564016323],[126.9173473991736,37.5008591001651],[126.91792019920089,37.5009467994681],[126.9175064996146,37.4997843006306],[126.9168230997018,37.4999904000051],[126.9181822999808,37.4987505996067],[126.91959419911011,37.4986870996301],[126.9195168997367,37.497540199446604],[126.92061580015839,37.4976267994551],[126.920903101547,37.4989234995592],[126.92404759919509,37.4995143993579],[126.9240166996306,37.4984277003047],[126.92461279984681,37.4986274996395],[126.9251493997983,37.4974288994027],[126.9262390994441,37.497889698841],[126.92771119947261,37.4970945991726],[126.9276304007884,37.4959370987834],[126.9306723001238,37.4968550997426],[126.9317080009239,37.4986792993431],[126.9311960004751,37.4992514996652],[126.9325768004209,37.4998616995859],[126.9323797006217,37.5007528007304],[126.9315633999862,37.5002719008964],[126.9292132998882,37.502634400375],[126.927672100683,37.502147300689494],[126.9264872990083,37.5028042012541],[126.9259174994621,37.502204100013],[126.9264762994253,37.501157200630004],[126.9248218993088,37.5013306007803],[126.924771399316,37.5003026006387],[126.9209375006308,37.4999035016806],[126.9202916009023,37.5015837000855],[126.9209375002564,37.503180198489005],[126.9221747006525,37.5025981986997],[126.9231977002775,37.5040864987862],[126.92424770120789,37.5036389995798],[126.92546920132179,37.504343300712804],[126.92481610069021,37.5057823997292],[126.926283201633,37.5063682004254],[126.9262572018955,37.5085223989797],[126.92892190132561,37.5089087988972],[126.92625720269419,37.5085224011183],[126.926591200446,37.5127055994245],[126.9306174002143,37.5131784981899],[126.9321132000605,37.5095467992434],[126.9330709003121,37.5100213983828],[126.9360934987879,37.508348399243204],[126.9360750988063,37.5066635009281],[126.93386379903319,37.5063597997074],[126.93460329829371,37.5055973004699],[126.9331628997527,37.5036441001601],[126.9336830994676,37.502105199489804],[126.94007210000129,37.500381899538304],[126.9405505000195,37.5013905988748],[126.9412422993277,37.5012646990007],[126.9411187997738,37.5001548997679],[126.9427482993341,37.5000050000793],[126.9432579996964,37.4975078990045],[126.9460127000069,37.4981251997853],[126.9454106009414,37.499118999905804],[126.9467782999458,37.5000060990282],[126.9476671994292,37.4996970993922],[126.9481712989403,37.4985465002594],[126.9475168998069,37.498162499597896],[126.949003498509,37.496365399381],[126.9474020993639,37.4939280987873],[126.9487488988347,37.4922282988087],[126.9495090005995,37.4933143989495],[126.95077649933201,37.492918699345196],[126.95111560021799,37.4917651997822],[126.9518026995888,37.492345799259404],[126.9514805002466,37.4914647989442],[126.9533643999894,37.4898361995461],[126.95777300018041,37.4888442996255],[126.9585329004177,37.48979920015],[126.9570817014952,37.489883300223305],[126.9586729004691,37.490960300503396],[126.95671220260719,37.4923704005493],[126.9588368004826,37.494122998796705],[126.9620847975258,37.4907064010982],[126.9614412985465,37.489560699357895],[126.9636375983774,37.4884993993019],[126.9645176974973,37.4859579018434],[126.9622548989618,37.485719399642],[126.9645176975539,37.485957899540104],[126.9668119954529,37.482864199558804],[126.9665410957238,37.481973400449604],[126.9631629991019,37.481084001339],[126.96182409927461,37.4791340006656],[126.9585968991054,37.478903100493895],[126.9592915997617,37.4775400995061],[126.9605747994885,37.4770649987884],[126.960727299336,37.475437300416104],[126.9596109994294,37.475537699362995],[126.959831999242,37.474807999751],[126.9608560996215,37.4750826996547],[126.9612988990232,37.473172297866505],[126.9617197000486,37.4739454991415],[126.9628751003831,37.4735268997708],[126.9630236002346,37.4743292989684],[126.9656926010946,37.4737704001524],[126.9672438002615,37.4755396987665],[126.9682570006721,37.4755046996358],[126.967790400456,37.476797499551104],[126.9697685002042,37.4778122990583],[126.97157269936879,37.477114299519194],[126.9710100999139,37.4756284994845],[126.97421539923391,37.4729460992192],[126.97422659937459,37.471805799401096],[126.9751362999125,37.4728454986367],[126.9765473992335,37.4726534986764],[126.97749829978379,37.4712911994659],[126.97862979966129,37.4715412975297],[126.9829779973761,37.469993498966204],[126.9832747998431,37.4710464986311],[126.9860240008757,37.473215798976696],[126.9855023011957,37.4738634993448],[126.9862742004238,37.475622297586],[126.990724500288,37.474566499767505],[126.9887913022622,37.4758250005196],[126.9893190017345,37.478610997733604],[126.9911100999434,37.4793574969871],[126.995468798221,37.4793514973263],[126.9982423992022,37.477117896551306],[126.99976240260389,37.474400597343106],[127.00455600182259,37.4764987994698],[127.0045588011698,37.478707499997896],[127.0064774997152,37.4800938991536],[127.00762909906601,37.4781265002376],[127.0067875994955,37.4775769994833],[127.0080594003029,37.477650499213404],[127.00874230002009,37.4786852995748],[127.0099389998244,37.477298599642594],[127.0102392001426,37.4781617986609],[127.0167222003425,37.4757258992748],[127.01792210558311,37.476366699808096],[127.017362402261,37.4789684008165],[127.0187457008777,37.4807072990776],[127.0212817006266,37.4800931999405],[127.02186090004739,37.482710897322804],[127.0240335019735,37.4804233990405],[127.02520719991699,37.483181199402594],[127.0271905001229,37.4837784995985],[127.0287000986133,37.482525000852],[127.0277160990599,37.4796662996893],[127.0294718994179,37.4780638002657],[127.0292025996644,37.476870999913906],[127.03042480010721,37.4779274986883],[127.0317361996367,37.4770257983919],[127.03390469908099,37.4774153988975],[127.0381235996722,37.4732015001497],[127.03593289899261,37.4732043006086],[127.0348024989861,37.4713222011092],[127.0325711986933,37.4717301998266],[127.0339906989079,37.4708858984357],[127.0331060993853,37.46917059994],[127.0341768002487,37.4681131995672],[127.0356868989424,37.468500499299495],[127.0347461996793,37.4673748003056],[127.03247089930471,37.466632399348505],[127.03541199892979,37.467028999639794],[127.0354013989404,37.4661264005424],[127.034241599812,37.4657026998809],[127.0350640991735,37.4653525002215],[127.0343277999022,37.464591999958],[127.0380624997888,37.4666321991836],[127.0390215996477,37.4652296983472],[127.03960350022889,37.4659690983565],[127.040959398873,37.4657390985865],[127.0414791986625,37.464867399123804],[127.0402748000798,37.463904899594105],[127.0434919005153,37.4650151977059],[127.0450946998432,37.4635679988393],[127.0444669004317,37.4645554998837],[127.0455800006482,37.466167299522404],[127.0449195009056,37.4668102998415],[127.0458906005807,37.4683954998832],[127.04529510077731,37.4692136993094],[127.0466911003819,37.4723799996734],[127.0449936000601,37.4748023005673],[127.0437044004827,37.4748507006672],[127.0439039994488,37.474073000557595],[127.0427585005943,37.4738303008003],[127.0422054011474,37.474368600262],[127.0426309002793,37.475282800335606],[127.0400576010062,37.476260400068604],[127.0441807004794,37.4810971996784],[127.0464744981856,37.481054399721195],[127.0495720003036,37.4797017996684],[127.0498301012091,37.4830164998597],[127.0511979014298,37.4834890996323],[127.052212701253,37.4856815992226],[127.0539682010568,37.4867382990529],[127.0564782985467,37.485019200772],[127.05510459966881,37.4831732004884],[127.0532984995867,37.4828335004848],[127.0530011993539,37.4806318996265],[127.0570421006923,37.483492596435795],[127.0595107982236,37.483551896376504],[127.06111580005509,37.480680296418704],[127.063309199396,37.4804495975048],[127.06264740121931,37.4828125980556],[127.0662753975913,37.4848426960255],[127.0696844005047,37.4844639980901],[127.07098780057869,37.4879642994904],[127.07195279961371,37.4883099991447],[127.0750857003013,37.4868264993694],[127.0741979007305,37.4875028015106],[127.0744890004394,37.489853599159794],[127.0754193012735,37.4896615987196],[127.07621370081449,37.4907725996491],[127.07737520049571,37.4905209990043],[127.0781950000287,37.4923984991988],[127.0792954999088,37.4917917994683],[127.07982110022651,37.492772499161],[127.0817600982875,37.4928988990346],[127.08076540142561,37.4910153007189],[127.0826673004654,37.4947728004863],[127.0817453998249,37.494004500909206],[127.07846169876521,37.494853302104204],[127.07637299985011,37.4944367002907],[127.0752963997908,37.4933418017076],[127.0723591019585,37.4966168995971],[127.0730830009982,37.497526200920305],[127.0721039006265,37.4970948016229],[127.0701045996551,37.499245100703305],[127.0686082006868,37.498610200426704],[127.06764540211431,37.500397799550605],[127.0717563004636,37.505398995189196],[127.0745257994246,37.5032230971795],[127.07725840007781,37.5040975965035],[127.0817853990581,37.5031431987917],[127.08177479904231,37.5019157978795],[127.0829668991568,37.5017078979094],[127.0837004001281,37.5005416983787],[127.0863932983001,37.5006900972678],[127.0890772001495,37.4997775973668],[127.0899163011011,37.50053899929021],[127.0911660014152,37.500178199204],[127.09193160098029,37.5019147985505],[127.0935861993257,37.5010785993867],[127.0931548998839,37.4996278996325],[127.0947442982945,37.4992886999717],[127.0946230987638,37.4983713995173],[127.0973634994727,37.496939996722205],[127.09882560112639,37.497754899588294],[127.098786401261,37.498804499123096],[127.10054839949899,37.4989292989983],[127.102159598421,37.4973020979649],[127.1031032992823,37.4980520993195],[127.103696700198,37.497283799410496],[127.10348640049679,37.4982831996382],[127.1072627999665,37.4991975999081],[127.1073408010087,37.5002977989888],[127.10874750025441,37.5006719990663],[127.1094712006965,37.4998990999559],[127.11048769968,37.501301998553004],[127.110790299567,37.499896599517896],[127.112251399203,37.4992980996537],[127.11153069976301,37.498830399713306],[127.1126826994646,37.498829099640105],[127.1119742997853,37.495733501202],[127.1086764996237,37.4962234002671],[127.1076896000713,37.4952580007772],[127.1033598995216,37.4941800999483],[127.1052479994976,37.4944684989958],[127.1061942982743,37.4927198979399],[127.1079513001791,37.4918322989966],[127.108547599161,37.4890225996482],[127.11338169900381,37.4866767990516],[127.11298049928301,37.4851962995835],[127.1144439990574,37.4847484993966],[127.1144634999885,37.48302789942041],[127.1166719980354,37.483360899221],[127.11786649852421,37.4814285988087],[127.1169742999427,37.4795139997115],[127.11912719965859,37.479352198417004],[127.1196383991474,37.4771017006675],[127.1187347999092,37.4774456999955],[127.11943049787821,37.476419997998896],[127.1212126994914,37.476603699558],[127.1212535972237,37.4742002981018],[127.1227121968779,37.471150800097696],[127.1205332985608,37.4691840007493],[127.1200895000948,37.4676172995904],[127.1249976994644,37.466956197357796],[127.12663480046001,37.465341999597],[127.13043900022619,37.4683349996396],[127.13076810033199,37.4692582005188],[127.1299940004466,37.470137799682],[127.13129329947779,37.4700674999421],[127.1324626016031,37.4687070999476],[127.13001389958809,37.4707242030047],[127.1272182003307,37.471195200986294],[127.1267486003409,37.472802900690496],[127.126366899056,37.471028001143694],[127.1245464005693,37.4700854004487],[127.1257756003489,37.4743382989176],[127.1270543013455,37.4740976998526],[127.1259749006899,37.474751299896404],[127.1263787002861,37.4754187992289],[127.12922589998229,37.4756391995881],[127.12902600048659,37.476838698903805],[127.12961650063039,37.477099599062505],[127.13095629960189,37.475479800019805],[127.1302142993877,37.474826198902704],[127.1330505999736,37.4746786996356],[127.1322233006947,37.4781761995988],[127.13323200041211,37.4783861995895],[127.1349356000714,37.481379500013404],[127.13423300050519,37.4811872006754],[127.1330059011656,37.4840399997153],[127.13205810076019,37.4844424002764],[127.1333029007674,37.486122200111296],[127.1331202010217,37.487916099379596],[127.132092600739,37.4886100001679],[127.132939600293,37.489875400056704],[127.1319910001597,37.48946390032879],[127.1312677996396,37.4902193003573],[127.13096729939349,37.4890443005534],[127.1282123009574,37.489549200614],[127.1288677002139,37.491127299630605],[127.1301566002738,37.4907477996948],[127.1293813006491,37.4916183996646],[127.1300653002027,37.4925211997516],[127.1337452000168,37.493480399524806],[127.1341975995463,37.4925725995365],[127.1360617996035,37.4926702990565],[127.1378799994281,37.4942599989024],[127.141077596253,37.4922245995189],[127.1420308997643,37.487783099462604],[127.1427961011043,37.4876192986548],[127.1450839006067,37.488861999257395],[127.14497370068,37.4897232991138],[127.1460371996165,37.489419599417495],[127.1459679997226,37.488755399364],[127.1471173010453,37.4902260990364],[127.1487170999723,37.489573899153704],[127.1495099005885,37.4911940991854],[127.15067190060391,37.490987499621504],[127.1504222008186,37.4921454993812],[127.1512639003094,37.4933452993503],[127.15509570010761,37.4921308994183],[127.1561810006069,37.4927914998596],[127.1554584009797,37.4944382993113],[127.1571159005959,37.4948809996402],[127.1572941004128,37.4958644004847],[127.155694001342,37.4961411000762],[127.155785000583,37.4978911006439],[127.15462360043469,37.497536601520295],[127.1542620005159,37.498761200891096],[127.1530790999062,37.4983764004782],[127.1529015997431,37.496894000559195],[127.15148540115929,37.4975970998561],[127.152365900324,37.4982783003067],[127.1512555999611,37.498528100882],[127.1496271998342,37.4979737000938],[127.14900749969759,37.4962842011306],[127.14619549996091,37.4956048003722],[127.14616630073141,37.4972661000772],[127.1474345003122,37.4973696997858],[127.1473109000511,37.498015700357904],[127.14609749974579,37.4982934011428],[127.1460849996505,37.497320700736104],[127.1451500005855,37.497350000706795],[127.14457470008391,37.498335600770694],[127.1418585000513,37.4973598006442],[127.1409579009519,37.4984194995845],[127.14200750032511,37.4991879991957],[127.1416817002443,37.4998560005017],[127.13965930059031,37.5001398004043],[127.1395150001792,37.502928100202695],[127.13893040019961,37.502417700772305],[127.1381643009657,37.5030996000904],[127.13849980036021,37.503914900875095],[127.1381642995265,37.5030996006029],[127.1357837007374,37.5048351002338],[127.1369919024345,37.5097666975356],[127.1387122016483,37.5111623974662],[127.13868240078439,37.5133854002861],[127.13671990100231,37.513921800547095],[127.13681840090379,37.514629599839296],[127.13954550035659,37.516457298334096],[127.1425716008677,37.513969799667095],[127.1395455018881,37.5164572991592],[127.14131720120021,37.5183505980089],[127.14368380008321,37.517387999922995],[127.1413172015493,37.5183505996531],[127.1412434016231,37.519539098464605],[127.1428724024595,37.5222405985864],[127.14556569976621,37.521402999424],[127.1454751005745,37.522695599784896],[127.1461006000846,37.522721599723994],[127.1481089011165,37.5276450980568],[127.15056129943251,37.5261698974784],[127.1525938025392,37.5284840988224],[127.149063002881,37.5300000000366],[127.1515934016844,37.534070897264705],[127.1542230993921,37.5324239990461],[127.1554267990105,37.5358872964176],[127.1571240997806,37.5345103981233],[127.1588085017689,37.5372176985153],[127.1570040016811,37.5378930004699],[127.1582056005394,37.5396220005479],[127.15327160547339,37.5402637999061],[127.15676160198339,37.546079394090505],[127.1593046002708,37.540968898696704],[127.157448902739,37.545904295639595],[127.1599975013072,37.546247196621906],[127.16073610189069,37.5482798986828],[127.1621639012472,37.5491126985326],[127.1659359996014,37.5476204986376],[127.1668384994161,37.5480021994862],[127.1668304998719,37.545641198770795],[127.16913580084511,37.546234900044105],[127.1691028016792,37.5488716992377],[127.17095360018061,37.5484821993889],[127.171710300171,37.549832099100506],[127.1730240000281,37.5492469998311],[127.17374340032981,37.5510762995862],[127.17492369969689,37.551744398877695],[127.1760816995413,37.550771699102],[127.1771192003719,37.5517864991089],[127.1732511021145,37.556199399994],[127.17443930092631,37.557203198990194],[127.1766339987316,37.5570014991919],[127.17799479990829,37.553917998754],[127.1782297007836,37.5546664990402],[127.17934889966439,37.5546617990449],[127.1806180991388,37.55222650063531],[127.17962339930959,37.551767000282],[127.18061809933981,37.5522264990596],[127.18094439942,37.5513839992816],[127.1814489001086,37.5519179000944],[127.18063710092039,37.5522370997752],[127.1818696017282,37.5526365997978],[127.18186440163079,37.555600098874],[127.1844955000517,37.5555362990089],[127.18425820015631,37.556439299878804],[127.1860990009252,37.559799998322504],[127.18728229974191,37.559868498254],[127.1877805998214,37.5579784000029],[127.1890267000208,37.557024599441796],[127.1901689998912,37.557333399212695],[127.1903312999202,37.5565561995959],[127.1920272002878,37.556100199335404],[127.19407099981309,37.5572130989544],[127.19479509908899,37.5562301999373],[127.19413749989269,37.555856999819405],[127.19568359998989,37.5568088981331],[127.1991228991701,37.5545748997087],[127.1994111988818,37.5534454008382],[127.19761659946751,37.5534379995209],[127.1985338993949,37.5531376992432],[127.1987502994069,37.5518644999783],[127.1976822990016,37.5489514998812],[127.19821659978979,37.5492275994875],[127.1984780986681,37.548215798627105],[127.1995619002452,37.5493701987338],[127.20154129898721,37.5483532987594],[127.2071958993788,37.5486873995539],[127.2073777999324,37.547922599629],[127.20900550047891,37.5492762998582],[127.2094475004415,37.5509010991006],[127.210615900347,37.5508618996427],[127.2106000011684,37.5519320995514],[127.20784060085779,37.5544420006044],[127.2086295010335,37.5558482004773],[127.20736140019359,37.55695450125231],[127.2046740005179,37.5577362006534],[127.203501599715,37.5559796006441],[127.2016459000467,37.5565476005348],[127.20021819978969,37.5557732008997],[127.1976377009927,37.5559539013419],[127.1969868020501,37.5577394007598],[127.1984182006187,37.559621198878006],[127.2001764006968,37.5591875996629],[127.2000743006162,37.5607171994439],[127.20112930084811,37.5625007005439],[127.1983076002935,37.566262299885196],[127.1982517014781,37.567888400597404],[127.1954196995827,37.5690609007768],[127.19432099977111,37.5682230008081],[127.19356780052429,37.5685167005144],[127.1943413000166,37.569664200434495],[127.1934322003616,37.5694226004735],[127.19370929913009,37.5699633006801],[127.1914808002875,37.570181700626996],[127.1914266002883,37.5707274002076],[127.1900006002277,37.5700239002687],[127.1901467006734,37.5711145000487],[127.189274399929,37.5713320004707],[127.1885946994009,37.5707257999433],[127.1894828998,37.569729700432305],[127.1874319998772,37.569207500344795],[127.1872065997311,37.5673048007097],[127.18521839977839,37.5665329998771],[127.18629689972221,37.5630716002756],[127.1855274998647,37.5633059006469],[127.18444049933149,37.5619069010655],[127.1802609011166,37.5614845010753],[127.1801966011809,37.5629312996285],[127.18104720084689,37.5632838005419],[127.1794235006427,37.564441900553796],[127.178677900118,37.563785201063496],[127.1781711994267,37.56487340113971],[127.17894319886891,37.5615929009687],[127.1770821998394,37.5619918999368],[127.1787578979626,37.5610812004231],[127.17827279844771,37.5597418017625],[127.1754232005443,37.557498303967996],[127.1727930031942,37.562027599626504],[127.17445760047549,37.5644056004474],[127.1728012001385,37.563513201368906],[127.17155600084129,37.5648155007287],[127.1694480010275,37.563786201366206],[127.1684738992595,37.5646253020681],[127.1683695997965,37.5636106002341],[127.1676789997156,37.56437720025],[127.16631149941661,37.5626990025165],[127.1643077014204,37.5626762025393],[127.1624150020416,37.563009702967705],[127.1616238028328,37.5656772003002],[127.1603200005586,37.5645910014664],[127.15899850051339,37.566383801197595],[127.1567722987624,37.565393801138704],[127.15644050005561,37.562913301220696],[127.15571299806071,37.5639192011354],[127.1547888989848,37.5627120023426],[127.1519815994577,37.5620344030392],[127.1485801006775,37.5640752011092],[127.1484019000982,37.565606200279795],[127.147317001228,37.5663045003535],[127.1430426026123,37.5628965036991],[127.14201350364141,37.5648100017856],[127.1388127010497,37.5625559016981],[127.1364720991212,37.5637617011176],[127.1365442982568,37.560612802754804],[127.13502789977319,37.560712702654904],[127.13284539976739,37.5639535008416],[127.13058169978349,37.560988301646795],[127.1270057006724,37.559833101733496],[127.12390139518689,37.556838308906705],[127.11510870397959,37.5613228044222],[127.11531860021249,37.5642979004218],[127.1150345988684,37.5634230010343],[127.1130347003073,37.5625561030814],[127.1147360981102,37.5609999010928],[127.1131145989459,37.5604258015628],[127.1087396019529,37.5608986006031],[127.1054561049904,37.564124302042906],[127.1043380058825,37.5696255968896],[127.10734450636049,37.573115896573796],[127.1123836013214,37.5756894940002],[127.1151648985401,37.5720347976549],[127.11504039921729,37.5709732977965],[127.1175723991149,37.5723591967539],[127.1210016997204,37.571762598092],[127.124042301183,37.5729615981867],[127.1257750999289,37.5747316979716],[127.12656839913559,37.5732163994869],[127.1275831999892,37.5743788985313],[127.1281719005385,37.5732658997369],[127.1254322008897,37.5758819017694],[127.1239265005174,37.5760052004405],[127.1217731033919,37.5789586979861],[127.1222593017048,37.5832117985166],[127.1244624003027,37.5828663011823],[127.1221039026612,37.5845240995245],[127.12319760214889,37.587806098446805],[127.1223145020604,37.588663599342595],[127.121873601761,37.5937366005615],[127.123075002147,37.5962428004325],[127.1216201011516,37.596385201143804],[127.1207375020342,37.5993352981937],[127.1220306018739,37.6010117975096],[127.12719820079569,37.600856400053495],[127.1221296047345,37.603509601646],[127.1217836050805,37.6047869003687],[127.12509160177251,37.6087768963787],[127.1279813988827,37.6082092969463],[127.12850419835989,37.6069764981791],[127.1306660000092,37.6059345985813],[127.1307708008352,37.6079782999787],[127.1321126007955,37.6088258003643],[127.1295818009958,37.609853899755194],[127.1313305004418,37.611493200468296],[127.1276914015048,37.6126495032711],[127.122075206011,37.6131087055617],[127.1175711021491,37.6165607036895],[127.1169216027986,37.6204849997652],[127.1178111019091,37.622505197745],[127.1206140074722,37.6225337961366],[127.1222612069043,37.6248326980727],[127.1273919036407,37.628195895984604],[127.1304823005503,37.628098896081596],[127.1322927052201,37.6304111993175],[127.130482299561,37.628098902587595],[127.1284298016135,37.629071501615],[127.1266256034177,37.632279498407],[127.12984800399799,37.6361793993396],[127.1332572003123,37.637407299055496],[127.1317243010527,37.636922500849394],[127.1298745017555,37.6402890002364],[127.1315303000997,37.6408211997042],[127.1304261014877,37.6416225001636],[127.1317795001343,37.6424902992958],[127.1333416994976,37.6413442991929],[127.1325547006645,37.6433021991119],[127.1330650001542,37.644343898070204],[127.1370917978573,37.6439397988393],[127.138866897988,37.6382756033321],[127.1371469973837,37.6374554026701],[127.1380549993018,37.6363112993034],[127.1376299997268,37.6355941000206],[127.1380549998147,37.6363112989294],[127.14080510026339,37.6348136998751],[127.1442632006882,37.6381129023579],[127.1427530007075,37.639086002092895],[127.1422162001299,37.6412369001518],[127.1427529989069,37.6390860020018],[127.1405643010956,37.6387164023714],[127.14012380153609,37.6403502007376],[127.14115430119179,37.6439691974195],[127.1432454991006,37.643651697737],[127.14315530030521,37.6415497996291],[127.1443842990762,37.644195696983196],[127.1469509980004,37.64402079645],[127.14808409686731,37.6422499982208],[127.148694299201,37.6370584995381],[127.1507014026141,37.6377989994391],[127.1480841037322,37.642250000018194],[127.1482354035809,37.6443234979447],[127.1522831995331,37.643713998554205],[127.1531657016988,37.6453896998661],[127.15128970308261,37.6499374977416],[127.15350880081739,37.6503521989038],[127.1523858009745,37.652186200029604],[127.1526772006831,37.6541561980596],[127.1539071994531,37.652911099304696],[127.1547370997979,37.6538375988446],[127.1558223987126,37.653511799170396],[127.157048997486,37.6512886013936],[127.1550342992919,37.6503707988852],[127.1554116992225,37.6492931988528],[127.1574961008321,37.6480920985936],[127.15647320123179,37.64854420004141],[127.15768460165759,37.648821800130904],[127.1582147016197,37.650537099907304],[127.157049001676,37.6512886007578],[127.1586102001148,37.6530051990412],[127.1607257999321,37.6507699000369],[127.1607514991888,37.6498013993696],[127.1612352006261,37.650431600115596],[127.15847070119709,37.653209102062796],[127.1570490005036,37.6512886027362],[127.1558142016051,37.6535667011161],[127.15473710035151,37.6538376014039],[127.15390719983121,37.6529111014997],[127.15170100064701,37.6554946006306],[127.1485639016516,37.6548241013258],[127.1468983033172,37.6568531992967],[127.1466047022751,37.6589212017196],[127.1471637017161,37.661118699522106],[127.14845030033149,37.6622116004262],[127.1471637010949,37.6611187013248],[127.14314729732699,37.6602144016539],[127.14032939942909,37.660406202381],[127.1377767961303,37.6565595012406],[127.1382495985268,37.6552370005576],[127.1359272008492,37.6515002042944],[127.13180150190709,37.653540301439804],[127.1317345015101,37.6554217999554],[127.1330675007028,37.6559780993736],[127.1326840010621,37.6568996008707],[127.1290472012389,37.6588816007637],[127.1267912001418,37.6590078005528],[127.1263620003916,37.660437299479796],[127.1278801005801,37.6613769997428],[127.1270996006641,37.6620235003497],[127.12643730034311,37.661344300195104],[127.12542040030179,37.662677700075506],[127.12631369989009,37.6635628993926],[127.12899860122181,37.6637220992526],[127.1286386001776,37.664651700355],[127.1273659995198,37.6641879033951],[127.125456801429,37.6668272007558],[127.1272573008991,37.6678051028874],[127.1224579056985,37.6699877007048],[127.1197746101308,37.6750586023064],[127.1153585000673,37.6790532019047],[127.11291200105819,37.6774773022609],[127.1112544990813,37.6801849005139],[127.1106074982187,37.678856301484],[127.111219397887,37.6764561009674],[127.1084823982941,37.6724047030709],[127.1068860990455,37.673066902383205],[127.1032360026956,37.6698538055963],[127.1006251053065,37.6709664044837],[127.0992519066797,37.67911869633139],[127.1020563035128,37.680688506307305],[127.0993502997465,37.6799840043007],[127.0944013046955,37.6811220031627],[127.0964010026958,37.6858265984581],[127.0959332040278,37.688907403454095],[127.09430159907329,37.6853147041038],[127.0916300968401,37.6872781028993],[127.0876940007762,37.6860608041166],[127.0845383011698,37.6895057012449],[127.07898780310579,37.6905800042408],[127.0769695051241,37.693423801396996],[127.07328250313721,37.6940859018373],[127.0751763019248,37.704829706548],[127.0689226030283,37.7062304064381],[127.0644511047267,37.7063442064583],[127.0608438046462,37.7130400023432],[127.0616917037983,37.7174398979433],[127.0663558021966,37.721914596977],[127.0677022043055,37.722360198089994],[127.0683596006834,37.725996799527394],[127.0717647032005,37.7265666992268],[127.069684198932,37.7313056041736],[127.06729219925249,37.7289141029161],[127.0635692029755,37.7298299020003],[127.0637159028288,37.7328997989304],[127.06484060258529,37.7341252004789],[127.0673471000788,37.734692099911996],[127.0703616001998,37.737393800134896],[127.06879049924791,37.7384572016608],[127.0665119009892,37.737848700505204],[127.0661280003293,37.738749902523004],[127.0626602037971,37.7404266008463],[127.0628389036184,37.7427431985297],[127.0633397031176,37.7432646980082],[127.06668819986601,37.742761298541396],[127.0710604019331,37.7464702973187],[127.072975500018,37.7468600969289],[127.07674140010771,37.7456657979455],[127.07354580380641,37.7476110993755],[127.0749307024215,37.7500489969376],[127.0759017998092,37.7505688997486],[127.0783294990227,37.7489923979942],[127.07942800023399,37.7488347992552],[127.0798307998093,37.7496360993191],[127.0804458001742,37.7490745993734],[127.0816606000085,37.750302499289596],[127.0827236004964,37.7497592997428],[127.0825862004964,37.7511541992855],[127.0835675000768,37.7521371985176],[127.0852299985489,37.7492129998286],[127.08329369924449,37.745982900187904],[127.0811632992092,37.7454031004023],[127.0805081988707,37.7429061999899],[127.0790561998729,37.7421307999723],[127.082142700041,37.7408606996971],[127.0835576987477,37.741227799362996],[127.0825490994978,37.739728299895205],[127.0839920992845,37.7384484999931],[127.0834374990181,37.7381812003002],[127.0845778993448,37.7378454996112],[127.0843017996209,37.7371042003525],[127.0826891997664,37.7368091016723],[127.0822591995571,37.7355240996683],[127.0845324004569,37.7358739996597],[127.0849821003425,37.736759399196394],[127.0865324987937,37.7356019002754],[127.0851597995487,37.73391809927789],[127.0878272993392,37.7320281991509],[127.08867139990049,37.733800799063495],[127.08929929943619,37.731954300507],[127.08859960037519,37.7314542979708],[127.09055120036889,37.7324348995937],[127.088979900732,37.7326452004749],[127.08867140125099,37.7338007996541],[127.0908195005682,37.7347044996164],[127.08984690083379,37.735971600968],[127.0895447998428,37.7352781007355],[127.08809960128801,37.7351554008582],[127.08761180127901,37.7364122004563],[127.089067000494,37.738194299323105],[127.0911597005294,37.738349399919294],[127.0903069005567,37.7384169007141],[127.0905321999674,37.7401742007045],[127.08921699985251,37.7400277004404],[127.0897141989945,37.739588100239295],[127.088862699846,37.7386998011276],[127.0866275007945,37.7400425007238],[127.0868582005638,37.7410210997452],[127.0897876002355,37.7414456998635],[127.08936820032919,37.7425485992511],[127.0900398008671,37.7440430003404],[127.0893330007654,37.7444251000296],[127.0900569005335,37.7446986001643],[127.08902929954341,37.7437799006606],[127.08773000057069,37.7459282014805],[127.0865381002173,37.7448074011668],[127.08480569985561,37.746104100960295],[127.0845491001122,37.747430399634],[127.0857727014052,37.7474121003051],[127.0845562006526,37.7484058000269],[127.0852299999788,37.7492129992197],[127.08814820090211,37.7496967995944],[127.0855818018493,37.749425300498295],[127.0845035029276,37.7507791991444],[127.08362480122119,37.7524281031027],[127.08387970096629,37.754561600969204],[127.08252060232539,37.756446499084305],[127.0841307007818,37.7584704001286],[127.08338620021931,37.7581381005339],[127.0831141010477,37.7589183004095],[127.08338619937791,37.7581381006439],[127.0823330997403,37.7587425002516],[127.0813078007656,37.7582194007747],[127.07838370014281,37.7596081007513],[127.0787203000058,37.758275600285394],[127.0757902007411,37.7571000019504],[127.0748360992607,37.7584472004559],[127.073956400038,37.757269000406204],[127.0737646996114,37.75775020025419],[127.0732875993539,37.7556144024817],[127.0705966000834,37.7565860004316],[127.0689229002875,37.7556798007573],[127.0687835015311,37.756905600907906],[127.06759989984471,37.7560768016569],[127.0645304020479,37.7562090024811],[127.0633354977353,37.7518003037826],[127.0601491009217,37.7541681014148],[127.0607701003847,37.755605100035595],[127.0583138998826,37.7546412004573],[127.05641709941891,37.7522193022953],[127.05304690278909,37.752989301525304],[127.0499675027763,37.756567702976895],[127.0495540027686,37.7654856960559],[127.05219100367319,37.7655719965234],[127.0550818005009,37.7670937000433],[127.0540834011216,37.7675493005191],[127.0539314012736,37.7686704993979],[127.055199701178,37.7691980998982],[127.0566967020805,37.774090400851],[127.05339000126409,37.7744886014191],[127.0533315013226,37.777184698723],[127.05418620046791,37.7785889973187],[127.055722300367,37.778988999632304],[127.050227602879,37.780370701835096],[127.049931801279,37.782781201590105],[127.0492539000457,37.7823010004836],[127.04630440005239,37.7838748000663],[127.0453557004324,37.7833081007969],[127.0452553999443,37.7841561002638],[127.0433692993027,37.783760300655],[127.0458894972145,37.78243070082],[127.0431680985905,37.7796280013383],[127.0414449003137,37.7787571022092],[127.0404208013378,37.7797852011811],[127.04041479998969,37.7821973000733],[127.0402753994289,37.7797811018088],[127.0388698008345,37.779054702535205],[127.0377331992106,37.7798303039056],[127.0372407968573,37.7775770008544],[127.0319658965325,37.7746802034036],[127.032371699344,37.7728916999854],[127.0320841996315,37.7718864009907],[127.03116089905821,37.7728769999828],[127.0311142976169,37.7712079999271],[127.0331571002309,37.7712061987333],[127.034200999187,37.770306599632896],[127.0345293985917,37.7679528006499],[127.03389629578699,37.7675021958764],[127.0348895951761,37.7642134983946],[127.03232439774129,37.7613223012858],[127.0272096998186,37.76182070088],[127.0258646979764,37.761169799447295],[127.02655419970121,37.759051299317306],[127.0293062973617,37.7590287991284],[127.0276070994195,37.7554946997478],[127.02981429914699,37.755372399284],[127.0296085995694,37.7543376996239],[127.0330006995941,37.7512110997541],[127.0328166997781,37.7499273010379],[127.0310778998048,37.748141601096194],[127.0291421991838,37.748977700883295],[127.02861469971131,37.7484441014169],[127.02799569931271,37.7497768011027],[127.02860839978379,37.7471032002868],[127.02537509967091,37.7456050005574],[127.02190129952929,37.7421752999492],[127.0252484986037,37.742183198949],[127.0270787967734,37.7411053000269],[127.02788149851591,37.738365798189896],[127.0300936963037,37.7367893997663],[127.0272288953426,37.7334701988645],[127.0269847955867,37.7312013011334],[127.0243584963664,37.7267426002766],[127.0259357000299,37.726719697902396],[127.02819319777241,37.7249868996352],[127.0254690987712,37.723399300465296],[127.0256862973243,37.7210644971304],[127.0281111951456,37.719753098312495],[127.0286371946196,37.7110439070217],[127.02370909491731,37.710651405310905],[127.02483929731589,37.7104358942763],[127.0273482948069,37.7074293972828],[127.027222896318,37.703765599148],[127.0262441972444,37.700064902723504],[127.0226168967319,37.6998271993163],[127.02624419527389,37.7000648958208],[127.0228165987015,37.6936165022692],[127.0220133975647,37.693468400308],[127.02393459585271,37.691806300060605],[127.02068109707601,37.688759199996],[127.02192239017509,37.6766169025834],[127.01415159794591,37.674835304365],[127.0052181053858,37.674056805548304],[127.00380580460819,37.6758564041551],[127.0005826942498,37.671500002636],[126.9988631951319,37.665643605210704],[126.99950249460251,37.658026303748706],[126.9983173941783,37.656016400854696],[127.0000124968644,37.6533608968176],[127.0043586925182,37.649998500180004],[127.00290149397539,37.645694504484],[127.00000779411971,37.641043999746],[127.0006803934471,37.640061300728696],[127.0004801916654,37.63362729854],[126.9948156973299,37.6298506023167],[126.9842424986484,37.626715009303595],[126.9836413955771,37.6253820018128],[126.9848982975571,37.6255580942816],[126.9869919970976,37.6175640989237],[126.98409139972999,37.615756600012496],[126.9852718985495,37.6141876015815],[126.9853146933047,37.6071437019651],[126.9861328952666,37.6059247958398],[126.9858843955151,37.5980129037517],[126.9831165982829,37.5976288041358],[126.9826048994328,37.5963825015508],[126.9809666957937,37.5954789021249],[126.982279398885,37.5934318993032],[126.9798672965981,37.5898771013668],[126.9806608987097,37.585494000115396],[126.9793513987121,37.5849682997766],[126.9792078000166,37.5832898003896],[126.9754166995802,37.5837618006565],[126.9749579990518,37.5830084008759],[126.9732932003652,37.5836735001154],[126.9730950016727,37.5873184990148],[126.9755321009333,37.5897198015241],[126.9733440012198,37.5879335024041],[126.9713120032518,37.5884607018769],[126.9698574002894,37.590912903753],[126.9660884988292,37.5885288006634],[126.9668177970675,37.5867195000187],[126.9659410979442,37.5847606019776],[126.9647932979204,37.5838181015647],[126.9611550002016,37.5840366026036],[126.9612613984778,37.5823620005727],[126.9599074995051,37.581974600669604],[126.9567812009455,37.5875378012333],[126.9536875002501,37.589904600876395],[126.9533852990423,37.5883027018806],[126.9517964997742,37.5865170030542],[126.9491157009084,37.5889885008929],[126.9489556006376,37.5918897993586],[126.94974270090181,37.5914643999744],[126.9509893007631,37.5943392999809],[126.9479859002641,37.597618600674394],[126.9475583001846,37.5969878007605],[126.9467590997073,37.597997200895804],[126.9445414998554,37.597667000247],[126.9425119011197,37.596366202477995],[126.9413837020202,37.598611300922805],[126.9425118983985,37.5963662010673],[126.93859140041181,37.5967009001914],[126.93863530260221,37.5993949995757],[126.940571100632,37.601226400265205],[126.9381406020668,37.6000709017278],[126.93752390268351,37.6018791999195],[126.9380843023216,37.6053405997154],[126.9372111021222,37.607442500573],[126.938400800353,37.6102741994436],[126.9394776998969,37.609781299287604],[126.9399219006147,37.6107077002478],[126.9382454012452,37.610796800849],[126.9385866012002,37.6124832007925],[126.9349776014998,37.6147026007786],[126.9343369021405,37.616418199063],[126.93524410016781,37.6177552003878],[126.93442980023461,37.617772000232605],[126.9346882003361,37.6194263000046],[126.93367310067869,37.6200322006259],[126.9335413002549,37.621279900078],[126.9310710997309,37.6204363003334],[126.93005579929141,37.6180815003431],[126.9291963001509,37.618079800344795],[126.92867800126791,37.6200261994036],[126.92951920024,37.6218926001124],[126.92839749994171,37.6231655006045],[126.9261600000731,37.624120600145496],[126.9251795990142,37.6239505996045],[126.9248730993207,37.6230249005302],[126.9238536003402,37.6232046003505],[126.92263770060559,37.6242029000862],[126.92311290009371,37.6246530008393],[126.92176089994099,37.6251927004084],[126.92166029945619,37.6243785005306],[126.92052340011999,37.624636600203104],[126.9202029997606,37.6259820009155],[126.9167634999001,37.6238670004936],[126.91594909877,37.621872700283795],[126.9128692998935,37.621652400406404],[126.9148104995105,37.6177424996157],[126.9142718997133,37.6164383997516],[126.9152881995286,37.6152475002039],[126.91379420001469,37.6136340010348],[126.9126337994157,37.6140443001986],[126.9115039993887,37.6131723002199],[126.9133696992983,37.6089345999917],[126.9141194994475,37.6088298000015],[126.9138476998899,37.607481399456],[126.9154949001591,37.606454399490595],[126.9161550003304,37.6074295994105],[126.9192507998281,37.6070635997974],[126.92071249962319,37.608556499257595],[126.92075129998041,37.6077022990255],[126.922163699679,37.607168699595604],[126.92213919950821,37.605892500156806],[126.9235716002454,37.6055317995909],[126.9241755002361,37.606203699183304],[126.925450999454,37.6048039000777],[126.9247987001063,37.6041910006906],[126.9243203996286,37.6047426003664],[126.9247986994418,37.6041910001256],[126.9239841991621,37.603180700128604],[126.92468859917659,37.6020761001648],[126.9230937993657,37.602071899517796],[126.92321179933501,37.6006530998615],[126.9250970995095,37.598331699519704],[126.92617250025201,37.5991619991582],[126.92806399916621,37.5991090990166],[126.9290674986498,37.5959894997077],[126.9326764997645,37.5952273988992],[126.9324919001485,37.5936715996804],[126.9348399003319,37.5949421988639],[126.9363863987854,37.5945406992654],[126.9346845000891,37.592438200796195],[126.9344468997275,37.5935457005832],[126.9341750996745,37.5922576007435],[126.93296099990191,37.5927089002495],[126.9332535992284,37.5904309993599],[126.9343652986659,37.5892000995117],[126.9328520994795,37.586318599445],[126.9346489990183,37.5856403004038],[126.9347475999426,37.5846623997549],[126.93602580028829,37.5848745987646],[126.9366016997124,37.583132200507],[126.935939599729,37.581642699801705],[126.93695300028651,37.581575198921406],[126.9372939003682,37.5826347993619],[126.9387519992999,37.5813597992056],[126.939913999267,37.5815150993356],[126.9394151996555,37.5806998000271],[126.94099270082779,37.58030629761279],[126.9422410008699,37.5817355979229],[126.9434656996452,37.5798927997657],[126.94437339974141,37.5813880983825],[126.9458037988385,37.5802202992177],[126.9451599997291,37.5794273993665],[126.9467717981173,37.579468599325295],[126.9458726986278,37.5743466012119],[126.9439926999271,37.5742414996008],[126.9446858992339,37.5745388993034],[126.9454843990688,37.5735975990932],[126.9463383995408,37.574334499182],[126.947585400794,37.573269597439406],[126.9506652977141,37.5741002966087],[126.9509792974001,37.5709677997412],[126.9493104990689,37.5691423015667],[126.9485451998342,37.5696246010844],[126.9477008002501,37.5688724007954],[126.947635299694,37.5679832008185],[126.94689630043301,37.5678210009807],[126.94582819965049,37.5691955005761],[126.944905897961,37.567375499817],[126.94241680003441,37.5665764004818],[126.939888199998,37.567729200163605],[126.9399223998695,37.5668724007174],[126.9397816002381,37.568240100210396],[126.9375948000016,37.5681998018159],[126.9381302998199,37.567176100298795],[126.9373383998196,37.566181500153895],[126.9370031990873,37.5668770001108],[126.9366643989309,37.5647151003027],[126.935319100222,37.564095200923596],[126.93449840104269,37.564889400129395],[126.9355805997899,37.565888600632704],[126.9347010998516,37.5665736003466],[126.9342264996388,37.5652931005489],[126.9321049007422,37.565765200513304],[126.93148460066041,37.5673600003779],[126.9291044001216,37.5670287007487],[126.9287505996445,37.5660738006984],[126.9281966001586,37.566951500676105],[126.9247026003628,37.566422200316595],[126.92521360057681,37.5670902008386],[126.9235559007301,37.5673944002984],[126.9237765005095,37.5685210991717],[126.924446700126,37.5684985000119],[126.9242617003016,37.569562500723904],[126.9230423014887,37.5702119004117],[126.92358830017291,37.57184990040329],[126.9207207986328,37.572815401090004],[126.9188871004665,37.5714062024992],[126.9165896019081,37.5712333032139],[126.9147261017783,37.5724192027506],[126.9134004000688,37.5711072018688],[126.9116841998903,37.5716029017673],[126.9109298994536,37.5711257989133],[126.911716499385,37.5706046991468],[126.9112866997149,37.5696786997232],[126.9117930996412,37.5705680990526],[126.9125546988796,37.570201799418896],[126.91248559947739,37.5679102997101],[126.91335599940669,37.567543699854],[126.9128947998679,37.5663925010052],[126.9112555005935,37.5658840010723],[126.91113159988481,37.567215700389795],[126.9087406002013,37.5669954008438],[126.9056638008431,37.571234500049506],[126.9059745008133,37.5742548980735],[126.9074084031295,37.5756043985574],[126.9069776010879,37.5767276003714],[126.90711780112099,37.578396699253496],[126.9081221009305,37.5789413990992],[126.9075548005982,37.5803233002754],[126.907962000128,37.5822917989673],[126.90925270050819,37.5816473992109],[126.91099799998601,37.5826006987639],[126.9118467002013,37.581596099242],[126.9140225004976,37.5824022997912],[126.9140601006336,37.5846839998202],[126.9124402010806,37.586521000415],[126.9137269003067,37.5902112990913],[126.9159709001542,37.5910383998725],[126.9156661004533,37.591957199797406],[126.91619760044341,37.5920294999341],[126.9145685001015,37.594710800366904],[126.9127312996485,37.5943653002257],[126.9111665992568,37.592743600462796],[126.9101610994872,37.5929013992557],[126.91150429857541,37.5915449992142],[126.91067499971899,37.590466399710394],[126.91309859932329,37.5883993998669],[126.912478599766,37.587163000636],[126.91089839988469,37.5874937007747],[126.9096263998773,37.5866941010876],[126.9090782001389,37.5875323004294],[126.908589999704,37.5866805007973],[126.9066918000922,37.587119800791605],[126.90574029970061,37.5864568001306],[126.90628269941851,37.5859135001582],[126.9054554995173,37.5842931998545],[126.9063607995834,37.583317299963795],[126.90490680010201,37.581740700896695],[126.9031918004564,37.5820072004186],[126.9020932995751,37.5832362012398],[126.89952409971869,37.5811712019536],[126.8975709007118,37.5826631011709],[126.89396359984251,37.5829422002659],[126.8924017978359,37.581016001165196],[126.89302189864749,37.5806139986774],[126.89136039922509,37.577756200455205],[126.891973098096,37.57527339962],[126.8934122002937,37.5754033988393],[126.8949209998799,37.574145099600706],[126.8961649993033,37.5741406988884],[126.8958086006667,37.5751243993415],[126.896901299574,37.5752763991895],[126.8982594994278,37.5727833999022],[126.9012655985342,37.5716972995701],[126.90140659839321,37.5703305009369],[126.9002455994849,37.569275700282],[126.8995566994684,37.569520700488],[126.8975149015004,37.566813702964694],[126.8956458012437,37.5677479019249],[126.89430889983569,37.5671813008937],[126.8953761993143,37.566726699839194],[126.89497459997679,37.565990899331204],[126.8956054003489,37.5666551992818],[126.897297499557,37.5656367998296],[126.8962297999786,37.5627916015603],[126.8946948992743,37.5630848015204],[126.8935322997073,37.5616911990034],[126.8958694997745,37.5617809992439],[126.8958582987045,37.5601343994494],[126.9000510992739,37.558751099673906],[126.90037289984649,37.5571726002277],[126.8994620995599,37.5564671002022],[126.8993705993346,37.5543384990564],[126.90310899882721,37.551207499212595],[126.9028957981124,37.5494515947208],[126.9041233999511,37.5501286997941],[126.907579099684,37.546494699881094],[126.9026517990707,37.54219229988951],[126.9018985998239,37.5393747027071],[126.90293129975501,37.5375823993272],[126.9041697993499,37.5373940987754],[126.9046881001428,37.5350194003718],[126.90083210130051,37.5374820001014],[126.9003352004048,37.53884390042511],[126.8964613006701,37.5406263017099],[126.8979155992404,37.5394495002011],[126.8976448995111,37.5385760010746],[126.8964016007544,37.538699600951],[126.8958716000814,37.537996900919005],[126.8943501012573,37.540715299369204],[126.8952211006391,37.5410136995975],[126.8947561999972,37.541585300103],[126.89406979903569,37.5403612009645],[126.8909788991291,37.540899900922696],[126.8901395992968,37.5398383002886],[126.8891552997283,37.5399593002656],[126.8913186993253,37.536379099776596],[126.8924297992427,37.5359001996138],[126.89199650085371,37.5353220988187],[126.89306010067,37.536727498484],[126.8943557993743,37.5360800991314],[126.8953618987111,37.533154300387],[126.8951038992489,37.530923600368304],[126.8917744997959,37.5299256002306],[126.8911416994368,37.5273755004463],[126.88971280018289,37.525924701498894],[126.8878304001869,37.527872500485],[126.88331089994409,37.526062300051],[126.88389029933161,37.525161900883],[126.8821041980264,37.5249139022389]]],[[[127.1318605989448,37.6027250003679],[127.1340217990216,37.598985999536595],[127.13563379948029,37.5986296994178],[127.1359142000166,37.5972708993732],[127.13750089983331,37.597325399435704],[127.1377743991085,37.5962308996702],[127.1389249996561,37.5957691997148],[127.1389956004315,37.5973590990434],[127.1406741000266,37.5963564993039],[127.1401403003438,37.5950288995605],[127.1420447997612,37.5960706989286],[127.1438346997113,37.5953649997346],[127.14483870009249,37.5954595991292],[127.1447574004901,37.5962483992601],[127.1458482012088,37.5955466992404],[127.1477721009708,37.599688198027806],[127.14975359898929,37.599711998004],[127.1524705999731,37.596096899706296],[127.1498720005172,37.6014187010456],[127.1488978014914,37.6019699004944],[127.1486072012492,37.6043826005958],[127.1493263004447,37.6056384997464],[127.151326199165,37.6064362995807],[127.1521509982099,37.604868700619996],[127.15036789962271,37.604510398996105],[127.1524222010311,37.6036916981444],[127.1538686998154,37.6050804993297],[127.1572538999774,37.6046319995879],[127.15705080056969,37.6055989991876],[127.15914120017719,37.604422498617],[127.1593227003998,37.6055284992458],[127.1602533002898,37.6050278998528],[127.1597759009569,37.606025900203896],[127.16121840013909,37.6079360995447],[127.1647355996518,37.607929299558904],[127.1657386999767,37.606988798452306],[127.1678228001698,37.608830699676595],[127.1676255002213,37.6095253999133],[127.1686933007031,37.6098569995673],[127.1683127009205,37.610475900423694],[127.16986250023419,37.6136552010155],[127.16879370000059,37.6133383001152],[127.16828599995509,37.614202000465],[127.1679581997133,37.6133447006939],[127.1672796005152,37.6145421006315],[127.165731800219,37.615124700256004],[127.1666281995837,37.6143042999838],[127.1659844002275,37.613758400529704],[127.16340600040739,37.613583300662],[127.1631777003646,37.616701400389296],[127.1617460992058,37.615369202044306],[127.16043570051619,37.6161531012604],[127.1590433991502,37.6131993016814],[127.1573990000869,37.614309900810206],[127.1552632986108,37.6131608990955],[127.155370098504,37.6115798006766],[127.15412830000129,37.6100708006155],[127.15219499959231,37.6101085003611],[127.1532734001763,37.609305199398705],[127.15412829992489,37.610070799002806],[127.1552270988261,37.6091862998873],[127.15515819889501,37.6080441010295],[127.1538502995994,37.606819601884304],[127.1524354000636,37.608066700143205],[127.14966590060621,37.6081784018273],[127.1491840010881,37.609674500331195],[127.14727290099471,37.6102383997654],[127.1475618011642,37.6122545003085],[127.14665529954611,37.6122682006351],[127.146479399722,37.611208301695],[127.14339369951871,37.6117591024555],[127.14247519942751,37.6115175005467],[127.1425963994492,37.6108884005226],[127.14003060022651,37.6106831004257],[127.1380430008302,37.611082600204],[127.13800820002851,37.611960400484904],[127.1355723997011,37.608661300268004],[127.13370589932819,37.6081475000282],[127.134396499642,37.6065968000934],[127.1328539998149,37.6060606006048],[127.1332624997238,37.6043120999933],[127.1318605989448,37.6027250003679]]],[[[127.18369839959709,37.7097284992827],[127.18453669917349,37.709090399825904],[127.1851613982618,37.706384999394295],[127.18902539956551,37.7065764992201],[127.1900889987206,37.7048841004689],[127.18937889715909,37.7021236017477],[127.1875770989609,37.7016086022627],[127.1861108985935,37.7027750010498],[127.18563989561589,37.701353899946604],[127.18750919918459,37.698148099017295],[127.18837880046759,37.6999735991021],[127.19010229997001,37.6985151981835],[127.1936768998382,37.6973923987862],[127.19461630008391,37.6984348988012],[127.1973903007155,37.698025698844106],[127.1976261003518,37.7009509990997],[127.1990828008976,37.7002174004843],[127.200414201291,37.707029799409604],[127.1989664004515,37.706716300809695],[127.1978744015435,37.7082386992873],[127.1984522009657,37.7096705978554],[127.19962000096619,37.7098617988226],[127.19871280050249,37.7105921014036],[127.1971664004476,37.711429500555404],[127.1963924000508,37.710602600803504],[127.19607879960249,37.7115315002738],[127.1900689994455,37.7078068028407],[127.1880385005155,37.7110993002056],[127.1861781994873,37.709230900673305],[127.1855359000355,37.7102330002061],[127.18369839959709,37.7097284992827]]],[[[127.234538999029,37.6520388994839],[127.23592049945721,37.6521007986616],[127.2363703000975,37.64928949907],[127.23757309953771,37.6502586985982],[127.2383644993256,37.649157699381604],[127.2395566001019,37.6491444987374],[127.240458300096,37.6511397985776],[127.2424088990159,37.6501284995851],[127.2415701989275,37.6476336997769],[127.2439774996248,37.64701329938],[127.2440306993845,37.6455407995418],[127.245061900282,37.6457233002816],[127.24529650004739,37.6479381980667],[127.2466913011927,37.6466978989174],[127.247297699816,37.648819797852],[127.2479921993146,37.6483097983725],[127.25021300202451,37.6492272975793],[127.2492482026987,37.652722698397895],[127.2530966001769,37.6534061999207],[127.2510363011881,37.6529974012225],[127.2508700013544,37.6543999998199],[127.2521366009138,37.6546648000726],[127.2498699007991,37.654485700258704],[127.2505213000156,37.655298900293495],[127.24878600002499,37.6542523008941],[127.2481208006902,37.655177699968704],[127.2483072004234,37.6571953005352],[127.2479560000952,37.6564274008461],[127.2459387006878,37.65869070078],[127.2444420996122,37.6584273013088],[127.24354850050581,37.659061900674196],[127.24404760099131,37.6600754000254],[127.24348139999309,37.660445100416695],[127.24301589977,37.6585933010349],[127.2424436003085,37.6596194008203],[127.2418049994831,37.6592723006032],[127.24361409762601,37.657293700191296],[127.2397164995952,37.657202000557795],[127.2398277994404,37.655801500050906],[127.2372897007024,37.6522549018892],[127.234538999029,37.6520388994839]]],[[[127.19528949952971,37.72153630031389],[127.1976171990197,37.7180292998849],[127.19731289995,37.7171501995018],[127.19793320036429,37.717960099266996],[127.20070469932661,37.7171865992171],[127.200771700061,37.7151208988598],[127.2026239982087,37.7159181980625],[127.2039764009894,37.714823496249004],[127.20677120051471,37.7146470963024],[127.2067510001947,37.7154901994667],[127.2085680001623,37.7158776999455],[127.206592500176,37.7163388004922],[127.20664190061419,37.7181765988326],[127.2096434012836,37.718928201058],[127.2091574010401,37.7225843987581],[127.2081348002414,37.723921100079295],[127.2086105002716,37.725338100531104],[127.2052706003527,37.7259124011264],[127.2059269989105,37.725594399725296],[127.2049389998985,37.7244344008853],[127.2037811005857,37.7260074000687],[127.2043757999101,37.7268607013697],[127.2030791998159,37.726475403113795],[127.2028945977269,37.7241539010726],[127.19528949952971,37.72153630031389]]],[[[127.1628598987834,37.6499814010704],[127.16642439962429,37.649962099557904],[127.1671713970815,37.6478493953926],[127.1682150011036,37.6480941974412],[127.168366199951,37.649076800624],[127.1675723003086,37.6484114001655],[127.1664244013039,37.649962099088604],[127.16768680063039,37.653047696653104],[127.16988619843099,37.6527651969356],[127.1714690968481,37.651451698249105],[127.17033409898451,37.648422597112805],[127.17453820038921,37.6470576968271],[127.17782439864611,37.647388794178305],[127.18090910023939,37.6495242939227],[127.1817567993917,37.6493548940921],[127.1852672958812,37.6446061988408],[127.1851516961634,37.643678997582995],[127.1870769999981,37.6421735984826],[127.1893349019961,37.6457506996402],[127.1903645009665,37.645882899507995],[127.1893349017197,37.6457507007933],[127.1894870016798,37.6490343977269],[127.1921425011439,37.6487260008128],[127.1919374012073,37.6505662016278],[127.1878974000709,37.6518350055903],[127.184658201491,37.6584221006878],[127.1806258002959,37.6585093005547],[127.1801135982978,37.6620051037197],[127.1767606998692,37.6611805003729],[127.1766067998396,37.6602391007184],[127.1747250997423,37.66027540011731],[127.17452019994721,37.6594515009412],[127.17359530087211,37.6595541008386],[127.17344009985389,37.6603762018295],[127.1720140984701,37.6602150012539],[127.16826349914699,37.6583638011227],[127.1719384985276,37.6588779985695],[127.170064399953,37.6540790012926],[127.1678236021938,37.655334700036896],[127.1679732976103,37.656346500210596],[127.1664243985784,37.6499621012576],[127.1628598987834,37.6499814010704]]],[[[127.20122939904411,37.5430826005055],[127.2025260996977,37.540012399813705],[127.20375989956129,37.5404051996338],[127.20406579925539,37.539612600426395],[127.2030295995309,37.539343299443196],[127.20416869937699,37.5389049995599],[127.20440860022599,37.537462499537796],[127.2050652005191,37.538548299422004],[127.2062141007053,37.5377679994064],[127.2073420004547,37.5387470991584],[127.2083016005162,37.5382865991686],[127.21166790051629,37.539383500224],[127.21115540056469,37.5415228999956],[127.2117836003348,37.5418337000834],[127.209342799987,37.5456615001509],[127.2086888997588,37.5449453006872],[127.20555779990589,37.545791100414405],[127.204204500424,37.544002301484404],[127.2019434002683,37.5445147029356],[127.2019949988627,37.543389000613296],[127.20122939904411,37.5430826005055]]],[[[127.0446572993005,37.816849000135],[127.04626550003191,37.8171494988174],[127.0464571998674,37.8159350998617],[127.0474488988757,37.815552600244196],[127.0468822989204,37.813321098744304],[127.0489563986222,37.8121514980712],[127.0524438984697,37.8125235970447],[127.0521295996639,37.809318399453204],[127.0524439008823,37.812523597594996],[127.05485139847481,37.8117173984012],[127.05310199869149,37.8091447996268],[127.0537263003542,37.8099072988457],[127.05519819888231,37.8093065994464],[127.0548656008609,37.8084959968496],[127.0583948000352,37.8113993988173],[127.0595683003954,37.810289797472],[127.0602969015839,37.8111148003797],[127.0585897007073,37.8125745005242],[127.0585399007571,37.8135093995893],[127.0594400024408,37.8136112978832],[127.0602153016655,37.8163280951664],[127.0657459043196,37.8128925967604],[127.0664984023442,37.8214344016284],[127.06531649864169,37.8217226021693],[127.06402229780211,37.8209577031953],[127.0613891004353,37.8238652002878],[127.0613582003073,37.825197199296895],[127.0622354017228,37.8246680992238],[127.0608789975604,37.825899503113696],[127.0588936971462,37.8229965016175],[127.05773929830059,37.822485802128206],[127.0524465980119,37.821891702075504],[127.0504757999827,37.8219426020246],[127.04975619981751,37.8231092011953],[127.04915289965909,37.8222251005256],[127.0475411002603,37.822585801033],[127.047537099169,37.8218374995097],[127.0485114990341,37.8220162994166],[127.0483219992248,37.8210608002556],[127.0462499998449,37.8190906002739],[127.0448298001656,37.8191513012328],[127.0459562991986,37.818105499687],[127.0446572993005,37.816849000135]]],[[[126.9148604979654,37.6342176986817],[126.9190538999804,37.631698998984994],[126.91805130140621,37.6324799996799],[126.9184756009541,37.6332903993628],[126.9202786000359,37.6336900988804],[126.9209884005149,37.6323004998385],[126.92210490012289,37.633929899528695],[126.922707400352,37.6335506998146],[126.9217240007284,37.6345220000702],[126.922469399983,37.6354366991555],[126.9238479007847,37.634114999645],[126.9225916008445,37.6364227990371],[126.9238895019923,37.6379199006803],[126.9206273001233,37.6413946002467],[126.9183931002869,37.6403787009481],[126.9182876998318,37.6419501005331],[126.91713919917409,37.641461200006304],[126.91751979924099,37.640441300435],[126.9159277999375,37.64043940091],[126.9164212993734,37.6391853009878],[126.9149082957584,37.6391517017291],[126.9167197985629,37.637009298956606],[126.9171618992134,37.6348561004641],[126.9154200998626,37.634942701023206],[126.9148604979654,37.6342176986817]]],[[[127.48499339549049,37.4938863957095],[127.4909404987242,37.4868805956432],[127.4939165967928,37.484636996142],[127.4971692003398,37.485020898589205],[127.4988316996722,37.482973899396896],[127.5014518012724,37.4852572999309],[127.50054380057,37.4856432998303],[127.5024436032578,37.4869185997901],[127.5019570013726,37.488678900098996],[127.503390201204,37.490749299021395],[127.5048268007954,37.4905121996795],[127.5033902012874,37.490749300119695],[127.5038581005453,37.4938626999286],[127.50303910050829,37.4940492001072],[127.5030142006932,37.4963036001774],[127.50027830180481,37.4978372004875],[127.50087600041641,37.4987745007012],[127.49854580138,37.4987694013412],[127.4984298988885,37.500104703729804],[127.493918798398,37.497504303370505],[127.49095220136459,37.4969281039467],[127.4898987978231,37.4976444055714],[127.4881526987421,37.4965251013104],[127.4857299989743,37.4978822050169],[127.48620789913579,37.4973889999393],[127.4856581996855,37.4965580007703],[127.4845165997911,37.4972403002441],[127.483635199603,37.4960345006411],[127.484727298124,37.4953443995724],[127.48499339549049,37.4938863957095]]],[[[126.9119370996864,37.5983688005165],[126.91329329961191,37.598551699647004],[126.91290329960479,37.5977150000532],[126.9141077000255,37.595870799454],[126.9149304996272,37.5960270998919],[126.91471610016171,37.595244399535396],[126.9156607001991,37.5955915999076],[126.91493050086859,37.5960271000963],[126.9152540005451,37.5972305988928],[126.91718160013431,37.5975457992424],[126.9189789000406,37.6001515000148],[126.91676869996161,37.5996204002125],[126.91717040023781,37.6006196994431],[126.9181031007053,37.6005559998707],[126.91590729996,37.6019493002175],[126.9119370996864,37.5983688005165]]],[[[127.1235580969898,37.4492514997945],[127.1245140962509,37.4466106977853],[127.12676010003109,37.443949599844906],[127.1270327001637,37.4448990997645],[127.1295356001099,37.445882699761995],[127.13124620073371,37.4484199003932],[127.1284624002636,37.448023801046],[127.1279308007952,37.4490864999833],[127.1273746003358,37.448870200487505],[127.1282228998259,37.4518973001648],[127.12444519914649,37.450339301447],[127.1235580969898,37.4492514997945]]],[[[126.869676699768,37.5253503999277],[126.87049039976229,37.5240643996626],[126.8713737993821,37.5240042996651],[126.8711778991431,37.5231498991068],[126.87300959934001,37.5228779981975],[126.87361559873399,37.5212746998008],[126.8748150994306,37.5221169991123],[126.8755482006539,37.521341000035],[126.8758466004148,37.522486799233604],[126.8764578000601,37.5215304995682],[126.8778312005941,37.5219216995454],[126.8775871009656,37.5229566001127],[126.8789825995701,37.5242114988578],[126.8805541003658,37.5238077994839],[126.8784474998773,37.5241859009151],[126.8779423003825,37.5254822996187],[126.8789197012426,37.5269379002663],[126.87697920083009,37.5275077012674],[126.87642370016411,37.5285408007192],[126.8757462997122,37.527616201068696],[126.87391459973291,37.5279166002505],[126.869676699768,37.5253503999277]]],[[[127.19905729850831,37.6320966010071],[127.2000477016954,37.6322312963301],[127.20239529934781,37.6295027990586],[127.2036176997502,37.630680798531],[127.20459730294921,37.6305969992027],[127.20627049990141,37.6330015990039],[127.20735470027239,37.6317579996489],[127.2121194989981,37.633606398515596],[127.214036997723,37.632661198628],[127.2139844003815,37.6345107979839],[127.2167899027475,37.6351223974921],[127.21797830225749,37.6361536997722],[127.21321930214201,37.6389282010021],[127.2142829014884,37.6404237001119],[127.2137329024589,37.6423979006614],[127.2125580004878,37.6428382025834],[127.20836389380969,37.6416618032736],[127.20135709999039,37.6421179009655],[127.2071749992683,37.6404273968341],[127.2076316988116,37.6384513988101],[127.20617149669809,37.6353442994377],[127.2030719999329,37.6328913008879],[127.20366899934781,37.6328733998513],[127.2031939998228,37.6319165008082],[127.2022035005451,37.6327280999647],[127.2026955003094,37.633135500643704],[127.2002116002904,37.634212300634104],[127.1994812996718,37.6340918004143],[127.2000428993101,37.633722300140704],[127.19918989837569,37.6332930998106],[127.19905729850831,37.6320966010071]]],[[[127.13555579843401,37.4654096008433],[127.137385699202,37.464895597959895],[127.13780899877871,37.4632788995766],[127.1364531975295,37.4611129983567],[127.1384728971715,37.4600866959293],[127.145088500651,37.461719899659],[127.1443709009661,37.4622852002032],[127.1446193003222,37.4647755002242],[127.1425110009735,37.4634908012643],[127.14250510007359,37.4667574001466],[127.1418398998103,37.4669626002087],[127.1410470996664,37.4658680007922],[127.14037779948269,37.4666716002658],[127.14121509883499,37.465776299690305],[127.1405541993033,37.4633896006035],[127.1388137009352,37.4640806999696],[127.1379451004111,37.466197900827794],[127.13555579843401,37.4654096008433]]],[[[127.1243642993387,37.4400875998237],[127.1280339996716,37.4370087993368],[127.1306781004795,37.440627500135],[127.12903799991089,37.440503501290095],[127.12772320014791,37.4427001002239],[127.1258969994053,37.4417448001305],[127.1257315992889,37.4393859005029],[127.1243642993387,37.4400875998237]]],[[[127.09692859847159,37.484993699790294],[127.0990942992327,37.4853495984796],[127.100493699864,37.4834492984784],[127.1022009012568,37.484745097052595],[127.1044771989805,37.4831997985979],[127.1022009021494,37.4847450999943],[127.1055763002104,37.4856717993337],[127.1059607000587,37.4850796995453],[127.1077174006008,37.4864531997522],[127.1067543013761,37.488803802025096],[127.1053470991215,37.4894077012521],[127.103345601123,37.488850801809],[127.10142860087561,37.490145901496405],[127.1006328002974,37.491865600873794],[127.1007937993121,37.4909788001355],[127.0991152004346,37.48947680117],[127.09808369879,37.4913447995299],[127.0991151977585,37.4894768013979],[127.0969557992032,37.4879497996069],[127.0988831989661,37.4861494998631],[127.09692859847159,37.484993699790294]]],[[[127.20718959439111,37.5848785949889],[127.2088774002037,37.584538199295494],[127.2091790999847,37.5862803984516],[127.2106366003522,37.5845949997984],[127.2113713008235,37.5860952006635],[127.21060039976571,37.585410400732],[127.209179101056,37.5862803997712],[127.2114979005973,37.5878710003922],[127.21094430016379,37.5875634004966],[127.2105519000073,37.5883500002071],[127.2089600999832,37.5874665008176],[127.2073198994797,37.5887951007194],[127.2072467990774,37.5873427013117],[127.206110399618,37.586048399956205],[127.2074187987794,37.5862133996986],[127.20718959439111,37.5848785949889]]],[[[126.9490902992029,37.4815708002111],[126.952262499951,37.478676999512196],[126.9557978005553,37.4800220999147],[126.9554533000272,37.481335200736495],[126.9540586009985,37.4816918003407],[126.9548871005934,37.4825583995133],[126.95444140026629,37.48355870131191],[126.952038300003,37.4835766006694],[126.9519572997321,37.482902000627206],[126.9507964992411,37.4830234004853],[126.95054019867291,37.481549900806094],[126.9490902992029,37.4815708002111]]],[[[126.91297779940989,37.645476799166],[126.91354110012911,37.6461864986463],[126.9150990004417,37.645811499984],[126.9171053001529,37.647723899966],[126.9159908008974,37.6481606009176],[126.91515870148281,37.6504647011798],[126.913481398432,37.6497550989096],[126.91399629853329,37.6486129997167],[126.9131302993993,37.6479134004163],[126.91297779940989,37.645476799166]]],[[[126.9857046992194,37.4686289006345],[126.985830899392,37.4676256991964],[126.98809969983341,37.4673458988961],[126.9884666994664,37.4660825001595],[126.9878109996086,37.4661179999576],[126.98846669954591,37.466082499841896],[126.9884371995754,37.464687501236895],[126.9874359988906,37.4609115005692],[126.9884327991096,37.4600456987854],[126.9886868988555,37.459392799438305],[126.9878057997366,37.458721900109204],[126.98855930001861,37.4583270989422],[126.9887375013936,37.4599791989672],[126.9935692032369,37.4636874983507],[126.99332910299,37.466292600455205],[126.9922483997901,37.466292802262096],[126.9913702006683,37.4680097005452],[126.98877120026211,37.4691252006013],[126.9857046992194,37.4686289006345]]],[[[127.05215729808181,37.8912746006717],[127.05289190052531,37.8906677991379],[127.0541892993773,37.8913777996751],[127.0541604992567,37.8901368996688],[127.0548646997642,37.8899913998255],[127.0543721000021,37.8894558987906],[127.0567176004205,37.8886152989513],[127.056810702107,37.8898791999457],[127.05973500035981,37.8900709997526],[127.060789301584,37.8924004999117],[127.0578315011037,37.8960973011875],[127.0565703000818,37.8961976013408],[127.05532999716989,37.895744900329795],[127.0550858969494,37.8933342008595],[127.05225099978429,37.8934132007805],[127.05215729808181,37.8912746006717]]],[[[127.2226401995207,37.5399356996481],[127.224365699211,37.54064689874],[127.2248164995992,37.5385632992273],[127.22582430075519,37.5394232001333],[127.2247489001814,37.5395953006957],[127.2243656998485,37.5406469001898],[127.2232188009954,37.5405273003094],[127.2232503997045,37.5414132003835],[127.2226401995207,37.5399356996481]]],[[[126.8614696993787,37.5263204000027],[126.8620966997118,37.5248395995538],[126.86399159914181,37.5246437993825],[126.86511160140351,37.5234838994186],[126.8657401010799,37.524650900189094],[126.86516330062791,37.5260199003359],[126.86347530096711,37.5272190994932],[126.8642241002183,37.527709899002396],[126.8647867001049,37.526991099700595],[126.86527940023761,37.5282507004095],[126.8645771999551,37.5278805009849],[126.864142499979,37.5288518002471],[126.8641128992456,37.527726100837405],[126.8632376987292,37.527851400534104],[126.8614696993787,37.5263204000027]]],[[[126.9405079987602,37.4827394007445],[126.9401979998341,37.4822760997048],[126.941160499272,37.4819221996209],[126.9407207997315,37.4814384995321],[126.9419286000883,37.4805430997356],[126.943811401201,37.4822240005727],[126.94204480103001,37.4824378007157],[126.9424203001982,37.4836125002772],[126.94170009995041,37.482514701076305],[126.9405079987602,37.4827394007445]]],[[[127.0063793992508,37.4451360996221],[127.0070822991809,37.4452535988484],[127.00791059835261,37.443893900208096],[127.00637529986331,37.442770699092094],[127.0080384985864,37.4431020992907],[127.008326999875,37.441676799430105],[127.0081893005279,37.4439362996394],[127.0090947003659,37.4444947005769],[127.0077329004933,37.4442348007941],[127.0076928004165,37.4457642000281],[127.0063793992508,37.4451360996221]]],[[[127.18802759900579,37.607916200321895],[127.1899248994862,37.6068991989528],[127.1903181990929,37.605436000416],[127.1877039978279,37.6043818988599],[127.1898456987647,37.6044017965207],[127.1915080977621,37.601891998061],[127.1935112990948,37.6015228986557],[127.1938658001019,37.59961489936],[127.19351130091219,37.6015228982245],[127.1983865997237,37.604134298998595],[127.2003343009494,37.6030328994812],[127.1961922027503,37.6071072027962],[127.19190880246629,37.607832805558296],[127.1899249006906,37.6068992005278],[127.18814380177851,37.607878299752805],[127.1885345012651,37.6087510008894],[127.18802759900579,37.607916200321895]]],[[[126.8901955986142,37.5077287994753],[126.8915569988394,37.506335499977496],[126.890520100231,37.5057909993511],[126.8922365996074,37.5066923990558],[126.89187739975699,37.5053509998764],[126.89269610113399,37.505235199722804],[126.89305020077991,37.5070851978728],[126.89519800060549,37.5081990002819],[126.893436498892,37.5080689016038],[126.89161059942761,37.509523200831495],[126.89195339942161,37.508590600255495],[126.8901955986142,37.5077287994753]]],[[[127.051609999165,37.4517128996935],[127.0546860978597,37.4481191013982],[127.055861197417,37.44309519846],[127.05971540065501,37.4432289976195],[127.0601507032055,37.4474150010628],[127.0575400008706,37.4500027997933],[127.05849640413079,37.4519485006843],[127.053976801941,37.4502430014091],[127.053169201611,37.452220701367196],[127.051609999165,37.4517128996935]]],[[[127.1581486991452,37.4524903002455],[127.1589517987087,37.4522559990642],[127.1591675002862,37.449875699281996],[127.160919600081,37.4504118995589],[127.1608512003051,37.4509739993709],[127.1616203004774,37.45063169945],[127.1619620008927,37.45142279996411],[127.1604768010492,37.452823699703906],[127.1607263990786,37.4533931008408],[127.1595086999456,37.452100801372794],[127.1581486991452,37.4524903002455]]],[[[126.8673396982293,37.6046125984804],[126.8681801994401,37.602275300464704],[126.8670547004482,37.6019674994657],[126.86844380106929,37.602051099125696],[126.8686086005102,37.6030171991742],[126.870776000776,37.602367598659804],[126.86913880078251,37.6033793001421],[126.86909720082829,37.6050117005367],[126.8683876002047,37.605417701672295],[126.8673396982293,37.6046125984804]]],[[[127.28241009944621,37.6574456004772],[127.2833774003693,37.6582430991987],[127.28626160063871,37.6579943982767],[127.2876971005694,37.6593665989325],[127.2892213002373,37.6593285002314],[127.2876123996052,37.6599787010035],[127.2861615995334,37.6590847011783],[127.2847153002604,37.6592861007308],[127.2846920998259,37.658117400597405],[127.28241009944621,37.6574456004772]]],[[[126.8540739998073,37.5247413005417],[126.855795699715,37.5235312996799],[126.85732320043999,37.5235518994985],[126.8580136005296,37.525822300533704],[126.8559949004163,37.526909700841294],[126.8540739998073,37.5247413005417]]],[[[127.0590728984075,37.844616201597496],[127.0605273010668,37.8432690990575],[127.0609465010952,37.8455183000282],[127.0625165005633,37.8467783995429],[127.06132029983361,37.8476179016221],[127.06028649978231,37.8461225006659],[127.0597546992696,37.8467610003098],[127.0590728984075,37.844616201597496]]],[[[127.0547334992509,37.9004868999482],[127.05796750228241,37.9005733985439],[127.059035200685,37.9028194011917],[127.05802580021819,37.9040598034642],[127.0568338990261,37.903385001525],[127.055809999078,37.9041200008383],[127.0547406996718,37.903184198976696],[127.0557309986815,37.9029860991748],[127.0556644990787,37.9019184996833],[127.0557310007727,37.9029860996568],[127.0568338996698,37.9033849992579],[127.057339399212,37.9005957002006],[127.0556012007707,37.9005080002968],[127.0556213000347,37.9014157003955],[127.0547334992509,37.9004868999482]]],[[[127.1286349992919,37.433382799861796],[127.1292780001143,37.431518999084105],[127.1311250006909,37.4327061001295],[127.1290965000284,37.433823400028004],[127.1286349992919,37.433382799861796]]],[[[126.8814481985996,37.5421536998243],[126.8825422998157,37.54434109919249],[126.8831001002243,37.544206099885294],[126.8821194018462,37.5458846009945],[126.8811474999678,37.546095200582606],[126.8813690002288,37.5449276991315],[126.88266869936629,37.5448829997806],[126.8814481985996,37.5421536998243]]],[[[126.99942729922259,37.4540763978697],[127.0008695977803,37.452823199122896],[126.9999446990903,37.4506715995621],[127.0005610000571,37.4513624975026],[127.0030952000874,37.450584099543],[127.004796400722,37.4482924001547],[127.0030952006398,37.450584099734],[127.0031709007864,37.452899999939596],[127.0020054033053,37.454189801419204],[127.0010952000166,37.4551689003593],[126.99942729922259,37.4540763978697]]],[[[127.10982849964891,37.3947156003717],[127.110993299824,37.3947296989866],[127.1111787002573,37.3936239997536],[127.11268920110261,37.3948600999475],[127.1112378006951,37.3948141011115],[127.11126759995331,37.395930600275896],[127.11099329962211,37.3947297013659],[127.10982849964891,37.3947156003717]]],[[[127.1519321961624,37.4587018022708],[127.14843839860771,37.4574257987419],[127.1501979991492,37.4547466992593],[127.1526124008423,37.455311497201],[127.1522196013199,37.4571063010636],[127.1537600007633,37.459208799651],[127.1519321961624,37.4587018022708]]],[[[126.8794900991899,37.5032851006549],[126.8805527006349,37.5022448994292],[126.8804604002795,37.5033254993206],[126.882673200808,37.505011200093996],[126.8794900991899,37.5032851006549]]],[[[127.0816502984705,37.4850036993866],[127.0828378984667,37.483807398386006],[127.0826993002094,37.4811530990304],[127.0842864028462,37.481388799151496],[127.08527640185619,37.4834877970525],[127.08791860227599,37.4838500016565],[127.08547300069759,37.485208300622],[127.08358800155531,37.4844340009261],[127.0833403003749,37.485493601591195],[127.0816502984705,37.4850036993866]]],[[[126.89459999954259,37.653342599934504],[126.89573010014759,37.6524855000374],[126.89573640032731,37.6535314004569],[126.89459999954259,37.653342599934504]]],[[[126.8736989994789,37.5468684000526],[126.8743304993755,37.547055899624596],[126.8751221006782,37.545667699381504],[126.8765701008216,37.5469819000609],[126.8736989994789,37.5468684000526]]],[[[127.12881209972781,37.450145900597],[127.1288758002506,37.4496123996935],[127.1295892000594,37.4500574000188],[127.12881209972781,37.450145900597]]],[[[126.9088763991814,37.500125700022295],[126.9101919990049,37.5001034991526],[126.9101134990834,37.499390899865205],[126.9116421004626,37.4998104998596],[126.9110751001899,37.500931900599895],[126.91019200043239,37.500103500855005],[126.9101677000433,37.5010707008233],[126.9088763991814,37.500125700022295]]],[[[127.21062279926619,37.549242700759],[127.2105297998602,37.5489696996624],[127.2111522000139,37.549226399991],[127.21062279926619,37.549242700759]]],[[[127.22030049954269,37.540294499869304],[127.22034529990201,37.5392520998629],[127.2213388002082,37.541079200309596],[127.22030049954269,37.540294499869304]]],[[[127.3120574953867,37.6547773022673],[127.31229809828801,37.6531644995823],[127.3144715004657,37.652134699809096],[127.31333870159871,37.6553731049475],[127.3120574953867,37.6547773022673]]],[[[127.47365599886541,37.5054548010142],[127.4759937998523,37.5060224982022],[127.4771117016083,37.504627299073505],[127.4759938021513,37.506022498908],[127.476481799607,37.506957302334705],[127.4751172009716,37.507284002008],[127.47365599886541,37.5054548010142]]],[[[126.8809525989361,37.5134030994233],[126.88243749961619,37.5127707993209],[126.8831511001202,37.5140707985204],[126.88381870168331,37.513735500983806],[126.8831510998357,37.5140708005542],[126.8824374991228,37.5127708013222],[126.8809525989361,37.5134030994233]]],[[[126.8815059995482,37.5148370007865],[126.8820692003221,37.5150021995645],[126.8825559005005,37.5156577000788],[126.8815059995482,37.5148370007865]]],[[[127.00595339992509,37.4360669995784],[127.00611010120821,37.4350594978008],[127.0069493026518,37.4363562980743],[127.00595339992509,37.4360669995784]]],[[[126.866646099432,37.5257993992727],[126.86801410060329,37.524924499053895],[126.8681505006706,37.525469900693096],[126.866646099432,37.5257993992727]]],[[[127.15632379949089,37.4446060999402],[127.1576685003452,37.445024998927],[127.1572475002482,37.4457381004291],[127.15632379949089,37.4446060999402]]],[[[126.8926973989619,37.4978822996382],[126.8934690009679,37.496910498729996],[126.8939800014453,37.4972731994677],[126.89404250078749,37.4979679004121],[126.8926973989619,37.4978822996382]]],[[[126.9293004991808,37.484232499776596],[126.9302529005797,37.4842008996638],[126.929651999965,37.4847360001567],[126.9293004991808,37.484232499776596]]],[[[126.8834548994388,37.415942300243096],[126.8840532020091,37.416945799134304],[126.88426770162259,37.4175817006233],[126.8840531999367,37.4169458007247],[126.8834548994388,37.415942300243096]]],[[[127.02694779798401,37.7522136994646],[127.0273372999767,37.751344399878704],[127.02737279993559,37.751261099618404],[127.0273372998774,37.751344400473],[127.02694779798401,37.7522136994646]]],[[[126.843137898751,37.6128071000068],[126.843576300829,37.6126206001945],[126.8433385006056,37.6129594010604],[126.843137898751,37.6128071000068]]],[[[126.9174449992811,37.495174001223],[126.9188332991579,37.4936843991143],[126.9185649006052,37.4943494995958],[126.9194318004463,37.4945804997893],[126.9174449992811,37.495174001223]]],[[[126.9351977995295,37.5621651002492],[126.93513219997669,37.561858799931606],[126.9352901000984,37.562117900125095],[126.9351977995295,37.5621651002492]]],[[[127.07437159970961,37.4979302005163],[127.07459869970269,37.497707599885196],[127.0744299003313,37.496959599380396],[127.0745987012528,37.4977076003837],[127.07437159970961,37.4979302005163]]],[[[126.883368799429,37.5057416999379],[126.88357229990889,37.505561199544005],[126.88367780017781,37.505753600106296],[126.883368799429,37.5057416999379]]],[[[127.0562758990452,37.9139706990625],[127.05701889935881,37.9138711990795],[127.0570897999916,37.9130158979468],[127.0570189002038,37.9138712008671],[127.0562758990452,37.9139706990625]]],[[[127.12623329962639,37.4525778002112],[127.12672210051299,37.4526828992105],[127.12646490022921,37.4530454003185],[127.12623329962639,37.4525778002112]]],[[[127.1454020992829,37.4605130008029],[127.1467782015241,37.4599246984464],[127.1454021011225,37.4605129998402],[127.1455319002076,37.4606481007308],[127.1454020992829,37.4605130008029]]],[[[126.92266159933659,37.6330789997779],[126.92287380071781,37.6330305999858],[126.9227042003552,37.6331016002637],[126.92266159933659,37.6330789997779]]],[[[127.2239339996471,37.5411947000621],[127.224008500022,37.541465500088904],[127.2239463998427,37.5414751000256],[127.2239339996471,37.5411947000621]]],[[[126.91156089867759,37.5318170998075],[126.9116087997846,37.5317023994112],[126.9116490000288,37.5318342000139],[126.91156089867759,37.5318170998075]]],[[[126.92330269897519,37.492998100156704],[126.9240238006621,37.4922859993254],[126.92496460084179,37.4927501998744],[126.92330269897519,37.492998100156704]]],[[[127.0822894002488,37.746522799648],[127.0824009001373,37.74654079963],[127.0823047999317,37.7467110002321],[127.0822894002488,37.746522799648]]],[[[127.1437479996845,37.4668542001216],[127.1439642005736,37.4671041006967],[127.1435971999511,37.4670876007959],[127.1437479996845,37.4668542001216]]],[[[127.08504759976489,37.7324129998203],[127.08539980016141,37.7325853002221],[127.0852721996716,37.7326719002634],[127.08504759976489,37.7324129998203]]],[[[127.1135366979137,37.4830967990304],[127.11406050022549,37.4823174962162],[127.1140792003728,37.482799799648504],[127.1135366979137,37.4830967990304]]],[[[126.93561270006629,37.6178893999788],[126.935670000009,37.617901399966804],[126.9357011001606,37.6179080003893],[126.9356699998901,37.6179014003459],[126.93561270006629,37.6178893999788]]],[[[127.0101674996661,37.4442506001219],[127.01016750023699,37.444250599064],[127.0101675009479,37.4442505996699],[127.0101674996661,37.4442506001219]]],[[[127.11439319981389,37.6539419993121],[127.1146274001502,37.6543218002815],[127.11439319972999,37.6539420002803],[127.11439319981389,37.6539419993121]]],[[[127.1286040999163,37.4511124001378],[127.1286220000747,37.4511509001967],[127.1286127999654,37.4511312000877],[127.1286040999163,37.4511124001378]]],[[[127.1639047993372,37.6546305014659],[127.165152100092,37.6544439991226],[127.1652084012203,37.6545146997529],[127.1639047993372,37.6546305014659]]],[[[126.88275369963759,37.514525300041406],[126.88282320009121,37.514620700083],[126.8827952996537,37.5145825000528],[126.88275369963759,37.514525300041406]]],[[[127.1557763995063,37.6145063002427],[127.1558979005863,37.614520999772104],[127.1558979001503,37.6145210006339],[127.1557763995063,37.6145063002427]]],[[[127.1773423995546,37.639959100632396],[127.1774625997146,37.6399997996093],[127.177862103453,37.6401093011527],[127.1774625997746,37.639999800919895],[127.1773423995546,37.639959100632396]]],[[[127.0478903999719,37.7387261000094],[127.0478904000581,37.7387260998865],[127.04791769996,37.7388025000786],[127.0478903999719,37.7387261000094]]],[[[126.8898163994797,37.5114071999246],[126.8898164010108,37.511407199232],[126.8898164001374,37.5114072011466],[126.8898163994797,37.5114071999246]]],[[[126.9005898997588,37.5395611999111],[126.9007431999968,37.5394950997739],[126.90074320022059,37.539495100120405],[126.9005898997588,37.5395611999111]]],[[[127.08516009983549,37.691164100403704],[127.0851044996095,37.6908811997538],[127.0851045006036,37.6908811998694],[127.08516009983549,37.691164100403704]]],[[[127.1275698997121,37.659776299784696],[127.1275699006294,37.6597762999561],[127.1275958000966,37.659870400108304],[127.1275698997121,37.659776299784696]]],[[[127.1614401992961,37.6490308998058],[127.1615103998289,37.6488389989725],[127.1614402007161,37.6490309008336],[127.1614401992961,37.6490308998058]]],[[[126.8467419990922,37.531751900125805],[126.84674200077261,37.5317518997844],[126.84674200050951,37.5317519011024],[126.8467419990922,37.531751900125805]]],[[[126.9008244999407,37.5398725001778],[126.9008054997866,37.5398813998887],[126.9008245002792,37.5398724998805],[126.9008244999407,37.5398725001778]]],[[[127.1046383996078,37.4951138996726],[127.10470529998241,37.494969799885],[127.1046383998398,37.4951139003373],[127.1046383996078,37.4951138996726]]],[[[127.2087996998221,37.7237484000653],[127.2087997000411,37.723748399806496],[127.2088802002119,37.7237802001612],[127.2087996998221,37.7237484000653]]],[[[126.86564589984161,37.5124798999989],[126.8656458999494,37.5124798996555],[126.8656459002924,37.512479900114904],[126.86564589984161,37.5124798999989]]],[[[126.8789011993993,37.5022244998261],[126.878901200206,37.502224499456794],[126.8789011997788,37.502224501715496],[126.8789011993993,37.5022244998261]]],[[[126.8835365988115,37.5434567000576],[126.8835365995393,37.5434566987552],[126.8835366007139,37.5434566994185],[126.8835365988115,37.5434567000576]]],[[[126.9365399999104,37.5619297999108],[126.93654000011189,37.561929800038],[126.93653999999559,37.5619298001047],[126.9365399999104,37.5619297999108]]],[[[126.94047919959449,37.5176449001983],[126.9404792001466,37.517644899713],[126.9404792001606,37.5176449001473],[126.94047919959449,37.5176449001983]]],[[[126.9681184998267,37.5911953002514],[126.9681184993302,37.5911952997996],[126.968118500773,37.5911953000386],[126.9681184998267,37.5911953002514]]],[[[127.0799025994786,37.4827048002389],[127.0799025999461,37.482704799423],[127.0799026010502,37.4827047997034],[127.0799025994786,37.4827048002389]]],[[[127.1075719995823,37.4987044996655],[127.107572000231,37.4987045004113],[127.1075719995073,37.4987045003514],[127.1075719995823,37.4987044996655]]],[[[127.1140311995429,37.611282300338296],[127.1140311997551,37.6112822994552],[127.114031200718,37.6112822996699],[127.1140311995429,37.611282300338296]]],[[[127.1156894997506,37.6647879998471],[127.1156895005419,37.664787998982405],[127.11568950009931,37.664788000121],[127.1156894997506,37.6647879998471]]],[[[127.1323773994862,37.6008150998068],[127.1323774000187,37.6008150992848],[127.1323774003197,37.6008151001842],[127.1323773994862,37.6008150998068]]],[[[127.1534158994214,37.656259900719],[127.1534159003225,37.6562598981509],[127.1534159016727,37.6562598989816],[127.1534158994214,37.656259900719]]],[[[127.1944452996495,37.7192213997645],[127.1944684998528,37.719115099763606],[127.1944452998591,37.7192214005371],[127.1944452996495,37.7192213997645]]],[[[127.442932899666,37.513506600975596],[127.4429329001881,37.5135065986631],[127.4429329010876,37.5135066005092],[127.442932899666,37.513506600975596]]],[[[126.9316723996617,37.6213448998085],[126.93167240059739,37.6213449001079],[126.9316723997989,37.6213449006276],[126.9316723996617,37.6213448998085]]],[[[126.9364287999387,37.5616077999214],[126.9364288001296,37.5616078001561],[126.9364288000135,37.561607800206595],[126.9364287999387,37.5616077999214]]],[[[127.1320536996713,37.640917300016696],[127.1320537007856,37.6409172996199],[127.1320537000263,37.6409173002868],[127.1320536996713,37.640917300016696]]],[[[127.1413811980856,37.5123731012984],[127.1413811982549,37.512373099009196],[127.1413812001037,37.5123730989584],[127.1413811980856,37.5123731012984]]],[[[127.15509349970081,37.5673247997318],[127.1550935018776,37.5673248000965],[127.15509350082951,37.5673248012833],[127.15509349970081,37.5673247997318]]],[[[127.15887959947531,37.6083610004628],[127.15887960012181,37.6083610000067],[127.1588795998697,37.6083610006358],[127.15887959947531,37.6083610004628]]],[[[127.1617278994391,37.650110299478804],[127.1617279004284,37.6501102997542],[127.1617279001334,37.6501103004369],[127.1617278994391,37.650110299478804]]],[[[127.1685584998684,37.5632462998997],[127.1685585001691,37.563246299861],[127.16855850021031,37.5632463001251],[127.1685584998684,37.5632462998997]]],[[[127.3090169994347,37.653129298902805],[127.30901700063579,37.6531292994405],[127.3090170001481,37.653129300813205],[127.3090169994347,37.653129298902805]]],[[[126.9582963995009,37.5054242999712],[126.95829640030419,37.5054242997068],[126.9582964000977,37.5054243002297],[126.9582963995009,37.5054242999712]]],[[[126.9807467996893,37.6119055997112],[126.9807468010171,37.6119056008155],[126.98074680007231,37.6119056004356],[126.9807467996893,37.6119055997112]]],[[[127.06231239991159,37.6560754999829],[127.06231240002569,37.6560755000033],[127.0623123999816,37.6560755000565],[127.06231239991159,37.6560754999829]]],[[[127.1248863995442,37.4406768001241],[127.1248864004138,37.4406767997222],[127.12488640000049,37.4406768001298],[127.1248863995442,37.4406768001241]]],[[[127.1481414996449,37.6358756000478],[127.14814150028239,37.6358755999949],[127.14814149975379,37.635875600721],[127.1481414996449,37.6358756000478]]],[[[127.2082007998317,37.5479583000159],[127.2082008002518,37.547958299507094],[127.2082008001084,37.547958300249995],[127.2082007998317,37.5479583000159]]],[[[126.93809159965261,37.513465199871796],[126.93809160005921,37.5134651999806],[126.9380915997544,37.5134652008239],[126.93809159965261,37.513465199871796]]]]}}]}