{"type":"FeatureCollection","features":[{"type":"Feature","properties":{"interval":15,"stationId":"3832931179"},"geometry":{"type":"MultiPolygon","coordinates":[[[[126.9638774991209,37.5299852000761],[126.96406369955099,37.5285921986545],[126.96514019903739,37.5279968989216],[126.9646706995707,37.5266309996137],[126.9655455009122,37.5259727994524],[126.9662072003243,37.5271697983364],[126.9677616014914,37.526980099111405],[126.9687768008534,37.5287904990289],[126.9702459994418,37.528330699405],[126.9714153008142,37.5301171996497],[126.97238690039781,37.5300027997652],[126.97163430095141,37.5308122998579],[126.9733185003313,37.5312840996307],[126.97462780073519,37.533194399344296],[126.9753892999737,37.5326489998897],[126.9773000006942,37.5332832995136],[126.97832220020709,37.534819500633496],[126.9774895003021,37.5346461004939],[126.9773329007123,37.5356951001167],[126.9759948999622,37.5365124006808],[126.97556849957489,37.5356175005095],[126.97452350061991,37.5355586005684],[126.97501620022899,37.5376608002776],[126.9742997002009,37.536743901048595],[126.97436920014229,37.5377882001794],[126.9738390003331,37.5376053005061],[126.9729330012391,37.539570898540504],[126.9743412002999,37.5416696001319],[126.9735553006348,37.5426112003339],[126.9733818003362,37.5452646995546],[126.97510770065209,37.5454798996495],[126.97550010025971,37.5466195985098],[126.9768494993888,37.5457071994779],[126.9792482015584,37.5460528981992],[126.9777184004676,37.5487427995122],[126.9796602003324,37.5493348999031],[126.9807261002981,37.5517252992286],[126.9831793034422,37.551082101706704],[126.983927301164,37.555538399848004],[126.9857409004824,37.5557382976704],[126.9858876019436,37.556684999478904],[126.9879043999268,37.5574139987499],[126.9889120996089,37.5564184955735],[126.9895814999204,37.5591268994238],[126.9908482012526,37.5589723980504],[126.9932515997529,37.556695099418796],[126.998133800646,37.5585770994063],[126.99860610035431,37.5610002993345],[126.9997310003245,37.560441299592604],[127.0000622001821,37.562277099324305],[127.001235900138,37.562786099718096],[126.99827070024911,37.5647329005833],[126.99929710067521,37.5666316995828],[127.0008447005733,37.5670615002735],[126.9996346000592,37.5673508001558],[126.99902859996111,37.5687002001831],[126.9955413003704,37.568753700673604],[126.99552530036999,37.5707774001231],[126.9943703006436,37.571038800458595],[126.9947412005347,37.5720664999766],[126.9935033008221,37.572297700355],[126.9922077012152,37.5742903006362],[126.990083199716,37.5742987003417],[126.9895364996536,37.5728470008447],[126.98842719943251,37.5725514004272],[126.9893255994955,37.5711044002892],[126.9885825995934,37.5703283998464],[126.99243679946599,37.5681811990955],[126.9925733993294,37.5669222003545],[126.9911979996904,37.565800100538695],[126.99208339899769,37.5658412996996],[126.992152098929,37.5651153004256],[126.9913771997039,37.5645038010371],[126.9888180003116,37.564922000421404],[126.9879361999799,37.5642957005185],[126.9877004999401,37.5662184004444],[126.9869482002111,37.5653646007596],[126.982722600135,37.5675020001079],[126.9829346005602,37.5686011991244],[126.9844472001977,37.569191499660405],[126.9844485006511,37.5701030994576],[126.9857504000955,37.5701256999482],[126.9830595006712,37.5716453008994],[126.9830431999554,37.5723613005363],[126.9827493997096,37.5715657004805],[126.9818527996063,37.5716032999531],[126.98214439931469,37.5704000011564],[126.9803736991727,37.570264700143],[126.9812059998947,37.570131299531496],[126.9827225993276,37.567502000485696],[126.9797857006931,37.5668776004455],[126.97924950056239,37.567881100002],[126.9773469000701,37.568040200808696],[126.97721990024229,37.5688837002186],[126.9746441994458,37.5668984015816],[126.9768032988465,37.5665372992523],[126.9769577996137,37.5652180997844],[126.97231049936,37.5631653007082],[126.9745843994638,37.5600200004694],[126.9728700001461,37.559710000923204],[126.9714471998449,37.5625237003319],[126.9704071997335,37.561097601126896],[126.9696751998923,37.562121500162206],[126.9680445991356,37.5593260999242],[126.9693266999774,37.5586300995504],[126.9705431987609,37.5595371986433],[126.9717974975066,37.558199499981],[126.9712699980341,37.557190000990495],[126.96988209935361,37.5567141005799],[126.96884679951489,37.5572587006289],[126.96945979970229,37.5565826002761],[126.96858889981701,37.556453500007606],[126.9690543998914,37.5554402998375],[126.97141049987161,37.554938299397904],[126.97315879929249,37.5522607002546],[126.9715770983601,37.5495150013446],[126.9697316002056,37.549980500879094],[126.9695369998263,37.5509011007795],[126.96818159952929,37.550333700209],[126.9676437992578,37.5466471004228],[126.96628229956501,37.5465126999513],[126.9662143997958,37.5454748002243],[126.96468729933619,37.5454667998797],[126.9661255993445,37.5441512997592],[126.9654574994529,37.5435016999782],[126.9661255996407,37.544151298955406],[126.9675875998694,37.5429912996782],[126.968288399361,37.539597899475496],[126.9690472995713,37.5402176991589],[126.9708529999847,37.538910799181195],[126.97085040044131,37.5407801986362],[126.97312249971141,37.540315299244405],[126.9724616003723,37.537435702124],[126.97133189940459,37.536567400452405],[126.9702782998938,37.533519701833],[126.9674886991725,37.530902901954704],[126.9681784991421,37.5309988992418],[126.9677661995544,37.529823900416794],[126.9665407001733,37.5296072002941],[126.9667300000648,37.5306300000353],[126.9660038000539,37.530816700084806],[126.96602089908511,37.5291716016816],[126.9647861003199,37.529175101678106],[126.96445989958309,37.5304383008836],[126.9638774991209,37.5299852000761]]],[[[127.0038454988603,37.56428910033561],[127.0036438993057,37.5634547994959],[127.00573589955191,37.5632859992108],[127.0065551998932,37.561624799501296],[127.0072445004462,37.561884499897594],[127.0070555001963,37.5630484997115],[127.0086862999614,37.5621820995274],[127.00902030057111,37.5634421995982],[127.0111098007807,37.56430549976611],[127.0111873000865,37.5656822000581],[127.01001370062261,37.5656726999658],[127.0114155002241,37.566126599700496],[127.0114632002272,37.5670126001396],[127.0100868001541,37.568284499879894],[127.0123895002571,37.5719847000776],[127.0087925001593,37.5734909008248],[127.00812189992871,37.5724922002961],[127.0070570990911,37.5734309001072],[127.0072100994186,37.572512299752],[127.005716099339,37.571057399329],[127.0067241995404,37.570337099383806],[127.00707400067141,37.571179999752],[127.0088565995968,37.5709794995287],[127.0092786992871,37.5701277002752],[127.0084091996278,37.5698033002043],[127.00916639919859,37.5697098995619],[127.0090595994369,37.568370600281],[127.0083472995994,37.568356599871905],[127.0083335995195,37.5675485003145],[127.00664519997389,37.5680707007859],[127.0061365994984,37.566955401311],[127.0047190997513,37.5674005000719],[127.0037333995235,37.566845200163606],[127.0038454988603,37.56428910033561]]],[[[126.9830101998397,37.575898500392604],[126.98479260019401,37.5751213997208],[126.98435390091561,37.5759936993095],[126.9854889997805,37.5765163987868],[126.98675860024291,37.5751096994885],[126.98753230062489,37.5776575000057],[126.9855059997707,37.5782186005766],[126.985488999667,37.5765164013484],[126.98409220008051,37.5777503001976],[126.9840489995271,37.575888400191],[126.9830101998397,37.575898500392604]]],[[[126.9717542996266,37.523334999986105],[126.97283250056229,37.5211683989061],[126.97442960038589,37.5225548999593],[126.97340360001469,37.522264200063105],[126.9717542996266,37.523334999986105]]],[[[126.9856943989829,37.5349345000755],[126.987830000208,37.534149999502695],[126.9863821000869,37.5352663002821],[126.9856943989829,37.5349345000755]]],[[[126.9725743995122,37.5657145994954],[126.973471600214,37.5651449993483],[126.97344550043199,37.5654413004448],[126.9725743995122,37.5657145994954]]],[[[127.0007952992591,37.5822877998713],[127.0024720004943,37.5817649999983],[127.0017210007597,37.5832942005581],[127.00192009882781,37.5824838001556],[127.0007952992591,37.5822877998713]]],[[[127.0191991994313,37.565653399975204],[127.020442600331,37.5655760996534],[127.0196471999971,37.5662026003329],[127.0191991994313,37.565653399975204]]],[[[126.9739497995296,37.5759158999216],[126.9743277009415,37.5753655990681],[126.9745727005304,37.575973500158305],[126.9739497995296,37.5759158999216]]],[[[126.9768133995068,37.5214530005713],[126.9773175001935,37.521720899946],[126.976940499942,37.5216843001613],[126.9768133995068,37.5214530005713]]],[[[126.9727716996739,37.5648016999695],[126.9728478008378,37.5648087996845],[126.9727556998608,37.564833400144195],[126.9727716996739,37.5648016999695]]],[[[126.9674837993763,37.554898100601406],[126.9674837997857,37.554898099400404],[126.9674838002023,37.5548981002781],[126.9674837993763,37.554898100601406]]],[[[126.97061959958731,37.5368594000624],[126.9706047000319,37.5367913997772],[126.9706196001169,37.536859400160395],[126.97061959958731,37.5368594000624]]],[[[126.9695144997415,37.526399600648396],[126.96951450071731,37.5263995987807],[126.9695145014793,37.5263995999538],[126.9695144997415,37.526399600648396]]],[[[126.9806457001407,37.5027276993348],[126.98064569935529,37.502727700661104],[126.9806456988844,37.502727699458404],[126.9806457001407,37.5027276993348]]],[[[126.9677785999075,37.555137200039],[126.9677786003925,37.555137199904095],[126.9677786002851,37.5551372005059],[126.9677785999075,37.555137200039]]],[[[127.01654259960209,37.5731872998552],[127.0165426005713,37.5731873000766],[127.01654259998489,37.5731873001502],[127.01654259960209,37.5731872998552]]],[[[126.9652876997811,37.531886300045194],[126.9652876999427,37.5318862998275],[126.96528770009171,37.5318863000429],[126.9652876997811,37.531886300045194]]]]}},{"type":"Feature","properties":{"interval":30,"stationId":"3832931179"},"geometry":{"type":"MultiPolygon","coordinates":[[[[126.9099275995829,37.5488423003412],[126.9104001989616,37.5475786997387],[126.9122173995229,37.547312199435304],[126.91203129940449,37.546312099551905],[126.9127244996816,37.546153799596],[126.9130995005883,37.547068599191405],[126.91450000025431,37.5466595993791],[126.91638680045409,37.5483457993264],[126.9177060997701,37.5480597994953],[126.9195761991747,37.5453310984925],[126.921164099978,37.5452060980235],[126.9222062989462,37.5440377991764],[126.9251679000982,37.5447672991913],[126.9266145000855,37.5460590996709],[126.9284589995971,37.5456456997049],[126.93037150005121,37.5431442993099],[126.9320378999775,37.5443595988787],[126.9348013993791,37.5436330993663],[126.9356269003668,37.544684699101595],[126.9368926995671,37.5437947995928],[126.936819200861,37.5422306993884],[126.940357499666,37.542667099140104],[126.9418717997991,37.5420360996066],[126.9412010995091,37.5396751999702],[126.9421978992178,37.5395574999242],[126.9407327998565,37.538947599915],[126.9420554999502,37.5369307998067],[126.94370159875899,37.536879899426005],[126.9436358996728,37.5350162997752],[126.94394769982439,37.535483399330296],[126.9466513001194,37.5344763996297],[126.9479703000244,37.5356142988902],[126.94876560033511,37.5347328995775],[126.9496583996829,37.5349199992197],[126.949990900047,37.5363696992203],[126.95140170060081,37.535821599761896],[126.9513213006812,37.536727498855996],[126.9524036994199,37.5350131999867],[126.9522948995287,37.5343586006413],[126.95123169936909,37.5344767996036],[126.952294899572,37.5343585994992],[126.95268109918581,37.533306500551305],[126.951301299259,37.5328403003385],[126.95215249926879,37.531843399447],[126.9517489995528,37.530622400164496],[126.95238829979199,37.529508299873406],[126.9532008998571,37.5300211997703],[126.9544867994821,37.5295383989546],[126.95509719961319,37.5274528006707],[126.9539048994793,37.525155199880004],[126.9561508994997,37.523944299410594],[126.9558687985824,37.5219008007878],[126.9572218987795,37.5216748974007],[126.9573858986155,37.518534600541],[126.95850459900589,37.5182571998688],[126.9582651983448,37.5169589969341],[126.95948660151831,37.5174839940763],[126.9597124022141,37.5210462989592],[126.9618906005961,37.5202487994882],[126.965770096754,37.5205427991811],[126.9689243000292,37.5191301979616],[126.96915489979861,37.5172119998798],[126.9731103967261,37.515571391828196],[126.97224059759591,37.5067409006587],[126.9767786988832,37.5059751990452],[126.97649829916361,37.5042702007502],[126.9750783994128,37.5045585011096],[126.9742324994559,37.5033899996033],[126.9757419001734,37.5027129988046],[126.97677220030769,37.503155998240295],[126.9776705998875,37.5015037995149],[126.9788764995067,37.5023019990808],[126.9800486997751,37.5007714977664],[126.9823139999236,37.501876499721],[126.9840722983366,37.5003166997311],[126.9844740986223,37.4983321999454],[126.9832033001267,37.4973689998502],[126.9863634001965,37.49757549968611],[126.9867077002273,37.4983132994954],[126.9874769998994,37.4974978995809],[126.9879312002612,37.4986957995537],[126.989224000308,37.499030599169394],[126.99102770034631,37.498170999986996],[126.9907409006292,37.4991814996376],[126.9916216017244,37.4998901011557],[126.99115470059239,37.5020813988051],[126.9933209000135,37.502663198556704],[126.9967701995731,37.499292499283406],[126.99787070076091,37.5003861998122],[126.9979976009095,37.502508999966906],[126.999437200614,37.5028559994941],[126.9992562006413,37.5034332996229],[127.0027093997043,37.5030066992097],[127.002552399946,37.501618898708294],[127.006094100477,37.5029415989954],[127.00674120065709,37.5021750991653],[127.00802230068739,37.5043418001562],[127.0055487007389,37.5037437008339],[127.0047470010321,37.506003699637304],[127.0084812999106,37.5071053992406],[127.00979530025019,37.5059196995318],[127.0101801001623,37.5076836000854],[127.00874520043851,37.5078138009263],[127.0081179001037,37.509017200901404],[127.0041260014429,37.508596901281],[127.0020892994981,37.5107717009881],[127.0016522995695,37.508679299999294],[127.0007513004705,37.507497301181296],[126.99990439963601,37.5077054002346],[127.00104519980259,37.505346000124],[126.9953026011113,37.5054551010576],[126.9926808997206,37.5067400007769],[126.9924207993714,37.5041841013534],[126.987980300565,37.5024320029736],[126.98731360123169,37.5023149030907],[126.9855941019248,37.5047644011581],[126.9868494006695,37.5066262992962],[126.9883262002191,37.5063360990695],[126.9879906987432,37.5075492078476],[126.9853333988917,37.5064730006469],[126.98559759893931,37.5049780018238],[126.98225230228459,37.5043262024756],[126.9808113001508,37.5065723082724],[126.9780711013287,37.5054134008368],[126.9767787026211,37.505975200275],[126.9779930014068,37.5153373909128],[126.9789962008069,37.5152461911187],[126.9797166014438,37.5162865004058],[126.9794681016923,37.5181341985581],[126.982792300294,37.516556199055195],[126.9830336004254,37.5198066997499],[126.98401119944779,37.5201710993855],[126.98677509890581,37.5189683999922],[126.9849458992875,37.517857299889904],[126.9848359993974,37.5165664011808],[126.9862724996874,37.5169615993402],[126.987653898718,37.516023800146],[126.9867556999782,37.515509699887104],[126.9878880039032,37.5155028936073],[126.98812240170119,37.5172520996482],[126.9912180986055,37.5183859985143],[126.9923807024204,37.517183595206404],[126.9925151014238,37.518043299825905],[126.9954125002815,37.5196098000727],[126.9943528007384,37.5189642009155],[126.9945409005503,37.520199999679704],[126.9975144998231,37.5213331991518],[126.9975832985703,37.5204872948888],[126.9975145004232,37.5213331996057],[127.000788500583,37.5229619993562],[126.9987204995278,37.523021701631905],[126.9963113004806,37.524395900856305],[126.99754230058821,37.5263184994295],[126.9994073003206,37.5260703996748],[126.999699000541,37.5274858986441],[127.001179100337,37.5259028996514],[126.9996990025411,37.527485899289005],[127.0026771995629,37.5271154996594],[127.0030104066547,37.525774194828],[127.0073117001036,37.5283227996171],[127.008242700178,37.5291107999806],[127.00777430055689,37.5298018997036],[127.009262200312,37.5302103999314],[127.00690610099319,37.5327431993764],[127.0081955001384,37.532630999564404],[127.0081739005051,37.5342479001729],[127.0067594999548,37.5342925004376],[127.005896100116,37.535316100407805],[127.00541390068439,37.5365779997814],[127.0064979009561,37.5371848005142],[127.00590340036189,37.5383319000738],[127.0039264001297,37.538819500659805],[127.0044534001864,37.5408233988492],[127.00617260086,37.5423250992107],[127.006281900649,37.5438548981995],[127.00767740057991,37.5445945998066],[127.00862760009889,37.5464639997977],[127.00784620077431,37.546720799988904],[127.0083108003097,37.5475559991537],[127.0106478985185,37.5467868999964],[127.01380829788219,37.5440879995049],[127.0115530992352,37.5426180996664],[127.0111310996664,37.5411147003973],[127.0103355999,37.5416691007795],[127.011465699238,37.539699799809604],[127.0144639003241,37.5407589992641],[127.01609599930251,37.5399613992547],[127.0160407989743,37.538019999670105],[127.0201215007675,37.537420792302896],[127.0206221034719,37.542003201439],[127.02340680081521,37.5439054000274],[127.0231921995377,37.5445894005291],[127.0229098989665,37.543536600727606],[127.020622099979,37.5420032013873],[127.01881500178611,37.5424296009609],[127.02024170028609,37.546433799310805],[127.02148130000191,37.547015898565895],[127.0227739998175,37.5459556992322],[127.0240452014834,37.547768099631696],[127.0256100003745,37.547579999833104],[127.0260955003416,37.5494510989583],[127.0277976000272,37.5497659985055],[127.02878870045771,37.5489418986236],[127.03047929955649,37.5497995996561],[127.03021130028431,37.5477676982681],[127.0333880002415,37.548775297149],[127.0332286016217,37.5508161995524],[127.0354248998633,37.5512989998202],[127.035947301971,37.550682998536196],[127.036193200218,37.5522392006702],[127.0337360998923,37.5526251003024],[127.03261809950439,37.550646801054306],[127.03185539904939,37.5502483004917],[127.03034149986591,37.5511313002127],[127.0298466991753,37.5495015006099],[127.0286974999542,37.549260600237595],[127.0278263001491,37.5499485001295],[127.028164200701,37.5537068995415],[127.0302524995802,37.555937198423905],[127.0328886995966,37.553261399247894],[127.0341668998612,37.5541732991543],[127.0347296006295,37.553545999512195],[127.03501280005,37.5547785996156],[127.0362437001955,37.5543821993125],[127.03742029992809,37.5558116987349],[127.03947839787,37.5543485001981],[127.038412899105,37.553443800453294],[127.0369404996841,37.5537967992491],[127.03927089880321,37.552960498923596],[127.0420754976098,37.5505706987388],[127.04057299975,37.5479349000451],[127.0395840999219,37.5480518000222],[127.0407755997228,37.546767600095905],[127.03834659981369,37.545859900041904],[127.0386614998271,37.5453580002277],[127.0373593997226,37.5438743004083],[127.0403656991634,37.5435555997718],[127.0400354994936,37.542475400852],[127.0393209991343,37.5430212002095],[127.0388157985726,37.5422809002263],[127.0395417005988,37.5411808979243],[127.0404670006927,37.541736897554095],[127.0438207993362,37.5404707995469],[127.0437411994158,37.5394392005785],[127.0423131988465,37.5388614004296],[127.0425241993009,37.5381652996073],[127.0444665011038,37.537795800140195],[127.0446340009363,37.539797298138694],[127.0459220996482,37.539376798559196],[127.0460155007325,37.5384693990543],[127.04649120047151,37.5392084989965],[127.0472834008512,37.5389858990225],[127.04807960067379,37.5406428988344],[127.0496100008439,37.5402299997847],[127.04906940199649,37.5428945991425],[127.0507653003006,37.543800698236396],[127.0528294982364,37.5432044988326],[127.0551000001695,37.5393891993639],[127.0580477009688,37.541620798851795],[127.0594637008838,37.5411947994055],[127.06016830108621,37.542677898828],[127.06160480097729,37.5422566988532],[127.0621345014649,37.5433948995354],[127.0610576014123,37.544549599568505],[127.061409901406,37.545290999573396],[127.0593892005805,37.547234900712496],[127.0599513000373,37.5481864001313],[127.0583131013804,37.5488025029497],[127.0559048001811,37.5478981015358],[127.05568269921291,37.5485981004226],[127.05432829929289,37.5457168006708],[127.0521000013499,37.5456917008533],[127.0531184009634,37.5477372992788],[127.0511931012593,37.5484350005939],[127.05164210110779,37.549572600743495],[127.0503154018109,37.5511965996203],[127.0503262024779,37.5546651987177],[127.0509432018609,37.5557831975997],[127.05276520278049,37.5559790003005],[127.0492227001347,37.556079700142895],[127.0469427003632,37.557140400111905],[127.046685800755,37.5584530005795],[127.0448006998697,37.558582300804595],[127.04370100096939,37.5599719994149],[127.0442152006771,37.5611090995662],[127.0451371006154,37.5611364000209],[127.0434228014247,37.5623165003078],[127.04433180051569,37.5636576989666],[127.0458871007696,37.563128899510005],[127.0454249009389,37.5636949999947],[127.0462349005518,37.56559269886171],[127.0474802993064,37.5650944993599],[127.04690119947749,37.5639854997347],[127.0481744002265,37.5638604998926],[127.0479245009158,37.5644732996805],[127.0496647991755,37.565576998576795],[127.0503626984776,37.564309199844594],[127.0500384992965,37.562868900022295],[127.048719399709,37.562405400068705],[127.04925559937489,37.5617103005468],[127.0481910998968,37.5610766995775],[127.0499774002665,37.561237598573896],[127.05138759972739,37.5624979992319],[127.0518929005465,37.561634499455195],[127.0528430996962,37.5622214994318],[127.0521819006987,37.5631613006137],[127.0527122000053,37.5645631998024],[127.05318390022089,37.5640187993537],[127.05459960008861,37.5640424989608],[127.0543382004533,37.5650137993686],[127.0556524007598,37.5645309996599],[127.0562043001705,37.5664580001434],[127.0538073001188,37.566837000487],[127.0538361001689,37.56905600069901],[127.0528361000612,37.5691002002596],[127.05328639935381,37.5685807001584],[127.05258120005901,37.5682388005003],[127.0522222998973,37.5692383002825],[127.0498351994372,37.5692607003365],[127.05105899845789,37.5666946991511],[127.04792450159239,37.5644733013725],[127.0474482005289,37.5690737996216],[127.0485482000227,37.5697677003455],[127.0472248990423,37.5693513991828],[127.0477548985123,37.5676408008934],[127.0454825007847,37.5683900001442],[127.0450161012511,37.5695295990046],[127.046795100288,37.5698781999738],[127.04499990000049,37.570736201058295],[127.04458839969199,37.5702561014127],[127.0437901993147,37.5716313009766],[127.0446962982028,37.569439400923],[127.04371449918459,37.568386101976294],[127.0382468011174,37.5695815997874],[127.0401031003339,37.5703903999361],[127.04005740097699,37.5713138996972],[127.04271299990451,37.5718603992705],[127.0422733002698,37.573314599420804],[127.0434782000216,37.5756330992503],[127.04731790022369,37.576071399937895],[127.0465092006676,37.5760845002099],[127.0464604001422,37.5767155997644],[127.0472366002091,37.5763309998975],[127.0470129002278,37.5775158003038],[127.04501499980621,37.577420700098195],[127.04563200006899,37.5766910000593],[127.0441743006469,37.5777517997671],[127.0449472005362,37.5793131987266],[127.0474361002583,37.5803010998367],[127.0475325004433,37.582002699426894],[127.04889390050529,37.58252069957631],[127.0504307004915,37.584580400594604],[127.0432610004276,37.586193201142095],[127.0416284994193,37.5848489002181],[127.0416960987282,37.5836379002653],[127.038595800097,37.5834426008699],[127.0367900002709,37.5859200004926],[127.0359878997063,37.584959900674],[127.0345149008516,37.5854744004924],[127.0350315001166,37.5876890993848],[127.03620379994669,37.5866284999135],[127.0376532998163,37.5874778991824],[127.03842160030611,37.586805199876004],[127.0384083013905,37.5892502995396],[127.0406118003513,37.591267999412096],[127.0364381008361,37.593308901091696],[127.0358877999533,37.5946382001965],[127.0339120993045,37.5917303006087],[127.03466349958259,37.5896590003402],[127.0339238000405,37.5888712004471],[127.032126900257,37.589146900320905],[127.0324408002087,37.590006700078106],[127.03073539978129,37.590640200369606],[127.02995920004909,37.5898306009727],[127.0290158001733,37.5908128004788],[127.0267672998208,37.5901941999665],[127.02662529985601,37.588941800019],[127.0258643991589,37.589179600533804],[127.0259378993124,37.5881006007291],[127.02464620011311,37.5872010016402],[127.0235409012184,37.5880546007866],[127.02414300022889,37.589272900170094],[127.0230940004536,37.5888990007697],[127.0222249013227,37.5896861999825],[127.0241517008822,37.594608999651996],[127.02274770149009,37.5955734001583],[127.021941200803,37.5976448001214],[127.0225788002823,37.5985833993966],[127.0237584022115,37.5979121988004],[127.0260067013067,37.601686597623804],[127.0282985999931,37.601090299019106],[127.02887710033261,37.6014955997019],[127.0283951004413,37.6019700997796],[127.0293179995184,37.6020984996512],[127.0298270998239,37.600954800628394],[127.0287354996062,37.5994612997969],[127.0293660001759,37.5991655991358],[127.0291212006679,37.600757599668505],[127.0307815001895,37.6006427994482],[127.0332411004071,37.603296999912494],[127.0322162005931,37.6033399002524],[127.0330587002989,37.6043658998532],[127.031662900481,37.6055925003337],[127.0316631004808,37.606257999668195],[127.032914300193,37.6064895003577],[127.0310705005093,37.6073206016202],[127.03063400094581,37.6088884000524],[127.0322431998635,37.610192999561406],[127.0319851995946,37.6092191997216],[127.03357150010609,37.6095319997493],[127.03348390056779,37.610714399216896],[127.0345215001626,37.6099516996369],[127.034690400374,37.6153491999736],[127.0294685997951,37.6184901005468],[127.027105099501,37.6177280004957],[127.0253105997737,37.615614200274905],[127.0272767993758,37.6125806011732],[127.0247498991944,37.612126099814596],[127.02727679913579,37.6125805977515],[127.0285367983835,37.6111115989407],[127.0285766983436,37.609099300953],[127.0279066990136,37.608405701646596],[127.024541199395,37.6093619003164],[127.0256789985489,37.609026399779],[127.0240811001468,37.6080080007974],[127.0233628996658,37.6100837006763],[127.0217923995011,37.6097484014365],[127.02180899915611,37.6083775007735],[127.02044309918459,37.6089100004418],[127.0209556983648,37.6081808003675],[127.01917689799771,37.605359300728004],[127.019835399228,37.6048221979726],[127.01916489989851,37.6026393001555],[127.0178063003358,37.603034601493704],[127.016989700317,37.6023297003243],[127.0162801001528,37.6040286008067],[127.0135408002959,37.6058319008175],[127.0133565991755,37.604901900419705],[127.01058929982351,37.6050788012467],[127.0110704982813,37.603173600298895],[127.010323699283,37.6021751992839],[127.01132429957809,37.601340499817596],[127.0116556008075,37.6024738990816],[127.0137353987277,37.602059499496],[127.0125745998284,37.6007928000267],[127.0136401994335,37.600455699751095],[127.0125219988888,37.5997283000799],[127.0133334982935,37.598677700487],[127.0125274990995,37.5974366017281],[127.0109167007103,37.5979460012187],[127.0113230000878,37.5991670006412],[127.0109166998687,37.5979460008617],[127.00957529999569,37.5985613005527],[127.00966529959929,37.5964966019105],[127.00734439878849,37.5932470021776],[127.00568430044859,37.594042001382604],[127.00478440053861,37.5936357015382],[127.002900400889,37.5948749021129],[127.0026452011442,37.5962830007048],[127.00036459983589,37.5945477009859],[126.9995881004933,37.596454801474195],[126.99765630008321,37.5960496009417],[126.99621519994669,37.59355130004],[126.9958454995341,37.5940908002219],[126.99642609901589,37.5918081994386],[126.99581229962969,37.5908262004206],[126.9926987997428,37.5903695004636],[126.99292659950561,37.5897255005772],[126.9915992991162,37.5895841004652],[126.9903163995354,37.5869105009069],[126.986656398752,37.589019803133205],[126.9861826991658,37.5876033012382],[126.98347890047549,37.5875911008348],[126.98224740011261,37.586431000759],[126.9817061997314,37.5869645007488],[126.98066779989051,37.5862763006292],[126.9818045988563,37.5852001002939],[126.98037210028879,37.5845028009912],[126.9793513996159,37.5849683005848],[126.9792078000166,37.5832898003896],[126.9754166995802,37.5837618006565],[126.9749579990518,37.5830084008759],[126.97291040054421,37.5838731000906],[126.97296370013129,37.586751400567096],[126.9699908996504,37.5861435010776],[126.96976449895169,37.5846980015884],[126.9685090995397,37.584077601914004],[126.9662982996428,37.584429900330704],[126.9639196981783,37.5820936004392],[126.96395429807829,37.5804550012942],[126.9589747003747,37.5805263020682],[126.9583586000396,37.5797280007094],[126.9567587011678,37.5826587018229],[126.9543529016381,37.5813217019444],[126.9549554028687,37.5840884007625],[126.9543208005531,37.5851476013485],[126.9528197015352,37.5852067016014],[126.9517964997742,37.5865170030542],[126.95025419928861,37.586173002729005],[126.94895250059031,37.5873783015237],[126.9491157000484,37.588988501398],[126.94814299980091,37.5885722014],[126.94560170019649,37.5893479013023],[126.9446501011481,37.5900659005843],[126.94591710023501,37.5920924003418],[126.9439449005433,37.5920864999382],[126.9433763001159,37.5932825000855],[126.9423108002246,37.593158000105106],[126.9417914999072,37.5939994004125],[126.9413020000078,37.593454100433306],[126.9407293984081,37.5944922005736],[126.93845719947821,37.5928659006445],[126.9406475990425,37.5897596003856],[126.9399396997504,37.5890060011392],[126.9385676011225,37.5894094007358],[126.9381853990728,37.59039220075859],[126.9373302999279,37.5899223012285],[126.9375322992074,37.5887641996031],[126.93992039843661,37.587363799994],[126.9402834993356,37.5859360990549],[126.94187119949099,37.5855548992868],[126.9412438998222,37.583901799666],[126.94330479945391,37.5824638993816],[126.9459485007994,37.583643797718594],[126.9492116985897,37.5822828981615],[126.9498025977269,37.5773066023545],[126.9485037992132,37.5757899002164],[126.9498538991887,37.5760570991536],[126.9506652977141,37.5741002966087],[126.9528082990354,37.5726780976834],[126.9560665980698,37.5727686995145],[126.95615339843211,37.5712172999116],[126.9546039991645,37.5710920994703],[126.9561279987617,37.5711444992332],[126.9571904976992,37.5699478004299],[126.9578247980031,37.5676510995128],[126.95947129941861,37.5670524998238],[126.9585402997963,37.566575500033],[126.95919639915199,37.565476000176695],[126.95817809891359,37.5653017997218],[126.9586499989189,37.5648707996626],[126.95801499955391,37.563908000625396],[126.9560142004884,37.5642170004672],[126.9561590003449,37.564732700332],[126.9536589995152,37.56459130056599],[126.95291399914801,37.5609458015208],[126.95228609977589,37.5612930011736],[126.9507395001543,37.5602816006321],[126.9493240009438,37.560182100697496],[126.947745101497,37.5622374026705],[126.94687329894559,37.5621944008302],[126.9451721006468,37.5611305018941],[126.9429325006291,37.5616848010864],[126.942430999636,37.5601912008152],[126.94073319992489,37.5609533001342],[126.9389611998858,37.5593305005868],[126.9372266007566,37.5594253005556],[126.9369631999161,37.5605652001086],[126.93600409986611,37.559855799960204],[126.9359741997754,37.5585247012856],[126.9319059005503,37.559976800003604],[126.9316474004994,37.5615565004175],[126.92928140067859,37.5609657011847],[126.9295287006785,37.563857799857104],[126.9288250002171,37.564396300302995],[126.9214218003206,37.564032400479505],[126.9208438994727,37.5618330004072],[126.9197831995578,37.5616171004189],[126.92034909918769,37.5610147000276],[126.9193399993876,37.5579076006641],[126.9200244989211,37.5564617001153],[126.9185573996637,37.5554164999449],[126.9194353993245,37.5543462998546],[126.9191217999329,37.552505399478704],[126.9202164994085,37.5526694993875],[126.9213690000375,37.551639099671306],[126.9228451994661,37.5521691994982],[126.922825299486,37.5512418004256],[126.9207031997292,37.550225500577305],[126.9207714997377,37.5492852006713],[126.91909129971721,37.5494527001306],[126.919374099779,37.5486960003082],[126.9177060999615,37.548059800572496],[126.916386800486,37.5483458002804],[126.9169195001607,37.5487896999669],[126.9158719004691,37.5493983004541],[126.9160201002443,37.550951600885],[126.91599679980901,37.5503460003641],[126.9151961003646,37.551266900691104],[126.9129274000248,37.55111850083],[126.9124996998431,37.5518848005023],[126.9123093994226,37.550913900392494],[126.91087689948421,37.5503425999398],[126.9111546997041,37.549412200119995],[126.9099275995829,37.5488423003412]]],[[[126.96776149935779,37.486800799430796],[126.96828479921261,37.4863741995776],[126.9678467997148,37.4839611989709],[126.9706107999404,37.483347699408306],[126.9709649003339,37.4824863993365],[126.9741386993022,37.483822098957894],[126.975163899425,37.4821692996122],[126.9762482001147,37.481911999442204],[126.9763041000588,37.4803648009894],[126.97377469865691,37.4798275002513],[126.9742268985194,37.4768799002487],[126.97265639941631,37.475922599848396],[126.9767320990488,37.4723795989503],[126.97862979966129,37.4715412975297],[126.9806926999107,37.4718586991494],[126.9829779973761,37.469993498966204],[126.9832747998431,37.4710464986311],[126.9860240008757,37.473215798976696],[126.9855023011957,37.4738634993448],[126.9862742004238,37.475622297586],[126.9895242987826,37.474894396166796],[126.98983450089,37.4755336990328],[126.9887913022622,37.4758250005196],[126.9895988013312,37.4787606005394],[126.9881933011935,37.4787320004239],[126.9872081002985,37.48066760016],[126.9853813008985,37.481014399972096],[126.9856779006183,37.482028199146505],[126.9874423026057,37.482435599625404],[126.99063509941291,37.4848644971965],[126.9919109000291,37.4842520985879],[126.9930890004777,37.4847219987845],[126.9938079003736,37.4836052994277],[126.9950303001182,37.4841060986115],[126.99616439898409,37.482322700394896],[126.9948775995385,37.4805774994403],[126.99881700008041,37.479693598652396],[126.99970660062199,37.4805448002518],[126.999765101316,37.481688502289195],[126.9986242000751,37.481691101288696],[126.9966450008093,37.484171600323506],[126.9996400003996,37.488391403117],[126.9950607999623,37.4912050006083],[126.99312689998189,37.491691300725],[126.9915270999298,37.4910431014321],[126.99082100026389,37.492211000824994],[126.9902011993548,37.489250501006694],[126.9880432003146,37.488853200924204],[126.9873506010072,37.489963599813805],[126.9888990007819,37.492175800296096],[126.9844955006824,37.4943606008216],[126.98446290032659,37.4951904012632],[126.9824732994544,37.495576101353],[126.9794362998521,37.4928208016665],[126.9770168995608,37.4935056029235],[126.9734911996661,37.4913972998823],[126.9746908987235,37.4896118009541],[126.9732996995063,37.4891396003307],[126.973745299406,37.4885974998841],[126.9731123981704,37.4879376002157],[126.9739824983656,37.486950399492095],[126.9727834995646,37.4860032004393],[126.9719080002565,37.485629100737796],[126.96956760007731,37.487182100571],[126.96776149935779,37.486800799430796]]],[[[126.911602899678,37.5179807999754],[126.9124561000957,37.517206599477305],[126.914929999987,37.5176299992406],[126.9149261996643,37.5156468993405],[126.9166220002908,37.5134113987578],[126.91734650024749,37.5147208979634],[126.9196673001584,37.514006799852396],[126.9189095008735,37.514242600046806],[126.9198532001503,37.514838800655],[126.91868620063839,37.5151495006525],[126.91933010058139,37.5169246991672],[126.9217397996419,37.515824598803704],[126.9233185987368,37.5140573999989],[126.9223261995592,37.513266300224295],[126.92341859872731,37.5124334003295],[126.92328909946991,37.510690400148604],[126.92297439978461,37.5099492008898],[126.92209679871941,37.5101790005427],[126.9221157991072,37.5088597007836],[126.9211232997049,37.5088097001224],[126.9233147010017,37.5075934979773],[126.92526460094831,37.5087880975532],[126.926257201659,37.5085223982712],[126.926591200446,37.5127055994245],[126.9295099011698,37.5140636991421],[126.92913060213249,37.516966198034396],[126.9320481008945,37.519331098859205],[126.9302341994283,37.518194301466295],[126.9290209996122,37.5192603014522],[126.9284188995192,37.5188891013884],[126.92683050110759,37.5214189988585],[126.92751740175319,37.5218502992658],[126.9272888008993,37.5237736007427],[126.9230790004834,37.5235045014606],[126.9217739998936,37.5246877008919],[126.9209797990552,37.5194849018825],[126.919052899558,37.519719100783405],[126.9172840993872,37.518130902468805],[126.91533000007969,37.5201256007147],[126.91277339981,37.5198083003347],[126.9127326995502,37.5184339003564],[126.91156859994639,37.518561400147604],[126.911602899678,37.5179807999754]]],[[[126.93185579882389,37.5136909995148],[126.9319332993677,37.5124766990832],[126.9334325985162,37.5114727001304],[126.9327493999705,37.511057699695805],[126.9338888998505,37.5102458994174],[126.9360086998547,37.5104347988807],[126.93790199901679,37.5089747994234],[126.9375749996607,37.5081499985811],[126.9388644004074,37.5081659978399],[126.93990159967,37.5068656990822],[126.9400548008515,37.5074970992865],[126.9419646993256,37.5072079987012],[126.9467268994253,37.5086624987316],[126.9478148995764,37.506739499512],[126.948708000307,37.5077501999146],[126.94813550089161,37.5083523002207],[126.9510504999775,37.5120345979281],[126.9532808994797,37.510618798158404],[126.9551169001436,37.510815799554],[126.95610940058461,37.511064399444],[126.9561909010835,37.512640898697],[126.9571203013825,37.5132001991741],[126.95495740069279,37.514421503498],[126.9497333998767,37.515315101291705],[126.94717480042709,37.5134810012366],[126.9440776006822,37.5152960002341],[126.94446119873531,37.516397901402],[126.9409154997649,37.5156768008486],[126.9420185003998,37.515853299053504],[126.9425480000704,37.514911699622],[126.9440775995676,37.5152959984021],[126.94400639963881,37.513692400005695],[126.943239299921,37.513091100578194],[126.9426760001494,37.513797100180795],[126.9392270009524,37.5137152002702],[126.93913020035829,37.5144439002129],[126.9383625999079,37.513099600264795],[126.9376676000766,37.5130788002582],[126.9373216005244,37.514139100150004],[126.9348802004718,37.5131473008133],[126.93352779961499,37.5148928019365],[126.93185579882389,37.5136909995148]]],[[[127.05334019970569,37.5887383002051],[127.05492469982251,37.587647499721804],[127.0547070997387,37.5867966994328],[127.0555560997175,37.5873675993386],[127.0559836998845,37.586448099795795],[127.0607254000293,37.5872875996128],[127.06062590079951,37.5880716998215],[127.06219160056631,37.5892561998052],[127.06086860044441,37.590340999562805],[127.0625463999259,37.5898590998249],[127.0624713004565,37.590982699841696],[127.06089260038391,37.5909512007186],[127.0580328997206,37.5923984003354],[127.05815459937679,37.5917755006313],[127.05563169963591,37.5914420012683],[127.05460930037529,37.59048340091999],[127.0536747997928,37.5908658009333],[127.05334019970569,37.5887383002051]]],[[[127.0640376999202,37.542096199870805],[127.06579959920141,37.540187199760496],[127.0662290997819,37.5376759996097],[127.068638099993,37.5387877994346],[127.068856100274,37.538146399622505],[127.06940210062831,37.5392765994282],[127.0712534005642,37.5399206988846],[127.0722841018844,37.5391300994957],[127.07125340119781,37.5399206994823],[127.072503001692,37.539508399472005],[127.0712534010849,37.5399207005441],[127.07149460084369,37.5408563996084],[127.06966370009111,37.543968800152],[127.0677449999266,37.543288500421404],[127.0679460995631,37.5424840003478],[127.066348999822,37.542963500311096],[127.0640376999202,37.542096199870805]]],[[[126.9294276994478,37.6014321000728],[126.9300775995634,37.6004245998589],[126.9325608999513,37.6005111975638],[126.9338245986876,37.5994664986085],[126.933493100144,37.5978518997817],[126.93380500108081,37.6010110987971],[126.9359716993215,37.6008037991567],[126.936830198474,37.5994266002426],[126.93589659940761,37.5985093011599],[126.9362564993354,37.596778699418],[126.9387419997648,37.5989808992587],[126.93881740018581,37.5969994998928],[126.9374451000012,37.6047188001211],[126.9357544002918,37.6038962003759],[126.9340794997887,37.6057633002738],[126.9320918991839,37.602505100532504],[126.93026069977661,37.6027427000955],[126.9309119996593,37.601283700608505],[126.9301640000434,37.6020202003618],[126.9294276994478,37.6014321000728]]],[[[127.0354783988616,37.528267999550096],[127.0366362998346,37.5259103995133],[127.03799829906829,37.525212500086],[127.03716129932559,37.5247415993317],[127.0385323994077,37.5243088997073],[127.0379627998047,37.5238115999366],[127.0391436000116,37.5228995986469],[127.04026410029971,37.524152399147],[127.0412591993046,37.5242665990328],[127.04137760097021,37.5235238992547],[127.0431140002716,37.5252206993107],[127.04446180063829,37.524919699828395],[127.0454306006522,37.5266602996613],[127.0445386011607,37.526797200511496],[127.04434000084251,37.5284498008726],[127.044075199268,37.5277289009056],[127.04260940073381,37.5284602001743],[127.0422155011453,37.5303983994724],[127.043410400962,37.5300107996875],[127.0423175004935,37.530699400600405],[127.0393509990096,37.530822801234706],[127.03736399964559,37.5300143999747],[127.0369487988887,37.5288343004999],[127.0357757995933,37.5291655002504],[127.0354783988616,37.528267999550096]]],[[[126.92712309913111,37.6127956001297],[126.9271779995967,37.6090796000099],[126.93036589990069,37.607354599414],[126.9309332000625,37.607896099532795],[126.93294630017729,37.6072346998125],[126.9334803009916,37.6098695998351],[126.9320313008413,37.610025300614794],[126.9319501000638,37.6124340008245],[126.9313121001063,37.6119371015183],[126.9298968999271,37.6127494002577],[126.92712309913111,37.6127956001297]]],[[[127.0253515990883,37.5267472995411],[127.0260057995465,37.526214800093996],[127.0254560994689,37.5255318991777],[127.0268734992948,37.5257051989615],[127.0285323998594,37.524431999654496],[127.031596901097,37.527649999952004],[127.0308036003308,37.5293002000914],[127.0298436008437,37.5288736007391],[127.02893970094989,37.53077400058],[127.0277264010907,37.5304841006182],[127.0264842999271,37.5312738001723],[127.0269946990979,37.5303289000504],[127.02585879954239,37.5285592004428],[127.0264675989861,37.5282179001467],[127.0253515990883,37.5267472995411]]],[[[126.8930218984159,37.5806139997465],[126.8937789984301,37.5800732984502],[126.89293209940449,37.576794700351904],[126.8940967998196,37.5764577994238],[126.8949927997092,37.575015499698],[126.89667419980111,37.5753737990921],[126.89829079939649,37.573701798983805],[126.8980800010949,37.574905198943604],[126.8996376995372,37.574882598966205],[126.8995267000166,37.574032198880396],[126.9016461003702,37.5748524988251],[126.9009184004416,37.574445200400596],[126.9012503005158,37.575237201409095],[126.8998745996856,37.5765147016482],[126.89663210059001,37.577160400748895],[126.89691140163879,37.5784443019144],[126.8948971014307,37.5794300005888],[126.89561000096961,37.5808400006764],[126.8946148001077,37.5796248014814],[126.8930218984159,37.5806139997465]]],[[[127.0627579996604,37.5944606000963],[127.064775500116,37.593897499441496],[127.066214100072,37.5954415997249],[127.0668099002947,37.5952026998142],[127.0662141004928,37.5954416003245],[127.0658561003592,37.5984816003494],[127.0648035996147,37.597496300085204],[127.06485219961371,37.5963125001548],[127.0637697998585,37.5961214004109],[127.0627579996604,37.5944606000963]]],[[[127.02201289952899,37.625178500161894],[127.0245704992407,37.6248247993383],[127.0247789998106,37.623941899953195],[127.0274260004079,37.6230223995636],[127.029562500447,37.627204000169996],[127.0242018000894,37.629304400185205],[127.02201289952899,37.625178500161894]]],[[[127.0161857990201,37.5157863005845],[127.01609640048859,37.5149927991297],[127.0172884998005,37.5153734987747],[127.0185369997478,37.513655399349],[127.0199896992993,37.5137431993741],[127.0207781999512,37.5128448996062],[127.0210985002463,37.5138593991659],[127.0227739001114,37.514571699715894],[127.02425740012569,37.517976899957],[127.0184413001902,37.5190959009999],[127.01667929972821,37.517347800215205],[127.0174946990476,37.5160537006851],[127.0163318000717,37.5166250001406],[127.0161857990201,37.5157863005845]]],[[[127.0390276996749,37.6024838000206],[127.03948709979021,37.601808499397094],[127.0406647990987,37.6021682993273],[127.04000379978659,37.5996242994658],[127.04196020037371,37.5997708997508],[127.0431407007481,37.6004121994102],[127.04350860071669,37.603773599728896],[127.0423999999594,37.6040197001857],[127.0403363999544,37.6032370006693],[127.0406231995299,37.6026443004624],[127.0390276996749,37.6024838000206]]],[[[127.02359539955741,37.6391098006371],[127.0242567993458,37.636575699515],[127.02640439986111,37.6364364998731],[127.0269533998962,37.637065199326],[127.027823900058,37.6364761999592],[127.0273829000583,37.639616600169994],[127.026370299839,37.638897200516304],[127.0248418001714,37.6394682009836],[127.0247635998319,37.638570200669996],[127.02359539955741,37.6391098006371]]],[[[127.0219563992675,37.503694499923704],[127.0237327996891,37.5036418990643],[127.0241684996607,37.5024252993478],[127.0258491999895,37.5019757995998],[127.0273538004561,37.503202100128405],[127.0282047007372,37.505538700327506],[127.0264913010439,37.505014601069604],[127.0265011006481,37.50625990064211],[127.02420910017189,37.5070535010778],[127.0235633999137,37.5064760006264],[127.02332889999809,37.5070643001077],[127.0232240993789,37.5051240013074],[127.0219563992675,37.503694499923704]]],[[[126.90497499797229,37.5133750990449],[126.9058112994499,37.510870499828805],[126.9107325994763,37.509540699005804],[126.9111544008479,37.5113999996002],[126.9123061997882,37.5117062993182],[126.91248710005091,37.511128299461404],[126.9130319003404,37.5124332998685],[126.91239260123031,37.515298199529894],[126.9113323991575,37.5161393014625],[126.9084875998681,37.5146486009657],[126.9076999992908,37.5152200011135],[126.90497499797229,37.5133750990449]]],[[[126.91897309969,37.618974699861404],[126.9200060995301,37.6185320998796],[126.9195049998817,37.6174169998311],[126.9213232000322,37.6172457992219],[126.92207349991389,37.6178935991693],[126.92288459971981,37.617120699397304],[126.9225327008633,37.6176881998549],[126.9234407003755,37.6184182996953],[126.9226242009691,37.618474700196],[126.9230933998037,37.620240200282694],[126.92057689995531,37.6202171006383],[126.91897309969,37.618974699861404]]],[[[127.03854229857811,37.515578100266],[127.0400151993279,37.5160507995513],[127.0396736994485,37.515186899171105],[127.0426222002958,37.513688199193595],[127.0423648007052,37.5143215994783],[127.0441168013101,37.5162974003516],[127.04384800039179,37.517775100742],[127.0405146998047,37.519295800548804],[127.0396212996637,37.5180660999168],[127.0398274993112,37.5166773006747],[127.0389003991274,37.5168466998292],[127.03854229857811,37.515578100266]]],[[[127.06274049953241,37.5609469991908],[127.0642076995423,37.5599345980258],[127.0663183016926,37.5604472997511],[127.0667953005666,37.5613836005173],[127.06521840057931,37.5606420007757],[127.06486540008281,37.5621682012258],[127.06289580002641,37.5616444001778],[127.06274049953241,37.5609469991908]]],[[[126.9611610993996,37.5076859999354],[126.96166280010439,37.506810599663304],[126.96652670032711,37.507161299872],[126.9642489003365,37.5082879010439],[126.9621734003507,37.510890908833],[126.9611610993996,37.5076859999354]]],[[[127.047479099555,37.5781736008388],[127.0482089998998,37.5792684986802],[127.0504263008426,37.5786181993216],[127.0488075001346,37.578914200993],[127.04837000016781,37.5808100008368],[127.0486071991986,37.5797721002156],[127.047479099555,37.5781736008388]]],[[[126.90834429953149,37.555481699934504],[126.9116398000944,37.5550034992635],[126.9116070003608,37.556096699714296],[126.9122295005337,37.5562272001942],[126.9099351995403,37.55706210048],[126.90834429953149,37.555481699934504]]],[[[127.0657074990663,37.6022857000205],[127.06559870000059,37.600872699224],[127.0670873004408,37.6001640996296],[127.06764010074721,37.6014395000404],[127.0663900007599,37.602486399871],[127.06705030021341,37.6030162002185],[127.0657074990663,37.6022857000205]]],[[[127.083118699677,37.536559999256504],[127.08741830015789,37.537508499946604],[127.08586679988501,37.5379671012019],[127.0835257999127,37.5373910001592],[127.083118699677,37.536559999256504]]],[[[127.0476531996312,37.6058578003393],[127.049701000041,37.6058095993844],[127.04889900067231,37.6067909001352],[127.0499020007928,37.607173600296306],[127.0483676000085,37.6070955007766],[127.0476531996312,37.6058578003393]]],[[[126.9622851993872,37.477468300237696],[126.9627483998995,37.4757561995309],[126.9634876009482,37.4769996990145],[126.9647908009583,37.4766284996252],[126.9643892009329,37.47806040015389],[126.9631978998459,37.4780246006639],[126.9634875994576,37.476999700506],[126.9622851993872,37.477468300237696]]],[[[126.93213539968201,37.527316700331],[126.9342386999484,37.526047599691296],[126.934537300573,37.528066399505],[126.93213539968201,37.527316700331]]],[[[127.0416362995144,37.510466699855606],[127.043868199748,37.5102768991878],[127.0442799015413,37.509270299780994],[127.0444684011868,37.5108547999537],[127.045629400184,37.511629400050595],[127.0435807001586,37.5110343009426],[127.04240990132939,37.5116814002955],[127.0435691003727,37.5125010000906],[127.0430828998351,37.512382800499],[127.0427115991144,37.5107676004665],[127.0416362995144,37.510466699855606]]],[[[126.9017203998474,37.533497600125095],[126.9035808009927,37.5334253993106],[126.9027922000214,37.5334764008324],[126.90251419995519,37.5348238006519],[126.9017203998474,37.533497600125095]]],[[[127.0509688995211,37.5810299005791],[127.0510278000378,37.5804689996919],[127.0517711006779,37.5810137001039],[127.05121859967849,37.5816976003658],[127.0509688995211,37.5810299005791]]],[[[126.9530231994389,37.495746900148],[126.9544453003907,37.4953842995891],[126.95317629955909,37.4967034005158],[126.9530231994389,37.495746900148]]],[[[127.0068704993823,37.612640399829594],[127.0084599995402,37.611689999870606],[127.0078033997692,37.6108906996635],[127.009269000266,37.6112955985576],[127.0084600012821,37.6116900004692],[127.0084519002186,37.613531900334195],[127.0068704993823,37.612640399829594]]],[[[127.0090394998364,37.5128339997109],[127.0096392985823,37.512037597881],[127.01119960120499,37.512294997843405],[127.0125217010488,37.513419901222704],[127.0107641001966,37.5125770018077],[127.0092525996882,37.5140137001511],[127.00980889933919,37.513651399833904],[127.0090394998364,37.5128339997109]]],[[[126.98788369826529,37.4627706003607],[126.9883808009051,37.4625831998666],[126.98843720002951,37.464687501395],[126.98788369826529,37.4627706003607]]],[[[127.0111027995754,37.5093619998717],[127.0113665009573,37.5080325985887],[127.0130541010073,37.5085293998335],[127.0111027995754,37.5093619998717]]],[[[127.094027999463,37.5352640996371],[127.0949565003306,37.5344555998626],[127.09425450018081,37.5355760004098],[127.094027999463,37.5352640996371]]],[[[126.89161059942761,37.509523200831495],[126.89300939926099,37.507073499919194],[126.8924026003496,37.506779599016404],[126.8930502009054,37.5070852004102],[126.89161059942761,37.509523200831495]]],[[[127.0070442004846,37.491640399554804],[127.0079378999384,37.4914092995929],[127.0084147013026,37.492067300388705],[127.0070442004846,37.491640399554804]]],[[[127.0204347995589,37.510887599865896],[127.0214678996012,37.5105546987727],[127.0221892004528,37.5113059001317],[127.0204347995589,37.510887599865896]]],[[[127.079206699327,37.556964399741496],[127.07951420105101,37.5568475996875],[127.0797135010254,37.5573155002169],[127.079206699327,37.556964399741496]]],[[[126.9323587993611,37.618406900554994],[126.93367420028059,37.6180759001954],[126.9330837999814,37.6194029003755],[126.9323587993611,37.618406900554994]]],[[[127.0343850997256,37.6484842993503],[127.0346832004061,37.6482695992149],[127.0347738006705,37.6484209003239],[127.0343850997256,37.6484842993503]]],[[[126.94116160107001,37.536243799146604],[126.9416208008398,37.536422899883],[126.9413757998939,37.53715420055261],[126.94116160107001,37.536243799146604]]],[[[126.9913081996621,37.5272595998151],[126.99172930014551,37.527219199914896],[126.9916874002308,37.527538300299504],[126.9913081996621,37.5272595998151]]],[[[127.0250437994043,37.530732199355306],[127.0252298008628,37.5306718997074],[127.0248123998411,37.5309885004272],[127.0250437994043,37.530732199355306]]],[[[126.8813225991378,37.5039419993835],[126.8818078005673,37.5042773995622],[126.8818718006643,37.5044554004989],[126.8818077995445,37.5042774005148],[126.8813225991378,37.5039419993835]]],[[[127.05241219906921,37.5191449991648],[127.0528265006825,37.518541499687096],[127.0524863005088,37.519767700326604],[127.05241219906921,37.5191449991648]]],[[[127.0148657987848,37.504503100724804],[127.0149974005855,37.5042104988279],[127.0148925995167,37.504986101563105],[127.0148657987848,37.504503100724804]]],[[[127.0496742994061,37.581413799982],[127.0498107002224,37.5815815001815],[127.0497180996811,37.581468000629],[127.0496742994061,37.581413799982]]],[[[126.90289269868309,37.5636378997701],[126.9029275986482,37.563480599927395],[126.9029422994776,37.5634389992181],[126.9029276002975,37.5634806002994],[126.90289269868309,37.5636378997701]]],[[[126.9828741980879,37.51497469987],[126.9828742013509,37.5149746921452],[126.9832213035126,37.515340100056704],[126.9828741980879,37.51497469987]]],[[[127.0242179997349,37.544790299770504],[127.0243426998793,37.5445685993642],[127.0244162999914,37.5445694991894],[127.0242179997349,37.544790299770504]]],[[[126.9325118997445,37.560749900196896],[126.93253250035539,37.5608909000456],[126.9327964000989,37.560998400079704],[126.93253249972389,37.560890900055895],[126.9325118997445,37.560749900196896]]],[[[127.049064998219,37.504403799449896],[127.049065000752,37.504403799624995],[127.0489626997432,37.5046312005367],[127.049064998219,37.504403799449896]]],[[[126.9154243992355,37.568811499523605],[126.9154244003582,37.568811499542704],[126.9154243998761,37.5688115003315],[126.9154243992355,37.568811499523605]]],[[[126.9256316997452,37.5495899002445],[126.9256317001734,37.5495898999974],[126.9256334000113,37.5496274002451],[126.9256316997452,37.5495899002445]]],[[[127.03802039989789,37.549168200051],[127.0380825004112,37.5490882997388],[127.03802040064369,37.549168200911296],[127.03802039989789,37.549168200051]]],[[[126.9188224998022,37.6365571001911],[126.9188390000086,37.6362329998842],[126.91882250074781,37.636557100148394],[126.9188224998022,37.6365571001911]]],[[[126.9145518001354,37.520250200118],[126.9145517999599,37.5202501998481],[126.9146188001929,37.520285899966],[126.9145518001354,37.520250200118]]],[[[127.01132369957871,37.6010750000831],[127.0113237000165,37.601074999412404],[127.01132370027631,37.601075000125],[127.01132369957871,37.6010750000831]]],[[[127.02316669970581,37.5335236004531],[127.0231667005184,37.533523598755],[127.023166703849,37.5335236004976],[127.02316669970581,37.5335236004531]]],[[[127.0563837997864,37.610555299887004],[127.0563838003674,37.6105553001945],[127.0563260000448,37.6106434002903],[127.0563837997864,37.610555299887004]]],[[[127.0744552993495,37.547946099552995],[127.07445530044589,37.547946099483],[127.0744553007695,37.547946101078],[127.0744552993495,37.547946099552995]]],[[[126.9224904994657,37.5056277001462],[126.9224904998558,37.505627699656095],[126.9224905003116,37.5056277003846],[126.9224904994657,37.5056277001462]]],[[[126.92568879996111,37.5492425998955],[126.9256888000334,37.5492426000145],[126.9256887998756,37.549242600141],[126.92568879996111,37.5492425998955]]],[[[126.9527592998186,37.481301900130596],[126.95275930010399,37.481301899810695],[126.95275930016379,37.4813018999575],[126.9527592998186,37.481301900130596]]],[[[127.0093374006926,37.5297070999938],[127.00933739908331,37.529707099384304],[127.0093374008951,37.5297070994334],[127.0093374006926,37.5297070999938]]],[[[127.0246165998043,37.629965500672796],[127.0246165999456,37.629965499985296],[127.0246166002299,37.6299654996933],[127.0246165998043,37.629965500672796]]],[[[126.9024963995199,37.5743561993214],[126.9024964005445,37.5743561996822],[126.90249640006701,37.5743562005628],[126.9024963995199,37.5743561993214]]],[[[126.9331302994139,37.517244600701],[126.933130300485,37.517244599649196],[126.9331302998123,37.517244600945695],[126.9331302994139,37.517244600701]]],[[[126.9398423998435,37.5146865000027],[126.9398424001627,37.5146865000014],[126.9398424000863,37.5146865001796],[126.9398423998435,37.5146865000027]]],[[[126.98369260054079,37.5178077999394],[126.9836925999139,37.517807800079],[126.9836925999247,37.5178077999337],[126.98369260054079,37.5178077999394]]],[[[127.00985489971929,37.5300811000607],[127.0098549001214,37.530081099714494],[127.00985490010929,37.5300811001309],[127.00985489971929,37.5300811000607]]],[[[127.0111852997501,37.5306123001003],[127.01118530033219,37.530612299357],[127.0111853015295,37.5306123007107],[127.0111852997501,37.5306123001003]]],[[[127.0625298997869,37.5894863998695],[127.0625299003248,37.5894863997668],[127.0625298999424,37.5894864001976],[127.0625298997869,37.5894863998695]]],[[[127.0630942996569,37.5935168998711],[127.06309430007761,37.5935168998964],[127.063094300122,37.5935169003263],[127.0630942996569,37.5935168998711]]],[[[126.9320962997865,37.5282554000334],[126.9320962999723,37.5282553999792],[126.9320963003167,37.5282553999638],[126.9320962997865,37.5282554000334]]],[[[126.9390223998316,37.5965208999647],[126.9390224003004,37.5965208995243],[126.9390223999808,37.5965209003714],[126.9390223998316,37.5965208999647]]],[[[126.9515184997833,37.530134100652795],[126.9515184998833,37.530134099874196],[126.9515185002385,37.5301340999576],[126.9515184997833,37.530134100652795]]],[[[126.96147999978139,37.582180000182],[126.96147999986549,37.5821799999826],[126.9614800005526,37.5821799995692],[126.96147999978139,37.582180000182]]],[[[127.005623599741,37.5100659004973],[127.00562359994531,37.510065899812],[127.0056236011581,37.5100658997615],[127.005623599741,37.5100659004973]]],[[[127.0677625999757,37.615395200061904],[127.06776260001209,37.6153951999434],[127.0677626005632,37.6153952000084],[127.0677625999757,37.615395200061904]]],[[[126.93809159965261,37.513465199871796],[126.93809160005921,37.5134651999806],[126.9380915997544,37.5134652008239],[126.93809159965261,37.513465199871796]]]]}},{"type":"Feature","properties":{"interval":60,"stationId":"3832931179"},"geometry":{"type":"MultiPolygon","coordinates":[[[[126.7073043994721,37.4769527014221],[126.7081761992839,37.474792199504],[126.71085760059239,37.4742934993044],[126.71151419993579,37.4754989980989],[126.71327580119281,37.4761468993944],[126.7113172046722,37.478831899691606],[126.7137173012089,37.4818719997599],[126.7153071003092,37.4818266996844],[126.7164262017184,37.4844915974454],[126.7172059009387,37.4848565970804],[126.7222093007136,37.48282399786],[126.722352101271,37.484999298262295],[126.7248945013883,37.485323199665004],[126.724079300845,37.486973299963104],[126.7245919005065,37.4876094999621],[126.72063340086079,37.4889421002875],[126.7209417005525,37.490390598839],[126.7264230993714,37.490070099390195],[126.7266598991212,37.4887808005278],[126.7254584997625,37.48888439913431],[126.7276140988316,37.4867535000852],[126.7293938997829,37.4868268988781],[126.72969430018851,37.4859232992379],[126.7335471001209,37.488699499446604],[126.7356029994269,37.484365499302605],[126.73686139947,37.4846031991352],[126.7381906002194,37.4829604991906],[126.7383741008916,37.483634499095004],[126.7418165998375,37.483254499226],[126.74619820097989,37.4849709997817],[126.7466037012093,37.487180699184606],[126.7451614013789,37.487946000764],[126.74410420205409,37.4907021996406],[126.7465087996495,37.4916293987134],[126.74793479859879,37.4897961003914],[126.74673969941861,37.488919901422896],[126.7476326010164,37.4883577989969],[126.7479321007617,37.4888804986172],[126.7532116999295,37.4878631993365],[126.7536642001704,37.488517199441496],[126.7538583996024,37.4878169998861],[126.7559490004096,37.488413499356],[126.756405100336,37.4878531992603],[126.7581237986173,37.4887552983582],[126.7589995977415,37.486970200143304],[126.7574169991414,37.485962999459495],[126.7587787987017,37.484746800630305],[126.75737679956241,37.4831934981191],[126.7602919994173,37.4807165991544],[126.76118219965949,37.4816729986623],[126.76141079963409,37.480273699920595],[126.76215879940429,37.4804185994265],[126.7618417994858,37.4797107996647],[126.7639054002736,37.4784793987974],[126.76588100082809,37.4794133991104],[126.768479300162,37.4823931978236],[126.7741360994725,37.4763432993914],[126.7739438999659,37.475534099530094],[126.77510579915041,37.475228199242494],[126.774766501023,37.475860099988296],[126.77644769948371,37.4764605996692],[126.77745759792141,37.473822999337806],[126.7793121006265,37.475916896602705],[126.785169600917,37.4736923976299],[126.7860382020977,37.475328197766],[126.7892321002155,37.4769135962659],[126.79094349850409,37.4742152989642],[126.79217790018569,37.473359799645394],[126.7927458999496,37.474173399186796],[126.7942509001132,37.472519499452495],[126.7962811999999,37.4719779994327],[126.7983211008042,37.4733528991631],[126.7991104003771,37.475212899046205],[126.80041250024229,37.475221999317],[126.8007627006954,37.476362999326],[126.80202000012319,37.4754953989883],[126.8030971005036,37.475745699825595],[126.8017468006611,37.476961500191905],[126.80250000036449,37.478782499072004],[126.8032960999593,37.4776017996425],[126.8044621000483,37.478184899617005],[126.805273900122,37.4767045993772],[126.8065809988149,37.4774634986183],[126.8089462995935,37.475968298789496],[126.8091890006343,37.4769765988009],[126.8108815000433,37.475726899733],[126.8131792007993,37.4762814975631],[126.8163470005831,37.4752381990037],[126.8182888999652,37.476394299104],[126.8197441017293,37.4751584999727],[126.8185930008252,37.4766070002334],[126.8197241000442,37.4780452000227],[126.816662602998,37.4782043001808],[126.81777960231439,37.481802598182],[126.8209833995965,37.4816153980869],[126.8211710994088,37.4797253999769],[126.8204330996143,37.4789885997613],[126.8231152011186,37.4784608993519],[126.8233070022176,37.4806824998321],[126.8242129009061,37.481549599691604],[126.823310400605,37.4813714004518],[126.8232043007623,37.4826264996284],[126.82410850021489,37.482308699764],[126.8275501006774,37.4849532003632],[126.8266785014985,37.486954499925005],[126.82699070118629,37.4887739981055],[126.8311459991222,37.487535199485805],[126.829668897363,37.485268398051204],[126.8311459997262,37.4875351974595],[126.8332433993655,37.488281896268],[126.83430079830809,37.4878391967107],[126.8352160973928,37.4858273987225],[126.8383041987282,37.4845251992174],[126.837049399983,37.4819125018301],[126.83337889793209,37.482639797233205],[126.8370494000754,37.4819124986442],[126.8377040995989,37.4800597991874],[126.8414490988349,37.4797554988531],[126.8418173005488,37.4786758993611],[126.8445906008598,37.480492398428204],[126.84635079987069,37.4805488981874],[126.8479355982859,37.4789607997755],[126.8478774982044,37.4771537993736],[126.8492927990362,37.4769503991459],[126.8500007996281,37.4739425991756],[126.8512329995729,37.4726065993993],[126.85163110022961,37.4734644993189],[126.85227490021529,37.472648299561],[126.8534999000494,37.4734974993921],[126.85439290077,37.472960899019796],[126.8574892012373,37.474500898616306],[126.8593698003909,37.477533197420705],[126.8622026989314,37.4771687976792],[126.8632444978896,37.4765182983297],[126.86270039843369,37.4738144010336],[126.861034099952,37.4734859995043],[126.8634858999222,37.4712310998396],[126.86354160046591,37.4723319991556],[126.8644830995244,37.4717940996935],[126.8659179989661,37.470144398810206],[126.8654584999975,37.4685516995326],[126.86717609946159,37.469630799532496],[126.8670840993824,37.468619999478705],[126.8686112990858,37.4683923999614],[126.86837510030709,37.467168899720996],[126.87083200057779,37.4688055995057],[126.8702972004717,37.4704063997536],[126.8718293989395,37.4705520996079],[126.87187809919891,37.469817599422896],[126.8734757004634,37.4703681989274],[126.87375530003109,37.472580899353694],[126.874919199571,37.471308199880106],[126.8754406001623,37.472515199671896],[126.87626089989311,37.471628699692296],[126.8774347998809,37.4725627986624],[126.8787935987283,37.470855099249604],[126.8784236979435,37.4684271995468],[126.877308199059,37.4675035004705],[126.8785425999894,37.4682924989338],[126.8793853992245,37.4661598009514],[126.8770978000461,37.4656626014433],[126.8786743989691,37.465292399287605],[126.8788772987662,37.4640572005228],[126.8767064996102,37.463427200423695],[126.8765410998507,37.4625050999094],[126.8780785996664,37.4629685991826],[126.87912829909591,37.460135499677],[126.8804852990396,37.460576199448795],[126.8811249986295,37.4598046986589],[126.88328249957361,37.4612228990819],[126.8854227988779,37.459442299777],[126.8849475993531,37.4581992010201],[126.8832710994987,37.4573220002611],[126.8845471996326,37.4579892991473],[126.8851992995518,37.456379800120104],[126.8842094000079,37.4552501009262],[126.88308649997211,37.4559417005667],[126.8826253993301,37.455210099191],[126.8846790971754,37.453726599993104],[126.88392779792669,37.451676802042904],[126.8820931993664,37.451954498959],[126.8849368989242,37.451407199616895],[126.8850766001463,37.4502701996375],[126.8853801998634,37.451433598987904],[126.8866808988445,37.451332999063],[126.8860095998863,37.449331799886906],[126.885942000359,37.4499521996729],[126.8907739989385,37.4499103994447],[126.89079459969271,37.4477890994447],[126.89256279916819,37.449122797604495],[126.89342519830579,37.4488524978748],[126.89379429946649,37.4462993972245],[126.89465680053611,37.4484228988956],[126.8964245987683,37.448650198668304],[126.8966340966267,37.4458347976891],[126.89863839921169,37.444671898391206],[126.8966158018935,37.4459802000052],[126.8964246015898,37.4486501994998],[126.897525800829,37.450073100134695],[126.89653200078779,37.4507757001747],[126.8966561006637,37.4530147979356],[126.89785039946939,37.453267397683],[126.8987479996157,37.4507785996907],[126.8997750994169,37.450128199982004],[126.8989061999331,37.450051700141906],[126.8991830998879,37.4496255996633],[126.9024548001183,37.449404799331504],[126.9029328005388,37.4509621997161],[126.9042031005003,37.4512896996118],[126.9046583001158,37.452545898891096],[126.9060138007887,37.4521607997493],[126.906151100782,37.453703999754204],[126.9069513003502,37.453673699918205],[126.906031501079,37.4543546003188],[126.90671280073059,37.4551044005293],[126.9058622007514,37.4551955004868],[126.9061652004484,37.4562716994106],[126.9069882004552,37.4563704992632],[126.9044005008212,37.4588157995865],[126.9049046005558,37.4599870009749],[126.9037620009681,37.460168700690794],[126.90435690069539,37.4623034995337],[126.905713101328,37.462661399941],[126.9070793002255,37.465928899213004],[126.90822560070039,37.466737698764],[126.9061577005663,37.4695952008055],[126.90306490077771,37.471098000666295],[126.9024880999717,37.472425600542],[126.9006507018091,37.472624600343],[126.9007424017335,37.4735398003957],[126.8977550007455,37.475870199937106],[126.8995909998986,37.4769049988235],[126.9042364998053,37.4747327991378],[126.9046585003787,37.4755397994281],[126.9058426999826,37.4749726988405],[126.9059851002949,37.4757992990448],[126.90667500100751,37.4751079992908],[126.9092958995556,37.4764131977456],[126.911250899829,37.4748422991579],[126.9121303998044,37.4792756978929],[126.9132171987176,37.4784649987036],[126.9132954986393,37.476137401031195],[126.913937499183,37.4757166999103],[126.9120306989815,37.473502600289805],[126.9130914995709,37.4723674988931],[126.9142377995436,37.473018999050204],[126.9142758000601,37.4721760994454],[126.9148647000719,37.473379399256],[126.91690349803311,37.473013299622096],[126.9176816986881,37.4710585989473],[126.91982759922051,37.4708709997429],[126.9199763000425,37.4700542998567],[126.9238420992998,37.4719257986858],[126.924735898406,37.4704909001207],[126.9227895995695,37.4693160991869],[126.9232328993875,37.4673733997965],[126.9241393998353,37.467079898972],[126.9239645980583,37.46323869795],[126.9267464012206,37.464843796263395],[126.931677798427,37.463333897431205],[126.9318810982237,37.4615826991824],[126.9298776996622,37.458694799569905],[126.9312707010281,37.4601415977258],[126.93347799882079,37.4603340975333],[126.9341783017147,37.459500198695004],[126.9339325031703,37.461162998438596],[126.9357294013734,37.4629919966096],[126.93792589917689,37.4606623989392],[126.9420822002345,37.462802498853],[126.9413620024057,37.4642438992428],[126.9423221020016,37.4673107995819],[126.94600539996661,37.468423198438096],[126.9482827981887,37.4657950004637],[126.94635090012059,37.4647474015113],[126.9447615992987,37.4662461974612],[126.9463508977094,37.46474739896],[126.9463680976922,37.462461001246396],[126.94784399993131,37.4610024994866],[126.94906090055741,37.460608399863695],[126.9493695008766,37.461812199159596],[126.950515000392,37.4612299996627],[126.9522912996617,37.462718499576],[126.9526388992357,37.4616732005493],[126.9518160997063,37.4601488997881],[126.9533459992318,37.4588359994781],[126.958533497873,37.4590234984436],[126.956333807945,37.4568558957289],[126.9610431037062,37.4627564951985],[126.96421030053901,37.4636722942827],[126.968676296073,37.462033995921004],[126.9684436963056,37.459176398778595],[126.9660403987089,37.4565765013785],[126.96586549841331,37.4552375973472],[126.9687394015332,37.4557168979073],[126.97075820344851,37.45448329321],[126.9753650070992,37.4589294960911],[126.9743626030439,37.4622457970737],[126.9760631022544,37.4642565959742],[126.9800453004451,37.4667566980645],[126.97891290144119,37.466915702044],[126.97829110206301,37.4690709998887],[126.9806033997507,37.4710080979516],[126.9829779973761,37.469993498966204],[126.98522290055689,37.4668220980451],[126.9863224999335,37.4679953995277],[126.98809969983341,37.4673458988961],[126.9884371995754,37.464687501236895],[126.9874359989174,37.4609114995024],[126.9886868988555,37.459392799438305],[126.9878057997366,37.458721900109204],[126.9922611956211,37.4535594021874],[126.98900209888019,37.449022406724396],[126.9815621926445,37.4492646984286],[126.9824009952127,37.4447459983036],[126.9854727959785,37.4439979965383],[126.985015296436,37.4381454023909],[126.9802906011607,37.4372757032606],[126.9802270961708,37.4350276021915],[126.9766589958935,37.433895901465206],[126.97674379887549,37.4258053003706],[126.97408039832011,37.4236057012122],[126.9736610963292,37.4221298003446],[126.9772496005764,37.4234834961033],[126.9825392995857,37.423704296526395],[126.9845770975479,37.4229187973119],[126.9856117965132,37.4203730998576],[126.983052999072,37.4173489028818],[126.9813691964568,37.4167955027913],[126.9821885983048,37.415784199293995],[126.9832256993411,37.416149798323296],[126.9859939990955,37.4152191963869],[126.9876929987036,37.413033798151204],[126.9882444016817,37.415174198596304],[126.9911760011707,37.415146798475305],[126.98821250176721,37.415879701537996],[126.98819070178901,37.4176602997574],[126.9893935005862,37.4184107990069],[126.9907996014274,37.4179034989199],[126.9913327000697,37.419045998845505],[126.99418180004871,37.4183870997147],[126.99341010063881,37.419812799307],[126.9940220000269,37.420503798616],[126.9960808986362,37.420816698560905],[126.9971658975512,37.4177020016756],[126.99471799841841,37.4178436970046],[127.0006045964508,37.4177367943486],[127.0009201035673,37.4192616994266],[127.0044147016519,37.4229104976062],[127.00751589855071,37.423359397157306],[127.0081496979169,37.4219384985782],[127.0098966004432,37.4216882989374],[127.0115129013938,37.4220462988703],[127.011473501223,37.4238236978926],[127.01229100040551,37.4249157968005],[127.01670659985811,37.4251662980727],[127.01705399951071,37.4242523989866],[127.01956159877311,37.4237539988475],[127.01919180160141,37.4246319999634],[127.02135610437881,37.4263953009212],[127.01651180170461,37.4285273004591],[127.0171662010502,37.429505499480896],[127.0182196005717,37.4290017997777],[127.02039910000701,37.4298518988869],[127.024774100784,37.4342693998909],[127.0248279009875,37.436262801020405],[127.02307749980879,37.4348230027356],[127.02058260230369,37.435722501836096],[127.0206032022831,37.4383141992444],[127.01866870230671,37.4423885026359],[127.01629850467691,37.444045600978804],[127.0129600027971,37.4441875005584],[127.0115612036692,37.4458157017505],[127.0121255031049,37.449066798499395],[127.0166113989516,37.453421794594504],[127.02138839417461,37.4488495991667],[127.0220956988797,37.4463175987068],[127.0226383009519,37.4471195003046],[127.0194626048914,37.454383996984696],[127.0220605005286,37.4571770999132],[127.0198924012596,37.4554603028871],[127.0210072005623,37.458438900407295],[127.0201474005571,37.4602830997572],[127.0214409011554,37.4603334995617],[127.0217722008241,37.4618085980866],[127.0232517993445,37.460236199659],[127.0238683005136,37.4580661981661],[127.0232518010794,37.460236199190994],[127.0255135003222,37.4600899014747],[127.0247428010929,37.4601375014271],[127.0229530992614,37.4627197016188],[127.02025690066951,37.461099602541694],[127.0191924003983,37.462720001859395],[127.0122579051929,37.462192806457196],[127.0179178997419,37.4711090976253],[127.0218220002932,37.4730109983686],[127.022287300323,37.4722497991914],[127.0218220005623,37.4730109997072],[127.0227287999041,37.4736372992579],[127.02500479882251,37.4744296987761],[127.0241963996309,37.4731985000073],[127.0249768993204,37.470966600125294],[127.0243992995437,37.4705478996692],[127.0254655993922,37.470585599981],[127.0250025989826,37.4686686000296],[127.02673429800271,37.4659485995182],[127.025528599406,37.4649230994918],[127.0267343012238,37.465948599158395],[127.03036909974381,37.4641276973896],[127.0315505985623,37.4601632013541],[127.0307011993818,37.460235999545205],[127.0317461989183,37.4587861988953],[127.03635009940291,37.460651696864296],[127.0382131975398,37.4588680986479],[127.0382468994605,37.4574924963205],[127.0399257023595,37.4571502974428],[127.0403484012503,37.4593940999873],[127.0391702011663,37.4609843007457],[127.0392103009788,37.462719600315],[127.0403546000641,37.463498999653],[127.0425040995942,37.4615442993111],[127.0443331985809,37.4615364990165],[127.0450296990855,37.4594361990721],[127.0459835996163,37.4596232989244],[127.0472713958834,37.451816201323005],[127.0460271971276,37.4503479027913],[127.0454052928586,37.4470130983225],[127.0474485971302,37.446106194107905],[127.0493805951982,37.440232799981295],[127.04736879721,37.438877801336304],[127.04525319798391,37.4390508975025],[127.05123609638589,37.4391122963182],[127.0581294967114,37.4377601958289],[127.0620130977162,37.4343131953693],[127.0663741001951,37.4349134983066],[127.06460100087439,37.4372376999915],[127.0633288021466,37.4427550944741],[127.0666571054002,37.4464463004604],[127.0654088020198,37.4502021009872],[127.0640867005025,37.448019502003],[127.0626190012305,37.4490596020896],[127.063594500255,37.4516408995083],[127.0644866001699,37.4513963994634],[127.06505500120021,37.4535602987425],[127.06718820045201,37.4549537001437],[127.064136499667,37.455704700472495],[127.0632022000309,37.4544395009862],[127.06190750075581,37.4563294995647],[127.0613803994796,37.459063702018504],[127.0591365017235,37.4579211031611],[127.0559905998562,37.4586762004596],[127.05561849999509,37.4553953022687],[127.0532147023989,37.455581602082404],[127.05367830175871,37.4596133996977],[127.0516601001764,37.4597931003652],[127.0521251013261,37.46180789895929],[127.05386990176129,37.462534799905],[127.05435610100211,37.4636918998622],[127.05277920175661,37.4639033010547],[127.05103800349781,37.4672066977513],[127.05346420107159,37.4680562969017],[127.054491801694,37.4711342972981],[127.0568640006681,37.4735769953871],[127.059632898652,37.4722053967234],[127.0604531004987,37.4741306980245],[127.06394429700751,37.475339196816],[127.06604179870719,37.473207796130495],[127.0662644026136,37.4754072987897],[127.06963869923929,37.475017699179304],[127.0702362020155,37.4741630978347],[127.072502802735,37.4783282991171],[127.0758150994805,37.4808980967673],[127.08065299977349,37.477218998727],[127.0862732994845,37.4790287965081],[127.08751170099059,37.4774192992206],[127.0865546008533,37.4786845992909],[127.08698850113511,37.4794715003077],[127.0842864028462,37.481388799151496],[127.08527640185619,37.4834877970525],[127.0866501010097,37.4836873969844],[127.0881598994999,37.4836291970426],[127.0921898989476,37.4813362970439],[127.093726100312,37.4814772969538],[127.0972553982371,37.478865598734096],[127.0984484991334,37.4769258983047],[127.0995805001282,37.4777619978276],[127.10148770267581,37.4774094980592],[127.1025736015899,37.4788955965731],[127.1051757989877,37.476377699091],[127.1053103005235,37.4752333978979],[127.1065737002648,37.4753568983061],[127.10874200184061,37.4761737005949],[127.107683600556,37.4778665009696],[127.1068787005717,37.4777506004388],[127.1063295002453,37.479664700033],[127.1090463986375,37.4817496977127],[127.11024249799709,37.4792826995534],[127.1112523021564,37.4796872986655],[127.1097692016812,37.483148998978194],[127.1123827990676,37.4846130975141],[127.1128089007278,37.4840265990702],[127.11238280076371,37.484613099845895],[127.112980500166,37.4851962992627],[127.1144439990574,37.4847484993966],[127.11492539978201,37.4829926995892],[127.118257499609,37.4839440974845],[127.119358599302,37.4819848984337],[127.1214145989629,37.4816046991765],[127.1221965986282,37.4804498996142],[127.1216170975101,37.4782715010807],[127.1228673998922,37.476422699863],[127.1212535994505,37.4742003019614],[127.1199958973128,37.4758475985713],[127.1212535972237,37.4742002981018],[127.11764269863461,37.4693476001759],[127.1188349993575,37.4674737998002],[127.116969299484,37.465795498964],[127.1177911994652,37.4664731996586],[127.1183519989675,37.4652634982086],[127.1208411010712,37.465342198152904],[127.119712301296,37.4655901000678],[127.1205771004312,37.4670202986376],[127.1232439012182,37.4661010982129],[127.1249976994644,37.466956197357796],[127.127031498002,37.4635682000864],[127.125927100011,37.4598207997479],[127.1268634004671,37.461573598858],[127.1284773007772,37.4611411993837],[127.12859470167459,37.4627305990675],[127.1299141036283,37.463647101717704],[127.12969340384899,37.4646595007053],[127.1312411023013,37.467115798249004],[127.1330217005207,37.467423797941],[127.1360427006453,37.465173299829694],[127.1341392015113,37.466366699668704],[127.1334455006202,37.4682547004],[127.1317979001919,37.4697629005068],[127.1272182003307,37.471195200986294],[127.1267486003409,37.472802900690496],[127.1257667993489,37.4703150002191],[127.1245464005693,37.4700854004487],[127.12439330072239,37.4711212994128],[127.1257756003489,37.4743382989176],[127.1270543013455,37.4740976998526],[127.1257756008892,37.4743383003094],[127.1263787002861,37.4754187992289],[127.1285729998268,37.4752508986994],[127.12961650063039,37.477099599062505],[127.13095629960189,37.475479800019805],[127.1302142993877,37.474826198902704],[127.1331252006611,37.4749337004974],[127.13095630077369,37.475479800384804],[127.1301879002852,37.4778151000036],[127.1315340001436,37.479675299709896],[127.1307983002597,37.4795631001473],[127.1313587007272,37.4816356004162],[127.12832400079401,37.483826700048304],[127.12861070102579,37.4847705995618],[127.1300885003591,37.4852712997454],[127.1294217008652,37.4857380996997],[127.1303742009255,37.486584600821],[127.12850400141261,37.488089901191195],[127.1288677002139,37.491127299630605],[127.1301565997679,37.4907477998184],[127.1299147001584,37.4901584995281],[127.13047269995769,37.491000299442305],[127.13132200060859,37.4905881994546],[127.1320049000882,37.4918033995756],[127.1329782004434,37.4906408997411],[127.133448700345,37.4916427003038],[127.1320943008953,37.4917883998572],[127.1337452000168,37.493480399524806],[127.1345353005447,37.4928384995415],[127.1341301009923,37.4937470008084],[127.1348142003082,37.4947924997629],[127.1378784999044,37.4962643985083],[127.1395893000215,37.4957755999244],[127.1371707014336,37.4975158992937],[127.13867170034631,37.499301300294],[127.1375994998638,37.498362301097096],[127.1363698010935,37.499036000423395],[127.1372344006039,37.5002149996214],[127.136444400759,37.5036648997621],[127.1371693006676,37.5038876002192],[127.1357837007374,37.5048351002338],[127.1363124005016,37.5058199995829],[127.1397029006195,37.5074058011311],[127.1369919033305,37.5097666987702],[127.1387122016483,37.5111623974662],[127.13868240078439,37.5133854002861],[127.13671990100231,37.513921800547095],[127.13681840090379,37.514629599839296],[127.13954550035659,37.516457298334096],[127.14098729891481,37.5151381996532],[127.141484901455,37.511331497928595],[127.1432376002017,37.5155757980611],[127.1446272004692,37.5155748980373],[127.1452843009976,37.5137942993451],[127.14656790117209,37.5152852991758],[127.14810960043499,37.5150688980365],[127.1492629008979,37.5159186002833],[127.14765660085611,37.5187671998723],[127.1483176025082,37.5222838979154],[127.149993802123,37.5236482980856],[127.1517181034149,37.5277717995347],[127.154733601704,37.5316922995652],[127.1564587010908,37.5316898000043],[127.1544373024674,37.532304900328796],[127.1554268016973,37.5358872986231],[127.1565242005999,37.5362019983084],[127.1557452010957,37.5366839000293],[127.1562747007293,37.537386700506296],[127.15327160493399,37.5402637993582],[127.156761602543,37.5460793948895],[127.1558601006557,37.5464625999431],[127.15649760031589,37.549149597875],[127.1577932990202,37.549483897540696],[127.1608261999099,37.5484953997845],[127.1612780004469,37.5490043007423],[127.1603838013215,37.5506774991159],[127.1621003996049,37.5511267986666],[127.16506309895979,37.5505865990593],[127.16587649938259,37.5489605995417],[127.1666651992584,37.5491940992927],[127.1668385001478,37.5480021996415],[127.1666652008537,37.5491940996395],[127.1685656005524,37.549714499542404],[127.1700776003168,37.5530334983351],[127.1744726990594,37.5535347980511],[127.17492370093659,37.551744399729095],[127.1752707014798,37.5537186007732],[127.1732511021145,37.556199399994],[127.17443930092631,37.557203198990194],[127.1789370990117,37.5578074976167],[127.17934889888079,37.554661800004695],[127.18001520041079,37.5546627993585],[127.1802427014208,37.5563334992502],[127.1823112003002,37.5568744000123],[127.1830369995744,37.5587508981358],[127.18456470019589,37.559449900049394],[127.1829268016472,37.559093500474006],[127.1814260019855,37.560068901528396],[127.1812729006346,37.5610793006732],[127.1791433992708,37.5616476011861],[127.17764319907731,37.558722802781496],[127.1754232005443,37.557498303967996],[127.17358630240089,37.560809800844304],[127.1721139005657,37.560647800776096],[127.171150399597,37.5623389010346],[127.16800310040061,37.5619059008215],[127.1616086000152,37.5635506021266],[127.160440699427,37.562468700421896],[127.1574770006958,37.5624817010649],[127.15696539980691,37.5644822009116],[127.15644050005561,37.562913301220696],[127.1519815994577,37.5620344030392],[127.1493547999028,37.5635736016108],[127.1510700982337,37.5614018009777],[127.1489863003175,37.558843603535905],[127.1474384011417,37.5609400031352],[127.1448429021352,37.561909303622],[127.1434767981802,37.560308900983],[127.14364369801329,37.5588727024192],[127.1399923978348,37.5560290033724],[127.1365057000061,37.5582907006237],[127.13626999980059,37.5569653013312],[127.1337576013941,37.556559501775595],[127.1325162026355,37.5586037997313],[127.1334144016135,37.5598546008581],[127.13122800018029,37.559582501403995],[127.13067509990661,37.560768100220194],[127.1287981003126,37.5579725024143],[127.12774729993079,37.5597360018306],[127.1276535987591,37.5575844015109],[127.1239014020328,37.5568383021036],[127.1148659001615,37.5613265014902],[127.1139709994413,37.5589412012486],[127.11290269806071,37.559743301158804],[127.1099334990182,37.558361901085],[127.1088243997948,37.558710301166805],[127.1084019002173,37.5577680021091],[127.104644203975,37.559917499959596],[127.104745100711,37.561472302652],[127.0969278049465,37.5635443999243],[127.0962442023181,37.5710887984036],[127.10142500132491,37.5728141989479],[127.10139500175859,37.576204896000704],[127.1055186038201,37.5794452016589],[127.1026399002944,37.5846712000432],[127.1023869005474,37.586588898125505],[127.10504120223091,37.5873407980155],[127.1040970013693,37.5872527010117],[127.10343180203449,37.589736298528095],[127.10546240043969,37.594822100061705],[127.1044431014216,37.5965903003443],[127.1052959005688,37.597776199158396],[127.10630190127661,37.5978037993858],[127.10655370102481,37.5995367976528],[127.1088638987146,37.5998564973331],[127.11193379891691,37.598872796293705],[127.1122775019017,37.6002551986143],[127.1150637006229,37.6024450992648],[127.1137885018009,37.6041634996957],[127.1136726006584,37.608510601275604],[127.10993060107,37.609846602363696],[127.10851960039159,37.609575302162405],[127.10740710150411,37.610829900907795],[127.106995201916,37.6129748987628],[127.11001790003421,37.612602200450596],[127.10590480032981,37.6144949004661],[127.1061905004175,37.6152143007391],[127.1044011010148,37.6148672008973],[127.1030161019914,37.6158086010858],[127.1034178015897,37.6177935991008],[127.1047638002437,37.6182352986591],[127.10486590067079,37.6195615984827],[127.1060164008471,37.6203659014594],[127.1039116029519,37.620212101613205],[127.1023793044842,37.623794498030804],[127.10236140314221,37.6267195005253],[127.10100030269929,37.6282731053027],[127.0981187053456,37.630370803462604],[127.0901132984503,37.629182211769105],[127.081686301233,37.6378777028082],[127.0787162042031,37.6375140031719],[127.0771401057792,37.6381066025793],[127.07645000503089,37.644448001886396],[127.0772598034514,37.6478995003484],[127.0797500009612,37.650599997647895],[127.0811662995449,37.6490576991902],[127.0830331999596,37.6494022986931],[127.08314080057319,37.650185499699596],[127.0886394009925,37.653627798281605],[127.0872554035416,37.655895299033396],[127.0903239013007,37.6578849980717],[127.0921279039343,37.656957699425696],[127.0916515025404,37.6596493005791],[127.09400700086931,37.662510100308],[127.0929341015151,37.6630783999135],[127.092830502538,37.666708502540295],[127.0908599045086,37.6668875023613],[127.0884260062677,37.6713272019328],[127.09295450115,37.6779832010698],[127.0899450000121,37.6811335005227],[127.0843881005257,37.6813198015156],[127.0816174032964,37.6805682022672],[127.0774814008025,37.681867403901904],[127.0738879015389,37.677515905328],[127.0710280978421,37.6759277052427],[127.06733930153091,37.676767404403],[127.065975799655,37.6806218038685],[127.0639297017011,37.6797420047483],[127.0608115048193,37.6824196020707],[127.0609113047195,37.6838745006158],[127.0579329012039,37.6857113013782],[127.0551920000246,37.6889804005119],[127.054717399425,37.689152699824604],[127.0554446986977,37.6881402008371],[127.05324310089931,37.687879901097396],[127.0532436001955,37.6908761997472],[127.0539059011739,37.6909384005886],[127.0497168013385,37.690986700961105],[127.0461389022936,37.693173101694605],[127.04797790045461,37.696242998624705],[127.0491892002291,37.6962507011779],[127.0455470020429,37.6976782010665],[127.0455605003706,37.6990496005807],[127.04547759945319,37.6977377020282],[127.0431812017496,37.6962283035376],[127.04013479842851,37.6958834996873],[127.0421686972779,37.6943735996897],[127.0417465977,37.6908346032287],[127.0388368006098,37.6898258042375],[127.036436294647,37.6925146008278],[127.038836796854,37.6898257971977],[127.0380253976654,37.686646500377],[127.03569519966581,37.6864677003799],[127.03640879890581,37.686114600025505],[127.0367731985414,37.6798513062888],[127.034007499152,37.6774257008266],[127.03808480083269,37.6787093992467],[127.0398485990689,37.678393399562694],[127.0427387984155,37.676375698935004],[127.04269089846339,37.6750263002844],[127.0361046965662,37.6705735026217],[127.0323290993066,37.671087302616705],[127.0311593997079,37.6703455004043],[127.03035129921531,37.6690775999528],[127.0305153980445,37.6653940026012],[127.0294087991511,37.6646591033361],[127.027548901011,37.664990603004604],[127.0262416973765,37.666791601331305],[127.0274225986089,37.6651126996923],[127.0268813992863,37.6630550006426],[127.02497770119,37.6626819010157],[127.025339198279,37.6637391043838],[127.0242583993598,37.6628112053117],[127.016883701109,37.662264103823304],[127.01319650479621,37.663031003056396],[127.00752180662981,37.6704251044102],[127.0057512994668,37.6717701022867],[127.0039109989433,37.671494203915096],[127.004877796078,37.6709332005789],[127.005987192876,37.6654058002378],[127.0054225934406,37.6623568032868],[127.0025713962918,37.6587418069018],[126.99950249460251,37.658026303748706],[127.00192279758541,37.6581441972934],[127.00793319207929,37.654995298365606],[127.0043586925182,37.649998500180004],[127.00290149397539,37.645694504484],[127.00000779411971,37.641043999746],[127.0006803934471,37.640061300728696],[127.0004801916654,37.63362729854],[127.00356379271969,37.6292151999862],[127.00299369328981,37.6252988039026],[126.9944093943319,37.6264522020183],[126.9924197963215,37.621792506678],[126.9866148982834,37.6189374066207],[126.9883673970521,37.614475799536],[126.9874771979423,37.6126829013289],[126.98874589721319,37.609904802403804],[126.9897691963637,37.6039255019993],[126.9895122966206,37.6000199059049],[126.98588440024851,37.5980129079119],[126.9810207000353,37.6019076000677],[126.97676040094821,37.5976038039055],[126.9755124006271,37.601519804361196],[126.97532269918541,37.5996445010316],[126.9727397017684,37.5999153007608],[126.9694984996988,37.600656301553194],[126.9674731004366,37.6034657008493],[126.9662611004257,37.6019950019135],[126.9650234001737,37.6029072019181],[126.9632248001961,37.601902701472994],[126.96249800092289,37.6031696002061],[126.9631494020477,37.603916500908795],[126.96085240139759,37.605130701879595],[126.9602781000974,37.605225100929495],[126.9598973000727,37.6037272016637],[126.9575491006821,37.603863501088206],[126.95678100091031,37.6051878008466],[126.9572092004821,37.6068260992083],[126.95803120066199,37.6062345990987],[126.959297500999,37.6069602009144],[126.9579263008761,37.6077201005545],[126.95895460192659,37.6091936007392],[126.9569183992975,37.6121223012679],[126.95314500068561,37.609387003143596],[126.94773620271289,37.6101892071471],[126.9495228984324,37.6072681026133],[126.94440799916259,37.6047868037153],[126.9412271023435,37.6060236024785],[126.94126340172309,37.6106956993696],[126.9434319070172,37.6150201023162],[126.9437588066903,37.618373298963],[126.950452903193,37.6202033982321],[126.9519129021473,37.6217113996385],[126.95068170041,37.6227170023166],[126.9479025031892,37.6221581028755],[126.9492087046153,37.6275273038721],[126.9440547002953,37.6296468052655],[126.9391626051874,37.6346298002825],[126.94028660200499,37.6396629009193],[126.9413787008466,37.6412038996223],[126.9400541006127,37.6421771008443],[126.9395196004842,37.6441759003128],[126.9376318996886,37.6411989025029],[126.93163390373759,37.6442854023956],[126.93110400426751,37.6481010985799],[126.9337900007001,37.6490160994224],[126.9345867999033,37.6501677982707],[126.9364030001874,37.6496190997074],[126.93570920067201,37.650287799492204],[126.93642270020679,37.6505716002887],[126.9345770990719,37.6510528009138],[126.9327378003854,37.6502042010116],[126.93213510098809,37.6516790995367],[126.9335738007517,37.65242990074],[126.9318576001371,37.6540600006386],[126.9309508990785,37.6528255007195],[126.9311816989321,37.6512947016692],[126.9288645008273,37.6510002019059],[126.9282108010127,37.6524407007887],[126.9264472010272,37.652183202744304],[126.9225070049674,37.6545623003652],[126.92154720469401,37.6570399015701],[126.9246103018232,37.66063599859179],[126.9211956009792,37.6602059039903],[126.9203496013855,37.662766601355095],[126.9209306007976,37.6641314000914],[126.9191728987827,37.6638555999886],[126.9197939981282,37.6616123017873],[126.9188687933406,37.6595907005292],[126.9191817930276,37.6581023020176],[126.9148373971977,37.6543257055072],[126.9126827972483,37.653458705404],[126.9083756015555,37.655006803855905],[126.90963549986559,37.6587711007191],[126.9083756008808,37.6550068038689],[126.9060503032061,37.658096200779504],[126.9078772016239,37.6595078999823],[126.911452800413,37.6606310994699],[126.909823500227,37.662205200288],[126.90786360144,37.661324001547904],[126.9050447972878,37.6643457030493],[126.9041211982114,37.663215304179694],[126.8986704036622,37.6642868031082],[126.8967139991957,37.6671164023811],[126.89216040144599,37.6667901020236],[126.8915923020141,37.6681804006333],[126.88893209938651,37.6675817010789],[126.8880529997733,37.6682032006214],[126.88739029926681,37.666660599569],[126.8888845000646,37.667276799469406],[126.8904872994084,37.6653928001719],[126.8893097999947,37.6647753006737],[126.8869830994052,37.6650975006483],[126.8875456992092,37.66372290053361],[126.8860739982115,37.6620668992281],[126.8864135978719,37.6615214997735],[126.8844809998045,37.660103701191304],[126.8754463999941,37.658774301860696],[126.87517410026639,37.6599848006502],[126.8744160992139,37.6593332010374],[126.8711798991576,37.6597533004259],[126.87190479852859,37.6583342012258],[126.8685516997983,37.6531441045259],[126.86617720217279,37.6523491053209],[126.8623141981792,37.6530670085422],[126.85946009515861,37.652374802199795],[126.8587533987794,37.6482168010469],[126.8576186999141,37.6480190012447],[126.8522079024108,37.648049406525196],[126.8490211055976,37.6494728051018],[126.84776940684931,37.6534912010834],[126.8505676037002,37.658047598205606],[126.8500902003936,37.6639697001969],[126.850436198954,37.6630759011324],[126.8458897980611,37.6582752048288],[126.8429546009963,37.660461902642105],[126.84302970042461,37.662297201378095],[126.8410524999126,37.6629631001341],[126.8406324987241,37.661753200544],[126.8392322001244,37.661035401261806],[126.83750390003141,37.6622868009111],[126.8357479005746,37.6622588005558],[126.831465099409,37.6603474018052],[126.8301425974175,37.6606301018224],[126.82925849778839,37.6583688011969],[126.82707329755719,37.6580229003088],[126.82870899745781,37.654616299917],[126.8307589974555,37.6546242980608],[126.83176399715991,37.6503249986848],[126.8299080990158,37.6488129001969],[126.8315415983593,37.647274299197],[126.83182559941,37.6456973999437],[126.8330445999636,37.6461557997954],[126.8338970991015,37.6436448001626],[126.8327354002632,37.6434730003344],[126.83213339988541,37.644352900276104],[126.8303239993656,37.6430267004367],[126.82649929954219,37.6370531033155],[126.82358080038141,37.6397872019241],[126.8207046980113,37.6344341004809],[126.8241840962771,37.632483099898],[126.8235433975759,37.630656900030495],[126.8214743996449,37.6297601009273],[126.8202996008197,37.6301757005117],[126.8195498009114,37.6306712017099],[126.8201789992294,37.6324193010799],[126.8195497989654,37.6306712007852],[126.8214426986751,37.6296530993337],[126.8204824000048,37.6285610998411],[126.821442700377,37.6296530997265],[126.8229829995466,37.6286499994694],[126.8261455999671,37.6295420998025],[126.8269694991432,37.628922600422],[126.82580349967881,37.6282534998546],[126.8265708995595,37.6263322993795],[126.8272489014288,37.6257690994803],[126.82824000043769,37.6269074983419],[126.8289179001193,37.6250879991576],[126.82959720060539,37.6266016995347],[126.8313216988809,37.6260176001188],[126.83086940018299,37.6245029988907],[126.8321422998611,37.626004098571606],[126.83342800039,37.625325599200394],[126.8338382002113,37.6270091996761],[126.83458199974879,37.625795499933105],[126.8353451000007,37.626782899419005],[126.8354800004472,37.626226299634396],[126.8364000001811,37.6282036995949],[126.8370630998371,37.6281999994349],[126.8372024000644,37.627234299935196],[126.8374827001654,37.6284773998031],[126.8390713002755,37.628260699970596],[126.8393056001378,37.629476599228795],[126.8406512007212,37.6288106999863],[126.83864230122241,37.6300435000519],[126.83760050400349,37.6339938009911],[126.8391376024664,37.636578798406106],[126.8416561018917,37.6360716013021],[126.8383929017307,37.6374242001722],[126.8396918004318,37.6390865985098],[126.84167530066651,37.6395227988467],[126.8398102020502,37.6405212992616],[126.8419109006205,37.6434145972499],[126.84661510139239,37.6462640984126],[126.85034419766329,37.6452121994645],[126.8515340014546,37.6441550979442],[126.85339340147681,37.6449223992186],[126.85238080087231,37.6448443007691],[126.8518598013933,37.645973499639894],[126.8529586002945,37.647056298557104],[126.8543446000201,37.6463177993732],[126.85642570054111,37.6480633969503],[126.8587534003141,37.6482167970332],[126.8605132985542,37.6462031990468],[126.8650758949582,37.6452960997764],[126.8651578979487,37.642035299363805],[126.86441839724371,37.640324796351],[126.86663080083619,37.640292698327904],[126.8699535995479,37.6389187984473],[126.8698986999635,37.6366474987501],[126.8722584999918,37.639426399208396],[126.8732877989625,37.6384766001582],[126.8725829996432,37.6382162996765],[126.87372829971639,37.638281299187604],[126.8742959008733,37.637470799691],[126.8758068997118,37.6416851977299],[126.87754039797831,37.6404402989748],[126.8759258992433,37.639168497993296],[126.8775404000241,37.6404402995774],[126.8785087009127,37.6398137969546],[126.8803846001842,37.6405804977735],[126.88126270096649,37.642427197971],[126.8835803016035,37.641730497436804],[126.88885700094791,37.6426281982102],[126.8907651002741,37.6416756986498],[126.8929543993017,37.642873297020195],[126.8969218979976,37.6429396969011],[126.8990933958261,37.6417956980451],[126.9087727917583,37.6289511973169],[126.9071369933941,37.6248349014332],[126.9008755996555,37.6229288033393],[126.8983958021353,37.624057202210906],[126.898137498742,37.6234582004956],[126.9005961987948,37.6228519980014],[126.90104889834211,37.621915998937396],[126.8999969993615,37.6182778018414],[126.8974086971665,37.6190097022052],[126.9012091962686,37.6118158996628],[126.9008392970045,37.6059978024811],[126.8986621978964,37.6063885988247],[126.9014158975142,37.5982735012405],[126.8998854960372,37.593601702351],[126.8981837972863,37.5931304021419],[126.89960859703709,37.5906997007631],[126.8949385999211,37.5889146023716],[126.8934395014202,37.5891805021057],[126.8921289011831,37.5952761006449],[126.8890804009144,37.5944385014594],[126.8891919000523,37.596612200082305],[126.8870522982556,37.596251201117894],[126.8859742993336,37.5951754021937],[126.882410001428,37.5961385017755],[126.881472803015,37.5997633006105],[126.8801335986116,37.5983440012665],[126.8786611000841,37.5988580007525],[126.87840130210539,37.601537998618895],[126.8793942003462,37.6033139992866],[126.8801934030879,37.603129599352],[126.8801974994515,37.605217901387796],[126.8780258991639,37.6060284008379],[126.8759649002227,37.6052686019146],[126.8754479996257,37.603208700761606],[126.8745275003465,37.604689201102204],[126.8738173005209,37.604377401460596],[126.8728707014675,37.6058365000015],[126.8728021009243,37.607985500253996],[126.8719843007069,37.6086092003185],[126.8722628004284,37.6094670994606],[126.8732551004713,37.6091710990684],[126.8736156007205,37.6098167988625],[126.872585501412,37.61101209937],[126.87323360076391,37.6114879988941],[126.8752929000539,37.6104613986769],[126.8758545009768,37.6115770992354],[126.87745290158699,37.6115818992944],[126.8750257999102,37.6155676004553],[126.8711861023904,37.6142320032186],[126.8696395013699,37.615409903240206],[126.86612310346139,37.6152553036742],[126.8669811969112,37.6141572000385],[126.8667837971086,37.6094020047937],[126.86350260038981,37.6097613044344],[126.86229349961441,37.6128716045845],[126.8558673014819,37.6129773019994],[126.85360450329,37.6145250007497],[126.85327170334739,37.6175557991226],[126.85420210154639,37.6191723004153],[126.853090600936,37.622150800187],[126.8482603010526,37.623413300465806],[126.8480900001764,37.6243913013784],[126.84584959943369,37.624421501249095],[126.8457274991045,37.6231522004134],[126.8442164006156,37.6233242002414],[126.844152999925,37.6241132005568],[126.84422929972439,37.623460400477],[126.8418665999335,37.6228647000308],[126.8428075998246,37.6229484997957],[126.8424411998685,37.6216499004317],[126.8394048000693,37.6223124003644],[126.83968609970489,37.6216065000226],[126.8383603004936,37.6210052009204],[126.83797700057279,37.6221369001793],[126.8368668000599,37.622262500548196],[126.8349947995341,37.6207645005266],[126.835431199545,37.6203706002986],[126.8339064992068,37.6200827007045],[126.83372709985301,37.6187632006383],[126.83237159986881,37.6191449001037],[126.8328126993526,37.617611700398896],[126.8295173997126,37.6154782015657],[126.8249065008241,37.618713100434604],[126.8218703005306,37.6171839014115],[126.81815090060151,37.6201351008774],[126.81427630311221,37.6175529037],[126.8126686020584,37.619569203929004],[126.8122031971805,37.6190115990683],[126.8151299966091,37.6138473984022],[126.813002098737,37.6105865016631],[126.8134747986763,37.608594501576704],[126.8125392983502,37.6081567014297],[126.8134747993519,37.608594498639],[126.81373449910039,37.6065652990803],[126.8153765977837,37.6047176008967],[126.8140878972879,37.6039130011078],[126.8145420972424,37.6012106988585],[126.8163940002445,37.6024577989525],[126.8190941005535,37.6001616988163],[126.8220101987382,37.6030750974321],[126.8216110991373,37.6001233003839],[126.8207402997066,37.600139599786395],[126.8235458978432,37.6001235990392],[126.8242818999018,37.598608999379906],[126.8262941994394,37.5982433993213],[126.83016239907731,37.599270397085],[126.8283348008152,37.600493700381],[126.8289262002238,37.6017550991196],[126.8296467004792,37.6008653991553],[126.83209120118349,37.601650399766996],[126.8319012009386,37.6070415976627],[126.83429389854591,37.607078297625996],[126.8343697012225,37.6048281994772],[126.8342939014927,37.6070782981052],[126.83621079957581,37.6074643977191],[126.8367755990888,37.6057278994184],[126.8390938001906,37.6048205998859],[126.8392442001997,37.6064073985442],[126.8408879991784,37.6071348990634],[126.8397082995169,37.6037877988869],[126.8398258002193,37.6048091988306],[126.8411616988834,37.6048513987884],[126.84165750004699,37.6027924976883],[126.84436460164491,37.602983298938796],[126.8460637999457,37.606588895333196],[126.8481512020243,37.6067744965375],[126.85004890472011,37.608665695945305],[126.8527976022085,37.6139163973063],[126.8563856986204,37.6125031987195],[126.85511939980081,37.609863399102004],[126.8576216972985,37.608457800507594],[126.8578739971637,37.607394997425196],[126.85627819866761,37.6044431002032],[126.8589414977086,37.6049388984213],[126.85713199765209,37.596867397984504],[126.8597919011131,37.5996575980162],[126.862835998069,37.5985664991073],[126.8650379989065,37.5952117998378],[126.8646931992513,37.5942060008436],[126.8623293016152,37.5924548025948],[126.86040650341779,37.5958244994111],[126.8599635997109,37.595163400183196],[126.8609438994649,37.591615098472296],[126.8625578978509,37.5908122992751],[126.8647264984554,37.5924458977884],[126.8683865007368,37.5908315992248],[126.8704405010693,37.5922219992594],[126.8705417005341,37.5934240986195],[126.87459679691301,37.592212399269],[126.8753121961976,37.5898781016033],[126.8743537978139,37.5880059994124],[126.8707763013914,37.585609001809395],[126.8702006992701,37.587230000476396],[126.8694739999968,37.5853190023874],[126.8694811998161,37.584238500054795],[126.8711453983536,37.582688398994804],[126.8693446996345,37.5811855998101],[126.8699360977113,37.5794437993958],[126.8711046979396,37.5785368969762],[126.8768634018364,37.5798129949795],[126.8768223015153,37.580472999676],[126.878716700369,37.581421899061],[126.8809052997962,37.5798834995071],[126.8803022983975,37.575929798862695],[126.88325999624001,37.5740700001561],[126.8809822988416,37.5699719001164],[126.8824496988151,37.5693064998568],[126.8821943001221,37.568768399378],[126.8827615995548,37.5691196990267],[126.8832274990889,37.5678523002941],[126.8817687990719,37.5650692011803],[126.8808038000369,37.5660411002084],[126.8799825993057,37.5657626004008],[126.880603399365,37.565120400472395],[126.8790575998388,37.5646081003754],[126.8800653987019,37.564103100495],[126.8746962030468,37.554989209591405],[126.8617874065462,37.564172106764204],[126.8595211073323,37.5673483053712],[126.8642369026165,37.573749398970094],[126.86607890077451,37.573571199148304],[126.8632409001298,37.5754079012119],[126.8642368975802,37.5737494004933],[126.859521102296,37.5673483068944],[126.8558023060148,37.567675706567],[126.8524369013457,37.5697056088433],[126.8491049046777,37.5704670080819],[126.843945800857,37.5751408089109],[126.8348612023493,37.5787932095668],[126.82942699938779,37.5797015007282],[126.829057899772,37.578842700965204],[126.8271050009013,37.5793896014679],[126.8268262992129,37.5806071011813],[126.8235593983691,37.579416803535],[126.8222517975644,37.5776255021376],[126.8193923004239,37.5787550010081],[126.8144506003003,37.583393801175504],[126.8118402990154,37.5834095016962],[126.8101368007189,37.5823112027945],[126.80634899825189,37.5824841004166],[126.8049783996225,37.5814489014518],[126.8030217002468,37.5817936005039],[126.8026546006159,37.5835306009371],[126.80053460273591,37.5843523001154],[126.80229030151399,37.5862959997058],[126.8034665018299,37.5863950005301],[126.8019699008579,37.5893229011527],[126.80105319927989,37.5865685025961],[126.7998045005286,37.5863295028351],[126.79857720175589,37.5876523015123],[126.7993161001806,37.589474801007],[126.79664770065709,37.5858404020248],[126.79489289932299,37.5869201017893],[126.7921119986424,37.5824919011852],[126.7896955986848,37.5839603021927],[126.7887793993929,37.579745603523506],[126.7870287985526,37.5831537019494],[126.7866128993838,37.5787481980068],[126.78846320059719,37.5784861986078],[126.79141360197539,37.5804773998715],[126.79463230180791,37.580977399667205],[126.79347060266211,37.583896698085496],[126.79631119990181,37.584389297632],[126.7984296986404,37.581064900109304],[126.79813849966139,37.5795593993005],[126.7992492996413,37.579892799058506],[126.79951389937669,37.5789520999992],[126.7985494992504,37.5784273004326],[126.7985675998972,37.577286801068304],[126.79744450016919,37.578289100798],[126.7958203993537,37.577875000399295],[126.7954923997577,37.575665202439204],[126.79316130025819,37.5771305021091],[126.7840479994705,37.5753331981572],[126.78477270484761,37.574853994663],[126.78681250280779,37.576143193373795],[126.7910774985428,37.5710426984743],[126.7925472028772,37.5725814958049],[126.7971767982476,37.569763798622596],[126.7988997005788,37.571171499729296],[126.7993937003088,37.5758302957253],[126.80062629941041,37.572519199299805],[126.8025624988191,37.5723998983245],[126.803845399126,37.571147199273696],[126.8033780993776,37.5695627997475],[126.8043332988424,37.5680287006308],[126.802456799468,37.566965500185304],[126.80182379832189,37.564436301729394],[126.8001116000341,37.5643951017706],[126.79681789916259,37.5624330001926],[126.79655049940679,37.5613543996905],[126.8010809994952,37.5610990992378],[126.80223929993349,37.5595927991479],[126.80369469908699,37.559325898907595],[126.8037177990639,37.5583227999107],[126.8050387001578,37.5573117993449],[126.80657879877239,37.5569428995911],[126.80637989888,37.5561358999228],[126.80723329903789,37.5564599992315],[126.80971429714299,37.5539131004016],[126.81098919956469,37.5510346971854],[126.8135181970357,37.550874897345196],[126.81657769935029,37.5491340000299],[126.8165837988813,37.5482235973142],[126.81740430017601,37.5481222996993],[126.8187574996364,37.5499997987259],[126.82136179967951,37.5464705994294],[126.82309620004699,37.5470100985819],[126.8237985004818,37.5458471983768],[126.8263472008099,37.5480957977828],[126.8280916000747,37.548435598047895],[126.82969249847379,37.5477742987092],[126.8308799987579,37.545664599539705],[126.83060839907391,37.5423652999388],[126.8291893995683,37.5413923999915],[126.8313185999672,37.541234199531196],[126.83171659966769,37.540480199986995],[126.82807149931519,37.5394063999778],[126.8295460001511,37.538161099331504],[126.8310950993764,37.5384033991929],[126.83063799922549,37.536870199884],[126.8327299998689,37.536646499224304],[126.8342156992948,37.5348910000275],[126.8336812998292,37.5340737008448],[126.83330469921759,37.534695900182605],[126.8336977988445,37.533508599395596],[126.8331464993958,37.5325538003504],[126.8321439996324,37.532750900588105],[126.8322037989545,37.5315633002289],[126.8309120985871,37.530476199427405],[126.8318635997726,37.530760399249296],[126.8326595993935,37.527759599644405],[126.83329189997431,37.5284743993302],[126.8345264992883,37.527881699364],[126.8372614997835,37.524443699829696],[126.8363290995047,37.5236918999842],[126.8366224990219,37.5226308005397],[126.835424799378,37.5218198010338],[126.8358792974852,37.5196270002227],[126.8380402989564,37.5172303005246],[126.8359599995259,37.515999999860796],[126.8402484996566,37.5150056991824],[126.8405007001656,37.5134760991074],[126.8422539004609,37.5126861993246],[126.8423443003975,37.5138950992096],[126.8454061998046,37.5155441979366],[126.84618089902989,37.5125385009423],[126.8447143984278,37.510752400188004],[126.8466845981352,37.5077997007371],[126.8438068983187,37.5069172013816],[126.8413534969005,37.5037522033298],[126.83819369813031,37.5020909035455],[126.8364370973726,37.498840003825],[126.83185969974889,37.5011213009586],[126.83153500045181,37.5020392004509],[126.8296670023198,37.5021342003559],[126.8290968026494,37.5048315016529],[126.8265863013289,37.5027837019797],[126.82523430268091,37.5032506015128],[126.8242230039863,37.5060742002757],[126.8225653016423,37.5060002021993],[126.8201476019661,37.5084407040617],[126.81973209992229,37.5071972012228],[126.8170635025909,37.5057288026912],[126.8145825050719,37.510450597969395],[126.81587810199031,37.5150011020132],[126.8136697989248,37.515994303633505],[126.8124118965834,37.513857701744705],[126.8083719989026,37.5120059019224],[126.8071382001364,37.51229830163],[126.806099400739,37.5148363001825],[126.80824250049271,37.5180935991553],[126.8094405029981,37.518551001111604],[126.809446602992,37.5199082997543],[126.81273849998499,37.5206420992109],[126.813494800661,37.5225671995493],[126.8164907009935,37.523958301227395],[126.8148458005242,37.5246992003264],[126.8120976007669,37.528125400663],[126.81124830085601,37.528099900777804],[126.81066130121451,37.529961000188],[126.80907570057589,37.5303232018158],[126.8062295993022,37.533272200567296],[126.80601269840109,37.532616700278496],[126.8038782999856,37.5326521003073],[126.8021254006291,37.5296959026214],[126.8009365991941,37.529894201953],[126.7982231989017,37.5276797007483],[126.79667759914419,37.5279946000001],[126.7979377982714,37.5255966999051],[126.797688198521,37.5243806011212],[126.7968747993344,37.524149101352705],[126.7969797990618,37.523442800561895],[126.7943634990693,37.5231732994578],[126.7954682996688,37.5219446994675],[126.7990716983183,37.521482599635796],[126.7983572995985,37.5199226993333],[126.8025817993083,37.517165599257396],[126.8034328984572,37.515957200465806],[126.80276899947489,37.5151832999562],[126.80343289948681,37.5159571991323],[126.8039319995282,37.515312798237396],[126.80571549977921,37.5157608989241],[126.8067511979978,37.513243800718996],[126.8048311999178,37.512831501131295],[126.8044927989674,37.5133778001724],[126.80483119862899,37.5128315007187],[126.80322750023271,37.5114314021188],[126.80096329864561,37.513527400682904],[126.79867979989591,37.510615503683],[126.79414509847689,37.5103290019999],[126.7942731971318,37.5086246015864],[126.7902222001583,37.5056725039895],[126.7883162020643,37.5064677031943],[126.78650450036861,37.5098536006817],[126.7839076988613,37.5105279005492],[126.7841207986408,37.5099339999676],[126.7827552983296,37.509367400509],[126.7827634983203,37.5079280000077],[126.78108229920039,37.5073533999997],[126.7802790990959,37.5053754009133],[126.7781215012535,37.50454870174],[126.7771006003595,37.5075441001167],[126.77589730063009,37.506632001014005],[126.776139500398,37.5080606002419],[126.77493959930909,37.5095468009293],[126.7749029979675,37.5081483011436],[126.7707123987768,37.5056178018568],[126.7706851992355,37.504898600683],[126.76878329976809,37.5047577006363],[126.7692202995329,37.5039618006516],[126.7673044011511,37.503618901036],[126.76832140023001,37.5046794007146],[126.7681116000911,37.5053368004775],[126.7664365002545,37.505071500365],[126.766798100242,37.5066121011919],[126.7658759993769,37.5061944019512],[126.7636298979615,37.5070237014955],[126.761410400181,37.5063845021347],[126.7602719999774,37.505270700306795],[126.7604759996147,37.5042631003597],[126.75925189962389,37.5035140000549],[126.7595672994333,37.5023871997129],[126.7609546990971,37.502206199606704],[126.7627567000727,37.4999404998156],[126.7636966001847,37.5004719999759],[126.76283020033429,37.5011147002121],[126.76293360025579,37.502643399209894],[126.7658364001988,37.5014234996481],[126.76730440168011,37.5036188991405],[126.7706801983043,37.5029800997793],[126.7705875981959,37.501566000234995],[126.77405449745861,37.5005831987314],[126.77568029992611,37.499236398302],[126.7761195997416,37.497623898935004],[126.7777344997175,37.496890698574305],[126.7790567002962,37.498132300262704],[126.7784989004475,37.498032000919004],[126.7781463008001,37.4993087996422],[126.7788350004789,37.499860499491696],[126.78114410023551,37.4994162991338],[126.78288309849651,37.5002775982725],[126.7834099981725,37.498309999475],[126.78464029957901,37.4974951005001],[126.7837092998623,37.497630599473304],[126.7854525997544,37.496260398894094],[126.7867001011806,37.4978400992122],[126.7906113007065,37.4981214990417],[126.7910039003294,37.4987949993281],[126.7925344006145,37.4984202987199],[126.7942048006828,37.499643398458595],[126.7967727988341,37.497758996964905],[126.7984221015485,37.4976144973845],[126.8011223000372,37.4988171997789],[126.8009538989791,37.5003645035356],[126.7987941011389,37.5003189035812],[126.79958750069841,37.5039002011307],[126.797943000111,37.5037206012195],[126.7973576006903,37.504758000216],[126.7980297001026,37.5055970996152],[126.8010447990907,37.506187799676],[126.8048475954383,37.5038932011377],[126.8033286966043,37.501504102396],[126.8057174993288,37.4982239997624],[126.8050709997205,37.495595802150994],[126.80442190036959,37.497025800721005],[126.8028581983239,37.4978875000475],[126.8028818970887,37.4937925012065],[126.7997754958314,37.49391390081],[126.7980196975912,37.492296101973494],[126.793756299761,37.4931434003516],[126.7934814999047,37.4924145007633],[126.79151379942451,37.492588600062994],[126.7906579002804,37.4915143011373],[126.7900687986969,37.492093900866],[126.7883289983769,37.4910256008668],[126.7865674986829,37.4912693008151],[126.784732099313,37.4895595005012],[126.7848592995815,37.487717100630896],[126.7833467993518,37.4869707005398],[126.7791158005659,37.4906996000199],[126.7783289005371,37.490339300705806],[126.7780800008373,37.4920363000942],[126.7747876998534,37.489773800719],[126.7743852997787,37.4905304002672],[126.7733471997146,37.4891550005719],[126.77285579987701,37.4897586002195],[126.7725364995718,37.4892048005464],[126.771837799245,37.490098500817204],[126.7701435009393,37.4901362007795],[126.7690502006553,37.4927994003015],[126.76725520054829,37.4919142014056],[126.76718530023379,37.494179699487596],[126.7683322005297,37.4940201999211],[126.7677583000376,37.494578300187904],[126.76417339884931,37.493470100673505],[126.7639195988692,37.4922532008013],[126.760345499986,37.4934126012485],[126.7597995002349,37.4949229001663],[126.75910979973061,37.4935797013627],[126.75864230016991,37.4948797005054],[126.7563669002152,37.4946846010066],[126.75598770047681,37.4969574993083],[126.7579133000353,37.497104899996096],[126.75645830055491,37.497191200204],[126.7562938002983,37.4980583011194],[126.754205200049,37.496684800592995],[126.7539214002198,37.497383400504994],[126.7520427994951,37.4968311003582],[126.7508673003491,37.4946271006175],[126.7489140995657,37.495228900225],[126.7470169993498,37.4934017008018],[126.746508799597,37.4916294001116],[126.7440835016235,37.490994600734],[126.7423595995307,37.4925953005648],[126.74123299967319,37.4922010011966],[126.74034789934821,37.4903835005953],[126.7395049987446,37.4903733000964],[126.73901409926,37.4888870011217],[126.737873100401,37.4884632015455],[126.7374310000483,37.4895954003555],[126.73514760081521,37.4878214013647],[126.73398690061191,37.488265401763904],[126.7325867007609,37.490703500046],[126.73298340041589,37.491924000378795],[126.73007120078779,37.494567100333995],[126.72950080080389,37.4964093003761],[126.7267909001903,37.4962021003758],[126.7268569000191,37.496976700224394],[126.725035300619,37.4978777999614],[126.7257058012903,37.4983898999248],[126.72515050010429,37.4990183010649],[126.7234112004864,37.4991293009439],[126.72355180004419,37.5001915004315],[126.7228896003471,37.4993650007303],[126.7230060006799,37.5008189006796],[126.72185729986559,37.5015157009344],[126.7219792991235,37.5006099008395],[126.7190450971415,37.498823300217],[126.7205844985276,37.4980937998775],[126.72013359995239,37.4944828015051],[126.71869409908079,37.495610300343905],[126.7177727997812,37.492360401122305],[126.7163828980727,37.4914214015756],[126.7173736981662,37.4887447003302],[126.71480780035441,37.4868468019851],[126.7133074997052,37.4884412002773],[126.7137181996284,37.4872778004278],[126.712863999059,37.4867505000886],[126.7145898973521,37.4830405013832],[126.7110931008135,37.4801362017092],[126.7095549997034,37.4811677005722],[126.7099974993911,37.480253600074995],[126.7073043994721,37.4769527014221]]],[[[126.94094519934511,37.389933999601794],[126.9438192977209,37.3878887990152],[126.9420640987036,37.3864680002612],[126.9424352982926,37.3846985997134],[126.9434803016446,37.3853163984115],[126.94555579956909,37.384135399592495],[126.9461623998022,37.3846405990469],[126.9492210000562,37.383752899295295],[126.9498071009136,37.384438998845],[126.9524989997754,37.3825139995008],[126.95429029991679,37.383828199030305],[126.9552316991722,37.3825367001452],[126.954563900122,37.382161599754006],[126.9564655005928,37.3826176998828],[126.9570637006142,37.384601899405396],[126.9563608999648,37.3847106007616],[126.9562387000283,37.386283199299704],[126.9604712000905,37.387162299214],[126.9611405010335,37.3885113991021],[126.9623806997933,37.388659398954104],[126.96436589984751,37.3853170992394],[126.9644665006277,37.3871963994536],[126.96661089971441,37.3868718989043],[126.96688759982031,37.3852593991352],[126.9680006005904,37.385832799378704],[126.9691265002495,37.385080699049205],[126.9691063016899,37.3858883999221],[126.9703996009569,37.3866961994621],[126.96995970117891,37.3877879998625],[126.97117030055149,37.387863199856795],[126.971062200964,37.390808997630394],[126.9722554002957,37.390799197899995],[126.97325020007109,37.389051299630296],[126.9738981006848,37.3907503986629],[126.9750461006798,37.389703399106004],[126.9765830007795,37.3904589992039],[126.97539450131879,37.3909503006421],[126.9760934006199,37.3925746990177],[126.9779900987232,37.393253398339],[126.9796047977577,37.3918471978157],[126.982909299648,37.3930923986278],[126.9845546005791,37.392120297416604],[126.9859255992239,37.3942128981338],[126.9866251003009,37.3933722996003],[126.9856948021489,37.3963641006468],[126.9865659012778,37.3971594998514],[126.9846118000196,37.3971836013556],[126.9835532002244,37.3992036011109],[126.9809268028508,37.3991004012141],[126.9810458027318,37.4020217982927],[126.9843868031083,37.4040808014809],[126.98415650098829,37.4077648999535],[126.9825500011097,37.409381799916],[126.983183800784,37.4103235011647],[126.9822171007411,37.4111113011814],[126.9800969018505,37.410645701323304],[126.9816460013122,37.4127153995773],[126.9805594999339,37.413122301955894],[126.97885399902209,37.4103054032465],[126.97440959965971,37.4110100008795],[126.9746079992035,37.4092433016962],[126.9728724000679,37.409778500757405],[126.97217360076671,37.4106715998643],[126.97270980032411,37.4110535011674],[126.9709280004802,37.4100537014953],[126.9695435000664,37.410344801388796],[126.9690993989177,37.4094239011512],[126.9669661988586,37.4099289012348],[126.96604859806149,37.406756202501796],[126.9642618998482,37.4070024022556],[126.96407859863449,37.4058993002076],[126.96256459879909,37.4051823004919],[126.9621510992362,37.4032891006602],[126.96105820032909,37.403098300851006],[126.9606980993583,37.4038215006266],[126.9610880987425,37.4029933998806],[126.959192999376,37.4021418010677],[126.95910829932579,37.399819102400805],[126.9547747979191,37.398688099435404],[126.95353989941009,37.395265801531295],[126.9527541995579,37.396733701219496],[126.95139760021061,37.3962653014826],[126.9500780996942,37.3972806005417],[126.94714269963,37.3968917011552],[126.9461812999029,37.3978287007253],[126.9471426987835,37.3968916996455],[126.94650849941769,37.3940134025238],[126.94493880017501,37.3951666020557],[126.9421846991636,37.3935533022089],[126.94094519934511,37.389933999601794]]],[[[126.7203728951982,37.571066598109],[126.7210868999357,37.5674545996694],[126.7244329965896,37.5671537999702],[126.7249591970234,37.5631747984285],[126.7274668059121,37.563299394032],[126.733804902592,37.5666380926047],[126.7424515996301,37.563916595303596],[126.74503589876281,37.5599281983201],[126.7444406998594,37.5572156003503],[126.7437420005581,37.556668900897],[126.7433451997828,37.557553200404],[126.7396923967045,37.5560227032201],[126.740339400185,37.5562993988343],[126.7427901995904,37.5542465995101],[126.7400247994881,37.5507536003928],[126.7409900997695,37.551421499473896],[126.7423794995925,37.5501271002537],[126.7409331998264,37.550519800375596],[126.7416553997406,37.5488906997566],[126.7391865995366,37.5466586013017],[126.73830270001841,37.5479650006726],[126.73662740001531,37.5479821008366],[126.73589079935961,37.5468268004514],[126.7346764994442,37.5466744002212],[126.7346079990396,37.545800100038804],[126.7359498991716,37.5451512998662],[126.7350813994175,37.5444431995949],[126.7359498996847,37.5451512991069],[126.73583149928581,37.544187298676],[126.7367724994918,37.5437222993111],[126.7356813994359,37.5423620005013],[126.73618029957561,37.5419383994295],[126.7413509002432,37.5434638992973],[126.741161500241,37.5452837002136],[126.739562900564,37.5456877007884],[126.7403908001926,37.547332499582005],[126.7419687002287,37.546841199832706],[126.7411095009592,37.5474188004639],[126.7418950005035,37.549156199414796],[126.74297659981241,37.548627099696],[126.7450859033795,37.5493200999393],[126.7494688014808,37.5549510001914],[126.7476586003005,37.5556978003912],[126.7474440005151,37.5565745995144],[126.7484151004298,37.5570289005499],[126.74576410067951,37.5576098011473],[126.74566059979189,37.5586274006034],[126.7446920007605,37.558086801144],[126.74607190222551,37.5617541001319],[126.7450458027734,37.5654752999868],[126.7504947018667,37.5699841009502],[126.7481874014591,37.5700858006179],[126.7465356002539,37.5732882014854],[126.74478710103169,37.5731930016057],[126.74344600222261,37.574667401701],[126.741459400578,37.5745667027374],[126.7401663005178,37.5765606005683],[126.7414593972279,37.5745667000043],[126.7385822001051,37.573045801525204],[126.7369446004859,37.5751902003382],[126.73718100084241,37.577002798724806],[126.738432101532,37.5778860989937],[126.7370236012955,37.5772304010738],[126.7363230012985,37.578434000884904],[126.7357090001723,37.5777903008538],[126.7354611000018,37.5784812008528],[126.7331416997161,37.5774251002626],[126.7341525988474,37.5763143008322],[126.7300416989806,37.575269501098994],[126.7319683981445,37.5754868995161],[126.729831900281,37.572288802714205],[126.7276723024406,37.571356303646695],[126.7203728951982,37.571066598109]]],[[[127.10324589836681,37.398142299754404],[127.1035734997834,37.3970897997993],[127.1042141996919,37.397783499033004],[127.1051454007446,37.395961998937295],[127.1065635998457,37.3957156999334],[127.106106999783,37.3945826003167],[127.10375259882991,37.3932130999129],[127.1040628994677,37.3915229988605],[127.1034715010946,37.392445199433396],[127.1045469000192,37.3924793993992],[127.1046313004192,37.393754799349104],[127.1068285999492,37.3938877997869],[127.1086226981551,37.392589401085296],[127.1078422991059,37.3866794990444],[127.109181700295,37.387325099386196],[127.11160930000099,37.3857985998169],[127.1127777000842,37.3875885997056],[127.113312500201,37.386299899666895],[127.1139234999864,37.3876290991754],[127.11441430113891,37.386808699831306],[127.1145758008705,37.387839499376895],[127.1164627004916,37.388958600123104],[127.11661960053851,37.3903861990536],[127.11853020031499,37.3901241001084],[127.1178322010215,37.391123899998696],[127.11806490102279,37.392763598485004],[127.1192744998132,37.3929208983277],[127.1194485994315,37.390301799717605],[127.1207845005419,37.3908865979564],[127.1228149004136,37.3900035999661],[127.1215684009749,37.3915152995369],[127.1229245004084,37.3930069001141],[127.1215684007976,37.3915153012609],[127.1201875006911,37.3919118013357],[127.12079080095279,37.394083400058896],[127.1185105013412,37.3972835998474],[127.1194147003894,37.3981553993317],[127.1199014001837,37.3975391999306],[127.11940320035919,37.3985897004569],[127.1182238002932,37.398799000131596],[127.1186566000485,37.3996701003881],[127.1173672002113,37.3994144007778],[127.11523889971569,37.4017263012316],[127.1134030007497,37.4016141003775],[127.1129750011777,37.4025458994457],[127.1138656006851,37.4032750008538],[127.1130029006312,37.403649800682295],[127.1129749989919,37.4025459006609],[127.1096767014556,37.4024207004732],[127.10967069805659,37.403210900190295],[127.109990799382,37.4016797000017],[127.1084287006586,37.3998395018428],[127.1077302999993,37.401673801224796],[127.1067357993684,37.3998353017933],[127.1054701996437,37.401509501135905],[127.1046534990415,37.3997822000638],[127.1059824981641,37.3991678001582],[127.10574579840079,37.398144301181695],[127.10324589836681,37.398142299754404]]],[[[126.86694699516299,37.4157593027655],[126.869809998722,37.417236597058],[126.8708824991756,37.413770694488804],[126.87381089624719,37.4153092929502],[126.88163869808899,37.4112540953974],[126.8825762002595,37.4116127984603],[126.8838790990166,37.4101425998592],[126.8832787964489,37.406220000431496],[126.8849987971265,37.4049146003873],[126.8850757004937,37.4039178981154],[126.88788840256659,37.405668597977396],[126.8966030000208,37.4030530958117],[126.8975254010881,37.4045195995273],[126.8998756012069,37.4046725987338],[126.90030070034851,37.407227299368905],[126.9010673998936,37.407414598997306],[126.9013531010874,37.406495499858096],[126.90018120130681,37.4089835012407],[126.90140359999259,37.410436100282496],[126.8974516036523,37.4095778011576],[126.8972146051259,37.4167123972719],[126.90433209800841,37.4203745936097],[126.9068119955285,37.4174074965768],[126.9066524973027,37.4159904975145],[126.9047554995622,37.4133900989479],[126.9069321998569,37.4130297990576],[126.9082361994498,37.4137077988427],[126.9109547998981,37.4128673986471],[126.91224489992321,37.413554499003496],[126.9135041005446,37.4127423986286],[126.91223930091209,37.414015400101896],[126.9121843003284,37.4153306996863],[126.9137474002123,37.4156180997223],[126.9140781003955,37.4165799997496],[126.91230660006799,37.4169179002727],[126.9106692000141,37.4188780002423],[126.9090164000177,37.4185602004277],[126.90696850057971,37.4197436008404],[126.9058141002802,37.422926700691],[126.90298139987681,37.4232893003929],[126.9043320979767,37.4203746029205],[126.8967347030686,37.418915404620606],[126.897554999883,37.423038700663696],[126.8958958997557,37.4221404005671],[126.8953566997311,37.4197781018186],[126.8943336999677,37.4200117001046],[126.8948605993116,37.419265100553396],[126.8937567996376,37.4180386002308],[126.8920254011499,37.4175909007283],[126.8930872004692,37.4205719998656],[126.8922352011736,37.4209040000025],[126.8917146008304,37.4227736999051],[126.8940643021401,37.4292692017909],[126.8865846018333,37.431948402415905],[126.8881765005606,37.4345816003578],[126.8872349998539,37.4340500012461],[126.8859786007643,37.434942100570204],[126.88645150002311,37.4357762003926],[126.8843212000122,37.4362931001732],[126.88338379973291,37.434910901005395],[126.8809322002686,37.4340897002678],[126.8787646001089,37.4344367005892],[126.8785090989352,37.4335279007528],[126.8770759991674,37.433095100758],[126.87629919956821,37.4314593992576],[126.88104799481941,37.429509501207505],[126.88112699474041,37.4274149033021],[126.8776219967159,37.4237912054205],[126.87498929664329,37.422662504438804],[126.8711562004764,37.424773302328],[126.8707040961686,37.4220300012035],[126.86694699516299,37.4157593027655]]],[[[127.12014939917431,37.440026799784896],[127.1207704995287,37.438866198807396],[127.1208369007825,37.4395273995993],[127.12327479834461,37.439554699572],[127.12459959934169,37.436259399615],[127.12604659894099,37.4375793983261],[127.12676829829479,37.4369275989328],[127.12512929879959,37.4353601999006],[127.12558749914399,37.433181600331196],[127.1241768994129,37.432601500046],[127.1255507999698,37.432754899267096],[127.1269079994887,37.4310880996865],[127.1259964993742,37.4296237994804],[127.1271755990212,37.429722099456896],[127.1294911996406,37.4278497992538],[127.1313125999724,37.4282955990411],[127.131485200985,37.4291282990377],[127.1326059998642,37.428869499296496],[127.1352201005611,37.43348729970511],[127.13374590071639,37.4337243007934],[127.1340282995597,37.4345367011514],[127.13249590056749,37.4342435012884],[127.1312513014262,37.4363929004229],[127.1336156001527,37.4391855996784],[127.1332093005915,37.4404988987445],[127.1342118001951,37.4403397995792],[127.1341627005561,37.4421424988017],[127.1352150009085,37.4418979003395],[127.1327426001105,37.4424991005076],[127.13223240075831,37.444344399368596],[127.1356103002489,37.450112500574605],[127.1337754014477,37.4495786009928],[127.1323353000375,37.450349001771606],[127.1316863006865,37.4519933001273],[127.1322151009886,37.4524815004231],[127.1305538998857,37.4527910011105],[127.1288043002357,37.4548107001926],[127.1274146004467,37.4547733011327],[127.1266007005862,37.4562689005177],[127.12492829953909,37.4554117001519],[127.12359169902821,37.451786301663],[127.1223629995423,37.4533254020449],[127.1210428994371,37.451835200522],[127.1235580973512,37.449251500245005],[127.1244797960681,37.446837902208095],[127.1239716967933,37.441797402598596],[127.12014939917431,37.440026799784896]]],[[[127.0392377992844,37.7304902999827],[127.0389063998588,37.728524299791495],[127.0411092997055,37.7273023996946],[127.0411197992684,37.7235430002905],[127.04336669952971,37.722483699675095],[127.0437971991716,37.7212982006169],[127.0428568988429,37.721225499911405],[127.0454927995371,37.7203085992272],[127.0459452990688,37.7191703998866],[127.04746129985159,37.7191580994152],[127.0480007998739,37.7200933996071],[127.0481553006238,37.719527899317],[127.0511956004302,37.723141399572704],[127.0532980035598,37.721930997786195],[127.0518441009434,37.726659900185],[127.0526520002412,37.727844499325904],[127.0532875005797,37.7266004986879],[127.0540643004794,37.728099000053],[127.0529635006195,37.7286170005914],[127.052624899177,37.7270330999409],[127.0503465012941,37.7268166001794],[127.0503195003047,37.7285704002875],[127.0489295013893,37.7284685002832],[127.0479716000841,37.729383400699504],[127.0469324008524,37.728853900369394],[127.0464735999857,37.7302393005238],[127.04488950081189,37.729848900581],[127.0454707002807,37.730875999861404],[127.0434476001346,37.732843400115],[127.0392377992844,37.7304902999827]]],[[[127.0404032994618,37.7363334000309],[127.0414065996203,37.7367612995091],[127.04145429957259,37.7359153003551],[127.0405353994814,37.7358883990126],[127.0414542995059,37.7359152995417],[127.0414860994918,37.7352017998442],[127.0420011999686,37.7359312992786],[127.0430298003067,37.7340863996703],[127.04433550051151,37.7347669996856],[127.0438171010152,37.7355691992092],[127.0455901011114,37.7356231004133],[127.0453495003876,37.7373008992988],[127.0460319005746,37.7381957993684],[127.046866399845,37.737717399854],[127.0467857000679,37.7360502991755],[127.0479501000369,37.735834599456794],[127.051364600153,37.7375349996423],[127.0510750005714,37.7391324003393],[127.0469411998328,37.7418422001563],[127.0455498994156,37.7408383001155],[127.0463944997369,37.7405097995349],[127.046474699795,37.7387398999704],[127.0454574997558,37.7384173001782],[127.0460318991731,37.7381957996751],[127.0453494998555,37.73730090057],[127.04449940036491,37.7372602006039],[127.0443436005207,37.7381948996692],[127.0450779999091,37.7385974004625],[127.0430094995222,37.7397177002382],[127.0412445999994,37.738277400121504],[127.0404032994618,37.7363334000309]]],[[[126.7103859996532,37.6223434003112],[126.7116302993045,37.621488199686304],[126.7121809998952,37.6190424996851],[126.7136718988823,37.6182272000252],[126.7129213998565,37.6162670982547],[126.7159673000819,37.6152278970644],[126.7191902002701,37.6158599964091],[126.72228129879251,37.615022097464596],[126.72196439910941,37.6128134996732],[126.7236848977183,37.612265399830896],[126.7237938995755,37.609589499233095],[126.7246577995528,37.609443898488806],[126.7259495001328,37.6065972995807],[126.72586870050621,37.6094355982558],[126.72677299960189,37.6094315982598],[126.7282707981041,37.6076962999951],[126.7274366989398,37.605550599992704],[126.7282707997325,37.6076962988391],[126.7288389991643,37.607028199507205],[126.7282758000202,37.6064279995558],[126.72960069869531,37.6062112997725],[126.72893429904201,37.605465799739896],[126.7293928995416,37.6044370997777],[126.7295341005035,37.605393998920896],[126.7312689987686,37.6061952981196],[126.732175200167,37.6039041993998],[126.7362443011015,37.608164097390805],[126.7385318994256,37.6071964980745],[126.7396715994185,37.608873098043894],[126.7411118015964,37.6091073995048],[126.7413377003312,37.6139924002281],[126.7401921960024,37.6137595990537],[126.74016369603089,37.6126950001183],[126.7376537985408,37.610635302178],[126.7363339994761,37.6105864015437],[126.7352564005537,37.6119297002004],[126.7355099014609,37.6187162042751],[126.7299730999452,37.621718600802204],[126.7269288009061,37.6207114010551],[126.7262824005077,37.623287501435506],[126.7245590022311,37.6231603015627],[126.7239233014903,37.6257447017475],[126.7212208991135,37.624215904643705],[126.71844780188661,37.6253263035333],[126.7160872997943,37.625053002581105],[126.71806389846691,37.6253505991954],[126.71835899817181,37.6246010999449],[126.7154740998178,37.6227789002632],[126.7146792003715,37.6227762005219],[126.7135746004186,37.624687203292396],[126.710664599998,37.624576600343296],[126.7103859996532,37.6223434003112]]],[[[126.7534375989539,37.605318999869404],[126.7562321984614,37.6039739964777],[126.7586675975081,37.600692898079195],[126.75859650075719,37.6040169969169],[126.7606060987476,37.6046993962345],[126.76423419658241,37.602091697528],[126.7634261973158,37.5988578971253],[126.76484359693171,37.5983508970947],[126.7630103987165,37.593367798634304],[126.7668725993272,37.5913216957633],[126.7658066013159,37.5918786012702],[126.7660352010873,37.5933170998317],[126.76921490013329,37.5947189988745],[126.7703919989562,37.59413349946],[126.7692759021101,37.592575096404296],[126.77325990270229,37.5926281979295],[126.77508470127239,37.5939795970615],[126.7776918004004,37.592642597521596],[126.77898860088011,37.5942447972773],[126.780861699007,37.5940838974382],[126.77866279915901,37.5953626004018],[126.77898859883321,37.5942448015196],[126.77769180013,37.592642603121796],[126.77591989936681,37.5973045009693],[126.7762214996759,37.5957522001074],[126.7750847008127,37.593979601879994],[126.77239629991439,37.5953873002958],[126.77039199986591,37.5941335003691],[126.7690536010583,37.595149299474706],[126.7704960996158,37.596319898304095],[126.7716459006648,37.5957902998928],[126.7708409018138,37.597643498591296],[126.7728417010662,37.5990191987344],[126.77434649956139,37.5989726987809],[126.7755959992395,37.6008727976582],[126.7787132997832,37.599575498908],[126.778885800912,37.6016993978645],[126.7808076989901,37.60193389763],[126.7820233012162,37.600331998221904],[126.782199901901,37.6026215998258],[126.7840163006587,37.602614901608796],[126.783607001068,37.6037395004842],[126.78219990129429,37.6026216020732],[126.77967560272221,37.6045445022323],[126.7818352007551,37.6070645023158],[126.7788432999548,37.607247100872804],[126.7784318003663,37.608048000071896],[126.77907450351579,37.608526300854],[126.7766869013767,37.608961802112006],[126.7751890034022,37.6109040015255],[126.7718441001083,37.611227102929],[126.770310398337,37.6098467016082],[126.77004739927449,37.6071478015528],[126.7671766021453,37.6072000015006],[126.7671527014947,37.6081816032733],[126.767176598239,37.6072000006382],[126.7639503014653,37.6052499025883],[126.7636251017905,37.6073497004885],[126.76523240065501,37.6079807007633],[126.7629935992198,37.6080229008698],[126.7606347002768,37.6074806024041],[126.7583902974744,37.6049939020391],[126.7534375989539,37.605318999869404]]],[[[126.790917399723,37.6635590994483],[126.793042899674,37.6610517004558],[126.79199489990391,37.6608428001365],[126.7931778996314,37.659247900142894],[126.7929512991807,37.6574660995429],[126.7944304006008,37.6577754997448],[126.7949359000953,37.6590480984722],[126.79650700082371,37.6551556985002],[126.79553420130131,37.6571866983063],[126.7979434997188,37.6580408977494],[126.7980865002593,37.6557107983146],[126.79915410134579,37.6561587996993],[126.7981405009389,37.6560773002251],[126.7979435011359,37.658040898261504],[126.79994819980351,37.6587798977751],[126.8003298001134,37.6567608994128],[126.7999482010686,37.658779898513096],[126.80143000041059,37.6591618992047],[126.8003925007725,37.659952399707],[126.8017763011079,37.6616068003169],[126.8006284996604,37.663162302162306],[126.7997689990132,37.6619986009871],[126.7974219001926,37.662682200365],[126.7971650997725,37.6617173006545],[126.7961760007616,37.661474400897404],[126.7960498003582,37.6637586992649],[126.7967541004208,37.6645459001717],[126.7948145004129,37.6636577007417],[126.7927076991479,37.6643920013305],[126.792320199241,37.662587001316304],[126.790917399723,37.6635590994483]]],[[[127.1872340994673,37.5633021002167],[127.1881793994812,37.5617555997337],[127.1895629995669,37.5613764996983],[127.18966879992051,37.5596262997937],[127.1908824997811,37.5599068995617],[127.19113640011591,37.559288799398594],[127.1925064996202,37.5606431987491],[127.1933681988739,37.5589587998671],[127.1946116998291,37.5593966997992],[127.1956846999002,37.5580359989736],[127.19698170107219,37.559730899696895],[127.1956462007708,37.5600911006009],[127.1958772005398,37.561208799483204],[127.1964792000417,37.5607375999271],[127.1980901002939,37.562026598841804],[127.19882330036491,37.5634688002943],[127.1983135005956,37.564983799766104],[127.1992397008873,37.564897399869],[127.1962850003202,37.566626400466895],[127.1952026007376,37.565961500962],[127.1947857000677,37.567291200612],[127.1927135003383,37.567779400275896],[127.191667600456,37.5668797004372],[127.1909371994644,37.567868901246804],[127.1896080991855,37.5672649997649],[127.18954979949659,37.5662576004629],[127.18835839958369,37.565469999962296],[127.18887569938259,37.5645821004521],[127.1872340994673,37.5633021002167]]],[[[127.101990999561,37.350063299604],[127.1063544002603,37.349420099213305],[127.10775019952099,37.3479370995229],[127.10722709869431,37.3468217971223],[127.1084165001985,37.3479412995187],[127.10939689977329,37.3477008997724],[127.10883849947611,37.3458409002005],[127.10958579999641,37.3461085993101],[127.1099356000006,37.345414399473505],[127.11242970026221,37.348137299714296],[127.1148135002788,37.3492007998272],[127.1138948007015,37.3507242991951],[127.11525830111019,37.3510477002331],[127.1140564004178,37.350826901359],[127.114018200456,37.3521668000191],[127.1127549010004,37.3519834003363],[127.1108978005424,37.353291300118],[127.111162600521,37.353844800612194],[127.1089388008679,37.353398900838705],[127.1088764011555,37.3548933019277],[127.1087586995947,37.3534011994228],[127.110016299772,37.352367699903],[127.11089780009381,37.353291299252305],[127.1115572994343,37.3527461997974],[127.1110370995532,37.3513198004813],[127.10912330021439,37.351311700348695],[127.1083721009951,37.3523144004488],[127.1078600001554,37.351777800648904],[127.1059914999948,37.3533918008123],[127.1030575990031,37.350190500469],[127.101990999561,37.350063299604]]],[[[126.7825555982498,37.6399263013035],[126.7855964994577,37.6384191996188],[126.7863148997199,37.6393014987938],[126.7876034999952,37.6384834999453],[126.78947580016771,37.638688798798896],[126.7917989998795,37.6399213992619],[126.793451100186,37.6388052989789],[126.79241090142119,37.6401123994142],[126.79346700031111,37.6411779009805],[126.7923130006118,37.640175901308304],[126.7910476018772,37.6410581004261],[126.791401701697,37.643484200287006],[126.7928396002591,37.6446730990981],[126.7935208002482,37.6441789998419],[126.7927768011452,37.6448361006308],[126.7931843008704,37.647091401257704],[126.78754379982979,37.6476279002402],[126.7876752998625,37.646548700239194],[126.7852013000476,37.6475935004826],[126.7832813004565,37.6465499011723],[126.78233729949139,37.6474439003683],[126.7827296992158,37.6447151005903],[126.78214509949109,37.643360099988],[126.7836810984775,37.642189998879296],[126.78233609960529,37.6409337999731],[126.7825555982498,37.6399263013035]]],[[[126.7729716994179,37.6502361998944],[126.77745059989999,37.6487567998364],[126.77976200053331,37.649222199577494],[126.780120000437,37.650475899352905],[126.7808686996883,37.650518299310505],[126.7812291004295,37.649453599591],[126.7814911007447,37.6529454996745],[126.78286100078749,37.6532151999118],[126.7825158001728,37.6538499003933],[126.7810306998964,37.6537109006806],[126.7789705000168,37.652430000390105],[126.7780092003506,37.6528767008656],[126.7778290005308,37.6542784994638],[126.7789308001704,37.6540921997257],[126.7790719001934,37.6547676004443],[126.77782900024779,37.654278500484494],[126.7771493004915,37.6555092007294],[126.7756118994385,37.655118701030105],[126.7739881991617,37.653118299949],[126.7753045991648,37.6525092992841],[126.7747565997128,37.651010200783205],[126.7729716994179,37.6502361998944]]],[[[127.10405929768841,37.3721080991805],[127.1054435979155,37.3713862979607],[127.1058184975406,37.370079999267],[127.1044228997077,37.368519499783],[127.1059545983888,37.3678224998392],[127.1047957979064,37.3666157004021],[127.1053020989351,37.3649669987499],[127.10445179978541,37.3636611000558],[127.1082099012298,37.363241998436],[127.1098775998921,37.361679599801704],[127.1100345004353,37.3634318994727],[127.1110558000039,37.3629136996818],[127.1123645000041,37.3635574998901],[127.1123556008262,37.3646415996319],[127.1135254999966,37.3646275997027],[127.1149712010845,37.366145599526504],[127.114185100921,37.366871499929005],[127.11495640033199,37.3683956987837],[127.1157791994798,37.367184199615295],[127.11679410080541,37.368515399469096],[127.1134972001851,37.3728065006943],[127.11264600020179,37.3722014007055],[127.11204710032129,37.373747700227206],[127.11148690029201,37.3730630007975],[127.10998260179629,37.3740982997622],[127.10991580039689,37.3753312016123],[127.10998259960999,37.3740983010839],[127.10839059961951,37.372873600564],[127.105982299096,37.373027401542096],[127.10405929768841,37.3721080991805]]],[[[127.0393745955507,37.710192299100804],[127.04090220052241,37.710423898632804],[127.0428503993735,37.709166698730094],[127.0423608004123,37.7097449999088],[127.0436069994348,37.709936699615],[127.0441364991399,37.7083774004629],[127.04224319854251,37.7071457000117],[127.0432729990852,37.706800799274205],[127.04525769925219,37.7030618992304],[127.0475088998986,37.702189999425],[127.048531200437,37.7034714995595],[127.0505273007672,37.703826198841504],[127.0520271012296,37.7072047993691],[127.051070206379,37.7103943005363],[127.04958050153421,37.7112596994909],[127.0518277055434,37.7145185975902],[127.05107600089829,37.715676500957],[127.0506589003884,37.7152397004952],[127.0497311002802,37.716152301464],[127.0494085000188,37.7153756007838],[127.0490719002152,37.7161676005626],[127.0473930006272,37.7162619006754],[127.0474028000718,37.7176127001043],[127.04661320003339,37.716190001237194],[127.04622549996971,37.717906800379005],[127.04532489929319,37.715477500805],[127.04201379861351,37.7154539000767],[127.0431398990341,37.7142831006444],[127.0419305992851,37.7139412999945],[127.04221529823239,37.710451300808906],[127.0393745955507,37.710192299100804]]],[[[127.19821159923379,37.7196625000055],[127.20076449968721,37.71880379944211],[127.20144610028059,37.7175795995287],[127.202311399686,37.7177133994484],[127.2035952999976,37.7164594995909],[127.20433649969449,37.7178555995112],[127.204936899892,37.7169858995645],[127.2051727001443,37.717984799590006],[127.2060350005059,37.717893800219],[127.2044888007148,37.7185502000018],[127.20697370054961,37.7217025003902],[127.2044274002458,37.723876300273304],[127.2034888004666,37.7229193008288],[127.2028946002321,37.7241539016961],[127.2025762999787,37.7220540005318],[127.2004653994226,37.721935201108195],[127.19821159923379,37.7196625000055]]],[[[127.1352477991345,37.605061500241995],[127.136462398651,37.603991198971706],[127.1361957994521,37.6026707986986],[127.1370319986666,37.602560598655494],[127.1367412995461,37.5998972993222],[127.13909619917659,37.5992694994111],[127.1397312996557,37.598011599356596],[127.14225060048399,37.5982908992584],[127.1427721009675,37.5975708993278],[127.146174699918,37.5989992986024],[127.1459958003687,37.599692899410904],[127.1501917007182,37.599688399025695],[127.1477194010561,37.6060699003842],[127.1476145009436,37.6081403995039],[127.148431100423,37.608395300050795],[127.147351899921,37.6091259011125],[127.1427162999351,37.609453700171606],[127.14167530077461,37.6082611008773],[127.13951259935921,37.6094815002795],[127.13772399974411,37.6065600009739],[127.13710649936961,37.606950200838],[127.1374286989939,37.6059013008788],[127.13627770014489,37.6052114015687],[127.135556599502,37.606249501188096],[127.1352477991345,37.605061500241995]]],[[[127.1061059982458,37.6626986972057],[127.1127792963452,37.6626370970165],[127.1148290998361,37.6595412993836],[127.1159359997637,37.6602277984399],[127.1184816974778,37.6594584988339],[127.11995739946751,37.657964899868105],[127.1225373997007,37.657810899530205],[127.1224192005794,37.6596962985892],[127.1238809002066,37.658531099731896],[127.1232212003971,37.659568899794394],[127.12402900060299,37.6605927000655],[127.122808001039,37.662136100006094],[127.1256819005219,37.663212799742695],[127.1242002010112,37.6638154998875],[127.124632400579,37.6667128969901],[127.125456801429,37.6668272007558],[127.1240869027359,37.667480600136095],[127.1235757045807,37.6694679012246],[127.11842580134879,37.6726572024014],[127.11779969755881,37.675032004021205],[127.11570809928651,37.6738682027786],[127.1136105993014,37.676537100940195],[127.1124467987726,37.6746974017587],[127.1084823982941,37.6724047030709],[127.1106200975114,37.6686840011109],[127.10603999740489,37.6649005027556],[127.1061059982458,37.6626986972057]]],[[[127.156399298864,37.6118597013012],[127.1561908996978,37.6094674996897],[127.15736499916589,37.608334899948005],[127.1568542000876,37.606972599851396],[127.1576766999176,37.6076336998539],[127.1579313001459,37.6070773996339],[127.1571891001839,37.6086461997994],[127.15908209981741,37.609436199615],[127.1601534999897,37.6087630996745],[127.1645174997725,37.6104869990199],[127.1650344002003,37.6097519996457],[127.1652685011555,37.6115848004423],[127.1663418004201,37.6123263996293],[127.1652734007547,37.6124013002949],[127.1644616003065,37.6135225001167],[127.1633624998138,37.6126652008219],[127.16186640008769,37.6136578009543],[127.1607520995146,37.6126960005473],[127.1592064997849,37.6129421001085],[127.15890090009641,37.611934400930906],[127.15839800019441,37.6124706005544],[127.156399298864,37.6118597013012]]],[[[126.9305697993023,37.3572830995995],[126.93199029989269,37.356844199280594],[126.93222850150629,37.355797098962896],[126.9329962997683,37.3569532993581],[126.9339274006343,37.356455699272],[126.9339797009292,37.3571320994576],[126.9356874997806,37.3575956991172],[126.936515900135,37.3561920998519],[126.9371265005216,37.3583484002706],[126.9359276006284,37.3585220006061],[126.9354128005125,37.360604000425504],[126.93449959996539,37.3601164004367],[126.9338001997414,37.3610100003188],[126.9329295996524,37.360853400397204],[126.93228119929631,37.3589921001328],[126.9339068994623,37.35817319995731],[126.9335199996297,37.3574889001133],[126.9311521003293,37.356808300398896],[126.93179190036649,37.357704300712705],[126.9308259001812,37.35821460061349],[126.9305697993023,37.3572830995995]]],[[[126.699534198554,37.6323334004783],[126.7007389979259,37.629496901166696],[126.6998844982388,37.628926898497404],[126.7015452998545,37.6280435991745],[126.7036588004413,37.6286727989991],[126.7044446998504,37.6278790992505],[126.7070240995813,37.6277303991642],[126.7071806008073,37.628893000125395],[126.7061350012102,37.6287087006096],[126.70593120141399,37.6311387981795],[126.7069337004115,37.631694697623594],[126.7086275992415,37.631169598178],[126.7094581996889,37.6284376993965],[126.710092499985,37.6296819990442],[126.71102709970789,37.628418599606704],[126.71236159996529,37.6283125990144],[126.71155660048069,37.6295875997904],[126.712452401023,37.6302725996443],[126.7120263006859,37.631761300398104],[126.7106403995615,37.6307835016628],[126.7086300015021,37.632568300361605],[126.70879130012631,37.6361973004188],[126.7071954012178,37.6356620006375],[126.7076086986735,37.636414902145496],[126.7044059991378,37.6346315018614],[126.7013605993307,37.636104400392],[126.7019908992308,37.6348446002878],[126.6999662997722,37.6345534001532],[126.7007687994385,37.6337398003341],[126.699534198554,37.6323334004783]]],[[[126.69726379901171,37.4716301001974],[126.69900639929661,37.466935399665296],[126.69957499989519,37.467454599123805],[126.70052100008749,37.4669012994441],[126.70082620132669,37.4681766992874],[126.70294609920681,37.467903099561],[126.7028803999665,37.4665420998598],[126.7041615001457,37.467721199322],[126.7063032993085,37.4663125998303],[126.7059876000723,37.4652136998156],[126.70794649937311,37.4657405990639],[126.7081580000239,37.464664999581096],[126.7101700009417,37.466772600268],[126.7098982002031,37.4681229011649],[126.7080779007023,37.4681648011642],[126.70796970040091,37.472280300728],[126.7051244007237,37.473487801063804],[126.70527660057151,37.4746161999354],[126.7017108003899,37.4766779018498],[126.7019535995496,37.4754066008734],[126.7001375984546,37.475458800542896],[126.698570200022,37.4743376016641],[126.6976537988397,37.4751684007326],[126.69726379901171,37.4716301001974]]],[[[126.898226999117,37.431532600064195],[126.89862949765539,37.429681300016895],[126.90027289854021,37.429558998745996],[126.901586998477,37.4267252988328],[126.9027826992843,37.4275637995394],[126.9032255004834,37.4262678995604],[126.90662469889699,37.427814898521405],[126.90582309969861,37.4251448011915],[126.9052872002345,37.425961200375106],[126.9043433993655,37.4250804007479],[126.9049919011024,37.4244061992115],[126.90662470277219,37.4278148966918],[126.9096359036635,37.431275497818],[126.9083356020845,37.4318542998584],[126.9073429036914,37.4339447991651],[126.90873160246899,37.4354291993483],[126.9058658005822,37.4380255008638],[126.9054371003842,37.4390119996396],[126.9060284002581,37.439427000383],[126.90555950017999,37.4390793007287],[126.9051222005657,37.4403997000081],[126.9032574003963,37.441634300140194],[126.9031253997663,37.4405488008833],[126.901052298233,37.4400508995769],[126.9003296986148,37.4333912012317],[126.8996214981528,37.431837700714205],[126.898226999117,37.431532600064195]]],[[[127.2010687990519,37.550260199688594],[127.2035906005495,37.5493941993264],[127.2030845010233,37.5500007996247],[127.20421689989091,37.5513118983136],[127.2071517001061,37.550443898424696],[127.2077136003265,37.5521401998548],[127.2059163005781,37.553801900341604],[127.20637170026491,37.5544482999213],[127.20581870007399,37.555012600068395],[127.2028528994243,37.5518056012853],[127.2017659002834,37.55253150031],[127.2019688002602,37.553969700327805],[127.2013504995105,37.5532797007506],[127.2004900000826,37.55408890028821],[127.20087049975439,37.552123699919804],[127.2017754996011,37.5514924994104],[127.2010687990519,37.550260199688594]]],[[[126.93781249970961,37.3718737001901],[126.93852989915051,37.3715948999117],[126.9380203003508,37.3685593994361],[126.9434384001301,37.3668276996028],[126.9441818993866,37.367232499198],[126.9455447002109,37.3665149995457],[126.9470551987004,37.367162498898196],[126.9468841995523,37.365646799321404],[126.9485179003162,37.3670182996178],[126.94796990077441,37.3676787998914],[126.94843360031071,37.3686317989384],[126.9501794008679,37.3700256005725],[126.9489064006252,37.3709836008568],[126.948740600791,37.3720552997851],[126.949708199856,37.3730226022589],[126.9456073997842,37.3759969015308],[126.943443700006,37.3761911008753],[126.9426213029395,37.3777950019589],[126.94104009967279,37.3778232001695],[126.93781249970961,37.3718737001901]]],[[[126.44997209974039,37.446426799937],[126.449987900025,37.445775299785105],[126.45083079961931,37.446023599237094],[126.4508945001573,37.4449341994586],[126.4526421002794,37.446257199589496],[126.4536089003688,37.4453423992966],[126.4541814003512,37.4456588992843],[126.4536089003752,37.446804199650906],[126.4563127004762,37.448018400168905],[126.4551781006397,37.447749000507905],[126.45476650086721,37.448263000287895],[126.45542159998469,37.4489380003304],[126.4512984995932,37.448804500874004],[126.44997209974039,37.446426799937]]],[[[126.7703147994133,37.657748500313595],[126.77315989917899,37.657768999183],[126.77388189925621,37.6565075991147],[126.77513839991201,37.656261699887104],[126.7747699008132,37.6575527992783],[126.7756956005733,37.657990998985],[126.77558359987191,37.658564500483195],[126.7745050002794,37.6577677003323],[126.7729504997476,37.661471700246096],[126.7722372998452,37.661403300182],[126.77215349942401,37.6599040008122],[126.77097959992571,37.659353400102],[126.7703147994133,37.657748500313595]]],[[[126.7481350995412,37.5061052995028],[126.7506325987618,37.5050094007333],[126.74925999886611,37.5047834994521],[126.7514330999427,37.502995799683504],[126.75202099999589,37.5035672993472],[126.753847800374,37.503227799510796],[126.75418550086691,37.5042724989314],[126.7561805011372,37.5043779996351],[126.7580167000923,37.505576600067094],[126.7563052013119,37.5055181011839],[126.7555647005953,37.5079195008112],[126.753517800748,37.5076709006486],[126.7536560006839,37.5083287003124],[126.7523450996711,37.5085951005392],[126.7523681993884,37.5078079008666],[126.7512569992411,37.5079404003824],[126.7510601987228,37.5070457005323],[126.74971269894141,37.5072011001616],[126.7481350995412,37.5061052995028]]],[[[127.125047098796,37.3929931998631],[127.1263915996531,37.3937423996122],[127.127053499658,37.391698999676706],[127.128501599231,37.392705799255104],[127.1283514001045,37.3907242998317],[127.1304011002174,37.3935031994421],[127.1317740000025,37.3926462986483],[127.131969900633,37.393870900341],[127.1294545000897,37.393973501324],[127.1285344010098,37.3947253005722],[127.1282643012799,37.3959633993341],[127.1297598010504,37.3972496984761],[127.1289122010556,37.3975133004666],[127.1290078000865,37.3984740004069],[127.1285292994012,37.3966233008489],[127.1261174003559,37.3961260010308],[127.1253908989402,37.396781799712],[127.125047098796,37.3929931998631]]],[[[126.766842999607,37.683856299343304],[126.77134840039429,37.681869998925606],[126.7726248996043,37.6824405994047],[126.7726115996318,37.6817964999941],[126.7742805004826,37.6811456007878],[126.7727534005767,37.6817887003583],[126.7734160006306,37.6837742001857],[126.7725587002608,37.685149100465495],[126.7703338998368,37.6855938005556],[126.76963589987659,37.6845718005718],[126.7674787002594,37.6847702004243],[126.766842999607,37.683856299343304]]],[[[127.1415069991621,37.4935451007658],[127.1434753992484,37.492076600333796],[127.1432149000625,37.4902316998645],[127.1436856006049,37.491399699198105],[127.14481270057101,37.4908381998305],[127.1458019005854,37.4920861992284],[127.146987400219,37.491470799566905],[127.14759260069549,37.492909499785],[127.14544139949619,37.4957956003691],[127.1423983993007,37.495012600707604],[127.1415069991621,37.4935451007658]]],[[[126.9187725992584,37.405348800888795],[126.9203839996849,37.406056097725],[126.921672698958,37.4037875993312],[126.9230705987453,37.403286299314395],[126.9230799997353,37.4016399995117],[126.9242416995879,37.4010781995144],[126.92409359944601,37.3983754997187],[126.9255654999868,37.3990581988017],[126.9263867999842,37.3977464993146],[126.92535700034651,37.399403099887],[126.9277925000479,37.4006527998366],[126.9271430003322,37.4008482007833],[126.9273295002179,37.401960000162504],[126.9242972991707,37.4034877015598],[126.9216727012888,37.4037876005326],[126.9223894004562,37.404572000537904],[126.9216726996852,37.4037876024344],[126.9203840009739,37.4060561001659],[126.9211746997426,37.406684003866395],[126.9187725992584,37.405348800888795]]],[[[127.1870696991859,37.7082697007368],[127.1888289999006,37.7073137996408],[127.1900889987206,37.7048841004689],[127.1890051999158,37.7010029989219],[127.190447099672,37.701678998995895],[127.1907672011012,37.700973298968904],[127.19262409961631,37.7011850988183],[127.19308049970819,37.700022699612596],[127.1945975004945,37.7007463997391],[127.1948321003172,37.701647699091005],[127.1954722008505,37.7011281991029],[127.19653440040051,37.7018659995284],[127.1963906004739,37.702879799216895],[127.1973153009156,37.7034946011875],[127.1957469012968,37.7041431004298],[127.1971168011141,37.7049155997665],[127.1952101024864,37.7062861005677],[127.1958643003499,37.708326801481405],[127.1942678999579,37.7068011031381],[127.1915838987984,37.7086408039228],[127.189174899327,37.707465301969606],[127.1870696991859,37.7082697007368]]],[[[127.20472339954851,37.54252059994511],[127.20640549968701,37.5417643000147],[127.2061514999059,37.5403238997178],[127.2079249007336,37.5412344998033],[127.2074379999835,37.5430557001649],[127.20508339991571,37.5418304004002],[127.20472339954851,37.54252059994511]]],[[[126.6697886989776,37.5939219001134],[126.6710418992278,37.5936831995678],[126.6702759985051,37.592193699460104],[126.6721423001115,37.591836098723405],[126.6749546979437,37.5887242007509],[126.67277529827359,37.5879914001182],[126.6726882986769,37.5849470023743],[126.6718587977029,37.5843960995971],[126.67369509993631,37.583306998199],[126.674314899845,37.583780997728304],[126.67551019940761,37.581357598279496],[126.6786451030566,37.5819602952091],[126.6793771010514,37.5839243005611],[126.6783741020544,37.5866622978231],[126.68062430229051,37.5875645007933],[126.6777712009089,37.5865509016437],[126.6734027027052,37.590277899922796],[126.67426210184581,37.5923688978318],[126.67610830095789,37.5923368980843],[126.6773335013594,37.59371870054439],[126.6742613013309,37.5949480010524],[126.6749528998312,37.596158400888],[126.6742612995776,37.5949480010023],[126.671820199136,37.595616200772305],[126.6697886989776,37.5939219001134]]],[[[127.04251619962959,37.746921000362],[127.0433209000106,37.7460700998562],[127.0441358992266,37.746486399554],[127.0454618995936,37.7450271995931],[127.0471973002435,37.7465466997321],[127.04532499979811,37.748555600821305],[127.04251619962959,37.746921000362]]],[[[126.6696335949428,37.568390898531696],[126.6714994003349,37.5639112979229],[126.6742489999623,37.5634600987367],[126.674817799774,37.5617935986532],[126.67522410006619,37.5625906991964],[126.6770509002796,37.561763199397305],[126.6785526032566,37.563826597847],[126.6817260000009,37.5647721996086],[126.6841352015601,37.5677825989141],[126.6836529022756,37.5693954008605],[126.6812700019557,37.5691271010265],[126.67952690126509,37.5704610015834],[126.6767558005017,37.5707116014061],[126.6747933986067,37.5684268013683],[126.6696335949428,37.568390898531696]]],[[[127.1119097990327,37.3789119988043],[127.1114778999392,37.3764420996767],[127.11357470107271,37.3773077989367],[127.1170513004988,37.3766388995883],[127.1174639004229,37.3777666005508],[127.116058901234,37.3778994002478],[127.1157687015242,37.378902099245096],[127.117599500913,37.3808245994139],[127.1150016010348,37.3795841016107],[127.1143413013026,37.380256301460896],[127.1130298996047,37.3795980009928],[127.1118335998082,37.3805634003552],[127.1119097990327,37.3789119988043]]],[[[126.7837522988034,37.6718345997707],[126.78547990009079,37.6724411995923],[126.7863331998573,37.6713613995001],[126.7863648003558,37.6728288997411],[126.78721210031381,37.6722732991657],[126.78772810054289,37.6734016996981],[126.78628019925529,37.6730130014963],[126.78495079943251,37.673820400737696],[126.78543669958461,37.6727018002762],[126.7837522988034,37.6718345997707]]],[[[127.12598409885089,37.4123546002383],[127.1265934003855,37.411346098601804],[127.1267673011222,37.4124632993899],[127.1283245995649,37.4125216993315],[127.12787369968059,37.409862599773696],[127.129001499604,37.409675799227],[127.12954040095809,37.412340400047],[127.1304907005194,37.4133023997262],[127.1285301997814,37.414311000347794],[127.12598409885089,37.4123546002383]]],[[[126.6770725988973,37.465631999630396],[126.6771848009856,37.4665279987886],[126.68295530073651,37.4649891004646],[126.6816353010981,37.465673500986],[126.6818341000566,37.4667522003635],[126.6812871992244,37.4668078996014],[126.6818340994046,37.4667521996595],[126.6816352994663,37.4656735006148],[126.6792545012571,37.46580380060551],[126.6797747000293,37.4688461001657],[126.6789839999235,37.468305200283304],[126.6796649991891,37.468226299371096],[126.6792544995996,37.465803801793605],[126.67718480166931,37.4665280010694],[126.67727929940939,37.467211801756],[126.6770725988973,37.465631999630396]]],[[[127.1223331995394,37.3849655004139],[127.12338490028111,37.3857094989586],[127.1241348995754,37.3848225998061],[127.1231465985998,37.3841166983647],[127.1243663998036,37.3843562993141],[127.1254126010505,37.3863736999246],[127.1234978002106,37.3857910009015],[127.12286320008229,37.3864091002034],[127.1233848989452,37.3857095001546],[127.1223331995394,37.3849655004139]]],[[[127.09894029895119,37.3396191999659],[127.1009760983627,37.3370559991088],[127.10193000139999,37.3375961993934],[127.1028328016968,37.339070700594],[127.10279790091789,37.342349400677406],[127.1017684999145,37.3406806005269],[127.10092250076049,37.3407876004199],[127.10117820041421,37.3413871001675],[127.09973999925539,37.3408158003349],[127.1006558990595,37.3403700995285],[127.09998789972751,37.3390950008036],[127.09894029895119,37.3396191999659]]],[[[126.79811289783851,37.6503515993976],[126.80000949589041,37.64756710208081],[126.79817829777221,37.643563098671],[126.8016596971991,37.6438468979442],[126.803226401001,37.64114939826511],[126.8040306025254,37.6433571003747],[126.80255939999071,37.6450162006929],[126.8029029993562,37.6444198006513],[126.8016597005995,37.6438469012242],[126.8012770005511,37.646104400155096],[126.79811289783851,37.6503515993976]]],[[[126.7600996990568,37.6706191002555],[126.760605300129,37.6692324995031],[126.7611694004599,37.669994499334],[126.76230870072061,37.669632499550396],[126.761831799797,37.6710652004987],[126.76119539959491,37.6703340006562],[126.7600996990568,37.6706191002555]]],[[[127.1384968988888,37.4641619007337],[127.140554199009,37.463389599733496],[127.13941100040469,37.461739400693],[127.1386750987517,37.4621331006402],[127.13951619909561,37.4616831984751],[127.1408859005502,37.4629092987252],[127.1423557011871,37.462220599331005],[127.1416582998762,37.463922401681],[127.1405541993033,37.4633896006035],[127.1384968988888,37.4641619007337]]],[[[126.72510099958089,37.543265699634],[126.7283367005588,37.541414998597],[126.7293602002821,37.5432477005534],[126.7291697011508,37.5442648000714],[126.7279554007545,37.544789600712704],[126.72693509957621,37.5444036004504],[126.7267615993354,37.5433608006038],[126.72510099958089,37.543265699634]]],[[[127.0340842992896,37.7397838997645],[127.03468499980009,37.7401401995781],[127.0342439994348,37.737933098986],[127.035650700264,37.738112699302704],[127.0348297001709,37.7401453000042],[127.0340842992896,37.7397838997645]]],[[[126.68115479834731,37.6555985999784],[126.6838117962902,37.6537551011347],[126.6825704983643,37.6511803976109],[126.68385970003379,37.6530801979945],[126.6855442000435,37.6509243995721],[126.6838597019716,37.653080201189596],[126.6836110019183,37.6560238986661],[126.68607970158699,37.6558991012815],[126.68115479834731,37.6555985999784]]],[[[126.9322649990899,37.385791701076],[126.932392799684,37.3845647984453],[126.93460900003099,37.3830495986925],[126.9365546003268,37.3832324997702],[126.9353631004837,37.3833900001367],[126.9351640011898,37.3845913996495],[126.93412130082851,37.3850932999015],[126.9348889001938,37.3853151999785],[126.9341038005484,37.3875481013378],[126.93433129879429,37.3868881001079],[126.9322649990899,37.385791701076]]],[[[127.151538799687,37.494117799951596],[127.1529958001537,37.4941421998548],[127.15436740106709,37.4960136003876],[127.1526511999506,37.496176500497896],[127.151538799687,37.494117799951596]]],[[[127.15036789962271,37.604510398996105],[127.1521190998418,37.6046466992505],[127.1523797000425,37.603945099746596],[127.1533739001524,37.6051410999283],[127.15036789962271,37.604510398996105]]],[[[127.0934010995824,37.322030999519],[127.0948408999391,37.3216707990335],[127.0961238001975,37.3224789997956],[127.0961002007887,37.323303000481005],[127.0941100998504,37.322620000808],[127.09359109983289,37.3232236005106],[127.09411009914159,37.3226200003581],[127.0934010995824,37.322030999519]]],[[[127.19130439931111,37.607368800058204],[127.1916698991287,37.6049333993184],[127.1929787985192,37.6048757992912],[127.1938511996115,37.603124698924304],[127.1960734023132,37.604874699259604],[127.19545870060941,37.6067049003984],[127.1959621984129,37.607100106291],[127.19130439931111,37.607368800058204]]],[[[126.72169919885751,37.538709499793704],[126.722844000251,37.5375610999818],[126.7228330005504,37.539418399640105],[126.72169919885751,37.538709499793704]]],[[[126.7306683996624,37.5063890994769],[126.731550499975,37.505957699685105],[126.7327786005858,37.5071322996667],[126.73049029924739,37.507150400431],[126.7306683996624,37.5063890994769]]],[[[126.7187456996756,37.5076217003355],[126.7205478989719,37.5075016990878],[126.7211446002642,37.506166798591906],[126.7216245002044,37.5068402996897],[126.7207843008772,37.5076606015843],[126.7187456996756,37.5076217003355]]],[[[127.1072848997362,37.339355898711304],[127.1074046004636,37.340216999262104],[127.1088353990328,37.340734098744996],[127.1090761011921,37.3380524000142],[127.1095808002017,37.3407250014264],[127.107404598917,37.3402170001145],[127.1072848997362,37.339355898711304]]],[[[126.667250998936,37.645042799177396],[126.66827289991501,37.643059899376794],[126.6706324003482,37.6444925988583],[126.67036990070609,37.645491200970405],[126.6693323992743,37.6451992004154],[126.6689978996088,37.6440857015289],[126.667250998936,37.645042799177396]]],[[[126.924299097101,37.350064499225304],[126.924128199268,37.3494764976641],[126.9255499989898,37.3491107988257],[126.92520160006059,37.3478267995929],[126.92720110027551,37.349112899813],[126.92633360032211,37.3501994001316],[126.9245667999235,37.350598400410405],[126.924299097101,37.350064499225304]]],[[[126.6670403993276,37.597745499942704],[126.6672846002302,37.596841499185395],[126.6690064005557,37.597575799101804],[126.66737520016049,37.598306200387],[126.6670403993276,37.597745499942704]]],[[[126.96207749930991,37.3859682000552],[126.9630308003119,37.3861500999948],[126.9624443999923,37.3866031004235],[126.96207749930991,37.3859682000552]]],[[[126.9984471996713,37.2656364001547],[126.99907830011159,37.2653040998932],[126.99971000120259,37.2661600000063],[126.9984471996713,37.2656364001547]]],[[[126.6637935993356,37.569335999869],[126.6645287999982,37.567614799956004],[126.66517950105619,37.569382499925304],[126.6645520992545,37.5701004013829],[126.6637935993356,37.569335999869]]],[[[126.7419478995055,37.507640699427704],[126.7427977999822,37.5074343997706],[126.7428678001207,37.5081018004165],[126.7419478995055,37.507640699427704]]],[[[126.70851409938331,37.4838820999212],[126.7106721004068,37.483574699101396],[126.7109654009766,37.484009500414196],[126.70851409938331,37.4838820999212]]],[[[126.7613558992132,37.6941890997213],[126.7614982999289,37.692453299753595],[126.761584701667,37.694181799667405],[126.7613558992132,37.6941890997213]]],[[[127.0424724994615,37.759447699811204],[127.04299350112859,37.7595964001293],[127.0427956999964,37.759377200115104],[127.0426123998014,37.7597170006277],[127.0424724994615,37.759447699811204]]],[[[127.1069293997223,37.616895699976304],[127.1072383999657,37.614831499825904],[127.10869700009711,37.6143184994676],[127.1072384012937,37.6148315012611],[127.1069293997223,37.616895699976304]]],[[[127.1233552994853,37.3946239998102],[127.1237076006275,37.3946052002527],[127.1235354001074,37.3951702005471],[127.1233552994853,37.3946239998102]]],[[[126.6555581980296,37.4669847008187],[126.65622410020761,37.466991299756195],[126.6563171009078,37.4678324007448],[126.6555581980296,37.4669847008187]]],[[[126.7992892985381,37.6333257015251],[126.8007416007016,37.633849599139296],[126.8015197999234,37.6332120997768],[126.8018845018773,37.634281000701],[126.7992892985381,37.6333257015251]]],[[[126.7396477991482,37.506409999807204],[126.74000060018321,37.5059262990901],[126.7402900007297,37.5063226990259],[126.7396477991482,37.506409999807204]]],[[[126.67718839791411,37.5535903979986],[126.67719849813051,37.5535036980754],[126.67713060299239,37.552187998017004],[126.67719850472571,37.5535036987462],[126.67718839791411,37.5535903979986]]],[[[127.0372262991055,37.7431215004395],[127.0370762997932,37.7425332993203],[127.0372558010971,37.743249501497395],[127.0372262991055,37.7431215004395]]],[[[126.7967263976306,37.4682697014138],[126.7978206002539,37.4676485962693],[126.7965749002211,37.4696590008802],[126.7967263976306,37.4682697014138]]],[[[126.815989699727,37.6307523998019],[126.8166196010605,37.630711797812204],[126.8179730005422,37.6308047006517],[126.815989699727,37.6307523998019]]],[[[126.9351977995295,37.5621651002492],[126.93513219997669,37.561858799931606],[126.9352901000984,37.562117900125095],[126.9351977995295,37.5621651002492]]],[[[126.87612229956781,37.4605313997354],[126.8767381006233,37.4609924992706],[126.8765957002564,37.4613533004465],[126.87612229956781,37.4605313997354]]],[[[126.71352589959409,37.4909745999854],[126.7142613000864,37.490495199746995],[126.71424530021031,37.491000501996496],[126.71352589959409,37.4909745999854]]],[[[126.75223879895731,37.5020300006185],[126.7525476005333,37.5022096998202],[126.7524198005224,37.502386600381],[126.75223879895731,37.5020300006185]]],[[[126.8128106998163,37.631237599904],[126.8127792999591,37.6311936997961],[126.8133996018598,37.6310940996203],[126.8128106998163,37.631237599904]]],[[[126.87181169905439,37.636791699519506],[126.87187630102339,37.636844699923195],[126.8718445997226,37.6368187002124],[126.87181169905439,37.636791699519506]]],[[[126.8974110983683,37.4259445023533],[126.8982036010977,37.4267010002283],[126.8975849981944,37.4266663016315],[126.8974110983683,37.4259445023533]]],[[[127.1498395984627,37.457505300865805],[127.15001500009349,37.4569486994506],[127.1507889014307,37.4572216998846],[127.1498395984627,37.457505300865805]]],[[[127.1920387996889,37.5681211994511],[127.1921113997392,37.5679480996572],[127.1924633001263,37.5679032998835],[127.192111400369,37.5679481000983],[127.1920387996889,37.5681211994511]]],[[[126.79216079816301,37.5874630016055],[126.7920622978059,37.5873853990265],[126.7930422012767,37.5869234994712],[126.7920623005798,37.587385399949206],[126.79216079816301,37.5874630016055]]],[[[126.79095679965191,37.6589859997236],[126.79138880090319,37.6591301994922],[126.791192700205,37.6594607004122],[126.79095679965191,37.6589859997236]]],[[[126.8406196996044,37.62281169987],[126.8406935001095,37.622754099765004],[126.8406424006988,37.6232038006032],[126.8406196996044,37.62281169987]]],[[[126.845718902025,37.6650444987796],[126.84771070066789,37.6647906989066],[126.84798800202721,37.6658444992943],[126.845718902025,37.6650444987796]]],[[[126.5234745995903,37.5118207998833],[126.5234746005001,37.511820798897006],[126.523248199964,37.5120949001538],[126.5234745995903,37.5118207998833]]],[[[126.6650902995768,37.598737200297904],[126.6650903010091,37.5987371990738],[126.665138000799,37.598826200332496],[126.6650902995768,37.598737200297904]]],[[[126.7590225996693,37.505430700174095],[126.7589751001202,37.5051878995538],[126.7590226007284,37.5054307002182],[126.7590225996693,37.505430700174095]]],[[[126.76143879845999,37.695641799438896],[126.7615747016197,37.6956427000971],[126.76143899861819,37.695750402432004],[126.76143879845999,37.695641799438896]]],[[[126.8836839993254,37.4500009987141],[126.88387260030011,37.4499063997767],[126.8838709999941,37.4500948007654],[126.8836839993254,37.4500009987141]]],[[[126.65770519928449,37.602103900785806],[126.6582047005444,37.6022718008659],[126.6580257998086,37.6022117005935],[126.65770519928449,37.602103900785806]]],[[[126.72252989972469,37.5304077002009],[126.7225298999976,37.5304076996081],[126.7225299002411,37.5304077002171],[126.72252989972469,37.5304077002009]]],[[[126.7308489987933,37.5431797006214],[126.7308649987513,37.543006000230996],[126.7310055995574,37.542805199270894],[126.7308489987933,37.5431797006214]]],[[[126.7829683969595,37.471428600094406],[126.7830642004255,37.4713936966093],[126.7830148001934,37.4720974001409],[126.7829683969595,37.471428600094406]]],[[[127.1401610997118,37.610348499937004],[127.1404559996955,37.610418099781995],[127.1408503002598,37.6105074000641],[127.1404559995746,37.610418100264994],[127.1401610997118,37.610348499937004]]],[[[126.77988899929069,37.5992873998513],[126.7798890017816,37.5992873974384],[126.7797700994839,37.5993584001136],[126.77988899929069,37.5992873998513]]],[[[127.08865869934989,37.478679299472304],[127.0888757998639,37.4785531996603],[127.0890794018123,37.4785318998361],[127.08865869934989,37.478679299472304]]],[[[127.1532188988979,37.521548900184996],[127.1533409002287,37.5212990991848],[127.1532189025254,37.5215489035741],[127.1532188988979,37.521548900184996]]],[[[126.6671709990778,37.5957684000418],[126.66724360035121,37.595755599612694],[126.66717099956689,37.595768401009195],[126.6671709990778,37.5957684000418]]],[[[126.6879311987824,37.6527297009967],[126.68802090100999,37.652851499205596],[126.6880879001094,37.6529457008346],[126.6880209000737,37.6528515006845],[126.6879311987824,37.6527297009967]]],[[[126.7111330997633,37.4856739002562],[126.71104069976249,37.4855410992854],[126.71116570162509,37.4856385997589],[126.7111330997633,37.4856739002562]]],[[[126.72897259987471,37.4855952996674],[126.7292578001483,37.4855672997874],[126.72897260010231,37.4855953001125],[126.72897259987471,37.4855952996674]]],[[[126.7823688997058,37.5937061000443],[126.7827687006399,37.5936707002861],[126.78236890044569,37.593706100767],[126.7823688997058,37.5937061000443]]],[[[126.8597253987209,37.4160912001178],[126.85995600151,37.4156628991257],[126.8599358021742,37.4157731027517],[126.8597253987209,37.4160912001178]]],[[[126.8992870998618,37.4387046999988],[126.8993747000941,37.438705299606],[126.8993974002818,37.438705500141495],[126.8992870998618,37.4387046999988]]],[[[126.9045802973486,37.4110478989309],[126.9045803021081,37.4110478970037],[126.90458030171101,37.4110479001313],[126.9045802973486,37.4110478989309]]],[[[126.92805599949139,37.4017552003673],[126.9280560001241,37.401755199199094],[126.928291600488,37.4017553000842],[126.92805599949139,37.4017552003673]]],[[[126.9612040995637,37.3858112999904],[126.9612560995117,37.3857129000888],[126.9613097001608,37.385616999571006],[126.9612561001313,37.3857129003105],[126.9612040995637,37.3858112999904]]],[[[127.0224522992351,37.4583735004735],[127.02242840016069,37.4581668989234],[127.0228784001269,37.4583128000113],[127.0224522992351,37.4583735004735]]],[[[127.1022998986986,37.336179799128494],[127.1028042011462,37.336183999815105],[127.10229989999081,37.3361798008798],[127.1022998986986,37.336179799128494]]],[[[126.6324117950385,37.5577764014547],[126.6324118001489,37.5577763935725],[126.6324118031027,37.557776400332],[126.6324117950385,37.5577764014547]]],[[[126.6796879980027,37.652429398351],[126.67989090047661,37.652226399549704],[126.67976750033449,37.652349902539896],[126.6796879980027,37.652429398351]]],[[[126.7033764989189,37.6366787999248],[126.70345320009059,37.636589799903106],[126.70354070071261,37.6366738007566],[126.7033764989189,37.6366787999248]]],[[[126.8089286995901,37.6317119999285],[126.808947500683,37.6317546001694],[126.80894749988221,37.6317546011367],[126.8089286995901,37.6317119999285]]],[[[126.81067849892179,37.6314614003293],[126.8106785004956,37.6314614006667],[126.8097989998315,37.631891000033],[126.81067849892179,37.6314614003293]]],[[[127.0478903999719,37.7387261000094],[127.0478904000581,37.7387260998865],[127.04791769996,37.7388025000786],[127.0478903999719,37.7387261000094]]],[[[127.1309249989916,37.488395100885995],[127.13092499937811,37.488395099536],[127.1310439003949,37.4883196997364],[127.1309249989916,37.488395100885995]]],[[[126.45776519995239,37.4479504992148],[126.4577652007672,37.447950500385396],[126.4577651998993,37.447950500042296],[126.45776519995239,37.4479504992148]]],[[[126.7415658993268,37.508952299856794],[126.7415659004711,37.508952299017494],[126.7415659009678,37.5089523009405],[126.7415658993268,37.508952299856794]]],[[[126.7539044994368,37.5095243995711],[126.75390450043541,37.5095243991167],[126.7539045008137,37.5095244004227],[126.7539044994368,37.5095243995711]]],[[[126.8907870997783,37.4354890004824],[126.89078709763079,37.4354889988753],[126.8907871010305,37.43548899931859],[126.8907870997783,37.4354890004824]]],[[[126.62645189966591,37.5562262995041],[126.626451900483,37.5562262989615],[126.6264519009984,37.5562263030048],[126.62645189966591,37.5562262995041]]],[[[126.6768196991217,37.543803699590896],[126.676819700768,37.5438036988728],[126.6768197000297,37.5438037007335],[126.6768196991217,37.543803699590896]]],[[[126.7061109997615,37.481758900781806],[126.7061110008688,37.4817588987742],[126.70611100149131,37.4817589007108],[126.7061109997615,37.481758900781806]]],[[[126.72151869932681,37.5169200995999],[126.7215187010195,37.5169201003304],[126.7215187000935,37.5169201009827],[126.72151869932681,37.5169200995999]]],[[[126.7439533992395,37.5064786001552],[126.74395339951309,37.5064785991487],[126.7439534004143,37.5064785996973],[126.7439533992395,37.5064786001552]]],[[[126.79627209940179,37.5885197001166],[126.7962721010327,37.5885196993455],[126.7963156003388,37.588553700423496],[126.79627209940179,37.5885197001166]]],[[[126.8334016997937,37.6620813999046],[126.8334017004224,37.6620813999006],[126.83340170006069,37.6620814003548],[126.8334016997937,37.6620813999046]]],[[[126.8747056988703,37.607840900093],[126.8747057010177,37.6078408995239],[126.8747057003618,37.6078409007064],[126.8747056988703,37.607840900093]]],[[[126.8793731996065,37.5676626998381],[126.8793732014675,37.5676626985868],[126.87937320079341,37.567662701257596],[126.8793731996065,37.5676626998381]]],[[[126.8824304992425,37.4593976995878],[126.8824305013405,37.4593976994682],[126.8824305004256,37.4593977009071],[126.8824304992425,37.4593976995878]]],[[[126.93513469942701,37.3555332001945],[126.9351347001631,37.355533199283705],[126.93513470060661,37.3555331997886],[126.93513469942701,37.3555332001945]]],[[[126.98453209912759,37.408347900949906],[126.9845321006127,37.408347899370504],[126.9845321018645,37.4083479028371],[126.98453209912759,37.408347900949906]]],[[[127.0216457995062,37.4583814999659],[127.0216652000389,37.4582593996487],[127.021645800613,37.4583814998772],[127.0216457995062,37.4583814999659]]],[[[127.05366239892909,37.7004163992783],[127.053662400127,37.7004164004567],[127.0536623994275,37.700416400752104],[127.05366239892909,37.7004163992783]]],[[[127.1046383996078,37.4951138996726],[127.10470529998241,37.494969799885],[127.1046383998398,37.4951139003373],[127.1046383996078,37.4951138996726]]],[[[127.1321462991865,37.4776423998257],[127.1321463003908,37.477642398918],[127.13214630077171,37.4776424001326],[127.1321462991865,37.4776423998257]]],[[[127.2030110992036,37.409364200933396],[127.20301110038899,37.4093641990756],[127.2030111006237,37.409364200359896],[127.2030110992036,37.409364200933396]]],[[[127.20882829958019,37.5865770001283],[127.2088282998905,37.5865769994302],[127.2088283003172,37.5865770003959],[127.20882829958019,37.5865770001283]]],[[[126.6630837978605,37.568580498972004],[126.6630838000778,37.56858050021631],[126.66308379811609,37.5685805004208],[126.6630837978605,37.568580498972004]]],[[[126.742282899821,37.5064905001771],[126.74228289989871,37.506490499436396],[126.7422829009314,37.506490499611296],[126.742282899821,37.5064905001771]]],[[[126.78097679931851,37.6485139002858],[126.78097680015661,37.6485138998915],[126.7809768000168,37.648513900820596],[126.78097679931851,37.6485139002858]]],[[[126.79677799964891,37.5812023000949],[126.7967780001816,37.5812022991959],[126.79677800029211,37.5812022999719],[126.79677799964891,37.5812023000949]]],[[[126.7983977991439,37.469305100772],[126.7983977996121,37.4693050995865],[126.79839780147411,37.4693050991506],[126.7983977991439,37.469305100772]]],[[[126.819014199496,37.6303900998418],[126.8189770995331,37.6303266999052],[126.819014199501,37.6303901010663],[126.819014199496,37.6303900998418]]],[[[126.8216593995192,37.4769053003045],[126.8216594003842,37.476905299756396],[126.8216594003476,37.476905300594495],[126.8216593995192,37.4769053003045]]],[[[126.93597009913651,37.3815447999089],[126.9359701012235,37.3815448007287],[126.9359701009113,37.3815448014579],[126.93597009913651,37.3815447999089]]],[[[126.9365399999104,37.5619297999108],[126.93654000011189,37.561929800038],[126.93653999999559,37.5619298001047],[126.9365399999104,37.5619297999108]]],[[[126.93727109946181,37.3601943001465],[126.93727109999071,37.360194299302904],[126.9372711005566,37.360194300498904],[126.93727109946181,37.3601943001465]]],[[[126.9525631994477,37.4581303997859],[126.9525632002693,37.458130399880005],[126.9525631997158,37.4581304002512],[126.9525631994477,37.4581303997859]]],[[[127.0406906986325,37.7063850998056],[127.0406907011616,37.706385097851395],[127.040690700095,37.7063851007723],[127.0406906986325,37.7063850998056]]],[[[127.1075719995823,37.4987044996655],[127.107572000231,37.4987045004113],[127.1075719995073,37.4987045003514],[127.1075719995823,37.4987044996655]]],[[[127.11500279956459,37.6104560002526],[127.1150027998156,37.6104559972635],[127.1150028015839,37.610456000134],[127.11500279956459,37.6104560002526]]],[[[127.1156894997506,37.6647879998471],[127.1156895005419,37.664787998982405],[127.11568950009931,37.664788000121],[127.1156894997506,37.6647879998471]]],[[[127.1491904993118,37.4572376002061],[127.14919050025361,37.4572375995426],[127.1491905005517,37.4572376001188],[127.1491904993118,37.4572376002061]]],[[[126.7021557993453,37.4572224999605],[126.7021558006585,37.4572225000181],[126.7021558000845,37.457222500688],[126.7021557993453,37.4572224999605]]],[[[126.78077419952109,37.6483695004302],[126.78077419994419,37.648369499960204],[126.7807742001703,37.6483694998783],[126.78077419952109,37.6483695004302]]],[[[126.804038399538,37.4767844996905],[126.80403840062219,37.4767844999489],[126.80403839981139,37.4767845004036],[126.804038399538,37.4767844996905]]],[[[126.8637466977193,37.415563299225305],[126.8637467015801,37.4155632998753],[126.86374669836329,37.4155633029615],[126.8637466977193,37.415563299225305]]],[[[126.9364288000135,37.561607800206595],[126.9364287999387,37.5616077999214],[126.9364288001296,37.5616078001561],[126.9364288000135,37.561607800206595]]],[[[126.9982650997616,37.2671372002876],[126.9982651004137,37.2671371991482],[126.9982651007157,37.2671372000584],[126.9982650997616,37.2671372002876]]],[[[126.9982399997585,37.2655242998199],[126.9982400000784,37.265524299862605],[126.99824000000389,37.265524300046],[126.9982399997585,37.2655242998199]]],[[[127.0330614995017,37.7392152003252],[127.0330615004584,37.739215199523095],[127.0330615006702,37.739215200157695],[127.0330614995017,37.7392152003252]]],[[[127.15887959947531,37.6083610004628],[127.15887960012181,37.6083610000067],[127.1588795998697,37.6083610006358],[127.15887959947531,37.6083610004628]]],[[[126.7107677993805,37.4657361003225],[126.710767799607,37.4657360994887],[126.7107678001249,37.4657360999569],[126.7107677993805,37.4657361003225]]],[[[126.71653029994191,37.4938866999998],[126.7165303000027,37.493886699593],[126.7165303005322,37.493886700133494],[126.71653029994191,37.4938866999998]]],[[[126.72521719845601,37.627544701741904],[126.7252171998298,37.6275446999431],[126.72521720115671,37.6275447013932],[126.72521719845601,37.627544701741904]]],[[[126.761058499352,37.7130833989439],[126.7610585002173,37.7130833999389],[126.7610585001409,37.7130834000993],[126.761058499352,37.7130833989439]]],[[[126.7964663996663,37.581487200495],[126.7964663999605,37.58148719981],[126.7964664003036,37.581487199984394],[126.7964663996663,37.581487200495]]],[[[126.86761379989841,37.4683509995553],[126.8676138000998,37.4683510001528],[126.8676137999324,37.468350999990996],[126.86761379989841,37.4683509995553]]],[[[126.87515649842,37.6169813004693],[126.87515649977951,37.6169812990416],[126.8751565004803,37.6169812998572],[126.87515649842,37.6169813004693]]],[[[126.8822595998431,37.501797100028895],[126.882259600132,37.5017970998831],[126.8822596000262,37.501797100092],[126.8822595998431,37.501797100028895]]],[[[126.91101089967239,37.419183299937],[126.9110108999828,37.4191832996936],[126.9110109002414,37.4191833009049],[126.91101089967239,37.419183299937]]],[[[127.06231239991159,37.6560754999829],[127.06231240002569,37.6560755000033],[127.0623123999816,37.6560755000565],[127.06231239991159,37.6560754999829]]],[[[127.1300757998718,37.3974876998594],[127.13007580024,37.3974877000767],[127.130075799892,37.3974877004922],[127.1300757998718,37.3974876998594]]],[[[126.7741171998974,37.6829185999647],[126.7741172001364,37.6829185999497],[126.7741172002291,37.6829186005071],[126.7741171998974,37.6829185999647]]],[[[126.8439614999359,37.663365400044],[126.8439614999894,37.6633653997386],[126.8439615000359,37.663365400134204],[126.8439614999359,37.663365400044]]]]}}]}