{"type":"FeatureCollection","features":[{"type":"Feature","properties":{"interval":15,"stationId":"4246459937"},"geometry":{"type":"MultiPolygon","coordinates":[[[[127.0519299995718,37.588118599912704],[127.05222689991959,37.586788399801],[127.0531306998245,37.587886399584704],[127.05353149917771,37.5865613006151],[127.0529197991927,37.5861883000191],[127.0541725999892,37.5853429997915],[127.05520899958381,37.5858322993557],[127.05584790018581,37.5850834997274],[127.0577176995464,37.5862354994962],[127.0579683001037,37.585251499809296],[127.05935890010261,37.5870433987851],[127.0599662997927,37.5858025994612],[127.0608954005571,37.5859064001785],[127.06316720013139,37.5881512000058],[127.0634577002872,37.5903448002156],[127.06435760026399,37.5911093997047],[127.0682386002969,37.5909817998216],[127.0674379001856,37.5914804997009],[127.06895770011779,37.5921417000328],[127.06777620058419,37.59216660051],[127.06756350079691,37.5934131992634],[127.0688105001248,37.5932226999768],[127.0678582005677,37.5957972998115],[127.0691726013541,37.598954398720394],[127.070711699815,37.5995516981231],[127.0710919997667,37.6011590983115],[127.0729919001954,37.6010438999661],[127.07185220148699,37.6014870000537],[127.0718954014438,37.6021710993696],[127.07345209988709,37.6018177997229],[127.0738284002077,37.600444099483894],[127.0743289003744,37.6023768000609],[127.0718954011572,37.602171101116596],[127.07079320190229,37.6048622016961],[127.0711850015008,37.607072200005796],[127.0723279006269,37.6080713996198],[127.070321900395,37.6086904006121],[127.0696535998777,37.6112753002673],[127.0695029990614,37.6092475016259],[127.0672417013227,37.609399401474],[127.0660358999629,37.6135285001098],[127.06504559973341,37.6132239004047],[127.0643056995445,37.611317500862796],[127.061381899759,37.612135600243505],[127.0611991995566,37.610931600484],[127.0603469996924,37.610754400663495],[127.06053869977619,37.609493700243604],[127.058550599713,37.6093675002739],[127.057355199757,37.6082996002998],[127.0573104999718,37.6073892991552],[127.0587140985682,37.606608699935805],[127.05797549930679,37.6052303013142],[127.0563990004093,37.6062977010253],[127.05530309773751,37.605233499997595],[127.05667669954809,37.601921299721],[127.05776669993921,37.6014009996816],[127.05900009931041,37.6019648988244],[127.06049969905679,37.5993296991805],[127.0621607993103,37.5987542998553],[127.0598059997445,37.596801900913704],[127.05859459949181,37.597882999937205],[127.0585026998457,37.596914699979],[127.0599606991877,37.5960249996365],[127.0585868005616,37.5953372003243],[127.0587132999237,37.5962466004222],[127.058202499424,37.5952897001901],[127.0590669001192,37.593877599820196],[127.060928800159,37.5943684995525],[127.0617054995096,37.5929292002063],[127.06075630045879,37.592159900975595],[127.0583267997922,37.5935822002997],[127.0542163994147,37.5923324003619],[127.0536747997928,37.5908658009333],[127.0528374996847,37.5919709006373],[127.0519299995718,37.588118599912704]]],[[[127.0648735997376,37.6141649998532],[127.06648079969479,37.6145843993515],[127.0665149996523,37.6137763998658],[127.06773610027591,37.613658099535904],[127.06708930072621,37.6141519998611],[127.06859880008321,37.6156272997239],[127.0709047000277,37.6143121995945],[127.07079710122949,37.616199999576196],[127.0721641998624,37.616539199236996],[127.07270419996931,37.6152790995774],[127.0730919005499,37.6165503993835],[127.0742146006917,37.617080500365],[127.0730428002227,37.616939001271405],[127.0726199993877,37.6180800004884],[127.0721315998761,37.6166111019573],[127.0701250018827,37.6176873008811],[127.0701794999909,37.619685100273095],[127.0697646974797,37.6176494996538],[127.0681940992314,37.616574200379006],[127.0653155994474,37.616556700024],[127.0659099992212,37.6149300000762],[127.0648735997376,37.6141649998532]]],[[[127.0410121993077,37.5795177991959],[127.0408798995055,37.5786043999786],[127.04294999912321,37.578769998846695],[127.04402450008291,37.5775637998613],[127.045509501049,37.5799745995045],[127.0474361002583,37.5803010998367],[127.0473448002037,37.5816613996757],[127.0483832005107,37.582502300018405],[127.04753560002081,37.5827578000873],[127.046991799658,37.581573500294894],[127.04502430046449,37.5811414006142],[127.0444115006881,37.5826695002468],[127.04498580035401,37.5832492003375],[127.0434408999422,37.583101000537496],[127.0418265994898,37.5808913004066],[127.0420177988901,37.5800675996499],[127.0410121993077,37.5795177991959]]],[[[127.0578475993135,37.6226804996503],[127.0587953014141,37.620583598501106],[127.0597605005037,37.6215207992661],[127.061003199261,37.621410899376],[127.0613580001192,37.6202889994304],[127.0628406037923,37.6206744987537],[127.0612591013596,37.621455600908995],[127.0616342009845,37.6227739995906],[127.0597029014404,37.6249385999378],[127.0601214008489,37.6260720009976],[127.0578475993135,37.6226804996503]]],[[[127.0321977996964,37.578026900121095],[127.034191800006,37.5764870997602],[127.0346922998075,37.5771560992177],[127.03481119940189,37.576396599228104],[127.0369495008109,37.5781248001149],[127.0361201982107,37.579004601000996],[127.0321977996964,37.578026900121095]]],[[[127.07556029954951,37.594345500232805],[127.0771293001278,37.5943736000338],[127.076271499917,37.595466200164395],[127.07638089961651,37.5941410003139],[127.07556029954951,37.594345500232805]]],[[[127.0615462992237,37.6132236998679],[127.0632849001191,37.614269300801894],[127.061581599347,37.6135597002838],[127.0615462992237,37.6132236998679]]],[[[127.0580095997619,37.596752799993],[127.0581702002644,37.5966841997803],[127.058128000171,37.596966400145],[127.0580095997619,37.596752799993]]],[[[127.04836999926721,37.580810000318],[127.0484800001272,37.5806899990821],[127.04848000060039,37.5806900007058],[127.04836999926721,37.580810000318]]],[[[127.0246829994818,37.576141200209705],[127.0254271007584,37.5762268992975],[127.0253831999827,37.5763397008368],[127.0246829994818,37.576141200209705]]],[[[127.0238917994954,37.575916999967696],[127.0238918002034,37.5759169992672],[127.023891800273,37.5759170004339],[127.0238917994954,37.575916999967696]]],[[[127.0750653996341,37.6015296999258],[127.0750654008286,37.6015297004035],[127.0750653996379,37.601529700908],[127.0750653996341,37.6015296999258]]]]}},{"type":"Feature","properties":{"interval":30,"stationId":"4246459937"},"geometry":{"type":"MultiPolygon","coordinates":[[[[126.9773591998536,37.5701412999987],[126.978430199181,37.570054399335],[126.978408600255,37.5693047997786],[126.9789742997345,37.5702671989724],[126.9792086991002,37.5686331995317],[126.9803806999078,37.5683278997973],[126.9804787993069,37.5673230995545],[126.9815024992119,37.567172999657394],[126.9820870999745,37.5660401996949],[126.9834849995787,37.5671135996035],[126.9835363009456,37.5660899007149],[126.9838201006763,37.567318900347495],[126.9828576006372,37.5676099001157],[126.9829346005602,37.5686011991244],[126.9845360999603,37.5686522990141],[126.9890235993696,37.5679638992121],[126.9897437991022,37.566278600281095],[126.9903431994245,37.566790899392004],[126.9921520992251,37.5651152993885],[126.9933396008319,37.565045399683406],[126.9935738008347,37.5657918994591],[126.995860299563,37.5655637994462],[126.9960056993168,37.5645027002983],[126.9929470997989,37.563826200544],[126.99351029923899,37.563096099801406],[126.9928435999057,37.562180500717],[126.99128969897859,37.5629839001781],[126.9904168994472,37.561235700340895],[126.98666389988179,37.5617876011836],[126.9853948998972,37.5629055003457],[126.9834148992505,37.5606896999359],[126.9851134994445,37.5596493001667],[126.9847538997894,37.5590298995121],[126.98766689998929,37.5595688998183],[126.9890970001025,37.5613010996025],[126.9898376997502,37.5613248998104],[126.9905341001936,37.5599955995472],[126.99177989968119,37.5600749998737],[126.9931842001984,37.5584699993731],[126.9946375001425,37.560219599531905],[126.9962180000605,37.5595315998707],[126.9984710006496,37.5623090999998],[126.99760930033759,37.5621154007503],[126.9964613007108,37.563397300175495],[126.9958603007031,37.5655638000313],[126.9964900000734,37.5664343991607],[126.9984229997916,37.5658283995835],[126.9985974001858,37.5663648995557],[127.0004001986281,37.564981099417395],[127.0016247988176,37.5650586994348],[127.0024841992517,37.563899399834696],[127.0019893993845,37.562985099519096],[127.0039577001922,37.5624712991474],[127.00539329906789,37.5605109995817],[127.00487819979939,37.559038199767606],[127.0068465997094,37.558807298753194],[127.0056448004428,37.5604464996231],[127.0074727998755,37.5607335991007],[127.008214500308,37.561104900244395],[127.0076907008451,37.5617820999389],[127.0090272996204,37.5621066996028],[127.011936200924,37.5571273992321],[127.0125522009039,37.558160299237095],[127.0148800006544,37.557710299300894],[127.0169997005025,37.5582770994972],[127.017237400715,37.5595236999891],[127.0160169012883,37.5607519996982],[127.01726770039781,37.562918699597],[127.02043960032731,37.5638162996351],[127.0219185002755,37.56538849951],[127.0237851000003,37.565003099875],[127.0247824001576,37.5657731998922],[127.0244502004837,37.5663130996761],[127.02584759999971,37.566038399565294],[127.0283361002736,37.5679705992331],[127.02919610008249,37.567759199726],[127.0290150004023,37.5694657993022],[127.03009109932621,37.5695204992475],[127.0302789001998,37.5677074995414],[127.0306650000386,37.568782499540895],[127.0314175008516,37.5684568999907],[127.0320184002328,37.570254599006],[127.0338860997311,37.5685781998666],[127.0349511997931,37.5687645998106],[127.0357130993111,37.5675912002617],[127.0341280991784,37.5668729995996],[127.0344300997091,37.564914100486604],[127.0308646008904,37.565341400270704],[127.0308610007597,37.566403300215],[127.0299005002325,37.5669623003249],[127.02940839987289,37.565817300289396],[127.0282836999112,37.5662093002246],[127.02528189977579,37.5650403005031],[127.02632369946491,37.5645973998801],[127.0272351999652,37.5627590993807],[127.0277526001294,37.563262698881005],[127.0285760000718,37.562701599473996],[127.02980079997761,37.5637322984753],[127.03091499935519,37.5616207001418],[127.0299469993333,37.561208700098],[127.0302117993586,37.5599901001901],[127.02846290016929,37.5596556003102],[127.0282580001058,37.5609935001804],[127.0275279999839,37.5607574006464],[127.02736299831679,37.5591431005033],[127.0253033989991,37.5575630003823],[127.0248133997314,37.555665500349306],[127.02194700001739,37.556530000302104],[127.02160740009849,37.557810700583595],[127.0187015993781,37.5583453004],[127.0198360989158,37.557233800359896],[127.0183319993458,37.5567767007882],[127.0177094995757,37.555334900087196],[127.0182284990567,37.5540986013235],[127.01761559926099,37.55340339991],[127.01884479922559,37.552196199807696],[127.0181377998738,37.5513135992642],[127.01939789943741,37.5518447988555],[127.01927860020011,37.550673699598896],[127.0193979005696,37.5518447995045],[127.02075539921209,37.552066299283],[127.0203142000771,37.5511682995836],[127.021427701021,37.551379499623906],[127.0212786018244,37.553645698774396],[127.0236834011223,37.5529603995566],[127.0248586005373,37.555139499554905],[127.0272502001146,37.5545199994046],[127.0302524995802,37.555937198423905],[127.03432700004831,37.5551100994654],[127.0342735007364,37.5573063996262],[127.0378498979892,37.556545199777005],[127.03742029992809,37.5558116987349],[127.0397907008317,37.556859098266095],[127.0427814004913,37.556474399326596],[127.0440915998012,37.5559821998596],[127.0444381994492,37.5549659998628],[127.04241599998521,37.5532037006115],[127.0410693991128,37.5543039007157],[127.0419446967194,37.5512665988129],[127.0439593990974,37.5513791989008],[127.0443684992827,37.548447700628095],[127.0435850987737,37.5485771007829],[127.0446476996071,37.5471471997879],[127.0448134984597,37.5451160998663],[127.04576010012579,37.545537199157195],[127.0471186012447,37.544642399385104],[127.047370300993,37.545475098552394],[127.0503732006321,37.5463546003895],[127.048731100784,37.5468589003535],[127.0483185003906,37.5481920002893],[127.04827999985541,37.5468810009841],[127.0453116010202,37.5469613005353],[127.0460251005857,37.5477074007323],[127.0445334004647,37.5480491002281],[127.04413090093149,37.5510122991779],[127.04529800002351,37.5514371992467],[127.04605630006951,37.550753799005804],[127.0459459003972,37.551492599432],[127.04728670000691,37.5516847999047],[127.0472640002328,37.5525391993856],[127.04820410211131,37.551965599231],[127.0483018004334,37.553753899942194],[127.0494329006197,37.5549829004397],[127.0483740994983,37.5541052005468],[127.0474024996433,37.5544317004046],[127.04830179857771,37.553753900158796],[127.046919599953,37.5515630005442],[127.04594590092671,37.5514926006146],[127.0459460001204,37.5551878001718],[127.0451929002829,37.5547459006042],[127.0449912002023,37.556325400403296],[127.0432656002175,37.5563037003218],[127.0427253004809,37.5580954005916],[127.0411127007355,37.5579185002896],[127.0408013010469,37.558517999690096],[127.0431709005301,37.560222699749296],[127.04299180042099,37.5612415999037],[127.0440344001808,37.5611715999375],[127.04270800071481,37.562364899951596],[127.0426157013229,37.5638056996137],[127.04458100098199,37.5665628002059],[127.0435370001775,37.5672209011652],[127.0417081988066,37.5661373023071],[127.0401220003928,37.5662775021669],[127.0394867010281,37.5669709014735],[127.0405548999599,37.568785599658796],[127.0427373009772,37.570368098018],[127.0457664992496,37.570385599144004],[127.046795098221,37.5698781996514],[127.04626719921531,37.568534199855804],[127.0477548983533,37.5676408003626],[127.0471741994471,37.5667737999494],[127.0480508014661,37.5670908987549],[127.0462672009577,37.568534200817204],[127.046795100288,37.5698781999738],[127.0457665008982,37.5703855997977],[127.0480749994943,37.5707623997675],[127.048649699625,37.5701902001124],[127.0481379995575,37.569512099714494],[127.04872780043189,37.5695250990668],[127.0485218004911,37.5704948996718],[127.049671499946,37.571145199882395],[127.0504494996922,37.5696607998539],[127.0498351997297,37.569260699717404],[127.051415200175,37.5693884996137],[127.0517094000855,37.5701391004256],[127.050290100718,37.5707254002521],[127.05094370006441,37.5713886995888],[127.0538668997635,37.571237098896695],[127.0541750008256,37.5722359998777],[127.0560586999696,37.5727664995798],[127.0567186002547,37.573300100328694],[127.05560080137249,37.5738273998014],[127.0574286002269,37.5742421999292],[127.05710600049021,37.5754205999047],[127.05868890075591,37.5759572999359],[127.058496800453,37.577490299678104],[127.0613278003635,37.577867699727896],[127.0608900013713,37.5793387997708],[127.0616005006775,37.5803671993774],[127.063040400245,37.578295499824605],[127.0638281018633,37.5804227994623],[127.0665651998312,37.583417097668196],[127.067873599683,37.581676099459706],[127.0678549997016,37.5805285006073],[127.0672755998716,37.5805363991741],[127.06849750058181,37.579875399709096],[127.06862840057839,37.5806569993482],[127.0711452998097,37.5817945993876],[127.0734662002674,37.5813137997391],[127.0739018000295,37.5817415004862],[127.072536800289,37.5823996996912],[127.0734156000279,37.5832531997766],[127.0739892002519,37.5825429999245],[127.07392870008529,37.583815998919],[127.07678840009879,37.5849001998302],[127.0775229999822,37.5840633996881],[127.079950099974,37.5846914993801],[127.08004420063631,37.585994299192606],[127.0809390004362,37.585640999762205],[127.08284589992239,37.5866330986863],[127.08354759922071,37.5861255991938],[127.083228700011,37.585310099421804],[127.0868582987041,37.5832657001025],[127.08321679993101,37.5812790000434],[127.08410509979561,37.5816085996677],[127.0838152996201,37.5804275999946],[127.0852380995502,37.5782558994144],[127.0888238999529,37.5775173994329],[127.0922354997496,37.5780154995885],[127.0915831008182,37.5789596001179],[127.0932135002605,37.5794059999891],[127.0936939003796,37.5803224002324],[127.0933365001965,37.581399000168396],[127.0909963001752,37.5820467012781],[127.0903703001925,37.5844575994958],[127.09368410013731,37.5872188995675],[127.0930565004837,37.5872532004191],[127.09311020043,37.5882096994626],[127.0943560001843,37.5899047996727],[127.0935660000912,37.59037820003],[127.0941386006698,37.5921359990604],[127.0965810000489,37.5930196998714],[127.0957499007915,37.5931688001749],[127.0956458008956,37.5946330987106],[127.0966847998566,37.5948572984864],[127.0974772000607,37.5932792997135],[127.0972386007707,37.5939971991195],[127.09819930047361,37.5946657996695],[127.1003208002637,37.5952327996946],[127.1002703004092,37.596767199496604],[127.1010400004791,37.5973846001042],[127.1003170007596,37.5977910001358],[127.1015147001086,37.598238199909694],[127.1021027001322,37.6002561992346],[127.10377750051211,37.6018669997559],[127.1055935998538,37.601596799846504],[127.1060263999711,37.6007154998697],[127.1082923997359,37.600974199519506],[127.108108099992,37.6001632998628],[127.1099020007225,37.601169999105004],[127.1098494002746,37.6022500997805],[127.1109816003144,37.6022234998202],[127.1132022004704,37.6078291006815],[127.1111927007903,37.6070023011336],[127.1110813002171,37.6086302001547],[127.1099236013748,37.6098295989553],[127.111502200328,37.6090748000936],[127.1099306004463,37.60984660248],[127.10851960039159,37.609575302162405],[127.1050784010147,37.6117538016935],[127.1049717988766,37.6110929010713],[127.1036210974973,37.6109069998841],[127.1026037995496,37.6089435997169],[127.10401809963311,37.609908098942],[127.10565079800041,37.606815602034494],[127.10411329831629,37.6047469002358],[127.100980600239,37.602695300684104],[127.099386900006,37.6037318000471],[127.098603499991,37.6031785004827],[127.09759459972739,37.6047357004071],[127.09649740025641,37.6041055004164],[127.0954884000346,37.6045925007026],[127.0938886002521,37.6035057010714],[127.09314070100001,37.603977400599696],[127.0943452997199,37.6053537006431],[127.0907742994904,37.6028059003783],[127.08945819980029,37.6031858002049],[127.089393199883,37.6022298009308],[127.0876545007517,37.6034516014263],[127.087260900008,37.604996900399506],[127.0876544993328,37.6034516010884],[127.0857427012446,37.6038274007126],[127.0856569012022,37.6062527024871],[127.0817245013871,37.6072791008584],[127.0820413011238,37.6082161007777],[127.0813051013987,37.6087854006249],[127.0827788023326,37.611190899418396],[127.08193300165571,37.6117535012553],[127.081811701777,37.6148071982016],[127.0843171998672,37.6147785978974],[127.08586770038899,37.6161387986636],[127.0878039984527,37.616210498591904],[127.0887647000318,37.6149932977415],[127.09135130059249,37.6164913976872],[127.09493090022329,37.615758099882],[127.0945437004204,37.6168073000156],[127.0920392001293,37.6176494011391],[127.0926179020067,37.6209958014211],[127.0917691028555,37.6226165998003],[127.0943282025883,37.6242321009552],[127.0916941003763,37.6255601005755],[127.0890647001782,37.6247130003631],[127.08665860345471,37.6269147022675],[127.0856314980776,37.6267190003947],[127.0841264993294,37.624705402192504],[127.0820012999021,37.624284802313696],[127.0804535001044,37.6257522005887],[127.0790323997749,37.625340100795306],[127.07854550026181,37.6260620000734],[127.07917420015859,37.6273228001556],[127.0770381010117,37.6290287008767],[127.0749982004331,37.6285214012211],[127.0742465998749,37.629456400098505],[127.07499819911939,37.628521400807095],[127.0735244005932,37.6284031009254],[127.0738941002274,37.6293755001794],[127.0712392995205,37.6293490016592],[127.0706274999321,37.6309799001029],[127.0703399978093,37.6287000006832],[127.0691805989687,37.6275705018127],[127.06572990241939,37.6269286024546],[127.06455820123189,37.6280256026735],[127.06570790172371,37.6310392999985],[127.0648412001418,37.6308236001507],[127.0651506998323,37.632040798933495],[127.0667019010944,37.633643199431],[127.0662933005331,37.634499399971105],[127.0691676005527,37.6363932990117],[127.07104320083681,37.6355982995417],[127.0710756010973,37.6376579987837],[127.0724717016043,37.6379382014269],[127.0710756004312,37.6376580005564],[127.0694531007224,37.6391148004548],[127.066859300082,37.6393985002104],[127.0661160999487,37.6402319007339],[127.0667508992977,37.6388504002279],[127.0654573001845,37.638302800287995],[127.0654460006016,37.6392976004241],[127.0615896000621,37.639874900598905],[127.0603603990415,37.640854402776604],[127.0599688999313,37.6399023008454],[127.0591517983478,37.6401842020756],[127.05996889929101,37.639902298540704],[127.0606054987688,37.6369208008994],[127.0590821999814,37.6379946000685],[127.0561709028927,37.636900101163],[127.05648120258239,37.638777099285996],[127.0541423020897,37.640759701086594],[127.05402070221129,37.6426054992408],[127.05529700135709,37.6453105999123],[127.0571535001481,37.645629400009696],[127.0518666037855,37.6461100035869],[127.0510937009649,37.6529049008543],[127.0489133998982,37.6534751000488],[127.04899879926981,37.6517582004397],[127.048011600257,37.6514568007411],[127.0450904998559,37.658253700724906],[127.04401319865329,37.6565332005092],[127.0412201991164,37.6559766004264],[127.043213899499,37.654278399766504],[127.0424308999879,37.651874801567004],[127.0415181009007,37.652269801172],[127.0412621994601,37.654008500825306],[127.0412972987323,37.651702300506095],[127.039412600016,37.6515672998619],[127.0413128000089,37.6515725999528],[127.0415889984672,37.6508665987675],[127.04534909858839,37.6511524978989],[127.0460007979367,37.649557599493804],[127.04414999927481,37.6472600004182],[127.0452258991321,37.6430370995249],[127.044481098895,37.642160999359604],[127.0466148979793,37.6413253999829],[127.0465065986232,37.6402183993737],[127.0474911991068,37.6409979985317],[127.05073109944719,37.6395653996449],[127.0508210003274,37.6405664993607],[127.0525146986337,37.6419948979323],[127.05356929838791,37.6404253989458],[127.0515945994525,37.6387080004678],[127.05239789936441,37.6380136990182],[127.052147299615,37.6371023999295],[127.05247250022269,37.6380891002081],[127.051640300991,37.638584099741],[127.05393269876251,37.6389683993288],[127.0537840986884,37.6375057992401],[127.0549499974426,37.6359777996866],[127.053630698788,37.632955099673794],[127.0523432985173,37.632398099930704],[127.0509259986146,37.6298221012789],[127.0528308984815,37.6293344996828],[127.0512552992191,37.6288309998465],[127.0518046985066,37.6274854997573],[127.05081999881921,37.6249600000139],[127.04979319953,37.6243020001609],[127.05082849911169,37.6238764999619],[127.0499656996886,37.622714499900404],[127.0506644991135,37.6215931000448],[127.0493625997234,37.620447999831704],[127.0500904996681,37.62087989847],[127.05093699899591,37.6188454003154],[127.04990009917181,37.6181960002085],[127.04994879923039,37.617149000267595],[127.0482139996506,37.616177700970404],[127.0485791990247,37.614513199746995],[127.04761999936039,37.613730000071094],[127.0485049995129,37.6124572003822],[127.0474889999651,37.612047200842596],[127.0470547000944,37.612849500627],[127.0462067998232,37.6117884004503],[127.0450143000527,37.6116948005005],[127.0446904992039,37.612206799992606],[127.0453726987074,37.6096301019916],[127.042544799343,37.6067281010698],[127.0402971991973,37.6071158013263],[127.03962129991329,37.605088200611995],[127.0355279002387,37.6053140002671],[127.0350088995957,37.6039246000055],[127.0357454992819,37.602821400761805],[127.0345796990608,37.6032832993514],[127.03573509855019,37.6023549991435],[127.0354027990944,37.6013507998668],[127.03778199932471,37.6004369999963],[127.0375811999304,37.5969232992941],[127.0409029999918,37.5955608990699],[127.0403910010439,37.596190799566905],[127.042089702064,37.5970842994499],[127.0435230003658,37.6013789984434],[127.049601500761,37.604739099467906],[127.0530405973219,37.6052310989759],[127.053400496962,37.600292603914404],[127.04637239842009,37.5955539033324],[127.0453573994897,37.5924725013246],[127.043841100263,37.5926556005082],[127.043605100499,37.5936548995089],[127.0443799997245,37.594251801268],[127.037760199514,37.592538201862396],[127.0362064010678,37.5935535008471],[127.0368557004616,37.594812399678105],[127.0359391001813,37.5953339006142],[127.0339854991406,37.5940492007367],[127.0339120993045,37.5917303006087],[127.0328766994358,37.5912915001665],[127.03377809947871,37.5901699995412],[127.03308899984141,37.5889810004672],[127.030362400338,37.5882962006324],[127.02912929983269,37.589717400575594],[127.0286048998246,37.5888080006942],[127.02813139963831,37.5892123999487],[127.0282696998533,37.5882261007982],[127.0275777990475,37.588759000182804],[127.0278774992219,37.5873908007081],[127.02629950032579,37.5883775005643],[127.0252424000079,37.587300701529],[127.02403930071999,37.5872834015578],[127.02347690128241,37.588606200235],[127.02414300022889,37.589272900170094],[127.02091520060151,37.5913272011595],[127.0219892007585,37.5945047010687],[127.0216051003361,37.5970667005781],[127.0198192996409,37.597383201394706],[127.0191543999542,37.5966931007512],[127.016212200171,37.5964912006537],[127.01486950079601,37.5983745005911],[127.0150567006088,37.599319599646],[127.0178652007077,37.601010799577296],[127.0176179011126,37.601991699668396],[127.0188684000838,37.6023916001761],[127.0174643006778,37.6031291013992],[127.0150977005631,37.606431200038],[127.0131200000461,37.606940900664796],[127.0131145991637,37.605932601073306],[127.0121211001572,37.605798201207705],[127.0108832996794,37.606463400639],[127.01058929982351,37.6050788012467],[127.0090998983264,37.6056163005861],[127.0108142986451,37.6044364998238],[127.00935180010761,37.6034725007878],[127.00893789984411,37.6043257005013],[127.0089597992493,37.6012371999684],[127.0103237002963,37.602175198904796],[127.01129349960229,37.5997772993801],[127.0140269993065,37.5995775991001],[127.0140547988856,37.597807199776],[127.01252979964869,37.597150800052304],[127.0126372995465,37.5963598990511],[127.0133535993191,37.5951633996987],[127.01424899925561,37.5957803991649],[127.014849598655,37.5951877997575],[127.01234820032451,37.592931701930404],[127.0115717995371,37.593354300815804],[127.0094718997252,37.5900522004121],[127.0080227009153,37.5901983001533],[127.0080264998598,37.591022200914495],[127.00467600029731,37.590222100567],[127.00448419994969,37.5910715002788],[127.0037299996997,37.5910496005097],[127.00377519920221,37.589722301308996],[127.0028234994612,37.589096600251295],[127.003414199253,37.588349100589205],[127.0025035993644,37.588176300114],[127.0038031985912,37.587892599746404],[127.00247089992351,37.5867899008491],[127.0003099997094,37.586530000532406],[127.0006016993233,37.5850457010283],[126.997401999611,37.584527699835306],[126.99721119961279,37.5823716990524],[126.999023899591,37.5821932986265],[127.00015479940001,37.5802258988052],[126.9998128997419,37.578911100119996],[127.0018074991273,37.5782781000721],[127.0021924983979,37.5767555007689],[127.0001801990186,37.5769006007532],[126.9979853000102,37.5751418007425],[126.9973225991703,37.575895800217594],[126.9962299985561,37.574665400095604],[126.9966046981345,37.5733619993777],[126.995842198897,37.572014700725],[126.9935033008221,37.572297700355],[126.99105559988459,37.5757137017462],[126.9892564994267,37.5755238004439],[126.9890529986785,37.574151299418794],[126.98673269912331,37.5722441997852],[126.9870190991365,37.5716870997669],[126.98565410048741,37.5712871001699],[126.98565500057809,37.572994799982695],[126.98456590069881,37.5723287007737],[126.9843550006823,37.573543100353405],[126.98291809998531,37.5746101003651],[126.9812435997676,37.5722241008728],[126.9801589995724,37.5724752010836],[126.9785890995627,37.5703733003015],[126.9773591998536,37.5701412999987]]],[[[127.0386364992164,37.6666672002913],[127.0399282992522,37.6669997990974],[127.0402747999516,37.6651358994943],[127.04251979994669,37.662981099836806],[127.0428181003007,37.663758399048696],[127.043555900161,37.6628877997691],[127.0428181007946,37.6637583991588],[127.043080501254,37.6651809990398],[127.0447265996079,37.6642272999935],[127.0445123994417,37.662179899836396],[127.0454651005542,37.6628592994087],[127.0454006006481,37.664218999138704],[127.04664930018,37.6642288985702],[127.0489610009694,37.6660729011925],[127.0462220018498,37.666048501806],[127.0462321020137,37.669319000738504],[127.04383130009349,37.671422801390904],[127.0428171995504,37.6698854007008],[127.0393197991948,37.6682403998418],[127.0386364992164,37.6666672002913]]],[[[126.9750365992616,37.564571799737806],[126.974834499304,37.563322099745804],[126.975400000219,37.5635699994629],[126.9762395001276,37.5624305998209],[126.9787697002078,37.5632852994601],[126.979090800015,37.5649479997139],[126.9795911002051,37.5647182000746],[126.9789049000546,37.565889900034],[126.9773042003416,37.5661913002246],[126.977601200563,37.5670020000047],[126.9769191003123,37.56733410067989],[126.9771915997286,37.5650804999483],[126.9750365992616,37.564571799737806]]],[[[127.140190199542,37.6039634998906],[127.1423417000996,37.603841599396006],[127.1425461997514,37.6023636005246],[127.14123729976001,37.6017945004689],[127.1421852993945,37.6015144997354],[127.14441549955329,37.6023475991186],[127.146548099201,37.6014864989738],[127.1462169003584,37.6033005991811],[127.1471131999517,37.6026133996318],[127.1467064007974,37.6032267998535],[127.1475552004615,37.6037775003702],[127.14609780162161,37.605540400529506],[127.1462177993171,37.604652200271],[127.14400940049791,37.6042408007837],[127.1416956001005,37.6056350007453],[127.140190199542,37.6039634998906]]],[[[127.0443629990618,37.6809265005828],[127.0439752999651,37.679865699586],[127.0463343001837,37.68061769887],[127.0483851990582,37.679738299944795],[127.047354400089,37.6777685019146],[127.04541729949679,37.679299400494095],[127.04457749948341,37.676730699362],[127.0450865004209,37.6760271990571],[127.0452655009119,37.677015398869905],[127.0473544015118,37.6777684995986],[127.0483852010325,37.679738299483596],[127.0476961998085,37.6807066010129],[127.0473068000067,37.6801427004609],[127.0446997009,37.6817653008043],[127.0443629990618,37.6809265005828]]],[[[127.0277975992508,37.549766000469496],[127.0292463988591,37.547565498421996],[127.0307073997882,37.5477131983226],[127.0335195001862,37.5489359000175],[127.0332286016217,37.5508161995524],[127.0354248998633,37.5512989998202],[127.035947301971,37.550682998536196],[127.0368816011925,37.5522927995913],[127.03662460031589,37.5530459007509],[127.0361931997037,37.552239200567904],[127.035055600215,37.5522693002614],[127.0344513997155,37.5534569007164],[127.03261809950439,37.550646801054306],[127.0302691000378,37.5520288001823],[127.0299516993238,37.5504106002128],[127.0292644000111,37.5505486000748],[127.0287498997061,37.5494706004414],[127.0277975992508,37.549766000469496]]],[[[127.0580146997134,37.6551019000825],[127.0589168992051,37.6553130994509],[127.0589603995131,37.653934599896],[127.0604359997088,37.6540993992743],[127.06066709970361,37.6534643991603],[127.0634388031845,37.654073198564],[127.0644879020539,37.655188599462505],[127.0670719002116,37.6554401993593],[127.0679000006591,37.6577400003187],[127.0642593004204,37.6596299013428],[127.0631098999391,37.658169801043506],[127.06264449949181,37.6596604004728],[127.06204750008881,37.6588630012702],[127.061362099733,37.659295300175195],[127.0613773995571,37.6568623007941],[127.0605897998081,37.657195700357704],[127.0600529990542,37.655578800042],[127.0580146997134,37.6551019000825]]],[[[127.0472469997054,37.5608289000769],[127.0485361000332,37.560399999472004],[127.04898870019919,37.5613254993666],[127.0499773995304,37.5612375990007],[127.050243900214,37.559811499557306],[127.05334620003009,37.5618639993712],[127.05347739997791,37.5624095003324],[127.05251560093971,37.562462600279304],[127.0531839009646,37.5640188003573],[127.0502573997979,37.5645005003671],[127.0500384992965,37.562868900022295],[127.0489724003626,37.562374000517195],[127.0484144999107,37.5633243999768],[127.0472469997054,37.5608289000769]]],[[[127.0841307997864,37.5752486999389],[127.0853108994223,37.5749948989504],[127.0864555991403,37.572272300285505],[127.085013899594,37.5720987990413],[127.0861438995162,37.5716864992442],[127.0861561999895,37.5708322992502],[127.0873658001762,37.5721085996524],[127.0878904009247,37.5718099995511],[127.08850670033219,37.5746409992946],[127.0895125015318,37.575066498739],[127.085803000059,37.5758796002105],[127.0856388997884,37.574885500963504],[127.0841307997864,37.5752486999389]]],[[[127.03234499951371,37.6490438000507],[127.0333591991303,37.6481239993319],[127.0332515994901,37.6465194986111],[127.0340795002084,37.6462878998587],[127.0372380007036,37.6482212000533],[127.03636470056449,37.6496470009512],[127.0346807999322,37.6503453004537],[127.0334699995713,37.6498179002242],[127.0336854993853,37.648670301127396],[127.03234499951371,37.6490438000507]]],[[[127.0453119993573,37.6888729005409],[127.0475138000648,37.688646799707],[127.0476966005763,37.6897506002143],[127.0468340999865,37.6894862001884],[127.0451399999334,37.6907068002766],[127.04655899881631,37.689641200002896],[127.0453119993573,37.6888729005409]]],[[[127.0054105990215,37.612049799590004],[127.0072287998287,37.6127370988064],[127.00800019905729,37.611560599982894],[127.0070453002453,37.610430299049995],[127.0092689997327,37.611295598698],[127.009535000332,37.6098531987558],[127.0110210001653,37.611325199983305],[127.00974210060609,37.6121592009257],[127.0098799005436,37.6135854012558],[127.0087120005318,37.6140185014563],[127.007745999829,37.61298660089],[127.0062351996725,37.6139570013365],[127.0054105990215,37.612049799590004]]],[[[127.0723786988016,37.6598960000124],[127.0732913993893,37.6592066989284],[127.0769122010523,37.6599923996548],[127.0762614006786,37.6600137002153],[127.07669170207039,37.6611372997565],[127.0759704020423,37.663236900040104],[127.0728670995924,37.6629811007919],[127.0740286987451,37.6620236005771],[127.0723786988016,37.6598960000124]]],[[[127.0540604991051,37.545108399685],[127.0556339997017,37.5423327992686],[127.0567797004343,37.5436249990887],[127.0590412011627,37.5437371996547],[127.0578034012656,37.544187899610094],[127.0575726001734,37.5455495007396],[127.05647719980351,37.5443792010467],[127.0552393010414,37.5448967005292],[127.0555966997821,37.545621401252305],[127.0549362001194,37.544263300657],[127.0540604991051,37.545108399685]]],[[[127.0084933989835,37.5531903003984],[127.0089640997246,37.552123699538804],[127.0122537002505,37.5528234997563],[127.0114564011541,37.55377409988],[127.0119819005633,37.55474979921831],[127.0114299011173,37.5562343995914],[127.0110455995753,37.555543400694695],[127.010303400052,37.5559406006764],[127.0086119994805,37.555131100462695],[127.0084933989835,37.5531903003984]]],[[[127.0151428989754,37.541196900661404],[127.0163176997783,37.539965399996],[127.0178050002414,37.5406853994885],[127.0184820002792,37.5401175991631],[127.0178939009552,37.5410401002114],[127.01953310108901,37.541506200497004],[127.0171921998257,37.542871101085396],[127.0151428989754,37.541196900661404]]],[[[127.06081969935819,37.6448594003321],[127.06384290023169,37.643276699086805],[127.0659520010346,37.6438443979187],[127.06663450410551,37.6454371998528],[127.0647705003024,37.647446800689394],[127.0626223000869,37.647843601150605],[127.0624206977572,37.646112599078904],[127.06081969935819,37.6448594003321]]],[[[127.08233169929039,37.5663479002096],[127.08347409965171,37.5641677993918],[127.08435370037819,37.5644293002513],[127.0836672010647,37.5647542999263],[127.0841887005432,37.5657002989803],[127.08557760089349,37.5659063003688],[127.08233169929039,37.5663479002096]]],[[[126.97680749964931,37.5575116001567],[126.9780026000968,37.5581843991768],[126.9787580001128,37.557195399920296],[126.9793303005396,37.559218900266295],[126.97680749964931,37.5575116001567]]],[[[126.9753749994727,37.5716163999979],[126.9766864991365,37.571610899346204],[126.97690110017521,37.5702796000007],[126.97705090022899,37.57201620057],[126.9753749994727,37.5716163999979]]],[[[127.0060105992211,37.547704699573096],[127.0072880002388,37.547220700207],[127.00685530068449,37.548137500520404],[127.0060105992211,37.547704699573096]]],[[[127.0250340997387,37.6383771999961],[127.0253648996507,37.637797199706],[127.02614780030831,37.6376158997879],[127.0250340997387,37.6383771999961]]],[[[126.97200719930649,37.555365699651205],[126.9718506996965,37.554797699790804],[126.9720960997527,37.5544998997834],[126.97200719930649,37.555365699651205]]],[[[127.0678766990729,37.5407868007745],[127.0680509000908,37.540948199859706],[127.0685673001956,37.540695199933204],[127.0680509000294,37.5409482005044],[127.0678766990729,37.5407868007745]]],[[[127.0785405995819,37.670042799483],[127.0795966004369,37.670116799994005],[127.0793243005207,37.670896900301706],[127.0785405995819,37.670042799483]]],[[[127.1601474996556,37.6097779995461],[127.1614196011661,37.609408099452004],[127.1610218002357,37.610021600379206],[127.1601474996556,37.6097779995461]]],[[[127.0132868988989,37.6205268001993],[127.0155647002489,37.6201011999785],[127.014778499803,37.6208472006497],[127.0132868988989,37.6205268001993]]],[[[127.079206699327,37.556964399741496],[127.07951420105101,37.5568475996875],[127.0797135010254,37.5573155002169],[127.079206699327,37.556964399741496]]],[[[126.9790413998653,37.5662890999841],[126.9789781999813,37.566009899914],[126.979224300139,37.5661748999011],[126.9790413998653,37.5662890999841]]],[[[126.97946919980289,37.5639294004211],[126.9795292000365,37.5638576997912],[126.97953010002891,37.5641835002034],[126.97946919980289,37.5639294004211]]],[[[127.05758519963331,37.6645741998603],[127.057756200028,37.6645117998666],[127.0579589005675,37.66468910084809],[127.05758519963331,37.6645741998603]]],[[[127.0694331989165,37.6330802009465],[127.0697460001864,37.632939299057796],[127.069819400946,37.6330958998664],[127.0694331989165,37.6330802009465]]],[[[127.0888356995363,37.5763453999752],[127.0888201000552,37.5762516994573],[127.0889753006584,37.5762533000429],[127.0888356995363,37.5763453999752]]],[[[127.0900713991669,37.6042037006453],[127.090161699988,37.6041406996505],[127.0901959002605,37.604163799729506],[127.0900713991669,37.6042037006453]]],[[[126.9726149992338,37.5537124005709],[126.9726150007792,37.553712399497],[126.9726150004158,37.5537124003731],[126.9726149992338,37.5537124005709]]],[[[126.9854889989741,37.576516400800706],[126.9854889997805,37.5765163987868],[126.9854890009797,37.5765163993563],[126.9854889989741,37.576516400800706]]],[[[127.0164294996665,37.5387086012528],[127.0164294996113,37.5387085993114],[127.0164295014379,37.5387086000521],[127.0164294996665,37.5387086012528]]],[[[127.02526329957091,37.6037369991745],[127.02526330056321,37.6037369992914],[127.0252633001255,37.603737000251904],[127.02526329957091,37.6037369991745]]],[[[126.9796215994589,37.5658397999155],[126.9796216000316,37.565839799542196],[126.9796216000596,37.5658398000174],[126.9796215994589,37.5658397999155]]],[[[127.0437666004253,37.6627037001984],[127.0440564998976,37.6626430993732],[127.0440565001599,37.662643100003095],[127.0437666004253,37.6627037001984]]],[[[127.04644209915699,37.6882563993099],[127.04644210050179,37.6882563996969],[127.0464421002541,37.688256400514],[127.04644209915699,37.6882563993099]]],[[[127.0527602993225,37.566710900503494],[127.0527603001903,37.5667108993499],[127.0527603002901,37.5667109001432],[127.0527602993225,37.566710900503494]]],[[[126.9881414995147,37.559614699772496],[126.9881415003977,37.559614699498596],[126.988141500601,37.559614699830995],[126.9881414995147,37.559614699772496]]],[[[127.0445850981182,37.5434132002305],[127.0445850999171,37.543413199196905],[127.04458510027831,37.5434132004887],[127.0445850981182,37.5434132002305]]],[[[127.0111852997501,37.5306123001003],[127.01118530033219,37.530612299357],[127.0111853015295,37.5306123007107],[127.0111852997501,37.5306123001003]]],[[[127.04171719876,37.6425079997432],[127.04171719903029,37.6425079989726],[127.04171720061369,37.6425080002192],[127.04171719876,37.6425079997432]]],[[[127.06231239991159,37.6560754999829],[127.06231240002569,37.6560755000033],[127.0623123999816,37.6560755000565],[127.06231239991159,37.6560754999829]]]]}},{"type":"Feature","properties":{"interval":60,"stationId":"4246459937"},"geometry":{"type":"MultiPolygon","coordinates":[[[[126.8504666996755,37.5239561999324],[126.8516193995673,37.5242207993492],[126.852395399306,37.5227579998444],[126.85382969970101,37.5226985995077],[126.8561063996988,37.5209282986527],[126.8582785999116,37.5217241994438],[126.8583754014062,37.5211891001606],[126.8604470002055,37.5242170987874],[126.8615678994929,37.5226678993751],[126.865053600214,37.5224599992025],[126.8661404008569,37.5210806983424],[126.8655746014189,37.5222063995021],[126.8676185995804,37.524442798143504],[126.86923709863481,37.523438398680504],[126.868921699697,37.5220670993396],[126.8694040998524,37.5234137986615],[126.8696313996212,37.521244400054],[126.8717375997904,37.5189712996053],[126.8762377998669,37.5191551992235],[126.8793639019915,37.5214089988704],[126.8817089997748,37.5213465989574],[126.8836082985468,37.5207221995511],[126.883556098599,37.5198620004113],[126.8821014994685,37.5200763997039],[126.88355609869701,37.519861999248604],[126.8831257989508,37.518125398461706],[126.88544999976091,37.5177492985967],[126.88565750088479,37.5185945989839],[126.88674959979271,37.5184293991491],[126.8885865988816,37.5167423995596],[126.88864579966571,37.5136727000123],[126.8870790002942,37.5124123017357],[126.8852153002867,37.5133079014114],[126.8844608994947,37.5123116000526],[126.8917138989478,37.5132092989538],[126.8913709994562,37.5109226997165],[126.8941218994336,37.5111507993186],[126.8952072987148,37.5101718997617],[126.89494379897829,37.5087623011713],[126.89343649952231,37.5080689018762],[126.8923285006303,37.509672700272404],[126.89161059942761,37.509523200831495],[126.89195339942161,37.508590600255495],[126.88876720004261,37.506701700502404],[126.8877547011915,37.5083723008856],[126.8883896002761,37.5093113002866],[126.8873471996061,37.5087542005911],[126.8849186997694,37.5093804012511],[126.88416719984579,37.5081168008615],[126.8825124014726,37.5088749002997],[126.8827342998743,37.5096451014221],[126.8789089995543,37.5086518006115],[126.87902959964839,37.50734160037],[126.8773229998751,37.507849900860094],[126.877777799268,37.50622880064],[126.8771968998489,37.5058407010281],[126.8763365007093,37.506129300739495],[126.87664120061369,37.5070305004187],[126.8745047998646,37.5075567001421],[126.8750696996608,37.5070380999297],[126.8751694980111,37.4999734002104],[126.87402299915759,37.499577000606806],[126.8773363002956,37.501110197837],[126.8788977987341,37.5009756979715],[126.88099749915001,37.499605699677595],[126.88067739929579,37.4988640997595],[126.8814512995545,37.4994289997266],[126.88259960001261,37.4972726996329],[126.8831794000823,37.4983784991116],[126.88389990030821,37.4976889998767],[126.8847634007134,37.4989270993683],[126.88577530029501,37.49865620008],[126.8859994007873,37.5013467000485],[126.8845141002552,37.501605000677095],[126.8840010005873,37.502530999854095],[126.887717100371,37.503012798918],[126.8909694994765,37.5008222997749],[126.891659298512,37.4975205018628],[126.8903123991544,37.496808800819196],[126.8906457987439,37.4962003993522],[126.89276719939379,37.495714199314804],[126.89351789968471,37.4944327992207],[126.89484280082131,37.494882499192],[126.8967965988675,37.4937508003237],[126.8966837989803,37.4927669013076],[126.8946021002569,37.4914672990046],[126.8968692003874,37.4912047990579],[126.8970252002806,37.4922781992299],[126.8977912001843,37.4918451994255],[126.8976683006295,37.4933781995599],[126.8986584009245,37.4939952005761],[126.896796599602,37.4937508008104],[126.8951622013809,37.4957952996848],[126.8957180002138,37.4960946007852],[126.8944369009884,37.495640501100404],[126.8939800014453,37.4972731994677],[126.8948300005953,37.498379998360896],[126.8964288004669,37.4984390002463],[126.8957300001339,37.4996110013246],[126.892749401049,37.5005539998052],[126.8939523003222,37.5014707996079],[126.8939140006048,37.502796598945004],[126.89541750042589,37.503609698991],[126.89791540027531,37.5028398997532],[126.8982316002773,37.5038043994462],[126.8992125006115,37.5037373994428],[126.89851210171281,37.5043754997672],[126.8991476010773,37.5057671983755],[126.9007727998488,37.5064608996965],[126.9018887994347,37.5059314991904],[126.9027643997774,37.506828599367296],[126.90308429917211,37.5057323996512],[126.90338449994,37.506283099550494],[126.9045998997688,37.5048294984229],[126.90733359916,37.5058525984851],[126.9094323989491,37.5055117977563],[126.90961669876481,37.5038647994033],[126.90805779846549,37.500148001944105],[126.9063659001574,37.5009567011354],[126.9055616990267,37.5005215996161],[126.90716240021601,37.4981029993414],[126.9103844995506,37.496958598614],[126.9128070001776,37.4981382983757],[126.91435009863449,37.4965572999567],[126.91564079979601,37.4964031994877],[126.9164442982827,37.4943788003573],[126.91487559867291,37.493459800377195],[126.9167054978662,37.4924430997452],[126.91755259981899,37.4906978997144],[126.9178946007546,37.4920875990964],[126.9189759999812,37.4919594991712],[126.9204796003953,37.4931262988884],[126.92141579945911,37.492538799475895],[126.92080209928551,37.491670500113095],[126.9227203998241,37.4905084997545],[126.92257239976611,37.489866199539705],[126.9255039998762,37.4905883992149],[126.92709549879679,37.488230999312],[126.92833089972241,37.4885977988282],[126.9287846000553,37.4875530988713],[126.9304349006209,37.4883652999325],[126.9290766006786,37.4903870003373],[126.9284321000592,37.4900717009817],[126.9284817004016,37.492578701209105],[126.92656380107219,37.4937934001551],[126.9272590011123,37.4944503000243],[126.92606479971401,37.4939058000644],[126.9258063999724,37.4926246013456],[126.924170401342,37.4928687012031],[126.9235067009037,37.4939084018118],[126.9235750007931,37.4962917998393],[126.9253226004908,37.4974566002494],[126.9249616008518,37.4986554990505],[126.9279974997137,37.497618499476104],[126.9278590006639,37.4970505998631],[126.9288574001021,37.4985760986423],[126.9297006003685,37.4978023990816],[126.92908080106959,37.4988885992825],[126.930496600956,37.4990572995903],[126.930909400711,37.5004581994465],[126.9284253999293,37.5007888016045],[126.92666460169049,37.5028055000313],[126.92811480118931,37.505852498712805],[126.926283201633,37.5063682004254],[126.926257201659,37.5085223982712],[126.92926439902119,37.5072019998579],[126.92863029972919,37.5068375994776],[126.9322924970116,37.5070866974786],[126.9328368996802,37.503863899809],[126.9337554992413,37.5028049998785],[126.9333068998438,37.5022040993909],[126.93675560002289,37.5006698995904],[126.9372957000472,37.5015304992936],[126.9396278000079,37.5000595995229],[126.9405505000195,37.5013905988748],[126.9412422993277,37.5012646990007],[126.9408925997822,37.4999227998226],[126.94205100003141,37.5004755996087],[126.94274830003,37.500004999534504],[126.9433835996636,37.501205798598804],[126.9447979982492,37.500449699354895],[126.94422540045349,37.4992717997262],[126.94747500013679,37.5005882997599],[126.94730490042251,37.5019249987743],[126.9480004997269,37.501533299166],[126.9476671994292,37.4996970993922],[126.94916580038661,37.4992901991674],[126.9496310003882,37.5001226987307],[126.95062819939099,37.499372299481095],[126.9490034980987,37.4963654002728],[126.9490690994359,37.494838899864995],[126.9492612007619,37.4954947993006],[126.9510288989942,37.4955070992883],[126.9506701993529,37.4940359007595],[126.948862499949,37.4936714987159],[126.9508159002997,37.492546199219],[126.9522691995335,37.4942072981385],[126.9533970984056,37.4930214993243],[126.9532340993273,37.491070399727995],[126.95491759998511,37.4920863986125],[126.95527299986341,37.4906459998847],[126.9567550003267,37.490696299187],[126.9567122007072,37.4923703988414],[126.9582104006264,37.494451999671],[126.96119470122649,37.4952503001897],[126.96038900008311,37.4947269001456],[126.9603343015047,37.4955975016624],[126.958450700659,37.4966671007405],[126.95863599957259,37.4949792009545],[126.9568797001009,37.496175800186805],[126.956498099954,37.494870100607],[126.9555127009394,37.4951665003106],[126.95561010044901,37.4977701990521],[126.9573397000815,37.4974236000353],[126.95361950282211,37.4995806008793],[126.9546992025969,37.501165202205506],[126.9535939000934,37.5016963009201],[126.9530147001156,37.500895200769605],[126.95226110086921,37.501182300482505],[126.95197920108849,37.5023475997377],[126.9535150010241,37.5033661002153],[126.95175090085199,37.5038162004626],[126.9524407001192,37.505291399161194],[126.9537455001968,37.505016499996806],[126.9538170001253,37.5068434981698],[126.9552352997695,37.5046474990652],[126.9608870964989,37.5037301996385],[126.9602942967005,37.5009688984011],[126.96088710177459,37.5037301979941],[126.9619801006816,37.5039298977944],[126.96310579955589,37.501681300043],[126.9642660017674,37.5012171972055],[126.9644451039089,37.5032288987799],[126.96702360155841,37.5049628970444],[126.9716247989268,37.5015056000151],[126.9730889996234,37.4993609993095],[126.97549369951331,37.5000964989702],[126.9761937994037,37.4994809990903],[126.9770986993634,37.500159699085394],[126.9788325004874,37.4998825983642],[126.9800486997751,37.5007714977664],[126.9823615974622,37.5000263985115],[126.98178039804341,37.4976595008784],[126.9787201985032,37.4966831018927],[126.9781874983902,37.4945548018743],[126.9770168995608,37.4935056029235],[126.9708004992075,37.4905183001261],[126.9715317993153,37.4906141996698],[126.9706431992524,37.4899072003495],[126.9731123981704,37.4879376002157],[126.9723480989347,37.486442501710805],[126.9681024008907,37.4894638000534],[126.9680020001111,37.490874001055595],[126.96702339864551,37.4894227006253],[126.9645988010963,37.4894043002317],[126.9643796017906,37.4908613013839],[126.9626744989462,37.4894469997696],[126.9668119954529,37.482864199558804],[126.9627674999536,37.4782012005948],[126.96131099968669,37.4783319001151],[126.96199059933649,37.4769644998785],[126.96153029988511,37.4762409998269],[126.9631479998756,37.475014299315],[126.9632080008599,37.4755742994782],[126.9641385010897,37.4752125996228],[126.9647109009086,37.4765226990315],[126.9658999009946,37.4760589989383],[126.96532210085489,37.4782142997342],[126.9638323008656,37.479628600296095],[126.9665410988862,37.4819733975558],[126.967752998424,37.479969397979104],[126.9719799989689,37.4780779997719],[126.9715726993762,37.47711430073559],[126.970551699421,37.477027599843],[126.97073159913239,37.4758235998672],[126.9717553991686,37.475210999902],[126.9708917997917,37.4747879996739],[126.9721154989087,37.4742140990547],[126.97360120014861,37.4712068991199],[126.9757808993233,37.4713298998548],[126.9765471994492,37.4699031983047],[126.97862979966129,37.4715412975297],[126.9829779973761,37.469993498966204],[126.9832747998431,37.4710464986311],[126.9857047001262,37.4686288989968],[126.983274801921,37.4710464992427],[126.9857053003744,37.472919397576405],[126.98816550008749,37.470486399721096],[126.99067560060371,37.474425596888196],[126.99273450066539,37.4740202995698],[126.99301510096589,37.4746521003433],[126.9887913022622,37.4758250005196],[126.9893190017345,37.478610997733604],[126.9911100999434,37.4793574969871],[126.995468798221,37.4793514973263],[126.9982423992022,37.477117896551306],[127.00072569944871,37.4767493988028],[127.00177069996559,37.475170299816405],[127.0009304017094,37.4768324994943],[127.0028942000648,37.478019498273305],[127.0034910005265,37.4804570991245],[127.0050829004204,37.4814844991526],[127.0065861996196,37.481693299161705],[127.0077480987294,37.480493299600596],[127.0090410989072,37.4807880992843],[127.0101470997536,37.478756999308004],[127.0106082996309,37.479511598650205],[127.01264380011081,37.4788500992386],[127.0132933995849,37.4775855992745],[127.01591939840411,37.479183397269],[127.0165458002548,37.4778570980422],[127.02037130057079,37.482691997731],[127.02186090004739,37.482710897322804],[127.0233318007017,37.4814064990169],[127.02599840023001,37.4837980992856],[127.0281774991359,37.4834191999578],[127.0287000983373,37.4825249983109],[127.0277291993082,37.4807760000599],[127.03048049994429,37.4801588977686],[127.0311382003356,37.4781158991447],[127.0344351002407,37.4790098992367],[127.03802319999289,37.4770067988984],[127.03985590006201,37.4785946993558],[127.0400168007435,37.477896099169],[127.0418306001173,37.4807029993019],[127.0433348004519,37.4800935996971],[127.0446460000141,37.481432699342896],[127.0464744996011,37.4810543992902],[127.0471716996541,37.480121099626096],[127.04646629970611,37.4786307992251],[127.04814779918739,37.4785910994691],[127.049927000208,37.476883199146606],[127.05245979980259,37.4776598991442],[127.05400490007449,37.4761490997225],[127.0562264001428,37.4760182988011],[127.05714659990909,37.4769412991598],[127.0583195995907,37.4758237995664],[127.0590855009085,37.4762177002378],[127.05837120162279,37.4773182991372],[127.06117089912219,37.4770989985564],[127.0627052001877,37.4779543984874],[127.0640735998707,37.4769753983638],[127.0654296999013,37.4777348980513],[127.0650907017015,37.4789552988287],[127.07018909660309,37.4825540952299],[127.0676148986495,37.477561397845896],[127.06864300099569,37.4775901974275],[127.07018910077379,37.4825540973749],[127.0726320034935,37.4840603981706],[127.07594540018009,37.483102999128],[127.07643609985179,37.483702298808396],[127.0772334006325,37.4826360994401],[127.0799025999461,37.482704799423],[127.0801540997581,37.481683600212996],[127.07916539928699,37.48152549913139],[127.08290869840711,37.480183497054604],[127.08527640185619,37.4834877970525],[127.08815990203469,37.4836292018773],[127.0847140004861,37.487245000206],[127.0827449979369,37.486810100559],[127.082235898446,37.4853369020322],[127.0801208005611,37.4843903029788],[127.07873240194951,37.4876836996854],[127.0834214002985,37.489306999571795],[127.0864724004805,37.4946535004175],[127.0859808010813,37.4958572005878],[127.08415560090451,37.4952599021313],[127.0823951014334,37.4967590021614],[127.0816031986557,37.4965050000775],[127.0823950992594,37.4967589992794],[127.0831326988765,37.495259100058],[127.0805931005501,37.4944495011451],[127.0784617008393,37.494853300718404],[127.0772269020741,37.4969574986142],[127.0785985007025,37.4976064979652],[127.07845780110219,37.4989341004468],[127.07748739984879,37.4988015017996],[127.07615630117989,37.4999080006931],[127.0754001019361,37.503515997085096],[127.07725840007781,37.5040975965035],[127.0808434979064,37.501934898548505],[127.0829668991568,37.5017078979094],[127.0837004001281,37.5005416983787],[127.0891078999693,37.5001689996086],[127.0903717011105,37.5015687993073],[127.0916308012811,37.5012274992378],[127.0920957016052,37.502278799148],[127.0950613986395,37.5012129002139],[127.09494509852081,37.5004766002409],[127.0967441994119,37.499261800041296],[127.0987761979609,37.4992990998561],[127.09879309886149,37.4979838994007],[127.098786401261,37.498804499123096],[127.10054839949899,37.4989292989983],[127.1021595998934,37.497302097742896],[127.1031032992823,37.4980520993195],[127.103696700198,37.497283799410496],[127.10348640049679,37.4982831996382],[127.1072627999665,37.4991975999081],[127.1073408004622,37.500297798817996],[127.11048769968,37.501301998553004],[127.110790299567,37.499896599517896],[127.112251399203,37.4992980996537],[127.11153069976301,37.498830399713306],[127.1126826994646,37.498829099640105],[127.1119742997853,37.495733501202],[127.1086764996237,37.4962234002671],[127.1076896000713,37.4952580007772],[127.1033598995216,37.4941800999483],[127.1042198983706,37.491047100629906],[127.1033455992449,37.4888508028262],[127.1014286011619,37.4901459015311],[127.10230420028631,37.491642300034705],[127.1009302013831,37.4927394016998],[127.100315699753,37.4930589000864],[127.1009301993219,37.4927393998747],[127.1006327996193,37.4918656007485],[127.0997594002007,37.492911200292305],[127.0978320998491,37.4917441007128],[127.09683620052729,37.4936622032778],[127.0968737000851,37.4908747014792],[127.09599469990411,37.4907072012793],[127.09510809918551,37.4919747001743],[127.09599469694241,37.490707201065604],[127.0961589967099,37.4875566978469],[127.0954001974687,37.4847840006196],[127.093165899024,37.484424696911596],[127.0955399997254,37.4843799986907],[127.09949999913441,37.481966499114],[127.0991819007137,37.4824143995749],[127.100493700312,37.483449298505995],[127.10140650013929,37.4816785993777],[127.1040284005451,37.4807930993935],[127.1047900997834,37.4822853979012],[127.1078431012033,37.483521298228396],[127.10770860190239,37.488670799749],[127.1092540004705,37.4888049996753],[127.10892630043519,37.4892288999646],[127.11031779958991,37.4901126983238],[127.1119469979607,37.489798498638],[127.1125489985137,37.4884843992419],[127.115133499927,37.4875019992107],[127.1144634999885,37.48302789942041],[127.1166719980354,37.483360899221],[127.1178664992843,37.481428598354604],[127.119358599302,37.4819848984337],[127.120377498522,37.4807811993058],[127.11912719890199,37.4793521990369],[127.12161710115099,37.478271498088496],[127.1229200998096,37.4749581979338],[127.1256738994677,37.4735260989606],[127.1257756003489,37.4743382989176],[127.1270543013455,37.4740976998526],[127.1257756008892,37.4743383003094],[127.1263787002861,37.4754187992289],[127.1285729998268,37.4752508986994],[127.12961650063039,37.477099599062505],[127.13095629960189,37.475479800019805],[127.1302142993877,37.474826198902704],[127.1317889000408,37.4753267999398],[127.13059580113419,37.476542199322395],[127.1314211003087,37.478002499696004],[127.1321463003908,37.477642398918],[127.1318360002958,37.478734699759194],[127.1326653002126,37.4791487002008],[127.1323711004329,37.4812155999644],[127.131154900931,37.4818591001927],[127.1320341007671,37.482929599901595],[127.1300664005508,37.482208401169295],[127.1314388010495,37.4880560992898],[127.12850400141261,37.488089901191195],[127.1283981004696,37.4899966011307],[127.12779160003919,37.4898126005893],[127.1262440003663,37.4915185001718],[127.126298300312,37.4923941992961],[127.12810520010699,37.4924392998551],[127.1302800003206,37.4944899997523],[127.1277970004307,37.4931794013586],[127.12766400022089,37.4944301006959],[127.1264533006071,37.4944024004219],[127.1267694005671,37.4964689999362],[127.1282157005398,37.496045600010206],[127.1303703991323,37.4980333986829],[127.131508598439,37.4971410993654],[127.1303450996025,37.496228700277804],[127.1308558995256,37.4955822991558],[127.1318087002294,37.4969227989721],[127.1342138994365,37.4964685994048],[127.1334478994705,37.4943046009165],[127.1317123997324,37.4951217004667],[127.1323446998978,37.4940501987156],[127.1348141993159,37.4947924989545],[127.13573070017169,37.4940782990524],[127.1362373005348,37.4958691980589],[127.1378799994281,37.4942599989024],[127.1406690999126,37.494310898524205],[127.1415069990747,37.493545099289996],[127.1411973993843,37.4928053000298],[127.14181879967549,37.4933763993193],[127.14290340043219,37.489198699594105],[127.14306200036211,37.490164399391695],[127.1481062006076,37.4908440995357],[127.1477765005514,37.4914392995662],[127.1493244006823,37.4928410989989],[127.1474140002349,37.4941457002556],[127.1477838000213,37.4951948005538],[127.1457040004524,37.4958312001458],[127.1459015001835,37.4968768004439],[127.14328939948071,37.4953673010003],[127.1383697002709,37.4961134005163],[127.1371707014336,37.4975158992937],[127.1375995010048,37.4983622984473],[127.1398184007455,37.4980292995473],[127.13965930059031,37.5001398004043],[127.13901799940989,37.499595300833704],[127.1381442002837,37.5001523002767],[127.1376304003047,37.5018026007402],[127.1359631005956,37.5005111014491],[127.1352440005374,37.5017039006236],[127.1339533002193,37.5011674003006],[127.1334877005941,37.5020625000165],[127.1338677005499,37.5044549999128],[127.13461000058,37.5047599998],[127.133734101118,37.50561359960329],[127.13385120024239,37.5087894989044],[127.1368341996939,37.509673699299704],[127.1364615005304,37.512016597750105],[127.1386464009897,37.5123519990303],[127.1364615015943,37.5120166010971],[127.13681840090379,37.514629599839296],[127.14137640149009,37.5183864996172],[127.1401641010793,37.5187633007758],[127.1398378001841,37.5212766000488],[127.1409963018761,37.5244418977987],[127.14643429971339,37.523948399289004],[127.14617870047529,37.5262245978689],[127.147423001559,37.5258786993723],[127.1490630014515,37.5299999968614],[127.1512819007266,37.5274298011095],[127.1487055999637,37.530137700333796],[127.1467315002598,37.528701501315396],[127.1454229015684,37.5286897013272],[127.1457685016847,37.5310384000826],[127.14748380052751,37.5332467014112],[127.1466901013212,37.533274501383396],[127.1461956017759,37.5347817999451],[127.1473253005648,37.535249200425],[127.1471018005192,37.5372266004027],[127.1460208008564,37.5374458003177],[127.1463036008491,37.5383870002847],[127.1439634003584,37.54190409997501],[127.14511040016629,37.5430012994846],[127.1478300006564,37.5433799995784],[127.1461709020323,37.5441997003868],[127.1460366021666,37.5459237986627],[127.1488071037228,37.5467113998679],[127.1462538009644,37.5483807999078],[127.1464125009434,37.549497199705996],[127.14739810072871,37.549534599825805],[127.1460141006842,37.5505120003524],[127.1461744005239,37.551701599162804],[127.1471822005702,37.5511658010639],[127.144346802396,37.5532011007782],[127.1442507995223,37.5549424018943],[127.13995389946079,37.5506006002622],[127.1414807990501,37.550105899801196],[127.141203699214,37.548478100675],[127.1403289000888,37.548562400590704],[127.1375004997264,37.5453615008015],[127.1362270998627,37.5457641000668],[127.1364620992326,37.544292501168094],[127.1353671003276,37.5444161010445],[127.1341756009576,37.5454036008565],[127.1344281005194,37.5480777005195],[127.13339720052541,37.5495153003369],[127.134313800928,37.5512386006834],[127.1336795006491,37.5523520004226],[127.1313619005568,37.552704500725895],[127.13108940076029,37.5547521000028],[127.1295987995095,37.5561079009619],[127.1261554000622,37.553366501328604],[127.12530050091709,37.554702599992495],[127.1249227002332,37.553905400875195],[127.12359720029451,37.5540456007091],[127.1242501996316,37.5533608986643],[127.1240460998357,37.5516633003619],[127.11916409474131,37.5473863077548],[127.1111680027374,37.5510545040866],[127.1106976032078,37.5547866003545],[127.1113185014821,37.5571878008826],[127.1100819991729,37.5575686001058],[127.1096735995813,37.555681801992606],[127.10799180041009,37.553657204110806],[127.10442480397711,37.556921700846296],[127.1042508041511,37.5579046998633],[127.1018596001291,37.5593591001233],[127.1020558995115,37.558031800734],[127.099355001487,37.556218002545904],[127.0958701049719,37.5573508014131],[127.0966863057847,37.564156501191704],[127.1003652021058,37.5682988970493],[127.10294540247979,37.5673958967721],[127.10734450636049,37.573115896573796],[127.1123836027813,37.575689496345305],[127.1172505998954,37.5751505977571],[127.1156466013599,37.5761816001637],[127.1144081027255,37.5789842016778],[127.1154743016593,37.5811957994662],[127.11718430461801,37.5819700013409],[127.1189458014999,37.588436197520494],[127.1223144981312,37.5886635972931],[127.1252484991264,37.5916614963447],[127.1264225979523,37.5911057969004],[127.1280033973431,37.5883284979244],[127.1290420995994,37.5882299993496],[127.1293778995501,37.5865060993903],[127.1302883992655,37.5868878996646],[127.1302523005766,37.586085698839696],[127.1321112003986,37.5868233982552],[127.1339008997291,37.5856613988662],[127.1360323991677,37.5856192973908],[127.138305599862,37.5844663986804],[127.13964580004179,37.5824278979201],[127.14003880015039,37.583628598436995],[127.1424679018448,37.5846629966241],[127.1447601004313,37.5844960972215],[127.14665510069351,37.582906198221096],[127.15136440017801,37.5863210977861],[127.15255019922209,37.584670797978795],[127.15136440154721,37.5863210999407],[127.1521547007569,37.589348796913],[127.1540202988913,37.5875913986704],[127.15399019940989,37.5853042995915],[127.1560492009361,37.5853548999619],[127.1544752018704,37.5853980007555],[127.1547579015877,37.587912598240905],[127.1578409005255,37.5886417981248],[127.16004860045109,37.5881083979015],[127.15994860037331,37.5900669985813],[127.1612116991102,37.5904971981511],[127.16239089810881,37.5875600984498],[127.16331550161149,37.5880334980982],[127.1641553013949,37.5920318981837],[127.165196200354,37.5932297969858],[127.1691101024783,37.5938018990142],[127.16863260074379,37.5950378000179],[127.16971460052011,37.595676399737],[127.1700579004935,37.5970641000254],[127.16967300034871,37.5984391003135],[127.16873840081489,37.5983437003699],[127.1673158995475,37.5996121007502],[127.16737839942161,37.597413702274096],[127.1635992013118,37.596420703363805],[127.1628068016909,37.5970708028049],[127.1598548046429,37.600891498984204],[127.1614158039885,37.6044264962142],[127.1654177012339,37.605073496768],[127.1675376001358,37.604132297834504],[127.1695172981561,37.6047618972049],[127.17369859955379,37.5990114993277],[127.1754172005395,37.5999538983633],[127.1738796012507,37.6008318001359],[127.17474440038589,37.6018489991187],[127.1778304002427,37.601624600055004],[127.176227200268,37.6017378004585],[127.1755215000569,37.6031355005509],[127.17410580072371,37.6030754000187],[127.1751256996314,37.6048574989516],[127.1783801015219,37.6038230987175],[127.1789143009877,37.6048250977155],[127.1831135011499,37.6029255963686],[127.1855318987315,37.6032417960524],[127.1866177976456,37.5996533996408],[127.18387129867841,37.597975799616],[127.1850674972496,37.5967236000243],[127.1845047985964,37.5946611989181],[127.1887514988695,37.5947664996625],[127.1886110990099,37.593213601215396],[127.1874819990126,37.5932534001638],[127.1891020989619,37.5928724993832],[127.18948250137069,37.594248998405895],[127.1914503005111,37.5949429992714],[127.1942463994083,37.593931499319],[127.1948050989715,37.5927375003669],[127.1938410979534,37.5921261999571],[127.20003799750981,37.590114291838205],[127.20388129487391,37.5879497938936],[127.21183019603839,37.5800623933666],[127.2184117923774,37.576766592743596],[127.2183010005384,37.577417499478706],[127.21948280068169,37.5768765991034],[127.2196506002709,37.5787378988702],[127.2220589009027,37.5796364001806],[127.2218275005174,37.580271702058695],[127.2205958993391,37.579739900863],[127.217576700011,37.580890500489105],[127.21597630161139,37.5838472975323],[127.2168121007756,37.584397596982],[127.218721801218,37.5835071973444],[127.21967370157431,37.5861315989655],[127.2222113004823,37.5865833984479],[127.2251349028641,37.5893335990934],[127.2231030017274,37.5891202008192],[127.2210804012786,37.5911359014436],[127.220811001548,37.592663199916295],[127.2219314995622,37.5932468017742],[127.21649220267271,37.5922165022072],[127.2144890005649,37.596468000879],[127.21312140193251,37.596803700543305],[127.2137627034092,37.6003116020367],[127.21209950087669,37.6050813007179],[127.2094004015521,37.6029061043566],[127.2065081044444,37.603340603922106],[127.2036928068771,37.607021500771204],[127.2036920021621,37.6125201015196],[127.2000288032955,37.611289402245596],[127.1960769998764,37.6156743015177],[127.1943742007369,37.6157929019066],[127.1961315982435,37.6156154977756],[127.2000287943463,37.6112894021017],[127.1959621984129,37.607100106291],[127.19190880246629,37.607832805558296],[127.19108200329309,37.6088602045309],[127.1906141004266,37.6127612005783],[127.187175200627,37.6119491014979],[127.18055370113301,37.6147728009214],[127.1799221017646,37.6163008993933],[127.1817548003406,37.6170939990277],[127.1838117994188,37.6198782013729],[127.1804798011549,37.6185764012231],[127.17981620062281,37.6199180016118],[127.1785042007522,37.6204870014521],[127.1778758001222,37.618704801788304],[127.17524039811721,37.6176107021483],[127.17734609938279,37.6177043995368],[127.1784536983621,37.615518298975495],[127.17813939867641,37.6131574013364],[127.1757152011006,37.613290201203604],[127.17399350121029,37.615620800349404],[127.1750496989252,37.616302000827694],[127.1727776995567,37.6151238010171],[127.171065700226,37.615705900747905],[127.1696000010925,37.6148664013147],[127.1685450021475,37.6173205988605],[127.1705511011194,37.619466600468805],[127.1679604024639,37.619658202969305],[127.16727170315261,37.622304500323],[127.1689072015171,37.6246925979349],[127.1713273010225,37.6244656996693],[127.17020940056061,37.626299601163105],[127.1694772007711,37.625576301875796],[127.166872303376,37.6264512010009],[127.1659236030987,37.62820150704],[127.16398809695299,37.625576302993196],[127.1608427000984,37.6282959002736],[127.1577404998702,37.6271763002512],[127.1585981990229,37.6270399995993],[127.15774899957489,37.6260201003318],[127.1557162007229,37.6260377003628],[127.1567537006393,37.6274275],[127.155735999987,37.6284644007197],[127.1543525999993,37.6268369008721],[127.1534455991961,37.6273106002402],[127.1539166990014,37.625200100115],[127.1531501997412,37.6243231002299],[127.15221600059239,37.6247677999549],[127.1524479002694,37.6260427007248],[127.15126629987131,37.6270921003781],[127.150110300523,37.6254603010688],[127.14984149929779,37.6265504009268],[127.1497948986778,37.6248510003465],[127.1462392000248,37.623244500472],[127.1423915968187,37.625338501567995],[127.1408850985475,37.620454104775106],[127.1379464014862,37.6182889069403],[127.1328776013098,37.620484004495395],[127.13236670060901,37.6218093032436],[127.1280862010793,37.618670404235],[127.1222612069043,37.6248326980727],[127.12842980205251,37.629071499027404],[127.1266256034177,37.632279498407],[127.12984800399799,37.6361793993396],[127.1300277016023,37.640752399773],[127.13153030038349,37.6408212009649],[127.1304261014877,37.6416225001636],[127.1317795001343,37.6424902992958],[127.1333416994976,37.6413442991929],[127.1325547006645,37.6433021991119],[127.1330650001542,37.644343898070204],[127.1370917978573,37.6439397988393],[127.138866897988,37.6382756033321],[127.1382252989217,37.637739399716004],[127.1401540994392,37.6368079989562],[127.1427530021984,37.6390860013848],[127.1422162001299,37.6412369001518],[127.1427529989069,37.6390860020018],[127.1405643010956,37.6387164023714],[127.14012380153609,37.6403502007376],[127.14115430119179,37.6439691974195],[127.1432454991006,37.643651697737],[127.14315530030521,37.6415497996291],[127.1443842990762,37.644195696983196],[127.1469509980004,37.64402079645],[127.14808409686731,37.6422499982208],[127.148518900104,37.6380766991926],[127.1494746023417,37.640608301659896],[127.1480841037322,37.642250000018194],[127.1481134041698,37.6462232974907],[127.1531151000506,37.6454395999501],[127.15128970308261,37.6499374977416],[127.15350880081739,37.6503521989038],[127.1523858009745,37.652186200029604],[127.1526772006831,37.6541561980596],[127.1539072008299,37.652911100926495],[127.1526771996708,37.654156201969],[127.1500420014706,37.6526713019875],[127.1468983033172,37.6568531992967],[127.1466047022751,37.6589212017196],[127.14379480127829,37.6600159006423],[127.1430667995618,37.6590931997075],[127.1437948003336,37.6600158990872],[127.14460369952471,37.659696299406804],[127.1449318991783,37.658020700482204],[127.14119729875691,37.6570781025833],[127.1382460966223,37.657429505903096],[127.1382495985268,37.6552370005576],[127.1359271977814,37.6515002034799],[127.13180150144309,37.653540301836905],[127.13015250158199,37.6535397018821],[127.1299468017877,37.6560328993889],[127.1309370998935,37.6562690003823],[127.1299468003608,37.6560329008244],[127.128457800671,37.6573234004436],[127.12599489940739,37.6564753008987],[127.12397659934531,37.6530280003935],[127.1237809988977,37.6517417006799],[127.1256201991662,37.6492158004528],[127.1242427996199,37.6481258008382],[127.1237146998664,37.6487537001781],[127.121397300769,37.647526201637405],[127.12120690095941,37.6490670000966],[127.1200436011999,37.6503102002085],[127.1183402005653,37.6503592008048],[127.118382500523,37.6521111990528],[127.12058320061959,37.6514942994943],[127.120160199961,37.6536771017277],[127.1188678997776,37.653570100283304],[127.1173969993238,37.6495808004588],[127.1152447009652,37.64979979977149],[127.115063699403,37.6510041007827],[127.1115867993814,37.650725400123896],[127.1114303997506,37.6498901990196],[127.11260919975089,37.6506413990238],[127.113254099106,37.650174399490794],[127.1126260996931,37.6487724998412],[127.1135924002183,37.6490849991046],[127.11407869973199,37.647656600533],[127.1108232995264,37.6463872014236],[127.1107658992701,37.644461099653704],[127.1086916013444,37.642577601537205],[127.1066639017097,37.644853400330604],[127.1053441981946,37.6447186019253],[127.1031298949343,37.6425518025412],[127.1038448954349,37.641932098778696],[127.103911795368,37.63769080302],[127.0972866019932,37.6334250072858],[127.0940393040249,37.6427761023169],[127.0891757037304,37.645654402497996],[127.0925331010486,37.649023298536605],[127.09397300670821,37.6527291016331],[127.0920480040142,37.657501698881696],[127.0958514002108,37.6594587969246],[127.09922020146101,37.658510295851904],[127.10115040085279,37.6585366975393],[127.1019620022825,37.6593501980475],[127.09931690221721,37.660033900974604],[127.0970200064249,37.6635756040805],[127.1006251053065,37.6709664044837],[127.0992519066797,37.67911869633139],[127.10135510457651,37.6803749950751],[127.0993502997465,37.6799840043007],[127.0944013046955,37.6811220031627],[127.095768803328,37.6846682996164],[127.09430160209939,37.6853147005119],[127.0963485995846,37.6861943027131],[127.09430160141109,37.6853147029125],[127.0916300968401,37.6872781028993],[127.0876939981801,37.6860608025354],[127.0844733014008,37.687059601536596],[127.0850667006414,37.689014401736195],[127.084473300065,37.6870596024461],[127.0816228017989,37.688001901727404],[127.08140589758189,37.688686401893605],[127.0798402985857,37.6884282022994],[127.0758051000353,37.6854930050817],[127.07402930181111,37.685366205208496],[127.0707867050537,37.6872543033204],[127.0706118026707,37.6903870036989],[127.0680054008501,37.689093604955296],[127.0635903041739,37.6914701031819],[127.063633204131,37.694891499760494],[127.065913201851,37.7008708937811],[127.0722018007426,37.701476893043],[127.0741313041436,37.7002269976829],[127.0722018024821,37.701476901143906],[127.0689226030283,37.7062304064381],[127.0644511010389,37.706344209038996],[127.0608438046462,37.7130400023432],[127.061541299957,37.7183148991786],[127.0639309018305,37.7192904965402],[127.0663558021966,37.721914596977],[127.0630081994678,37.719712702493105],[127.0612473003933,37.72115780017],[127.0615346008899,37.7238158984165],[127.0650163001979,37.7266229986357],[127.0683595993426,37.7259967963634],[127.0671526002893,37.7264231015418],[127.0667507006912,37.7286480993168],[127.06927229863179,37.7287202992154],[127.06985419905729,37.727591599364594],[127.0701425015358,37.729055700624706],[127.0635692029755,37.7298299020003],[127.0637159028288,37.7328997989304],[127.0650385017871,37.735713499796006],[127.0669031016389,37.735900799611606],[127.06821640070909,37.7373092990539],[127.066501000031,37.7369327002014],[127.0654036004517,37.7375636002767],[127.0649865014708,37.73893180234111],[127.0626602037971,37.7404266008463],[127.0628389036184,37.7427431985297],[127.0655219010708,37.7451688980508],[127.0686031002089,37.746120499118504],[127.06897280029139,37.7452907999069],[127.0686243006399,37.746163599034105],[127.0693813998828,37.746903098294595],[127.0708343003523,37.7463551965996],[127.0729755037659,37.7468600988057],[127.0738026035496,37.7488260981605],[127.0759017998092,37.7505688997486],[127.0809671006935,37.7505922997102],[127.0829983995878,37.7522562988979],[127.0859081006897,37.749171400052305],[127.08362480122119,37.7524281031027],[127.08387970096629,37.754561600969204],[127.08252060232539,37.756446499084305],[127.0792116002458,37.7579385001732],[127.0787297998624,37.7572065000223],[127.0796454989915,37.7565775005385],[127.0786327994658,37.7556709007968],[127.0768612990218,37.7550019013615],[127.0749027998781,37.756280900435],[127.07335689938799,37.7550453998589],[127.0740803996413,37.7542100003101],[127.0724695005085,37.753343000963],[127.070771800179,37.7549873002279],[127.0690567998906,37.7554191001973],[127.0682890999055,37.754236600599896],[127.06809359994699,37.7547929000944],[127.06818059937011,37.753944400368],[127.0670823004684,37.753750700561696],[127.0668814001551,37.75450050005],[127.06672349986289,37.753914900489],[127.06525329981409,37.754950500304396],[127.0633354968136,37.7518003023678],[127.0610455991035,37.7518182023499],[127.05932610023281,37.7535050007682],[127.0598643994361,37.7534096998362],[127.0587367999632,37.752918600529505],[127.05833990014769,37.7512325018094],[127.0573629011247,37.751248801793096],[127.0564171016901,37.752219301612],[127.05304690278909,37.752989301525304],[127.0499675027763,37.756567702976895],[127.0495540027686,37.7654856960559],[127.05219100367319,37.7655719965234],[127.0526813007348,37.766221700322305],[127.05219100023949,37.7655720008579],[127.0516312007993,37.7662715001584],[127.0523976015332,37.7714431974554],[127.05465120054849,37.7714175977805],[127.0548211012748,37.7733498003251],[127.053390000008,37.774488602297396],[127.0524455007567,37.7773337999787],[127.05285810097669,37.778593900110494],[127.0508960007209,37.778145700784506],[127.050227602879,37.780370701835096],[127.0485318988049,37.780939401272],[127.0459231008317,37.7795016022339],[127.04599670012371,37.7831562002314],[127.0431680985905,37.7796280013383],[127.0414449003137,37.7787571022092],[127.0404208013378,37.7797852011811],[127.0388698008345,37.779054702535205],[127.0377331969113,37.7798303014581],[127.0359640989495,37.7740097014689],[127.0335242988474,37.7717554011363],[127.0359442995473,37.771803399572704],[127.0375417985472,37.768961400021],[127.03511519878111,37.766773100729104],[127.0348895990067,37.764213503288694],[127.03232439774129,37.7613223012858],[127.0272175986471,37.7612155999542],[127.0290104977845,37.759732800743805],[127.0300993983186,37.7568267997492],[127.0285469994142,37.7555992995194],[127.02981429914699,37.755372399284],[127.0296085995694,37.7543376996239],[127.0330006995941,37.7512110997541],[127.0328166997781,37.7499273010379],[127.0310778998048,37.748141601096194],[127.0291421991838,37.748977700883295],[127.02861469971131,37.7484441014169],[127.02799569931271,37.7497768011027],[127.0289219994702,37.7476168997731],[127.0270191997092,37.746150199789504],[127.0279184992215,37.7464377993794],[127.0278924992475,37.7453856004316],[127.026939099813,37.7447587009216],[127.0261839993428,37.745258800182],[127.0250406997,37.7432065002214],[127.0241814987335,37.7430986991073],[127.0270788001517,37.7411052974803],[127.02788149851591,37.738365798189896],[127.0300936963037,37.7367893997663],[127.0273282952432,37.7329581993765],[127.03136789561691,37.73345959774171],[127.0318075951772,37.7300356011657],[127.0278922978986,37.7267763002601],[127.025858699486,37.7266933000099],[127.0281931988741,37.7249868990262],[127.02807159899571,37.7199034041097],[127.0256862965317,37.721064502417],[127.0281111951456,37.719753098312495],[127.0286371946196,37.7110439070217],[127.0275184957383,37.7107157073499],[127.027222896318,37.703765599148],[127.02624419527389,37.7000648958208],[127.02943279338379,37.695980397636106],[127.02393459585271,37.691806300060605],[127.0235951970859,37.688552200207],[127.0210846915334,37.6860467971105],[127.0217738903236,37.6763647028356],[127.01415159794591,37.674835304365],[127.0049873978669,37.674408901000405],[127.0039109970448,37.6714942000179],[127.004877796078,37.6709332005789],[127.005987192876,37.6654058002378],[127.0054225934406,37.6623568032868],[127.0025713962918,37.6587418069018],[126.99950249460251,37.658026303748706],[127.00192279758541,37.6581441972934],[127.00793319207929,37.654995298365606],[127.0043586925182,37.649998500180004],[127.00290149397539,37.645694504484],[127.00000779411971,37.641043999746],[127.0006803934471,37.640061300728696],[127.0004801916654,37.63362729854],[127.00356379271969,37.6292151999862],[127.00299369328981,37.6252988039026],[126.99440940037779,37.626452203400106],[126.9887413007347,37.628470504651],[126.984898297012,37.6255580951039],[126.9869919970976,37.6175640989237],[126.9852718968551,37.614187598620504],[126.9874771984819,37.6126828996257],[126.98874589721319,37.609904802403804],[126.98684419867139,37.6078427994894],[126.9887057974271,37.6083406975841],[126.9897691963637,37.6039255019993],[126.9895122966206,37.6000199059049],[126.9858843955151,37.5980129037517],[126.9831165982829,37.5976288041358],[126.9826048994328,37.5963825015508],[126.9809666957937,37.5954789021249],[126.9797314969391,37.592785501214095],[126.9759347978015,37.5919704010962],[126.9749593987769,37.5905895024771],[126.96985740387889,37.5909129021537],[126.965687900226,37.592963500425505],[126.9673082988322,37.5921584002037],[126.96574869935361,37.5908679003177],[126.9660884988292,37.5885288006634],[126.9611550002016,37.5840366026036],[126.9598920996702,37.5849029012275],[126.9559360021032,37.590900799288],[126.9561626019799,37.5915648008608],[126.9512213006596,37.594669400286904],[126.9525595003186,37.5964222005197],[126.9519743999236,37.5960656008615],[126.951682200303,37.5985588007968],[126.9507066004725,37.5988699008157],[126.9506735004875,37.5997253007138],[126.9493992010652,37.599714200579704],[126.94916650005881,37.601118300624506],[126.9485453995312,37.6013037009791],[126.9474794999081,37.5995790018659],[126.94419599880621,37.6010937037562],[126.9412374999656,37.5989707025209],[126.94020740079951,37.6017986997914],[126.9403912011409,37.602894900097105],[126.9415643014379,37.6036167012332],[126.94039120001469,37.602894902161104],[126.9376256027803,37.6043698006862],[126.9422437036243,37.611614899005296],[126.93978680045629,37.6132757033982],[126.9367567007075,37.6130756020872],[126.9358486016156,37.6143195008433],[126.9369058009769,37.615554999725],[126.9353337006355,37.6172728006254],[126.9367586047869,37.6201318985663],[126.93606300118661,37.6230087033351],[126.9316564001896,37.6241207016842],[126.9305060005984,37.6258117003825],[126.9281574999833,37.627111300112205],[126.9247984002918,37.6262725008936],[126.9226644010725,37.627500300605504],[126.9218845018524,37.6309552971505],[126.92607720111499,37.6314871963637],[126.9283846005595,37.6336597997961],[126.92835100012091,37.6348764006768],[126.9270566014153,37.6352654002878],[126.9270786005877,37.6362482010597],[126.9253705012224,37.635972000392606],[126.9258818007111,37.6386001977644],[126.92777379989249,37.6378623994455],[126.92775070212791,37.6383675005058],[126.9271026013174,37.6394590016074],[126.92534330135,37.639788804409],[126.92320800054401,37.6380456029648],[126.9213858023662,37.640814600195796],[126.92373570090669,37.6428704009564],[126.9234464000631,37.6434654005052],[126.9230507990898,37.642614701114404],[126.9216289005117,37.6430270007021],[126.9214782999821,37.644523600492],[126.9204446004535,37.6438753006279],[126.9188285010264,37.645045200126695],[126.91934070051421,37.6462579989139],[126.92041380076651,37.6464250990352],[126.9192944007166,37.646358601261696],[126.91871570086211,37.651251300818],[126.91589540079019,37.651959601197596],[126.9152608014248,37.6530851000721],[126.9126827972483,37.653458705404],[126.9135054981957,37.6522018000028],[126.9134440982571,37.6503205018841],[126.91029589897269,37.6514006005777],[126.91344409846931,37.6503204983442],[126.91399629853329,37.6486129997167],[126.9113775002861,37.6466522014308],[126.9099638990101,37.6473988993004],[126.9112536988061,37.646546899620695],[126.91128649983351,37.6448238997949],[126.91470099596569,37.642954797925995],[126.9149082957584,37.6391517017291],[126.91083059739249,37.635798998152],[126.9113856978878,37.633221495893196],[126.9127508000751,37.6343318985675],[126.9155487996685,37.6339487969191],[126.9180512987278,37.6324799973753],[126.9192716983476,37.628696599989595],[126.9178394997798,37.6275258011604],[126.9171465998044,37.628068500697196],[126.9163005969859,37.627588799326695],[126.915725497561,37.6242617026538],[126.9123272990966,37.6243525020975],[126.9116640992669,37.6226416012812],[126.9108386000924,37.622452701470095],[126.9099601971768,37.6238872009477],[126.9110722996638,37.6167448002128],[126.9079241994474,37.6163752000714],[126.9070096993007,37.6134786999111],[126.9093646994645,37.611191999937205],[126.90871419922921,37.610161999074606],[126.9100300998505,37.6111832993786],[126.9101771990331,37.609206300676696],[126.9087975999741,37.6076917991845],[126.9128742992402,37.6045020999442],[126.9124131993715,37.6034247001019],[126.9096501995006,37.6020244000134],[126.9096078996194,37.6009882003662],[126.9088193999542,37.601010200496496],[126.9079687998239,37.59936360060129],[126.90724979970071,37.599479499874],[126.90831569975741,37.59882379989],[126.9080767995212,37.59696689976],[126.90880439956089,37.5964956997885],[126.9093124996004,37.5936501005207],[126.9075047994959,37.593347399902996],[126.9086836992267,37.5930537992879],[126.90729289895211,37.5904818000896],[126.910159799107,37.5898730993928],[126.9096940996926,37.588230199844396],[126.9104343990693,37.587063200718504],[126.9060989994172,37.586973200197804],[126.9054554995173,37.5842931998545],[126.9064057990232,37.5817715001154],[126.9053759000531,37.580806601080305],[126.9006392003705,37.5797929006172],[126.9002813003805,37.5807312998666],[126.9011197004368,37.5812986999526],[126.9002246990181,37.582334100790696],[126.89987319936961,37.581382801742],[126.8978825001811,37.580749401577805],[126.8969113994164,37.5784443015745],[126.8938522008703,37.5801576009486],[126.893138099071,37.577918100605395],[126.89388640003,37.576233599648],[126.8996376995372,37.574882598966205],[126.8992969998779,37.5730820007668],[126.89836269956321,37.5727507998292],[126.9012655985342,37.5716972995701],[126.90140659839321,37.5703305009369],[126.9002455994849,37.569275700282],[126.8995566994684,37.569520700488],[126.8967957992853,37.5663423008385],[126.8998501993098,37.5652324988275],[126.90030279885721,37.5638595002005],[126.89878739946231,37.5622162997451],[126.8990908997726,37.5611531004104],[126.8969718007222,37.5616684000463],[126.89752279990141,37.5622917005957],[126.89697180010481,37.561668400857705],[126.8957455987301,37.5620557998074],[126.8959179999403,37.560870199264194],[126.8966748001267,37.5617574998591],[126.8995955001626,37.5604455992806],[126.902651599409,37.560659299475894],[126.90304779909239,37.5583883001854],[126.90100029941651,37.5547250998516],[126.9008802990635,37.5529279002131],[126.90280369876551,37.551467698997],[126.90193619927079,37.5504200998692],[126.9023901968803,37.549694294645796],[126.9040745003307,37.5499227984888],[126.907579099684,37.546494699881094],[126.9037013034173,37.5429679034095],[126.9013407001304,37.5428735007371],[126.9017224991497,37.542081800792495],[126.9006024990514,37.5405379005926],[126.899142399629,37.5408953007381],[126.8975782998954,37.5400456019584],[126.8947534006872,37.5416883014496],[126.8943500987554,37.5407153006104],[126.8950374990323,37.539362700998495],[126.893779399046,37.5400099009537],[126.8932241993309,37.5393105013032],[126.891729899249,37.5395813013186],[126.890948499495,37.5385445998945],[126.8914216999026,37.539245299820095],[126.8926706987825,37.538631900465596],[126.8909747998018,37.5373708000933],[126.8937300983527,37.5352115002512],[126.8928501988342,37.534140800666],[126.8934667989106,37.5327458005633],[126.8923295995493,37.531265401168504],[126.8911782995798,37.5315212007303],[126.8905088996608,37.5303826003829],[126.88940949912539,37.5306126000497],[126.89040799927449,37.5301039999514],[126.8909982987177,37.5282709014141],[126.8841101986113,37.526521800115894],[126.883310899911,37.5260622999826],[126.88389029933161,37.525161900883],[126.8827901003325,37.524809201225],[126.8824645977283,37.525790701405505],[126.8808288993017,37.5239219032309],[126.87855710157349,37.525843101309704],[126.8789197001141,37.5269379016435],[126.87697920083009,37.5275077012674],[126.8764237013856,37.5285408002343],[126.87755280105651,37.5291004005961],[126.8769810005436,37.531100000926],[126.8727132999197,37.5298525001093],[126.8727694996943,37.5288471002638],[126.8703765994013,37.528394400688605],[126.8700100997409,37.5268004000257],[126.8680737003523,37.5263592006838],[126.86747420040551,37.5296329002318],[126.8660754004644,37.5297496004965],[126.8639294999391,37.5315466008389],[126.86215269905419,37.529206300297],[126.8606332999426,37.5292277003065],[126.85925010064389,37.5280919009434],[126.85711750131141,37.5287654005107],[126.8563484005049,37.5280559010158],[126.8536694994846,37.5283413002678],[126.852303200086,37.5274688004832],[126.8504666996755,37.5239561999324]]],[[[127.081493899832,37.7426602000435],[127.08623379956781,37.740353299913906],[127.0845323994278,37.7358739995976],[127.0849821003425,37.736759399196394],[127.0880995995039,37.7351553994178],[127.0883287992747,37.73412320045],[127.0876404992707,37.7340281992404],[127.08867139990049,37.733800799063495],[127.0892872000121,37.7325447994095],[127.0886714010405,37.7338007993193],[127.0891373005626,37.7343239007789],[127.0883288003365,37.7341232003755],[127.08761180127901,37.7364122004563],[127.0887443005771,37.7371664000791],[127.08821110070039,37.7377729003164],[127.088862700513,37.7386998002129],[127.0870641000691,37.737924401337395],[127.08614920047829,37.740091799950704],[127.08696020060789,37.7410562001647],[127.0859161009477,37.741872099665905],[127.086824800039,37.7423821991558],[127.08739890010969,37.7416542997222],[127.0870932003574,37.744156099676],[127.08787100008861,37.74418880064621],[127.0843760004297,37.7453937007104],[127.0828451990578,37.744637100087],[127.0832419995868,37.7429929000516],[127.081493899832,37.7426602000435]]],[[[127.2719691988178,37.6570902984882],[127.27158349940781,37.655105300430705],[127.2723654999518,37.6555240996283],[127.274668097686,37.654084000729796],[127.2723441994118,37.6535431988756],[127.2777160997616,37.653708495584],[127.278829698648,37.6521376971548],[127.2813403984738,37.6520482970886],[127.28207759773659,37.6508262983106],[127.28397390265971,37.651493199628],[127.28437890225469,37.6532683978528],[127.2877306003864,37.6539773992204],[127.286045501595,37.6538070007632],[127.2855028021377,37.654493800076395],[127.2869003007402,37.6562710982991],[127.2902400007077,37.6561399978058],[127.2928345987618,37.6545982990184],[127.29336429984609,37.6533915982697],[127.2964258994065,37.6520816984768],[127.2997795986357,37.6522892977846],[127.3013307970845,37.6514516986222],[127.3038950000728,37.6469306997087],[127.3051772001721,37.646962098558106],[127.3072557035474,37.6488414969467],[127.3141582037467,37.651575395333296],[127.319913897991,37.6497438971648],[127.32429430017591,37.6497443996882],[127.32550910064211,37.6504817000979],[127.3204384063801,37.6531498021139],[127.3188244091093,37.6570773012245],[127.3149374058687,37.6603206045459],[127.3133386976139,37.6553731042775],[127.3120574988951,37.6547773048733],[127.3074442005812,37.6570446026899],[127.3073682002771,37.6597154003815],[127.3053572997601,37.659226401325604],[127.3035618993787,37.660086300677506],[127.30320689869251,37.6578885011469],[127.3010407005286,37.658051600684104],[127.3001019003011,37.6571830010189],[127.2991448992822,37.659324302753305],[127.2960069021533,37.6590858032487],[127.2952681028921,37.6628578994766],[127.2979782010448,37.6634332004172],[127.2908773993322,37.6661449005397],[127.28816090221619,37.6631445032355],[127.286312895299,37.664578406829804],[127.2850093955092,37.6629695027475],[127.28155329896529,37.662683203033794],[127.28022859970591,37.665181600816595],[127.2768753977452,37.659155403314706],[127.2738188990484,37.6599915021912],[127.2719691988178,37.6570902984882]]],[[[127.1638197990401,37.650015599965805],[127.16642439962429,37.649962099557904],[127.1681652000498,37.6481506999435],[127.168366199951,37.649076800624],[127.1675723003086,37.6484114001655],[127.1664244013039,37.649962099088604],[127.16768680063039,37.653047696653104],[127.16988619843099,37.6527651969356],[127.1714690968481,37.651451698249105],[127.1708299995041,37.648645099777504],[127.17453820038921,37.6470576968271],[127.17782439864611,37.647388794178305],[127.18090910023939,37.6495242939227],[127.1817568021725,37.6493548974529],[127.18634329789751,37.6475724994511],[127.18515169866811,37.6436789949777],[127.1870785022564,37.6476324981182],[127.18986130083191,37.649512299404996],[127.1901046024715,37.6511792029371],[127.1878973977897,37.651835004999896],[127.18465980094551,37.6553102014961],[127.1842009008509,37.6575568004113],[127.1828237005487,37.6574674005302],[127.1827467003626,37.65837690052],[127.181714800008,37.656770101049105],[127.1810632006596,37.6572807005385],[127.1820141004919,37.6584620002915],[127.1787979001716,37.658540100519204],[127.1779483010212,37.658953000106294],[127.1791439002561,37.6594775998768],[127.1783344003866,37.6602069004092],[127.1773220000699,37.658322700970096],[127.17591549999631,37.6577835012001],[127.1751675000093,37.6586112007084],[127.1747362999873,37.657635000559],[127.1719384977592,37.658878000122805],[127.170064399953,37.6540790012926],[127.16785039746121,37.6555216006049],[127.1664243985784,37.6499621012576],[127.1638197990401,37.650015599965805]]],[[[127.2232777963697,37.6486206001612],[127.2262058952623,37.6449731973074],[127.2294796973221,37.642476896480396],[127.230871600431,37.6430852986621],[127.2323211997842,37.6405483000022],[127.2341067998346,37.641668299342996],[127.2359191996221,37.6409683983619],[127.2366799005593,37.6422835991515],[127.239740699701,37.6393990935141],[127.24562640379041,37.638015495664],[127.24719570571621,37.6414816974064],[127.2450793028047,37.6455044001109],[127.2466913011927,37.6466978989174],[127.24813539997649,37.6459226995801],[127.24798950137411,37.647008800414305],[127.249365400187,37.6474734000991],[127.2485688009836,37.648303499269],[127.25031279923961,37.6482593993131],[127.2499214007195,37.6475595999726],[127.2502130017339,37.6492273018933],[127.2492482026987,37.652722698397895],[127.2529728001155,37.65331719978089],[127.2535932002108,37.6545153992174],[127.25400159794529,37.651331299789305],[127.2553776968598,37.6491998976067],[127.2580857001186,37.6492968895745],[127.262194104124,37.6526180958668],[127.2616481011908,37.656067198677505],[127.2640731013289,37.6549652005845],[127.2626957005169,37.6564034045592],[127.2600695014665,37.6552016016164],[127.25981260340001,37.6581058028568],[127.2569309030974,37.6588443046201],[127.2540984067358,37.6655242043366],[127.2500010987917,37.6668539024079],[127.24808680032619,37.668648000562996],[127.2461353009628,37.666123803279],[127.2403653015024,37.664766206628705],[127.2338138910565,37.664895300460095],[127.2316789956274,37.65916760103671],[127.2290825967619,37.657524001402],[127.2301006960207,37.653088503119],[127.2272063977444,37.6526432035202],[127.2266756984103,37.650543599506],[127.23033059984431,37.6517133975859],[127.2329767971981,37.6516124976868],[127.2337583964165,37.650276299023],[127.232877897297,37.647345701953604],[127.2301749,37.648018601280704],[127.2296209986485,37.6462493012738],[127.2262059000475,37.644973203451805],[127.2232777963697,37.6486206001612]]],[[[127.4867806955278,37.492041696419705],[127.4909404987242,37.4868805956432],[127.49427749969419,37.4856351992956],[127.4962684989755,37.486379099014],[127.49601599922799,37.4855229998701],[127.4971692003398,37.485020898589205],[127.498913200725,37.4858264992311],[127.5002759002969,37.4878705994327],[127.50134360027519,37.4877632994043],[127.50008430018269,37.4879556001157],[127.49995040047091,37.489100799900605],[127.5008756001469,37.490308898892],[127.5024119003394,37.490699799973605],[127.5015613009932,37.490758300516006],[127.501191900778,37.4923645005048],[127.50204400054079,37.493319500114],[127.5018145001046,37.4944772001123],[127.501111400532,37.4941531005233],[127.4997180016035,37.4966547002085],[127.4976757007319,37.4976196009741],[127.4975062002968,37.498461300216306],[127.49720829967839,37.4975903007146],[127.4950260991686,37.4984317036594],[127.493918798398,37.497504303370505],[127.49095220136459,37.4969281039467],[127.4898987978231,37.4976444055714],[127.4873550997822,37.496097600677],[127.4857921998456,37.4961998002075],[127.48622399934331,37.4955386001289],[127.4855557996181,37.4946769002262],[127.4863272991939,37.4938350996471],[127.48587769964351,37.492873200609],[127.4853844950994,37.493410896185],[127.4867806955278,37.492041696419705]]],[[[127.1061059982458,37.6626986972057],[127.1127792963452,37.6626370970165],[127.1154154992123,37.657885699722804],[127.1187954976309,37.6585963987252],[127.1196592006932,37.657184299139196],[127.1225373997007,37.657810899530205],[127.1250610003585,37.6590788994671],[127.122808001039,37.662136100006094],[127.1266007008315,37.6633419996985],[127.125456801429,37.6668272007558],[127.1272573015824,37.6678051011382],[127.1224579056985,37.6699877007048],[127.1197746101308,37.6750586023064],[127.11779969755881,37.675032004021205],[127.11291200105819,37.6774773022609],[127.1120977989712,37.6771763997432],[127.1124467987726,37.6746974017587],[127.10874770247169,37.6723322041239],[127.1068860963499,37.6730668967869],[127.11017489795661,37.6701085996863],[127.1106200975114,37.6686840011109],[127.10603999740489,37.6649005027556],[127.1061059982458,37.6626986972057]]],[[[127.1863990992186,37.7083684999102],[127.1866182996946,37.7075231994997],[127.18697590011689,37.7081179992098],[127.1886948994271,37.7073757001055],[127.1900889987206,37.7048841004689],[127.18937889715909,37.7021236017477],[127.1875770985338,37.7016086011664],[127.1883787995056,37.6999735993413],[127.190447099672,37.701678998995895],[127.192240399628,37.7000033999388],[127.1918742998997,37.6991303996716],[127.1934667008565,37.699791198737],[127.1938339002884,37.7008813989818],[127.19510059992001,37.6998332994906],[127.1948321003172,37.701647699091005],[127.19633570009151,37.6997692998969],[127.1970438001605,37.7007170001082],[127.1963227000729,37.7002311007975],[127.19547220092339,37.7011281999004],[127.1979989005529,37.7028768994974],[127.1973153010269,37.703494599626396],[127.19828640171801,37.7047580994138],[127.1971168008971,37.7049156003806],[127.19769650066871,37.706853800363795],[127.1959790017942,37.70806030016],[127.197588300171,37.70933750021],[127.1962141980116,37.709808200131],[127.1942678999579,37.7068011031381],[127.1915838987984,37.7086408039228],[127.18899909950281,37.707454401980506],[127.1877834007185,37.708530900904],[127.1857953991217,37.7088290004141],[127.1863990992186,37.7083684999102]]],[[[126.8787347990642,37.415371700014305],[126.8803097996234,37.412938599757496],[126.8808150998954,37.41354729901],[126.8832207999788,37.4128404996693],[126.88478669998621,37.41384399967],[126.8862954989394,37.413305298743595],[126.88543520124931,37.4135716004081],[126.8840532020091,37.416945799134304],[126.88526600056,37.419877499194996],[126.8874279010033,37.4187684988293],[126.8876167008003,37.4194542011807],[126.88639840028371,37.4196720009639],[126.8851578997306,37.4214842010705],[126.8842394001567,37.419760000939796],[126.8836401004575,37.4209466008774],[126.8832050998715,37.420112801024],[126.88204489926869,37.4205086005651],[126.883825297382,37.4189955994609],[126.88239939897869,37.4163639008779],[126.88502589907,37.4146209998218],[126.8843624997334,37.4139886004542],[126.8828323999647,37.4149436004015],[126.8819212005845,37.4142751005424],[126.8815978989435,37.4149306022322],[126.8787347990642,37.415371700014305]]],[[[127.1968477998083,37.7195810001451],[127.1986805997317,37.7196324996317],[127.2004516992246,37.7182458999455],[127.199686300345,37.7176268987768],[127.20126929999871,37.7178641996785],[127.20151819956999,37.716716399408604],[127.2036683978032,37.7151808974001],[127.203592901332,37.7160503995389],[127.20566610092641,37.7167146996241],[127.2066419030015,37.7181766007516],[127.20721160127289,37.7211332999308],[127.2070743002107,37.7230842000381],[127.20615400050019,37.7237000001704],[127.2066599004783,37.7242507000668],[127.2028945977269,37.7241539010726],[127.2025762999787,37.7220540005318],[127.2014422996209,37.7227620002455],[127.1968477998083,37.7195810001451]]],[[[127.03480249861549,37.4713222001376],[127.0361413994387,37.4701871998212],[127.0356662999138,37.4689290010794],[127.0341767989836,37.4681132011105],[127.0356868989424,37.468500499299495],[127.0347461995956,37.467374799294],[127.0371948993662,37.4676061987404],[127.0377013000133,37.4665742991066],[127.0436311000626,37.4650687000167],[127.0430383003425,37.4658605998041],[127.0436942007896,37.4659191002259],[127.0433580007761,37.4678119992995],[127.0443147002124,37.4710629996845],[127.0430550004423,37.473514300286496],[127.0421599002962,37.4729346006997],[127.0416061997408,37.4739958005327],[127.038782200475,37.473961400325],[127.03792709902241,37.4736411010604],[127.0385387993576,37.4716692006175],[127.03480249861549,37.4713222001376]]],[[[126.869145299793,37.5473272001859],[126.8722108995007,37.544070299938504],[126.8736029000377,37.5431815994819],[126.875555800101,37.5438138989674],[126.8759464997344,37.542892698864605],[126.87697890004159,37.5442322989451],[126.8783208999326,37.5439784989251],[126.8788105002562,37.5457026991356],[126.88031809987599,37.545791699211],[126.88084830026699,37.5466601000177],[126.8790312009415,37.5490401014357],[126.8760200996759,37.5500289012555],[126.8728292998543,37.5481387005932],[126.8724934999436,37.5488142004301],[126.8720099002104,37.547731300665504],[126.87100200014581,37.5485106006879],[126.8701650996583,37.548306400243504],[126.87067999925209,37.547615699957305],[126.87008739960861,37.5470061004144],[126.869145299793,37.5473272001859]]],[[[127.1955551958912,37.631760798070204],[127.1967615999741,37.6323957964497],[127.2000476994432,37.6322312955798],[127.20174309774781,37.628561399249705],[127.2011359999984,37.6275419997473],[127.2017431001774,37.628561399427205],[127.20292440011531,37.6275288998649],[127.2035507006559,37.629264198628704],[127.2061719014552,37.6320054994014],[127.2078259002629,37.6313147996483],[127.20927320081489,37.6329515985702],[127.2108792999929,37.6319502999046],[127.2121194996405,37.6336063976828],[127.2143659046839,37.6324946939271],[127.2165419029955,37.635075497539],[127.21941410027999,37.635745097908],[127.2174341028017,37.636620799305106],[127.2175094039588,37.6420411002395],[127.2130457980306,37.6454216032568],[127.20836389380969,37.6416618032736],[127.20229189936,37.641831402003],[127.2008047995414,37.6433222011943],[127.19929849958099,37.6429464004392],[127.2012218009703,37.6396106967322],[127.2071749992683,37.6404273968341],[127.2076316988116,37.6384513988101],[127.20636020014331,37.6360064010499],[127.2028695993225,37.6347820015609],[127.19982760040561,37.6357359021985],[127.19699799914939,37.634676501055495],[127.1955551958912,37.631760798070204]]],[[[126.8912230988667,37.6528508002849],[126.8901048999933,37.652438999741804],[126.8926421992653,37.652551599171105],[126.8931621987453,37.6519045998181],[126.8920018995556,37.6511419987566],[126.89316220001021,37.6519045981939],[126.8945958997052,37.651252499392896],[126.8960580992657,37.6517164992077],[126.89643029890651,37.6507277001148],[126.89534999853949,37.6502715995938],[126.896653799416,37.6505556988419],[126.8975364998824,37.649209299647104],[126.8981528002096,37.651174699585496],[126.89942410205501,37.6513633004927],[126.9004367015843,37.6537208000033],[126.89877590077161,37.6541620009214],[126.89764220007521,37.6563330001921],[126.89542300011509,37.656476401590005],[126.8943738001844,37.655657200703104],[126.8939060998808,37.6565399005284],[126.8931188994551,37.6561703991895],[126.893786599235,37.6554529999326],[126.8933847996368,37.6541152012704],[126.8920818993812,37.6547884001821],[126.8918569996061,37.6529977019728],[126.8912230988667,37.6528508002849]]],[[[127.0468751996553,37.8194798996649],[127.0482473988826,37.8184561990736],[127.04922399973239,37.8134122987392],[127.0499616020158,37.8134479997243],[127.0501023018751,37.8163918967804],[127.0516139003635,37.8170105961617],[127.0528324991449,37.8132697999025],[127.0524438984697,37.8125235970447],[127.0540577990452,37.812704999892304],[127.0566180016945,37.8100409970316],[127.0583948011735,37.8113993988904],[127.0585399007571,37.8135093995893],[127.0594400024408,37.8136112978832],[127.0602153047759,37.8163281008913],[127.0652782005361,37.817761100691],[127.06311530130581,37.8201145990163],[127.0641366998215,37.821020502871406],[127.0613890999691,37.823865201332],[127.06029410106409,37.823210101987094],[127.0608789975604,37.825899503113696],[127.0588936971462,37.8229965016175],[127.0504757999827,37.8219426020246],[127.0468751996553,37.8194798996649]]],[[[127.1231315984731,37.4692890993801],[127.1245171995602,37.4692817991891],[127.12503009964361,37.4677484999372],[127.1238255999646,37.4671908995469],[127.1261627989829,37.467515299456004],[127.126381800253,37.4654374999045],[127.1270349006118,37.467124799027204],[127.12778300013049,37.466259799092306],[127.1292320012569,37.4673216990291],[127.128530300908,37.4679897004068],[127.12981870055,37.469300599895796],[127.1290344009596,37.4704798996579],[127.1317979006647,37.4697628989442],[127.1272182003307,37.471195200986294],[127.1267486003409,37.472802900690496],[127.1257667993489,37.4703150002191],[127.1245464005693,37.4700854004487],[127.1243933007483,37.4711213013654],[127.1231874995422,37.471521901370096],[127.1245463997023,37.4700853996368],[127.1245171997315,37.4692818004404],[127.1231315984731,37.4692890993801]]],[[[126.8439617993115,37.5322408003644],[126.8441317996125,37.531177799623],[126.8450167991378,37.5308503999607],[126.8441939993636,37.530415399529204],[126.8466748998173,37.5305721995197],[126.8471959994062,37.5291085994415],[126.8476631998342,37.5301744992833],[126.8483259003145,37.5291961995104],[126.8499536005379,37.5311305992485],[126.8487481998156,37.533398401128004],[126.847218500796,37.5332362006775],[126.8470520003669,37.5339849001314],[126.84621370063621,37.5336846006478],[126.8451231001944,37.5345575003323],[126.8439617993115,37.5322408003644]]],[[[126.8542740992979,37.493861099644896],[126.8560168997714,37.492380999316005],[126.855793299453,37.4916474999788],[126.85733920018289,37.492021199786706],[126.8582918994932,37.490775699768],[126.86138850041911,37.4914694000853],[126.8604540008976,37.492450699412096],[126.8607185998103,37.493250500914705],[126.8570660008577,37.49427910094],[126.8564441997658,37.49690120038181],[126.8555904994927,37.4960721004067],[126.85618369898,37.4952796002379],[126.8542740992979,37.493861099644896]]],[[[127.13847289550979,37.460086699383],[127.1412048034204,37.460779794971195],[127.1395162017974,37.4616831998214],[127.1408859005502,37.4629092987252],[127.1426721012125,37.462440699519505],[127.1431159007041,37.4631791010508],[127.1419248004928,37.4637553996253],[127.14242920076569,37.4651308001729],[127.1408337996527,37.4634552008555],[127.1387779995874,37.4642633009765],[127.137979699406,37.463504801390805],[127.137426799429,37.462773299281004],[127.1394109990802,37.4617394001441],[127.13847289550979,37.460086699383]]],[[[126.8693713988175,37.6511274005919],[126.87086119964309,37.649960099485604],[126.8707303998287,37.6492226992397],[126.8748450012147,37.6500240997125],[126.87430609958369,37.6515020007409],[126.8693713988175,37.6511274005919]]],[[[126.8787760979162,37.4803547982485],[126.8796215981958,37.478667297174496],[126.8826382018844,37.4783305996858],[126.8826300007602,37.4803400002666],[126.8809178011445,37.4818877006415],[126.8811659002069,37.484296700837604],[126.8795169999062,37.4847755000188],[126.87991099798471,37.4835006994336],[126.878147897585,37.4822350001592],[126.8787760979162,37.4803547982485]]],[[[127.12520379835429,37.449236500015],[127.12647779972231,37.4484788000228],[127.1263935991506,37.446017400121],[127.1283936002954,37.4472089986965],[127.1278542008718,37.4488702001996],[127.1269981003765,37.4479235009467],[127.12742280009441,37.450420300027396],[127.1262959002112,37.4505733008766],[127.12520379835429,37.449236500015]]],[[[127.1511587985961,37.4945425997439],[127.1513329999309,37.493424299921],[127.15249749960729,37.4937465994555],[127.15283360025009,37.4931751994539],[127.1548102008626,37.4938743990555],[127.1551588004903,37.494748700235306],[127.15408740066289,37.4968682000527],[127.1524774990079,37.4970089005882],[127.151657599696,37.496953600335296],[127.15260039882949,37.495827600122496],[127.1519022995276,37.4949705009796],[127.1509889994825,37.4958917003205],[127.1511587985961,37.4945425997439]]],[[[127.1519947986763,37.5546649998007],[127.15421190062041,37.552902598921],[127.1543100009845,37.553813999595],[127.1563247000973,37.5542456990255],[127.15692080166859,37.5552397005347],[127.1554183000316,37.556926900370904],[127.1553555992533,37.5561909004568],[127.1519947986763,37.5546649998007]]],[[[126.9874359989174,37.4609114995024],[126.9889542997832,37.4622149977642],[126.9909382016648,37.4618657987742],[126.9912839000863,37.4665228014869],[126.98989049951331,37.467163600653],[126.9884667001948,37.4660825013198],[126.98809969879761,37.467345900493896],[126.9884371995754,37.464687501236895],[126.9874359989174,37.4609114995024]]],[[[126.8529440988294,37.5622268990368],[126.8547241993412,37.5613508997149],[126.854593499714,37.5600048994662],[126.8554672004641,37.5609614992404],[126.8566131006369,37.5604735993735],[126.85546720073391,37.5609615001757],[126.85623220009829,37.5621875001435],[126.8529440988294,37.5622268990368]]],[[[127.50822509823061,37.814282801515],[127.513722201224,37.8105637966694],[127.5132066008908,37.8148629999388],[127.5147669006308,37.815073400379006],[127.513206600447,37.8148630005372],[127.5127180014278,37.8167849000666],[127.5078905004249,37.8160019009618],[127.507101099956,37.8168492003252],[127.50822509823061,37.814282801515]]],[[[127.3735489978579,37.6802117002387],[127.3750897986222,37.6803418988244],[127.3765020975513,37.6791504993466],[127.3759394993381,37.6775125992102],[127.378001400917,37.6805163973586],[127.38055960220039,37.6812252912947],[127.3806493073907,37.6820846995953],[127.3789465003106,37.6816873013441],[127.3786091958723,37.6840235049743],[127.3774827958498,37.6816160020269],[127.3735489978579,37.6802117002387]]],[[[127.0529832995625,37.4498381996791],[127.0564158989052,37.4463252974423],[127.0562547996064,37.4434316996635],[127.0581659993477,37.4441572989709],[127.05845290003411,37.4434762998376],[127.0587018008977,37.4461464999212],[127.0597210005425,37.4463785996938],[127.0588739008557,37.447157999385404],[127.0586330997775,37.4492105005856],[127.0580094004012,37.4489686008275],[127.0575642992817,37.4500387008289],[127.0550060989707,37.448326401916596],[127.0529832995625,37.4498381996791]]],[[[126.9277480996933,37.484076900778796],[126.92981410003941,37.482988499619196],[126.9297220008221,37.483878599627495],[126.931033900538,37.4844612996441],[126.9307300003369,37.4857139003147],[126.9293036999107,37.486320500212095],[126.9277480996933,37.484076900778796]]],[[[127.1268006997011,37.4402538010016],[127.127844199948,37.4389106993975],[127.1286274001503,37.4400057999253],[127.1268006997011,37.4402538010016]]],[[[126.838748999518,37.5411982992268],[126.841517899929,37.5402486990274],[126.84097080103159,37.5415025998633],[126.8421822002094,37.5423052003752],[126.8411949997262,37.541932801041895],[126.8392653002032,37.542862400636594],[126.8398368991376,37.5422948002928],[126.838748999518,37.5411982992268]]],[[[127.4241313987769,37.735195400457],[127.4241197996982,37.7335803996751],[127.425151300214,37.7332312982599],[127.4273086002992,37.7355104005451],[127.4259878002068,37.7372206005504],[127.4241551998114,37.7360757003769],[127.4241313987769,37.735195400457]]],[[[126.8895924993177,37.4664170005173],[126.8905858993657,37.4666596989247],[126.8919992003914,37.4650176979046],[126.8933769009634,37.4662136995798],[126.8912102004642,37.4681349022592],[126.891467398621,37.4675478002735],[126.8895924993177,37.4664170005173]]],[[[127.0550718971791,37.8930768003364],[127.0549624999022,37.8911005988908],[127.0549946006599,37.8916756997498],[127.0586742003216,37.8917709984934],[127.0593777004431,37.8924516999839],[127.0576142998637,37.8925423018304],[127.0569122996031,37.8943974011378],[127.0550718971791,37.8930768003364]]],[[[126.9517914987301,37.4814213000093],[126.9525497991197,37.480436899824504],[126.9539127011634,37.4808977002553],[126.9531411011065,37.4820387004501],[126.9517914987301,37.4814213000093]]],[[[127.0590728984075,37.844616201597496],[127.0605272981408,37.8432690975403],[127.0609465010232,37.8455183006823],[127.05953079875671,37.8455384012571],[127.0590728984075,37.844616201597496]]],[[[127.23357110043601,37.639398199301304],[127.2337509999678,37.6405463003674],[127.2331554997497,37.640215999904605],[127.23407429944871,37.6397259002809],[127.23357110043601,37.639398199301304]]],[[[126.8708402982337,37.4950374991798],[126.8709739000518,37.494326599719],[126.8720010005916,37.4953481994467],[126.8711619003587,37.495252400729],[126.8710658995284,37.496231000375104],[126.8708402982337,37.4950374991798]]],[[[126.91264799975241,37.487711399979105],[126.9133309998981,37.487217299959],[126.9137499004223,37.4873694994371],[126.9133310002967,37.4872173003592],[126.91264799975241,37.487711399979105]]],[[[127.1550342990182,37.650370800100895],[127.1554116992225,37.6492931988528],[127.1582147016197,37.650537099907304],[127.1570490005036,37.6512886027362],[127.1550342990182,37.650370800100895]]],[[[127.42816149953511,37.7365936993459],[127.42911800083,37.7352738972981],[127.4278539997668,37.737084700202594],[127.42816149953511,37.7365936993459]]],[[[127.0005609980889,37.4513625005836],[127.0033846002221,37.4501997996968],[127.0031708988345,37.4529000012898],[127.0020418994254,37.4529361005071],[127.0005609980889,37.4513625005836]]],[[[127.1491904993118,37.4572376002061],[127.1504776997913,37.456199599288496],[127.1507889011433,37.4572217014801],[127.1491904993118,37.4572376002061]]],[[[126.8686085995716,37.6030171992581],[126.8694299013461,37.6028622995053],[126.8690857002602,37.6035319005836],[126.8686085995716,37.6030171992581]]],[[[127.1151767994846,37.6528077998699],[127.1155032008438,37.651723799095],[127.1164862007567,37.652325399788204],[127.1151767994846,37.6528077998699]]],[[[126.8423790995588,37.6532948007048],[126.8425556999279,37.6529545993896],[126.8427842002662,37.653192599787495],[126.8423790995588,37.6532948007048]]],[[[126.8618030995826,37.4937586995672],[126.86268429869669,37.4930880001491],[126.8623398012642,37.4921710992145],[126.86272920239361,37.4932241996101],[126.8618030995826,37.4937586995672]]],[[[127.1651724989088,37.5567351998116],[127.1655572001831,37.5559787998856],[127.165570700558,37.5568593006449],[127.1651724989088,37.5567351998116]]],[[[127.3802395991784,37.6903204997827],[127.3811995013012,37.6899224976745],[127.3808442008276,37.690496805555995],[127.3802395991784,37.6903204997827]]],[[[126.88275369963759,37.514525300041406],[126.8829867999506,37.514624999766504],[126.8831511001202,37.5140707985204],[126.8829868011747,37.514625000874005],[126.88275369963759,37.514525300041406]]],[[[126.9351977995295,37.5621651002492],[126.93513219997669,37.561858799931606],[126.9352901000984,37.562117900125095],[126.9351977995295,37.5621651002492]]],[[[127.1248384997425,37.6613864995902],[127.1251541994268,37.661056199920495],[127.1251120995199,37.6606687999894],[127.1253480001991,37.6605930999076],[127.1248384997425,37.6613864995902]]],[[[126.9913081996621,37.5272595998151],[126.99172930014551,37.527219199914896],[126.9916874002308,37.527538300299504],[126.9913081996621,37.5272595998151]]],[[[127.0579828993636,37.9017670010956],[127.057331199341,37.9017789008565],[127.0567071994608,37.901814999993],[127.05733120000819,37.901778898816794],[127.0579828993636,37.9017670010956]]],[[[126.836319999307,37.5492730996622],[126.8363200004728,37.5494325009254],[126.8361639995068,37.5493599000008],[126.836319999307,37.5492730996622]]],[[[126.89320549980039,37.4558412001427],[126.89342050000961,37.4559052994293],[126.8934491003866,37.455913899839196],[126.8935179003178,37.455934399818695],[126.89320549980039,37.4558412001427]]],[[[127.00791059835261,37.443893900208096],[127.0081893005279,37.4439362996394],[127.00773289934939,37.444234801018794],[127.00791059835261,37.443893900208096]]],[[[126.95797549944571,37.4975589998999],[126.9579211999471,37.497340099861205],[126.95804750124661,37.497528800441096],[126.95797549944571,37.4975589998999]]],[[[127.1840705988021,37.6165794998075],[127.18561730218491,37.6162535971934],[127.1854822985689,37.6165365018046],[127.1840705988021,37.6165794998075]]],[[[127.20723430002509,37.614939299906304],[127.20725520000421,37.6149469998986],[127.2074486039811,37.6146058957125],[127.20725520046891,37.6149470009918],[127.20723430002509,37.614939299906304]]],[[[126.88743169940659,37.4862682002041],[126.88706139991089,37.4858343998943],[126.8879179003722,37.486076499853304],[126.88743169940659,37.4862682002041]]],[[[127.0385658994487,37.475157000190904],[127.0385739001435,37.4755356996653],[127.0387805005491,37.4752193004634],[127.0385738994422,37.475535700369505],[127.0385658994487,37.475157000190904]]],[[[126.8115171993468,37.485328199661595],[126.8115172006729,37.485328199342],[126.8117811013727,37.4855762001664],[126.8115171993468,37.485328199661595]]],[[[126.9569724992,37.4966071002043],[126.9571936002199,37.496749499701],[126.95725610021809,37.496838800154],[126.9571935999536,37.4967495000991],[126.9569724992,37.4966071002043]]],[[[127.1235554999561,37.6578506999184],[127.12395880047539,37.6576704992562],[127.12395880012869,37.6576705005925],[127.1235554999561,37.6578506999184]]],[[[126.9335455994573,37.478124200082206],[126.9334521994857,37.4780413997453],[126.9338722000837,37.478029399548795],[126.9335455994573,37.478124200082206]]],[[[127.1201453990446,37.3945929994722],[127.1204312005547,37.394955500870005],[127.11997029981231,37.394892700256],[127.1201453990446,37.3945929994722]]],[[[127.1921002957019,37.6173290961179],[127.1923631015942,37.617277299508295],[127.1921002981212,37.6173291028714],[127.1921002957019,37.6173290961179]]],[[[126.88266869924189,37.5448830002861],[126.8827803997619,37.5448581994829],[126.8831001002243,37.544206099885294],[126.8827804011852,37.5448582020209],[126.88266869924189,37.5448830002861]]],[[[126.9638469998615,37.5931548001124],[126.9640185998785,37.5930782998492],[126.9639904000128,37.5928723998912],[126.9640186005744,37.5930783006484],[126.9638469998615,37.5931548001124]]],[[[127.1169903994287,37.653735700208095],[127.1169903997867,37.6537356995989],[127.1171093004719,37.6537188997361],[127.1169903994287,37.653735700208095]]],[[[127.1966725987673,37.6171619024256],[127.1967503994611,37.6171417986264],[127.1969573006697,37.6170913998335],[127.1966725987673,37.6171619024256]]],[[[126.8536503996371,37.4939402003385],[126.8534907001672,37.4942530021426],[126.8534906997968,37.4942530000257],[126.8536503996371,37.4939402003385]]],[[[126.9087811989189,37.4855564992894],[126.90890879989391,37.4852886995553],[126.9087812010664,37.485556500666505],[126.9087811989189,37.4855564992894]]],[[[127.0478903999719,37.7387261000094],[127.0478904000581,37.7387260998865],[127.04791769996,37.7388025000786],[127.0478903999719,37.7387261000094]]],[[[127.0538002990405,37.475892700349],[127.0538002991715,37.475892699501],[127.05380030024901,37.475892699623905],[127.0538002990405,37.475892700349]]],[[[126.8898163994797,37.5114071999246],[126.8898164010108,37.511407199232],[126.8898164001374,37.5114072011466],[126.8898163994797,37.5114071999246]]],[[[126.9105169996075,37.5332893999021],[126.9105169998768,37.5332893990093],[126.9105170011007,37.5332893999537],[126.9105169996075,37.5332893999021]]],[[[126.9546741996919,37.596231299972],[126.9546742012009,37.5962312996665],[126.9546742013388,37.5962313005585],[126.9546741996919,37.596231299972]]],[[[127.11910589933309,37.3953445001832],[127.1191059006767,37.3953444998042],[127.11917030038359,37.395391400494304],[127.11910589933309,37.3953445001832]]],[[[127.1208583997743,37.3949576000188],[127.1208353997973,37.3949536000228],[127.1208584005097,37.3949575996605],[127.1208584001275,37.3949576008679],[127.1208583997743,37.3949576000188]]],[[[126.8803577997024,37.528813200074005],[126.8803578003867,37.5288131999341],[126.8803578001469,37.5288132004205],[126.8803577997024,37.528813200074005]]],[[[126.8965795994546,37.581516400319295],[126.8965795998666,37.5815163985951],[126.8965796008099,37.5815163999716],[126.8965795994546,37.581516400319295]]],[[[126.9126050995737,37.5319285002258],[126.91260510016609,37.5319284994204],[126.91260510055429,37.531928500357196],[126.9126050995737,37.5319285002258]]],[[[127.0698144008048,37.726672200632805],[127.0698143991534,37.7266722001482],[127.0698144019503,37.7266721998945],[127.0698144008048,37.726672200632805]]],[[[127.08539659971659,37.7399394998265],[127.08539660040499,37.7399395003277],[127.08539659978429,37.7399395005318],[127.08539659971659,37.7399394998265]]],[[[127.1046383996078,37.4951138996726],[127.10470529998241,37.494969799885],[127.1046383998398,37.4951139003373],[127.1046383996078,37.4951138996726]]],[[[127.1379910991586,37.5827606991527],[127.13799110058359,37.5827606994629],[127.13799110017649,37.5827607003861],[127.1379910991586,37.5827606991527]]],[[[127.14253269771571,37.6594459008174],[127.1425327000959,37.6594458993548],[127.1425327002937,37.6594459002947],[127.14253269771571,37.6594459008174]]],[[[127.1599363993284,37.4515642999334],[127.15993640104821,37.4515642997062],[127.1599363995723,37.4515643005365],[127.1599363993284,37.4515642999334]]],[[[127.47520349916961,37.50584659997],[127.4752035006426,37.5058465983781],[127.4757385007433,37.506194900762395],[127.47520349916961,37.50584659997]]],[[[126.8787007999389,37.529776000256795],[126.8787008000575,37.5297759999122],[126.87870080017301,37.5297760000308],[126.8787007999389,37.529776000256795]]],[[[126.9365399999104,37.5619297999108],[126.93654000011189,37.561929800038],[126.93653999999559,37.5619298001047],[126.9365399999104,37.5619297999108]]],[[[126.9419667996097,37.482294099760594],[126.9419668004162,37.4822940993499],[126.941966800078,37.4822941001437],[126.9419667996097,37.482294099760594]]],[[[126.9699613989677,37.4751606999798],[126.9699614007356,37.475160699768104],[126.9699614007786,37.475160700641304],[126.9699613989677,37.4751606999798]]],[[[127.04671159981599,37.818918100106394],[127.0467115997639,37.818918099565394],[127.0467116001245,37.8189181000041],[127.04671159981599,37.818918100106394]]],[[[127.05269749980499,37.4799078998049],[127.05269750057029,37.4799078997497],[127.05269749987549,37.479907900271],[127.05269749980499,37.4799078998049]]],[[[127.1075719995823,37.4987044996655],[127.107572000231,37.4987045004113],[127.1075719995073,37.4987045003514],[127.1075719995823,37.4987044996655]]],[[[127.1140311995429,37.611282300338296],[127.1140311997551,37.6112822994552],[127.114031200718,37.6112822996699],[127.1140311995429,37.611282300338296]]],[[[127.1156894997506,37.6647879998471],[127.1156895005419,37.664787998982405],[127.11568950009931,37.664788000121],[127.1156894997506,37.6647879998471]]],[[[127.13668799870851,37.4650029991558],[127.1366879995614,37.4650029980191],[127.1366880006977,37.465002999892604],[127.13668799870851,37.4650029991558]]],[[[127.1522006990375,37.6285006999944],[127.152200700441,37.62850069905009],[127.1522007010211,37.6285006997092],[127.1522006990375,37.6285006999944]]],[[[126.87138659988179,37.4984449003381],[126.87138659980519,37.498444899881],[126.87138660026129,37.4984448994813],[126.87138659988179,37.4984449003381]]],[[[126.8747784995909,37.5077155999832],[126.874778500892,37.5077156001665],[126.8747785000275,37.507715600781694],[126.8747784995909,37.5077155999832]]],[[[126.8847788987933,37.4121171004287],[126.8847789003516,37.412117099926206],[126.8847789001603,37.41211710116821],[126.8847788987933,37.4121171004287]]],[[[126.9364287999387,37.5616077999214],[126.9364288001296,37.5616078001561],[126.9364288000135,37.561607800206595],[126.9364287999387,37.5616077999214]]],[[[126.98640570020821,37.468044299824605],[126.9864057001167,37.468044300538104],[126.9864056999168,37.4680442999511],[126.98640570020821,37.468044299824605]]],[[[127.0353944994932,37.769370599539904],[127.0353945006945,37.769370599611804],[127.0353945002592,37.769370600899],[127.0353944994932,37.769370599539904]]],[[[127.0871573999882,37.4961128998904],[127.08715740020699,37.4961128999607],[127.0871573999047,37.4961129003321],[127.0871573999882,37.4961128998904]]],[[[127.1140791997214,37.4827998004396],[127.1140791999813,37.4827997995177],[127.1140792003728,37.482799799648504],[127.1140791997214,37.4827998004396]]],[[[127.1320536996713,37.640917300016696],[127.1320537007856,37.6409172996199],[127.1320537000263,37.6409173002868],[127.1320536996713,37.640917300016696]]],[[[127.15887959947531,37.6083610004628],[127.15887960012181,37.6083610000067],[127.1588795998697,37.6083610006358],[127.15887959947531,37.6083610004628]]],[[[127.51131339970351,37.8175357003887],[127.51131340043291,37.8175356997964],[127.511313400356,37.8175357002541],[127.51131339970351,37.8175357003887]]],[[[126.8688926995333,37.5273110997319],[126.8688926999227,37.5273110996682],[126.8688927000501,37.527311100252],[126.8688926995333,37.5273110997319]]],[[[126.8822595998431,37.501797100028895],[126.882259600132,37.5017970998831],[126.8822596000262,37.501797100092],[126.8822595998431,37.501797100028895]]],[[[126.90085859963541,37.555467300428695],[126.90085860009111,37.5554672996649],[126.9008586001846,37.55546730004129],[126.90085859963541,37.555467300428695]]],[[[126.9110300993462,37.4862164003773],[126.9110301001578,37.486216399722906],[126.9110301001965,37.48621640045231],[126.9110300993462,37.4862164003773]]],[[[126.9211863998593,37.5957486999489],[126.9211863999996,37.5957486997668],[126.9211864000622,37.5957487001408],[126.9211863998593,37.5957486999489]]],[[[127.0568520996516,37.9028479997949],[127.0568521004944,37.9028480000146],[127.0568520999818,37.902848000537],[127.0568520996516,37.9028479997949]]],[[[127.06231239991159,37.6560754999829],[127.06231240002569,37.6560755000033],[127.0623123999816,37.6560755000565],[127.06231239991159,37.6560754999829]]],[[[127.1092429992688,37.5322810998861],[127.1092430007947,37.5322810996333],[127.1092430005643,37.5322811010196],[127.1092429992688,37.5322810998861]]],[[[127.1570663992792,37.5853264008271],[127.1570664000648,37.5853263998219],[127.1570664009952,37.5853264007556],[127.1570663992792,37.5853264008271]]],[[[127.25329759993019,37.6532084998422],[127.2532976001903,37.6532085000538],[127.2532975999759,37.653208500118396],[127.25329759993019,37.6532084998422]]],[[[126.9546666999131,37.495713700045904],[126.9546667000148,37.4957136998346],[126.9546667000474,37.4957137000257],[126.9546666999131,37.495713700045904]]]]}}]}