{"type":"FeatureCollection","features":[{"type":"Feature","properties":{"interval":15,"stationId":"4704699992"},"geometry":{"type":"MultiPolygon","coordinates":[[[[126.9134510997045,37.549571700221705],[126.9135334999155,37.5493864998558],[126.91384480021141,37.5495997999557],[126.9134510997045,37.549571700221705]]],[[[126.9154243992355,37.568811499523605],[126.9154244003582,37.568811499542704],[126.9154243998761,37.5688115003315],[126.9154243992355,37.568811499523605]]],[[[126.9161459996366,37.5678859004683],[126.9165374007126,37.5683106995101],[126.9164457998815,37.5683551001485],[126.9161459996366,37.5678859004683]]],[[[126.9223053994401,37.556491300309794],[126.9232957997597,37.555628699283],[126.923777700385,37.556961098937705],[126.9245978995648,37.556631499267304],[126.9242858993113,37.5558359995915],[126.9250594997179,37.5561490993923],[126.925526299025,37.5543198995932],[126.9244923997752,37.5528576999942],[126.9262460002395,37.5527916991245],[126.9276310990232,37.5517182995498],[126.9271626992561,37.550868699703],[126.927631099935,37.5517182990044],[126.92870739885869,37.5502680004547],[126.928348498866,37.548750600320496],[126.92691309941459,37.5477348010655],[126.9276898995936,37.5474138001297],[126.92727359935101,37.5470894996055],[126.9290624996558,37.5467851992097],[126.929201700192,37.5456200984803],[126.9313779998882,37.5441692993702],[126.9321221999157,37.544984399375195],[126.9341658000946,37.542552099612],[126.93655889990089,37.5439562994313],[126.94006950024321,37.5432061995472],[126.94096070005641,37.5442112995851],[126.9421292001155,37.5437834997238],[126.9420808001731,37.5445002998321],[126.9447852007526,37.5449738995003],[126.9441679006179,37.5460845995363],[126.946538500678,37.5459116990868],[126.94664430025391,37.547257700098804],[126.9457203006915,37.5482319999698],[126.946997100144,37.5491186999779],[126.94619420077329,37.5500932997403],[126.9469815006599,37.550978300281294],[126.9453201015726,37.5522548004816],[126.94592040097231,37.553421699314704],[126.947340699552,37.5537619989744],[126.9475599001545,37.5528940998037],[126.9498445000196,37.5560259984534],[126.9520328001821,37.556537899601004],[126.95416349946561,37.554728399655204],[126.95516429986391,37.5552952992733],[126.9555828003038,37.5541076993043],[126.9563928998232,37.5548556988147],[126.957366400326,37.5545416998968],[126.95581710075841,37.555528200759795],[126.95606700050851,37.557109999178],[126.9584909997822,37.557341198776804],[126.95966510055989,37.556520099547],[126.9597016007037,37.557609699345804],[126.9604748007869,37.5578409000802],[126.9568901009379,37.560686700508],[126.9543524987978,37.5578415006752],[126.9500793008408,37.556945900681505],[126.9487864003834,37.5575479008628],[126.94809270019181,37.559611500128405],[126.9467322011971,37.5596619017335],[126.9451721006468,37.5611305018941],[126.94511209824701,37.5603875997752],[126.94218619999029,37.558409400137],[126.94028799999799,37.5597633000811],[126.939970999495,37.559092400934],[126.938208299925,37.559343100679],[126.9370216000838,37.5611207002559],[126.9353125999359,37.5600991000013],[126.9349872997318,37.5589266009692],[126.93376669968981,37.5601648003488],[126.9322194994306,37.5588517008193],[126.92922509986239,37.5592562004252],[126.9287510999831,37.558562800723195],[126.92769269996329,37.5597133007867],[126.92666940033969,37.5592274004103],[126.9244023999469,37.5598398002341],[126.9245940997039,37.5590065002386],[126.9230373992697,37.5580020996627],[126.92377769862401,37.5569611003446],[126.9223053994401,37.556491300309794]]],[[[126.92296999933701,37.5477600004475],[126.9229700008309,37.5477599999837],[126.9229780993289,37.547998900208604],[126.92296999933701,37.5477600004475]]],[[[126.9490481993969,37.5589321000735],[126.9490482001216,37.5589320994786],[126.94904820024509,37.5589321000086],[126.9490481993969,37.5589321000735]]],[[[126.9498540993018,37.5412475994966],[126.9516267000276,37.540795099547594],[126.9518176004713,37.541831998982296],[126.952647999996,37.5410264995739],[126.9534700002119,37.5416499999181],[126.9524304011502,37.5419381998369],[126.9534314004938,37.5434271002426],[126.9510019998647,37.544024200232805],[126.9513711989845,37.5421612009539],[126.9499011003339,37.5423217008571],[126.9498540993018,37.5412475994966]]],[[[126.9613359998123,37.5391115998597],[126.9614077000756,37.538852599464896],[126.9614786001152,37.5390729002464],[126.9613359998123,37.5391115998597]]],[[[126.9621290997235,37.559322399793196],[126.96329789953221,37.5590479993831],[126.9634716996453,37.5581209994934],[126.9652316000538,37.5584284997988],[126.9661745007079,37.5608895004568],[126.96379489998169,37.5612769008073],[126.9621290997235,37.559322399793196]]],[[[126.974834499304,37.563322099745804],[126.9756190005287,37.563032899549],[126.9760070004869,37.5638063999146],[126.974834499304,37.563322099745804]]]]}},{"type":"Feature","properties":{"interval":30,"stationId":"4704699992"},"geometry":{"type":"MultiPolygon","coordinates":[[[[126.8199541965194,37.618680598188995],[126.8199542010309,37.6186806009218],[126.8199541981967,37.6186806014545],[126.8199541965194,37.618680598188995]]],[[[126.82238739882949,37.6108194999885],[126.8237868991815,37.6090604991919],[126.8234076997026,37.6084696989398],[126.82447450327989,37.6108660019965],[126.82238739882949,37.6108194999885]]],[[[126.8269300992137,37.565306299577905],[126.82733170063871,37.565274299393195],[126.8275486002444,37.5656383003472],[126.8269300992137,37.565306299577905]]],[[[126.8388309990003,37.612669600336],[126.8459706995494,37.612640299791906],[126.8458477999962,37.6103743986448],[126.8465860012044,37.612783898400494],[126.8484067008439,37.6129816005898],[126.847611200044,37.6139627010429],[126.8481983990152,37.6130664007862],[126.8467925004211,37.61295960089301],[126.8461182004913,37.6155384003059],[126.8464547989292,37.6138909012864],[126.8454087999752,37.6133745018028],[126.8442077004886,37.615075200426],[126.8448785002436,37.6159256002983],[126.84420769962149,37.6150752006888],[126.8419570001055,37.616011900248296],[126.8388309990003,37.612669600336]]],[[[126.86460339702849,37.603960799564305],[126.86464599831889,37.601186600125395],[126.8660076996602,37.600037299474295],[126.8680215982727,37.6007787991262],[126.86786029843401,37.5994343004707],[126.8661674995004,37.599791499720105],[126.8677344995384,37.5988295994253],[126.86802160159601,37.6007788001786],[126.87077599884161,37.6023675985898],[126.8713064983111,37.6007441002133],[126.87328480046199,37.598887297954704],[126.8739390012227,37.599069400355],[126.87077600118651,37.602367600317],[126.8710599005052,37.6047818014164],[126.8699255011464,37.605548401031704],[126.8704279006686,37.6068534000145],[126.8693030003581,37.6072639008555],[126.8691466019733,37.6084398017035],[126.8659290994117,37.6064794005896],[126.8649872988629,37.607132300522004],[126.8659290978014,37.6064793987333],[126.86460339702849,37.603960799564305]]],[[[126.8731778995951,37.5469210003519],[126.8751221006782,37.545667699381504],[126.8765670005954,37.5471669000295],[126.8731778995951,37.5469210003519]]],[[[126.8794907997776,37.5028974997687],[126.8801659003868,37.502786999457896],[126.882673200808,37.505011200093996],[126.8794907997776,37.5028974997687]]],[[[126.8806455995485,37.5452954997072],[126.88254229952119,37.544341100035496],[126.8814844987041,37.5419779992253],[126.8812763010718,37.5427282007861],[126.8831001002243,37.544206099885294],[126.8812564010992,37.5466383011794],[126.8806455995485,37.5452954997072]]],[[[126.88315109928641,37.5140707987],[126.8831511006676,37.5140707996647],[126.8831510998357,37.5140708005542],[126.88315109928641,37.5140707987]]],[[[126.8835365988115,37.5434567000576],[126.8835365995393,37.5434566987552],[126.8835366007139,37.5434566994185],[126.8835365988115,37.5434567000576]]],[[[126.88608529962251,37.5249540000573],[126.88730370111361,37.5254448998289],[126.8864411002119,37.526451600819],[126.88608529962251,37.5249540000573]]],[[[126.8878745990058,37.5798243006005],[126.8897703977704,37.578706799304896],[126.8883646986702,37.576000100387404],[126.89006909807091,37.5748933981366],[126.8919731000605,37.5752733977203],[126.89273799929559,37.5740943988993],[126.8934122002937,37.5754033988393],[126.894770499046,37.5733598980615],[126.8957027997655,37.574304298724805],[126.8963248007727,37.5733381982419],[126.89710290015499,37.5740024990655],[126.8982907989671,37.573701799366205],[126.8979258996406,37.5725799997301],[126.90031449898339,37.5723820997697],[126.898836898623,37.570704199573704],[126.9002455994849,37.569275700282],[126.8995566994684,37.569520700488],[126.8975149015004,37.566813702964694],[126.8961752994301,37.5664775001777],[126.8991599994436,37.5640599999154],[126.89877459947509,37.5615562004052],[126.8969718007222,37.5616684000463],[126.8974241999845,37.5628874004593],[126.8953916993032,37.5626534004314],[126.8957455987301,37.5620557998074],[126.8945979986416,37.5614879992066],[126.8958694997745,37.5617809992439],[126.8959179999403,37.560870199264194],[126.8966748001267,37.5617574998591],[126.8978084996745,37.561589298898504],[126.8977901996658,37.5606373993571],[126.899758100293,37.5597261990249],[126.902316499667,37.5597719990214],[126.90307239891109,37.5589994997939],[126.90256149957871,37.557407001166695],[126.9013730998608,37.5574539001965],[126.9014505992785,37.5555927008876],[126.9002072995088,37.5558355000999],[126.9008802990635,37.5529279002131],[126.9039992988965,37.5506337988178],[126.90478709961809,37.548935199476404],[126.9060418001837,37.548690198549004],[126.907579099684,37.546494699881094],[126.9035254008798,37.5430219053897],[126.9018986007532,37.539374702817604],[126.9006763999261,37.540010200527696],[126.899295299391,37.5389412014912],[126.8947534006872,37.5416883014496],[126.89435009896239,37.540715300878205],[126.8931054989378,37.541325700960805],[126.888973598976,37.5397964000922],[126.88992279967569,37.539585099921],[126.8913186993253,37.536379099776596],[126.8924297992427,37.5359001996138],[126.8919075997768,37.5352069995998],[126.8937300991201,37.5352114989293],[126.8940729993938,37.5335412992045],[126.8951047992448,37.5328278990412],[126.8932987990308,37.5303258009396],[126.8915703999731,37.5301562003029],[126.8909982994097,37.5282709018331],[126.8888925996612,37.527298201118],[126.88861559889449,37.5261185001701],[126.8913881991917,37.5219231002644],[126.89078999907339,37.5197536011598],[126.8896062999843,37.5204399005207],[126.8893196992457,37.519263900523],[126.8919832982656,37.519384199482396],[126.8920521981967,37.5170363018303],[126.8894247997693,37.5168071002319],[126.89034559882451,37.5159077005578],[126.889818599,37.5152147004791],[126.89068919885099,37.5143064005422],[126.8903661994495,37.512803900349404],[126.8919482996694,37.5131855985871],[126.8937837001667,37.5117357997329],[126.8962318992525,37.5126389993978],[126.897740600429,37.5119290982088],[126.8978304014835,37.5134027002901],[126.89926490040021,37.5137742001174],[126.89841440108039,37.513951300264004],[126.89900520048961,37.515531298683996],[126.90049450078929,37.5148600998565],[126.9012977002226,37.518447600076804],[126.8996300008674,37.51865940064],[126.89904690083,37.520767199484204],[126.9026710999061,37.5213017995979],[126.9050222996794,37.5195896993262],[126.9054095011047,37.5204230997525],[126.907220400501,37.520846799917],[126.90738370041059,37.5224927992974],[126.9085351992591,37.522324199466],[126.9079357999281,37.5214581999158],[126.9089817003932,37.5224257998005],[126.9073837005749,37.5224928014582],[126.9059303020283,37.5239716999793],[126.90634080037539,37.5253069000934],[126.9056546002928,37.5257803004249],[126.9039408008696,37.5258074998291],[126.9036990017854,37.5276924994512],[126.9056241001641,37.527303599825906],[126.9067162006778,37.5284269996614],[126.9068620003824,37.5300278984636],[126.9081109991334,37.529378699112804],[126.9080627004132,37.5286130989612],[126.90830940047489,37.5318140998619],[126.90710490145409,37.5344465994319],[126.9082465003125,37.5346592992192],[126.9091451010287,37.5337148001305],[126.90633240354799,37.53662949795039],[126.9113656000405,37.5450819997438],[126.91262119951091,37.5453036994312],[126.91376889875329,37.5437545000771],[126.91737369692589,37.5426073923951],[126.9202001986171,37.5428455917633],[126.9257829008202,37.5381755945015],[126.9293404972626,37.5315863010908],[126.92666649897889,37.5309656005902],[126.9270007985272,37.5299795008059],[126.9258760999587,37.529170200051304],[126.9271068991859,37.5253748010711],[126.9254512001306,37.5242624019442],[126.9238442998719,37.5262212002957],[126.9226045001121,37.5243388015172],[126.9212389991991,37.5245157010946],[126.9201832002549,37.5257543998559],[126.9201997005861,37.5274447003675],[126.91955019956481,37.5270375015159],[126.9176852009328,37.5289440992283],[126.91918660058181,37.5304070003606],[126.91787609959191,37.5304919004213],[126.9162410000576,37.5293398003025],[126.9147376991261,37.5297141002771],[126.9146209995608,37.527577298500795],[126.9154905002496,37.5281161995339],[126.91770629901481,37.5258890998243],[126.91868430004739,37.5265373983124],[126.919983698748,37.5256310992187],[126.92025859926589,37.523044900342505],[126.9191717995933,37.5232787005112],[126.92003499821939,37.5213674003474],[126.9181190988665,37.5208549999458],[126.9188634984206,37.51899799913291],[126.9180985991855,37.5175423005886],[126.91728879999529,37.5173944007365],[126.91533000007969,37.5201256007147],[126.9137123991634,37.518899600691796],[126.9124286001381,37.5196074001854],[126.9120359002277,37.5187963007791],[126.9107845999678,37.519295601340296],[126.9104898988447,37.5176017995745],[126.9124130001583,37.5166547996595],[126.9130810994707,37.5174641992197],[126.9152627003299,37.5177845991248],[126.9164906996328,37.517305199601104],[126.9174092002327,37.515594399441596],[126.9174192003295,37.5173140998689],[126.9189584000621,37.5188810999593],[126.918610900442,37.5205024992166],[126.9262907971097,37.5172738991216],[126.9265336979496,37.5148348001982],[126.924269599528,37.514728500203994],[126.9249360993726,37.5144409999441],[126.9240509992676,37.5137766002808],[126.92493610031049,37.5144409990695],[126.9260523991942,37.513740199770304],[126.92484409960281,37.5110171993846],[126.9266164996407,37.5109960975263],[126.9259407004608,37.5109088010309],[126.9253822010193,37.5122537996859],[126.9262375003537,37.5136809990246],[126.9295099011698,37.5140636991421],[126.92913060213249,37.516966198034396],[126.9310701014741,37.5187224992231],[126.9302341994283,37.518194301466295],[126.92902100064151,37.5192603004003],[126.9286332010293,37.5207124989481],[126.9296988001785,37.523122098362805],[126.93167190003619,37.5239724993207],[126.9320040007185,37.52280609860539],[126.93414389928739,37.524149399101496],[126.934306199381,37.5224863995072],[126.9364237996912,37.5235497991672],[126.93726669884829,37.5228706998463],[126.9364897999159,37.5222304996775],[126.9379392002518,37.5218776997381],[126.9387237004618,37.52295930012669],[126.9379969002759,37.523659099961904],[126.93912900064859,37.5239298000853],[126.93835370142389,37.525663298351795],[126.9448078949697,37.533759790255296],[126.9479947009248,37.5345044990151],[126.9513012996289,37.532840299756394],[126.9518669000233,37.533857798791],[126.95468829991191,37.530929399689896],[126.95905860343501,37.5323973973414],[126.9640429989554,37.5313218987394],[126.963614699942,37.5272467011616],[126.9630731993618,37.5275254009586],[126.9602071993426,37.5247647995915],[126.9611530994528,37.5250305989997],[126.96168779954131,37.5236862995853],[126.9624482998221,37.5235951993578],[126.9659947987346,37.524311998495705],[126.9661891990683,37.5216304995377],[126.9691447997795,37.5199403991898],[126.969385499568,37.5183775987142],[126.9702078008125,37.5197692985853],[126.9717079002206,37.5191184001132],[126.9702078013854,37.5197693003452],[126.97060740098581,37.520964899149604],[126.9729699010334,37.5191999993757],[126.9745447009289,37.519707099295],[126.9750381019132,37.5209402993843],[126.97751100109241,37.5216668996124],[126.9775945003224,37.522384900471096],[126.97503810128211,37.520940301083996],[126.97442960038589,37.5225548999593],[126.973601700188,37.5226431006647],[126.9745599997913,37.522309999905296],[126.9744782997914,37.5211279009347],[126.97302450124519,37.5216151004475],[126.9727332010565,37.5237684995393],[126.9679798012762,37.5271948998531],[126.9687768008534,37.5287904990289],[126.97024600100221,37.5283307000279],[126.9702709009773,37.5291169992416],[126.97258570058369,37.530670199492306],[126.97344789982209,37.530839799326905],[126.97294520011499,37.5297870994109],[126.9752964990599,37.5283370994915],[126.97729010035451,37.52941059912],[126.9770238014972,37.531430900173994],[126.9792269001756,37.5341477987745],[126.9801473992551,37.533988698933605],[126.98028599980361,37.531567999446],[126.9813637005289,37.5325444997338],[126.9803537000813,37.532977400228],[126.9808562001909,37.5348856003174],[126.9790473004891,37.534836300673504],[126.9788137002583,37.5376207003196],[126.9781964994662,37.536970800923996],[126.9774900001579,37.5377355003742],[126.9750456002223,37.537161400656004],[126.9750161998452,37.5376608003238],[126.9742997002009,37.536743901048595],[126.97436920014229,37.5377882001794],[126.9738390003331,37.5376053005061],[126.9729330012391,37.539570898540504],[126.9743412002999,37.5416696001319],[126.9735553006348,37.5426112003339],[126.9733818003362,37.5452646995546],[126.97510770065209,37.5454798996495],[126.97550010025971,37.5466195985098],[126.9774005004058,37.5457836000547],[126.9757430001892,37.5477604005687],[126.9740786999767,37.547296000616],[126.9716408009631,37.5488825997753],[126.9731833003313,37.5503382994756],[126.9745250002077,37.550429899331895],[126.97475830055781,37.551910399204],[126.9761008002462,37.552581798953],[126.97690440057569,37.5517111996462],[126.9773728009843,37.5535564991175],[126.9788677004932,37.5537877995542],[126.9796015002227,37.5551609995075],[126.98096960067919,37.5551336996924],[126.9821739999137,37.556673999003],[126.98429760066851,37.5567116997492],[126.9840971014272,37.5578938987936],[126.9858725002395,37.5588140991825],[126.9865330004069,37.5580579998271],[126.9877709002393,37.5603254993635],[126.9886199999207,37.5590011997311],[126.9905341001936,37.5599955995472],[126.9931842001984,37.5584699993731],[126.9946375001425,37.560219599531905],[126.9962180000605,37.5595315998707],[126.99938110020109,37.5608305997032],[126.99860610088331,37.5610003001859],[126.9990281005152,37.5619443993578],[127.0018680995058,37.5630813994228],[127.0039577001922,37.5624712991474],[127.0042578998174,37.5611436996616],[127.00539329906789,37.5605109995817],[127.00487819979939,37.559038199767606],[127.0056763996937,37.5585932993961],[127.00684660067121,37.558807299589695],[127.0056564004312,37.559648600421],[127.0064751996124,37.5609367991328],[127.00720600014229,37.5603979994363],[127.00890680005091,37.5610066994386],[127.00987879938249,37.560709199913596],[127.0097168001087,37.5601442989355],[127.0126181993036,37.5606496994672],[127.013087900588,37.559051498688],[127.0147249003739,37.559599498493895],[127.0158112001856,37.563445599325505],[127.0180784994364,37.561197399531494],[127.0191940001079,37.5621561990694],[127.01961300030341,37.561270299494396],[127.0232051001868,37.5630444998668],[127.0236893003873,37.564199899314296],[127.0244353001159,37.563708999933205],[127.0253792001116,37.5649629995712],[127.0286477998444,37.562175599785206],[127.0289860005016,37.5626296993964],[127.03091499950739,37.5616206995549],[127.03119140026959,37.5623655992069],[127.0316311002635,37.561736599438305],[127.03343770039129,37.5626010996598],[127.0319417002116,37.565850699977496],[127.0308652008693,37.5658909005218],[127.0302523000266,37.567274500433],[127.02940840011469,37.5658173004314],[127.0281948997517,37.5664339007531],[127.025749400003,37.5656102004314],[127.0195507001375,37.5703959001326],[127.01500689996661,37.5663916004613],[127.0137458009808,37.5679340997274],[127.0153213004936,37.568022100151],[127.01373770041539,37.5680434012199],[127.01334040059811,37.569264701064],[127.0106095008459,37.5708846998097],[127.0122369999602,37.5720133000879],[127.0103297004177,37.5717372007772],[127.00789360008281,37.5727447002574],[127.0067462995033,37.571343900281505],[127.006606299663,37.56927290032],[127.0058293998423,37.5692543998279],[127.0066190990526,37.56885660022569],[127.005358700313,37.5683199007624],[127.0045384011333,37.5694757996065],[127.0050495012151,37.569789499931396],[127.003911101144,37.5704352999511],[127.00504400066269,37.571015600151405],[127.0039109999001,37.5719070006513],[127.0034844996136,37.570913600140095],[127.0019592011292,37.5714421996463],[127.0020377017386,37.5733186001552],[127.001508799846,37.5720422013989],[127.0000180003386,37.5723635003342],[126.99749539919891,37.5743097004408],[126.995842198897,37.572014700725],[126.9938401004853,37.572091700561],[126.9912928011011,37.5752462001536],[126.99090529967299,37.5777414007829],[126.989188800094,37.578754700491295],[126.9875149007966,37.5782733003763],[126.9876993004686,37.579876200279],[126.98675870003,37.5804540004367],[126.9850565000037,37.5806070003613],[126.9831816996223,37.5789289003267],[126.9819094996844,37.5790475001247],[126.9825405995271,37.5772843010101],[126.9806684997531,37.577642500067],[126.9804806999409,37.5770312006783],[126.979542699894,37.57783640032],[126.9794212996473,37.5769978007765],[126.9785707999868,37.5772033005524],[126.9776761998058,37.575760700736396],[126.975716800426,37.575072400727],[126.9741960009071,37.576440599691196],[126.975803501041,37.577472399546295],[126.9737656999733,37.578926900395196],[126.9738414995427,37.578260500426296],[126.9711099998825,37.5767508999991],[126.9711440997948,37.5759428007183],[126.9703556997706,37.576163300236495],[126.969424799587,37.5715456009876],[126.968452399924,37.5721026005889],[126.9646816001284,37.5710539001917],[126.9640422999001,37.5716458003241],[126.96225730024831,37.571291700916404],[126.9618466003316,37.572572801314806],[126.9596968998451,37.5730629011181],[126.95969039986839,37.5717443003403],[126.9579277993809,37.5700549001186],[126.958450699834,37.5689688004659],[126.9553364019334,37.568364301188],[126.95328940047911,37.5695471010153],[126.9541959989369,37.5688674995608],[126.9533527997801,37.5672080012203],[126.9523081008248,37.5668487015796],[126.94931050166879,37.5691423018255],[126.9473293006216,37.5688017008661],[126.94594550018269,37.569715000303],[126.9428669017346,37.567192502178195],[126.9409665026868,37.5685681017051],[126.94207180158149,37.570581699691495],[126.94066690006339,37.5711282005827],[126.9396152997886,37.570646299909],[126.9405642992551,37.5704202994497],[126.9402875995318,37.5692176006524],[126.9360905000064,37.566987801207],[126.9340964005318,37.5680882003577],[126.9331348995111,37.5698226004309],[126.9306918994845,37.568924701044196],[126.92966720014749,37.5696795007207],[126.9286390997685,37.5691253010827],[126.9274506003482,37.5713328001816],[126.92571960047489,37.5711427007446],[126.9244853017092,37.572528299359],[126.9252487009458,37.5732715986157],[126.9266018003879,37.572461300268],[126.9252487014234,37.5732715995644],[126.9266961004231,37.5742917002888],[126.925139600406,37.5756219006658],[126.92425160066081,37.5748784009236],[126.9229664003205,37.575902400576794],[126.9209199001177,37.5761370003966],[126.92099829968919,37.5755068004536],[126.9165043980799,37.5751698000906],[126.9147260998557,37.5724192021442],[126.90740840321749,37.5756043999828],[126.9089883016376,37.5771569984302],[126.91145950084041,37.576804299561296],[126.90977670107519,37.5789056993818],[126.9113898006781,37.5789658000393],[126.9114404002001,37.5837305988664],[126.91201049969379,37.5826351996245],[126.91277770082681,37.5827867001304],[126.9115418012227,37.5856674000647],[126.9122657994718,37.5867548002862],[126.9098585005759,37.5865314005318],[126.9093570000736,37.585718400796594],[126.9074045000107,37.5863123004779],[126.9055644995813,37.5848882006264],[126.9031128006005,37.584603300203796],[126.90027729988999,37.58604850049419],[126.8994079002163,37.5853676007862],[126.8989051993295,37.58589420106],[126.89760549916839,37.5840072012283],[126.8957134010605,37.5843186009169],[126.89515750025839,37.585749502267696],[126.8921705995833,37.5839008018254],[126.89065429966669,37.5843495002458],[126.8919540985043,37.5834655004155],[126.8902377002207,37.582181201699804],[126.8881686995602,37.5831206024892],[126.8878745990058,37.5798243006005]]],[[[126.8900334989129,37.5055354004524],[126.8911804005563,37.5049953993218],[126.89065750118651,37.5058630998851],[126.8922365996074,37.5066923990558],[126.8927522010779,37.505795999162],[126.8930502009054,37.5070852004102],[126.891261499498,37.5085290000394],[126.8901955986142,37.5077287994753],[126.8900334989129,37.5055354004524]]],[[[126.891995999379,37.508904799941305],[126.8919960014405,37.50890479916411],[126.89199600033251,37.5089048007679],[126.891995999379,37.508904799941305]]],[[[126.8921054986582,37.49696199929841],[126.8932270000722,37.4972273992912],[126.8944369001819,37.4956404994439],[126.8939800014453,37.4972731994677],[126.8948300015988,37.498380000059],[126.8923642986791,37.499124200721496],[126.8927049989543,37.4972748002457],[126.8921054986582,37.49696199929841]]],[[[126.90767459961661,37.5139767996464],[126.9079671993359,37.51266379974],[126.9096770998805,37.512078099307196],[126.9098527006164,37.5141801999811],[126.9084875998681,37.5146486009657],[126.90767459961661,37.5139767996464]]],[[[126.90878119900471,37.4855565003529],[126.90890879989391,37.4852886995553],[126.9087812010664,37.485556500666505],[126.90878119900471,37.4855565003529]]],[[[126.9091113996729,37.5312461004299],[126.9091114005997,37.5312460991006],[126.9091114010819,37.531246099608],[126.9091113996729,37.5312461004299]]],[[[126.911477999268,37.5921279005227],[126.9123388998449,37.5902985996333],[126.9133168001585,37.5900064993284],[126.9137492005532,37.5904670999413],[126.91284640107311,37.5912191999703],[126.9147764003333,37.5923281003652],[126.9145138004417,37.5932880004343],[126.9132289001234,37.5933772004089],[126.911477999268,37.5921279005227]]],[[[126.9154785998583,37.598189700050796],[126.9156938007265,37.5984802999875],[126.91562740005881,37.5988240002351],[126.9154785998583,37.598189700050796]]],[[[126.9188019994513,37.516974499960604],[126.9225435012541,37.5154743994581],[126.91962960074119,37.517015200682806],[126.9188019994513,37.516974499960604]]],[[[126.9240750992396,37.509144898448604],[126.9243062009584,37.5097106990774],[126.924306200114,37.5097107006294],[126.9240750992396,37.509144898448604]]],[[[126.9348801980956,37.5131473001104],[126.93575630051389,37.511778999104095],[126.9376523990587,37.5124467995684],[126.9371762990939,37.5114694994136],[126.9401360000276,37.5091908991952],[126.9427929993942,37.509918899592606],[126.9446974999099,37.5084445979483],[126.9467269006295,37.5086624994641],[126.94823200004531,37.5118399987311],[126.95079090066311,37.5127178998064],[126.9496697000637,37.5139686013465],[126.94717480042709,37.5134810012366],[126.9440776003836,37.5152960011019],[126.94340889975139,37.5131289005404],[126.9426760001494,37.513797100180795],[126.9392270009524,37.5137152002702],[126.93913020035829,37.5144439002129],[126.9383625999079,37.513099600264795],[126.9376676000766,37.5130788002582],[126.9373216005244,37.514139100150004],[126.9348801980956,37.5131473001104]]],[[[126.9351321996018,37.5618588000138],[126.9352901000984,37.562117900125095],[126.9351977995295,37.5621651002492],[126.9351321996018,37.5618588000138]]],[[[126.9364287999387,37.5616077999214],[126.9364288001296,37.5616078001561],[126.9364288000135,37.561607800206595],[126.9364287999387,37.5616077999214]]],[[[126.9365399999104,37.5619297999108],[126.93654000011189,37.561929800038],[126.93653999999559,37.5619298001047],[126.9365399999104,37.5619297999108]]],[[[126.93809159965261,37.513465199871796],[126.93809160005921,37.5134651999806],[126.9380915997544,37.5134652008239],[126.93809159965261,37.513465199871796]]],[[[126.9398423998435,37.5146865000027],[126.9398424001627,37.5146865000014],[126.9398424000863,37.5146865001796],[126.9398423998435,37.5146865000027]]],[[[126.9398923998217,37.5237858998683],[126.939971500569,37.5238319995758],[126.9399714998061,37.5238320001831],[126.9398923998217,37.5237858998683]]],[[[126.95012769971909,37.582706799921795],[126.9501277003384,37.5827067995752],[126.95012769975439,37.582706800415195],[126.95012769971909,37.582706799921795]]],[[[126.95673789918719,37.5753604000437],[126.9579967003498,37.5743408993789],[126.959566300228,37.574750699731105],[126.95673789918719,37.5753604000437]]],[[[126.9634335997263,37.572319500041296],[126.96345119969969,37.572197799699],[126.9634512002869,37.572197799639],[126.9634335997263,37.572319500041296]]],[[[126.9636926996788,37.573022700100104],[126.9646397003098,37.5723084994438],[126.9653861007182,37.572862799546805],[126.9636926996788,37.573022700100104]]],[[[126.9767721989697,37.503155999556995],[126.97751489956501,37.5025998987964],[126.9779458006612,37.503288399942406],[126.9767721989697,37.503155999556995]]],[[[126.9768291999039,37.5758687000016],[126.9768292000978,37.5758686999975],[126.9768292000062,37.5758687001075],[126.9768291999039,37.5758687000016]]],[[[126.978215699475,37.5294613998325],[126.9782157002698,37.5294613993969],[126.9782156999844,37.5294614006596],[126.978215699475,37.5294613998325]]],[[[126.9806456989171,37.502727699981904],[126.9806456997883,37.5027276994918],[126.9806457001254,37.502727700205604],[126.9806456989171,37.502727699981904]]],[[[126.9845920997923,37.535006600133],[126.9864517992711,37.534878599238496],[126.9892954998227,37.5328104992717],[126.98889990066621,37.533362799607296],[126.99036609953511,37.5335181992315],[126.9910489991724,37.5320832004207],[126.98992579900009,37.5318174996329],[126.990510799715,37.5318991988646],[126.9914558004426,37.528729199347],[126.99138310230849,37.530548298941596],[126.9931422005494,37.5316684978214],[126.9948328002982,37.5303208995672],[126.9953932003391,37.531218399052904],[126.9968878988444,37.530242100029206],[126.99468039922519,37.5297115998923],[126.9951654994092,37.529474998838495],[126.99688790115,37.5302420989442],[126.997048900989,37.531931497254796],[126.9995767015185,37.5344178987281],[127.0006285004667,37.5341142990317],[127.0017437008947,37.5368012981755],[127.0040160998971,37.53755489756951],[127.0050873008088,37.5366566986594],[127.00315490096389,37.5383949998378],[127.0039264001297,37.538819500659805],[127.0026829012736,37.539409500053196],[127.0040787006644,37.5413544996632],[127.00270310075331,37.5435924006974],[127.0015889988929,37.5436846005624],[127.0006139986764,37.538261500958995],[126.9988142004762,37.5379676012529],[126.9953868996955,37.539403100330205],[126.9940794998428,37.5369486013503],[126.991099000424,37.5381699003638],[126.9906829001243,37.5398270011253],[126.9895800996843,37.5380014011957],[126.98725620025911,37.5373843001574],[126.9872005002662,37.5390246992677],[126.9885825999352,37.5388000993281],[126.9886394003898,37.5400620996252],[126.989610200516,37.5404292992522],[126.9872670008951,37.541690300587696],[126.98641380000619,37.5412955004646],[126.9869864993195,37.5410889999692],[126.9864825996928,37.539199999988],[126.98713309933589,37.5357269998214],[126.98683649963249,37.5348408007076],[126.9845920997923,37.535006600133]]],[[[126.9857737995015,37.5199268000379],[126.9908769004091,37.5204123990063],[126.9927000000967,37.5192799995274],[126.9945409007351,37.5202000004896],[126.9932864997009,37.5209882013574],[126.99255339974661,37.520098500380904],[126.9908769002844,37.5204124004594],[126.9909044996075,37.5235023005175],[126.9903145996893,37.520428000648],[126.9857737995015,37.5199268000379]]],[[[126.9873862996884,37.5588985997816],[126.9873863011544,37.5588985998337],[126.9873863002699,37.5588986004886],[126.9873862996884,37.5588985997816]]],[[[126.9892608996154,37.5392437001884],[126.9892609000595,37.5392436999885],[126.9893443001491,37.53930660016481],[126.9892608996154,37.5392437001884]]],[[[126.98951539991201,37.5399045998138],[126.98951540053571,37.5399045997525],[126.98951539999081,37.5399046000527],[126.98951539991201,37.5399045998138]]],[[[126.9901053999457,37.5396442000129],[126.990105399957,37.539644199925995],[126.990105400061,37.539644199961295],[126.9901053999457,37.5396442000129]]],[[[126.9951886996552,37.5594861001953],[126.9951886997334,37.55948609959],[126.9951887002262,37.5594861001034],[126.9951886996552,37.5594861001953]]],[[[127.00192009882781,37.5824838001556],[127.00193659885869,37.5823409999468],[127.00193660053539,37.582340999424],[127.00192009882781,37.5824838001556]]],[[[127.0029730995931,37.5475446001394],[127.0042211000232,37.547101599551496],[127.0053244999072,37.5483018989759],[127.007071000128,37.5467304998786],[127.0089175010955,37.5485192995268],[127.0073886004783,37.5477714004126],[127.0084561000583,37.5505951007891],[127.0058777999644,37.5502041005519],[127.0045569000844,37.547554100633896],[127.0029730995931,37.5475446001394]]],[[[127.008611999417,37.5551310998033],[127.0092538997102,37.5526064995172],[127.0122537009709,37.5528235005938],[127.0112374001925,37.555888200346196],[127.008611999417,37.5551310998033]]],[[[127.0111852995219,37.530612299364904],[127.0111853015295,37.5306123007107],[127.01118529990899,37.5306123004547],[127.0111852995219,37.530612299364904]]],[[[127.0197516994788,37.5544846002059],[127.0200002008841,37.554382199533],[127.019999000011,37.554798500431495],[127.0197516994788,37.5544846002059]]],[[[127.0291470989148,37.5571930004363],[127.0298319004429,37.557376499240895],[127.02997650044651,37.5575804004638],[127.0291470989148,37.5571930004363]]],[[[127.0291679993568,37.566991399825696],[127.0292332000454,37.5670548004304],[127.0291843999444,37.5670633000097],[127.0291679993568,37.566991399825696]]],[[[127.0347757996479,37.5617541002284],[127.03514540037,37.560721299421296],[127.0367606998832,37.5601236994538],[127.0379668996591,37.5609283993808],[127.0386963006163,37.5592421994581],[127.0375145008619,37.5629810006943],[127.0359795999106,37.5621457006948],[127.0361378994991,37.5615557999956],[127.0347757996479,37.5617541002284]]],[[[127.0386615997249,37.5627184999972],[127.0388339000861,37.562672599952],[127.03877440006609,37.562942200186],[127.0386615997249,37.5627184999972]]],[[[127.0437531997396,37.5539290999032],[127.0437701001803,37.553846399871595],[127.0437532000156,37.553929100888],[127.0437531997396,37.5539290999032]]],[[[127.0441930997323,37.5539490999211],[127.044193099906,37.553949099494],[127.0441931000797,37.5539491000433],[127.0441930997323,37.5539490999211]]],[[[127.0451333989657,37.5538971995459],[127.045133399886,37.553897198193205],[127.04513339994979,37.553897200356005],[127.0451333989657,37.5538971995459]]]]}},{"type":"Feature","properties":{"interval":60,"stationId":"4704699992"},"geometry":{"type":"MultiPolygon","coordinates":[[[[126.52208089713031,37.511178198857],[126.52430629979001,37.5125944991977],[126.52496500019849,37.512194199775905],[126.5243062990102,37.512594500215],[126.52208089713031,37.511178198857]]],[[[126.61801049744089,37.5537751003403],[126.6183017020861,37.5538456995699],[126.61822430042959,37.5540481007925],[126.61801049744089,37.5537751003403]]],[[[126.6264518991812,37.5562263003736],[126.626451900483,37.5562262989615],[126.6264519009984,37.5562263030048],[126.6264518991812,37.5562263003736]]],[[[126.6324117945231,37.5577763974114],[126.6324118001489,37.5577763935725],[126.6324118031027,37.557776400332],[126.6324117945231,37.5577763974114]]],[[[126.6429955974815,37.595160499215396],[126.6429956002855,37.595160500643196],[126.6429955987258,37.5951605017202],[126.6429955974815,37.595160499215396]]],[[[126.6435252997314,37.6406594001407],[126.643568500505,37.6405199994535],[126.6435253008348,37.640659400160295],[126.6435252997314,37.6406594001407]]],[[[126.6533989991292,37.4669767999968],[126.6533990009051,37.4669767992469],[126.6533990001888,37.4669768008266],[126.6533989991292,37.4669767999968]]],[[[126.6555581980296,37.4669847008187],[126.6579475003611,37.466979899322496],[126.65781750114999,37.467871100113],[126.65631709987579,37.4678324011275],[126.6555581980296,37.4669847008187]]],[[[126.65614339924221,37.6015159008732],[126.65673750036771,37.6024550986288],[126.6582046996299,37.60227179970639],[126.6588124007028,37.6011035993498],[126.65881500065801,37.603251700017104],[126.6573799994942,37.6033060013945],[126.65614339924221,37.6015159008732]]],[[[126.6606913981185,37.568387900426394],[126.6606914002529,37.5683878991646],[126.6606913994528,37.5683879015181],[126.6606913981185,37.568387900426394]]],[[[126.6630837978605,37.568580498972004],[126.6630838000778,37.56858050021631],[126.66308379811609,37.5685805004208],[126.6630837978605,37.568580498972004]]],[[[126.6631364978078,37.566363101189395],[126.663136500385,37.566363098287795],[126.6631365000721,37.5663631011496],[126.6631364978078,37.566363101189395]]],[[[126.6637764993128,37.5697799999353],[126.6645287994342,37.5676147998764],[126.6662357018094,37.569307799969096],[126.6646168018799,37.571153802100696],[126.6637764993128,37.5697799999353]]],[[[126.66474499779,37.598092200034806],[126.6659761007451,37.5992292002902],[126.6652920000184,37.6001184000592],[126.66474499779,37.598092200034806]]],[[[126.6660095996736,37.5958133000287],[126.6661834002816,37.595517899765],[126.66600960023919,37.595813299996905],[126.6660095996736,37.5958133000287]]],[[[126.66648779924999,37.645348499108394],[126.66827289991501,37.643059899376794],[126.66991570106491,37.6443893989615],[126.67188310107801,37.6437976995844],[126.6710759997363,37.6464616004762],[126.66648779924999,37.645348499108394]]],[[[126.6670236994256,37.6417597001713],[126.6670931010587,37.6417212994237],[126.6670236997497,37.641759700989205],[126.6670236994256,37.6417597001713]]],[[[126.6670403993276,37.597745499942704],[126.6676456991204,37.597246899879],[126.6670445997213,37.594447099997495],[126.6702696985114,37.5932509984028],[126.6702759985051,37.592193699460104],[126.6721422981908,37.5918360990711],[126.6718794991694,37.588864299245294],[126.67277529827359,37.5879914001182],[126.671365197849,37.5873212985873],[126.6718588973553,37.5845683013403],[126.6695616988521,37.583993193404304],[126.6718588008272,37.5843960965707],[126.673181999504,37.583654597312204],[126.6736313990546,37.581505999460795],[126.674314899845,37.583780997728304],[126.67551019940761,37.581357598279496],[126.6753080999786,37.5796021987918],[126.6786451030566,37.5819602952091],[126.6793771010514,37.5839243005611],[126.6783741020544,37.5866622978231],[126.68062430229051,37.5875645007933],[126.6777712009089,37.5865509016437],[126.67632250235759,37.587607000587596],[126.6774417009445,37.589291100213096],[126.676199899908,37.5878845023162],[126.6734027027052,37.590277899922796],[126.67426210184581,37.5923688978318],[126.6768327021137,37.5923014984373],[126.6773335019592,37.5937186987183],[126.6772878013457,37.5947295002988],[126.6767045003091,37.5936900017951],[126.675194200746,37.5967653020005],[126.67241199958879,37.5955614007142],[126.6707293000568,37.5960770004085],[126.66965660009879,37.595159800344796],[126.66933240037051,37.597870000425104],[126.66745990013109,37.5992637003538],[126.6670403993276,37.597745499942704]]],[[[126.66963359490019,37.5683908971685],[126.6714994003349,37.5639112979229],[126.67229419954009,37.5638949979392],[126.673214099962,37.5618153986376],[126.6752802003982,37.5613753982553],[126.6770509002796,37.561763199397305],[126.6785526032566,37.563826597847],[126.6832191006208,37.5650420987736],[126.6841352012905,37.5677825985802],[126.6854380026803,37.568091201398595],[126.6836529022756,37.5693954008605],[126.6812700019557,37.5691271010265],[126.67952690126509,37.5704610015834],[126.67665190010909,37.570715401371295],[126.6747933986067,37.5684268013683],[126.66963359490019,37.5683908971685]]],[[[126.6740210993799,37.466097299729505],[126.6757133002566,37.466634398627995],[126.67707259941331,37.4656319994358],[126.6771848009856,37.4665279987886],[126.6792082996095,37.4655041991592],[126.6836011008253,37.4649062989725],[126.6836918017936,37.465453699238594],[126.68325330050381,37.466605900715095],[126.6812871999067,37.4668079007001],[126.6808983002956,37.468108799399204],[126.681570500484,37.468044800122804],[126.6798794001557,37.4694379008799],[126.6774834992052,37.4684577005101],[126.6771847985523,37.466528000382695],[126.6740210993799,37.466097299729505]]],[[[126.67528279801661,37.5438930999413],[126.67528280065861,37.543893099501496],[126.6752828008089,37.543893100335396],[126.67528279801661,37.5438930999413]]],[[[126.6762752996807,37.544550700007505],[126.6776462014347,37.5437561995661],[126.6768881008625,37.545041000611995],[126.6762752996807,37.544550700007505]]],[[[126.6762833993111,37.5507383992984],[126.6778372022858,37.5505153996896],[126.677188405066,37.553590402411395],[126.6762833993111,37.5507383992984]]],[[[126.6764255981525,37.572762601242296],[126.6765757002345,37.5727611995146],[126.6765756991838,37.572761202124205],[126.6764255981525,37.572762601242296]]],[[[126.6775817993886,37.559418199827405],[126.67803309932589,37.5592985999466],[126.6784216007592,37.559130699457896],[126.6780330996868,37.5592986018564],[126.6775817993886,37.559418199827405]]],[[[126.6796879980027,37.652429398351],[126.6857136997494,37.650019299226194],[126.6877827009821,37.6517078996768],[126.688087900943,37.6529456991114],[126.6872099995036,37.651997401729],[126.68543500127859,37.6518037019227],[126.6838597019716,37.653080201189596],[126.6836110019183,37.6560238986661],[126.68607970158699,37.6558991012815],[126.6811547995102,37.6555986014207],[126.68035520019649,37.6568209012066],[126.68115479834731,37.6555985999784],[126.6798378982099,37.6551378988798],[126.6811547989472,37.655598599291196],[126.6838117962902,37.6537551011347],[126.6825407975612,37.6516290032608],[126.6796879980027,37.652429398351]]],[[[126.68115069927781,37.584569199916196],[126.6811989990597,37.5842764987798],[126.68119900120841,37.5842765006739],[126.68115069927781,37.584569199916196]]],[[[126.6961765993458,37.4704597007357],[126.6970850996275,37.4707575994689],[126.69778509892751,37.4698686003579],[126.6968997996828,37.468917499569706],[126.6985758995705,37.466178399372],[126.7009538999481,37.466052399294306],[126.7019066992936,37.4670543984775],[126.70265789854241,37.465571899960004],[126.7043719997707,37.4661050992745],[126.7047107992349,37.464863298342195],[126.708043099374,37.4642695990935],[126.7082460000754,37.463395699153],[126.7089008016239,37.4647031000756],[126.711902900634,37.465645999944],[126.71062240017321,37.4690530002224],[126.7098982002031,37.4681229011649],[126.70937880072249,37.4690857002021],[126.7101639006501,37.4702611996708],[126.7082810011044,37.470584500243],[126.7087190016195,37.47223260021],[126.707679700872,37.473111700533096],[126.707758700793,37.4741078995369],[126.7081762006322,37.4747921991118],[126.711109600356,37.4735014984408],[126.7099142009066,37.4740917997786],[126.71151419993579,37.4754989980989],[126.71510090209999,37.4755600970645],[126.7119019040875,37.4773949011286],[126.7113172046722,37.478831899691606],[126.7137173022721,37.481871996651506],[126.71654080030271,37.4812101998216],[126.7157678015177,37.483315798146],[126.7164262017184,37.4844915974454],[126.7172059009387,37.4848565970804],[126.7222093007136,37.48282399786],[126.722352101271,37.484999298262295],[126.7238754997476,37.4851928980687],[126.7245066991164,37.4845177987438],[126.7261765005499,37.4854961998491],[126.72564820027219,37.4868967996253],[126.7275665987998,37.486347700124604],[126.7274856997074,37.4856578992298],[126.7286563991134,37.4866827989383],[126.72878760057921,37.4848359995282],[126.72969430018851,37.4859232992379],[126.7304547998893,37.4852113994763],[126.7331287997533,37.4873692990859],[126.7345805989451,37.486974499432705],[126.7355450994848,37.483683299984804],[126.73691769888791,37.4824307979648],[126.73926570229871,37.4827294990359],[126.74158130325911,37.4819269997573],[126.7434002015526,37.483721998956604],[126.74723610062719,37.4845832000169],[126.74610490170811,37.485896500468805],[126.7465306004413,37.4873530004785],[126.7451614013789,37.487946000764],[126.74410420205409,37.4907021996406],[126.7465087996495,37.4916293987134],[126.74793479859879,37.4897961003914],[126.7467396998006,37.4889198997901],[126.7476326010164,37.4883577989969],[126.7493532993405,37.4887879987097],[126.7491803999175,37.4876974994621],[126.74969880061,37.4887659985869],[126.7548266000235,37.4878090983126],[126.7581237986173,37.4887552983582],[126.7589995977415,37.486970200143304],[126.7579617987793,37.4859293011842],[126.7562858000728,37.4865674012021],[126.7556740991232,37.486070899542405],[126.7580801988363,37.4833038006671],[126.7563222988306,37.4830280999745],[126.75737679956241,37.4831934981191],[126.7613275984582,37.4793754972451],[126.7639054002736,37.4784793987974],[126.76588099962409,37.4794133984387],[126.7667091005322,37.4785237980964],[126.76787990087179,37.4796404989858],[126.7666459007642,37.480973599265596],[126.7682867995194,37.4823762977332],[126.7686412991649,37.4802167998927],[126.7705637995613,37.4795476991568],[126.7742561996396,37.4744706979722],[126.7759030994759,37.4751816979791],[126.77745759792141,37.473822999337806],[126.77748390245469,37.472627699891895],[126.77745760248101,37.473822998696605],[126.7793121006265,37.475916896602705],[126.78050729943129,37.475544596975],[126.7828455003627,37.4741549980833],[126.7841508990573,37.4724106998276],[126.7829683969595,37.471428600094406],[126.7841688993208,37.4706835973194],[126.7841509003976,37.4724106981325],[126.7860382020977,37.475328197766],[126.7892321002155,37.4769135962659],[126.79163009952691,37.4725208995435],[126.79402209946211,37.4733556997052],[126.7943604986441,37.4714203000068],[126.79559089934479,37.4714141994559],[126.79568669867031,37.4696688000147],[126.7978205976746,37.4676485953817],[126.7980099017698,37.4688915988852],[126.7998719006222,37.4684557002447],[126.7983474999734,37.4704011010115],[126.7975416999948,37.470077100759895],[126.7962811012509,37.471410699991],[126.7983310004295,37.472513298905504],[126.7991157002937,37.4742646995402],[126.8001550992543,37.4740627997421],[126.7997851000083,37.4733854993317],[126.8007336007287,37.4755731991397],[126.8033622003082,37.475197799899995],[126.80325540032099,37.477244299230705],[126.80490410009911,37.476112799649],[126.8065809988149,37.4774634986183],[126.8075945984192,37.4755931991714],[126.80982329871651,37.4757774989803],[126.8118075992191,37.4741968995201],[126.8131792007993,37.4762814975631],[126.8159043998226,37.475575598385],[126.8161914995355,37.474284099676495],[126.8163470005831,37.4752381990037],[126.8197441017293,37.4751584999727],[126.8185930008252,37.4766070002334],[126.8204541007245,37.478037799172],[126.8215375004695,37.4775991999006],[126.82064710101841,37.4784604994804],[126.82164900001649,37.479118898822],[126.82321759878941,37.477470700029095],[126.8215007999726,37.4763648987663],[126.8242338013473,37.477812800187905],[126.8229622020781,37.4790742993543],[126.8233070022176,37.4806824998321],[126.82511900066,37.4812411997051],[126.82410850021489,37.482308699764],[126.825007400421,37.4834307993542],[126.826935099936,37.4848233993058],[126.8296689008428,37.4852683996893],[126.8311459997262,37.4875351974595],[126.8332433993655,37.488281896268],[126.83654349848081,37.4852327987414],[126.8370323979919,37.4837426002316],[126.83578709923721,37.482323201651006],[126.83337889793209,37.482639797233205],[126.8358860958594,37.4821045974364],[126.8415690998833,37.4764475998144],[126.84226110057661,37.4765625000717],[126.8424823000724,37.477055600265],[126.8417270007251,37.4770052000754],[126.8428842996718,37.4792992982661],[126.8453449972111,37.4778115997538],[126.8458181970195,37.476539200095],[126.8449051970217,37.474417798859996],[126.8463404991941,37.4729428996648],[126.8478899997918,37.4678899994658],[126.8489996993406,37.4686976989321],[126.84979799914741,37.4678950992384],[126.85208559958609,37.4680402990841],[126.8522503997636,37.4671226988392],[126.85263350057599,37.4681847997304],[126.854134000735,37.468343099715],[126.8557462001061,37.4708240993796],[126.8603933984578,37.469276999131196],[126.8590118995211,37.4677444997628],[126.85978199977,37.4667478996478],[126.8626293973434,37.4680324984578],[126.86311909665551,37.4650430004772],[126.8630224011226,37.466340199586995],[126.86421490026,37.4671958987015],[126.8669836997914,37.4653905991467],[126.8681629993489,37.4657019993216],[126.8715030997667,37.4629962989527],[126.8725995007816,37.4648823005686],[126.8726420007391,37.467248598202296],[126.8750062002301,37.465684599522106],[126.874992300779,37.466717599366],[126.8771438995252,37.4671058987659],[126.8770977991697,37.465662598967704],[126.8759603996151,37.464295299141],[126.8763917989364,37.462414500243604],[126.87518179910089,37.4625662995498],[126.8748367994793,37.4614179000648],[126.8751818000619,37.4625662989601],[126.8765956991894,37.461353299864896],[126.87562179962191,37.4608991006273],[126.8762279992615,37.459885598529],[126.87705530051,37.4617029991051],[126.8782528993124,37.461208999599094],[126.8778870994743,37.4603481999149],[126.8792437994358,37.4590668996897],[126.8794856999103,37.459760599126504],[126.8811249986295,37.4598046986589],[126.8816729997288,37.458985498999894],[126.8837709993373,37.4588658994981],[126.8826005988012,37.458101399883994],[126.88195549962481,37.4544011013839],[126.8812307997657,37.4545397003356],[126.8821334993261,37.451477499436],[126.8849368989242,37.451407199616895],[126.8845891992759,37.450009400850796],[126.8836839978031,37.4500009996219],[126.883661799436,37.448492399629096],[126.88530679993019,37.449839899199404],[126.88609480018509,37.4482203993865],[126.8871701995136,37.449675498930496],[126.8879882986955,37.449082499523506],[126.8882169984409,37.4473527995782],[126.8895774998766,37.4479637992867],[126.8900377994163,37.447083400167095],[126.8894081990114,37.446716798271495],[126.89093920026211,37.446961699064104],[126.89079460022491,37.447789099929004],[126.89256279916819,37.449122797604495],[126.89342519830579,37.4488524978748],[126.8937942981224,37.446299400092],[126.8926740002325,37.4458362980884],[126.8949944005741,37.4468049997215],[126.89465680053611,37.4484228988956],[126.8964245987683,37.448650198668304],[126.8966340966267,37.4458347976891],[126.89863839921169,37.444671898391206],[126.8992933004178,37.4448661000512],[126.89661580139861,37.4459802021698],[126.8964246015898,37.4486501994998],[126.8975258003084,37.450073098683696],[126.8996286997035,37.4496044999878],[126.8997083000322,37.448026199766204],[126.901120900315,37.4499333990029],[126.9021164994793,37.4491777996586],[126.9016675999128,37.448332299465996],[126.90309260007669,37.4484987997998],[126.9053511001579,37.4513646995324],[126.9058945999858,37.4508227997786],[126.9068025001804,37.451910099481296],[126.9075746004701,37.451577799797704],[126.9068350006335,37.4522955002032],[126.9076365002201,37.4535135995693],[126.9082806005186,37.4533630998789],[126.9071105011154,37.454673400485596],[126.90797480052241,37.4564962005122],[126.9058480006242,37.458890000567294],[126.9051171005953,37.461568699428604],[126.9070411011244,37.4626023992209],[126.9067259009236,37.4639307986371],[126.908714101078,37.4671326986172],[126.906584501268,37.469097900795],[126.9065069016506,37.471473599275804],[126.9083210998364,37.4726775980718],[126.90919439896311,37.4710056997437],[126.90979780103531,37.4720332999595],[126.911096099737,37.4722505997422],[126.9111435989781,37.469615699087],[126.91316659987929,37.469055099750996],[126.9146419011987,37.4693617001658],[126.91386270197789,37.470979498548],[126.9143359015047,37.471621497906],[126.9180495993296,37.4693103980746],[126.9179821003853,37.4703283988417],[126.9190480993193,37.470613898556195],[126.9200187983486,37.469910999259106],[126.920275099248,37.4682211993085],[126.92109959963561,37.4692127991889],[126.92235909893479,37.4685029999711],[126.921774099742,37.4673222994617],[126.9241393995683,37.467079899752605],[126.92396459816311,37.46323869787],[126.9267464012206,37.464843796263395],[126.93167779628921,37.4633338977733],[126.9301047978622,37.4607651003421],[126.92987770242111,37.458694799172605],[126.9312707010281,37.4601415977258],[126.93347799882079,37.4603340975333],[126.9341783017147,37.459500198695004],[126.9339325031703,37.461162998438596],[126.9357294013734,37.4629919966096],[126.938737599835,37.460046597924],[126.93995920081801,37.4621850974678],[126.9416955997925,37.4604852987937],[126.9399592023575,37.462185099470396],[126.94208220168551,37.462802500684205],[126.9413620024057,37.4642438992428],[126.9423221014512,37.4673107986532],[126.94600539996661,37.468423198438096],[126.9482827981887,37.4657950004637],[126.94635090012059,37.4647474015113],[126.94476159901171,37.4662461997178],[126.9463508977094,37.46474739896],[126.9463680976922,37.462461001246396],[126.94490659939899,37.461396299752295],[126.9455057017462,37.4619220975028],[126.94769199955991,37.460200899224],[126.94906090055741,37.460608399863695],[126.9493071008277,37.4617322991509],[126.9502461000453,37.4609717998053],[126.9535793002206,37.464672399567796],[126.9518289018132,37.4673101998613],[126.9537161999259,37.4703373968341],[126.9578834957586,37.4685551986163],[126.957877400415,37.463584699802695],[126.9583428001597,37.4646352998924],[126.9600237005717,37.4653376995765],[126.9588783011796,37.4663733992968],[126.9600976007627,37.4682039999645],[126.95371620421301,37.4703374008129],[126.9562774016518,37.4741764969738],[126.9585636995612,37.471955998838396],[126.96096799907559,37.4733340977805],[126.96207339824869,37.472514798523996],[126.9626974976246,37.4696182014206],[126.9611891996068,37.4681196986672],[126.96306769772829,37.4674141993727],[126.9622083996767,37.4644811998554],[126.96421030053901,37.4636722942827],[126.9647360038977,37.465653696674394],[126.970151500395,37.4658745972067],[126.9716618993204,37.4636335990281],[126.97436260043851,37.4622457964732],[126.9760631022544,37.4642565959742],[126.9800453004451,37.4667566980645],[126.97891290144119,37.466915702044],[126.97829110206301,37.4690709998887],[126.9806033997507,37.4710080979516],[126.9829779973761,37.469993498966204],[126.98522290055689,37.4668220980451],[126.9863224999335,37.4679953995277],[126.98809969983341,37.4673458988961],[126.9884371995754,37.464687501236895],[126.9874359989174,37.4609114995024],[126.9886868988555,37.459392799438305],[126.9878057997366,37.458721900109204],[126.9922611956211,37.4535594021874],[126.9890020925601,37.4490224002423],[126.9903535951192,37.4442587997392],[126.9914109993994,37.4451236984709],[126.99453269653729,37.4435197992051],[126.9928626992568,37.440329800101104],[126.9935683985511,37.4377943026366],[126.9908589973054,37.435183002868904],[126.9885764995879,37.4358206022313],[126.9854058978751,37.433709301471396],[126.9844866991819,37.4257087001156],[126.98358000008861,37.424710301114004],[126.98248179818741,37.4247577010311],[126.9835799987611,37.4247102995239],[126.983129998995,37.423368696862],[126.9845770975479,37.4229187973119],[126.9856117974412,37.4203730969758],[126.9876140984551,37.4182670996525],[126.9893460006337,37.4183659990517],[126.9901495006681,37.4187146001861],[126.9895282002157,37.419832399811995],[126.9910263003064,37.4194275996184],[126.99302089992311,37.420943899483994],[126.9948068999102,37.420344899032706],[126.9951459007429,37.4225922990342],[126.9961643003858,37.4235902988028],[126.9993190010512,37.423182999424604],[126.99970330081389,37.425426699603804],[127.0008698996473,37.4263129987175],[127.0058667003398,37.4264064994753],[127.0078831983233,37.428199997681794],[127.009729499219,37.426667398317896],[127.0128539012221,37.4283649994392],[127.01403760076599,37.427952700100796],[127.01610680106,37.429387502078],[127.0107567009525,37.4300654003241],[127.0097647019445,37.4316980986914],[127.01043600127319,37.4342396961498],[127.0128309002925,37.4359683940701],[127.0144235986998,37.435739494299],[127.0162224998895,37.4345700999689],[127.0170471001357,37.432407499092996],[127.0162225013441,37.4345701001077],[127.0175202000464,37.4358115988662],[127.01849540028991,37.4349967997872],[127.018475202128,37.4364763018379],[127.01659910400409,37.437023601290605],[127.01782110278211,37.441856196458],[127.0191890041574,37.4416731033343],[127.01629850467691,37.444045600978804],[127.0129600027971,37.4441875005584],[127.0115612036692,37.4458157017505],[127.0121255034375,37.449066798949495],[127.016611404777,37.4534217954278],[127.01694070142291,37.4552607996863],[127.0188115021957,37.4555928028461],[127.017558900859,37.4585517006833],[127.016350797793,37.4576899015199],[127.01297720116659,37.4573801018297],[127.0058475064104,37.4623663998264],[127.001013502186,37.467223100042],[127.0026085015456,37.4707246987968],[127.00578390165279,37.4716088987591],[127.0063786029428,37.4759685982264],[127.007670401651,37.476594497600495],[127.0097781995432,37.4759931982018],[127.010283499336,37.4742048991877],[127.0116338988503,37.4737138986829],[127.0139371983477,37.476250196845704],[127.0143378023358,37.472986296649005],[127.0167723004517,37.4738980979712],[127.01792210558311,37.476366699808096],[127.0240335019735,37.4804233990405],[127.02469940042481,37.4825909999928],[127.02599839999631,37.483798099234605],[127.0281774991359,37.4834191999578],[127.0287000983373,37.4825249983109],[127.0277160990599,37.4796662996893],[127.0289437983101,37.4785731004763],[127.0288143990059,37.47677139952879],[127.0299042985437,37.4753542006888],[127.0293122984602,37.4730627002211],[127.03030629912651,37.4715310005921],[127.0292990993897,37.4676092998744],[127.0300374983704,37.4661511992974],[127.0317755985935,37.465980898146796],[127.0318628994573,37.464208298411904],[127.0330584982617,37.463942198678],[127.035153300521,37.461209499576],[127.03433470130351,37.462307599762106],[127.0355120005339,37.463175699531],[127.0374379997795,37.4614658985555],[127.0403546000641,37.463498999653],[127.0419828005213,37.4618284997158],[127.0409843013208,37.4629840989797],[127.0418117004934,37.4645728973909],[127.0434919005153,37.4650151977059],[127.04509469927261,37.4635679989979],[127.0449378994294,37.4624073001586],[127.0430509997219,37.4620021995691],[127.0451908993408,37.4619135989451],[127.0450413991793,37.460581899769004],[127.04628319970041,37.4610070986162],[127.04674800031029,37.4597202991712],[127.0483621007436,37.4621339993615],[127.0494437007054,37.4621848000046],[127.04637170030139,37.4612262016266],[127.04557180071481,37.4629181000344],[127.0462282012469,37.4656896985569],[127.04891270252651,37.4659634980575],[127.04835920266419,37.469352797971304],[127.04996370124891,37.4713215995745],[127.0498487008169,37.4744410999888],[127.05051830014729,37.474886899543],[127.0485523003502,37.475691400236],[127.0489666006455,37.4778181993624],[127.0505927993342,37.4773265995566],[127.0531715002655,37.478346699826105],[127.0520702001739,37.4794415001177],[127.0523551002179,37.480258399920494],[127.0570421006923,37.483492596435795],[127.0595108009387,37.483551897679504],[127.0615159017933,37.481937798511794],[127.0611736006047,37.4836341995086],[127.0627453999645,37.4847657990425],[127.06644989946889,37.4866113985602],[127.06692820085031,37.485853998388905],[127.067602700843,37.486154998122394],[127.0673922005168,37.487108199324204],[127.06861589929309,37.4873742990581],[127.0689921000162,37.486618099573604],[127.07011570013441,37.4876904000992],[127.06940110040999,37.487281500905],[127.0686972011139,37.4880100001765],[127.06906600031921,37.4895473998233],[127.0708246002705,37.4902150992651],[127.0709144005376,37.4922458980235],[127.0724699000592,37.4912396994941],[127.075068799545,37.4910710998],[127.0754193012735,37.4896615987196],[127.0770282000739,37.4904216985573],[127.0779484009439,37.489415898491494],[127.0793877995045,37.4906752972321],[127.0807321999497,37.4883846989844],[127.08402570003,37.490081498609804],[127.0845112003363,37.4921855992788],[127.0864673006958,37.494401099664394],[127.0859808010813,37.4958572005878],[127.08415560090451,37.4952599021313],[127.0823951014334,37.4967590021614],[127.0816031986557,37.4965050000775],[127.0823950992594,37.4967589992794],[127.0831326988765,37.495259100058],[127.0805931005501,37.4944495011451],[127.0784617008393,37.494853300718404],[127.0772269020741,37.4969574986142],[127.0785985007025,37.4976064979652],[127.07845780110219,37.4989341004468],[127.07748739984879,37.4988015017996],[127.07615630117989,37.4999080006931],[127.0755685017677,37.5036876969134],[127.07725840007781,37.5040975965035],[127.0817853990581,37.5031431987917],[127.0820049997698,37.5025312993845],[127.08223960010159,37.503720899634],[127.08309349924771,37.5036015997533],[127.0842120993795,37.501407299247795],[127.0868991005937,37.5005171974734],[127.0880732010347,37.500671999497],[127.0885272011077,37.5017250992895],[127.0903717011105,37.5015687993073],[127.090843601088,37.502632399282405],[127.0950613986395,37.5012129002139],[127.09494509852081,37.5004766002409],[127.0967441994119,37.499261800041296],[127.0973535014541,37.5003453997564],[127.0987990000086,37.5004876996141],[127.1008715000842,37.4994783991911],[127.1022673994056,37.499876698685505],[127.10272689927629,37.498856098746096],[127.10411179994149,37.498532399920904],[127.1043116002806,37.4991351995307],[127.1048891995969,37.4984966995768],[127.1070407001886,37.4991328999728],[127.1068984004393,37.5001695991269],[127.11048769968,37.501301998553004],[127.110790299567,37.499896599517896],[127.112251399203,37.4992980996537],[127.11153069976301,37.498830399713306],[127.1126826994646,37.498829099640105],[127.11215159982271,37.4966943990391],[127.11539620102491,37.496487100137905],[127.1151095005344,37.498257199623595],[127.1160683001641,37.4987681005432],[127.1142907005142,37.4983851006138],[127.1131022013569,37.5001878995777],[127.1146649008868,37.5020021997958],[127.1138033011408,37.5026187011158],[127.1138100011341,37.503769999964504],[127.1151615003658,37.5052964002503],[127.113855701572,37.506631500095],[127.1150109003762,37.508077000439],[127.1126600011564,37.5110200006745],[127.113381001152,37.5134067994467],[127.11563869982591,37.5157573985926],[127.1170668004261,37.5152396998483],[127.1164500008887,37.5165399998317],[127.11757710027591,37.5173626999405],[127.1168464007091,37.5183622997965],[127.1170805007102,37.5226426986965],[127.1185591030554,37.5230237004528],[127.1174051003037,37.5234879008294],[127.1171888000181,37.5253161002327],[127.1147917008805,37.5247626013374],[127.1136573008019,37.5270533000067],[127.11146770141521,37.527006800769],[127.1090860998129,37.5288481004287],[127.108016599538,37.5277463004945],[127.1081634995452,37.5257548020371],[127.1067685009402,37.52612190167],[127.1075899009463,37.5298544999569],[127.1072889001012,37.5283931019108],[127.10697560153619,37.530944401222804],[127.1056153028965,37.5324745996926],[127.10406910694671,37.5406262944823],[127.1053504061758,37.5418512944408],[127.1123994013646,37.545001394850594],[127.11494039882359,37.541358198493796],[127.1169181992144,37.540758899085],[127.11732309880949,37.5397976000463],[127.1161542999783,37.538808601035306],[127.11544109928249,37.539279100798005],[127.1147499989134,37.5373600001772],[127.1161910998097,37.53453909943121],[127.1170893995652,37.5342967994757],[127.1168537996419,37.5334853995297],[127.11836739822719,37.5324287988897],[127.1177010992657,37.5280669988523],[127.11921869969281,37.5271754977491],[127.12307100049989,37.5283432993252],[127.12386260029109,37.5279406998723],[127.123548900394,37.5290343998191],[127.1244951002448,37.5291747993127],[127.12470250036189,37.5301160998334],[127.1244455004137,37.532202399804206],[127.1268983001536,37.5314850990613],[127.1302638983948,37.5286011997121],[127.1305626000627,37.5292063992868],[127.13204429893861,37.5287945995918],[127.13468249982769,37.5236398995426],[127.135621601293,37.5254774978309],[127.137675502195,37.524922598096396],[127.1357024021657,37.5263467992526],[127.1361946016735,37.5276530979463],[127.1374020004661,37.5285501970492],[127.13939170115191,37.5280861995955],[127.1380533005907,37.5320150992208],[127.1392555998252,37.5316124995197],[127.1394723000757,37.53241579913],[127.14156010035751,37.5323934993654],[127.1418051010632,37.5339745000853],[127.14354179997619,37.5352736990814],[127.14390159961641,37.5347297996253],[127.14536270054441,37.5353263999636],[127.144886600608,37.536268099491004],[127.1471018006928,37.537226599856794],[127.1460208008564,37.5374458003177],[127.1463036008491,37.5383870002847],[127.1439634003584,37.54190409997501],[127.14511040016629,37.5430012994846],[127.1478300006564,37.5433799995784],[127.1461709020323,37.5441997003868],[127.1460366021666,37.5459237986627],[127.1488071037228,37.5467113998679],[127.1462538009644,37.5483807999078],[127.1464125009434,37.549497199705996],[127.14739810072871,37.549534599825805],[127.1460141006842,37.5505120003524],[127.1461744005239,37.551701599162804],[127.1471822005702,37.5511658010639],[127.144346802396,37.5532011007782],[127.1442507995223,37.5549424018943],[127.13995389946079,37.5506006002622],[127.1414807990501,37.550105899801196],[127.141203699214,37.548478100675],[127.1403289000888,37.548562400590704],[127.1394842997812,37.5469008002617],[127.1380652999237,37.546377300569006],[127.13792269969801,37.544874099777104],[127.1392727995364,37.5439257990435],[127.1393220994871,37.5420808008885],[127.1359200003408,37.540752500607404],[127.13521999963581,37.5414195002827],[127.134439199815,37.5395817005501],[127.1327123998927,37.5400950005101],[127.13165449983279,37.539428600560804],[127.1308892005981,37.539652600336794],[127.13154040024641,37.5405000998499],[127.1311549001137,37.5423926004852],[127.1305401001471,37.5415687008703],[127.1297975005792,37.543332099779],[127.12830700105741,37.5437470006332],[127.1302069003559,37.546424699088504],[127.1311618002231,37.5459915993045],[127.1341761001245,37.547292499356494],[127.1342170002117,37.5491514999965],[127.13339720052541,37.5495153003369],[127.134313800928,37.5512386006834],[127.1336795006491,37.5523520004226],[127.1313619005568,37.552704500725895],[127.13108940076029,37.5547521000028],[127.13040120060829,37.5547496008208],[127.129847600332,37.556074101285795],[127.1261554000622,37.553366501328604],[127.12530050091709,37.554702599992495],[127.1249227002332,37.553905400875195],[127.12359720029451,37.5540456007091],[127.12409769978409,37.5519673000579],[127.1227958987583,37.5481524992033],[127.1235171986956,37.546837499877],[127.1220685001443,37.5460219006926],[127.1225209995418,37.5456874003212],[127.12080869957539,37.543624400919896],[127.119634799411,37.5450917006042],[127.1195490995733,37.5437862002586],[127.1180616991259,37.543309100300405],[127.11744879973881,37.54188950172],[127.1150347031326,37.5442968016917],[127.1091007011613,37.5460656002431],[127.1092443010177,37.5472335990751],[127.11041209984991,37.5479103983983],[127.10931310132429,37.5483632996918],[127.11116800799611,37.5510544963318],[127.1112215026839,37.553753901387196],[127.1112614994013,37.5530533008996],[127.1086869991657,37.5531754001833],[127.10598000187271,37.5509059024528],[127.1012791027665,37.554400600460504],[127.1017406006384,37.5554790003916],[127.09970369888171,37.5529238025047],[127.09739879971019,37.5535221008995],[127.09504510104719,37.5555421010952],[127.094996301096,37.5568939997433],[127.0958701049719,37.5573508014131],[127.0958009001348,37.5610455007181],[127.0952407997783,37.5601082009511],[127.09280500221409,37.559428301631],[127.090777602765,37.5618207011546],[127.0916113019313,37.5644207985545],[127.0911694013478,37.5667779983923],[127.0927948011061,37.5692627975349],[127.0943216995792,37.5681954986022],[127.0951046011013,37.5684785002198],[127.0947789997612,37.5698584006754],[127.093713399157,37.5689723013323],[127.09101770185269,37.5695734007312],[127.09192780290279,37.572010600304296],[127.09104430378629,37.5738054985094],[127.0933855014451,37.577478894836005],[127.09599130271779,37.5768064956908],[127.0987708015798,37.5799029997343],[127.0966431011064,37.5801830009291],[127.09700400071699,37.5842437996548],[127.0951992003469,37.5846827003096],[127.0943900007952,37.5873899998523],[127.09601890035161,37.587971999621104],[127.09565070032909,37.5887865993383],[127.0969270002515,37.589329999917595],[127.096097500486,37.5896167001992],[127.0962870006422,37.5909936001514],[127.0948083999058,37.5911964010141],[127.0932233006158,37.593612299425196],[127.0952513001697,37.594546699522105],[127.0951055005403,37.595710598922494],[127.0967873998974,37.5954933993639],[127.09812240000379,37.5963728994838],[127.0976215007615,37.5971339996077],[127.09830770007531,37.59716679957489],[127.09990980055841,37.6003757001669],[127.0983192004338,37.6010519003834],[127.0989093005509,37.6017363002192],[127.095418399802,37.603059300652596],[127.0927592998976,37.6023103007788],[127.0914209996525,37.6034785007464],[127.0892255996374,37.6021418007852],[127.08782960066331,37.603095000183906],[127.0884761992469,37.6024484002798],[127.08724850001,37.6030823001649],[127.0849800002884,37.602280000429],[127.0837041007544,37.603425699768906],[127.0839046011139,37.6041254021975],[127.0827058005738,37.603887300636295],[127.0829563004204,37.6050139001346],[127.0812787000523,37.605417600441505],[127.0811146000925,37.6061343003288],[127.07943640073171,37.6054525007401],[127.0827788023326,37.611190899418396],[127.08193300165571,37.6117535012553],[127.081811701777,37.6148071982016],[127.0843171998672,37.6147785978974],[127.08586770038899,37.6161387986636],[127.0892078020522,37.6156702976997],[127.0927144007323,37.617022799420404],[127.0892958004634,37.619122300948],[127.09008509979769,37.6207144997068],[127.09173810062,37.6199419996793],[127.0911184002269,37.6204434001934],[127.09207100255361,37.6214928009241],[127.0913720999381,37.624519900095905],[127.0883032004803,37.6241824008712],[127.0860400006186,37.6255900013247],[127.08382469874239,37.6245932019481],[127.0796469001483,37.624394800661996],[127.0793955996666,37.6232705012445],[127.0781914003118,37.6246951999348],[127.07917420015859,37.6273228001556],[127.0784393003276,37.6273323001026],[127.0784174004105,37.6282155002377],[127.07703809996259,37.6290287013096],[127.0749982004331,37.6285214012211],[127.0742466011847,37.6294564002861],[127.07499819911939,37.628521400807095],[127.0735244005932,37.6284031009254],[127.0738941002274,37.6293755001794],[127.0712392995205,37.6293490016592],[127.0706274999321,37.6309799001029],[127.0703399978093,37.6287000006832],[127.0691805965493,37.6275704993581],[127.06986649883311,37.6248491999029],[127.0709408981493,37.623726300503805],[127.0681507995731,37.6244654012977],[127.0680483997179,37.623603300386996],[127.0667461992545,37.6234235003501],[127.0668585000247,37.620030500781],[127.0624750001437,37.6205777017869],[127.0612591013596,37.621455600908995],[127.0616342009845,37.6227739995906],[127.0608403008754,37.6242633001578],[127.0597029014404,37.6249385999378],[127.0601214018096,37.6260719995984],[127.0592242016386,37.6266339006785],[127.05964000135491,37.6280000007708],[127.0587113004556,37.630688299627],[127.0616543002612,37.630960398984996],[127.06238000063871,37.6303603001736],[127.0626738010993,37.6323854007956],[127.06088479976,37.632752301336],[127.0594316003038,37.6355265995834],[127.0603556999741,37.63591009862979],[127.06267890147889,37.6347654013334],[127.0606739016004,37.6362365999037],[127.061349300925,37.6371505989897],[127.06060550072249,37.6369208011025],[127.0609386999392,37.6384439007771],[127.05996569929421,37.6383001001429],[127.0606054987688,37.6369208008994],[127.0590821999814,37.6379946000685],[127.0561709028927,37.636900101163],[127.05508810091871,37.6381728007132],[127.05459949785269,37.636619999405],[127.05553579820611,37.633068600210905],[127.0539644996861,37.6305700000307],[127.0550837994342,37.6290791000509],[127.0541120985334,37.628349899305604],[127.0550329001332,37.6289309987742],[127.05575899940709,37.6281489995562],[127.0553844997136,37.626951499415995],[127.05628709881101,37.6269273994401],[127.0561830997426,37.625522699630395],[127.0575997983114,37.6251719995196],[127.0578475980636,37.6226805020111],[127.05613679886571,37.6227505013626],[127.0564126980222,37.621381601504396],[127.0545038996408,37.620134199762504],[127.0553478987968,37.6195195003772],[127.0549634991812,37.6179763019204],[127.0534817978502,37.619458702124],[127.0499001000328,37.6181960009648],[127.0493634998157,37.616765600651],[127.0468099003282,37.6184897005274],[127.0472837989614,37.6180360996203],[127.04589609996869,37.615757700416104],[127.0455188000045,37.617434200679796],[127.043573899546,37.6191829002624],[127.0409901008218,37.616549202312],[127.03888410020541,37.6206380012031],[127.03704180009619,37.617962601589596],[127.0365477018484,37.619728601279405],[127.0380313006903,37.6218065999385],[127.0361822015832,37.6246618976147],[127.0372364001673,37.6263494990822],[127.0385775005757,37.6266393975409],[127.0384514010541,37.6279796993342],[127.0396200005082,37.6286399998357],[127.0374117010448,37.6284438005707],[127.03721540152459,37.631422998466995],[127.03601000158001,37.632039999730004],[127.03789,37.63391999812001],[127.0387421001979,37.6328720997479],[127.0376286008325,37.6354408995601],[127.03869930027821,37.6357197997056],[127.03816300050279,37.6362163999781],[127.03860610016359,37.6370983003338],[127.037160200584,37.6403350998386],[127.0387679001732,37.641775099125],[127.0405300003021,37.6412499994669],[127.0420173004857,37.644349998513505],[127.04414530108059,37.6434165996205],[127.0416730017518,37.6484497992284],[127.0432700001548,37.6484799991982],[127.0441500008792,37.6472599979757],[127.0452779003059,37.6471952995179],[127.0441500006762,37.6472600009016],[127.04393750106979,37.649051399676594],[127.0473999991218,37.6494777990009],[127.0473935989753,37.6467174998262],[127.0462794993723,37.646322900183],[127.04571109927761,37.6450381997143],[127.04609679901971,37.6436597006749],[127.0475123994975,37.643991799542704],[127.0492525003867,37.6420092994218],[127.05224679993381,37.64324649915989],[127.0527771010881,37.6421011987468],[127.05016230143809,37.644790099736404],[127.0508462002931,37.6455038000996],[127.0503917005371,37.6463535996198],[127.052831403138,37.6460163028821],[127.0518666037855,37.6461100035869],[127.0514284040879,37.6521253982535],[127.0537332017831,37.6522461981327],[127.0533537002439,37.6544650002458],[127.0505713997228,37.6539770015684],[127.0500413991508,37.6553538004906],[127.0489133998982,37.6534751000488],[127.04899879926981,37.6517582004397],[127.048011600257,37.6514568007411],[127.0449306994821,37.659492601091],[127.04486709853981,37.6586857006029],[127.04266649971929,37.657042401492],[127.0418217993967,37.658610200569896],[127.04111539954809,37.6572895009504],[127.0343292997848,37.657515100756],[127.03437699882001,37.6567013003828],[127.0330868999185,37.6564293007108],[127.0329345996526,37.6555270006303],[127.03117419965349,37.6555163002806],[127.0330478979938,37.6529994020327],[127.02883900026521,37.6530710021255],[127.02699649847959,37.6539637006238],[127.0266656999311,37.6522402014768],[127.0232031994572,37.6501856003415],[127.0246609990671,37.6479049997926],[127.0237247999672,37.646777400705695],[127.0223116000285,37.6477976000405],[127.0220301002141,37.647144600492794],[127.0195315007771,37.6474422004454],[127.02031610141701,37.6488910007582],[127.0196702001161,37.6493279001955],[127.0187068984591,37.649509601200705],[127.0176123987938,37.6484709013032],[127.015283201123,37.6490869006872],[127.0151518002821,37.650840899771],[127.0162144009844,37.6520146004937],[127.0153258005842,37.6520189013898],[127.0153508005505,37.6533959004715],[127.0143493004208,37.652598500837804],[127.014296100474,37.6535839998523],[127.0153768004836,37.6543838996329],[127.01630420054069,37.653882899078496],[127.0168725004786,37.6567362001324],[127.0158804007179,37.6567695005605],[127.0157720005743,37.6584647999052],[127.01474070045231,37.6581615008054],[127.0138007005789,37.6597630004121],[127.0131894013337,37.6619312993236],[127.0148723020114,37.661850300413796],[127.01194060605211,37.6644360016514],[127.0107061985132,37.6640135006754],[127.0097894996228,37.6629388002652],[127.01059669958279,37.6626708000342],[127.0096198993692,37.6622173998672],[127.0124197995747,37.6621571997437],[127.0137428996257,37.6600582002539],[127.0106487982074,37.6587047023098],[127.01025199827109,37.6492359000606],[127.0089815996206,37.6472639006254],[127.0084597993145,37.6475137003265],[127.0111961994538,37.6461176995823],[127.0118682996349,37.6466295994927],[127.0121487993544,37.6458541002682],[127.0107317999182,37.645021000679],[127.0109639992923,37.6428075005305],[127.0103133993484,37.6423686001029],[127.0109099993983,37.6420699999399],[127.0094277997648,37.6394834017996],[127.0100794990531,37.639582199078596],[127.0107109983976,37.6379810998665],[127.0090960997363,37.636756500034394],[127.010535098931,37.6347383007867],[127.0093087001574,37.633121702403294],[127.0078590989435,37.632944100741504],[127.0083971004578,37.6323866995622],[127.01001999883489,37.6328716990772],[127.010036899696,37.6317173979588],[127.0116473991052,37.6312596992553],[127.012376598376,37.6294242010908],[127.0114702982626,37.6282895013867],[127.0081908972402,37.6272587001143],[127.0072901967601,37.6241576998491],[127.004511299539,37.6219697020371],[127.0027512002425,37.623448001850804],[126.99901559587741,37.6202497001697],[126.9952432996497,37.62017320024621],[126.9975208964905,37.61382159867],[127.0002390988716,37.610493299573],[126.99822690088381,37.609185400880904],[126.99613289872771,37.609684299575996],[126.99817259890041,37.6064150999404],[126.9982466999664,37.60420299973],[126.9999597008192,37.606068198117306],[127.001185899593,37.605605498580005],[127.0023929983859,37.6044077997777],[127.0036126971662,37.600301803883696],[127.0021004986784,37.5994819047036],[126.99820670257219,37.6008327033528],[126.9974115000273,37.602274502754],[126.9943576993181,37.6003466028909],[126.9911903988363,37.6015249022311],[126.9858843955151,37.5980129037517],[126.9822794003255,37.5934319029506],[126.980966701071,37.5954789024544],[126.97570469802669,37.596177501019405],[126.9766705985382,37.593999601174595],[126.97458519915111,37.5905088025578],[126.96985740387889,37.5909129021537],[126.9701006006201,37.594857102026396],[126.96916860031341,37.5947819009965],[126.96855430053529,37.595964901239896],[126.96809039963179,37.5948448015727],[126.9658831012685,37.5940320021235],[126.96481330205171,37.597316800537804],[126.9627015000379,37.5978304003792],[126.96152689987049,37.594003802612704],[126.9605455960121,37.5935663032587],[126.9603119989269,37.5915372012254],[126.9580486011903,37.5916169011457],[126.9558751006826,37.595897800927204],[126.9564958028139,37.5976116011711],[126.95377409994491,37.5969814039526],[126.951161002558,37.6004391004949],[126.9497509019581,37.6043532997529],[126.9502160005371,37.6053349007124],[126.946856400413,37.6036829017546],[126.9461107018446,37.6060651038163],[126.94440799916259,37.6047868037153],[126.9412271023435,37.6060236024785],[126.94126340172309,37.6106956993696],[126.9434319070172,37.6150201023162],[126.9437588062939,37.618373302236705],[126.9479025031892,37.6221581028755],[126.94522660135429,37.623700903438404],[126.94441419964049,37.6253169043299],[126.9342728996615,37.630399500688],[126.9330693013145,37.6334717976653],[126.9349987001234,37.6336649000876],[126.9323793008993,37.6361562004992],[126.9329466004282,37.6368972004043],[126.9323338999872,37.6361892006381],[126.9319368000428,37.6368723003361],[126.9305005010129,37.636192600827],[126.9291983023151,37.6372512997683],[126.9298786022859,37.6388732986665],[126.9332088015646,37.6395333005301],[126.9298785989275,37.6388733023612],[126.9279379008682,37.6399921012424],[126.9253433030767,37.6397888012776],[126.9266933019252,37.6441977973977],[126.9281283004902,37.6441597974357],[126.92917099944749,37.6420603995351],[126.9314160003272,37.6422943003977],[126.9292899002772,37.6424284009273],[126.9292523002098,37.6441276002014],[126.9271585007101,37.644446800492],[126.92787040096721,37.6460282007107],[126.9254063005857,37.6459678006364],[126.9249270010005,37.648265499092304],[126.9255615007192,37.6487045002061],[126.924229900025,37.6484191001139],[126.9216421027712,37.6498875991158],[126.9236989014077,37.651523599254496],[126.9206403013339,37.652341900567],[126.922441901269,37.6538209982387],[126.92153279937409,37.6541917019547],[126.9208031999607,37.6561039001343],[126.91823690094489,37.6540684040339],[126.9143602976748,37.654331405501495],[126.9126827972483,37.653458705404],[126.9083756008808,37.6550068038689],[126.90515069986229,37.6537482041762],[126.9014926006012,37.6546837034948],[126.8998694022244,37.6582695999089],[126.9012801000698,37.659307599896195],[126.9011778000376,37.660157400079],[126.9002703004806,37.6593957006574],[126.8992690984816,37.660047201234605],[126.8982122997145,37.6582304022765],[126.8954591012192,37.6593401016547],[126.8938579998879,37.661248100476705],[126.89348589921221,37.6600160006299],[126.8922345990317,37.6596587994183],[126.89344149934149,37.6598606985009],[126.8937868989961,37.6570683012933],[126.8918365009465,37.6574759008857],[126.8919068995499,37.658150900364106],[126.8911937993021,37.657415299904095],[126.8914611985211,37.655903800580795],[126.8898520001303,37.654901601583],[126.885352899054,37.654246301956896],[126.8870140979285,37.6532850993086],[126.88438759990319,37.6511691009622],[126.88270869976989,37.6512142007149],[126.8823575000746,37.651878100133196],[126.88251739934749,37.6507977003302],[126.88114539998219,37.6503781005582],[126.8803218007819,37.651697399462705],[126.880418500785,37.6525533990418],[126.8817231007982,37.6522396004109],[126.88112240059499,37.6548209022871],[126.8770342017274,37.6542872014842],[126.8762642024974,37.655057500713895],[126.87652130282359,37.657003502661404],[126.8746892987601,37.6543601026832],[126.8728524990523,37.6551587031755],[126.8695560987939,37.6542407034293],[126.8685516997983,37.6531441045259],[126.8653806029694,37.6525297051403],[126.86401079907411,37.6511678011719],[126.8624456970144,37.652254300120504],[126.8626727960806,37.648623799593004],[126.8647356997809,37.6487331976762],[126.8659064991694,37.6452720000241],[126.868277697797,37.645300899065106],[126.8685451975295,37.6433046010614],[126.8701003998693,37.6437750979727],[126.8713268987729,37.6427668983229],[126.8721417033061,37.6447607981421],[126.8758076001449,37.6443549995928],[126.87716899882929,37.64508759891449],[126.8787881000053,37.6444310997053],[126.8780910010122,37.6453249000523],[126.88010610057471,37.64574609956],[126.880916901156,37.6474117986988],[126.8819355013302,37.647804300392096],[126.8810500002404,37.6476854005623],[126.88011660064319,37.6489543998647],[126.8845481999927,37.6510394997384],[126.8874590998234,37.648582099237],[126.8920457001589,37.6480647987221],[126.8928485004197,37.6472328983736],[126.89748179899969,37.6482294987414],[126.8970185994629,37.6465156004553],[126.8958450995232,37.645970999926],[126.89821169908801,37.6452886981125],[126.90392449971121,37.6487213989527],[126.90394619984369,37.647596400051],[126.9051291019909,37.6472067992134],[126.90588200123801,37.6486695977506],[126.9078776993877,37.6480748984053],[126.9079006993762,37.6465409998076],[126.9115921956832,37.643608599679],[126.90991839728899,37.638167002521904],[126.9062756859498,37.632631602928704],[126.9080244984834,37.6338227986291],[126.91138570019339,37.633221496675596],[126.9126076989714,37.628436301460795],[126.911418100161,37.6295635003336],[126.9100796990314,37.6259201022309],[126.90881209996071,37.626542902408296],[126.9071369933941,37.6248349014332],[126.9072791977872,37.621917599069604],[126.9052581998082,37.6208437001435],[126.9047296986614,37.617345801343],[126.901498998498,37.6167990014788],[126.9035009983754,37.6158875998714],[126.90183429814931,37.6144587993222],[126.9008392970045,37.6059978024811],[126.8986621991816,37.606388602090306],[126.899257197279,37.6045016996455],[126.895309899175,37.603371600343905],[126.8939997999844,37.6013351015531],[126.8930666006066,37.6025633007437],[126.8934930001802,37.603595999711004],[126.89421210027281,37.6035041002114],[126.8912924007438,37.6042787003822],[126.8921808006533,37.6049646998005],[126.8912923993047,37.6042787026771],[126.8871183034788,37.6068957000601],[126.88699240415029,37.6138528998543],[126.8840259009971,37.6171910996502],[126.8857374026837,37.619501400329995],[126.88460240198921,37.622327699912496],[126.88517670134401,37.6231515998262],[126.8836467005038,37.6239465012044],[126.883624399696,37.62503130135261],[126.8823321009883,37.6252808011031],[126.88151160022059,37.627423301546294],[126.8815083975487,37.6249054027933],[126.8746465995696,37.626392200389],[126.8765326974283,37.6259021993759],[126.8752022995548,37.622974800539204],[126.87350830124879,37.6237000998139],[126.8733412003408,37.6253868003437],[126.8724364996156,37.6252386998964],[126.87274459958111,37.6238136003445],[126.8689515001676,37.6236903013999],[126.86836410103089,37.625366202106804],[126.8672454004323,37.6259232009655],[126.8672762993453,37.624580301654],[126.86505660041651,37.623938602391405],[126.8640288001577,37.6243564022523],[126.86142170037189,37.629380900152],[126.8580465979654,37.6315472030068],[126.8564116996003,37.6315595029945],[126.8574141963577,37.6297747983436],[126.854930898841,37.6273522007662],[126.8579672987466,37.623913899978],[126.85775579895811,37.622267301624596],[126.85595510007781,37.621737500398204],[126.8540266008692,37.62233780087929],[126.8540796001035,37.6239690001523],[126.8540265999745,37.6223378015836],[126.8524910015101,37.622693701227696],[126.8524326015836,37.626295601389096],[126.8497998021009,37.626413303099106],[126.8485266032818,37.6286982009483],[126.8469884027576,37.629713700817504],[126.8486847010613,37.632298698232496],[126.8478576037784,37.635375698289295],[126.8435478030105,37.6373737005786],[126.842531403005,37.6406645002449],[126.8491910011532,37.64930789590429],[126.851777198567,37.6478575973546],[126.8518578996761,37.644964099191],[126.8529586002945,37.647056298557104],[126.8549600014657,37.6479300001334],[126.8522079024108,37.648049406525196],[126.8490211055976,37.6494728051018],[126.84776940684931,37.6534912010834],[126.84971920454859,37.656100800152394],[126.8479301026375,37.65651600153161],[126.8458898046778,37.6582751997724],[126.8500693003669,37.6611580019179],[126.8491082948426,37.661673801430204],[126.8458897980611,37.6582752048288],[126.8429546000751,37.660461901835305],[126.8422667998954,37.662149201382405],[126.8406032001993,37.6621203007282],[126.83718220021561,37.6600775008611],[126.8352919004147,37.6609759003469],[126.8333766997666,37.6598158006979],[126.8325370998265,37.6603982004898],[126.83213339933171,37.6594385009089],[126.83114719899541,37.6600334005967],[126.8317469989792,37.6590317005671],[126.8286656993323,37.6569803000991],[126.82870899745781,37.654616299917],[126.8307589974555,37.6546242980608],[126.83184679707709,37.6512366977731],[126.8311271998459,37.6487986001431],[126.832102299833,37.647995599490905],[126.8320212998943,37.6462900995974],[126.8331885998125,37.6478596994847],[126.8343006988308,37.6468074004895],[126.833472199536,37.6455324004188],[126.83078020054451,37.645672000504796],[126.8299008977744,37.6464713023622],[126.82888909952649,37.6425186022158],[126.8263104987538,37.6411353023284],[126.8239621989116,37.6417113022533],[126.82321679786699,37.6398616014118],[126.8210740989976,37.6403578006143],[126.8201415997583,37.6385988010645],[126.8182050001491,37.639397301573496],[126.81803529973,37.6384350009881],[126.8172620969539,37.6389962018805],[126.81602819818781,37.637957802918905],[126.813543000673,37.63775060312609],[126.812244001972,37.6385154023613],[126.81156270324989,37.6466787010006],[126.81287230194029,37.6491003985789],[126.8170681031581,37.6506592003292],[126.8138465996945,37.64939500235],[126.8127274001329,37.652243902974504],[126.80837410448619,37.6542842009342],[126.807840704392,37.6577613008563],[126.808785703447,37.659556599061],[126.8064581040353,37.6625198984936],[126.80768220281121,37.663742497270995],[126.8112704009484,37.6628611984188],[126.8105516011193,37.6651232986306],[126.8119653997055,37.6645142992396],[126.8125321000887,37.6658264001923],[126.8104325016274,37.6653421012619],[126.809403300451,37.6677237015053],[126.8057927010632,37.6689765005627],[126.8062218997323,37.6699944007416],[126.80368569968441,37.6701492019089],[126.8042637990508,37.6699295999097],[126.8038840994305,37.6685740012653],[126.8027205005941,37.668680801158494],[126.8002439013069,37.670606299984605],[126.8004521008596,37.6712542003282],[126.79924720022639,37.6712387006027],[126.79936290011071,37.6723789994624],[126.80152410037469,37.6741144998864],[126.8010850008348,37.676942700952495],[126.799590802329,37.6776556002396],[126.8021028009289,37.6787276003625],[126.7995908016655,37.6776556020167],[126.79935390190239,37.6791300005423],[126.7928870999103,37.6817421003502],[126.79239879955941,37.68060110115049],[126.7904526012247,37.6800511017632],[126.7913384006956,37.6826358001053],[126.7904474998429,37.6837684008013],[126.7888454001802,37.6830231005018],[126.7876378002364,37.683824200469594],[126.7868409003817,37.682622601238],[126.786346899748,37.6830367010755],[126.7820084007596,37.6814707013603],[126.7811776004584,37.6836972994667],[126.7822916005068,37.6866183009608],[126.78105149999641,37.686289300793796],[126.7799268000904,37.688330800284206],[126.77918050008809,37.6874676004527],[126.7782662004404,37.6895677999929],[126.7787873008849,37.6900305001347],[126.7769515007934,37.6907032004493],[126.7772933004627,37.6916879005893],[126.77609130034641,37.6931932006933],[126.7753161000543,37.6921325003772],[126.7731640000096,37.692961500329204],[126.7720233005207,37.6920948006332],[126.7719004006436,37.693736998991],[126.7727350001493,37.6936770000253],[126.77146570023959,37.6936623007905],[126.7708590003453,37.6954256003485],[126.7700374002311,37.6953652003943],[126.7708008020673,37.697979100625695],[126.7683011007844,37.699800699825495],[126.7692597003181,37.699893400897004],[126.76695099977931,37.700172901288],[126.7645437999881,37.6991335006185],[126.76350740000039,37.7003281005476],[126.76143899861819,37.695750402432004],[126.759691799739,37.6962408016952],[126.758335799511,37.6953498010401],[126.7585407996934,37.693921100453],[126.7570957998575,37.6938849008837],[126.7568478994933,37.6929401009325],[126.756140998783,37.6937998997814],[126.7560682988686,37.6928470005367],[126.7543014999206,37.6916141005439],[126.7561308999623,37.690866199283704],[126.7567368005142,37.6921513988117],[126.75932509916329,37.6918032990818],[126.7585901995842,37.6892623004651],[126.75784159986881,37.6892188005214],[126.7574652997409,37.6854923000709],[126.7583035994742,37.6851517990394],[126.75922219949369,37.6812718990835],[126.7609047000015,37.6815937996128],[126.7614396995897,37.6810281993447],[126.76144139986539,37.6784348000633],[126.7606481003886,37.677480600982406],[126.7603054006452,37.678589500449],[126.759589599794,37.677502000583],[126.7586008000155,37.6787105001325],[126.756822700007,37.6776100007929],[126.7552208008786,37.6808374001819],[126.753684200569,37.6808007005546],[126.7535924006608,37.6817889995663],[126.7549032006239,37.682768699807],[126.7537390998346,37.682681800953496],[126.7529620000999,37.684387300297],[126.7524188993617,37.68369570124],[126.7477415989967,37.6836380021942],[126.7448403997081,37.6821682007594],[126.74426030000079,37.682798500145594],[126.7443812998032,37.6813026015272],[126.74207989859009,37.6797914027238],[126.74031140035859,37.6804639020513],[126.73984449972211,37.6817484015562],[126.737893496051,37.6784564011214],[126.74065329829631,37.676794398358595],[126.74059119936089,37.6705801990853],[126.74453819837859,37.6716587965535],[126.7436213997725,37.6680212995485],[126.7456375985278,37.6706662971443],[126.7482218000114,37.6689460998454],[126.7484630002127,37.6697379989279],[126.7522330985172,37.6682875992673],[126.7505011992652,37.6667455000024],[126.75192889905179,37.6670392996837],[126.7513600993847,37.66534899904],[126.75228799940969,37.663309399137304],[126.7542947009068,37.662787399279],[126.7539566011412,37.6651968986684],[126.7551819004669,37.6660867985183],[126.7572572991022,37.6649705995023],[126.75668049939121,37.6637564994902],[126.7584590988826,37.6610932989689],[126.7605457997283,37.6623007979716],[126.7622422980318,37.6610524992199],[126.76128009979949,37.65704829974],[126.76558229671771,37.657212898694596],[126.766024197093,37.6564506982817],[126.76321129942089,37.6537979006293],[126.7633821985141,37.6521555981879],[126.765124099047,37.651210097415],[126.76574829842279,37.649210099415],[126.7637437995643,37.6467007984025],[126.76696070031,37.6503022990308],[126.7684619988087,37.6502897990433],[126.7689446003136,37.649089999146604],[126.7703950988631,37.6495902986463],[126.7712142999937,37.6471014999907],[126.7731446980633,37.645961201131],[126.7719407984869,37.641463897528],[126.7743326979562,37.64076209689021],[126.7756576966312,37.6387947988575],[126.7737836985052,37.6368330008193],[126.7739560993518,37.6359878002007],[126.774523500222,37.63693949876129],[126.7766655980799,37.636119299581495],[126.7751082975853,37.6335036003373],[126.7769048970121,37.632077899605896],[126.7827504017174,37.631266497733],[126.784834401591,37.6323743978538],[126.78865859913691,37.630418097958],[126.78959780042169,37.631597999261594],[126.79030659971289,37.6311853996742],[126.789911399912,37.6301726996925],[126.7919413001802,37.6306915981255],[126.79307559904589,37.629927698889404],[126.79306509952221,37.6273816984213],[126.7959105009599,37.629026798477796],[126.8012068000688,37.6267267989121],[126.8036184976571,37.6272504983884],[126.80344529783031,37.625055900583],[126.796792898975,37.6198618987416],[126.7970554998387,37.6194007992873],[126.7967743009727,37.6199399998188],[126.7990479997238,37.621136898736204],[126.8004662005257,37.6203675990182],[126.80072710010991,37.622473698027804],[126.8032240990806,37.6223960994418],[126.8029585987911,37.6214197992379],[126.804198697551,37.6198503008074],[126.8028845988651,37.6188040018537],[126.801514999322,37.6196608008407],[126.80289999899139,37.6160783008145],[126.80207209956781,37.6162327992614],[126.8048782982748,37.6157365997724],[126.8039558991972,37.615135000374],[126.8048782997407,37.6157365986354],[126.80582550026679,37.6138757961983],[126.8108894978684,37.6095863998414],[126.8100238908918,37.6066102955825],[126.81137579487799,37.6050207930199],[126.8117844987179,37.6000691935755],[126.81722839327401,37.598721994922705],[126.8186203939412,37.597410792386],[126.8210937999195,37.5966679998723],[126.82150679712859,37.5957586909132],[126.8294804018353,37.5928912991605],[126.82994750136821,37.5939248981269],[126.83253810162529,37.5943186997468],[126.82928390224889,37.5958262008662],[126.8315731022324,37.598458300277095],[126.8283348008152,37.600493700381],[126.8287227004273,37.6015959992787],[126.8296467004792,37.6008653991553],[126.83209119803469,37.601650398370296],[126.8365041000453,37.601457799565196],[126.8344549011039,37.6014068027622],[126.8343658013988,37.6049431997096],[126.8390938001906,37.6048205998859],[126.8392442001997,37.6064073985442],[126.8408879991784,37.6071348990634],[126.8392251981799,37.6026746988665],[126.8392677982964,37.6004391004775],[126.83720149934791,37.600403800619205],[126.8368994989928,37.599121700312395],[126.8353093986726,37.5983608983285],[126.8392328002444,37.5982270970385],[126.84071900035691,37.5967752985041],[126.8417518000457,37.5981500982556],[126.84322180023369,37.5958983945969],[126.8485646001214,37.5959339946225],[126.850777299071,37.5922409993442],[126.8533414967815,37.589534400195895],[126.85416529916341,37.589599998325696],[126.85501909830961,37.587779000146696],[126.8529077987772,37.585598500214005],[126.85407119978751,37.5848113985368],[126.85592079793791,37.5849038984443],[126.85452079903621,37.5822504001245],[126.8571906977277,37.5825963989468],[126.85663939778631,37.5812327984272],[126.85736599942909,37.5807711978907],[126.8580990009106,37.581559298228605],[126.8599734000939,37.5803290999464],[126.8581621018786,37.581621499491696],[126.8592953013191,37.582008701332605],[126.8571907034237,37.5825964007449],[126.8564870041274,37.585090798250505],[126.8599871006273,37.5866417966995],[126.86831199680431,37.5854207978898],[126.8679842970581,37.582529300377296],[126.8653679996418,37.5805607019498],[126.86438409892989,37.581549100613096],[126.86366479980829,37.5805980998739],[126.8640662995985,37.5793831002501],[126.8632972992747,37.5789095997254],[126.8667263995889,37.575889199586],[126.86591869964039,37.5750389997448],[126.8676389987146,37.574335399688906],[126.8666329997206,37.5732087008156],[126.8632409004201,37.575407900081004],[126.8633706999537,37.5766198016155],[126.8623007998561,37.5761795010487],[126.8611422979092,37.5771011007704],[126.86201319980391,37.5745343997083],[126.8642368975802,37.5737494004933],[126.859521102296,37.5673483068944],[126.8558023060148,37.567675706567],[126.8524369013457,37.5697056088433],[126.8491049046777,37.5704670080819],[126.843945800857,37.5751408089109],[126.8348612023493,37.5787932095668],[126.8288298991764,37.5798079010496],[126.8277061003002,37.5792084016491],[126.8268262992129,37.5806071011813],[126.82554930048991,37.5798410019474],[126.8239697979587,37.580271802679995],[126.8235593983691,37.579416803535],[126.8198161997023,37.5797631024636],[126.8168942009732,37.580768501483796],[126.8174305998007,37.582384100400596],[126.8167062005251,37.5813098014749],[126.8143599000891,37.5839542002073],[126.8134502009988,37.5833279008336],[126.8119361017073,37.5844057022238],[126.8118402990154,37.5834095016962],[126.8101368007189,37.5823112027945],[126.8024749007956,37.5835150009527],[126.80053460273591,37.5843523001154],[126.80229030098019,37.5862959981717],[126.8040517007932,37.5858613000787],[126.8014901001467,37.590113202095],[126.7991025006598,37.5891935002678],[126.79949670004841,37.590481801035196],[126.7979963002631,37.5878285007651],[126.79665439905669,37.5889772017305],[126.79627209946979,37.5885196998188],[126.79730479843711,37.5878652004733],[126.7966476990942,37.5858404024981],[126.79489289932299,37.5869201017893],[126.7943830999358,37.586087600307096],[126.79319390112501,37.5863285000662],[126.7921608007768,37.5874630015493],[126.7898681998761,37.5864119012853],[126.789910298262,37.5833568999122],[126.7887793993929,37.579745603523506],[126.7870287985526,37.5831537019494],[126.78661289800979,37.5787482034993],[126.7848366984738,37.5782737999587],[126.78846320059719,37.5784861986078],[126.79141360197539,37.5804773998715],[126.79463230180791,37.580977399667205],[126.79347060266211,37.583896698085496],[126.79631119990181,37.584389297632],[126.7984296986404,37.581064900109304],[126.79813849966139,37.5795593993005],[126.79930379958681,37.5798126991386],[126.79891689954789,37.577712100643],[126.7958203993537,37.577875000399295],[126.7954923997577,37.575665202439204],[126.79316130025819,37.5771305021091],[126.7840479994705,37.5753331981572],[126.7896203008676,37.5695169968577],[126.7910775026199,37.5710426959877],[126.7954244001704,37.568386396372205],[126.7988997005788,37.571171499729296],[126.7996924003443,37.5756478961711],[126.80062629941041,37.572519199299805],[126.8025624988191,37.5723998983245],[126.803845399126,37.571147199273696],[126.8033780993776,37.5695627997475],[126.8043332988424,37.5680287006308],[126.802456799468,37.566965500185304],[126.80182379832189,37.564436301729394],[126.8001116000341,37.5643951017706],[126.79681789916259,37.5624330001926],[126.79655049940679,37.5613543996905],[126.8010809994952,37.5610990992378],[126.80223929993349,37.5595927991479],[126.80369469908699,37.559325898907595],[126.8037177990639,37.5583227999107],[126.8050387001578,37.5573117993449],[126.80657879877239,37.5569428995911],[126.80637989888,37.5561358999228],[126.80723329903789,37.5564599992315],[126.8077530985181,37.5554534002381],[126.806664203464,37.5541647933941],[126.81098919956469,37.5510346971854],[126.815482000446,37.549886799277104],[126.818702299798,37.5467933992864],[126.8200845993996,37.547670098899594],[126.8216088003644,37.5456504996228],[126.82309620004699,37.5470100985819],[126.8237985004818,37.5458471983768],[126.82503309997419,37.546522699247795],[126.8271570988528,37.5458785992804],[126.8266406988708,37.5422140011312],[126.8248472006643,37.542025201319994],[126.8242644996581,37.5426469010445],[126.8244543992839,37.5414683001736],[126.8227037992834,37.5410644008017],[126.8212977988521,37.5388898994874],[126.8241735972656,37.5387050992298],[126.82438379858971,37.5347048003398],[126.8263734000937,37.532894199687505],[126.827441099026,37.5333257992559],[126.829036799385,37.531930100081],[126.8275140987736,37.530744300215204],[126.8285859997264,37.5275777000298],[126.8297806997786,37.5276053987685],[126.83165439846721,37.5252718991745],[126.8327763991702,37.5256830994398],[126.8330771000316,37.524612699600596],[126.8333246011175,37.5266020989391],[126.836746599074,37.5255795002182],[126.8365008992731,37.524332201253706],[126.8350297993146,37.5251816001442],[126.83502249938809,37.521666701039194],[126.83418669907981,37.5213486005579],[126.83568459767989,37.520331399518305],[126.8356953987507,37.5184794984287],[126.8368460001507,37.5189371988177],[126.8380402989564,37.5172303005246],[126.83503999827481,37.5157299994618],[126.83881839987069,37.5154681983657],[126.8406662997611,37.5125834992552],[126.8429669997478,37.512762799247994],[126.84348299923181,37.512169299841496],[126.8428910994772,37.5114360992623],[126.8434829996592,37.5121692987711],[126.8447143984278,37.510752400188004],[126.8438409993012,37.5095290014114],[126.8428358987637,37.5095930008032],[126.84388159933711,37.5088589998722],[126.8433273996395,37.508563900034],[126.84380689916,37.50691720168069],[126.8413534969005,37.5037522033298],[126.83819369813031,37.5020909035455],[126.8364370973726,37.498840003825],[126.83185969974889,37.5011213009586],[126.83153500045181,37.5020392004509],[126.8296670023198,37.5021342003559],[126.8291012006878,37.5059619004547],[126.8279152002941,37.5047634015865],[126.8225653016423,37.5060002021993],[126.8201476019661,37.5084407040617],[126.818540800846,37.5130143041736],[126.8136698006774,37.515994302278706],[126.8125946017526,37.5196277986452],[126.8132057011415,37.5194913987816],[126.81415580102329,37.5221164996955],[126.8170240024021,37.5231110005455],[126.81661120028049,37.5253282013533],[126.81351630084261,37.5274516000144],[126.8125727006098,37.5297080000664],[126.80907570057589,37.5303232018158],[126.8067174011107,37.532735499649604],[126.80638169880861,37.5342177019767],[126.8062295993022,37.533272200567296],[126.8053609992895,37.5332637000934],[126.80601269840109,37.532616700278496],[126.80290319998811,37.5323133003683],[126.80378019897431,37.5315855007318],[126.8021254006291,37.5296959026214],[126.8009365996504,37.5298942021606],[126.8001306993633,37.5318472005523],[126.7988588982065,37.5300397998043],[126.7970593986488,37.5296723001547],[126.7967160982722,37.5268729998547],[126.7979377982714,37.5255966999051],[126.7969797990618,37.523442800561895],[126.7958967991719,37.5237194004213],[126.7934328006788,37.522631101109496],[126.7922957994793,37.523336800066105],[126.7952835986938,37.5227118994236],[126.7951370987235,37.5214121994636],[126.7957288998689,37.5208144993886],[126.7963443998987,37.5212817994532],[126.797650299395,37.5194091992787],[126.8008203993168,37.5178720991889],[126.8005897993267,37.5169912997993],[126.8015239983925,37.516036600754],[126.79414509847689,37.5103290019999],[126.7942731971318,37.5086246015864],[126.78391220000421,37.5115800005396],[126.7839076988613,37.5105279005492],[126.78275709832519,37.5105295000021],[126.78275529833171,37.509367399998204],[126.78028479924481,37.5084645004033],[126.78028269924211,37.5073531004925],[126.7783830996944,37.5073013005232],[126.7765857006406,37.5085914002757],[126.7769782005538,37.5091999005815],[126.77560370083981,37.508897101020096],[126.77499330008821,37.5105050017032],[126.7749029979675,37.5081483011436],[126.7726696002009,37.5070655022264],[126.7724348991475,37.509057300612405],[126.7726695968196,37.507065500409105],[126.7707123987768,37.5056178018568],[126.7683003011889,37.5063259011487],[126.7670566014043,37.5078808010894],[126.7667980984548,37.5066121015335],[126.76514370010919,37.506396601749],[126.76495320009869,37.5081845004621],[126.7638783977563,37.508219101633195],[126.7636298979615,37.5070237014955],[126.7606763992807,37.5060981001805],[126.7604759996147,37.5042631003597],[126.75903449984129,37.5032547003142],[126.7593760995247,37.5012483000633],[126.7609546993693,37.502206199285204],[126.7613103990136,37.5013426001488],[126.76066919909799,37.50078159992481],[126.7619430998593,37.4987717993323],[126.7644341006543,37.499998899501904],[126.7646257005748,37.5008316003534],[126.7631894009026,37.501853299821],[126.76760140040291,37.5014290996291],[126.7668898007753,37.5016762004689],[126.7673044003607,37.5036188985262],[126.7689844986806,37.5027593993857],[126.7687834990237,37.5018009999313],[126.7704777981981,37.5010521002362],[126.77151309658001,37.4993145991945],[126.7740544986803,37.5005831973279],[126.7756063968428,37.497538399359605],[126.7763818998508,37.4966480986172],[126.7777344997175,37.496890698574305],[126.7780921996024,37.4955859989019],[126.7793615001487,37.496919200189],[126.7788255006429,37.4968308004445],[126.7784989006989,37.4980319999708],[126.7790567002962,37.498132300262704],[126.7784989004475,37.498032000919004],[126.7781463008001,37.4993087996422],[126.7795417997721,37.4999745993776],[126.7804765994325,37.4998019993438],[126.7799554997359,37.4989927996137],[126.7811440995667,37.4994162995889],[126.7813796002029,37.498550099234905],[126.7834099981725,37.498309999475],[126.7833131993835,37.4960093995656],[126.7852070005864,37.4951544993851],[126.7863041013205,37.49660589934],[126.7897620001643,37.496777899406695],[126.7906113007065,37.4981214990417],[126.7922225990952,37.4976020995611],[126.7920164005228,37.4970590993347],[126.7931489004759,37.497140199329294],[126.7930661010993,37.4985632987458],[126.7967727984237,37.4977589973482],[126.79500659953939,37.4939627004238],[126.7942318993929,37.4944624020071],[126.7925261001288,37.4934412006512],[126.7922508004781,37.4941186007357],[126.79237589944749,37.4924942005767],[126.7887656995192,37.4929599017659],[126.7884660984022,37.4916379009197],[126.7852504001523,37.492084400685606],[126.783288499001,37.490099800144804],[126.784029599143,37.4899923995878],[126.7838037993688,37.4889930005872],[126.78114390102441,37.4893868003306],[126.78104470045369,37.490424400143404],[126.7781235003772,37.493028000574306],[126.7767796997803,37.4910328013013],[126.7757136995137,37.4917965008111],[126.77258040005549,37.490466300410404],[126.7675222002183,37.495741501086],[126.7672813985855,37.4946382007521],[126.7657508995099,37.4948263006286],[126.7653505998981,37.4937920001084],[126.7643781990587,37.4945322003001],[126.76417339884931,37.493470100673505],[126.76105850073931,37.494560400305296],[126.7603764001075,37.4958412005858],[126.7596092992317,37.4956416999027],[126.75910979973061,37.4935797013627],[126.75864230016991,37.4948797005054],[126.7563669002152,37.4946846010066],[126.7558554007267,37.4964816992095],[126.75727779996,37.495638099782404],[126.7579486008031,37.4971009991658],[126.75917680067981,37.496841600003506],[126.7579486008194,37.497101000852],[126.7579674000274,37.49826120013],[126.75629380096619,37.498058300255494],[126.7565920998784,37.499177700857494],[126.7556097994074,37.4972586002874],[126.754760100233,37.4974019001532],[126.754844699748,37.4985624002835],[126.7530031001805,37.4968226020065],[126.75145780003929,37.4976520008257],[126.7505948995088,37.4972080000038],[126.7506559994477,37.49546870174311],[126.74848449964651,37.4956077004193],[126.74582340022191,37.4942123024026],[126.7470169985787,37.4934016995946],[126.746508799597,37.4916294001116],[126.7414089993904,37.4936945003956],[126.7407035997284,37.4922662011573],[126.7391534993173,37.4917831012425],[126.73901409926,37.4888870011217],[126.7374084008657,37.488973101035604],[126.73800700022329,37.490208100613195],[126.736282500722,37.4885590011152],[126.73228040063209,37.492875899496],[126.7337395008379,37.4928995002695],[126.7320844013068,37.4939694999187],[126.7299458004985,37.497767700345996],[126.7292216997073,37.4970438011582],[126.7257058006875,37.4983899009016],[126.7262534000631,37.4993001007145],[126.7217229003708,37.502450100994494],[126.7198678990393,37.4997293013638],[126.7189364972248,37.500049199972],[126.71911849712819,37.4976096990981],[126.71777489847179,37.4959542007536],[126.7187255988582,37.4944669999618],[126.7179064996773,37.4938926005362],[126.7165199999868,37.494594900905305],[126.7159859984696,37.4938852991117],[126.7173736981662,37.4887447003302],[126.7164977990421,37.487618101456796],[126.71516220037769,37.488831900243],[126.7141486006424,37.4881730008123],[126.7143663999655,37.489325800472805],[126.71328150105039,37.4891773006213],[126.71424530021031,37.491000501996496],[126.71183789917,37.4907788012208],[126.7135724993903,37.4904665990045],[126.7121223993866,37.4877846005277],[126.7127907991322,37.4853975014416],[126.71019169955899,37.4866208002015],[126.7105231992946,37.4843258008513],[126.7085140993175,37.4838821003326],[126.7102375984939,37.482789399966904],[126.70925839834389,37.4817399007298],[126.7084894985279,37.4777719011244],[126.70677649808951,37.478374799365994],[126.705848099619,37.474551601185595],[126.7017108003899,37.4766779018498],[126.6964934998004,37.4759010023522],[126.6961765993458,37.4704597007357]]],[[[126.6972532991364,37.633261999903304],[126.6998844982388,37.628926898497404],[126.7015452998545,37.6280435991745],[126.7033281997848,37.628478899413295],[126.70379969931331,37.627484900407296],[126.7029717997288,37.6271280998202],[126.70568649969739,37.6266737995276],[126.7057758999348,37.6272290994415],[126.7091625999598,37.6270820993956],[126.7090969003101,37.627733999219195],[126.71139839949949,37.627294699794604],[126.71235399894381,37.6257963009216],[126.71001559947271,37.625061900854895],[126.7105833993545,37.6233266003674],[126.7092308994631,37.6219546003618],[126.71091129953511,37.6211561991869],[126.71066259981511,37.6200122999705],[126.7125541993268,37.618252399433906],[126.7119308965036,37.617341698923894],[126.713418899359,37.614850799671],[126.7146222987989,37.6154429992245],[126.71574939811971,37.6121066000512],[126.7168924003322,37.6117238978667],[126.7167853009842,37.615674196386],[126.7198599002638,37.6158264965539],[126.7205753995483,37.6123949999854],[126.723685497457,37.6102895992865],[126.72320979862931,37.608339199752606],[126.72421059920481,37.6079326986168],[126.72467399958859,37.6064554994809],[126.7264235996587,37.6068004993775],[126.7268007992815,37.6060839000941],[126.72597409945121,37.605481499314706],[126.7274376985728,37.6049673993574],[126.7274367005396,37.6055505996551],[126.72893429904201,37.605465799739896],[126.72893449997879,37.6042147986301],[126.7300375988757,37.60431489853],[126.73144499859059,37.602078298756204],[126.7329627993794,37.6051723981316],[126.7339903022184,37.605891497882396],[126.7368690005229,37.6047940997377],[126.7415899017654,37.6098246999358],[126.7407051005586,37.610976899566296],[126.7413691000394,37.614476501160404],[126.74117529993839,37.6137504000602],[126.7401922009651,37.613759600853804],[126.7402929000669,37.6156615019173],[126.7354035025704,37.615784702866],[126.7359627021402,37.618701603135804],[126.7299730999452,37.621718600802204],[126.72604650148139,37.6224311011442],[126.7268112002337,37.624743300682496],[126.7238156998575,37.6257409035457],[126.7212208991135,37.624215904643705],[126.71844780188661,37.6253263035333],[126.7178637000753,37.627800700206],[126.7160872997943,37.625053002581105],[126.7135746004186,37.624687203292396],[126.7123540016392,37.625796302183296],[126.7124178015754,37.62858959939],[126.71155660048069,37.6295875997904],[126.71290310023831,37.632075100339904],[126.71197380073839,37.6318190003404],[126.7127695999426,37.6328058993535],[126.713507605978,37.6324782025736],[126.71070449968711,37.633410400875],[126.71025259999641,37.6328967996809],[126.7109194993295,37.633010899566806],[126.7116105985913,37.6317105007358],[126.7106403995615,37.6307835016628],[126.7086300015021,37.632568300361605],[126.7089003014913,37.635971398314005],[126.7104199999851,37.636277000306],[126.7078531001018,37.636619501040805],[126.70585269840059,37.6349812024492],[126.70354070071261,37.6366738007566],[126.7014978001827,37.6362306003541],[126.7019499001749,37.6369248006242],[126.7009473999847,37.637160100089204],[126.7006075995938,37.635534300809105],[126.699567799789,37.6348053009883],[126.6989637991104,37.635213798973005],[126.70067299953429,37.6340020000719],[126.6999399996332,37.632543600931896],[126.6972532991364,37.633261999903304]]],[[[126.7002569990231,37.6271832000324],[126.70032470107509,37.6272262999918],[126.70028159992499,37.6272706005154],[126.7002569990231,37.6271832000324]]],[[[126.70097179945131,37.456922800431],[126.7032283003934,37.4567275994216],[126.7031571011955,37.4576794004763],[126.70189499964849,37.4584379004579],[126.70097179945131,37.456922800431]]],[[[126.7010575996231,37.4493173999864],[126.7010576002052,37.4493173990131],[126.701057601369,37.449317399471795],[126.7010575996231,37.4493173999864]]],[[[126.70196899965981,37.4558378005519],[126.70196899993681,37.455837799547595],[126.7019690004255,37.4558378000773],[126.70196899965981,37.4558378005519]]],[[[126.7032634994508,37.6374573996449],[126.703791900414,37.637478799948994],[126.7033711999571,37.6374618004945],[126.7032634994508,37.6374573996449]]],[[[126.70611099937221,37.4817588995213],[126.7061110008688,37.4817588987742],[126.70611100149131,37.4817589007108],[126.70611099937221,37.4817588995213]]],[[[126.7184212986668,37.5079571997749],[126.718655899548,37.5066810995566],[126.7195197995193,37.506589499844694],[126.7190160995183,37.5061871989578],[126.7201866002477,37.5056284990445],[126.7227413006442,37.506507799914104],[126.7227899000449,37.507376900843894],[126.7216245000119,37.5068403007313],[126.7184610004798,37.508498100718896],[126.7184212986668,37.5079571997749]]],[[[126.7202534993546,37.5382561002629],[126.7224360993183,37.5374752989243],[126.7225889995482,37.5363871990237],[126.7230955006348,37.5374762993425],[126.7242401003429,37.5374600999752],[126.7226426002006,37.5404282005453],[126.7216991992184,37.5387095008516],[126.7202728996508,37.5390539002699],[126.7202534993546,37.5382561002629]]],[[[126.7203728951982,37.571066598109],[126.7210225991764,37.5671239982634],[126.72443299576601,37.5671537982336],[126.7249979969846,37.5621444994588],[126.733804902592,37.5666380926047],[126.7424515996301,37.563916595303596],[126.74503589704581,37.559928199292],[126.7437986986025,37.5582483000234],[126.7413139950829,37.5578742013686],[126.7396923967045,37.5560227032201],[126.740339400185,37.5562993988343],[126.7427901995904,37.5542465995101],[126.7410945010522,37.551437801863806],[126.7399192006052,37.5524839026498],[126.73938479820059,37.551863002278395],[126.7389487992393,37.5502116999488],[126.74047299916309,37.5502987998372],[126.74038989928779,37.5481199001986],[126.7387232009545,37.5479603003582],[126.7378463999568,37.5493398004837],[126.7362312998264,37.5487561011058],[126.7359553995683,37.547555700774495],[126.7347466996169,37.5475689004338],[126.7338830994462,37.5462932006424],[126.7327201995413,37.546110599848696],[126.7345691994108,37.5450415996821],[126.73392769919009,37.5440638995822],[126.7361802994399,37.5419383996381],[126.7356457999539,37.540890599177494],[126.7377376000009,37.5423792989195],[126.7393934997912,37.5411597994145],[126.73937770036021,37.542613599727204],[126.7405748005612,37.543258299536795],[126.74220149939259,37.5435722991889],[126.7421054004955,37.5426487999704],[126.7425224003644,37.543677500557],[126.7409536002974,37.545434400386796],[126.739562900564,37.5456877007884],[126.7399090006744,37.5465820003325],[126.7407864001139,37.5474053999094],[126.7428531999644,37.5462475992066],[126.74219740063279,37.5466738999066],[126.74335410033241,37.548371698935696],[126.7445126996847,37.548374299131],[126.74459729998969,37.5476654992127],[126.7456922027628,37.5486194004539],[126.7450859033795,37.5493200999393],[126.7498365011131,37.5555386996037],[126.7481628009027,37.5556115006747],[126.7488449029453,37.5575788009669],[126.74644360185381,37.558757103128904],[126.74607190222551,37.5617541001319],[126.7478192029886,37.5654620986194],[126.747800600632,37.5674291993367],[126.74884300075989,37.5671466993045],[126.7504947018667,37.5699841009502],[126.7481874014591,37.5700858006179],[126.7465356002539,37.5732882014854],[126.74478710103169,37.5731930016057],[126.74344600222261,37.574667401701],[126.741459400578,37.5745667027374],[126.7389517008182,37.5784779022482],[126.736323001474,37.578434000581304],[126.7358392014246,37.5794444007671],[126.734865300341,37.5795625013536],[126.7337511997879,37.579402900651196],[126.7334135996618,37.5777851015522],[126.7318058994339,37.5780059013873],[126.7325697989094,37.577685599764905],[126.7319683995108,37.5754869019636],[126.7300416989806,37.575269501098994],[126.72767230135,37.571356305012195],[126.7203728951982,37.571066598109]]],[[[126.72084549794269,37.5165200001099],[126.7214168002087,37.5159645993961],[126.7223066004586,37.5167099995296],[126.7215187010195,37.5169201003304],[126.7216122005643,37.5179028000867],[126.72084549794269,37.5165200001099]]],[[[126.7211709989498,37.5302799999525],[126.7218720000086,37.5305419995442],[126.72252379899611,37.529568098396496],[126.723781200225,37.5302428999755],[126.7222546005433,37.530608600079],[126.7225645000059,37.5310950006863],[126.7211709989498,37.5302799999525]]],[[[126.7236373992815,37.5434986998567],[126.7247127991902,37.5432854997389],[126.7246431005717,37.542416499252],[126.7261248990899,37.542352499316],[126.7255264995099,37.541496199723],[126.7283015997528,37.539961798884804],[126.7285038015099,37.542485499143694],[126.7319597002312,37.5417965998199],[126.7304974005844,37.5445706004042],[126.7296423007418,37.5438011004762],[126.7274313012786,37.545239300263],[126.72805240065749,37.5460949994073],[126.7293382001517,37.5457892996454],[126.72872330001469,37.5465450001924],[126.7274098991284,37.5448194004598],[126.7236373992815,37.5434986998567]]],[[[126.72521719845601,37.627544701741904],[126.7252171998298,37.6275446999431],[126.72521720115671,37.6275447013932],[126.72521719845601,37.627544701741904]]],[[[126.7286765993373,37.507244500396],[126.7303014999641,37.5053585994767],[126.73330570070921,37.506146999959796],[126.733366901103,37.5078658001084],[126.7314522006838,37.5087350004886],[126.7324374986799,37.5079348998972],[126.7315545995628,37.5071750006571],[126.7300590003771,37.5064255006295],[126.7292300001006,37.5079300008522],[126.7286765993373,37.507244500396]]],[[[126.7307222996663,37.5086978000203],[126.730722299961,37.5086977995776],[126.7307223005194,37.5086978000958],[126.7307222996663,37.5086978000203]]],[[[126.73222309977079,37.542945400182],[126.7322326998698,37.5427384991731],[126.73223560088219,37.5431162005299],[126.73222309977079,37.542945400182]]],[[[126.7381958995974,37.5062498997957],[126.7386864001096,37.5070478991693],[126.7394901993058,37.5068228993943],[126.74018380087429,37.5050164001331],[126.73988720026679,37.507337800571],[126.7381958995974,37.5062498997957]]],[[[126.74089269858881,37.5088091002391],[126.7410431994943,37.5083292993677],[126.7415659011533,37.5089522999645],[126.7412556001864,37.5100536006396],[126.74089269858881,37.5088091002391]]],[[[126.741424999542,37.5460322998508],[126.74142500034041,37.5460322994929],[126.7414250001528,37.5460323003807],[126.741424999542,37.5460322998508]]],[[[126.74164619935661,37.5062824004165],[126.7420243001573,37.506156399770504],[126.74228290091001,37.5064905001433],[126.74202430007959,37.5061564005112],[126.74164619935661,37.5062824004165]]],[[[126.74194789920669,37.5076406998186],[126.7427977999822,37.5074343997706],[126.7428678001207,37.5081018004165],[126.74194789920669,37.5076406998186]]],[[[126.7429956982097,37.5036127000857],[126.74299569878819,37.5036126967874],[126.74299570080599,37.5036127010061],[126.7429956982097,37.5036127000857]]],[[[126.7439533992395,37.5064786001552],[126.74395339951309,37.5064785991487],[126.7439534004143,37.5064785996973],[126.7439533992395,37.5064786001552]]],[[[126.7439956987125,37.6077650008472],[126.74399570012329,37.6077649983013],[126.7439956993596,37.6077650019955],[126.7439956987125,37.6077650008472]]],[[[126.74690839936629,37.5062537004152],[126.74925999886611,37.5047834994521],[126.7492246998834,37.5035102998372],[126.7503810997421,37.5036862997899],[126.7506328998348,37.502501698397005],[126.75225569969281,37.5015975992051],[126.7521030999672,37.5007819998248],[126.7522557000039,37.5015975991634],[126.75386620087761,37.5019268995115],[126.753847800374,37.503227799510796],[126.7559392999453,37.5029566993641],[126.7550524009515,37.5032039000872],[126.75671400060371,37.5050654989476],[126.7573524004525,37.5037689997934],[126.7590953005807,37.5047416994913],[126.75925870049231,37.505882699766204],[126.75727020090089,37.5076837998754],[126.7530275004018,37.5085383003824],[126.7539045008137,37.5095244004227],[126.753341299919,37.509095500986504],[126.752949300109,37.510120700505105],[126.75114459935351,37.5074084009144],[126.750120199978,37.5083785002571],[126.74971269894141,37.5072011001616],[126.74690839936629,37.5062537004152]]],[[[126.7503030991243,37.5519934999666],[126.7508668004228,37.552154700083705],[126.7505869006495,37.5523247026965],[126.7503030991243,37.5519934999666]]],[[[126.7523914981386,37.605188399794606],[126.7562321984614,37.6039739964777],[126.7585875975881,37.5998814988906],[126.7621119987046,37.6037209958987],[126.76423419658241,37.602091697528],[126.7634261973158,37.5988578971253],[126.76484359693171,37.5983508970947],[126.7638490979262,37.5942855011601],[126.7616900000853,37.5946468007988],[126.7608956994092,37.5938783002531],[126.7616899998608,37.5946467988448],[126.7630103985404,37.5933678001238],[126.7617268998239,37.5920021014895],[126.76120869779339,37.592335401012406],[126.7643936988264,37.5903485982966],[126.76396200120081,37.5907694000501],[126.7651357000271,37.5921290986904],[126.76687260160939,37.591321699165704],[126.7658066013159,37.5918786012702],[126.7660352010873,37.5933170998317],[126.76921490013329,37.5947189988745],[126.7703919989562,37.59413349946],[126.7692759021101,37.592575096404296],[126.77325990270229,37.5926281979295],[126.7763571017351,37.591041099123096],[126.77898860088011,37.5942447972773],[126.78098320183139,37.594212100261],[126.77866279915901,37.5953626004018],[126.77898859883321,37.5942448015196],[126.77769180013,37.592642603121796],[126.77591989936681,37.5973045009693],[126.7762214996759,37.5957522001074],[126.7750847008127,37.593979601879994],[126.77239629991439,37.5953873002958],[126.77039199986591,37.5941335003691],[126.7690536010583,37.595149299474706],[126.7704960996158,37.596319898304095],[126.7716459006648,37.5957902998928],[126.7708409018138,37.597643498591296],[126.7728417010662,37.5990191987344],[126.77434649956139,37.5989726987809],[126.7755959992395,37.6008727976582],[126.7787132997832,37.599575498908],[126.778885800912,37.6016993978645],[126.7808076989901,37.60193389763],[126.7820233012162,37.600331998221904],[126.7843192020409,37.602033901645704],[126.783607001068,37.6037395004842],[126.7841478005785,37.604405400515496],[126.7825988999914,37.606968302412],[126.7766869013767,37.608961802112006],[126.7751889985949,37.610904002740995],[126.7718441001083,37.611227102929],[126.7703103995093,37.609846702846795],[126.7687144011053,37.611844500848996],[126.7652323992154,37.6079807009819],[126.761516400697,37.6077494011433],[126.7609115013019,37.609884699008],[126.7615498993853,37.6101586018589],[126.7601820955903,37.6070639008452],[126.7558646999077,37.6070330008761],[126.75461940038879,37.6053044021901],[126.75276450084709,37.6065840004409],[126.7523914981386,37.605188399794606]]],[[[126.7536593991696,37.7139007003215],[126.7541063003388,37.7138831983777],[126.7541063010041,37.7138832013561],[126.7536593991696,37.7139007003215]]],[[[126.75416969908541,37.510799199801],[126.75416970015631,37.5107991992953],[126.7541697003905,37.5107992003242],[126.75416969908541,37.510799199801]]],[[[126.7550448995442,37.5093757995608],[126.7555658000477,37.5093078999938],[126.7554465000654,37.5093235003857],[126.7550448995442,37.5093757995608]]],[[[126.7568666982814,37.7100650998059],[126.756881199696,37.7091957986527],[126.7569412009743,37.7100773996223],[126.7586863998222,37.7099195997749],[126.7592377990126,37.7075562016648],[126.7584686981085,37.7073586004899],[126.76084139875181,37.704395999942804],[126.7594197998478,37.703287199997895],[126.76085930080151,37.7022918992689],[126.7612524009463,37.7043880004364],[126.7599462013207,37.705541499366106],[126.7608766003903,37.7062618986457],[126.7603214009926,37.707599000076705],[126.760963301904,37.7093871998065],[126.760217301196,37.7107021996081],[126.76277520072769,37.7167241002449],[126.7606479002624,37.716407500425305],[126.7600482000584,37.7176720011609],[126.75794350060299,37.7161039013569],[126.75738409936909,37.7172862007945],[126.75925499766869,37.712127799236896],[126.75691829800199,37.711160999223495],[126.7568666982814,37.7100650998059]]],[[[126.7602596996015,37.7188857002498],[126.76025970037081,37.718885700078104],[126.7602597002877,37.718885700674804],[126.7602596996015,37.7188857002498]]],[[[126.7603855998483,37.7196254999754],[126.7604702005566,37.7201001997717],[126.7604701997578,37.7201002010657],[126.7603855998483,37.7196254999754]]],[[[126.7634480987145,37.7187860994366],[126.768343100151,37.7198898997934],[126.76781960052939,37.721269199699904],[126.7687788995701,37.721787299181806],[126.7700002002803,37.7194108992016],[126.7707253014802,37.7226085986677],[126.7745474007482,37.7224587994151],[126.77456019958049,37.7240493011547],[126.7726505014902,37.7236109015931],[126.7724152001716,37.7312867026206],[126.768829099383,37.7286252003461],[126.7677167990558,37.723630300870205],[126.76631339935071,37.7227537009621],[126.76501469821069,37.720345899753],[126.7634721997532,37.71966890043],[126.7634480987145,37.7187860994366]]],[[[126.7649932957558,37.754120100644904],[126.7653311998588,37.7519639994884],[126.76752609765539,37.7486376966579],[126.7693713007594,37.7484729976156],[126.7676459009171,37.7486663005298],[126.7678173007457,37.749834399361696],[126.769918600572,37.7503677993928],[126.7709006001422,37.7522091001385],[126.76900939986591,37.751353900328695],[126.7686239008213,37.752638399702406],[126.7694729004221,37.7533689002046],[126.7686236003378,37.7533713004336],[126.768623,37.7541382006057],[126.76837219998,37.753482001034996],[126.7649932957558,37.754120100644904]]],[[[126.77155849893789,37.7657289998945],[126.7734739997613,37.764904699378604],[126.775665599455,37.7650649992458],[126.7761230005822,37.7643730995319],[126.776939700692,37.767898000311604],[126.7752524998389,37.7656673004688],[126.77412340048849,37.7667227029874],[126.77155849893789,37.7657289998945]]],[[[126.77977009940959,37.5993583997803],[126.7798890017816,37.5992873974384],[126.7798890015194,37.599287399971004],[126.77977009940959,37.5993583997803]]],[[[126.7823688997058,37.5937061000443],[126.78276869972841,37.5936706996732],[126.783408600054,37.5939567999719],[126.78276870053581,37.593670700659594],[126.7823688997058,37.5937061000443]]],[[[126.783918499386,37.5944228999074],[126.7839185013967,37.5944228983221],[126.7839185002233,37.5944229006536],[126.783918499386,37.5944228999074]]],[[[126.7870387986711,37.585566499577496],[126.7870388001407,37.5855664999134],[126.7870387996829,37.585566500193195],[126.7870387986711,37.585566499577496]]],[[[126.78977049969821,37.5887623003849],[126.7897704999738,37.5887622989349],[126.7897705005533,37.5887623003062],[126.78977049969821,37.5887623003849]]],[[[126.7929002987791,37.7963100995061],[126.7929003000979,37.7963100993016],[126.79290030159589,37.796310101153],[126.7929002987791,37.7963100995061]]],[[[126.79322509867531,37.4500718006076],[126.7932251002602,37.450071799838106],[126.793225099989,37.4500718010786],[126.79322509867531,37.4500718006076]]],[[[126.7936617995523,37.4506802004702],[126.79408630035691,37.4506397995134],[126.7941928005108,37.4509232004772],[126.7936617995523,37.4506802004702]]],[[[126.79464039775621,37.528343300007705],[126.79508219990609,37.528030298697395],[126.7953319004899,37.528269699725],[126.79464039775621,37.528343300007705]]],[[[126.7964663996663,37.581487200495],[126.7964663999605,37.58148719981],[126.7964664003036,37.581487199984394],[126.7964663996663,37.581487200495]]],[[[126.79677799964891,37.5812023000949],[126.7967780001816,37.5812022991959],[126.79677800029211,37.5812022999719],[126.79677799964891,37.5812023000949]]],[[[126.8024321970618,37.5327176996818],[126.802432200771,37.5327177001555],[126.8024321998863,37.5327177042577],[126.8024321970618,37.5327176996818]]],[[[126.8036026996005,37.5331112997619],[126.8041864996774,37.533437199522204],[126.80422830042221,37.5333708999862],[126.8041864994816,37.5334372008493],[126.8036026996005,37.5331112997619]]],[[[126.8328555992604,37.5966038991406],[126.83289619921979,37.5965571991873],[126.83351190069651,37.5958100996983],[126.83289620108579,37.596557200132196],[126.8328555992604,37.5966038991406]]],[[[126.83448559683009,37.591888800163],[126.8344856007782,37.5918887990217],[126.83448560162819,37.5918888003047],[126.83448559683009,37.591888800163]]],[[[126.8647993997747,37.575773999929005],[126.864799400175,37.5757739999647],[126.864799399927,37.5757740001274],[126.8647993997747,37.575773999929005]]],[[[126.8737692960407,37.4156341016025],[126.88163869808899,37.4112540953974],[126.88687939879989,37.4129794969685],[126.8911236987567,37.411705399363804],[126.89274490061909,37.409799799515405],[126.8914945032966,37.4160568005897],[126.8930872004692,37.4205719998656],[126.8922352011736,37.4209040000025],[126.8921274004176,37.422136700542104],[126.88704080207499,37.4215190031337],[126.88565130346451,37.422809401843296],[126.88505740035919,37.425462003256804],[126.8848896990734,37.4242961999297],[126.882817000995,37.423478600718404],[126.8811330999939,37.4267010007139],[126.877622003505,37.42379120362369],[126.87498929664329,37.422662504438804],[126.87762199887901,37.4237911970206],[126.8805033959976,37.4215000993117],[126.8784202980807,37.4189413018705],[126.8747347962834,37.417480701414895],[126.8737692960407,37.4156341016025]]],[[[126.8822595998431,37.501797100028895],[126.882259600132,37.5017970998831],[126.8822596000262,37.501797100092],[126.8822595998431,37.501797100028895]]],[[[126.8828917995598,37.653751999261296],[126.8828918000672,37.6537520000244],[126.8828917999722,37.6537520000645],[126.8828917995598,37.653751999261296]]],[[[126.8835375961901,37.4088698977816],[126.8835375997412,37.4088698973501],[126.8840714004447,37.409137000216504],[126.8835375961901,37.4088698977816]]],[[[126.8943336998385,37.42001169980681],[126.8954575012772,37.4192192996961],[126.8953567005392,37.4197781023623],[126.8943336998385,37.42001169980681]]],[[[126.8953298999338,37.4189674999385],[126.89532990055649,37.4189674991115],[126.8953299000947,37.4189675001579],[126.8953298999338,37.4189674999385]]],[[[126.8981945989396,37.4387144000583],[126.8988991003516,37.4378832986212],[126.90105049892739,37.4383331991097],[126.9003296986148,37.4333912012317],[126.8996214981528,37.431837700714205],[126.8982269990141,37.431532599579],[126.89862949765539,37.429681300016895],[126.90027289854021,37.429558998745996],[126.9004152983978,37.4275612007438],[126.8982035992075,37.4267009992435],[126.9015870002205,37.4267252986357],[126.9049919011024,37.4244061992115],[126.90662470277219,37.4278148966918],[126.9104201028793,37.431712697380796],[126.9083356026987,37.4318543012556],[126.9073429036914,37.4339447991651],[126.9085385024958,37.4353567977531],[126.9111845026149,37.436315198891705],[126.9087316004685,37.4354292013628],[126.9076681015128,37.4368731999564],[126.90899350221879,37.4372930997884],[126.90766809975389,37.436873201506],[126.9054371003842,37.4390119996396],[126.90756180053539,37.4396305010743],[126.90336170024081,37.4427499008983],[126.9016846000263,37.4401309013019],[126.8992401986707,37.4423075006233],[126.9008552975872,37.441009100668104],[126.8990418998819,37.438702900477104],[126.8981945989396,37.4387144000583]]],[[[126.8988087995327,37.4482612999537],[126.8991039003706,37.448346700063205],[126.89882520012091,37.4486001004245],[126.8988087995327,37.4482612999537]]],[[[126.9023087987071,37.423295100158796],[126.9068119955285,37.4174074965768],[126.90665249568801,37.415990497993796],[126.90395519947779,37.4135049984898],[126.9056194986982,37.4133796989583],[126.90629130024901,37.4111791990696],[126.9091063992882,37.4126443990741],[126.91300320104551,37.4121653992056],[126.9137459006171,37.4133845000531],[126.9130713002522,37.4149370995243],[126.9152633000659,37.4160247003136],[126.911804601024,37.4176677997422],[126.91125230026731,37.4200882006148],[126.9090164000177,37.4185602004277],[126.90696850057971,37.4197436008404],[126.90663320140641,37.4230758002599],[126.9023087987071,37.423295100158796]]],[[[126.9030031988459,37.620301599304],[126.9031182005601,37.6203425998685],[126.90302389942009,37.6204057003881],[126.9030031988459,37.620301599304]]],[[[126.9083600998658,37.4553273998316],[126.9083601001099,37.455327399412205],[126.9083601004013,37.4553274000329],[126.9083600998658,37.4553273998316]]],[[[126.9174027994199,37.4046297996962],[126.9203839996849,37.406056097725],[126.921672698958,37.4037875993312],[126.9230705987453,37.403286299314395],[126.92307999965679,37.4016399996151],[126.9242416995879,37.4010781995144],[126.92396909972709,37.3994753010486],[126.9230953997965,37.400374500104796],[126.9233624992154,37.399130100911904],[126.9225734995399,37.3992763997757],[126.9231589993759,37.3978014996573],[126.92409359992621,37.3983754998723],[126.9249281992589,37.397525199024194],[126.9263867999842,37.3977464993146],[126.9270245017487,37.398155598426804],[126.9266714017204,37.3997691992668],[126.9283132005898,37.399834199480104],[126.92825860081251,37.401016399601204],[126.9291739004009,37.4006755999781],[126.92877090056061,37.4017764001237],[126.9242972990944,37.4034877012862],[126.92332909951651,37.404707900401995],[126.9223894004562,37.404572000537904],[126.9211746997426,37.406684003866395],[126.918479099018,37.4074844024953],[126.9174027994199,37.4046297996962]]],[[[126.9227878998262,37.4005828002323],[126.9227878999373,37.4005827999597],[126.9227879000893,37.4005827999758],[126.9227878998262,37.4005828002323]]],[[[126.9307867991631,37.3837341001951],[126.9315369993904,37.382852497834996],[126.9341733004667,37.3835311982109],[126.9354920992271,37.3820734995878],[126.9351143002839,37.3809562991157],[126.937529901858,37.3813242001682],[126.9354921013893,37.382073500929195],[126.9365546003268,37.3832324997702],[126.9353631004837,37.3833900001367],[126.9351640011898,37.3845913996495],[126.93412130082851,37.3850932999015],[126.9348889001938,37.3853151999785],[126.9335959008544,37.3886402008055],[126.9331255999121,37.386996000894406],[126.93252889969159,37.387614500771996],[126.9321752988286,37.3869660007645],[126.9322649990899,37.385791701076],[126.9311831995428,37.3860123005431],[126.931640199119,37.3854745003184],[126.9307867991631,37.3837341001951]]],[[[126.9351321996018,37.5618588000138],[126.9352901000984,37.562117900125095],[126.9351977995295,37.5621651002492],[126.9351321996018,37.5618588000138]]],[[[126.9364287999387,37.5616077999214],[126.9364288001296,37.5616078001561],[126.9364288000135,37.561607800206595],[126.9364287999387,37.5616077999214]]],[[[126.9365399999104,37.5619297999108],[126.93654000011189,37.561929800038],[126.93653999999559,37.5619298001047],[126.9365399999104,37.5619297999108]]],[[[126.9382870983514,37.3833841000898],[126.9382870989065,37.3833840988894],[126.93828710125099,37.3833841001546],[126.9382870983514,37.3833841000898]]],[[[126.9425824988683,37.3715362992697],[126.9449231005211,37.3701256990033],[126.9455054015639,37.371031100610004],[126.9442547020211,37.3720175004972],[126.9452602006619,37.3731660004636],[126.9434137997561,37.3733013000801],[126.9443721996689,37.371297700212196],[126.9434675005425,37.3710079004926],[126.9428447998921,37.3723842002712],[126.9425824988683,37.3715362992697]]],[[[126.9476577998476,37.389479900050695],[126.9480461000379,37.3885700980802],[126.948905399878,37.389117299393504],[126.94920740023261,37.3884944984611],[126.9540704007328,37.389801300372305],[126.95260670002851,37.3918475005622],[126.95123100048741,37.3909784011613],[126.9506449987032,37.3917174006264],[126.9491951003897,37.3902393009517],[126.9483073997518,37.3907467009602],[126.9476577998476,37.389479900050695]]],[[[126.94773619813179,37.610189200431],[126.9480518050932,37.610129099257904],[126.94773620271289,37.6101892071471],[126.94773619813179,37.610189200431]]],[[[126.9485725994888,37.353613199763295],[126.94857260069841,37.353613199490496],[126.9485725999681,37.353613200188896],[126.9485725994888,37.353613199763295]]],[[[126.95236199971839,37.387791199903205],[126.9527086997255,37.387910999751305],[126.953155000167,37.388064300056506],[126.9527087002937,37.3879110007935],[126.95236199971839,37.387791199903205]]],[[[126.9544477988773,37.466122399344805],[126.9549655000423,37.4658008998493],[126.9551291007589,37.465547600063],[126.9549655008924,37.4658009002693],[126.9544477988773,37.466122399344805]]],[[[126.9582608994276,37.392923700276896],[126.9588176003657,37.391899099543906],[126.960540299345,37.3921239991632],[126.96057999944479,37.3912104998423],[126.9625488005686,37.390718199737904],[126.9637074998337,37.3913057994956],[126.9647529001243,37.3904016997596],[126.96445020072301,37.391239199977804],[126.96524980031319,37.3925550993633],[126.96592630320211,37.3923982009972],[126.9652746037,37.3935434011501],[126.96667120212739,37.395992200174504],[126.9652786000854,37.3969645023122],[126.9630281004321,37.3970845015643],[126.9600324995965,37.3960676005415],[126.9590744998034,37.394743399928004],[126.9595962991181,37.3938574003129],[126.9582608994276,37.392923700276896]]],[[[126.9664387995154,37.3909871001546],[126.96643880000411,37.390987099771095],[126.96643880013971,37.3909871000441],[126.9664387995154,37.3909871001546]]],[[[126.96929939925239,37.4027746002113],[126.97027029897279,37.402406800252],[126.9705088985509,37.3987992987954],[126.97211049877279,37.397866298346095],[126.9737177992076,37.39799909838],[126.9738669990584,37.3964942998848],[126.97604750082351,37.396186898232095],[126.9780668010929,37.3969776989231],[126.9793541999703,37.3962448994821],[126.9815298004289,37.3980410995347],[126.98067310156131,37.4045338007503],[126.9794960008893,37.4074514030338],[126.9789332999207,37.407549002756404],[126.9785039998693,37.4046012009368],[126.97821809771061,37.4055496025181],[126.9749548985891,37.40333540289161],[126.970676800486,37.404965001342],[126.97099769842009,37.4037809999135],[126.9702702991866,37.4024068008558],[126.96929939925239,37.4027746002113]]],[[[126.9975548989261,37.2650108997629],[126.9983184000726,37.265386899648405],[126.99824000000389,37.265524300046],[126.9975548989261,37.2650108997629]]],[[[126.9979528993568,37.2677229998073],[126.9980970990045,37.2670830990224],[126.9982651004137,37.2671371991482],[126.9979528993568,37.2677229998073]]],[[[126.9984471996713,37.2656364001547],[126.99918990005041,37.2651972993729],[126.99971000120259,37.2661600000063],[126.9984471996713,37.2656364001547]]],[[[126.9997161995199,37.2644197999438],[126.999793199988,37.2643127994439],[126.9999711004143,37.264380000083],[126.9997161995199,37.2644197999438]]],[[[127.0371589994968,37.6656632004471],[127.0392687996765,37.6651590997473],[127.0398715993468,37.663611499722904],[127.04040589945309,37.663861899412304],[127.0402092997311,37.662840099905594],[127.0415341997646,37.6628229991948],[127.04219520008719,37.6615839994465],[127.0439541000428,37.662016298998],[127.0446758005799,37.6610324985514],[127.04860650172101,37.6642070000011],[127.0489610009694,37.6660729011925],[127.0480086000727,37.6681359004788],[127.04612950195181,37.668292200322504],[127.0480213002612,37.669338100712395],[127.0462321020137,37.669319000738504],[127.04644900163879,37.671206499982],[127.0442008999843,37.6730138004581],[127.0436720996577,37.6714458014049],[127.0425956983384,37.671817000593094],[127.0423675985926,37.6705862006488],[127.040954898779,37.6705566003291],[127.0404342992269,37.6694109009575],[127.0395900988474,37.669940099737495],[127.0385146001675,37.6680822011883],[127.0377421988613,37.668826499926],[127.0371589994968,37.6656632004471]]],[[[127.04233409981441,37.6790207002063],[127.0436033996826,37.6757823999946],[127.0456781003687,37.6749777995051],[127.0461189000413,37.6757519990305],[127.04675900028309,37.675465598991906],[127.0460406002638,37.677097999834004],[127.04665300010801,37.6776974991734],[127.0480378004237,37.6766739998903],[127.04735440089681,37.6777684991499],[127.0483852009418,37.6797382987279],[127.0498564002553,37.679341800057806],[127.0495505006227,37.6801854017947],[127.0457468007999,37.6810127008378],[127.0462646002821,37.682319399531096],[127.0475425010308,37.6824699001338],[127.046034800861,37.682744200032104],[127.0461376001208,37.6838871004986],[127.0451036998727,37.682609400722995],[127.04358949988399,37.6831352000697],[127.04233409981441,37.6790207002063]]],[[[127.0435578996996,37.688266299989905],[127.0443172998651,37.6872970995961],[127.0484419008955,37.6870954989349],[127.049087300171,37.688129700050794],[127.04892430025599,37.6906785002846],[127.04653780066559,37.6905444009],[127.0465589995413,37.689641200912],[127.04556820036211,37.6902471002934],[127.0449969998701,37.692216000388],[127.0445844998936,37.6901540999903],[127.0453883997586,37.688959600518196],[127.0435578996996,37.688266299989905]]],[[[127.0471074997719,37.7104565000167],[127.0472220997312,37.7098430992578],[127.04866890036699,37.710000400042595],[127.0471074997719,37.7104565000167]]],[[[127.0487496995015,37.677006399912],[127.0487497000632,37.6770063990323],[127.0489173001746,37.6772638000302],[127.0487496995015,37.677006399912]]],[[[127.0488319983724,37.453585999526105],[127.0506224966489,37.4526110992051],[127.0507749959585,37.451406397441204],[127.0525457949028,37.449517296588894],[127.0524027950458,37.442221103885096],[127.0499354996556,37.4404895998449],[127.0524027988333,37.442221096891195],[127.0532782048513,37.441555196205],[127.0575137010209,37.443128194934395],[127.0619481004086,37.439167198167],[127.06332880810889,37.4427551006878],[127.060989703758,37.4436515036503],[127.06026350448421,37.4460724012294],[127.06408670132211,37.4480195021826],[127.0584834041438,37.4519174007154],[127.0606023020196,37.4546071012269],[127.05870660053259,37.452890002968],[127.0570736990373,37.452615702112304],[127.0540936001992,37.455072800387505],[127.0531900000247,37.4543928011888],[127.0517094998107,37.455587100415606],[127.0498254005408,37.4555425009391],[127.0498677998788,37.4542497012041],[127.0488319983724,37.453585999526105]]],[[[127.05269749980499,37.4799078998049],[127.05269750057029,37.4799078997497],[127.05269749987549,37.479907900271],[127.05269749980499,37.4799078998049]]],[[[127.0548389997749,37.6530453999053],[127.05489560057849,37.6528476990173],[127.05487309985179,37.6533257005673],[127.0548389997749,37.6530453999053]]],[[[127.0551601997284,37.6546730001221],[127.056291099183,37.6533128985521],[127.06037069957381,37.6526246984825],[127.0608407000513,37.6513022990909],[127.0628072995004,37.6517740987811],[127.064460401266,37.6510037987777],[127.0666232991031,37.6526371971443],[127.0687099008012,37.652948699515306],[127.0678495004084,37.65288980067049],[127.0675536007043,37.6538801996801],[127.0698507006977,37.654571599844495],[127.0709777002262,37.6561153989181],[127.0747302007308,37.6565453980759],[127.0751302006108,37.6581627989071],[127.07689979884121,37.658346898722996],[127.0768234013221,37.6572014991265],[127.0768998012457,37.6583468979811],[127.0799137000703,37.661201795165],[127.0801610007805,37.6625331030493],[127.0780127007308,37.6632770025506],[127.07774950008529,37.6659286006981],[127.0767089004513,37.664509601237405],[127.07563670107831,37.6648896010319],[127.0757040981644,37.6657673026991],[127.071198199587,37.6655289003186],[127.0701837993383,37.6641720005362],[127.0703640993558,37.6625702001995],[127.0689209993874,37.6629112992702],[127.0696029990238,37.662070299960305],[127.0687875997959,37.660857400156296],[127.06776980081369,37.6605391004746],[127.0681171000191,37.661403700172],[127.0673215002587,37.6608781007942],[127.06675899971131,37.6621237007809],[127.0655775000845,37.6622149004758],[127.0646797000971,37.660972701326905],[127.0618799998933,37.6620500004535],[127.060542299359,37.660723200450796],[127.0589331997593,37.660642200321796],[127.0574935975711,37.6574651001386],[127.0603978992357,37.6575533988215],[127.06005299924139,37.655578800274604],[127.0551601997284,37.6546730001221]]],[[[127.0575851993544,37.664574200226895],[127.057756200028,37.6645117998666],[127.0579589005675,37.66468910084809],[127.0575851993544,37.664574200226895]]],[[[127.0608196991894,37.644859400220504],[127.06384290023169,37.643276699086805],[127.0659520010346,37.6438443979187],[127.06663450410551,37.6454371998528],[127.0647705003024,37.647446800689394],[127.0626223000869,37.647843601150605],[127.0624206977572,37.646112599078904],[127.0608196991894,37.644859400220504]]],[[[127.06231239991159,37.6560754999829],[127.06231240002569,37.6560755000033],[127.0623123999816,37.6560755000565],[127.06231239991159,37.6560754999829]]],[[[127.0642260997,37.6334705005414],[127.0666114004381,37.633448599413605],[127.0665693002905,37.6348285999797],[127.0691676005527,37.6363932990117],[127.07104320083681,37.6355982995417],[127.0710756010973,37.6376579987837],[127.0724717016043,37.6379382014269],[127.0710756004312,37.6376580005564],[127.0694531007224,37.6391148004548],[127.066859300082,37.6393985002104],[127.0661160987466,37.640231900360305],[127.066679599369,37.6387149003634],[127.0654573001845,37.638302800287995],[127.0654460006016,37.6392976004241],[127.0652084990811,37.638855199479],[127.066992898335,37.6378586985791],[127.0653699987878,37.6363499997488],[127.0642260997,37.6334705005414]]],[[[127.0694331989165,37.6330802009465],[127.0697460001864,37.632939299057796],[127.069819400946,37.6330958998664],[127.0694331989165,37.6330802009465]]],[[[127.0712048998902,37.4894713000089],[127.0714482995395,37.4889258990384],[127.0714483005045,37.4889258993841],[127.0712048998902,37.4894713000089]]],[[[127.0740913992687,37.488713600302],[127.0742809999169,37.488809298693496],[127.0743279001611,37.489103400750196],[127.0740913992687,37.488713600302]]],[[[127.0763157986336,37.670971200023295],[127.0769630981433,37.669223701432706],[127.0764499999771,37.6674039996653],[127.0804035002259,37.6686721990349],[127.08165590005031,37.6683875987952],[127.08308890034691,37.6702717998831],[127.0814922007018,37.6728928004513],[127.0794465004343,37.6733267005749],[127.0782950993036,37.6731112002455],[127.0763157986336,37.670971200023295]]],[[[127.0773848990512,37.4828479008544],[127.0799025999461,37.482704799423],[127.0801540997581,37.481683600212996],[127.07916539928699,37.48152549913139],[127.08290869840711,37.480183497054604],[127.08527640185619,37.4834877970525],[127.08815990403,37.4836291977071],[127.0847140004861,37.487245000206],[127.0827449979369,37.486810100559],[127.082235898446,37.4853369020322],[127.0773848990512,37.4828479008544]]],[[[127.0871573999047,37.4961129003321],[127.0871573999882,37.4961128998904],[127.08715740020699,37.4961128999607],[127.0871573999047,37.4961129003321]]],[[[127.0924719986015,37.604134900089996],[127.0924720002034,37.6041348997907],[127.0924719989713,37.6041349012546],[127.0924719986015,37.604134900089996]]],[[[127.09850899934031,37.4858943001183],[127.1003478995753,37.4869720981829],[127.1016534986232,37.4849241999062],[127.10219390000701,37.485792698952395],[127.10447000004561,37.4855499991216],[127.1038082006113,37.4854726007448],[127.1037707006488,37.486463899753495],[127.105747200163,37.4886875001099],[127.1035054010824,37.488464200737205],[127.10142860087561,37.490145901496405],[127.1021628985869,37.4885118014599],[127.1007370000128,37.488079501892194],[127.09920720034259,37.489528701118104],[127.1007369976054,37.488079500295896],[127.09850899934031,37.4858943001183]]],[[[127.102981199114,37.6128036013206],[127.1029812003574,37.6128035997032],[127.1029812005199,37.6128036006392],[127.102981199114,37.6128036013206]]],[[[127.1054395986737,37.6054605992863],[127.1067872001165,37.604735499928196],[127.1070450007798,37.6060240994174],[127.10780250016171,37.606171999976],[127.10722530032609,37.607416100261],[127.1060950009631,37.6070920007571],[127.1055233985713,37.6078657011538],[127.1054395986737,37.6054605992863]]],[[[127.10579489875231,37.3684246999697],[127.10595459893631,37.3678224987938],[127.1060688004967,37.368425999398596],[127.1078588990428,37.3683807994449],[127.1078497990581,37.3667270005418],[127.1071921993809,37.3665422995672],[127.1084130007413,37.3661044995845],[127.1083296008228,37.368263999260705],[127.1096085995624,37.368431899447394],[127.1099114002114,37.3672946996895],[127.1099373002677,37.3697042003975],[127.1080429004458,37.3686783018744],[127.1070606994851,37.3700518008758],[127.10707679895471,37.3686454008314],[127.10579489875231,37.3684246999697]]],[[[127.1065635995776,37.395715700340396],[127.1090838973991,37.394889900003704],[127.1096703987516,37.3912801985473],[127.1129853999917,37.391129799177],[127.11498470098029,37.3968408000037],[127.11423850004739,37.396324300525],[127.11295590133,37.3971577996915],[127.11463430017871,37.3976596000007],[127.1131211003579,37.3986271006673],[127.1103486008593,37.3977423003641],[127.10968789999829,37.3986624004538],[127.1094489984298,37.3963493020743],[127.1070945002878,37.396586301477605],[127.1065635995776,37.395715700340396]]],[[[127.108823099177,37.3500297001529],[127.109013500717,37.350029699341],[127.1088231003312,37.3500297001087],[127.10882309988729,37.350029701255],[127.108823099177,37.3500297001529]]],[[[127.1102689994436,37.5299706988941],[127.1102690010906,37.529970698842],[127.1102690007972,37.5299707002937],[127.1102689994436,37.5299706988941]]],[[[127.1157225993742,37.4956101998854],[127.1171404989219,37.494103198919895],[127.1162325996503,37.4916672995083],[127.118491600387,37.492309899025905],[127.1195237007643,37.4916595991039],[127.1204973011679,37.4933967000022],[127.1198069007903,37.4941765004195],[127.1190474004661,37.493773600733995],[127.11739350125971,37.4953608004765],[127.1157225993742,37.4956101998854]]],[[[127.1164119995544,37.3947922004611],[127.1166427003996,37.3948134999467],[127.1171013015442,37.3948219994073],[127.1166427001915,37.3948135012301],[127.1164119995544,37.3947922004611]]],[[[127.12174969769049,37.486842499211804],[127.1230728995686,37.4846053989239],[127.1237477006958,37.4849845996814],[127.12412480024871,37.4861255004456],[127.12174969769049,37.486842499211804]]],[[[127.1243593991566,37.4958527999569],[127.1247178009548,37.4955160988732],[127.1244165005907,37.4957992000293],[127.1243593991566,37.4958527999569]]],[[[127.124806898453,37.5158135019624],[127.12670779938861,37.5150328990954],[127.1273828987135,37.5132890008393],[127.1265823988658,37.5122718004906],[127.1274596996677,37.510872599107095],[127.1304322998224,37.512104799424],[127.1320300003027,37.511518499321],[127.1324800000477,37.5125964994003],[127.1337831001071,37.511821799477],[127.1368184010807,37.5146296006496],[127.1362062996961,37.5142114009904],[127.1353186005838,37.5151442000576],[127.1362204011178,37.516743999994105],[127.134149602528,37.517654600321],[127.1335493006498,37.5201138007023],[127.13406480013431,37.520883599932496],[127.133549099961,37.5205521006836],[127.133386000208,37.521215600233795],[127.13292749964559,37.5197085005299],[127.1312207007875,37.5196582005548],[127.1299184995864,37.5207933027647],[127.130230398639,37.5195366010941],[127.1286993001107,37.519035101580805],[127.1283398999348,37.5203051001451],[127.1264573984473,37.518807100385494],[127.124806898453,37.5158135019624]]],[[[127.1259387997726,37.4791514001778],[127.126227200855,37.4788791998226],[127.1261907000136,37.4792354002513],[127.1259387997726,37.4791514001778]]],[[[127.1372004994771,37.5182021997734],[127.1372004998486,37.5182021991214],[127.13720050031361,37.5182022000828],[127.1372004994771,37.5182021997734]]],[[[127.1372196994579,37.518808299167304],[127.1381143001876,37.519394799490904],[127.14137640149009,37.5183864996172],[127.1401641010793,37.5187633007758],[127.1403959024765,37.5205043017363],[127.1396648005054,37.521463001402694],[127.1372196994579,37.518808299167304]]],[[[127.1448697988748,37.528833300312904],[127.1456496994228,37.5285296993888],[127.14617869993869,37.5262245977188],[127.147422999231,37.5258786982148],[127.1490630014515,37.5299999968614],[127.1512819007266,37.5274298011095],[127.1487055999637,37.530137700333796],[127.1467315002598,37.528701501315396],[127.1448697988748,37.528833300312904]]],[[[127.15196549868361,37.554826899949],[127.15421190062041,37.552902598921],[127.1543100009845,37.553813999595],[127.1563247000973,37.5542456990255],[127.15692080166859,37.5552397005347],[127.1554183000316,37.556926900370904],[127.153508400499,37.555037401412804],[127.15196549868361,37.554826899949]]],[[[127.1651724989088,37.5567351998116],[127.1655572001831,37.5559787998856],[127.165570700558,37.5568593006449],[127.1651724989088,37.5567351998116]]]]}}]}