{"type":"FeatureCollection","features":[{"type":"Feature","properties":{"interval":15,"stationId":"4706526694"},"geometry":{"type":"MultiPolygon","coordinates":[[[[127.0683872990612,37.6014798995345],[127.0694370983738,37.599525099885],[127.068777698936,37.598407100212604],[127.06917259999081,37.598954398821995],[127.0711949995167,37.5977819997683],[127.0709039995904,37.596301999761],[127.0725128996484,37.594993800097],[127.0714103998757,37.5937461991323],[127.07496979990651,37.5919985989827],[127.07688089857031,37.592483698422],[127.0773198983456,37.5914492990424],[127.0784944995696,37.5918212989205],[127.0788304997412,37.590559999816904],[127.0791054000365,37.5914956991694],[127.080828999181,37.5892068999531],[127.0796236998377,37.588820500005696],[127.0799161993259,37.58703770041161],[127.07833049979311,37.5863552999928],[127.0800442004322,37.585994298958305],[127.0806598999897,37.5847881996124],[127.0829267998025,37.5837465996774],[127.0813030995642,37.5811821996673],[127.08212929910461,37.5814877991783],[127.0820408995702,37.5792742999767],[127.082791899723,37.5793086997617],[127.0832626993492,37.5765663999675],[127.0818159997666,37.574426799351095],[127.0836373994443,37.573267200188695],[127.082666998908,37.572516399529796],[127.08460789928479,37.5711400992122],[127.08570189912591,37.5684676006773],[127.0806998993951,37.56724230053489],[127.08082069932381,37.5650979002307],[127.08237969951651,37.562198799327],[127.0827269002213,37.5628581990983],[127.0836147000966,37.5625512996924],[127.0837598000674,37.563476199003894],[127.0848127998778,37.562902299754],[127.0879059007477,37.5652805988248],[127.08588090097771,37.568793899874706],[127.088784100399,37.5705215000117],[127.0878904009247,37.5718099995511],[127.0890139006888,37.5717122003271],[127.09020220091509,37.573687899365204],[127.0895125015318,37.575066498739],[127.0901371004588,37.5767173000527],[127.09482960116169,37.5781105986959],[127.0959393010003,37.579999699444805],[127.0950216008762,37.580734099554],[127.0960343003299,37.580964299658795],[127.0952774005323,37.5822805001112],[127.09340440057859,37.5818642002965],[127.0940372003118,37.5829098001505],[127.09282400026929,37.5837606999771],[127.094025200709,37.5861441994685],[127.0948879005509,37.585896099489396],[127.09439000025101,37.587389999538],[127.0965216009013,37.5902723002757],[127.09359490054369,37.5910442010918],[127.0934276004444,37.5927066000277],[127.0945154009056,37.5938643002045],[127.094040700414,37.597155299665395],[127.09512530058551,37.5973984001098],[127.0955013005504,37.598934199928],[127.0923200001291,37.5992500009925],[127.0919380004341,37.6006145997521],[127.0933718004455,37.601341400390204],[127.09232710032981,37.602776400312706],[127.0909418004259,37.602546600263096],[127.0904375005123,37.6050750004292],[127.0901959002496,37.604163800520205],[127.08892759981991,37.6049093001968],[127.0885199998862,37.603380001497904],[127.0876545007517,37.6034516014263],[127.08803929980971,37.6054110006938],[127.0817245013871,37.6072791008584],[127.0831651015483,37.608993800105],[127.0827788020444,37.611190900607],[127.08154450204421,37.6134971995116],[127.0784219003512,37.616296400122],[127.0800625001409,37.6198252000945],[127.07825500059249,37.619244001278005],[127.0779874008601,37.6203997001223],[127.0766951001458,37.620228501289006],[127.0763358003761,37.621413000489],[127.0749927000327,37.6211350010213],[127.0742859007118,37.622290900200404],[127.0766976001625,37.6271273999987],[127.0755264004304,37.626714900989505],[127.0749388000594,37.6273530011684],[127.0728261005467,37.6264384007223],[127.072777100499,37.6281473010343],[127.0708399983406,37.6272100003605],[127.07015079971569,37.6252570995921],[127.07094089892189,37.623726298331505],[127.07191800001199,37.623936198952904],[127.0738326995973,37.622015099954496],[127.0737016997283,37.62112960084],[127.0728598996084,37.6210899999283],[127.07288479910589,37.6194280002831],[127.0723279996797,37.619313599254795],[127.0731407988669,37.6186091999592],[127.0721315979934,37.6166111010762],[127.0736417993569,37.6159338999568],[127.0729122999731,37.615176899911305],[127.0742783997953,37.6151689996303],[127.0748978994847,37.6142941004053],[127.0739717996913,37.613556900179596],[127.0742952994663,37.612569200300804],[127.0727736977173,37.612054900244],[127.074113699474,37.6116706993222],[127.0742773993103,37.6108184001745],[127.0733687994414,37.610616100165004],[127.074277399184,37.6108183993495],[127.0744250990764,37.6100492998208],[127.0737137997877,37.6091318007383],[127.0729697998425,37.6101776004202],[127.0726954984895,37.6065583005139],[127.0707931995665,37.6048622018687],[127.0701493997285,37.6018621002166],[127.0683872990612,37.6014798995345]]],[[[127.05614049928779,37.5895247000144],[127.0566068999794,37.5883570997428],[127.05814220013471,37.5895021994802],[127.0592481002497,37.588593499752704],[127.059700300331,37.5895064999347],[127.05814549988729,37.590221700255704],[127.05614049928779,37.5895247000144]]],[[[127.0766678990054,37.5580386005275],[127.0774510997674,37.5558903991925],[127.07921979936981,37.5552006988476],[127.0805652008726,37.5565350990373],[127.0821394007629,37.556358599977806],[127.08173769979031,37.556060000910804],[127.080713799507,37.5590288008836],[127.0789100992536,37.558837401423105],[127.0783322991031,37.5578468009654],[127.0766678990054,37.5580386005275]]],[[[127.0737410993709,37.5473537002445],[127.0746224002156,37.547187599785],[127.0744553007695,37.547946101078],[127.0737410993709,37.5473537002445]]],[[[127.06786269800291,37.6359311992734],[127.06856840115191,37.6356218997831],[127.0690998012147,37.636672100533495],[127.06809960066249,37.636349001331105],[127.0671572998114,37.6378993006127],[127.06786269800291,37.6359311992734]]],[[[127.0635591988615,37.6455747005379],[127.0638784999225,37.645202898140504],[127.0644562006259,37.6455245001712],[127.0635591988615,37.6455747005379]]],[[[127.0450074999314,37.5801195001606],[127.0450074999187,37.5801194998282],[127.0451252000952,37.5800408999094],[127.0450074999314,37.5801195001606]]],[[[127.102981199114,37.6128036013206],[127.1029812003574,37.6128035997032],[127.1029812005199,37.6128036006392],[127.102981199114,37.6128036013206]]],[[[127.0948582998349,37.6009299000445],[127.0948582999614,37.600929898980596],[127.0948583002856,37.6009299005003],[127.0948582998349,37.6009299000445]]]]}},{"type":"Feature","properties":{"interval":30,"stationId":"4706526694"},"geometry":{"type":"MultiPolygon","coordinates":[[[[126.997084599783,37.570654499971106],[126.99917229978129,37.5698775995847],[127.0007995000452,37.5675359995255],[127.0021529996888,37.5681028997548],[127.0022478000189,37.567199299780896],[127.0031550000581,37.5695221981081],[127.0066063007936,37.5692728996114],[127.00707400067141,37.571179999752],[127.0083677993776,37.5710888998431],[127.0092786992871,37.5701277002752],[127.00819839959699,37.569270800634996],[127.0081276997671,37.5686562998062],[127.00836500013149,37.569271799379806],[127.0090102994862,37.5689186997329],[127.00834729955339,37.5683565996725],[127.0088012995066,37.5671865996365],[127.01023339953771,37.5679255990901],[127.01030420041769,37.5669452994669],[127.0141530995846,37.5692632987801],[127.0162272004174,37.5670519996162],[127.0177984000735,37.5692362990551],[127.01964200073411,37.5680532997667],[127.0196800006877,37.568785999526],[127.02068130027541,37.568358099914],[127.0210268004264,37.5695631996162],[127.022480799954,37.5701064992965],[127.02348080085041,37.5685996995262],[127.024328200285,37.5704741998939],[127.02711129977111,37.5699867993782],[127.0291859002208,37.572246798830506],[127.03147399952451,37.571773799389206],[127.031848199395,37.570547500201705],[127.0312743990897,37.570458199960996],[127.032018399577,37.5702545988008],[127.0336914006943,37.5706695000973],[127.0337267004481,37.5717626991983],[127.0360337993571,37.5724154993355],[127.03602339936751,37.571485100265896],[127.03546139999351,37.5716062997083],[127.0366026003362,37.5715773986636],[127.0374758998071,37.570028299283095],[127.0393641988826,37.5693690002126],[127.0382352996967,37.5678696006105],[127.0369514995249,37.5681093004956],[127.0357130994407,37.567591200651606],[127.035697199934,37.5666839006485],[127.0344511997751,37.5668143007676],[127.03436189939339,37.5645007004556],[127.0308646008904,37.565341400270704],[127.0298846998416,37.5668752001384],[127.0284315002299,37.565202900433405],[127.0280153998254,37.565964000164804],[127.02560489977431,37.5650310999319],[127.0272351999652,37.5627590993807],[127.02980079997761,37.5637322984753],[127.03091499935519,37.5616207001418],[127.0301320993632,37.5608774998115],[127.03042879936659,37.560129500304804],[127.0285834000488,37.5596932002726],[127.0279110003047,37.558717700809304],[127.0275758006399,37.559438400088595],[127.0285099006376,37.560545100095],[127.0275279999839,37.5607574006464],[127.02736299831679,37.5591431005033],[127.0253033989991,37.5575630003823],[127.0248133997314,37.555665500349306],[127.022125601611,37.5552783007062],[127.02125580016191,37.5577524009431],[127.02038719922851,37.5572726007183],[127.0190572996443,37.558048900296406],[127.01972939902251,37.5568336007601],[127.0183319983191,37.5567766995892],[127.01761559926099,37.55340339991],[127.0193978993984,37.551844798858795],[127.02075539921209,37.552066299283],[127.0206469005753,37.551005499215705],[127.0208723002222,37.5517306996152],[127.0214734016296,37.5514372009829],[127.0212786018244,37.553645698774396],[127.0236834001154,37.552960399263405],[127.0248586005373,37.555139499554905],[127.029285799826,37.5550039991646],[127.0302524995802,37.555937198423905],[127.03432700004831,37.5551100994654],[127.0342735007728,37.5573063997983],[127.0362682995443,37.558157298973],[127.0378498979627,37.556545200585106],[127.03742029992809,37.5558116987349],[127.0397907008317,37.556859098266095],[127.0432656002554,37.5563036995028],[127.04242260039109,37.5566437001237],[127.04281960038661,37.557992000695],[127.0411127007355,37.5579185002896],[127.0410692007121,37.559603899677896],[127.0421925002553,37.5594488997296],[127.04299180042099,37.5612415999037],[127.04421519948579,37.5611090988629],[127.0458976003827,37.5625626993217],[127.0469346999149,37.5617519996364],[127.0472235008742,37.5628381994011],[127.0485841998442,37.562882699591405],[127.0489886991668,37.5613254999117],[127.0482118000842,37.561140199790096],[127.0499774002665,37.561237598573896],[127.05138759972739,37.5624979992319],[127.0530561975511,37.560363198671595],[127.0544167989973,37.561046298552],[127.0541305999691,37.5588396983534],[127.0555611985385,37.5586333985597],[127.0565569991121,37.5559194993043],[127.0612850984084,37.5534440983081],[127.0669356996018,37.5559405990533],[127.0681319984055,37.5540106009833],[127.0662685981756,37.5528570001726],[127.0653094982625,37.5501317021531],[127.06000779830529,37.5484109003916],[127.06175829861199,37.5460243004282],[127.0610575989074,37.544549601182005],[127.0555038999064,37.5471379008966],[127.05432829929289,37.5457168006708],[127.0534019002193,37.5452991010885],[127.0519815990237,37.5459368008073],[127.0519282988023,37.545258399611704],[127.05363319877819,37.5420704982226],[127.0547789992538,37.541765299779904],[127.0542586993233,37.541258297976306],[127.0580477009688,37.541620798851795],[127.0586455999686,37.5427239996733],[127.0596468989673,37.5423646000327],[127.0610649986674,37.537441900579196],[127.0606771998213,37.5353785008816],[127.0583733994872,37.5350446002693],[127.05901999937231,37.5339046994879],[127.0599748995615,37.5344239995029],[127.05981549913,37.5331431999731],[127.0585176996844,37.5327894992096],[127.0641634988531,37.5298620922265],[127.0654360995412,37.530335399219396],[127.0665350976611,37.5287175922587],[127.0735111999652,37.5273855999571],[127.07505040016669,37.527738099474],[127.0747066006796,37.528274799479],[127.07797220030541,37.5299705999453],[127.0755173007639,37.5325970004258],[127.0758633004179,37.533815599207195],[127.0823739996976,37.5367257989021],[127.0825541995174,37.535749899878],[127.0839032001653,37.535856199178696],[127.0843103001109,37.535143399701],[127.08428940053581,37.536478999424],[127.0877812013804,37.537506198939106],[127.08425889976249,37.5389969003485],[127.0835473998714,37.5382435995836],[127.08442609899271,37.537607800219405],[127.08324769926391,37.537800500375404],[127.0828388996727,37.5367466014293],[127.0812867007438,37.5371989008971],[127.08100930204891,37.540796399495896],[127.08727660028549,37.5450308991878],[127.0883407992213,37.5448452993734],[127.0882774997745,37.5441645994649],[127.08858640052979,37.5449433991449],[127.0905421992439,37.5446442993651],[127.09047480020449,37.5439095997583],[127.0910216008552,37.5463254985882],[127.09364039990369,37.5486433981248],[127.0975934981457,37.5461775994307],[127.0972569993154,37.543211300349],[127.0955658988574,37.543308099470096],[127.0963662996869,37.5413041999244],[127.1008130997941,37.5421222966593],[127.1022832983239,37.540150398631205],[127.1032753998624,37.5409481992271],[127.10406910694671,37.5406262944823],[127.10469930682689,37.541227095065],[127.1042251011253,37.5418579999933],[127.105771399579,37.542843499007795],[127.1095441019821,37.5436036926884],[127.1112136011858,37.54547259952879],[127.1124255016224,37.5450623994723],[127.1091007011613,37.5460656002431],[127.1092443010177,37.5472335990751],[127.1104121002253,37.5479104001447],[127.10931310132429,37.5483632996918],[127.109756000833,37.550342799990204],[127.10878050031549,37.550366600230795],[127.1091542989806,37.5514005013886],[127.1059494000306,37.5490564018495],[127.1029869010878,37.5484404015578],[127.1018004022743,37.5488333011649],[127.1016980017384,37.551296901384895],[127.10081720007139,37.5514631004877],[127.0988297998326,37.5496127001614],[127.0983036989617,37.547637702637005],[127.09592410134131,37.5481995020752],[127.0971931004116,37.5506297998582],[127.09592430092249,37.5517948993827],[127.09657680027,37.553291597886],[127.0998438006855,37.552509800944506],[127.09504510104719,37.5555421010952],[127.096047705256,37.5601419011431],[127.09280500221409,37.559428301631],[127.0918509031682,37.5602811007782],[127.09354260245141,37.5629752998871],[127.09390090278539,37.5667976973588],[127.0962059041593,37.5686982996006],[127.0962442023181,37.5710887984036],[127.10142500132491,37.5728141989479],[127.10139500175859,37.576204896000704],[127.1055186024585,37.5794451974741],[127.1062470008317,37.5820507003202],[127.1055816014971,37.5834780988928],[127.10643670088571,37.5841810987865],[127.1052333014484,37.5845057999186],[127.1078669019034,37.585235600253995],[127.1075530036199,37.5881687004842],[127.1052505029878,37.5906566024738],[127.1052806029577,37.593775299355094],[127.1092434004328,37.6004627998834],[127.10878130046001,37.60114979978],[127.109579800199,37.6011891995297],[127.10969940014999,37.602527799722296],[127.1114897022817,37.6036140005625],[127.1132022004704,37.6078291006815],[127.1111927007903,37.6070023011336],[127.1110812988423,37.608630201199404],[127.1093145004599,37.6084037010737],[127.1085196012548,37.609575299902104],[127.1093001002156,37.612532700407606],[127.1074070995881,37.610829902145],[127.1050784010147,37.6117538016935],[127.1049717988766,37.6110929010713],[127.1036210996355,37.6109070009963],[127.1006447999709,37.6112053005086],[127.0999868996015,37.610727999265805],[127.1007236988647,37.6107280992657],[127.10088309870531,37.6094274005664],[127.0978076009687,37.6079293019233],[127.0962023020767,37.6099057004729],[127.097846100677,37.611870599754305],[127.09757000033791,37.613056400335395],[127.09658610061909,37.612921800407],[127.0962533004066,37.6144299007791],[127.09520209886709,37.612464002799605],[127.0929230011462,37.612021003242596],[127.089207802669,37.615670298412695],[127.09135130059249,37.6164913976872],[127.09451970031091,37.6159443996947],[127.0936823004587,37.6164815002319],[127.094207501103,37.6169797015544],[127.0927144002829,37.6170228003487],[127.09102700107749,37.618322900506804],[127.0926483008341,37.619549399556895],[127.0917691028555,37.6226165998003],[127.0937359000833,37.6240069015263],[127.0913631001154,37.625366800434],[127.0890647001782,37.6247130003631],[127.0851392049741,37.6280321011501],[127.0828584072549,37.632462896719304],[127.0802391013381,37.6352393991228],[127.081686301233,37.6378777028082],[127.0787162042031,37.6375140031719],[127.0771401057792,37.6381066025793],[127.07645000561959,37.6444480010963],[127.0725616016925,37.648926599542],[127.0745668003911,37.650708201480896],[127.07104580065989,37.653089301105695],[127.07054840115731,37.6544160997789],[127.0712039006961,37.6550335001624],[127.070650700858,37.656377900173304],[127.07111080058439,37.6586904001568],[127.0685220008811,37.6598914001461],[127.0692393004049,37.6605115006923],[127.0685220002656,37.659891400965996],[127.06776980059189,37.6605391006601],[127.0681171000191,37.661403700172],[127.0673215002587,37.6608781007942],[127.0666507005872,37.661434000387096],[127.0664703004043,37.6629045999564],[127.06704209983249,37.663795799065205],[127.06792500075541,37.6636972994052],[127.0677620003965,37.6648374004885],[127.0662773011054,37.6650075999121],[127.0672829006119,37.6655315998536],[127.0664960008084,37.6664340001972],[127.0641256005446,37.6666930000304],[127.0625659011957,37.6684805011311],[127.06273470119349,37.6706181000701],[127.05901249948589,37.6703794008474],[127.0578641006343,37.6714908997359],[127.05817910122211,37.673674999497806],[127.06126470070859,37.6745638001597],[127.0602831016902,37.674987299736195],[127.0607130021153,37.678955100582506],[127.05841630044131,37.6769191030634],[127.05822390176141,37.6820578003322],[127.05648499914709,37.6823255019836],[127.0549575006746,37.684008400300705],[127.05554360238929,37.684853800857496],[127.0547965994551,37.683410301330696],[127.05216399883331,37.6819282013381],[127.0530974980072,37.680374101302604],[127.05159359951111,37.6794419022348],[127.0505555996176,37.680471101509],[127.048582200092,37.6804635020925],[127.0495504989021,37.6801854000042],[127.0483851996009,37.6797383006102],[127.0473067990275,37.680142700474995],[127.04929529805909,37.678363599404896],[127.0487497000632,37.6770063990323],[127.049487899325,37.6774735985651],[127.0508113980015,37.6765197995189],[127.05066599814691,37.6750585009802],[127.0518317992982,37.6733636992976],[127.05394719912769,37.673587398924205],[127.0541305982749,37.6700125005882],[127.052313099269,37.6701227005009],[127.05123139968451,37.6679879003827],[127.0506093989596,37.6682455998274],[127.0499303986924,37.667265400663],[127.05246459923609,37.665163300262],[127.0519055988417,37.6650040992539],[127.0521541985931,37.662824401433596],[127.0505458984131,37.661942799513795],[127.0522286987085,37.6616365993311],[127.05280379887151,37.6599755985317],[127.0540032998616,37.6614164974777],[127.05513189873301,37.660946197948],[127.0574935980547,37.6574650986444],[127.0595166994343,37.6579314989639],[127.06069259894099,37.6567556996192],[127.0600529990542,37.655578800042],[127.0551602000553,37.6546730003068],[127.05457730031131,37.6539608008343],[127.0534961001015,37.6546753000355],[127.05192400118369,37.654113901676],[127.05144590166181,37.655671900118],[127.0533451008644,37.6562566005609],[127.0514458982856,37.6556719013723],[127.0505713997228,37.6539770015684],[127.0494591993524,37.653527899996],[127.04899879926981,37.6517582004397],[127.048011600257,37.6514568007411],[127.0464089019698,37.6551418010783],[127.0453336999966,37.6559575014245],[127.0435971002282,37.6549802010868],[127.0443965993261,37.6544166001609],[127.0424104999305,37.6517893000001],[127.0430661005207,37.6530650990603],[127.0439556999818,37.6512371978142],[127.0466236993771,37.6510863984712],[127.0474000016022,37.6494777976394],[127.0490790999231,37.6517560953611],[127.0501037986355,37.6458010005412],[127.0491038999352,37.6454360996431],[127.0517950998969,37.6444858993359],[127.0546669992211,37.6445499995607],[127.0540206998445,37.6426054982425],[127.0562319980491,37.641846298698695],[127.0574995988511,37.6422597985449],[127.0579394996013,37.6399080997662],[127.05996889929101,37.639902298540704],[127.05996569929421,37.6383001001429],[127.0568906983204,37.6358517998781],[127.0583956984544,37.634755499525],[127.0577549990951,37.6332994009811],[127.0563692991665,37.633247999820604],[127.056927398598,37.6318810003758],[127.05575899927389,37.628149000782],[127.0581999997817,37.628439998698894],[127.060930398688,37.6275296003036],[127.0601213991028,37.6260720005619],[127.0591460000782,37.6256294010045],[127.05865249962409,37.626204000367004],[127.0590956985041,37.623779901392105],[127.05784759975221,37.6226805024915],[127.0561367982981,37.6227505001355],[127.05782079964611,37.620254399221],[127.0576459999001,37.6188052998381],[127.0587953014141,37.620583598501106],[127.0602225999868,37.6206482984364],[127.0614771987322,37.6197193993653],[127.06166849876949,37.6183553000145],[127.0609986994393,37.617498400871405],[127.06005569920521,37.6180092998292],[127.0574768995686,37.6136214008108],[127.0558658011797,37.6144078000244],[127.05706750051961,37.615188000363105],[127.05630820052001,37.6148465005401],[127.0553100007847,37.615790000014094],[127.0569297016492,37.6165772001294],[127.0565367993098,37.6172556005277],[127.05508449974771,37.6172166002483],[127.0553099995267,37.6157900012636],[127.0543406991411,37.6171496023091],[127.04964380030499,37.616594000555],[127.0488766991866,37.612623500487],[127.0468570997763,37.6124299004734],[127.04612819975979,37.6112137004366],[127.04483589985459,37.611960800245996],[127.0453726987074,37.6096301019916],[127.042544799343,37.6067281010698],[127.04145029966669,37.6060836013829],[127.0402971991973,37.6071158013263],[127.03962129991329,37.605088200611995],[127.0357926997352,37.604976800337205],[127.0354027988825,37.6013508001477],[127.0380539992089,37.601727699684],[127.03778199932471,37.6004369999963],[127.0386351988515,37.599596398994905],[127.03779039979081,37.5970087999145],[127.0384516995683,37.597463999266004],[127.0386110991945,37.5962060993469],[127.0409029999918,37.5955608990699],[127.0403910010439,37.596190799566905],[127.042089702064,37.5970842994499],[127.04322090066789,37.601036998785396],[127.0454602009952,37.6022144991947],[127.0459814006425,37.604074499038106],[127.04702949959439,37.603964599148],[127.046877300348,37.603178298937706],[127.049601500761,37.604739099467906],[127.0563989989041,37.6062976989358],[127.05875539997879,37.6044371984957],[127.0592147999518,37.6031786992267],[127.0607307984358,37.6036552987501],[127.0620574969426,37.6016971002678],[127.0604996984205,37.5993297007539],[127.0578867002095,37.5996021005462],[127.0575364001135,37.600454900398304],[127.05713369998139,37.5994266009693],[127.0500410997761,37.5964181015216],[127.0497761990043,37.5947740008471],[127.0474601989122,37.5944344011195],[127.0453573994897,37.5924725013246],[127.0449710996357,37.5894951006803],[127.04245610026929,37.5909354003289],[127.04124910044621,37.5901979010918],[127.0406256003338,37.5920523999961],[127.0364381008361,37.593308901091696],[127.0365838001193,37.5947636006209],[127.03575359956281,37.595207600415904],[127.0335227995621,37.592923300244905],[127.0339120993045,37.5917303006087],[127.033078299732,37.590997299740195],[127.03377809947871,37.5901699995412],[127.0324560998126,37.5885195999403],[127.0330664993633,37.5875803001318],[127.0318893002577,37.5873079002179],[127.0312160001864,37.5885299001569],[127.0291887007705,37.5891163007143],[127.0282696998533,37.5882261007982],[127.0275777990475,37.588759000182804],[127.02809289900651,37.587843500255396],[127.027375399531,37.5867132011759],[127.02492919971701,37.5868947003063],[127.0244622997559,37.585984099074295],[127.0255120995019,37.5861247997895],[127.0258161999537,37.584485999904395],[127.0277205000009,37.584468799669104],[127.02836949959439,37.5837080004829],[127.02704409964579,37.5823852004612],[127.0273907991708,37.5817243002805],[127.0253721005683,37.5804901009407],[127.0251312008092,37.5813183001125],[127.02387940010419,37.5819496009887],[127.0229906000155,37.581446901123],[127.0217093004212,37.582954400164496],[127.021831300886,37.585086499077505],[127.02376140027789,37.586598400685],[127.0224599997147,37.586300001279504],[127.0215321001104,37.587761900443795],[127.0172852001189,37.5883793011304],[127.0162050972988,37.5854622992312],[127.01847120004669,37.5827491993194],[127.0203046990977,37.5824443996217],[127.0190468988293,37.5806691989206],[127.01883409913641,37.577759100086205],[127.01754459963679,37.5767748008034],[127.0167022004792,37.5771424004358],[127.0168095009086,37.5782265998903],[127.0157697005048,37.5781426005651],[127.0154620007329,37.579069599818],[127.0160646001303,37.5796497992378],[127.0169175999484,37.5791853997034],[127.0172861015595,37.5802720007688],[127.0159162006596,37.5796948006979],[127.0149410997848,37.5815267007811],[127.0146278999155,37.5799631008927],[127.0131554995687,37.579984698458794],[127.0141314987315,37.5784141999337],[127.0153750989784,37.578333299445596],[127.0154900988634,37.5767997009792],[127.0135589000553,37.576948400897],[127.01305859939869,37.5748380003516],[127.01022949967579,37.5761988004464],[127.0086317993175,37.575147799903704],[127.0087924995876,37.5734909007241],[127.00794280024449,37.5743391001857],[127.0063658996993,37.574167800349095],[127.00581129986931,37.5734637995673],[127.0070570991491,37.5734308997004],[127.005814500022,37.5720261004273],[127.0037763003667,37.5734738005316],[127.0020522015077,37.5736536005018],[127.0021009992381,37.574778900183595],[127.001508799846,37.5720422013989],[126.9994696997948,37.5733128002668],[126.99954910003599,37.5721637003753],[126.99885719902291,37.5728766995118],[126.99937939931249,37.571651600036304],[126.997084599783,37.570654499971106]]],[[[127.0266308993266,37.5130658995803],[127.0279251992539,37.512991799223805],[127.03083149941591,37.5108713993483],[127.031869999567,37.5114653990599],[127.03373689989749,37.5105800993774],[127.03370050110219,37.511532800340994],[127.0353280000441,37.5132233997191],[127.0352875002,37.5145818986834],[127.03982999990619,37.5138618991455],[127.0401148996213,37.5130967999106],[127.04183799957539,37.5131917991202],[127.04210619930721,37.5124681998438],[127.0404932002458,37.510124999237505],[127.0416362996932,37.510466699061205],[127.0446113007506,37.5087051988826],[127.0441295019012,37.5095988003906],[127.0464168010099,37.5118557994672],[127.0445476003303,37.5127709000945],[127.04451840035951,37.513627899237505],[127.0467807005402,37.516888698179],[127.04976849986829,37.5142852993708],[127.0508067995836,37.514588699199095],[127.0527974996558,37.513917398885994],[127.0532799998087,37.5130099992972],[127.0541744998948,37.5132112985597],[127.0541955013157,37.5165337993812],[127.0578128992223,37.5189560974519],[127.0589529995918,37.5168804987172],[127.05924640028951,37.518816799927805],[127.060040200748,37.519233300451305],[127.05884360170481,37.5196810004554],[127.06023190104901,37.5211544997354],[127.05773670011811,37.5210855017139],[127.0570851009599,37.5229408015517],[127.0500139999008,37.5246219007191],[127.046809399202,37.522556899916],[127.0473051996145,37.5218760001306],[127.04590249975449,37.5198255005981],[127.0439146997153,37.5211334004716],[127.043469999347,37.5195759002259],[127.04196850058419,37.519407600183],[127.04169900039909,37.5207788010581],[127.0404841003745,37.5208787005866],[127.0404834002057,37.521845300729304],[127.0387757987176,37.521455500352104],[127.037747499874,37.5198440006503],[127.0382010994892,37.518764500285705],[127.0359265994792,37.517840400380194],[127.0355002999842,37.516516200595696],[127.0344673995991,37.5169804014359],[127.03445839929411,37.516314100571805],[127.0334319003206,37.5161220007639],[127.0321547994638,37.5172522005809],[127.0315231999585,37.5162208009921],[127.0294254995938,37.517038600812796],[127.0277924993963,37.5151041010227],[127.0278940994459,37.5139334010254],[127.0266308993266,37.5130658995803]]],[[[127.1178758990423,37.540289900469],[127.1186433994761,37.5402074993409],[127.1178902996645,37.5390412998399],[127.1185712996709,37.538473499941105],[127.11796049993049,37.537826299841],[127.1189077995667,37.537729298814504],[127.11860899953571,37.5364812995709],[127.11994399936461,37.5360277991013],[127.11964309948931,37.5351129996603],[127.1214053997615,37.5330868992732],[127.12227199972949,37.5338309990661],[127.12315699990401,37.5333126992773],[127.1242745003869,37.5347489994398],[127.1279922998235,37.534723399533895],[127.1294121995508,37.5330782996676],[127.1296491999809,37.533704799297404],[127.1301488994812,37.5333269996752],[127.1297389995171,37.5325344001316],[127.1303396996882,37.5317749993277],[127.1316287997641,37.531422199506004],[127.1320242003236,37.5322500989724],[127.1338794004067,37.532424999271804],[127.13453890026639,37.5337658989706],[127.1360239002934,37.5333150993738],[127.1379379001624,37.5340565997378],[127.1367924008976,37.5353407002793],[127.1380996995903,37.5366197990002],[127.1391030005109,37.5349724996613],[127.14152140030261,37.536012999076895],[127.141829300982,37.536977899246494],[127.1429658007947,37.5367257992729],[127.1432388020663,37.5376115999805],[127.1414484010819,37.539510199739205],[127.1411780002782,37.5409689007246],[127.1415959994637,37.5399040010729],[127.1377246002355,37.5393809006331],[127.1358200005101,37.5364700012953],[127.1352284995624,37.5380516005655],[127.1350589994003,37.536808201266304],[127.1340985990804,37.5375015000732],[127.1330364001426,37.5355843019904],[127.1299834009612,37.5365301006147],[127.1292780011937,37.5383603005381],[127.12746000084469,37.538980001125104],[127.127840300852,37.540451400121604],[127.1252093997288,37.543670900742406],[127.1233338003735,37.543073801061205],[127.1226354003436,37.5418133014359],[127.12036519994139,37.5426269001719],[127.1184826995247,37.5408755012245],[127.11769920030821,37.5414563006437],[127.1178758990423,37.540289900469]]],[[[127.11198739990691,37.6297617000369],[127.1128713999017,37.6294216985434],[127.1139345004729,37.630329099459594],[127.11600579948839,37.629499099812996],[127.1154391997393,37.6286060004175],[127.1149635994863,37.628936699563496],[127.1154392010107,37.6286059989587],[127.1164203011532,37.630149899462],[127.11793079964269,37.6299566996552],[127.11785410002621,37.629149899714605],[127.1207214005007,37.6297670001505],[127.120274200472,37.6301116998354],[127.12262920196821,37.6336393990639],[127.12182510084929,37.634167899770404],[127.12229220005631,37.634430700607105],[127.1209564005499,37.634246000518196],[127.12119780027881,37.635635099644105],[127.1220354020801,37.6355898000609],[127.1232845004916,37.638298399123194],[127.1205173021895,37.6398159993916],[127.1211005008151,37.643540698242106],[127.1234576984579,37.642480599302196],[127.12718510084791,37.6426493991192],[127.1287433009996,37.6459934001247],[127.1267111002973,37.645496002327505],[127.1264658004665,37.648299200432],[127.1228901992761,37.6481563010073],[127.12192299963249,37.646742500291005],[127.1225076993643,37.6460120005734],[127.120796799349,37.646677099834],[127.1207092997034,37.644331501415],[127.1185476996629,37.6452665009839],[127.12034779833091,37.6438577003893],[127.1193392970437,37.6422381988234],[127.1204830971012,37.640766298049606],[127.1202599973243,37.639047099768796],[127.116731697749,37.6377751021819],[127.11681579856659,37.635995300519],[127.1152142989373,37.6355163000409],[127.1174700994828,37.63432629891],[127.1181921987607,37.6329178003185],[127.1174375992974,37.631751901140696],[127.1160786006564,37.632300900591694],[127.1156882994189,37.633881100867605],[127.11198739990691,37.6297617000369]]],[[[127.0419446967194,37.5512665988129],[127.0439593990974,37.5513791989008],[127.0443684992827,37.548447700628095],[127.0435850987737,37.5485771007829],[127.04436849947561,37.5484476996526],[127.04485549873989,37.5456218000572],[127.0472267011366,37.5451283988991],[127.0499522001821,37.546354599357],[127.0485063002028,37.5475299009514],[127.0474002007352,37.5466305012346],[127.0466210003212,37.5474159006238],[127.0453116010202,37.5469613005353],[127.0457443008665,37.547793400646306],[127.0445334004647,37.5480491002281],[127.04413090093149,37.5510122991779],[127.0459459009737,37.551492600070404],[127.0456732010336,37.553918198569],[127.04621660066289,37.554347199565505],[127.04567320012049,37.5539182003593],[127.0459990001668,37.5548554002739],[127.0445642004176,37.555093900339],[127.044865200126,37.5559502003752],[127.044072399791,37.55612229997],[127.0440477998396,37.5539894008394],[127.04241599998521,37.5532037006115],[127.0410693991128,37.5543039007157],[127.0419446967194,37.5512665988129]]],[[[127.0414409996759,37.6881159999583],[127.0439266990204,37.6864971993882],[127.0437796999541,37.6858736995586],[127.0451946995686,37.6864861994058],[127.0458664994652,37.6852911995526],[127.0505130001398,37.6863179999943],[127.0490979000824,37.6906910002721],[127.04653780066559,37.6905444009],[127.04492410000961,37.692695800936704],[127.0422147972318,37.6909260031373],[127.0433806997919,37.6917409984405],[127.0446404998376,37.6910992990451],[127.0453883997586,37.688959600518196],[127.0423513994877,37.6889867003892],[127.0414409996759,37.6881159999583]]],[[[127.137530497488,37.646681298602594],[127.13789349998571,37.6454580987771],[127.1435358997096,37.645398698253004],[127.1442497007724,37.6459810990433],[127.14504980065179,37.6451718996823],[127.14573560062229,37.64639319904],[127.1471876002874,37.644964899694195],[127.1481134049572,37.646223299283704],[127.14774730279761,37.6475824022846],[127.149801200821,37.6508860003442],[127.1465966023456,37.650405900407705],[127.146076301671,37.6515930015141],[127.1448464006653,37.6520048003612],[127.1450952002289,37.652901900879506],[127.1418919993093,37.6532424007609],[127.141903397993,37.6512072007044],[127.1379933986737,37.6501447006859],[127.13921139920329,37.647084799777204],[127.1388269995877,37.6461199007421],[127.137530497488,37.646681298602594]]],[[[127.0277975992508,37.549766000469496],[127.0292463988591,37.547565498421996],[127.0307073997882,37.5477131983226],[127.0335195001862,37.5489359000175],[127.0332286016217,37.5508161995524],[127.0354248998633,37.5512989998202],[127.035947301971,37.550682998536196],[127.0368816011925,37.5522927995913],[127.03662460031589,37.5530459007509],[127.0361931997037,37.552239200567904],[127.035055600215,37.5522693002614],[127.0344513997155,37.5534569007164],[127.03261809950439,37.550646801054306],[127.0318551999079,37.5515635002908],[127.0318553994402,37.5502483008577],[127.0308726000322,37.5505274002126],[127.0307118995572,37.5518856001432],[127.02994369932071,37.550319200229396],[127.0287498997061,37.5494706004414],[127.0277975992508,37.549766000469496]]],[[[126.9894833993497,37.5701934001542],[126.99243680013659,37.568181198741],[126.9937984999267,37.5693038993307],[126.993333100524,37.5698587998614],[126.9950820002009,37.570540499974],[126.99152410000461,37.572701900915895],[126.9894833993497,37.5701934001542]]],[[[127.03234499951371,37.6490438000507],[127.0336854987096,37.648670299818896],[127.0336041992099,37.646372398732495],[127.0360755001568,37.647504999693204],[127.035816600198,37.6481275996678],[127.0372380007036,37.6482212000533],[127.03619280030179,37.6488737004109],[127.03636470056449,37.6496470009512],[127.03503359992031,37.6501181003523],[127.0334699999234,37.649817900643406],[127.0336854993853,37.648670301127396],[127.03234499951371,37.6490438000507]]],[[[127.0180310997973,37.510141600495],[127.02257440039969,37.5082921993076],[127.0251123002814,37.512176099690095],[127.0240127002458,37.5119823008763],[127.0237070000581,37.5127032011998],[127.0200522999491,37.5137685001751],[127.020190699799,37.5130341007091],[127.0189115995737,37.512277000194395],[127.01942109914471,37.511478500323406],[127.0180310997973,37.510141600495]]],[[[127.1409771991501,37.604820799784896],[127.1428347996065,37.6029499002877],[127.14142559985511,37.6021991000589],[127.1425006998269,37.6016719997271],[127.14441549955329,37.6023475991186],[127.14626029948879,37.6019040985562],[127.1462169003584,37.6033005991811],[127.1470077004961,37.602818300262],[127.14635680132481,37.6048001003562],[127.14400940049791,37.6042408007837],[127.1416956001005,37.6056350007453],[127.1409771991501,37.604820799784896]]],[[[127.0171891997217,37.5654811999638],[127.0197556998943,37.5640767993064],[127.02197730031381,37.565584700152],[127.01963699927741,37.56756600023],[127.0171891997217,37.5654811999638]]],[[[127.0045999992597,37.564769999948304],[127.00545810027779,37.563848899437104],[127.00577870015019,37.5646305993263],[127.00653370052761,37.564498799947],[127.0065781005284,37.5655743989911],[127.0071788999011,37.564197699652304],[127.0075045004314,37.5652830990215],[127.0088689007165,37.5656297997239],[127.0067638991761,37.5661501001397],[127.00549049965329,37.5646843008436],[127.0045999992597,37.564769999948304]]],[[[127.01406549932351,37.5922905997219],[127.0151484999731,37.591297899712],[127.0159629992797,37.5917622994978],[127.0168305005736,37.590389299120396],[127.0184671007704,37.5933068001036],[127.0166557997122,37.594623600950996],[127.01406549932351,37.5922905997219]]],[[[127.12488019918541,37.5512742003418],[127.1269898992018,37.5485963994325],[127.12673459978721,37.547887799409196],[127.12698990038089,37.5485963991548],[127.1280777009223,37.548316799663205],[127.1288203004397,37.5495708986391],[127.1305756002879,37.5488226998658],[127.12974810070111,37.5494344999265],[127.13039910019481,37.5501667008302],[127.128648100652,37.5512972003603],[127.12848770035349,37.552404701337],[127.1280148998037,37.5514278011268],[127.12488019918541,37.5512742003418]]],[[[127.0723786988016,37.6598960000124],[127.0732913993893,37.6592066989284],[127.0762614006293,37.660013699647],[127.07669170207039,37.6611372997565],[127.0757287006207,37.6618228998654],[127.0764001014759,37.6624910003788],[127.0740286997506,37.6620236014537],[127.07307949978761,37.6628466001345],[127.0740286988755,37.662023600674395],[127.0723786988016,37.6598960000124]]],[[[126.9821443988543,37.570399999995],[126.9828537998158,37.5695300996837],[126.9840326004159,37.570167299935804],[126.9821443988543,37.570399999995]]],[[[127.01111299949869,37.561169800345304],[127.0125522009039,37.558160299237095],[127.0142075994683,37.5597366980028],[127.015470400529,37.5587440996068],[127.01586260074511,37.5594746990324],[127.01499840054,37.562053900894504],[127.01111299949869,37.561169800345304]]],[[[127.03809299875981,37.5275879996286],[127.0397929991301,37.525222799575005],[127.0411613000979,37.525504598762],[127.042330800191,37.5285206006587],[127.0408303993854,37.5296775007305],[127.03809299875981,37.5275879996286]]],[[[127.1728799991741,37.650090000681196],[127.1744116001092,37.6493335993356],[127.1761451007241,37.6503545984369],[127.1774195004049,37.6486206987681],[127.1808869003779,37.650248999906005],[127.17930819873459,37.6520264026543],[127.1771039997225,37.6517556011938],[127.1761450995634,37.6503546004413],[127.1739577007262,37.6508847020418],[127.1728799991741,37.650090000681196]]],[[[127.1075955996816,37.6377632000681],[127.10869799948631,37.638776999445795],[127.1142014986437,37.6376065996799],[127.1127793002036,37.6343153986346],[127.1142854005232,37.6376116998541],[127.10869799983931,37.6387770018928],[127.1075955996816,37.6377632000681]]],[[[127.0151428989754,37.541196900661404],[127.01648559977559,37.5412639994679],[127.0163276000355,37.5401560997461],[127.0186301007971,37.5405689999927],[127.0178939009552,37.5410401002114],[127.0193759012462,37.5417196002836],[127.0163533999859,37.5426341008847],[127.0151428989754,37.541196900661404]]],[[[127.141430499626,37.5453768990562],[127.1424976002756,37.544090098996996],[127.1428658002352,37.5450410989078],[127.14504830102099,37.545456100060406],[127.1448800011347,37.546480000049506],[127.14396510089371,37.5464093006308],[127.1434310998904,37.5476893001218],[127.1425314993083,37.5468352001084],[127.1430190988377,37.5463322004039],[127.14151609986881,37.5460783005884],[127.141430499626,37.5453768990562]]],[[[127.0931430993612,37.5347741996549],[127.09429249953129,37.5350051993954],[127.0949873002275,37.534033699869205],[127.0939582998159,37.536210500522905],[127.0931430993612,37.5347741996549]]],[[[127.01049419949939,37.5091782001398],[127.0111027995687,37.509361999506304],[127.0113665009573,37.5080325985887],[127.01331640063759,37.508010898913],[127.0119577005993,37.509455800579595],[127.01049419949939,37.5091782001398]]],[[[127.1279896996944,37.648999800133],[127.1290147007618,37.647985499285795],[127.1296325006399,37.6493601006325],[127.1279896996944,37.648999800133]]],[[[127.0252561994371,37.6378778998481],[127.0258386009571,37.6379523003648],[127.0252307002375,37.638236800790004],[127.0252561994371,37.6378778998481]]],[[[127.01962909971431,37.516154000049504],[127.0200869006833,37.516260600155405],[127.019785199994,37.5164609000757],[127.01962909971431,37.516154000049504]]],[[[127.02442809978689,37.5044485001681],[127.0247265001665,37.5043010996441],[127.02535210053061,37.5046542001757],[127.02442809978689,37.5044485001681]]],[[[127.0474024996433,37.5544317004046],[127.04867060049659,37.554023799804604],[127.0484453002383,37.5543795007775],[127.0483740994983,37.5541052005468],[127.0474024996433,37.5544317004046]]],[[[127.1439939986034,37.5519059000622],[127.1439521999454,37.5507928996623],[127.1441928019428,37.5519573997481],[127.1439939986034,37.5519059000622]]],[[[127.1605123996232,37.6091919996181],[127.1614196012539,37.609408100402206],[127.1607238998604,37.6099046002138],[127.1605123996232,37.6091919996181]]],[[[127.0487058984825,37.505167898911296],[127.04937979887559,37.5037362991003],[127.0498170012855,37.5040288004339],[127.0484723998345,37.50565310033971],[127.0487058984825,37.505167898911296]]],[[[127.0788862996543,37.6704296996131],[127.0791033000225,37.6700981997237],[127.0793928008292,37.670375699956104],[127.0788862996543,37.6704296996131]]],[[[127.0430133997242,37.591511000206296],[127.0439553003107,37.5913070995152],[127.0436363995678,37.591807200718996],[127.0430133997242,37.591511000206296]]],[[[127.0129524987031,37.602720899753],[127.01409010073701,37.602765600586096],[127.01352939991429,37.6032536004174],[127.0129524987031,37.602720899753]]],[[[127.2073244994242,37.6370980002519],[127.2078618011202,37.6372018010118],[127.2072896003421,37.6374017010497],[127.2073244994242,37.6370980002519]]],[[[127.0045506991515,37.503405799729805],[127.0047969007808,37.5029870002814],[127.0048372006776,37.5033279001275],[127.0045506991515,37.503405799729805]]],[[[127.0472639994428,37.552539199948],[127.04820410211131,37.551965599231],[127.0472640010378,37.5525392012147],[127.0472639994428,37.552539199948]]],[[[127.00956209938269,37.5076287998224],[127.00948289985219,37.5074791992856],[127.0101801001623,37.5076836000854],[127.00956209938269,37.5076287998224]]],[[[127.0454172998418,37.6792993995388],[127.04566450066581,37.679272999836904],[127.0454173001832,37.6792994006911],[127.0454172998418,37.6792993995388]]],[[[127.12047129879011,37.5302834006648],[127.1204713004919,37.5302833996549],[127.1206252003178,37.5306774009787],[127.12047129879011,37.5302834006648]]],[[[127.0458595997958,37.680435800043696],[127.0458595998576,37.680435799540895],[127.045864699835,37.680467200179706],[127.0458595997958,37.680435800043696]]],[[[127.0571878997676,37.5714699000092],[127.0571859997689,37.5714465999024],[127.05718990002289,37.5714945002005],[127.0571878997676,37.5714699000092]]],[[[127.1132377986834,37.610697001501],[127.1132377985924,37.610696998471404],[127.11334570098529,37.6106347991514],[127.1132377986834,37.610697001501]]],[[[127.0077676999578,37.5703720999138],[127.0077677001711,37.5703721003035],[127.0077676999777,37.5703721005599],[127.0077676999578,37.5703720999138]]],[[[127.0261168999132,37.6376355999933],[127.026147799808,37.6376158993267],[127.02614780030831,37.6376158997879],[127.0261168999132,37.6376355999933]]],[[[127.102981199114,37.6128036013206],[127.1029812003574,37.6128035997032],[127.1029812005199,37.6128036006392],[127.102981199114,37.6128036013206]]],[[[127.1099165015696,37.6283302016301],[127.1099164984333,37.62833019977],[127.1099523000825,37.6282019980907],[127.1099165015696,37.6283302016301]]],[[[127.0445850981182,37.5434132002305],[127.0445850999171,37.543413199196905],[127.04458510027831,37.5434132004887],[127.0445850981182,37.5434132002305]]],[[[127.12406419932951,37.6400556989815],[127.12406420156121,37.640055699250794],[127.12406420112961,37.6400557004782],[127.12406419932951,37.6400556989815]]],[[[126.9988518996134,37.5691725999118],[126.99885190011001,37.5691725997037],[126.99885190010171,37.569172600289704],[126.9988518996134,37.5691725999118]]],[[[127.00193659885869,37.5823409999468],[127.00193660053539,37.582340999424],[127.0019366003551,37.5823410002925],[127.00193659885869,37.5823409999468]]],[[[127.0111852997501,37.5306123001003],[127.01118530033219,37.530612299357],[127.0111853015295,37.5306123007107],[127.0111852997501,37.5306123001003]]],[[[127.0373605995075,37.5984186994525],[127.0373606001851,37.598418699571404],[127.0373605994143,37.598418700877005],[127.0373605995075,37.5984186994525]]],[[[127.0516062995845,37.6436654998411],[127.05160630057921,37.643665499715894],[127.0516063001685,37.6436655001785],[127.0516062995845,37.6436654998411]]],[[[127.06231239991159,37.6560754999829],[127.06231240002569,37.6560755000033],[127.0623123999816,37.6560755000565],[127.06231239991159,37.6560754999829]]],[[[127.1115021984214,37.609074800754804],[127.1115021997962,37.6090747997101],[127.111502200328,37.6090748000936],[127.1115021984214,37.609074800754804]]],[[[127.0273747999495,37.583186600427595],[127.0273747999631,37.5831865999512],[127.02737480009671,37.5831865999971],[127.0273747999495,37.583186600427595]]],[[[127.044721899949,37.591085300045904],[127.0447219000382,37.5910852998701],[127.0447219003521,37.591085300025206],[127.044721899949,37.591085300045904]]]]}},{"type":"Feature","properties":{"interval":60,"stationId":"4706526694"},"geometry":{"type":"MultiPolygon","coordinates":[[[[126.8841101988274,37.5265217998943],[126.883310899911,37.5260622999826],[126.8834815994275,37.524703599650906],[126.884699899607,37.5245170987792],[126.88440389990299,37.523253300043],[126.885351199875,37.522274599588506],[126.889930999597,37.524585899628],[126.8913021992777,37.5221927999947],[126.8941421997218,37.521533898877],[126.8951862986777,37.520348900062004],[126.89463089923309,37.5191708012401],[126.8934233989165,37.519197500299],[126.8946446986521,37.517273699566694],[126.8938553993395,37.514963400987696],[126.8931644989331,37.515009500639195],[126.8937264999754,37.5141237996131],[126.8957534004563,37.514290499505805],[126.89579670178091,37.516199999391596],[126.8980893011275,37.5169371999133],[126.89671710022121,37.5189471008871],[126.895309701167,37.5190692009384],[126.8954026003082,37.5212733992474],[126.8967646006368,37.5225623987117],[126.9023355988595,37.5198566994021],[126.9024392996037,37.5182798000355],[126.9054261999341,37.517961999443195],[126.9063473000343,37.5170087995962],[126.90590930058751,37.5175311995195],[126.9068248996719,37.5175435995071],[126.90667909980091,37.516362299932],[126.90769999874401,37.5152200003169],[126.90294730093359,37.5124200013209],[126.9026147983963,37.5129117004457],[126.904104298224,37.5107090006912],[126.90216549958609,37.5100827010793],[126.90182729868789,37.5090804999187],[126.9058268994378,37.5080785994451],[126.9071353990401,37.508863298700405],[126.9070996998736,37.5071089992759],[126.9093274988984,37.5063251999984],[126.9094323987971,37.5055118003782],[126.908381499848,37.5032681026219],[126.9052980006664,37.5056864002876],[126.9043687002312,37.5032524015771],[126.9028673991917,37.5044898996854],[126.9027004993207,37.503248899699706],[126.9013687992876,37.5021864002607],[126.90146799995509,37.501374999679804],[126.9025120993811,37.501562299496904],[126.9037599981891,37.5005442980511],[126.9025308993555,37.4980569001192],[126.9029639990089,37.496733000624396],[126.9021892993215,37.4962360007622],[126.8996538992929,37.4972755010033],[126.8977845001015,37.4966705011416],[126.89734510006059,37.4976665012834],[126.895931800497,37.4968798015592],[126.89456270116729,37.499014600596404],[126.8923642986791,37.499124200721496],[126.8916592979457,37.4975205001624],[126.8932270000722,37.4972273992912],[126.8946187989798,37.4950844002298],[126.8926337995272,37.4939226011064],[126.8918617998831,37.4942956005516],[126.8922350993699,37.4926235006749],[126.8905340994186,37.4917728998972],[126.8905271993975,37.4907449998342],[126.8917463988585,37.490419300060296],[126.8913950992098,37.4895955008841],[126.8903401991893,37.4900487001749],[126.8913950987831,37.4895955001563],[126.8902872998909,37.488946800805],[126.88792889987221,37.4901993007486],[126.88567129975989,37.4887447007403],[126.8844535991217,37.4889221000141],[126.8833907993645,37.4866387006413],[126.8844392985892,37.4850622995093],[126.8838953992192,37.4841407000895],[126.8857827993392,37.482817999427304],[126.8868886992678,37.4832094993002],[126.8876319995458,37.4822675990037],[126.888722700328,37.4831325993924],[126.88952770050311,37.482719799779595],[126.8893878007852,37.483926899048],[126.89155419898741,37.4837187990576],[126.8906588015907,37.4839998013049],[126.89129320133361,37.4885615998355],[126.8945781985412,37.4896781984924],[126.8956158997042,37.4878030984649],[126.8975357003263,37.487308199678004],[126.89920000002999,37.4887799989426],[126.90036550000751,37.4879275993092],[126.9005260009271,37.4899565996031],[126.9020286003957,37.490033099582796],[126.9017229006429,37.4910218000718],[126.90271350060681,37.4931170998863],[126.9024231997297,37.4941166005923],[126.90079610092009,37.4937560006407],[126.9026704002847,37.496544699034104],[126.90413559881951,37.4961884993903],[126.9036774992664,37.494983099505696],[126.9045230998485,37.495583698531995],[126.9051214996665,37.4943721993894],[126.9066578998049,37.4954323978015],[126.90872259872691,37.494840798060295],[126.90917349991679,37.493241699391],[126.909482099895,37.494873398971606],[126.9103414002704,37.4936947989974],[126.91153090136581,37.4937405992839],[126.9110852002255,37.4945521995702],[126.9128480995427,37.4954745990579],[126.9147269988215,37.4947360991009],[126.91484849870001,37.4936636001734],[126.9164442984313,37.494378799081],[126.9167054978662,37.4924430997452],[126.91799119939141,37.4927986994156],[126.9172508999441,37.4912274999216],[126.920479599693,37.4931262989467],[126.9215741994088,37.490690898665996],[126.9227203998241,37.4905084997545],[126.92238879920299,37.4897560996315],[126.9233520994714,37.489835399015796],[126.92418389875711,37.4881668002497],[126.9222873988364,37.4863771992673],[126.9228008987599,37.4840321002453],[126.921403699642,37.483767400782895],[126.9213240995474,37.4823757999247],[126.9232850994013,37.482736199531494],[126.9234923993653,37.4810709997943],[126.9265101996207,37.4787560994669],[126.9288305996726,37.4780169995731],[126.93011869918979,37.4760354000545],[126.9324479989307,37.4762868996441],[126.9325063983376,37.474049200598806],[126.9309049987063,37.4735588017006],[126.93107829872649,37.4713968007592],[126.9300382997457,37.4712314998457],[126.9321513992993,37.4711850991662],[126.9319123995383,37.4702907000606],[126.93323579937281,37.4701169994006],[126.9332422993663,37.4690242004934],[126.9326922992488,37.469213798599895],[126.9345703005327,37.468822399624],[126.9383443005239,37.470822399716006],[126.9374486006293,37.4725932006264],[126.93619650093069,37.4730122006111],[126.93596810079029,37.4742730000132],[126.9383986002544,37.4759798993082],[126.9421136000199,37.475643999375905],[126.9447729988957,37.476809098078796],[126.9499879003488,37.4770700983031],[126.95042320055191,37.4779022990206],[126.9513558996192,37.4777402991826],[126.9518713990299,37.4728758984278],[126.95493860299061,37.4730103981399],[126.9562774016518,37.4741764969738],[126.95924689887799,37.471787299007104],[126.9609679993541,37.4733340977047],[126.96207339824869,37.472514798523996],[126.962697499111,37.4696181988088],[126.9669521977838,37.4679668976868],[126.9702104992638,37.4685375985845],[126.97100619914531,37.467042298832304],[126.9728054003035,37.468936297225206],[126.9749516983579,37.466927999119605],[126.9735582004574,37.465899699114004],[126.9769630003339,37.4674271978196],[126.9779311000163,37.4660721988455],[126.97951790097251,37.4662680985531],[126.9800453003088,37.466756702203],[126.97891290144119,37.466915702044],[126.97829110206301,37.4690709998887],[126.9806033997507,37.4710080979516],[126.9829779973761,37.469993498966204],[126.98522289564539,37.466822100470104],[126.9863224999335,37.4679953995277],[126.98809969983341,37.4673458988961],[126.9884371995754,37.464687501236895],[126.9874359989174,37.4609114995024],[126.9886868988555,37.459392799438305],[126.9878057997366,37.458721900109204],[126.9885778999213,37.4572692999339],[126.9913563016121,37.455059298208],[126.9957088977761,37.4546053982227],[126.9941253986196,37.452001599877605],[126.994783998959,37.4509669991541],[126.99379589963499,37.4500270000449],[126.9957481991014,37.4472290003986],[126.9952142970243,37.4459708002139],[126.9961794018028,37.445750400981204],[126.9962950016872,37.4473840993475],[126.9977017005099,37.4474033993138],[126.9987313009912,37.4463067983728],[127.0010559993088,37.4478218983941],[127.0022716980931,37.4474902987257],[127.002158100062,37.441050598461096],[127.0051410997776,37.439435599679605],[127.00667919877799,37.440406998570204],[127.0078338997901,37.4397463995739],[127.00816499945901,37.438201001119296],[127.0066002997952,37.4358147006241],[127.0030018995017,37.4385729006991],[127.000264199796,37.4387228003241],[127.0015178984531,37.4376842998087],[127.00277339778029,37.433889700025304],[127.000973798614,37.4331756003455],[126.9989335006543,37.4331667003544],[126.99725670048029,37.4345103005032],[126.9970531999079,37.4357137003441],[126.9968521998969,37.4340570004502],[126.9957891998614,37.4345334000714],[126.9944844000594,37.433557000894304],[126.9921810993243,37.433898900188304],[126.9922349996678,37.4316767996227],[126.9951972998646,37.4292216988741],[126.99604569959399,37.4302669987106],[126.99774700009651,37.429501699351505],[126.9970738013643,37.42970700018],[126.99864150006711,37.430666799406],[126.99953120036241,37.4303238997354],[127.0009737990726,37.4331755971215],[127.0044020001998,37.433176597363605],[127.00934820041651,37.431856099841994],[127.0073183020872,37.4328603008615],[127.0067721026334,37.4355712981505],[127.0104360026874,37.4342396957988],[127.0096011032298,37.4344306015378],[127.0092717035592,37.438740797227595],[127.0100487054442,37.441041898936405],[127.0129600027971,37.4441875005584],[127.01041960078511,37.448559400471204],[127.00962559962781,37.4484190026563],[127.0082606009928,37.4499855010898],[127.00833710124141,37.451018900964],[127.0075797994717,37.4504410021395],[127.0060981985984,37.4515217006744],[127.0058660979557,37.4491600012726],[127.0030952006398,37.450584099734],[127.0031709007864,37.452899999939596],[127.0020054019519,37.4541897986498],[127.0067886009216,37.4547941989522],[127.0043290015185,37.4585221038443],[127.00095950340949,37.4588280028298],[127.00028590019,37.4577888024978],[126.9961002007059,37.4576506043876],[126.996693298425,37.4568010009169],[126.9957088994094,37.454605403112495],[126.99135629935711,37.455059301561406],[126.9901786004381,37.4566488010298],[126.9885779016484,37.457269300819],[126.98855930166701,37.4583270997612],[126.9901311012007,37.4589463994837],[126.9887375026557,37.4599792000797],[126.9935692032369,37.4636874983507],[126.99332910299,37.466292600455205],[126.9944067019124,37.468929797818],[126.9970105011338,37.471482498918704],[127.0020006961436,37.4702819001193],[127.0012696019299,37.4682975989675],[127.0027497013637,37.4698725987923],[127.005213202909,37.4696947999292],[127.0057839020101,37.471608899434],[127.0089986005116,37.473225398308195],[127.0063786029428,37.4759685982264],[127.007670401651,37.476594497600495],[127.0097781995432,37.4759931982018],[127.010283499336,37.4742048991877],[127.0116338988503,37.4737138986829],[127.0139371983477,37.476250196845704],[127.01433779612171,37.4729862967856],[127.0167723004517,37.4738980979712],[127.0179221040632,37.4763666967709],[127.02350519848011,37.4761747969628],[127.0227287992565,37.4736372995003],[127.02500479882251,37.4744296987761],[127.02347589952659,37.4722061003748],[127.0239851989591,37.4686981984786],[127.0253227976215,37.4684902986865],[127.0249345993925,37.4644148998071],[127.0267343012238,37.465948599158395],[127.03036909974381,37.4641276973896],[127.0315505985623,37.4601632013541],[127.0296416994457,37.4597986000219],[127.0306644994627,37.4576814993779],[127.0331604998555,37.459029698353206],[127.035245201129,37.457346398546996],[127.0399256977817,37.457150296662704],[127.0421858002835,37.4583481998945],[127.0391702011663,37.4609843007457],[127.0393775008116,37.4633291997054],[127.0403546000641,37.463498999653],[127.0425040995942,37.4615442993111],[127.0443331985809,37.4615364990165],[127.0450296990715,37.4594362000559],[127.0441151991336,37.458508299798396],[127.0459835996163,37.4596232989244],[127.0472713958834,37.451816201323005],[127.0460271971276,37.4503479027913],[127.04457879368509,37.4402141051215],[127.04525319798391,37.4390508975025],[127.0474042984719,37.438803698053704],[127.047621997566,37.435430498567804],[127.05127900356189,37.434967098622],[127.0512361036048,37.4391122944768],[127.0581294967114,37.4377601958289],[127.0620130977162,37.4343131953693],[127.0660149005543,37.4347978984222],[127.0669702015562,37.4353775995395],[127.06460100087439,37.4372376999915],[127.0633288021466,37.4427550944741],[127.0666571047806,37.4464462969966],[127.0644569016838,37.451677199947],[127.0662552006068,37.4523027997236],[127.0676402003994,37.4550974007322],[127.065361701748,37.4563163012367],[127.0619075013098,37.4563295022932],[127.0613804018369,37.459063699559],[127.06209989876011,37.4597890012932],[127.0591365017235,37.4579211031611],[127.0573689022269,37.4585222041018],[127.0534642027216,37.4680563003761],[127.054491801694,37.4711342972981],[127.0568640006681,37.4735769953871],[127.059632898652,37.4722053967234],[127.0660417987978,37.4732077961434],[127.0662644026136,37.4754072987897],[127.0696386996658,37.4750176990282],[127.07119380127351,37.472051097065],[127.0702362020155,37.4741630978347],[127.072502802735,37.4783282991171],[127.0758150994805,37.4808980967673],[127.08063599748439,37.477255997612495],[127.0804264976939,37.4759459989225],[127.0813158011438,37.4772380980567],[127.0862732994845,37.4790287965081],[127.0875116995361,37.4774192989915],[127.08722590139381,37.4764500994671],[127.0890794018123,37.4785318998361],[127.08800860011499,37.478151601627594],[127.0842864028462,37.481388799151496],[127.08527640185619,37.4834877970525],[127.0866501010097,37.4836873969844],[127.0881598994999,37.4836291970426],[127.09218989753339,37.4813362983895],[127.0911375000329,37.4783801990452],[127.0921899001,37.481336297009506],[127.0937453992651,37.4782425990184],[127.0954925001145,37.477599699727996],[127.09725539835159,37.4788655984621],[127.0984484991334,37.4769258983047],[127.0995805001282,37.4777619978276],[127.10148769923391,37.4774094986144],[127.1044592001316,37.47495789765],[127.10874200184061,37.4761737005949],[127.107683600556,37.4778665009696],[127.1068787005717,37.4777506004388],[127.1063295002453,37.479664700033],[127.1090463986375,37.4817496977127],[127.11128100212771,37.4772941010587],[127.1112523021564,37.4796872986655],[127.1097692016812,37.483148998978194],[127.1123827990676,37.4846130975141],[127.1140604981195,37.4823174988578],[127.11390279950591,37.4783519000009],[127.11482479957259,37.4769660993684],[127.1176505976364,37.477624398233004],[127.1199958973128,37.4758475985713],[127.1170160987826,37.470649701564504],[127.1182870982325,37.4687784993763],[127.1181924983271,37.467274000880806],[127.1155953989609,37.465516898484495],[127.116969299484,37.465795498964],[127.117751499568,37.4648573986147],[127.120841101611,37.465342198455104],[127.119712301296,37.4655901000678],[127.1205771004312,37.4670202986376],[127.1232439012182,37.4661010982129],[127.1249976994644,37.466956197357796],[127.127031498002,37.4635682000864],[127.1255826988146,37.4600807007293],[127.1266797001377,37.4593549986078],[127.1267673003815,37.4604635994848],[127.12783280070029,37.4604145990722],[127.1284928016509,37.461475799576405],[127.1302554006311,37.461379199116],[127.12969340384899,37.4646595007053],[127.1312411023013,37.467115798249004],[127.1330217005207,37.467423797941],[127.1338216997207,37.466253899110896],[127.137385699202,37.464895597959895],[127.13780899877871,37.4632788995766],[127.1364531975295,37.4611129983567],[127.13847289917649,37.4600866955247],[127.13834409951309,37.4556163992868],[127.1470460999297,37.4561676949545],[127.1493471976286,37.4540059971162],[127.1477242996385,37.4505622970988],[127.1494507007307,37.4513137985137],[127.151394400611,37.4507948995878],[127.1499952018115,37.451803499436494],[127.15062240118431,37.452683898556096],[127.1521352999717,37.4515404994772],[127.15062240218491,37.452683899265296],[127.1534547010222,37.4525124987862],[127.1549686995082,37.4538594974392],[127.1559834988341,37.4518077993567],[127.15682579799179,37.451581699582796],[127.1552223993965,37.4483710013736],[127.1535049000987,37.4490434017835],[127.1528601993031,37.4479324004961],[127.1532387986447,37.4469760989319],[127.15286020037851,37.4479323993089],[127.1547323991335,37.44715329995859],[127.1541397977437,37.443704102203895],[127.1514835987312,37.442211997755194],[127.1545580007176,37.4417902990375],[127.155360599915,37.442393298434496],[127.15715239959461,37.4415925996839],[127.1590515000889,37.4428519987283],[127.15991910060019,37.4411602995259],[127.1614642000316,37.445461498686804],[127.1621131005129,37.4447995990772],[127.1630004002597,37.445641099499404],[127.1602501009563,37.446679600140705],[127.1632234001654,37.4483591995972],[127.16388240019211,37.4480625993627],[127.165382900312,37.4507293991595],[127.165972900821,37.4505817001692],[127.1649349005099,37.4506424010721],[127.164291601228,37.452474000021304],[127.1649645002869,37.4543700002481],[127.1630981006986,37.455889901023404],[127.1634808003159,37.4570787998345],[127.1630981002387,37.455889901237505],[127.1619880999442,37.4569524002892],[127.1603723995112,37.456339000966096],[127.1588291998623,37.4568593001738],[127.1582529986071,37.456161599725604],[127.15850329874701,37.4536912012528],[127.15657590067441,37.4531734017706],[127.15664420021591,37.454931200956],[127.1548412007274,37.4555364004253],[127.1551763012146,37.457822899923194],[127.1567184002561,37.4583130000347],[127.15482470110581,37.4602844012642],[127.1550852008453,37.4621836993649],[127.1557788999426,37.4624837007829],[127.1546241947611,37.462243802566405],[127.1482407005374,37.4654042013075],[127.1455758008837,37.4657128029603],[127.1446804017791,37.4679900006831],[127.1466904006857,37.4702774014724],[127.1461419990895,37.4704628000969],[127.145441800261,37.4686662008323],[127.14203280029689,37.4690580008228],[127.142247300848,37.4699863008408],[127.14108179956159,37.4702871007315],[127.13524689881879,37.4678098008449],[127.1334353006304,37.468093100561596],[127.13001389958809,37.4707242030047],[127.1272182003307,37.471195200986294],[127.1267486003409,37.472802900690496],[127.1257667993489,37.4703150002191],[127.1245464005693,37.4700854004487],[127.12439330072239,37.4711212994128],[127.1257756003489,37.4743382989176],[127.1270543013455,37.4740976998526],[127.1257756008892,37.4743383003094],[127.1263787002861,37.4754187992289],[127.1285729998268,37.4752508986994],[127.12961650063039,37.477099599062505],[127.13095629960189,37.475479800019805],[127.1302142993877,37.474826198902704],[127.1324919989847,37.4746124982464],[127.1325462993089,37.471329999012205],[127.1340516000141,37.4712663973883],[127.13401489997929,37.4735666988676],[127.13605630003751,37.4724507994591],[127.13757610013741,37.4740513997254],[127.1367803010731,37.4756132002019],[127.13755970029369,37.4760641997509],[127.1368617006471,37.4759604002141],[127.1371317005648,37.4772817999852],[127.1363697002019,37.477578300064295],[127.136428400271,37.478470299761995],[127.1373183000754,37.4783153999894],[127.1363508016145,37.4800059990688],[127.1377457007758,37.480256599156895],[127.13893089970621,37.4817726984448],[127.139794300188,37.4805882999023],[127.1404134001124,37.482178399384104],[127.14213340071531,37.481490999969296],[127.14266620117529,37.4833290989476],[127.14891849977549,37.4836350995848],[127.1507893005409,37.485808399512],[127.15182329957341,37.4849958999256],[127.1513223998111,37.4847311997264],[127.1542895994585,37.4845197969008],[127.1538583004696,37.4853030997998],[127.154689900921,37.485565199826404],[127.1550077002964,37.4869121001652],[127.1542481998751,37.4864923003637],[127.1537473010765,37.48751359971],[127.1550888001079,37.4892445982811],[127.15597629922041,37.4882413992843],[127.1555437996917,37.486705199813],[127.15627669938331,37.4864266995365],[127.1562924007113,37.4869650993722],[127.1575711002765,37.4863054995733],[127.1605699993312,37.4870164993293],[127.1612376005021,37.4885422988745],[127.16226360110811,37.487732599535704],[127.1618907012015,37.489992801458406],[127.1633040020225,37.4922427986083],[127.16111810464399,37.4964304988573],[127.1631456026165,37.4996265956612],[127.1616827000965,37.497523902086996],[127.1609440008352,37.4990425005684],[127.16119590147609,37.500912600659],[127.1601749004242,37.5007602009708],[127.1598763007228,37.5017567999742],[127.15946650001469,37.5012989007147],[127.15894580053539,37.5018604001532],[127.16016950043159,37.5038139001857],[127.1593161004356,37.5031069009978],[127.1565087012866,37.5037037012555],[127.1562879985908,37.5044039021198],[127.1546918002227,37.5018166011143],[127.153893399797,37.5025971007545],[127.1532828004076,37.5019859013657],[127.15100270134491,37.5044321009114],[127.1489312997118,37.504493200309795],[127.1493246979761,37.5028366011552],[127.1484228988779,37.5019430020488],[127.1470601992578,37.5019754016981],[127.1458587004593,37.502726000947504],[127.1459350012992,37.504362800604305],[127.1448940023402,37.5049715999955],[127.1462571009771,37.5078498971172],[127.1456041013658,37.509792998140604],[127.146749202067,37.5110168988216],[127.1488456004513,37.510816799326],[127.1465313020133,37.513308299797096],[127.14810960043499,37.5150688980365],[127.1495453989992,37.5151867979186],[127.1500998986646,37.513962198126805],[127.1514861001542,37.513930099732406],[127.1503759013625,37.5144725997843],[127.1512533004928,37.515383300230305],[127.1501608009438,37.516201899772696],[127.1509385016437,37.517384301386606],[127.1509047016775,37.51952819924271],[127.1519861005961,37.5208869978839],[127.1543353010954,37.5202766993839],[127.15211680362751,37.5217339033891],[127.1510777040553,37.526560100746394],[127.1517181034149,37.5277717995347],[127.1536101015229,37.5301216971848],[127.1555938995391,37.5300975972089],[127.15662199976809,37.5311155977749],[127.1602527002785,37.529942097079],[127.15905440152301,37.5337307020023],[127.157694402883,37.5354182003148],[127.16067440201401,37.5389221981389],[127.1616398014047,37.541479797960996],[127.1692154951136,37.540961897196],[127.1709671000261,37.5394685996552],[127.1695247018075,37.5406414012376],[127.1700196013126,37.5425878992911],[127.1715827002345,37.5428891989595],[127.1720978000635,37.5447327981176],[127.1733903004799,37.543142398086204],[127.17446029971711,37.544143398753704],[127.1756776002065,37.542478500122],[127.17505820159279,37.5437458997272],[127.1774835018021,37.5473149000859],[127.1762728010631,37.5493450002296],[127.1776498008601,37.5509236994889],[127.17965739961,37.551096599673],[127.1807498994031,37.5496408994877],[127.1799855993006,37.5488855994318],[127.1815614001556,37.5500822994296],[127.18232569939131,37.5497532997586],[127.1827222989664,37.5476579006016],[127.1812748990781,37.547551600312495],[127.1833748996666,37.545897198275796],[127.1860729000147,37.5469441993544],[127.1856950007782,37.548025900032],[127.18714490043881,37.5494449990734],[127.1885164001975,37.548505499806396],[127.1886612011904,37.5500293986878],[127.1908045004939,37.5521385993759],[127.1919674993309,37.551443200071304],[127.1915842992012,37.550063100135205],[127.192931399526,37.5498194993188],[127.1923959997317,37.547819300796704],[127.19140989961559,37.547984000106],[127.1923959994473,37.5478192998889],[127.1922179995274,37.5469643003487],[127.19133330057309,37.5469361978766],[127.1935554988942,37.5458317992318],[127.1939023996204,37.5446701990059],[127.1964649993921,37.5440385998806],[127.1963847992571,37.5431234006169],[127.19504529981161,37.543550600152],[127.19590049964039,37.542198500030096],[127.1949958995296,37.541336899976095],[127.19570539847669,37.5391944990956],[127.1968872989136,37.538350598410204],[127.19663009917079,37.5367396000212],[127.1984750991019,37.5360698992883],[127.19764619987109,37.5350036999713],[127.1982630993583,37.5346789000732],[127.1981162997687,37.5332463995772],[127.2000399997648,37.5321056993781],[127.2033100008033,37.5321462993112],[127.2049359000395,37.5346388972444],[127.2071727002127,37.536031095932906],[127.2096700980969,37.5329852989664],[127.2139882990932,37.533746799373006],[127.21633079992499,37.5329838984878],[127.2167989017852,37.536774196575706],[127.22021549836859,37.53547989787],[127.22125099978939,37.5342598975027],[127.227629299656,37.5337070990844],[127.2285684002394,37.535365699131],[127.2298328046037,37.5350404985443],[127.23276920166731,37.536146597438204],[127.2340243009949,37.5397088999355],[127.23055359915449,37.537709400777395],[127.2296644999937,37.5379442005088],[127.2299631023461,37.5415322992104],[127.2316864006228,37.542975197767504],[127.232973199336,37.5419485987941],[127.2330744005945,37.5424974008067],[127.2307440003668,37.543748900800196],[127.22962940067279,37.5429131013573],[127.2270641018388,37.5440745008729],[127.2275070013959,37.545398199549204],[127.2260221001894,37.5453075007117],[127.2256440004441,37.5463037004274],[127.2246214994337,37.54612250016],[127.2238622001143,37.5444428016518],[127.2234273002049,37.546457902118],[127.2225750003118,37.5448569016297],[127.221603400337,37.5474461005669],[127.22195169944851,37.5468585003348],[127.2186324986467,37.5466416010902],[127.2182414001018,37.54545130028551],[127.2170651005417,37.5457873003215],[127.2159496005446,37.5471105009345],[127.2162895002047,37.549528698516305],[127.2176684996107,37.5481833995484],[127.21838510040651,37.5492652007626],[127.2152554003178,37.5505144013786],[127.2091832007282,37.5577354018755],[127.2034462018929,37.562427802616405],[127.2039725010344,37.5693291003796],[127.2025870020118,37.5708842027052],[127.20268580191299,37.573264600324805],[127.1996773966118,37.572367701664504],[127.2006499984919,37.5704586999487],[127.19918889898099,37.569965900329],[127.199151899018,37.5691733011216],[127.1972951003633,37.5694697003497],[127.19621740082009,37.5701840010455],[127.1945307003901,37.5756654008771],[127.1931893001717,37.576066800260996],[127.1906583006643,37.5749716002422],[127.1904153003451,37.576280700149596],[127.1878107008518,37.5765741003089],[127.18746720011801,37.577285500584004],[127.1871803996937,37.576448300671906],[127.1852948998744,37.5765586005956],[127.1849745998682,37.575354600895395],[127.1815429999514,37.5743127001168],[127.18096919971141,37.5732625999253],[127.18215259940469,37.5731286996449],[127.18198029984681,37.5717356004201],[127.18079279962251,37.572316700303205],[127.1806399999607,37.5711679005995],[127.1797089995194,37.571306400452094],[127.1799015993193,37.5702713004259],[127.178149600082,37.5709843006329],[127.1784354997098,37.5700802002519],[127.17737370039491,37.5691115011065],[127.1767290004147,37.570161600152],[127.1752843997562,37.5691966007145],[127.1713921994565,37.570245901862705],[127.1720355995222,37.5683812006779],[127.17054249773929,37.5677769994806],[127.17190139936599,37.567064898549],[127.1723972989867,37.5655441994511],[127.1694480010275,37.563786201366206],[127.16151939828231,37.5675019021455],[127.1595119002898,37.567581402066004],[127.1587574010443,37.5695881000593],[127.15768110009981,37.5698597005359],[127.1581321994335,37.5692755005334],[127.1572426003231,37.568602901206],[127.1565686001085,37.569716101625],[127.1542491992457,37.5679349005261],[127.1565685993065,37.5697160989805],[127.15686889900621,37.5693076993889],[127.15697109895191,37.5674213011868],[127.15482039949211,37.5675464998859],[127.1569710985636,37.5674212991112],[127.1569408995552,37.5632284009056],[127.15644050005561,37.562913301220696],[127.15571299806071,37.5639192011354],[127.1547888989848,37.5627120023426],[127.1519815994577,37.5620344030392],[127.1485801006775,37.5640752011092],[127.1484019000982,37.565606200279795],[127.147317001228,37.5663045003535],[127.1430426026123,37.5628965036991],[127.1416350031153,37.5667664076951],[127.1390681001938,37.5668924079328],[127.1364229000507,37.5658691005178],[127.1333207040198,37.5676085994187],[127.1305230029776,37.570850902419004],[127.13180940124339,37.5746370003365],[127.1310412005969,37.5790181003451],[127.1311506996482,37.5782968001653],[127.12926500153391,37.5770932013689],[127.1294036014856,37.5788023003754],[127.1316830002227,37.5803273001638],[127.1295727012562,37.5836003013251],[127.1297391010898,37.585788499136896],[127.13134459948431,37.5869091980162],[127.13289539984589,37.586884899463804],[127.1339008997291,37.5856613988662],[127.1360323991677,37.5856192973908],[127.138305599862,37.5844663986804],[127.13902369955099,37.5825068997167],[127.13945580032669,37.5834093999837],[127.1424679018448,37.5846629966241],[127.1447601004313,37.5844960972215],[127.14665510069351,37.582906198221096],[127.15136440017801,37.5863210977861],[127.15255019922209,37.584670797978795],[127.15136440154721,37.5863210999407],[127.1521547007569,37.589348796913],[127.1540202988913,37.5875913986704],[127.15399019940989,37.5853042995915],[127.1547579015877,37.587912598240905],[127.1578409005255,37.5886417981248],[127.16004860045109,37.5881083979015],[127.15994860037331,37.5900669985813],[127.1612116991102,37.5904971981511],[127.16239090036481,37.587560098912796],[127.163390402079,37.5883567004552],[127.1641553013949,37.5920318981837],[127.165196200354,37.5932297969858],[127.1691101024783,37.5938018990142],[127.16863260074379,37.5950378000179],[127.1693785003173,37.5957694006944],[127.1687615004032,37.596156699779],[127.1697398003181,37.597084699979405],[127.16770529972669,37.5995447007518],[127.16737839942161,37.597413702274096],[127.1635992013118,37.596420703363805],[127.1628068016909,37.5970708028049],[127.1598548046429,37.600891498984204],[127.1614158039885,37.6044264962142],[127.1654177012339,37.605073496768],[127.1675376001358,37.604132297834504],[127.1695172981561,37.6047618972049],[127.17369859955379,37.5990114993277],[127.17492320049399,37.5999216000323],[127.1738796012507,37.6008318001359],[127.17474440038589,37.6018489991187],[127.17623770081781,37.601498199701],[127.1772167006137,37.602157999466606],[127.176227200268,37.6017378004585],[127.1761090004425,37.602608500357],[127.1757038999974,37.602075100459004],[127.17410580072371,37.6030754000187],[127.1751256996314,37.6048574989516],[127.1783801015219,37.6038230987175],[127.1789143009877,37.6048250977155],[127.1831135011499,37.6029255963686],[127.1847954007365,37.6048280984137],[127.1873389981929,37.604642998598806],[127.18783289769901,37.601111202130596],[127.18387129844581,37.5979757987721],[127.1850674994388,37.596723598050396],[127.1850217002346,37.5945663991618],[127.1887514988695,37.5947664996625],[127.1886110990099,37.593213601215396],[127.187576499452,37.5934613005696],[127.1891020989619,37.5928724993832],[127.18948250137069,37.594248998405895],[127.1914503005111,37.5949429992714],[127.1942463994083,37.593931499319],[127.1943559994851,37.592045600080596],[127.20388129487391,37.5879497938936],[127.21183019603839,37.5800623933666],[127.2178487002439,37.5776882993055],[127.2184117923774,37.576766592743596],[127.2183010005384,37.577417499478706],[127.21948280068169,37.5768765991034],[127.2196506002709,37.5787378988702],[127.22177480028411,37.5796083000281],[127.217576700011,37.580890500489105],[127.21597630161139,37.5838472975323],[127.2168121007756,37.584397596982],[127.218721801218,37.5835071973444],[127.21967370157431,37.5861315989655],[127.2251349028641,37.5893335990934],[127.2231030017274,37.5891202008192],[127.2210804012786,37.5911359014436],[127.220811001548,37.592663199916295],[127.2219314995622,37.5932468017742],[127.21649220267271,37.5922165022072],[127.2144890005649,37.596468000879],[127.21312140193251,37.596803700543305],[127.2137627034092,37.6003116020367],[127.21209950087669,37.6050813007179],[127.2094004015521,37.6029061043566],[127.2065081044444,37.603340603922106],[127.2036928068771,37.607021500771204],[127.2036920021621,37.6125201015196],[127.2000288032955,37.611289402245596],[127.1960769998764,37.6156743015177],[127.1943742007369,37.6157929019066],[127.1961315982435,37.6156154977756],[127.2000287943463,37.6112894021017],[127.1989424954326,37.6099034034877],[127.1959621984129,37.607100106291],[127.19190880246629,37.607832805558296],[127.19108200329309,37.6088602045309],[127.1906141004266,37.6127612005783],[127.187175200627,37.6119491014979],[127.1847422999924,37.6130379018919],[127.1839689999074,37.6114823988975],[127.18513030026119,37.6105902988034],[127.1864145992248,37.6114253986792],[127.1871723997905,37.6101862990268],[127.1871752008533,37.6119490982574],[127.1905158992453,37.6123738982554],[127.1902040995571,37.6098578007715],[127.18696249842901,37.6080353013584],[127.1827199009247,37.6090794009465],[127.18057640114901,37.611617700241496],[127.1799221017646,37.6163008993933],[127.1817548003406,37.6170939990277],[127.1838117994188,37.6198782013729],[127.1804798011549,37.6185764012231],[127.1800730015617,37.6196151001844],[127.17880870100751,37.6190426008754],[127.1785042007522,37.6204870014521],[127.1778758001222,37.618704801788304],[127.17524039811721,37.6176107021483],[127.17734609938279,37.6177043995368],[127.1784536983621,37.615518298975495],[127.17813939867641,37.6131574013364],[127.1757152011006,37.613290201203604],[127.17399350121029,37.615620800349404],[127.1750496989252,37.616302000827694],[127.1727776995567,37.6151238010171],[127.171065700226,37.615705900747905],[127.1696000010925,37.6148664013147],[127.1685450021475,37.6173205988605],[127.1705511011194,37.619466600468805],[127.1679604024639,37.619658202969305],[127.16727170315261,37.622304500323],[127.1689072015171,37.6246925979349],[127.1714003007189,37.6241136990483],[127.17020940056061,37.626299601163105],[127.1694772007711,37.625576301875796],[127.1660935996137,37.6266831000595],[127.1654659002414,37.623787602955],[127.1639881019355,37.6255763026252],[127.1610348998078,37.6262051020908],[127.1607478000949,37.6280552002407],[127.15774899957489,37.6260201003318],[127.1557162007229,37.6260377003628],[127.1553921006136,37.627038399827704],[127.1566535001002,37.6274685999589],[127.1557358000002,37.6281170003474],[127.1537084990088,37.6269790997884],[127.1539166990014,37.625200100115],[127.15296619992519,37.6242432003098],[127.1518383009976,37.625466100016595],[127.152447900388,37.62604269944],[127.15191010007369,37.6269072006373],[127.150110300523,37.6254603010688],[127.1499050994857,37.62605200034],[127.1488737995943,37.623668601043],[127.1462391998785,37.623244500472],[127.1443042997517,37.623846100892905],[127.14388120017479,37.6247675999714],[127.145638999967,37.6272105996292],[127.14719579962521,37.6265227999725],[127.1469096006139,37.6256525995444],[127.1475350008734,37.6278830985193],[127.1505507001604,37.627496199629704],[127.1500714005525,37.6286261990723],[127.1510007996231,37.6280043996941],[127.1522007010211,37.6285006997092],[127.1512382009648,37.6284951003952],[127.1522136001481,37.6309235004372],[127.1491206004904,37.630819000005204],[127.15024169994639,37.6324015989868],[127.15212440023731,37.632198699162],[127.1530902010756,37.6335124974086],[127.15618550157181,37.632097698708606],[127.15858339917389,37.6341751966311],[127.1624082035154,37.6345702936312],[127.1625422025604,37.635858599966596],[127.1649200015912,37.636340000145495],[127.1655456023721,37.6373554022371],[127.1643124036053,37.6393090002835],[127.1648678030499,37.6426036969888],[127.1693185993923,37.6455353944528],[127.1749273962851,37.6438847953219],[127.17836799409311,37.6349040933999],[127.1788078936532,37.630504997799],[127.1824588003455,37.6321673966783],[127.18527209930251,37.6297352970732],[127.1863414006449,37.6335033971097],[127.1901704999366,37.6324106991456],[127.19107079903631,37.6335317980245],[127.1914463986607,37.6298310017253],[127.1899401970461,37.628414502198595],[127.1888843984465,37.6253346014378],[127.1858894999681,37.6245775993116],[127.1873676991774,37.6237999996883],[127.18703100136081,37.6232619987065],[127.18876710118381,37.6233138986316],[127.1961768988098,37.6273116943208],[127.19890649608021,37.6236339979985],[127.19817119681551,37.621594700037804],[127.19857529891421,37.6200688005771],[127.1969572992542,37.6170913986768],[127.1996016015909,37.620416497600594],[127.2044625967299,37.6222794957376],[127.20958740110281,37.622171799525994],[127.20932789895531,37.6243064009927],[127.2073993008839,37.6224579028412],[127.206266202017,37.6231576021415],[127.2038734044098,37.6264783988207],[127.2042066040766,37.6278928974062],[127.2090279992552,37.6287295965695],[127.2113831076667,37.627292799129],[127.2143659046839,37.6324946939271],[127.21953739951239,37.6326144938073],[127.2255966032214,37.6300466931256],[127.2246994042768,37.6347996953576],[127.2280503009259,37.6375233926339],[127.23371110029599,37.6393428993566],[127.23436790069279,37.6407458992523],[127.2359191996221,37.6409683983619],[127.2366799005593,37.6422835991515],[127.239740699701,37.6393990935141],[127.2456263980508,37.6380154965805],[127.24398050110811,37.6345817949064],[127.2465529028639,37.639251894427595],[127.252911901999,37.638888092805104],[127.24719570091621,37.6414817040211],[127.2450793028047,37.6455044001109],[127.2466913011927,37.6466978989174],[127.24813539997649,37.6459226995801],[127.24798950137411,37.647008800414305],[127.249365400187,37.6474734000991],[127.2485688009836,37.648303499269],[127.25031279923961,37.6482593993131],[127.2499214007195,37.6475595999726],[127.2502130017339,37.6492273018933],[127.2492482026987,37.652722698397895],[127.2529728001155,37.65331719978089],[127.2535932002108,37.6545153992174],[127.25400159794529,37.651331299789305],[127.2553776968598,37.6491998976067],[127.2580857001186,37.6492968895745],[127.262194104124,37.6526180958668],[127.2616481011908,37.656067198677505],[127.2638749992017,37.655305399623],[127.2636216997838,37.653755599628695],[127.2645667988387,37.6545146988696],[127.26721690122429,37.654556400130794],[127.26540199984099,37.6555497027382],[127.26387500136799,37.655305402982506],[127.25950420052409,37.6584286050358],[127.2569309030974,37.6588443046201],[127.2540984067358,37.6655242043366],[127.2524123990102,37.6657211045567],[127.25128600013659,37.6701644001134],[127.24680549771229,37.670198302394304],[127.2477891995529,37.669681699713095],[127.24769639940169,37.6680807013221],[127.2461353009628,37.666123803279],[127.2403653015024,37.664766206628705],[127.233813900418,37.6648953080812],[127.2267598981105,37.659827305528104],[127.2290825967619,37.657524001402],[127.2301006960207,37.653088503119],[127.2272063977444,37.6526432035202],[127.2266756984103,37.650543599506],[127.2283357979176,37.646086802338196],[127.2262059000475,37.644973203451805],[127.22327780081031,37.6486206007145],[127.2179584002827,37.6481653006839],[127.21813589603859,37.643969303968],[127.2161917979827,37.643059304877994],[127.2130457980306,37.6454216032568],[127.2091679019085,37.6418850067934],[127.2077529998595,37.6503661061429],[127.20204250309311,37.6495354053666],[127.2002056018259,37.65087930481],[127.19916450230849,37.654751001230196],[127.1996937017793,37.6559325000487],[127.2020776008899,37.6566755989687],[127.20148860102941,37.657671400857],[127.2024360017932,37.658543902016596],[127.1956159033359,37.6587650052305],[127.1958809030709,37.6653771986183],[127.1885761043477,37.670220998647096],[127.1887755982508,37.6719357019028],[127.18630180072459,37.6694614043771],[127.18186229810101,37.669371903188804],[127.1768599994743,37.670652101254696],[127.17626179938311,37.6665863041359],[127.171594497607,37.6653282018333],[127.1688852997495,37.6660221010821],[127.1694749994303,37.6615966000955],[127.1674105003311,37.6594865027979],[127.1652749018846,37.6643056986477],[127.1680880959632,37.6679732001392],[127.1652748987674,37.6643057018129],[127.1661418979032,37.661917301550496],[127.1644198996252,37.6617050017628],[127.16597559793749,37.6591066007781],[127.16391929999381,37.6589805009042],[127.16355900035411,37.6596328002519],[127.1630949009502,37.6625012009666],[127.16367800037861,37.6682320010631],[127.1634920958016,37.6605402010026],[127.1586235002915,37.6589930018339],[127.158047000868,37.6592525015744],[127.1587068003969,37.6672148020806],[127.1583484976498,37.6627527021921],[127.1554345005638,37.6618939030509],[127.1554258000714,37.6649139023039],[127.1542435993842,37.6641871004738],[127.1555578989564,37.6648218988393],[127.1540827000216,37.6627390009218],[127.1479511046841,37.6647604001582],[127.1537099003759,37.6680052977675],[127.1470586063999,37.669243999490796],[127.1505976028609,37.6711685975662],[127.15362639983209,37.669851098883704],[127.1554603002487,37.671546400069495],[127.1530452008476,37.6730812020511],[127.1524288980758,37.671909502911596],[127.1470585923705,37.6692439996621],[127.1418356958289,37.6636563022619],[127.13959199807259,37.6629259029923],[127.13449590126521,37.6635991025068],[127.1330434027177,37.6661044000015],[127.1363008013638,37.667231198687006],[127.1346277020436,37.6685554002078],[127.1354919998152,37.669853501616004],[127.13399529947459,37.669208800921],[127.1318525000976,37.6701001009142],[127.1303665993273,37.6682849006322],[127.1306656997337,37.6672007006155],[127.12980279930659,37.667217100403704],[127.1305962994269,37.6668386997285],[127.129065700354,37.6662063003673],[127.1224579056985,37.6699877007048],[127.1197746101308,37.6750586023064],[127.11779969755881,37.675032004021205],[127.11291200105819,37.6774773022609],[127.1120977989712,37.6771763997432],[127.1124467987726,37.6746974017587],[127.10874770247169,37.6723322041239],[127.1068860963499,37.6730668967869],[127.11017489795661,37.6701085996863],[127.1106200975114,37.6686840011109],[127.10603999549409,37.664900496108004],[127.1061059954281,37.662698698309796],[127.1069427979052,37.662834497199405],[127.10912449572349,37.659653600380295],[127.1038515981104,37.6567691025811],[127.09931690221721,37.660033900974604],[127.0970200064249,37.6635756040805],[127.1006251053065,37.6709664044837],[127.09954679955,37.6800598042249],[127.0944013046955,37.6811220031627],[127.095768803328,37.6846682996164],[127.0916301017448,37.687278102140404],[127.0876939981801,37.6860608025354],[127.0844733014008,37.687059601536596],[127.0850667006414,37.689014401736195],[127.084473300065,37.6870596024461],[127.0834216998323,37.689729304769905],[127.07898780310579,37.6905800042408],[127.0769695051241,37.693423801396996],[127.07784340335071,37.6963980011297],[127.0729444011869,37.694519905707104],[127.0740361006478,37.70037460224621],[127.0722018024821,37.701476901143906],[127.0689226030283,37.7062304064381],[127.0644511010389,37.706344209038996],[127.0608438046462,37.7130400023432],[127.0612392042508,37.7158229995602],[127.0578292035087,37.7172216003203],[127.0639309018305,37.7192904965402],[127.0657461028063,37.7213176975739],[127.0630081994678,37.719712702493105],[127.0612473003933,37.72115780017],[127.0615346008899,37.7238158984165],[127.0650163001979,37.7266229986357],[127.0683595993426,37.7259967963634],[127.0671526002893,37.7264231015418],[127.0667507006912,37.7286480993168],[127.06927229863179,37.7287202992154],[127.06985419905729,37.727591599364594],[127.0701425011864,37.729055698615205],[127.0635692029755,37.7298299020003],[127.0637159028288,37.7328997989304],[127.0650385018666,37.735713500215304],[127.0679037000487,37.7373441000047],[127.0662941995611,37.7373295005108],[127.0643945010091,37.7358032017604],[127.0637687014292,37.7379580000015],[127.06482440009131,37.7384432999526],[127.06208800134951,37.7381944002876],[127.0628389036184,37.7427431985297],[127.0655219010708,37.7451688980508],[127.0679684009501,37.7454525995576],[127.0693814008923,37.7469030996568],[127.0729755037659,37.7468600988057],[127.0738026035496,37.7488260981605],[127.0759017998092,37.7505688997486],[127.0809671006935,37.7505922997102],[127.0813863000337,37.7517798993571],[127.0829983995878,37.7522562988979],[127.08568389990481,37.7491580997492],[127.08362480122119,37.7524281031027],[127.08387970096629,37.754561600969204],[127.0823879002317,37.7565920005668],[127.079564399893,37.7576491004626],[127.079077899549,37.7573899000503],[127.0796454989915,37.7565775005385],[127.0775837997792,37.755147800589405],[127.0755898998884,37.7545768016245],[127.0746923997774,37.7561886004738],[127.0738105995457,37.755084200499496],[127.0740803996413,37.7542100003101],[127.0724695005085,37.753343000963],[127.069028800028,37.755280500138596],[127.06772750000411,37.7537044001298],[127.0646980994977,37.7544967005787],[127.0633354968136,37.7518003023678],[127.0610455991035,37.7518182023499],[127.0598643997311,37.753409700857],[127.05833990039689,37.7512325016861],[127.0573629011247,37.751248801793096],[127.0564171016901,37.752219301612],[127.05304690278909,37.752989301525304],[127.0499675027763,37.756567702976895],[127.0495540027686,37.7654856960559],[127.0518444003466,37.766060499511504],[127.0523976015332,37.7714431974554],[127.05465120054849,37.7714175977805],[127.0548211012748,37.7733498003251],[127.054217100437,37.7743034016043],[127.04935240309311,37.7765283008055],[127.05089600154949,37.7781456991881],[127.0528146007681,37.7780673003316],[127.05252900027531,37.778649000764204],[127.0508960007209,37.778145700784506],[127.050227602879,37.780370701835096],[127.0485318988049,37.780939401272],[127.0459231008317,37.7795016022339],[127.04600189994589,37.7830981000902],[127.0431680985905,37.7796280013383],[127.0414449003137,37.7787571022092],[127.0404208013378,37.7797852011811],[127.0388698008345,37.779054702535205],[127.0377331992106,37.7798303039056],[127.0359640989495,37.7740097014689],[127.0335242988474,37.7717554011363],[127.0359442995473,37.771803399572704],[127.0375417985472,37.768961400021],[127.0367389984396,37.7681192987347],[127.0387466983077,37.7671798998365],[127.0376490994053,37.763146003870396],[127.0358371012173,37.764261402755004],[127.03511519941421,37.7667731011797],[127.0348895990067,37.764213503288694],[127.03232439774129,37.7613223012858],[127.0272175986471,37.7612155999542],[127.02939359993911,37.759264299837895],[127.03077489882979,37.7593786996579],[127.03119699840771,37.7585180005186],[127.0285469994142,37.7555992995194],[127.0318287989752,37.7547864988756],[127.03217789862609,37.753429700232395],[127.0314746990271,37.7525264998629],[127.03298409951789,37.7513261000285],[127.0328166997781,37.7499273010379],[127.0310778998048,37.748141601096194],[127.0291421991838,37.748977700883295],[127.02861469971131,37.7484441014169],[127.02799569931271,37.7497768011027],[127.0289219994702,37.7476168997731],[127.0276605993586,37.746602199548],[127.0278924992475,37.7453856004316],[127.0241814987335,37.7430986991073],[127.0277789994515,37.740333598252],[127.0295959982855,37.7403652980005],[127.0300936963037,37.7367893997663],[127.0273282952432,37.7329581993765],[127.03136789561691,37.73345959774171],[127.0318075951772,37.7300356011657],[127.0278922978986,37.7267763002601],[127.02593569985521,37.7267197003167],[127.0281931988741,37.7249868990262],[127.02807159899571,37.7199034041097],[127.02612569713109,37.7208932971723],[127.0281111951456,37.719753098312495],[127.0286371946196,37.7110439070217],[127.0275184957383,37.7107157073499],[127.027222896318,37.703765599148],[127.0262441972444,37.700064902723504],[127.0226168967319,37.6998271993163],[127.02624419527389,37.7000648958208],[127.0228165987015,37.6936165022692],[127.0197872974982,37.6918669020426],[127.017757094861,37.688755194402106],[127.0210847008377,37.6860467905701],[127.02692929499311,37.685118891498],[127.0291199928024,37.679283297333605],[127.0243614975609,37.6754755011414],[127.0217738903236,37.6763647028356],[127.0243614981749,37.6754754959643],[127.0264520960843,37.671183400256396],[127.02642729610909,37.669673801765995],[127.02361819668481,37.6681229031486],[127.0215231964695,37.662684303403104],[127.016883701109,37.662264103823304],[127.01319650479621,37.663031003056396],[127.00752179769631,37.6704251036317],[127.00542259714881,37.662356796385],[127.0031575989553,37.6583659996416],[127.0079331941797,37.654995303012306],[127.0043586925182,37.649998500180004],[127.0024486944282,37.645358704819806],[127.0034016977065,37.643535299110106],[127.0018972992109,37.642230400415],[127.00358399963861,37.6427323992733],[127.0053306978919,37.6418934001123],[127.00604769717489,37.638034703971],[127.0018392988411,37.6366769033844],[127.0006863997938,37.6338001998271],[127.0035637969164,37.6292152044121],[127.00299369328981,37.6252988039026],[127.00163429336611,37.622182504386004],[126.9990155959848,37.6202497063188],[126.99489300010741,37.620419406149104],[126.99241979247849,37.6217925037656],[126.99396539439199,37.6202871981451],[126.99101949734789,37.6124990019768],[126.9892722982049,37.6118082008747],[126.9910194994246,37.6124989992399],[126.9928362959096,37.610337799567006],[126.9921616965441,37.607011901328804],[126.99367579704361,37.603237500748],[126.9858843955151,37.5980129037517],[126.98645739895571,37.596831700140406],[126.9848558994239,37.5966483998281],[126.985408396871,37.5921530012789],[126.9834042988751,37.5903590030729],[126.9811643998023,37.5927351027438],[126.9759347978015,37.5919704010962],[126.97458519915111,37.5905088025578],[126.96985740387889,37.5909129021537],[126.9658085001054,37.5927687006203],[126.9673082988322,37.5921584002037],[126.9659368990215,37.5901704006056],[126.9660884988292,37.5885288006634],[126.9611550002016,37.5840366026036],[126.9598920996702,37.5849029012275],[126.955674502468,37.5918559005697],[126.9512213006596,37.594669400286904],[126.9519744007478,37.596065600360504],[126.951682200303,37.5985588007968],[126.9493992011752,37.5997142000189],[126.9485454006799,37.601303700439104],[126.9474794999081,37.5995790018659],[126.94419599880621,37.6010937037562],[126.9412374999656,37.5989707025209],[126.94020740079951,37.6017986997914],[126.9403912011409,37.602894900097105],[126.9415643014379,37.6036167012332],[126.94039120001469,37.602894902161104],[126.9376256027803,37.6043698006862],[126.9422437036243,37.611614899005296],[126.93978680045629,37.6132757033982],[126.9367567007075,37.6130756020872],[126.9358486016156,37.6143195008433],[126.9369058009769,37.615554999725],[126.9353337006355,37.6172728006254],[126.9367586047869,37.6201318985663],[126.93606300118661,37.6230087033351],[126.9337184002202,37.6227044008423],[126.9291233002017,37.62662920108281],[126.9249930007176,37.6260674007889],[126.9226644010725,37.627500300605504],[126.9218845018524,37.6309552971505],[126.9239895012242,37.630859896947996],[126.92505040102681,37.6319660995211],[126.9261468999303,37.6315532999339],[126.927029400487,37.6333077995579],[126.9279503000546,37.633396799955],[126.92704410096191,37.634119299316005],[126.9283843005598,37.6341094993464],[126.9267205003581,37.6358733003749],[126.9253705012224,37.635972000392606],[126.9258818007111,37.6386001977644],[126.92775070212791,37.6383675005058],[126.9271026013174,37.6394590016074],[126.92534330135,37.639788804409],[126.92320800054401,37.6380456029648],[126.9213858023662,37.640814600195796],[126.92373570090669,37.6428704009564],[126.9216289005117,37.6430270007021],[126.92134210006141,37.644384100077104],[126.9210750999599,37.643543100891705],[126.9188285010264,37.645045200126695],[126.91964390061419,37.6464092999962],[126.91864320078551,37.651347800783505],[126.91515870148281,37.6504647011798],[126.9166070002558,37.652020900956494],[126.9132040997748,37.6530776003769],[126.9134440982571,37.6503205018841],[126.91042759884101,37.651627300351],[126.91344409846931,37.6503204983442],[126.91399629853329,37.6486129997167],[126.9130636994659,37.6477005006292],[126.9113775002861,37.6466522014308],[126.9099638990101,37.6473988993004],[126.9112536988061,37.646546899620695],[126.91128649983351,37.6448238997949],[126.91470099596569,37.642954797925995],[126.9149082957584,37.6391517017291],[126.91083059739249,37.635798998152],[126.9113856978878,37.633221495893196],[126.9127508000751,37.6343318985675],[126.9155487996685,37.6339487969191],[126.9180512987278,37.6324799973753],[126.9192716983476,37.628696599989595],[126.9178394997798,37.6275258011604],[126.9171465998044,37.628068500697196],[126.9163005969859,37.627588799326695],[126.915725497561,37.6242617026538],[126.9123272990966,37.6243525020975],[126.9116640992669,37.6226416012812],[126.9108386000924,37.622452701470095],[126.9103073996528,37.6235069003803],[126.91017289964101,37.6219491997603],[126.91258909869711,37.6201068003964],[126.910671099479,37.6197180011388],[126.9110722996638,37.6167448002128],[126.9093963998867,37.6155366008753],[126.9077699996016,37.6161200003266],[126.9075274995138,37.6155060999757],[126.9075256993159,37.613386999696004],[126.9084597993313,37.6114066997288],[126.9093646994645,37.611191999937205],[126.90871419922921,37.610161999074606],[126.9095849002957,37.6112726992892],[126.91030459957601,37.6101930003689],[126.909307699464,37.6076119992643],[126.9105653996191,37.605983299492095],[126.91232839984801,37.6054601997128],[126.9131027994127,37.6027881001664],[126.9111913996054,37.6029638005141],[126.9074422998075,37.5994859999935],[126.9086958996516,37.59838849984],[126.90822189958,37.5972460998768],[126.90998569913029,37.5945000000159],[126.90760249996549,37.593232700065904],[126.9086836992267,37.5930537992879],[126.9074860996993,37.5904830995822],[126.90948899926849,37.5902711994233],[126.9107962996944,37.5892500999514],[126.9096940996868,37.588230200479096],[126.9104343990693,37.587063200718504],[126.9096263998773,37.5866941010876],[126.9092298002739,37.5874508003309],[126.9085899999051,37.5866805006966],[126.9059989995679,37.5866056000542],[126.9055644994537,37.5848881998511],[126.9065862994057,37.582178899862704],[126.9047197003439,37.580453400566505],[126.9024316002734,37.5806772005813],[126.9006392003705,37.5797929006172],[126.9002813003805,37.5807312998666],[126.9011197004368,37.5812986999526],[126.9001523000724,37.581653600680504],[126.8978825001811,37.580749401577805],[126.8969113994164,37.5784443015745],[126.8938521997232,37.5801576003479],[126.8938863996934,37.576233600186605],[126.8957704003691,37.576514199388896],[126.8980800002108,37.57490519879661],[126.9016461003702,37.5748524988251],[126.9023328001138,37.577580499594205],[126.9032779992885,37.5767030003918],[126.9027719991151,37.5762812990819],[126.9053189001513,37.5750188998405],[126.9049692007242,37.5795846989853],[126.9059938005095,37.5802139996635],[126.90537590048079,37.580806599722],[126.9064057995095,37.58177149881],[126.9065007996449,37.5807744996583],[126.90800450014851,37.5812400993586],[126.907962000128,37.5822917989673],[126.9084349001051,37.581588199380896],[126.91099800034131,37.5826006992442],[126.912758999289,37.5817457990923],[126.9136958004742,37.5821225995974],[126.91382350048801,37.5852632997912],[126.9124547013094,37.5862857999054],[126.9169678001614,37.588952299234904],[126.91714900041269,37.5897223990995],[126.9182804001879,37.589187299855],[126.9189444003263,37.5923226997298],[126.91784750070869,37.5927973000969],[126.9180869006681,37.593863499906],[126.9197005000838,37.594383399241295],[126.9187665004866,37.595513100336795],[126.9193762001566,37.5963503996211],[126.9202002005746,37.596071099739405],[126.9201109005859,37.5973525995041],[126.92174450007481,37.5979342995307],[126.92227839991449,37.5968931999007],[126.92336029998759,37.5975467988884],[126.9236918004233,37.596491298215696],[126.9249042998697,37.5972618988161],[126.9271253985425,37.5964489993804],[126.926971799553,37.5952115997526],[126.92837069893311,37.593469499426],[126.93097639726291,37.5917507999333],[126.9311977970415,37.590642201041895],[126.9299658980565,37.5892989006515],[126.93130089879119,37.589485399046204],[126.9309677991243,37.5878307007009],[126.9300025993516,37.5878285005035],[126.9307377984263,37.5868217002017],[126.9298773988329,37.5858658003673],[126.93101969939369,37.5865481987321],[126.9323315992085,37.5857635990038],[126.9336672994757,37.5860440987542],[126.93452669891181,37.5841847998474],[126.9340848993536,37.582387001645195],[126.9320112999291,37.5813579000497],[126.9328492994487,37.5795196999237],[126.9358118999518,37.5783643992647],[126.93706950024,37.5794383995462],[126.9384238993332,37.579392299127],[126.939370198655,37.5779015999451],[126.9383026983124,37.5766881999237],[126.93842960030811,37.5772274995197],[126.9410012001038,37.5771191993098],[126.9427919983348,37.5757955993962],[126.943594098038,37.5747701988802],[126.94216209881,37.5726492990779],[126.9444364980016,37.5727604992329],[126.94592419919249,37.570763399037496],[126.9451472997691,37.5691167004766],[126.9446014990518,37.5693707009025],[126.944573598447,37.56597270087801],[126.9433271996934,37.5660525007982],[126.94404259919641,37.5651059007459],[126.94304199978471,37.5653971004092],[126.9425050998675,37.5637610010523],[126.942130300011,37.5653087000888],[126.94075879998749,37.5636804011717],[126.9399521999402,37.5637412013398],[126.9394939002541,37.56605910026639],[126.93838640004999,37.5662940002847],[126.93686800003981,37.564351900233795],[126.9344194997212,37.5645249004433],[126.9313497998975,37.5631672009563],[126.9298985000911,37.5641671000212],[126.9298037004064,37.5656504005223],[126.9285540000703,37.564528000890405],[126.92770540015319,37.5655316005626],[126.9241901001842,37.5648064005481],[126.9236109000422,37.5656411002175],[126.9226214003719,37.565249000216305],[126.92215920048939,37.5657518000114],[126.9228111003566,37.5665773999943],[126.92180690088281,37.5666626005194],[126.9215753004568,37.567568100724806],[126.92170520069361,37.570169200303305],[126.92083940071511,37.570710401132004],[126.91853260013801,37.5700036008445],[126.91765240101819,37.5705537002944],[126.9184500004371,37.5710785003277],[126.9165896008944,37.5712333034635],[126.9150356004165,37.5702191011095],[126.91311910007241,37.5703853002928],[126.9164266992861,37.5672375004324],[126.9158865998262,37.5666188010511],[126.914433799782,37.5668729010065],[126.9151328991657,37.5661979999556],[126.91441329978841,37.5659534994295],[126.9173326998127,37.5651593995236],[126.9174971997056,37.5642540002002],[126.91604119930959,37.5630246004353],[126.9168935997602,37.5624277999721],[126.9150810990714,37.558958599688495],[126.9153858991916,37.5576424003168],[126.91449379962181,37.5565179004652],[126.9125028002604,37.555926900494505],[126.9090036996166,37.5572969000225],[126.90834429953149,37.555481699934504],[126.9091694994937,37.5552104998287],[126.9089993996638,37.5543593006799],[126.9069555996287,37.5537133002165],[126.90756689957861,37.552921900387304],[126.9063758995669,37.5529290999476],[126.9054936995417,37.5516760000531],[126.9058500993563,37.5510913001592],[126.9051413996341,37.5509539997419],[126.9047167000704,37.549689199246004],[126.90706879970871,37.5475451993327],[126.90726839643291,37.5462717966961],[126.9084402000129,37.5454098997802],[126.9095846988684,37.5456904994996],[126.9105778999792,37.5443130996203],[126.91262119951091,37.5453036994312],[126.9127827994985,37.5444618999012],[126.9148782994213,37.5435327914697],[126.9164438009299,37.5438374987699],[126.9179915007251,37.5454160991035],[126.921164099978,37.5452060980235],[126.9222062989462,37.5440377991764],[126.9251679000982,37.5447672991913],[126.92661449977079,37.5460590995396],[126.9284589995971,37.5456456997049],[126.92939369866241,37.5441004012502],[126.9280820991843,37.543994099653496],[126.92939369906611,37.5441003994209],[126.93037150005121,37.5431442993099],[126.9320378999775,37.5443595988787],[126.9359936997564,37.5437862997095],[126.9355627995224,37.5426073005969],[126.9340887995278,37.542180599812],[126.938008595608,37.540439301553306],[126.9319007011547,37.5303241114216],[126.9241593014914,37.5332480049753],[126.9252210994046,37.532600299810795],[126.9244348998012,37.5311255004722],[126.9229975992696,37.531976399810496],[126.9237036989069,37.5313630991964],[126.9232821998123,37.5295482001936],[126.9219503995215,37.5285424014548],[126.92035890111299,37.5311335988636],[126.921212200256,37.531683800423906],[126.91976840042399,37.5307676015302],[126.9167585007741,37.530951700432205],[126.91696140044421,37.5322411014523],[126.9151788999382,37.5325299012277],[126.912455398269,37.529487099872696],[126.9133070993406,37.529716799279505],[126.91276039964049,37.528682700424696],[126.9135073989266,37.528276299929004],[126.91330879912519,37.5274238007815],[126.9116224994548,37.526002699937],[126.91333849965419,37.5267235991468],[126.9141818006373,37.5260780992403],[126.9154905002496,37.5281161995339],[126.9187316988843,37.5248498007663],[126.9163489998577,37.5233915007855],[126.915113097944,37.524722500597605],[126.9163700979058,37.5228942997419],[126.9155783986975,37.5210260016102],[126.9137661005098,37.5217477008885],[126.91194330038671,37.523856400743696],[126.9104255003368,37.5237756007017],[126.90893720012299,37.5264724012696],[126.90676710089069,37.5263811009719],[126.9067162006778,37.5284269996614],[126.9086229004373,37.528848998893004],[126.9084136012975,37.5309620993846],[126.9073356012234,37.533103400775104],[126.90507740037809,37.5343952007746],[126.90490460055089,37.5358248993449],[126.9057906000752,37.5365529988672],[126.9082465016339,37.5346592999206],[126.9057777047794,37.5371812067522],[126.9018986010104,37.5393747028639],[126.90293129975501,37.5375823993272],[126.9041697993499,37.5373940987754],[126.9049627998681,37.5352325001587],[126.9033538999799,37.5355234001056],[126.8999341004011,37.53869130015261],[126.8987014995088,37.5389773000341],[126.8999973990298,37.538283300284306],[126.89959239943481,37.537365601202],[126.8977837004266,37.5382509007605],[126.8980115000356,37.5389792005097],[126.89664050024881,37.537607000849704],[126.8958716000814,37.537996900919005],[126.8946573996984,37.536429599650496],[126.8960818993771,37.5340683990362],[126.8954235990301,37.5326601991538],[126.8966039988776,37.5321954985484],[126.8965081989734,37.5302348005091],[126.89438680010271,37.5275376007566],[126.8933873990178,37.528452000463304],[126.8935112999248,37.5274306008466],[126.8925236992451,37.527256500774],[126.8922819989311,37.526253500369606],[126.8909456995235,37.5265041001555],[126.8909060995631,37.525761600898],[126.8897128007564,37.5259247007349],[126.8878304001869,37.527872500485],[126.8841101988274,37.5265217998943]]],[[[127.1014241997854,37.3978302999361],[127.103324598275,37.397841999738795],[127.1042811988208,37.3957435000492],[127.1051454007446,37.395961998937295],[127.10638799950199,37.3949627999365],[127.10241789904451,37.3916391989824],[127.1040629003738,37.3915229987568],[127.1068285999492,37.3938877997869],[127.1086226981551,37.392589401085296],[127.1084880982287,37.389188301661804],[127.1060424992247,37.3871797998101],[127.1066095998057,37.386201799588],[127.1080726994246,37.3866855988573],[127.10827709999859,37.385236999432394],[127.1094767007629,37.386711298537],[127.11127239951351,37.384676799329505],[127.1161121998431,37.3870382996656],[127.1155974005234,37.3881775999132],[127.1170716003916,37.3886629992764],[127.1177650001307,37.389927799428804],[127.1180862015503,37.3892372986144],[127.1200946996139,37.3905500996258],[127.1213263998456,37.3888429996215],[127.1221866992481,37.3899689987795],[127.1237683000153,37.388943999744605],[127.1226542005743,37.389877700092],[127.1226089009843,37.3911316995254],[127.1238175004114,37.3913128992406],[127.1251469999975,37.392962498867206],[127.12677139990889,37.3906718994993],[127.12836770004729,37.3901877992339],[127.1304011002174,37.3935031994421],[127.1325553996023,37.392232798826505],[127.1329463010248,37.3928011996524],[127.13212420098341,37.3930145009716],[127.13260290016099,37.3942119003409],[127.1287964007478,37.3943240009735],[127.1282643012799,37.3959633993341],[127.1304329001598,37.3982351999713],[127.1284153994569,37.3993385007946],[127.1285292994012,37.3966233008489],[127.1261174003559,37.3961260010308],[127.1253908996531,37.396781800346396],[127.1252663990647,37.395102301391496],[127.124335099996,37.394857901635895],[127.1234203995665,37.395757100371],[127.12324349981981,37.3938235005361],[127.12199489929141,37.3929642001171],[127.1215683997336,37.3915153014555],[127.1205583007437,37.3914944014764],[127.11991960095901,37.3927866004609],[127.12079080095279,37.394083400058896],[127.119553901432,37.395885699939804],[127.12012750111519,37.3971620005263],[127.11909850061211,37.3993362000667],[127.11958230016,37.399690300146204],[127.1188980005286,37.399642800392],[127.11872120014479,37.4005057006072],[127.1172299000053,37.4001946008352],[127.1166864999998,37.402010600293394],[127.1134030007497,37.4016141003775],[127.1129750011777,37.4025458994457],[127.1138656006851,37.4032750008538],[127.1128610999454,37.4042564007749],[127.1119668990207,37.4032068003539],[127.1096707013169,37.4032109003498],[127.1096745994634,37.4039707018497],[127.10967069805659,37.403210900190295],[127.1077295987315,37.4028986003155],[127.1077302987308,37.4016738015403],[127.1054701996437,37.401509501135905],[127.1046535999378,37.3998395017764],[127.10325679928259,37.3998490010704],[127.1014241997854,37.3978302999361]]],[[[127.1042371989991,37.3637168980553],[127.10786519923681,37.3632451967987],[127.108397400383,37.3596964985932],[127.1110076003467,37.3616835999275],[127.1112288999678,37.3627985997079],[127.11203210031269,37.3626642994904],[127.11496500012,37.364840899822596],[127.1145537008794,37.3657750998018],[127.1152590007429,37.3667995002483],[127.118557900413,37.3685368999035],[127.11717780003039,37.3698386002942],[127.11666710036,37.3690292006534],[127.1142898998915,37.3734655005834],[127.1128478008345,37.3729069005939],[127.1134203005371,37.3743449995431],[127.11236840081699,37.3739749008035],[127.11141710061109,37.376118799458],[127.1123356999595,37.375755199821],[127.1135747003571,37.377307798432994],[127.1144141000649,37.375618699727],[127.1167182001327,37.3769360995037],[127.11803850007,37.3757927995269],[127.116956901372,37.3803723984926],[127.1183057000232,37.3798711989938],[127.117599500913,37.3808245994139],[127.1182819003252,37.3813059002392],[127.1165736001027,37.3807148009465],[127.1164071000349,37.3816160002508],[127.1130298996047,37.3795980009928],[127.1115999998387,37.380915800188],[127.1113705992686,37.376369100860295],[127.109592598514,37.3751822012375],[127.10969989841179,37.3738925997071],[127.10839059961951,37.372873600564],[127.1050782998043,37.3745695000139],[127.10405929768841,37.3721080991805],[127.1054435979155,37.3713862979607],[127.1058184975406,37.370079999267],[127.1044228997077,37.368519499783],[127.1059545983888,37.3678224998392],[127.1047957979064,37.3666157004021],[127.1053020985625,37.3649670002076],[127.1042371989991,37.3637168980553]]],[[[127.119323699588,37.4398117012016],[127.1207704995287,37.438866198807396],[127.12336309941931,37.4394174984129],[127.12512929879959,37.4353601999006],[127.1244577990917,37.4335378004888],[127.12320839971329,37.4329252000276],[127.12446529983829,37.4313541994608],[127.1255507999698,37.432754899267096],[127.126319199184,37.4311487999205],[127.1254729998328,37.4307428001719],[127.12611289935819,37.4307589997303],[127.1258511995888,37.4291433986929],[127.1280558982548,37.4288892989815],[127.1271711010429,37.4274494982887],[127.1294035998995,37.42669449935671],[127.1296692002977,37.427976799515406],[127.1324702002841,37.4281659994152],[127.13357930045079,37.4289050000155],[127.1332472006895,37.4298882996463],[127.1358708002551,37.4304344996611],[127.1351912004463,37.430912300215404],[127.13587340044269,37.432296800106904],[127.13502820135959,37.4346390996175],[127.1345013001358,37.435092500463604],[127.13249590056749,37.4342435012884],[127.1312513015023,37.4363928997396],[127.133098500726,37.4369399995159],[127.1361572008283,37.4421684994445],[127.1340270006536,37.442441800592],[127.1330500007783,37.444877499988095],[127.1365289009335,37.450383700284405],[127.1352230994582,37.450571402517404],[127.1337753999109,37.4495786028339],[127.13233530135099,37.450349002063504],[127.1323728010578,37.4521206003737],[127.13341590008011,37.4529432000324],[127.1317334001629,37.4523242018255],[127.1305539013424,37.4527910013587],[127.13010010056091,37.4548766009724],[127.1279164004153,37.4547776007577],[127.1283098007783,37.4559370000456],[127.1271868996305,37.4567866011762],[127.1244673996823,37.4555636035743],[127.12430429831561,37.4524706009787],[127.12359169902821,37.451786301663],[127.1223629995423,37.4533254020449],[127.1210428994371,37.451835200522],[127.1235580973512,37.449251500245005],[127.1244797960681,37.446837902208095],[127.1239716967933,37.441797402598596],[127.121583298236,37.4402999020262],[127.12000499981431,37.441007301318805],[127.119323699588,37.4398117012016]]],[[[127.2717940991972,37.6553232002128],[127.27256820011509,37.6557502994539],[127.2746681028096,37.654083995208495],[127.27771610111361,37.653708498429204],[127.2787896000401,37.6524989996387],[127.2797358008344,37.655313397345594],[127.28113329943689,37.655465997193],[127.2820265985436,37.6536591989998],[127.2812503993198,37.652563200095805],[127.2826531986872,37.6520044000439],[127.28207759773659,37.6508262983106],[127.28397390265971,37.651493199628],[127.28437890225469,37.6532683978528],[127.2877306003864,37.6539773992204],[127.286045501595,37.6538070007632],[127.2855028021377,37.654493800076395],[127.2869003007402,37.6562710982991],[127.2902400007077,37.6561399978058],[127.2928345987618,37.6545982990184],[127.29336429984609,37.6533915982697],[127.2964258994065,37.6520816984768],[127.2968194999555,37.6528091992648],[127.3013307970845,37.6514516986222],[127.3018906965246,37.6494992005747],[127.30313459932951,37.64833259899191],[127.3041304994022,37.6486890992513],[127.30421479931789,37.6476031003373],[127.3033530995761,37.6474723997969],[127.3053845989447,37.6476470996433],[127.3051772001721,37.646962098558106],[127.3072557035474,37.6488414969467],[127.31415819861179,37.6515753944795],[127.319913897991,37.6497438971648],[127.3236880981838,37.6496955975462],[127.32550910064211,37.6504817000979],[127.3204384063801,37.6531498021139],[127.3188244091093,37.6570773012245],[127.31493739938,37.660320606835],[127.3133386976139,37.6553731042775],[127.3120574988951,37.6547773048733],[127.3074442005812,37.6570446026899],[127.3073682002771,37.6597154003815],[127.30726079990359,37.6587503009566],[127.30356190009951,37.660086300894605],[127.30320689869251,37.6578885011469],[127.30048119992179,37.6573272008747],[127.30023959980869,37.6556994007544],[127.299278398501,37.6559514995919],[127.3000979976814,37.6540910014524],[127.2970473007321,37.6530475024959],[127.2949675028119,37.6537651017783],[127.29481560296381,37.6565292990141],[127.2960069017725,37.6590857964576],[127.29911110043541,37.6585027980812],[127.2995945008479,37.6590946005428],[127.2960069021533,37.6590858032487],[127.2952681028921,37.6628578994766],[127.2979782005018,37.6634332009442],[127.2908773993322,37.6661449005397],[127.28816090221619,37.6631445032355],[127.286312895299,37.664578406829804],[127.2850093955092,37.6629695027475],[127.28155329896529,37.662683203033794],[127.28022859970591,37.665181600816595],[127.2768753977452,37.659155403314706],[127.2738188990484,37.6599915021912],[127.2717940991972,37.6553232002128]]],[[[127.4867806955278,37.492041696419705],[127.4909404987242,37.4868805956432],[127.49427749969419,37.4856351992956],[127.4962684989755,37.486379099014],[127.49601599922799,37.4855229998701],[127.4971692003398,37.485020898589205],[127.498913200725,37.4858264992311],[127.4977150008445,37.486599799991204],[127.4983730001865,37.4874224991685],[127.50100480007201,37.487776199989696],[127.50008430018269,37.4879556001157],[127.49995040047091,37.489100799900605],[127.5015843008276,37.4906376000622],[127.501191900778,37.4923645005048],[127.50018920118609,37.493080100012],[127.5020440005836,37.4933195003614],[127.4997180005603,37.4966547011825],[127.4950260991686,37.4984317036594],[127.493918798398,37.497504303370505],[127.49095220136459,37.4969281039467],[127.4898987978231,37.4976444055714],[127.48657709967891,37.496220600548604],[127.48762169972021,37.494546899961904],[127.4858776964308,37.492873195588196],[127.4867806955278,37.492041696419705]]],[[[127.101990999561,37.350063299604],[127.1063544002603,37.349420099213305],[127.1070701995445,37.348089400544],[127.1062534986321,37.347748399258],[127.1088327985571,37.343558599039504],[127.1077812014161,37.3460342986375],[127.10961140003971,37.34488789949221],[127.1107411001768,37.3450725992609],[127.1121719003886,37.347622299585396],[127.1140225001258,37.3477495993898],[127.1143656000725,37.349199199667304],[127.1155270005006,37.349011000183694],[127.1146324005395,37.3528485006531],[127.1127549005496,37.3519834007414],[127.11223630108191,37.352783100387],[127.1131885003023,37.3538748006342],[127.11223629989591,37.352783101301],[127.11168359975531,37.3544570004837],[127.1089388008679,37.353398900838705],[127.1088764011555,37.3548933019277],[127.10936719898619,37.3527632000608],[127.10672529993589,37.35293490104],[127.1059862983811,37.354204101852496],[127.1059914984248,37.353391800363895],[127.1044315977678,37.3533847995484],[127.10466629729761,37.351799100448],[127.101990999561,37.350063299604]]],[[[127.1974408995019,37.7197409000118],[127.19843450024611,37.7200097996227],[127.200749298937,37.7177880998388],[127.2004517003384,37.7182458996557],[127.201088099702,37.7182608996407],[127.2026239982087,37.7159181980625],[127.20566610092641,37.7167146996241],[127.20721160127289,37.7211332999308],[127.206264000329,37.7229238001607],[127.2065808000791,37.7241102001405],[127.20529399998689,37.723382200852406],[127.2049389998985,37.7244344008853],[127.2028945977269,37.7241539010726],[127.2025762999787,37.7220540005318],[127.20174389983859,37.7225621010535],[127.1999230999649,37.7219549010885],[127.1974408995019,37.7197409000118]]],[[[127.1863990992186,37.7083684999102],[127.1866182996946,37.7075231994997],[127.1871421999506,37.7081038992239],[127.1888289999006,37.7073137996408],[127.1900889987206,37.7048841004689],[127.18937889715909,37.7021236017477],[127.1875770985338,37.7016086011664],[127.1883787995056,37.6999735993413],[127.190447099672,37.701678998995895],[127.1907672011012,37.700973298968904],[127.19262409961631,37.7011850988183],[127.19265060097139,37.699477198565894],[127.1938339002884,37.7008813989818],[127.1945777004251,37.700514399394905],[127.1948321003172,37.701647699091005],[127.1961383998726,37.699774099592396],[127.19547220092339,37.7011281999004],[127.1979989005529,37.7028768994974],[127.1973153010269,37.703494599626396],[127.1982309009637,37.7046820988039],[127.1971168008971,37.7049156003806],[127.19769650066871,37.706853800363795],[127.1959790017942,37.70806030016],[127.1972679003204,37.7091001002374],[127.1942678999579,37.7068011031381],[127.1915838987984,37.7086408039228],[127.18899909950281,37.707454401980506],[127.1877834007185,37.708530900904],[127.1863990992186,37.7083684999102]]],[[[126.8695819995633,37.5471563001709],[126.8706493996693,37.5455521992491],[126.8721518000591,37.545283498786794],[126.87303069994721,37.543603399709404],[126.87329430005539,37.5444755993032],[126.87390909944061,37.544095799683],[126.8739793996612,37.5431958994676],[126.87790069932569,37.544290498768],[126.8786013000738,37.5456481993874],[126.8802368000378,37.5460020998555],[126.8806718006166,37.546839000831795],[126.8790312009415,37.5490401014357],[126.87650380066549,37.5492535002765],[126.8772714002762,37.549845800184],[126.87632550032879,37.549948800469004],[126.8716758993261,37.547497401013196],[126.8701651001925,37.548306400686805],[126.87067999925209,37.547615699957305],[126.8695819995633,37.5471563001709]]],[[[126.8912230988667,37.6528508002849],[126.89057479952339,37.652545799635],[126.8926421992653,37.652551599171105],[126.8931621987453,37.6519045998181],[126.8920018995556,37.6511419987566],[126.89316220001021,37.6519045981939],[126.8945958997052,37.651252499392896],[126.8960580992657,37.6517164992077],[126.89643029890651,37.6507277001148],[126.89535000047579,37.65027159904881],[126.89820449942961,37.650648298676],[126.89843710114279,37.6534421995193],[126.8999143996655,37.653577499384],[126.89971340006299,37.653005499912496],[126.9004367015843,37.6537208000033],[126.89877590077161,37.6541620009214],[126.8974917001505,37.6560141003189],[126.8952148993433,37.6560285003318],[126.8952765995411,37.6547613009748],[126.8945714002463,37.6549780007581],[126.8939060998808,37.6565399005284],[126.8931188994551,37.6561703991895],[126.893786599235,37.6554529999326],[126.8933847996368,37.6541152012704],[126.8920818993812,37.6547884001821],[126.8918569996061,37.6529977019728],[126.8912230988667,37.6528508002849]]],[[[127.04711379936171,37.8187383997451],[127.0482473988826,37.8184561990736],[127.0484953994327,37.8163377991103],[127.050102298495,37.8163918993465],[127.049961599514,37.8134479986844],[127.0501023018751,37.8163918967804],[127.0516139003635,37.8170105961617],[127.0528324991449,37.8132697999025],[127.0524438984697,37.8125235970447],[127.0540577990452,37.812704999892304],[127.0566180016945,37.8100409970316],[127.0583948011735,37.8113993988904],[127.0585399007571,37.8135093995893],[127.0594400024408,37.8136112978832],[127.0602153047759,37.8163281008913],[127.06486480051639,37.817970600688305],[127.0648143004665,37.8189316005183],[127.0642859001352,37.8182542008767],[127.06311530130581,37.8201145990163],[127.0641367011798,37.821020500702105],[127.0613890999691,37.823865201332],[127.05773929830059,37.822485802128206],[127.0504757999827,37.8219426020246],[127.0493874995731,37.820830501096],[127.0483219992236,37.821060800372095],[127.04711379936171,37.8187383997451]]],[[[126.8779107990772,37.5046035007989],[126.8786799984329,37.5039399987164],[126.8778334995028,37.501486499623695],[126.87912530097479,37.5011595985953],[126.8801659002436,37.502786999395],[126.8811875993414,37.5016740988392],[126.8804604002795,37.5033254993206],[126.8827978006834,37.5056795994256],[126.8849991002091,37.505526298758596],[126.88512800042419,37.5067406998915],[126.8840977004823,37.506193700465],[126.88267259995311,37.5070922008534],[126.8833687993888,37.5057417001868],[126.88228259953709,37.5059968004078],[126.8825360989965,37.504954300185],[126.88031880026699,37.503413001685104],[126.8798103002713,37.5051889004411],[126.87868000045741,37.5039400012431],[126.8779107990772,37.5046035007989]]],[[[127.1249898989888,37.412337899803894],[127.126059399568,37.4118489993273],[127.12603409986289,37.4107572992784],[127.12659339997761,37.4113460986023],[127.1269856995448,37.4097446995521],[127.1286280996226,37.4096730996483],[127.12883720001231,37.408557399487],[127.13048520076859,37.409820798968695],[127.13047210000711,37.410782400777],[127.1293394009192,37.4115743001423],[127.1295404007182,37.4123403993762],[127.13048210077409,37.4119439996907],[127.1304851003628,37.413824499615],[127.1311981007765,37.4138072002566],[127.1265883001139,37.4144287003212],[127.1258219991747,37.4138284000081],[127.12598409885089,37.4123546002383],[127.1249898989888,37.412337899803894]]],[[[127.0826164989864,37.7424672000945],[127.08406360014209,37.7415417998543],[127.0854115987941,37.742608098788],[127.0859697999579,37.740125899921104],[127.0869057006029,37.741154600221904],[127.0859161009477,37.741872099665905],[127.0874081009982,37.742533899613896],[127.0870932003085,37.7441561004392],[127.0843760004297,37.7453937007104],[127.0830245998807,37.7445788001033],[127.08266019985581,37.7435328000226],[127.0834006994281,37.7431736998708],[127.0826164989864,37.7424672000945]]],[[[126.9075982989043,37.4863587991809],[126.90890879989391,37.4852886995553],[126.91046919947459,37.4857981989703],[126.9109573997995,37.484714099462295],[126.91474170061649,37.483779098867],[126.9190495003696,37.4896943999262],[126.9170199007259,37.489434100408396],[126.9163728981988,37.4909209012674],[126.914175700396,37.4897921023962],[126.9096912009434,37.490134701314396],[126.9089688997974,37.4885484017871],[126.9074462983658,37.4882097001243],[126.9075982989043,37.4863587991809]]],[[[127.1215783992951,37.3844325994992],[127.12338490028111,37.3857094989586],[127.1241348995754,37.3848225998061],[127.1231465982229,37.3841166993805],[127.123532099863,37.3837290989732],[127.12607270023669,37.3868401001195],[127.1242570000077,37.387265800137804],[127.1230546998908,37.386238900373606],[127.1225421998851,37.3869672009158],[127.1215783992951,37.3844325994992]]],[[[127.13846309906009,37.4360986994685],[127.1410112995625,37.4375347994524],[127.14159309898069,37.4370452999419],[127.14086639892119,37.436006499402396],[127.1428445003307,37.4357191995663],[127.1433938006294,37.4380150014206],[127.14249250008581,37.439130900711206],[127.1386179998696,37.438872700331196],[127.13846309906009,37.4360986994685]]],[[[127.0972300994395,37.3391606999382],[127.0999878993401,37.3390949979591],[127.1009717983562,37.3377874992666],[127.1009936983451,37.3361754999893],[127.1022998986986,37.336179799128494],[127.103114999699,37.334924598861804],[127.10193000139999,37.3375961993934],[127.1028328016968,37.339070700594],[127.10260220069681,37.3415937991228],[127.1037062011237,37.3421573999838],[127.1018879997026,37.3435269007916],[127.1016755998337,37.3425050999019],[127.1021909995123,37.3428067996022],[127.1023181993851,37.342117700291304],[127.0972300994395,37.3391606999382]]],[[[127.08498209904201,37.7367593996129],[127.0880995993472,37.73515539983789],[127.0877957998447,37.7340644999637],[127.08867139990049,37.733800799063495],[127.0889799003073,37.7326451998996],[127.0891373005626,37.7343239007789],[127.0883288003365,37.7341232003755],[127.08761180127901,37.7364122004563],[127.0887443005771,37.7371664000791],[127.0885642998075,37.7385364009981],[127.0870641000691,37.737924401337395],[127.0865085997023,37.739088700830806],[127.0865023987736,37.7374538999742],[127.08498209904201,37.7367593996129]]],[[[126.8888662997761,37.50594349989],[126.89149880003289,37.504193899516],[126.8940080014095,37.504569199040496],[126.89261620121391,37.5046817002763],[126.89305020077991,37.5070851978728],[126.8958485011209,37.507656000066795],[126.89623930127071,37.5095780998819],[126.8934365004856,37.508068901864696],[126.8923285006303,37.509672700272404],[126.89161059942761,37.509523200831495],[126.89195339942161,37.508590600255495],[126.8901955986142,37.5077287994753],[126.8900334994642,37.5055354009672],[126.8888662997761,37.50594349989]]],[[[126.8723700995573,37.5250626001026],[126.8732678001781,37.5239008994343],[126.875045499677,37.5245677988461],[126.875328799345,37.5234604991704],[126.87715930081811,37.5242684997575],[126.8760954009995,37.52441919999929],[126.8771148004753,37.5256067001438],[126.875881300174,37.5261632007625],[126.8723700995573,37.5250626001026]]],[[[126.9894955997782,37.4256246998981],[126.99074809899811,37.425769300039896],[126.9910195000864,37.4247279997899],[126.9931794998404,37.424927699447395],[126.9925191005011,37.4279753997041],[126.99346630021009,37.429277800351],[126.9916956998552,37.4289979009234],[126.9918855994477,37.428357599801295],[126.9894955997782,37.4256246998981]]],[[[126.8529440988294,37.5622268990368],[126.8547241993412,37.5613508997149],[126.8546393999541,37.5600673999375],[126.8554672004641,37.5609614992404],[126.8564135999345,37.560427699467695],[126.8554672003417,37.560961500297196],[126.8558254997875,37.562255500795],[126.8529440988294,37.5622268990368]]],[[[126.8693713988175,37.6511274005919],[126.87292820004501,37.649456199697504],[126.8738654006188,37.650309299329805],[126.8747255001195,37.6500607999633],[126.8740416004528,37.650570700596205],[126.8744394998666,37.6512813002207],[126.8693713988175,37.6511274005919]]],[[[127.09246659947759,37.3212585997131],[127.09605850130299,37.3214334997153],[127.0967371013607,37.3218259005912],[127.0968889007949,37.32378400046041],[127.09610020036729,37.3233030009077],[127.0948439001672,37.323921000549],[127.0941100998504,37.322620000808],[127.0935910996934,37.323223600434396],[127.09246659947759,37.3212585997131]]],[[[126.8796215981958,37.478667297174496],[126.8826382018844,37.4783305996858],[126.882246700685,37.4802989002795],[126.8805266009027,37.482601501103204],[126.8814232985924,37.4805767997875],[126.87946030055541,37.479397900966404],[126.87893619994439,37.4804010001136],[126.8796215981958,37.478667297174496]]],[[[127.3735489978579,37.6802117002387],[127.3750897986222,37.6803418988244],[127.3765020975513,37.6791504993466],[127.3759394993381,37.6775125992102],[127.378001400917,37.6805163973586],[127.38055960220039,37.6812252912947],[127.3806493073907,37.6820846995953],[127.3789465003106,37.6816873013441],[127.3786091958723,37.6840235049743],[127.3774827958498,37.6816160020269],[127.3735489978579,37.6802117002387]]],[[[126.891421699078,37.5392453003322],[126.8926706987825,37.538631900465596],[126.891529899642,37.537549399121104],[126.8938240004411,37.5380757002094],[126.89349609905899,37.539653000960705],[126.8926706990592,37.5386319009494],[126.891421699078,37.5392453003322]]],[[[127.50822509823061,37.814282801515],[127.5118422939797,37.8119507923902],[127.5130907019429,37.8128824994337],[127.5132066008908,37.8148629999388],[127.5142842004338,37.8150610008593],[127.512697600956,37.8153604000398],[127.512729801416,37.816678500173005],[127.5078905004249,37.8160019009618],[127.50725899938321,37.8166108001901],[127.50822509823061,37.814282801515]]],[[[126.86611299883789,37.475551799555795],[126.866587098618,37.4750444984709],[126.8670287997437,37.4758277989607],[126.86827190081209,37.4745627996571],[126.8694033007544,37.4765406002303],[126.8671819998634,37.4769238001328],[126.8670287999913,37.4758278007568],[126.8665108999913,37.476899600144705],[126.86611299883789,37.475551799555795]]],[[[127.0550718971791,37.8930768003364],[127.0549624999022,37.8911005988908],[127.0549946006599,37.8916756997498],[127.0586742003216,37.8917709984934],[127.0567715007065,37.8935158008569],[127.0569122996031,37.8943974011378],[127.05607749971671,37.8925235007446],[127.0550395007547,37.8924792007889],[127.0550718971791,37.8930768003364]]],[[[127.10578909940169,37.3394165998881],[127.11026820145419,37.3380665993502],[127.1090761011929,37.3380524004654],[127.10901730125171,37.339649098868705],[127.11027109951141,37.3407250014264],[127.1073708000064,37.340829400589094],[127.10578909940169,37.3394165998881]]],[[[127.4241313987769,37.735195400457],[127.425151300214,37.7332312982599],[127.4273086002992,37.7355104005451],[127.4259878002068,37.7372206005504],[127.4241313987769,37.735195400457]]],[[[127.1441911997846,37.439524199966],[127.1447367998813,37.439377298675296],[127.14823010077231,37.4409408991196],[127.1441911997846,37.439524199966]]],[[[127.0590728984075,37.844616201597496],[127.0605272981408,37.8432690975403],[127.0609465010232,37.8455183006823],[127.05953079875671,37.8455384012571],[127.0590728984075,37.844616201597496]]],[[[126.8834548994388,37.415942300243096],[126.88332510000599,37.4158294988931],[126.88479149999891,37.4185625003504],[126.8834548994388,37.415942300243096]]],[[[126.8580823995609,37.4945048996517],[126.8583906999606,37.4938626998946],[126.85862150129749,37.49430020077],[126.8580823995609,37.4945048996517]]],[[[127.3808441989004,37.6904968001232],[127.38068889872909,37.6900067000965],[127.38119950115899,37.689922497382604],[127.3808441989004,37.6904968001232]]],[[[126.8642855992568,37.5265606997165],[126.8645136004353,37.5254543996098],[126.8651633009148,37.5260198990522],[126.8642855992568,37.5265606997165]]],[[[126.8686085995716,37.6030171992581],[126.8693881005384,37.6029343003648],[126.8690843000014,37.6033276002043],[126.8686085995716,37.6030171992581]]],[[[126.8708402982337,37.4950374991798],[126.8711619004455,37.4952524000787],[126.8710658995284,37.496231000375104],[126.8708402982337,37.4950374991798]]],[[[126.9351977995295,37.5621651002492],[126.93513219997669,37.561858799931606],[126.9352901000984,37.562117900125095],[126.9351977995295,37.5621651002492]]],[[[127.0080004997097,37.4542602994861],[127.01046260134079,37.4563813007132],[127.0088778989458,37.455498701593],[127.0080004997097,37.4542602994861]]],[[[126.8878112992677,37.5126454997668],[126.88777689985801,37.512599898781296],[126.8881483016197,37.5131438999464],[126.8878112992677,37.5126454997668]]],[[[126.9913081996621,37.5272595998151],[126.99172930014551,37.527219199914896],[126.9916874002308,37.527538300299504],[126.9913081996621,37.5272595998151]]],[[[127.0800093996522,37.313277000338],[127.0798002996234,37.3131299997533],[127.0805012001761,37.3137939002645],[127.0800093996522,37.313277000338]]],[[[127.12196279940531,37.394730099887994],[127.1222424999991,37.394319099821],[127.1223524007906,37.394729600568596],[127.12196279940531,37.394730099887994]]],[[[126.8995566979582,37.569520697293],[126.9002455989678,37.5692756972187],[126.90038800101861,37.5694973008332],[126.9002455994849,37.569275700282],[126.8995566979582,37.569520697293]]],[[[126.90283839873739,37.5637607996472],[126.90289269868309,37.5636378997701],[126.9029422994776,37.5634389992181],[126.9028927003324,37.563637900142105],[126.90283839873739,37.5637607996472]]],[[[127.1840705988021,37.6165794998075],[127.18561730218491,37.6162535971934],[127.1854822985689,37.6165365018046],[127.1840705988021,37.6165794998075]]],[[[127.20723430002509,37.614939299906304],[127.20725520000421,37.6149469998986],[127.2074486039811,37.6146058957125],[127.20725520046891,37.6149470009918],[127.20723430002509,37.614939299906304]]],[[[127.1941737989907,37.542459799510404],[127.1942376989268,37.5423158996543],[127.1943077000153,37.542110799919605],[127.1942377002178,37.5423158999732],[127.1941737989907,37.542459799510404]]],[[[127.4285445996169,37.7360308005629],[127.428751998845,37.7356954999554],[127.4291267008213,37.7352898972821],[127.4287520003845,37.7356954996125],[127.4285445996169,37.7360308005629]]],[[[126.9899559983468,37.4285660996829],[126.9900015009583,37.4286100994387],[126.9902348008177,37.428869300483704],[126.99000149929971,37.4286101006158],[126.9899559983468,37.4285660996829]]],[[[127.0567071996647,37.9018149989898],[127.0567849997664,37.9018015989947],[127.05733120064939,37.9017788998028],[127.0567849998872,37.9018016008338],[127.0567071996647,37.9018149989898]]],[[[127.1921002957019,37.6173290961179],[127.1923631015942,37.617277299508295],[127.1921002981212,37.6173291028714],[127.1921002957019,37.6173290961179]]],[[[126.97636029942609,37.4013025000608],[126.97661640008539,37.4013139988676],[126.97660620025361,37.4014500006494],[126.97636029942609,37.4013025000608]]],[[[126.9892010985375,37.4239278998607],[126.9892011007037,37.4239278999365],[126.9891963000157,37.4242861011326],[126.9892010985375,37.4239278998607]]],[[[127.1897400996655,37.577258800315406],[127.1899222003016,37.5771336999959],[127.18990439971941,37.577361600409304],[127.1897400996655,37.577258800315406]]],[[[126.8427176997371,37.6532094000643],[126.8427842002662,37.653192599787495],[126.8427842003228,37.653192600496695],[126.8427176997371,37.6532094000643]]],[[[126.90175019896229,37.517201200421],[126.901863898779,37.5169002998405],[126.90186390025849,37.516900299674205],[126.90175019896229,37.517201200421]]],[[[126.9638469998615,37.5931548001124],[126.9640185998785,37.5930782998492],[126.9639904000128,37.5928723998912],[126.9640186005744,37.5930783006484],[126.9638469998615,37.5931548001124]]],[[[127.1386873990261,37.474261299515504],[127.1386874004819,37.474261299542405],[127.13869149982429,37.4743255008301],[127.1386873990261,37.474261299515504]]],[[[127.1668377970035,37.670817899327304],[127.16732610134899,37.6699572993495],[127.16683780183389,37.670817900572104],[127.1668377970035,37.670817899327304]]],[[[127.1720621985537,37.6734948992222],[127.1726814029635,37.6713783993438],[127.1720622042721,37.6734948984119],[127.1720621985537,37.6734948992222]]],[[[127.0478903999719,37.7387261000094],[127.0478904000581,37.7387260998865],[127.04791769996,37.7388025000786],[127.0478903999719,37.7387261000094]]],[[[127.1249954999526,37.3842788999637],[127.12512730069871,37.3843723999818],[127.1251116001156,37.3843910002974],[127.1249954999526,37.3842788999637]]],[[[127.1797710995145,37.547424599976196],[127.1798529000402,37.5474298994386],[127.18034030017199,37.547463199956105],[127.1798529004109,37.547429900199795],[127.1797710995145,37.547424599976196]]],[[[127.20136769838861,37.5310219003473],[127.20136769789261,37.5310218970978],[127.20159270047111,37.5309521984032],[127.20136769838861,37.5310219003473]]],[[[127.49750249962399,37.4983639000115],[127.4975038002992,37.498402900274705],[127.4975062002968,37.498461300216306],[127.49750379962751,37.498402900022],[127.49750249962399,37.4983639000115]]],[[[126.8816940988349,37.5012585992547],[126.88169409988791,37.5012585988065],[126.881811200115,37.5013469004124],[126.8816940988349,37.5012585992547]]],[[[126.8898163994797,37.5114071999246],[126.8898164010108,37.511407199232],[126.8898164001374,37.5114072011466],[126.8898163994797,37.5114071999246]]],[[[126.9546741996919,37.596231299972],[126.9546742012009,37.5962312996665],[126.9546742013388,37.5962313005585],[126.9546741996919,37.596231299972]]],[[[127.0162976005793,37.443363699680596],[127.0159220990851,37.4433253004625],[127.0159220997532,37.4433252985139],[127.0162976005793,37.443363699680596]]],[[[127.08774579970479,37.7440758997562],[127.0877457999482,37.7440758998098],[127.08774580008149,37.7440759001043],[127.08774579970479,37.7440758997562]]],[[[127.1208583997743,37.3949576000188],[127.1208353997973,37.3949536000228],[127.1208584005097,37.3949575996605],[127.1208584001275,37.3949576008679],[127.1208583997743,37.3949576000188]]],[[[127.15007199926869,37.5106290006428],[127.15007200044569,37.5106289998322],[127.1501944003038,37.5108332009347],[127.15007199926869,37.5106290006428]]],[[[126.8718189997884,37.4952715000596],[126.8718190007736,37.495271499523405],[126.87180670005189,37.495339700217706],[126.8718189997884,37.4952715000596]]],[[[126.8726180998754,37.5487587000555],[126.8726484999287,37.5487442999706],[126.8726485000351,37.548744299987604],[126.8726180998754,37.5487587000555]]],[[[126.8965795994546,37.581516400319295],[126.8965795998666,37.5815163985951],[126.8965796008099,37.5815163999716],[126.8965795994546,37.581516400319295]]],[[[126.9578834957586,37.4685551986163],[126.95788350072239,37.4685551992312],[126.9578835000457,37.4685552025951],[126.9578834957586,37.4685551986163]]],[[[127.0698144008048,37.726672200632805],[127.0698143991534,37.7266722001482],[127.0698144019503,37.7266721998945],[127.0698144008048,37.726672200632805]]],[[[127.1046383996078,37.4951138996726],[127.10470529998241,37.494969799885],[127.1046383998398,37.4951139003373],[127.1046383996078,37.4951138996726]]],[[[127.1379910991586,37.5827606991527],[127.13799110058359,37.5827606994629],[127.13799110017649,37.5827607003861],[127.1379910991586,37.5827606991527]]],[[[127.14987499853349,37.4414942998486],[127.1498750006037,37.44149430053],[127.149798500372,37.4416234009518],[127.14987499853349,37.4414942998486]]],[[[127.2030110992036,37.409364200933396],[127.20301110038899,37.4093641990756],[127.2030111006237,37.409364200359896],[127.2030110992036,37.409364200933396]]],[[[126.88315109972861,37.5140708002522],[126.8831511001202,37.5140707985204],[126.8831511006676,37.5140707996647],[126.88315109972861,37.5140708002522]]],[[[126.8888446991494,37.5049111005692],[126.8888446992977,37.5049110996312],[126.8888447007542,37.5049110996478],[126.8888446991494,37.5049111005692]]],[[[126.9365399999104,37.5619297999108],[126.93654000011189,37.561929800038],[126.93653999999559,37.5619298001047],[126.9365399999104,37.5619297999108]]],[[[127.0987586994501,37.3415982000616],[127.0987587002367,37.3415981995525],[127.09875870017571,37.3415982007323],[127.0987586994501,37.3415982000616]]],[[[127.1075719995823,37.4987044996655],[127.107572000231,37.4987045004113],[127.1075719995073,37.4987045003514],[127.1075719995823,37.4987044996655]]],[[[127.1140311995429,37.611282300338296],[127.1140311997551,37.6112822994552],[127.114031200718,37.6112822996699],[127.1140311995429,37.611282300338296]]],[[[127.1156894997506,37.6647879998471],[127.1156895005419,37.664787998982405],[127.11568950009931,37.664788000121],[127.1156894997506,37.6647879998471]]],[[[127.1239734998805,37.412335999988706],[127.12397350086151,37.4123360002569],[127.1239735,37.4123360001359],[127.1239734998805,37.412335999988706]]],[[[126.8825899998017,37.4815900000278],[126.88258999989819,37.4815899996934],[126.88259000024699,37.4815900000881],[126.8825899998017,37.4815900000278]]],[[[126.9364287999387,37.5616077999214],[126.9364288001296,37.5616078001561],[126.9364288000135,37.561607800206595],[126.9364287999387,37.5616077999214]]],[[[126.93760359946451,37.5780830001003],[126.9376035990115,37.5780829985289],[126.9376036004216,37.5780829997637],[126.93760359946451,37.5780830001003]]],[[[127.1069087993801,37.3242158998917],[127.1069088002607,37.3242158997875],[127.1069087996184,37.3242159011021],[127.1069087993801,37.3242158998917]]],[[[127.1320536996713,37.640917300016696],[127.1320537007856,37.6409172996199],[127.1320537000263,37.6409173002868],[127.1320536996713,37.640917300016696]]],[[[127.15029249988001,37.5656860998364],[127.15029250022391,37.5656861000777],[127.1502924996453,37.565686100239404],[127.15029249988001,37.5656860998364]]],[[[127.15342459901649,37.566783300233396],[127.153424600314,37.5667832984468],[127.15342459974839,37.5667833015581],[127.15342459901649,37.566783300233396]]],[[[127.1568366994871,37.6555611007786],[127.1568366996923,37.6555610997735],[127.1568367002798,37.6555610998901],[127.1568366994871,37.6555611007786]]],[[[127.15887959947531,37.6083610004628],[127.15887960012181,37.6083610000067],[127.1588795998697,37.6083610006358],[127.15887959947531,37.6083610004628]]],[[[127.1609980995793,37.5359225998104],[127.1609981016206,37.5359225962208],[127.1609981005066,37.5359226001182],[127.1609980995793,37.5359225998104]]],[[[127.1685584998684,37.5632462998997],[127.1685585001691,37.563246299861],[127.16855850021031,37.5632463001251],[127.1685584998684,37.5632462998997]]],[[[127.1950960999067,37.6999680999412],[127.1950961002007,37.6999680996836],[127.1950960999959,37.6999681005174],[127.1950960999067,37.6999680999412]]],[[[127.47520349916961,37.50584659997],[127.4752035006426,37.5058465983781],[127.4752034999137,37.5058466014374],[127.47520349916961,37.50584659997]]],[[[127.48579069976509,37.49481689986],[127.4857906997766,37.494816900850594],[127.4857906993832,37.4948169000862],[127.48579069976509,37.49481689986]]],[[[126.88310009925789,37.544206099327496],[126.8831001002243,37.544206099885294],[126.88310009968029,37.5442061006521],[126.88310009925789,37.544206099327496]]],[[[126.8910978000626,37.538645899590996],[126.89109780001979,37.5386459000256],[126.8910977999407,37.538645900027696],[126.8910978000626,37.538645899590996]]],[[[127.06231239991159,37.6560754999829],[127.06231240002569,37.6560755000033],[127.0623123999816,37.6560755000565],[127.06231239991159,37.6560754999829]]],[[[127.10993669990441,37.344379100297],[127.1099366998467,37.344379100000495],[127.10993670043021,37.3443790999493],[127.10993669990441,37.344379100297]]],[[[127.16069759921851,37.5018464001772],[127.16069760039531,37.501846400043],[127.16069760029791,37.501846400495495],[127.16069759921851,37.5018464001772]]],[[[127.1608670987696,37.6485177999238],[127.1608671004722,37.6485177992937],[127.16086709986921,37.6485178003189],[127.1608670987696,37.6485177999238]]],[[[127.25329759993019,37.6532084998422],[127.2532976001903,37.6532085000538],[127.2532975999759,37.653208500118396],[127.25329759993019,37.6532084998422]]],[[[127.4280255995822,37.736818399237094],[127.4280256001359,37.736818399775295],[127.42802560030759,37.7368184007906],[127.4280255995822,37.736818399237094]]],[[[126.93809159965261,37.513465199871796],[126.93809160005921,37.5134651999806],[126.9380915997544,37.5134652008239],[126.93809159965261,37.513465199871796]]]]}}]}