{"type":"FeatureCollection","features":[{"type":"Feature","properties":{"interval":15,"stationId":"5340688293"},"geometry":{"type":"MultiPolygon","coordinates":[[[[126.75753859839061,37.604959200076905],[126.75859650007109,37.6040169966759],[126.7606060987476,37.6046993962345],[126.76423419658241,37.602091697528],[126.7634261973158,37.5988578971253],[126.7657006986428,37.597417696574304],[126.76487659936399,37.593675598960196],[126.76603519977141,37.5933170985615],[126.76921490013329,37.5947189988745],[126.7703919989562,37.59413349946],[126.7692759021101,37.592575096404296],[126.7724624007975,37.5953516972765],[126.77508470127239,37.5939795970615],[126.7762215014703,37.5957521968904],[126.77591989936681,37.5973045009693],[126.7762214996759,37.5957522001074],[126.7750847008127,37.593979601879994],[126.77239629991439,37.5953873002958],[126.77039199986591,37.5941335003691],[126.7690536010583,37.595149299474706],[126.7704960996158,37.596319898304095],[126.7716459006648,37.5957902998928],[126.7708409018138,37.597643498591296],[126.7728417010662,37.5990191987344],[126.77434649956139,37.5989726987809],[126.7755959992395,37.6008727976582],[126.77914800064981,37.5996780998858],[126.778885800912,37.6016993978645],[126.7808077007639,37.601933900165896],[126.7784300010083,37.6063012004078],[126.77592390076299,37.606989401972406],[126.7744873011863,37.6065117017766],[126.7741179015557,37.6085308997574],[126.77546220021311,37.608660100078005],[126.77379190048421,37.608622001230195],[126.7730914987526,37.609828901398195],[126.7728619974484,37.6086446012021],[126.77004739927449,37.6071478015528],[126.7671766021453,37.6072000015006],[126.7671527014947,37.6081816032733],[126.767176598239,37.6072000006382],[126.7639503014653,37.6052499025883],[126.7636323017833,37.6064944013438],[126.7628908997659,37.6064905004317],[126.7619824996257,37.6045916012964],[126.75753859839061,37.604959200076905]]],[[[126.79655049940679,37.5613543996905],[126.8010809994952,37.5610990992378],[126.80223929993349,37.5595927991479],[126.8050452998186,37.55824989977],[126.8040784001647,37.5595214998795],[126.8081605005345,37.5615525989989],[126.8067230001068,37.5626160006172],[126.807191699289,37.5611885003636],[126.8054090010717,37.560401401150706],[126.8060553003732,37.5620084007324],[126.80312350077669,37.5625395006313],[126.8028727010275,37.5641472990235],[126.8034731011008,37.5641093993026],[126.8028463004073,37.5643422999483],[126.80357290015421,37.56564010001561],[126.8020552990053,37.565794901064],[126.80182379832189,37.564436301729394],[126.8001116000341,37.5643951017706],[126.79681789916259,37.5624330001926],[126.79655049940679,37.5613543996905]]],[[[126.7180773992909,37.6191573002846],[126.71816830000441,37.6184540983621],[126.71929510099069,37.6188362996474],[126.7203815998279,37.6213395988552],[126.7210526001672,37.6207228996906],[126.7204964009166,37.6212788999877],[126.7211161006998,37.6220885008825],[126.71875699965629,37.6190079005818],[126.7180773992909,37.6191573002846]]],[[[126.72928829657559,37.6115675990443],[126.7337957024486,37.6104949976691],[126.7353741009599,37.6114811991052],[126.7335841986608,37.6113736021138],[126.73128590095911,37.6130079004795],[126.73028070196429,37.6139126995747],[126.73020650006829,37.615923101899604],[126.72928829657559,37.6115675990443]]],[[[126.7205485995674,37.619054600103496],[126.720715299744,37.6188336997159],[126.7210094007286,37.619184600389495],[126.7205485995674,37.619054600103496]]],[[[126.7788844989373,37.595431600332795],[126.77866279915901,37.5953626004018],[126.78098320183139,37.594212100261],[126.7788844989373,37.595431600332795]]],[[[126.77988899929069,37.5992873998513],[126.7798890017816,37.5992873974384],[126.7797700994839,37.5993584001136],[126.77988899929069,37.5992873998513]]],[[[126.7061996997315,37.6316256995131],[126.706199700421,37.6316257001903],[126.7061996997763,37.6316257001192],[126.7061996997315,37.6316256995131]]],[[[126.8048194999179,37.55804380006],[126.8048194998443,37.5580437997915],[126.80481950006579,37.5580437998215],[126.8048194999179,37.55804380006]]]]}},{"type":"Feature","properties":{"interval":30,"stationId":"5340688293"},"geometry":{"type":"MultiPolygon","coordinates":[[[[126.7931612964959,37.577130500140605],[126.7954924034073,37.5756651955063],[126.7990870998126,37.576017495154],[126.80062629941041,37.572519199299805],[126.8025624988191,37.5723998983245],[126.803845399126,37.571147199273696],[126.8033780993776,37.5695627997475],[126.8043332988424,37.5680287006308],[126.802456799468,37.566965500185304],[126.80182379832189,37.564436301729394],[126.8001116000341,37.5643951017706],[126.79681789916259,37.5624330001926],[126.79655049940679,37.5613543996905],[126.8010809994952,37.5610990992378],[126.80223929993349,37.5595927991479],[126.80369469908699,37.559325898907595],[126.8037177990639,37.5583227999107],[126.8050387001578,37.5573117993449],[126.80657879877239,37.5569428995911],[126.80637989888,37.5561358999228],[126.80723329903789,37.5564599992315],[126.80971429714299,37.5539131004016],[126.81098919956469,37.5510346971854],[126.8138658976426,37.5505997966042],[126.8149506007444,37.5508593991863],[126.8143578008997,37.5510266000692],[126.8149109010249,37.5524017992125],[126.816433300027,37.552156199562596],[126.8165705004725,37.5535122997474],[126.8191589003797,37.556342899295196],[126.8199560995825,37.5564343992037],[126.8199867995718,37.555487299698704],[126.8213575006126,37.554821697984195],[126.8215912015242,37.5564345996805],[126.8225678005476,37.556959399155694],[126.826136098584,37.5556451988986],[126.8262570999132,37.55222469953279],[126.82763870008199,37.5539914992642],[126.8283985993221,37.553394699860995],[126.8277643004694,37.5530219994848],[126.8301444001239,37.5539577998626],[126.829421200472,37.555885799228],[126.8316168000247,37.5549706996774],[126.83271810042639,37.555173099807696],[126.8328521002924,37.556170798809994],[126.8349535981909,37.555973699007104],[126.83470489843961,37.554516500464295],[126.8333125998525,37.553347100018],[126.8343513989316,37.552831400472705],[126.8339494993335,37.5522479010562],[126.8318727999888,37.55284000022991],[126.8295366985549,37.549150499285105],[126.8313987991198,37.54643430002],[126.83470959897619,37.5447832000042],[126.83595339966689,37.5426428998179],[126.83690349937811,37.542441499595704],[126.8367832994983,37.5413251007121],[126.8360774999694,37.5418131002052],[126.8353860990373,37.5409574996117],[126.8373516995482,37.5386710992464],[126.8383855997021,37.539068298895394],[126.8396477003278,37.5381699994128],[126.8401098001863,37.5387865990305],[126.84061969967641,37.5379483998687],[126.8424840992123,37.5375673991937],[126.8434184004133,37.5381499989411],[126.8442477004609,37.5398373996461],[126.84381020081629,37.5408257992464],[126.84503050060479,37.542416599475004],[126.84444550066381,37.5424708004553],[126.84503560037331,37.5434514002617],[126.8441013006949,37.543161000490095],[126.8442637004526,37.5449419998106],[126.8430011997206,37.5441100005885],[126.8420202000563,37.5452446003263],[126.8420753993768,37.5442440007351],[126.8383911011792,37.544883900089104],[126.8426358006725,37.5477785997007],[126.84257550054609,37.5496159000025],[126.8409843002849,37.5490078005934],[126.83969920157,37.54952120008],[126.8404365006397,37.553729599517794],[126.84321800027199,37.5551633989366],[126.8442989005156,37.5566975994513],[126.84509260080421,37.5564884000927],[126.8446578009971,37.5573248997322],[126.8459021997527,37.5582104988466],[126.8466994015648,37.5577943992854],[126.84675530150339,37.5583915001965],[126.8459458003581,37.5584778006234],[126.8457188004858,37.559699700723804],[126.8452164000046,37.5589951008346],[126.8450765001436,37.559891500210696],[126.8439148006581,37.560017200238796],[126.8443112994628,37.5609259007263],[126.8439147994816,37.5600172005149],[126.8425867008097,37.5598034007287],[126.84296140017999,37.560549600575904],[126.84175260065771,37.5610939004177],[126.8421211003423,37.5622595994076],[126.8430860005064,37.5620719009886],[126.8424226997561,37.5631524010836],[126.8397549017984,37.563223800982804],[126.8395097005035,37.5649970016271],[126.8389914988589,37.563322201847804],[126.8351579012356,37.5636897016323],[126.8342922021013,37.565541099780894],[126.83459110086369,37.5683354002555],[126.8328519007076,37.5691309997519],[126.83369880015519,37.5701778003841],[126.8319233018704,37.5703238005462],[126.8316947021224,37.571664199451],[126.8338526012819,37.5718909996168],[126.83296050063569,37.5733520009205],[126.8302648991172,37.5717741013174],[126.82612359891681,37.5740379007096],[126.8256420994304,37.572854501017595],[126.8236165995254,37.5731059013316],[126.82203219867989,37.5713577003985],[126.8226820993624,37.569986600885],[126.8209408999889,37.5689803014591],[126.819746801183,37.5703245001149],[126.8206785000336,37.570730201026],[126.8183151001442,37.5708923005121],[126.8178770002275,37.5719098002757],[126.8180225990005,37.5713954004971],[126.8155881998943,37.5715773002168],[126.81540179888161,37.5704230011647],[126.8134105008729,37.5709314006563],[126.8144459010791,37.5727250997697],[126.816606501457,37.574231799106],[126.8168112012523,37.5753906979471],[126.8181892012805,37.5760388972813],[126.8168464009907,37.5768586008018],[126.8168539001697,37.579375300130906],[126.81595400091831,37.5791850003269],[126.8141115014902,37.5810707010191],[126.8117000003914,37.5816300011792],[126.81138269857179,37.5800615017523],[126.8094992983531,37.580577401692004],[126.8074853983998,37.5777139023049],[126.80542230046291,37.5776099024089],[126.8045916012936,37.578471301547495],[126.8027107018311,37.5777491008125],[126.8023151014751,37.5793210004538],[126.8042247003828,37.5810227005834],[126.8017548012193,37.579508602054396],[126.80001780209031,37.58135420101],[126.7994990006564,37.583766600559194],[126.79695500001,37.5843019004683],[126.79738659882639,37.5819208001005],[126.7984296986404,37.581064900109304],[126.79813849966139,37.5795593993005],[126.79930379958681,37.5798126991386],[126.79891689954789,37.577712100643],[126.7958203993537,37.577875000399295],[126.7954923997577,37.575665202439204],[126.7931612964959,37.577130500140605]]],[[[126.69396979868881,37.6347099001409],[126.69542589864021,37.6319699990971],[126.6944457988493,37.6308222995202],[126.69612089819739,37.629415598825105],[126.6960134993174,37.625873598552],[126.6968464991872,37.6246381995309],[126.6989674988098,37.6254232986159],[126.7027769993941,37.6242835988485],[126.70611889886851,37.62481699838],[126.7065694993799,37.623484898757305],[126.7076061995408,37.6239997991794],[126.7094727989617,37.6190188972467],[126.7124421959923,37.6167503995152],[126.7138690983649,37.6121577988361],[126.713124398473,37.6105535968773],[126.7167605015658,37.6087998980409],[126.7191467003693,37.6116051973469],[126.7200408994751,37.6116367973153],[126.7211424983735,37.609576099376],[126.7206253999234,37.6056556992202],[126.72172610012299,37.6053710992072],[126.7221413004186,37.6041987995784],[126.72341339957799,37.6065143987176],[126.7236473999795,37.604427899543495],[126.7281284981415,37.6044402976195],[126.7288242994513,37.600856899236696],[126.7311109993835,37.5995736979422],[126.73183510102079,37.6003699986891],[126.733042900166,37.599221299589004],[126.739090103851,37.6069169961862],[126.7434236995174,37.604290298812906],[126.7477686004528,37.6032448985408],[126.7514308984024,37.6036595972049],[126.7524869980404,37.6013690983549],[126.7511805972684,37.5994393985874],[126.7536019989272,37.599772699468005],[126.7526319985172,37.5957223991436],[126.75591369742439,37.5953312988311],[126.75505619828189,37.5915192026432],[126.7542965981319,37.5912841019784],[126.7550561995285,37.5915191993125],[126.7547836007192,37.590688898289805],[126.75770579902229,37.5920036971389],[126.7603930005004,37.5906033966823],[126.76212629961941,37.588602399098],[126.7694039985222,37.5858370972622],[126.7702561979801,37.5846673982313],[126.77098290189271,37.584408598127304],[126.7724420031812,37.586218099038206],[126.7747886008346,37.5872313980249],[126.7798687002766,37.591522097678],[126.7836494993264,37.5899819980308],[126.78686339611251,37.5902688977439],[126.7897442986361,37.5876971984558],[126.7921608004813,37.5874629998716],[126.79020080012299,37.5880433010252],[126.7881368005102,37.590301100620195],[126.7868634010938,37.5902689012509],[126.7846020041661,37.596110797788995],[126.7884868006668,37.599049900493895],[126.7858456019809,37.6008092015546],[126.7863601014664,37.6036795986842],[126.787740000966,37.6034104997833],[126.7867841017065,37.6067186989126],[126.7894694014944,37.6068620026563],[126.78678409978761,37.6067187022592],[126.7859795017697,37.6091559003913],[126.78457750290829,37.6101981140163],[126.7737839003685,37.6136450032151],[126.7734992006532,37.6158420010181],[126.77031050766759,37.6178860126253],[126.7692535982647,37.6160112009213],[126.7672244976468,37.6165803991913],[126.76871439580499,37.611844500485894],[126.765887398632,37.6087440035864],[126.7619701025493,37.6102287021017],[126.7631557010502,37.613339102153695],[126.7616297991699,37.6131559035012],[126.75853049799301,37.616240402359104],[126.75910019836431,37.613733701363394],[126.75754759991689,37.6125846025125],[126.7548461016774,37.614386104213395],[126.7536457974757,37.6118792016441],[126.7508841995047,37.6118734016537],[126.75267009884361,37.6108982999773],[126.75272479878889,37.6084077024679],[126.750161998967,37.6071913030382],[126.7458201015683,37.6071583019252],[126.7449209020845,37.6077214020124],[126.7446705023349,37.609756199977596],[126.7448914031828,37.6155639999279],[126.7403598002974,37.617578801415],[126.7402102002263,37.619295700037306],[126.7409638002281,37.6195509006096],[126.7396813002838,37.618649001250496],[126.7355099014609,37.6187162042751],[126.7327409042299,37.6206222023691],[126.7278349020834,37.6217665007543],[126.72735730398959,37.625214098643504],[126.7289025019066,37.626922202123104],[126.7264042006347,37.6275365010911],[126.7266325003323,37.6292224005319],[126.72521719845601,37.627544701741904],[126.7263738990397,37.6289378985543],[126.72675989865371,37.6255368019554],[126.7238157012313,37.625740901746894],[126.7203344033388,37.628859600427],[126.7135280064696,37.631832199078296],[126.71506940300121,37.6360364003193],[126.7144547987434,37.6354872029242],[126.7118893013089,37.636248202163195],[126.7116147005795,37.638549600305595],[126.7122906003537,37.6394938004963],[126.7106733999595,37.6369518027158],[126.7089061987176,37.6390163006364],[126.7104050982586,37.636583000693605],[126.7078531001018,37.636619501040805],[126.7058526993032,37.6349812027875],[126.70315080124101,37.6385188994949],[126.7036356007562,37.6392073988064],[126.705748899407,37.6388495989191],[126.706181801442,37.6397438999088],[126.7025044994833,37.6410110016216],[126.7024405994473,37.6389669010037],[126.69876359931371,37.6363984012421],[126.69798769885669,37.6368254002975],[126.698483898797,37.6355329001686],[126.69396979868881,37.6347099001409]]],[[[126.66348979848209,37.6434345994587],[126.6638232997908,37.642093199581],[126.6659267000248,37.6433136992378],[126.66671789923359,37.642779499772004],[126.6644307990711,37.6399244004608],[126.6647002006097,37.6390429987471],[126.66687160086619,37.639269797782],[126.6665909001926,37.641138398945905],[126.6703614000322,37.6399406973188],[126.67135350089849,37.6405864988189],[126.67308599916599,37.6401136992917],[126.6729120005123,37.6412000997562],[126.6738574005092,37.6419260993752],[126.6732658005289,37.6437350001073],[126.674305400057,37.6454082992585],[126.6755766005393,37.64560870032609],[126.67430540061409,37.6454083018031],[126.67310120122241,37.648088399721196],[126.6769528987858,37.6506698985163],[126.6803950999791,37.648309699418],[126.6825705005159,37.6511803972005],[126.6844829986034,37.6500540983268],[126.6850607980256,37.649029299351604],[126.6844694001104,37.6478564993128],[126.6864516994496,37.650143197789404],[126.6900407003951,37.6507127970723],[126.69143440019971,37.6501991972491],[126.6927990006346,37.6516474997574],[126.69089840104509,37.654115599546095],[126.6916430012544,37.6542198999209],[126.6913315001731,37.6546992007064],[126.68903089916641,37.6520571017232],[126.6880879001094,37.6529457008346],[126.6872099995036,37.651997401729],[126.68543500127859,37.6518037019227],[126.6838597019716,37.653080201189596],[126.6836110019183,37.6560238986661],[126.68607970158699,37.6558991012815],[126.6836110013176,37.6560239022213],[126.6833340003347,37.6596533002237],[126.68202999989809,37.658767400076904],[126.6833687986623,37.6592712994578],[126.6836109983545,37.656023902691004],[126.68066500130051,37.6570193016956],[126.6805517013764,37.6580275008168],[126.6780628005869,37.659571101059],[126.6774742990767,37.6581293004172],[126.67845279894131,37.6578776994169],[126.6772899971057,37.6547881987601],[126.67804779782941,37.6540176983198],[126.6776906981865,37.6507804015571],[126.6761825996946,37.6514023009352],[126.67358609740049,37.6485383026401],[126.6711154996827,37.6492560018994],[126.6702374995261,37.6462707006308],[126.6672510007229,37.6450428013331],[126.66590050011351,37.6457815013182],[126.6654099006041,37.6472381998615],[126.6668556004883,37.6471077002209],[126.664807898267,37.648307900945696],[126.6642470974597,37.6465837000675],[126.66590049842341,37.6457814983783],[126.66573779858611,37.6444568997029],[126.6647822995416,37.6432023009575],[126.66348979848209,37.6434345994587]]],[[[126.848301598842,37.5635833005637],[126.8489166001384,37.564201698887],[126.8500454999042,37.5596959999473],[126.8508755997087,37.559938599441004],[126.850513099858,37.5592768999648],[126.8518243992362,37.558765198837804],[126.8511554993769,37.556443700216306],[126.8521457995339,37.555585399111095],[126.8565490999455,37.5579077983392],[126.8588128990995,37.556096999452905],[126.8584933992959,37.555264799698804],[126.8591848002571,37.555909399304795],[126.8602009006117,37.554661199007896],[126.86545170029119,37.555898199351205],[126.8638300003652,37.5584182002397],[126.86226760011519,37.5589185002303],[126.8628747012347,37.5601521015282],[126.8616727991916,37.559316500979705],[126.859351401513,37.5605486997475],[126.8606737001793,37.5619148999039],[126.8593672008651,37.5622447014434],[126.8590689005501,37.5636729001849],[126.8594644001546,37.5644630993947],[126.8604609013265,37.5640083001638],[126.857745201187,37.5642357006733],[126.8582912001762,37.565668000418],[126.85689910049541,37.564697201106895],[126.85655770097449,37.5665492999785],[126.8566353993834,37.5656130005898],[126.8557296991614,37.565869500523895],[126.8539677001028,37.5645401006616],[126.8536698004151,37.5656326007096],[126.8523056996025,37.5647553005951],[126.851383099936,37.5652435005292],[126.8503091001857,37.5636242010333],[126.8494607004202,37.564809200571],[126.848106699452,37.5647981002916],[126.84891659902199,37.564201700420895],[126.848301598842,37.5635833005637]]],[[[126.79624359904,37.523179899532],[126.7985325986979,37.523096799075894],[126.7991620009459,37.5219312988376],[126.8007922993156,37.5221291986397],[126.8009633991427,37.5206476992175],[126.80511409964319,37.5172117993189],[126.8048508010898,37.5178294994341],[126.8087662006804,37.5206023993059],[126.80875350069469,37.521425799177706],[126.8112547007356,37.5217272988134],[126.81125090086,37.522752099572095],[126.81350140072661,37.5240593999998],[126.8121110013933,37.524059800647606],[126.8121111000001,37.525330600683],[126.81038700086131,37.525333501335304],[126.8103816008667,37.526674799994005],[126.8087883000034,37.5286700009087],[126.8087860996801,37.52805570096071],[126.8071309013353,37.5278191011973],[126.8066784009452,37.5298525005058],[126.8053065007062,37.5306552019615],[126.8021469999784,37.5276955020004],[126.7997175001166,37.5273349013877],[126.7989107997752,37.5261540010278],[126.7981480990328,37.5266467003117],[126.7989107992212,37.5261540003892],[126.79624359904,37.523179899532]]],[[[126.72621889583401,37.5712875024011],[126.7286472997057,37.5686385996102],[126.7291441005225,37.5700358980304],[126.733804899574,37.566638090693296],[126.7373255013045,37.5679719975415],[126.7413246973053,37.5678452976682],[126.7426232011473,37.5638162974505],[126.7425066019298,37.565951501189396],[126.7401372003797,37.5697632994219],[126.74467150037279,37.5706734000062],[126.74118810225791,37.5730619016055],[126.7385822001051,37.573045801525204],[126.7380132006741,37.574265600305395],[126.73806639919279,37.5711310006079],[126.7360899991488,37.571480000364],[126.7339191007069,37.5698229016417],[126.73011790185049,37.572607602879295],[126.72621889583401,37.5712875024011]]],[[[126.8439617993115,37.5322408003644],[126.84521159958899,37.530035499765695],[126.8466748998173,37.5305721995197],[126.8471959994062,37.5291085994415],[126.8476631998342,37.5301744992833],[126.8483259003145,37.5291961995104],[126.8499536005379,37.5311305992485],[126.8487481998156,37.533398401128004],[126.847218500796,37.5332362006775],[126.8470520003669,37.5339849001314],[126.84621370063621,37.5336846006478],[126.8451231001944,37.5345575003323],[126.8439617993115,37.5322408003644]]],[[[126.6403416999426,37.6417805997041],[126.6411237993243,37.640263399941304],[126.64352529992479,37.640659399649394],[126.6442265993275,37.6377290989687],[126.64611620106129,37.6391711986192],[126.6450352017973,37.6396393018698],[126.6449992018333,37.641515499993595],[126.6456986011339,37.641989599519505],[126.64487679985851,37.6428553011647],[126.6413546004825,37.6433994007606],[126.6414008995764,37.6417968007225],[126.6403416999426,37.6417805997041]]],[[[126.893500098709,37.5782684002551],[126.89388640003,37.576233599648],[126.8974079996901,37.5755924996935],[126.8973424997604,37.574227499775],[126.901250300355,37.575237200036995],[126.89773720116179,37.5773940014396],[126.89663210059001,37.577160400748895],[126.89691140163879,37.5784443019144],[126.8948971014307,37.5794300005888],[126.8956100004242,37.5808400009957],[126.8946148001077,37.5796248014814],[126.8937789992429,37.580073300540704],[126.893500098709,37.5782684002551]]],[[[126.87116109955839,37.5467147001199],[126.8732584991438,37.5459726998363],[126.87441389983849,37.5441265992809],[126.8760092000915,37.544266799217105],[126.8768034001755,37.5444706997616],[126.87676410082331,37.5455599000416],[126.87810470049659,37.5459892996589],[126.87851260006299,37.547946700212094],[126.87540869996829,37.5480691005025],[126.875299799558,37.5471893011039],[126.8743305005273,37.54705590123729],[126.87407119970311,37.5478699008642],[126.873674999098,37.5470620002109],[126.8717389999516,37.547419500084295],[126.87116109955839,37.5467147001199]]],[[[126.7925907995897,37.483523400745],[126.7926190992773,37.4828740994304],[126.79500049945631,37.482975899832496],[126.7955235992394,37.4809799994891],[126.7950921002964,37.4825908996379],[126.79765880156309,37.4830437990802],[126.7964189990298,37.4841312006658],[126.794371600256,37.484104200729895],[126.79421040017169,37.484982300699],[126.7925907995897,37.483523400745]]],[[[126.6696335949428,37.568390898531696],[126.6747791998628,37.5683815974018],[126.678061998869,37.567303599477],[126.6770575993961,37.5661629993091],[126.6790259017297,37.5684183006875],[126.6769594998687,37.5690161015975],[126.67595339883499,37.5704407021712],[126.6747933986067,37.5684268013683],[126.6696335949428,37.568390898531696]]],[[[126.86394659892851,37.5515757000234],[126.86470219919529,37.550493599821],[126.8639149992852,37.5499518004883],[126.8643423992177,37.5493901998653],[126.8657601990885,37.5492572000364],[126.8652023998453,37.5484450995054],[126.8657602000345,37.5492571990697],[126.8683882003366,37.5489556997992],[126.867413299476,37.5488432012384],[126.86394659892851,37.5515757000234]]],[[[126.9257811993435,37.5574172988758],[126.9262246997898,37.5565691997803],[126.92805850021841,37.5567479999133],[126.9273841007598,37.5568586000296],[126.9276198995625,37.5583378004312],[126.926033199841,37.5574098008026],[126.92578660002779,37.5581429001256],[126.9257811993435,37.5574172988758]]],[[[126.7968890974715,37.5083176011322],[126.797523598075,37.5060653013059],[126.79674969937871,37.505266399395495],[126.7973575987708,37.5047579999039],[126.79752360049231,37.506065299608004],[126.8010448038028,37.5061877977054],[126.7981159013086,37.5089569015576],[126.7991134999225,37.5105515005491],[126.7968890974715,37.5083176011322]]],[[[126.7427901995904,37.5542465995101],[126.74401329851901,37.5524542013596],[126.743672298691,37.551411299082],[126.7462046016709,37.554165998244905],[126.7448669005618,37.5533078009622],[126.7454927000572,37.5553200003104],[126.7427901995904,37.5542465995101]]],[[[126.8545434999428,37.524803700559],[126.8566544997271,37.5237959995971],[126.8576897007065,37.5252214996288],[126.8563880011766,37.525048600714996],[126.85672290084169,37.5261032996603],[126.8560843999105,37.5264844004253],[126.8555188994368,37.524933200487],[126.8545434999428,37.524803700559]]],[[[126.73797329907809,37.545634999228],[126.7383606996325,37.5448802995379],[126.7392050005167,37.5457226007944],[126.73797329907809,37.545634999228]]],[[[126.7917550984671,37.5046190010535],[126.7932677987,37.504749799768],[126.79553410047019,37.503028099774504],[126.794650401478,37.5038532008087],[126.7952264003722,37.505290202081],[126.7937451005281,37.505643302981305],[126.7917550984671,37.5046190010535]]],[[[126.6284486988043,37.645803199973],[126.6289378999392,37.644553699419106],[126.6290845011392,37.645321600836205],[126.6284486988043,37.645803199973]]],[[[126.75608179918271,37.5857982989096],[126.7584514015451,37.5842583987525],[126.7584816008593,37.5857647999997],[126.7592462008489,37.5859339006127],[126.7571290004507,37.5853405012011],[126.75608179918271,37.5857982989096]]],[[[126.8163424977767,37.6166111989969],[126.82091890210499,37.6154452992895],[126.8186825022453,37.6161667017151],[126.8199541998186,37.618680601531096],[126.8163424977767,37.6166111989969]]],[[[126.8412027982276,37.568034700217],[126.84217790053799,37.5679744996911],[126.84127290089461,37.5684941005436],[126.84145850050851,37.5693579009237],[126.8412027982276,37.568034700217]]],[[[126.82238739882949,37.6108194999885],[126.8240690997178,37.6108659981945],[126.82447450327989,37.6108660019965],[126.8240690992485,37.6108660010615],[126.82238739882949,37.6108194999885]]],[[[126.67517119868299,37.5857456988312],[126.6758126004504,37.5853610985453],[126.6760791016921,37.5860694004815],[126.67517119868299,37.5857456988312]]],[[[126.7936106978029,37.58109909937831],[126.79463230180791,37.580977399667205],[126.7941893992812,37.5812612026355],[126.7936106978029,37.58109909937831]]],[[[126.8241808988634,37.5535400991248],[126.82452049996071,37.552883899429794],[126.8248822998378,37.5533916011522],[126.8241808988634,37.5535400991248]]],[[[126.8435762997821,37.6126206002621],[126.843576299932,37.6126205995519],[126.843576300829,37.6126206003665],[126.8435762997821,37.6126206002621]]],[[[126.86504899928,37.5260369001071],[126.8651633009148,37.5260198990522],[126.86516330062791,37.5260199003359],[126.86504899928,37.5260369001071]]],[[[126.79711059962659,37.5013393007415],[126.7971105972491,37.5013393005182],[126.7971930005528,37.5013365999814],[126.79711059962659,37.5013393007415]]],[[[126.90279219976469,37.5334764001114],[126.9027922007719,37.5334763999985],[126.9027922000214,37.5334764008324],[126.90279219976469,37.5334764001114]]],[[[126.62645189966591,37.5562262995041],[126.626451900483,37.5562262989615],[126.6264519009984,37.5562263030048],[126.62645189966591,37.5562262995041]]],[[[126.8089474995713,37.6317545998859],[126.808947500683,37.6317546001694],[126.80894749988221,37.6317546011367],[126.8089474995713,37.6317545998859]]],[[[126.8115171993468,37.485328199661595],[126.8115172006729,37.485328199342],[126.81151720009049,37.4853282005804],[126.8115171993468,37.485328199661595]]],[[[126.9016460998226,37.5748525002138],[126.9016461003702,37.5748524988251],[126.9016461006179,37.5748524999088],[126.9016460998226,37.5748525002138]]],[[[126.7284688995141,37.6309082009136],[126.72846890114809,37.6309082000072],[126.7284689008681,37.6309082010274],[126.7284688995141,37.6309082009136]]],[[[126.797235298769,37.503065599737],[126.7972353007077,37.503065600655],[126.7972352988931,37.5030656015963],[126.797235298769,37.503065599737]]],[[[126.79677799964891,37.5812023000949],[126.7967780001816,37.5812022991959],[126.79677800029211,37.5812022999719],[126.79677799964891,37.5812023000949]]],[[[126.6859477996005,37.6478129997859],[126.6859477999237,37.647812999639896],[126.6859478000667,37.6478129999841],[126.6859477996005,37.6478129997859]]],[[[126.8300063998337,37.554549900182195],[126.8300064005097,37.5545499000364],[126.83000640042471,37.554549900441295],[126.8300063998337,37.554549900182195]]],[[[126.85746739963841,37.5660898998851],[126.8574674007998,37.5660899000318],[126.8574674000648,37.5660899004379],[126.85746739963841,37.5660898998851]]],[[[126.7964663996663,37.581487200495],[126.7964663999605,37.58148719981],[126.7964664003036,37.581487199984394],[126.7964663996663,37.581487200495]]]]}},{"type":"Feature","properties":{"interval":60,"stationId":"5340688293"},"geometry":{"type":"MultiPolygon","coordinates":[[[[126.5997757966114,37.6495053003461],[126.6022263000958,37.6472943983309],[126.6045956991861,37.647491799814496],[126.60486999850181,37.645457200246504],[126.603054299387,37.6446521001998],[126.60430599825679,37.6424761019599],[126.6018427979082,37.6421185006821],[126.6039780973024,37.6376826007533],[126.6016208991655,37.6339776993416],[126.6020593998081,37.634420898252],[126.6050254994866,37.6327020985778],[126.6055212016359,37.6300094969399],[126.60544260282191,37.630845298999596],[126.6079088003557,37.6320990977458],[126.6091225006351,37.6306643979848],[126.6129240968335,37.6303123983368],[126.613505300183,37.6290602965722],[126.6183107009864,37.6293935979741],[126.61838690082091,37.6316868997892],[126.6191911001052,37.6318797996692],[126.6235958957004,37.63120900034],[126.6235383980276,37.6297653964988],[126.6273158991112,37.6295211970876],[126.6277023995876,37.627203396962],[126.6300143991583,37.6269112965967],[126.63098020023,37.6245421983596],[126.631643701784,37.6267430984487],[126.6351175019366,37.628076797817705],[126.63759149910099,37.6314473960512],[126.64199069885609,37.6278563955732],[126.645773797736,37.628510597029496],[126.6494561976103,37.626199497589596],[126.6489059981605,37.6241699996191],[126.6498858980576,37.622660100573],[126.64936709920491,37.6218253975356],[126.652793000462,37.624650998735],[126.6539360029053,37.623923996783205],[126.652793003609,37.624651001186],[126.65521990118211,37.6295588962781],[126.6578491985528,37.6276368982001],[126.65794080215471,37.6265800956909],[126.6637105029665,37.6284655947154],[126.6680256986513,37.627445995735],[126.6688604978165,37.623855599325395],[126.66845280018809,37.621971198839],[126.66919140051121,37.6233177975212],[126.6719759998592,37.6221526969191],[126.67293730293571,37.6242230948362],[126.6774738983991,37.6198945991647],[126.67707340124849,37.6250953954955],[126.6807463975755,37.622870897720006],[126.68289279542911,37.6153413052496],[126.6796891989365,37.6143628005774],[126.67873299989269,37.6147767001635],[126.68051299877301,37.6129904005789],[126.6790766002094,37.610729402839894],[126.67404730109399,37.611617903573496],[126.6661182030297,37.611697802728],[126.65821910106139,37.615079900968695],[126.6583564996389,37.612289802855],[126.6570436009518,37.6122473028975],[126.6554688995211,37.6146719063621],[126.65317430181571,37.614921006113],[126.65202619660569,37.614769099247994],[126.6501795984523,37.6124082016089],[126.6471368990304,37.6112750019275],[126.64489290000971,37.6134773003826],[126.6412554967588,37.6129995035883],[126.6409888995498,37.6123771997486],[126.64190589959709,37.6130752991034],[126.6436061982094,37.6109694980059],[126.6427951990204,37.6089647000107],[126.6408348009808,37.6072269017485],[126.6384292015999,37.6082757018468],[126.638175199464,37.610315301401904],[126.6386157966997,37.6071316013891],[126.63465679643521,37.606397302000694],[126.6333893977026,37.6040971043009],[126.6294799016121,37.6049263034717],[126.6267044996232,37.6040256035011],[126.6231179987661,37.6052139013565],[126.6228489990638,37.603805899020095],[126.6252358974491,37.6030057003062],[126.62541199727299,37.6003737029382],[126.6206716991565,37.599792301657],[126.6194802985845,37.600707399717194],[126.622148097959,37.598195700384096],[126.6194997006074,37.596543002036796],[126.6141763038469,37.599996800487],[126.6139389981518,37.6014926061509],[126.6118267981324,37.597847700144904],[126.61331489772641,37.5956215015394],[126.61157469832061,37.5940325011426],[126.6117020965815,37.591758999295905],[126.6132539001497,37.5894190984771],[126.6150817999778,37.5902044976501],[126.6185823969532,37.58623149648189],[126.6185860028176,37.586996599332096],[126.6213987000049,37.5878781984505],[126.62481010081781,37.5881968991243],[126.6280093976185,37.5874344998867],[126.6236216989164,37.5851865011813],[126.62343020007201,37.584057694874105],[126.628009398979,37.5874344975893],[126.6300037996954,37.585903197488896],[126.6320136990006,37.587577097550195],[126.6364635990097,37.5875365995238],[126.63867900132689,37.5854597896514],[126.6392285082093,37.5856091955142],[126.6389027032176,37.5874541005652],[126.64080990131039,37.589385298634],[126.6421530999672,37.589565698453605],[126.6433519040859,37.5882688928545],[126.64727290016491,37.589156891966496],[126.6511865991829,37.5830869956788],[126.65536419796999,37.584887696858004],[126.658436194898,37.5829323988133],[126.65552789892699,37.5793965978007],[126.6569082018334,37.5795251994467],[126.6584362003054,37.582932396039496],[126.6597943989472,37.5792487997231],[126.6625624986531,37.5803706981913],[126.6632609984459,37.5742334009866],[126.6603381973994,37.572790599935],[126.66336629972301,37.5716125981027],[126.66365550015111,37.5732715982117],[126.6646167991898,37.5711538003295],[126.6636436997502,37.5674842992258],[126.6672872006867,37.5705407998633],[126.6687204995103,37.570510998780705],[126.6696335985972,37.568390900900795],[126.6645337999231,37.5655594004483],[126.6609443022643,37.5675524999602],[126.6630837995691,37.568580500619206],[126.6609443002556,37.567552501448795],[126.66069139869461,37.568387901270896],[126.6609442978656,37.5675525012618],[126.65370169829279,37.559479299596596],[126.6541939997952,37.557197199148],[126.6554684993889,37.5562153002896],[126.6543381992246,37.555178800014],[126.65367119888201,37.551752200056505],[126.6528861992539,37.5511938995051],[126.65447869943159,37.550637199596494],[126.65521609891411,37.5487944996975],[126.6545509990904,37.548128398961204],[126.6554942982193,37.548239998795],[126.6564812965361,37.5407430022536],[126.6573936995336,37.54079689985959],[126.6559008998862,37.5404773000569],[126.6574688994422,37.5389075000058],[126.6571578995001,37.5380939995924],[126.6592636997939,37.5380582995417],[126.6596270994305,37.53746000014],[126.65884609953281,37.5369527000003],[126.6596150999642,37.5359915999675],[126.6617557015554,37.5358916986121],[126.66308620032099,37.5382268979497],[126.66514250220351,37.5383058979186],[126.66755309979291,37.5398696963548],[126.669626898155,37.537915198315304],[126.6695542962548,37.5348072985817],[126.6659125998965,37.5331461002429],[126.66592629991139,37.532077100773],[126.6636175997384,37.5322728009765],[126.66259609910921,37.5303281008476],[126.6596225997273,37.529889500151405],[126.6612186995258,37.5298064991814],[126.6617773989671,37.528969800018096],[126.661027999577,37.5273366006028],[126.6583461000656,37.5260180016459],[126.6558682989341,37.5264612007429],[126.65837430168571,37.5257059970498],[126.660558999501,37.526444796311],[126.66258299762539,37.5248140978343],[126.66209549701571,37.5205409000046],[126.6576104997337,37.5180898003851],[126.66226249920919,37.5174530988259],[126.6614602995311,37.4991895000026],[126.6646035993096,37.500442296135006],[126.6665447973684,37.499202297375],[126.66739219878029,37.4964694975715],[126.6696225983266,37.494698598891],[126.6694575984916,37.4917632018264],[126.6677660001832,37.4908858027038],[126.6668138011354,37.491518302071306],[126.664426599135,37.4899530008428],[126.6643610991911,37.488306700718404],[126.6630331987662,37.4883407999692],[126.6643267999594,37.4874296989574],[126.6676098966763,37.488174998212095],[126.6681395974859,37.4848238969073],[126.67094109593059,37.484684196250896],[126.67448490012839,37.4817822989381],[126.67570199891131,37.482571398149],[126.6769256976876,37.481677999042404],[126.6763348984264,37.4765783017261],[126.674675399573,37.4770422010281],[126.6744553980641,37.4734275999511],[126.6762179990101,37.4729136991636],[126.67556089960419,37.472115399669796],[126.6759985991154,37.471051100550795],[126.67509729989021,37.4712207999513],[126.6769722987882,37.4699690002209],[126.6766886987874,37.468967800155504],[126.675430899208,37.467398701208495],[126.6736220992958,37.467553900066996],[126.6740690989647,37.466749600445],[126.6733324997013,37.466153601041],[126.6712740010746,37.4671956004902],[126.6713718990884,37.4677843007581],[126.67127399898419,37.4671956006774],[126.6701543988194,37.4673138003543],[126.67011499973489,37.465152100772094],[126.6686988006754,37.4645286014342],[126.6687918996499,37.4665381004858],[126.6678862985551,37.465181699560304],[126.6700550004829,37.4632517987052],[126.6707025004972,37.4634095996504],[126.6701921004548,37.4646647991014],[126.67161909902781,37.4647950989711],[126.6718735999382,37.463520699076895],[126.671619101414,37.464795099401506],[126.6757133002566,37.466634398627995],[126.67707259941331,37.4656319994358],[126.6771848009856,37.4665279987886],[126.6792082996095,37.4655041991592],[126.685485399743,37.464692299149],[126.6882766997823,37.4631835989365],[126.6882150997777,37.462112198954],[126.6896433999105,37.4610231987473],[126.6905696999101,37.461562898882995],[126.6912295992502,37.4606305998153],[126.6912702982167,37.4583447004902],[126.6885669991971,37.457961500045506],[126.6894359992243,37.457157399531],[126.6929427005723,37.456913798991],[126.6945058004349,37.4560323986836],[126.69529459985489,37.456534999576704],[126.6973835993109,37.4552221985158],[126.6988510994557,37.453203600025404],[126.69875549955131,37.452130101098895],[126.69812409956751,37.4511051010836],[126.69643989946181,37.450769300462],[126.6963383992153,37.449703199696],[126.6979424997797,37.4488674993977],[126.69753809952171,37.4468518992834],[126.6986553994713,37.4467528989884],[126.6979707001434,37.4446668009881],[126.6970872990213,37.444474600106],[126.697820098954,37.443581700479406],[126.6974294988909,37.4426200000803],[126.6963414998154,37.442268499682896],[126.6973327995396,37.4418718998838],[126.6969083997774,37.441024999831406],[126.69816489850139,37.43895110056],[126.69642399937479,37.434129000763896],[126.69511879842341,37.433672699916805],[126.6978692994492,37.434173198651195],[126.6985771997243,37.432134599056894],[126.69786930329829,37.4341731990327],[126.6985918027856,37.436225099722805],[126.6982557013562,37.4396169993344],[126.6997370012966,37.439848299081405],[126.7001839019427,37.4430524990587],[126.7033845006069,37.4431235996306],[126.7029915993149,37.4437394008767],[126.7019727003338,37.443221901394196],[126.7018452001755,37.4454928994633],[126.7075364003352,37.449019898890405],[126.7044177009538,37.4499178005043],[126.70457740079411,37.4508936995284],[126.7053394000902,37.4509160006601],[126.7044518993727,37.4510076004174],[126.70400479981981,37.449942001483],[126.7027205011041,37.4511416002834],[126.7028497009749,37.4521981992268],[126.70564229985129,37.4531336989111],[126.7071411004421,37.457424198907496],[126.70999000149341,37.456809997665694],[126.7098168016228,37.4590238006059],[126.71086150057809,37.460558899070804],[126.71308790107821,37.4606914983057],[126.7145475000729,37.4617075990319],[126.7151704008817,37.4612118997833],[126.7171096012307,37.462581899389804],[126.7161387008631,37.4637905006458],[126.7173383002847,37.465865799740804],[126.71684670060691,37.4667236002054],[126.71504990117519,37.4670578002217],[126.7148256013995,37.468107699171796],[126.7199397004807,37.472711599576996],[126.7208761013378,37.475850301105396],[126.7199415013853,37.476533100340994],[126.7196117017151,37.4806764961976],[126.7246590001309,37.4806695987392],[126.7266129994261,37.479609097189396],[126.7283363004043,37.4824542995376],[126.7296821993541,37.4825620997347],[126.7296070020076,37.480636493101905],[126.733251201073,37.4845864988864],[126.7351730991511,37.4850967983761],[126.7350298991188,37.4836680994551],[126.73691769888791,37.4824307979648],[126.7392657013436,37.482729496953496],[126.7415644000222,37.4817653977334],[126.7448403978709,37.481684298074796],[126.7454087973025,37.4805862991728],[126.74396579874549,37.478867900891196],[126.7431505995607,37.4790177007414],[126.7445447991335,37.478454399434796],[126.7449484997184,37.477397499463805],[126.7513026002233,37.4787377978707],[126.7523164992094,37.476692499916],[126.7518136990129,37.4755842963724],[126.7541339003683,37.477134797513],[126.75978579471641,37.476620598027196],[126.76549059632771,37.475117394785705],[126.767438898561,37.4717215983284],[126.76984500076921,37.4729339988744],[126.7785005954918,37.4717542971964],[126.78242799945019,37.4671090987773],[126.7823556998287,37.4657602996025],[126.7844266988903,37.4661506993561],[126.7838477991263,37.4610713036344],[126.77999699879399,37.4577186034462],[126.77758749696369,37.458138900722],[126.77786309524481,37.4568654956612],[126.7812382993281,37.45463120019],[126.7804161983354,37.4509789008305],[126.7746130984948,37.4499966025301],[126.7745054977459,37.4480870011165],[126.7710793011721,37.4467588024447],[126.77056209765841,37.448262703058504],[126.7710792980655,37.446758800740795],[126.77028009886469,37.4439771035225],[126.7680749979712,37.4431940000404],[126.76926610164429,37.4414222983817],[126.7747081977094,37.44024379916],[126.77470129810631,37.4370980004225],[126.771188899286,37.4357964022175],[126.7707873994287,37.4343297015061],[126.7698499976324,37.4347777004382],[126.7711464989114,37.4335358985873],[126.7722984994806,37.4342099976571],[126.7735855981935,37.433785098082],[126.7739196978594,37.4328091990579],[126.77335579842331,37.43032200154509],[126.77051589930221,37.4286345991951],[126.7735006991799,37.427703298373494],[126.7741678007031,37.4298211989547],[126.7786770005814,37.429775699241404],[126.7791664008617,37.4314021978875],[126.78144689858121,37.430923898365805],[126.781124300115,37.4296297972654],[126.78386589737339,37.4289686979265],[126.783423297816,37.426348100547095],[126.7851322992967,37.4258770996572],[126.7855500988789,37.4248092007251],[126.784057098772,37.4250578002977],[126.7852584982609,37.4234083983166],[126.7868613004814,37.4263463979871],[126.7897863997645,37.426104498348],[126.7929377024128,37.4241640993761],[126.7956612996892,37.4257882977519],[126.7972523009359,37.4309725979673],[126.7998812983069,37.4299213990185],[126.8012675013281,37.430410200085596],[126.8011933000756,37.4338360992655],[126.80487750031891,37.4347761984516],[126.8049093004649,37.4355046992737],[126.807328000201,37.4354336997526],[126.8066083002712,37.436374099878805],[126.80732470042379,37.4369097990484],[126.8070060004955,37.437944499320004],[126.8082079002718,37.4386250999322],[126.8084426016339,37.4423515984706],[126.8108443017276,37.4425167013752],[126.80890000128929,37.4433334998135],[126.8090217017854,37.445767498314304],[126.8135027013999,37.4459884993631],[126.8098492021857,37.446514700158204],[126.8107708012641,37.4497106969622],[126.81292659979209,37.451895903337],[126.8104952022235,37.4504925047404],[126.8065729061458,37.453327201905694],[126.80880120391751,37.4584609967719],[126.8114944012243,37.4600299952029],[126.8134074993112,37.459180896052],[126.8150754025513,37.4608318989212],[126.8148441000364,37.461696700568694],[126.81431619930109,37.460934101257905],[126.8126599009574,37.4613715008205],[126.81333530060661,37.466296698414304],[126.81470470197189,37.4667539005746],[126.8141224020991,37.4686049021968],[126.8154339007876,37.4720601987415],[126.81716639905511,37.471987498814194],[126.8186118998182,37.4702415994506],[126.81943480012809,37.470534399703496],[126.8186119004111,37.4702416008219],[126.81716640185661,37.471987499076],[126.8176493013737,37.474247496816],[126.8207396989581,37.4737447974614],[126.821938998504,37.4716877979104],[126.8245784000405,37.4698676997521],[126.8236065008349,37.4701919001508],[126.82458410177429,37.4710490004535],[126.8246761016823,37.4732416982608],[126.82381680207091,37.475702399081705],[126.8276176027199,37.4782446948163],[126.8262461044855,37.4816247977032],[126.82703190369969,37.4833195960084],[126.8305117007993,37.4849576949153],[126.8333788983666,37.4826397969012],[126.8358860958594,37.4821045974364],[126.8385784987245,37.4796243996228],[126.8383887987884,37.477405097782295],[126.8401462987981,37.4766419998354],[126.84000399985749,37.474764298900894],[126.8419194029858,37.475044899372904],[126.8428377020675,37.476634197783596],[126.84581819908699,37.476539197878594],[126.8458367990684,37.4743277000901],[126.8484628981642,37.4725879996247],[126.848309799786,37.4688860994922],[126.8489914000083,37.4695964991012],[126.8494548001605,37.4686730996485],[126.85190539889331,37.468862199802295],[126.8520856001648,37.468040299082396],[126.8519054007281,37.468862199322594],[126.8533040998305,37.4695453987785],[126.8538697998782,37.4687018994554],[126.8546888007923,37.4718234988676],[126.8571024017488,37.470461997946195],[126.8583737024751,37.4719366984529],[126.8608945999542,37.4722224981671],[126.8614695007018,37.4709347983891],[126.86448309968,37.4717940992014],[126.86514249894391,37.4706699999605],[126.86416949942951,37.4695667998013],[126.8648840995967,37.468954599567205],[126.8648084994064,37.467374499821396],[126.8659305005449,37.4692935999575],[126.86717609946159,37.469630799532496],[126.8673129991535,37.4677112003875],[126.8665493991789,37.467219799667],[126.869065300286,37.4660325993721],[126.869609801939,37.4683834992086],[126.8723608990489,37.4695110988002],[126.872944800195,37.468681699455495],[126.8729133004191,37.4697197991587],[126.8742704995819,37.4691332991716],[126.8743043004283,37.4704631998059],[126.8754966012643,37.47058959913959],[126.8774348013588,37.4725627982923],[126.87609430115201,37.4723853013542],[126.8766941999437,37.4747433996747],[126.8825372995986,37.4761500967482],[126.8848771009928,37.4729459977436],[126.8863698011706,37.4770308980967],[126.8880553011395,37.477899899312696],[126.8862544005888,37.4772785013262],[126.885290201553,37.4782194003853],[126.8854678013754,37.4812134973912],[126.8888928000461,37.4798208988048],[126.8904625007289,37.4804675999835],[126.88961070074181,37.4816973998657],[126.8907899995625,37.4819275996355],[126.8912350999563,37.4809963994547],[126.89141030099971,37.4820972993327],[126.89348770067069,37.48232179822],[126.8945040008161,37.4849833012847],[126.8925114013589,37.4859206010475],[126.8931194010317,37.488170599145796],[126.8945781995729,37.4896781976382],[126.8950979990531,37.4875258997905],[126.89598980124019,37.4880032989667],[126.8975357003263,37.487308199678004],[126.89920000002999,37.4887799989426],[126.90024980012319,37.487988899247895],[126.9009197008537,37.4890008999627],[126.9005260009271,37.4899565996031],[126.90196480033511,37.4904393997338],[126.90247630108931,37.4916919998208],[126.9016332010803,37.492722100395],[126.902423200817,37.494116599950196],[126.90079610092009,37.4937560006407],[126.90324820088739,37.496432899755604],[126.9043836997519,37.496373299815204],[126.9058965005663,37.4947593984745],[126.9066578998049,37.4954323978015],[126.90872259872691,37.494840798060295],[126.9089393985101,37.494106698794404],[126.909482099895,37.494873398971606],[126.912489700407,37.4939436990808],[126.9128481007004,37.4954745983624],[126.9147269988215,37.4947360991009],[126.9145716976435,37.492188299230705],[126.91289469932049,37.490077201341805],[126.91173709889749,37.490430101019],[126.9111266995079,37.489685601763505],[126.9084767996949,37.4912455005542],[126.90781819959649,37.488576101694704],[126.9063135993638,37.4902382004971],[126.906732599243,37.4894465004257],[126.9050926994084,37.487153400902294],[126.90594659903559,37.4863985006213],[126.9055382982829,37.4852921991556],[126.9075982992145,37.4863587989829],[126.9075853994406,37.4836573983277],[126.9090660001428,37.4833114995025],[126.9102270996747,37.4840066985875],[126.9114265996131,37.4819229991742],[126.9123872000348,37.4815007998481],[126.9135066989153,37.4823047990441],[126.9140173986877,37.481034899287394],[126.9152112003208,37.481258998549905],[126.9168283994021,37.4829220991271],[126.918257400534,37.482427199703096],[126.9177102012077,37.4830803002304],[126.9190708010678,37.485058899412095],[126.91840690138389,37.486165999742596],[126.9196553001355,37.4864101994984],[126.9208073000689,37.4888360987338],[126.9218379995623,37.488141399827605],[126.921485499509,37.4876800994552],[126.923767299161,37.4866561998409],[126.92255549922591,37.48261019984751],[126.9246936995122,37.4824680991263],[126.92458479973561,37.481662699530204],[126.9263846996119,37.4800428994043],[126.9294107993517,37.479080099691096],[126.9292475995797,37.4778993997935],[126.9302193991901,37.476886000062],[126.9324479989307,37.4762868996441],[126.93303739934821,37.4739291994891],[126.9322373001483,37.4725682008501],[126.93197529930521,37.4734791001265],[126.93107829872649,37.4713968007592],[126.9347374005335,37.4695932995876],[126.9376776002289,37.4710021004377],[126.9369063010002,37.4710923003475],[126.9368897002077,37.472240400043894],[126.9360684006641,37.4723509002425],[126.9351273000623,37.474017700504795],[126.9325064009872,37.474049200769706],[126.9323795011141,37.476024698794205],[126.9345892989043,37.4759926988262],[126.9352837006844,37.4749103993626],[126.93877880063299,37.4772675994192],[126.93894560026139,37.4778550003604],[126.9377738007969,37.4783739999118],[126.9388667001388,37.4795553994108],[126.9431874000755,37.478957199540005],[126.9476981001221,37.4817049999889],[126.94492330037549,37.4842673006103],[126.943068600722,37.4843733005181],[126.9430571004132,37.485418900497],[126.9425781998363,37.4845338003703],[126.9408313997879,37.4851493004996],[126.9378561998062,37.4841229005707],[126.93624010042831,37.4846009005217],[126.93651630030949,37.4854772002231],[126.9352720998652,37.4869444007954],[126.9342029003208,37.4868982009085],[126.934608401194,37.4905516988828],[126.9331705007815,37.491126800131006],[126.9337774005306,37.492598100028104],[126.9326859002329,37.4932303004696],[126.9329308006231,37.4944805999391],[126.9320480003223,37.494590200412595],[126.9328019004656,37.496411100079605],[126.9316434003884,37.497075100386205],[126.9316187004131,37.497985499475796],[126.93319380017219,37.4973640997124],[126.93345240008519,37.498223599699806],[126.9350175003997,37.4985197999363],[126.93525010016711,37.4995028989532],[126.9372373997808,37.4981289993894],[126.9410023995566,37.497897399457],[126.94182740046699,37.4985121991633],[126.9435549000763,37.4974004993865],[126.9460127003633,37.4981251999994],[126.9454106009414,37.499118999905804],[126.9467783003181,37.5000060990832],[126.9480174990789,37.4990935999957],[126.94732309983111,37.4981576999928],[126.9481509991728,37.497984899775496],[126.94926119980789,37.4954947993441],[126.9510288989942,37.4955070992883],[126.950679699954,37.4946215998833],[126.95229539997379,37.4951589990483],[126.954169898717,37.4916486998534],[126.9532340998482,37.4910703992254],[126.95491759998511,37.4920863986125],[126.9565425998644,37.4906978998504],[126.9561006004382,37.4911927000233],[126.9582104006264,37.494451999671],[126.9609436013585,37.4947589989345],[126.9588268996238,37.4961613005058],[126.95863599957259,37.4949792009545],[126.9568797001009,37.496175800186805],[126.956498099954,37.494870100607],[126.9555127009394,37.4951665003106],[126.95561010044901,37.4977701990521],[126.9573397000815,37.4974236000353],[126.95361950282211,37.4995806008793],[126.9546992025969,37.501165202205506],[126.9543426008927,37.504641200006304],[126.9536060003363,37.5048142001991],[126.9538170001253,37.5068434981698],[126.9554655002804,37.504924699346894],[126.9573214002987,37.504484599875],[126.9581258997205,37.505100799309],[126.96088709692539,37.5037302005406],[126.9602942967005,37.5009688984011],[126.96088710177459,37.5037301979941],[126.9619801006816,37.5039298977944],[126.96806069623989,37.5014516003906],[126.9679113982162,37.4977468989537],[126.9688991002501,37.4965873992288],[126.9724685006916,37.4956728977902],[126.9755975009802,37.4985712978578],[126.9772234000951,37.498575798019],[126.9787202005682,37.4966830978042],[126.98051249877591,37.4971903972969],[126.9817352975531,37.495042699444596],[126.980987298449,37.4921737006471],[126.9790943997716,37.4925213007772],[126.9775773989024,37.4902752012144],[126.9751735995173,37.4896664999453],[126.9753289989517,37.4877500005312],[126.97655929843981,37.4867954006924],[126.9767549994059,37.4831496995372],[126.9804097996512,37.4812060000127],[126.9779247994278,37.478427100449196],[126.976327000216,37.4784147008652],[126.9768864993385,37.4766430005452],[126.9761310992895,37.4764462003384],[126.9768864994424,37.476642999179404],[126.9780464999412,37.4739974996196],[126.97864750007149,37.4744300992167],[126.98116609952659,37.4729792988794],[126.98231279906041,37.4732214993638],[126.9827230000701,37.4722620998412],[126.9825868004678,37.4731094990671],[126.9847799007224,37.4759263979371],[126.9872568012564,37.4754984996722],[126.9863202012551,37.475748700415295],[126.9862940000633,37.477882000647604],[126.9823864002441,37.4813702999965],[126.9840998007161,37.4826848999876],[126.9842397005762,37.483891898780605],[126.9872836995149,37.485969897581],[126.9885969982016,37.4861539973969],[126.99263349930649,37.483124099715894],[126.9961643996996,37.482322699291196],[126.99629659956669,37.481028699296104],[126.9992240004826,37.4812759992688],[126.9961644014947,37.4823227002869],[126.9984275002718,37.4848236981561],[126.9987493006287,37.4870996986898],[126.9998061016678,37.4869875985098],[126.9996400003996,37.488391403117],[126.99671860203189,37.4904262002755],[126.9976533003417,37.4916313006147],[126.9963102003879,37.4910277004744],[126.994854100325,37.492080800315996],[126.9934976002604,37.4918421007453],[126.9909495010712,37.4938124003458],[126.9905446014761,37.494551799606405],[126.9920728017883,37.4951163991087],[126.99277820114611,37.4966125989503],[126.9950275994404,37.4961073990438],[126.9954525001305,37.4939883994589],[126.9992800005039,37.4949099995942],[126.9993975005125,37.495995898834096],[127.0012187000863,37.4967076991825],[127.00173220010521,37.4960127991948],[127.0024842002465,37.4979590990623],[127.0044602996727,37.497032799186],[127.0076559982668,37.4971921997307],[127.0076516984508,37.494190201314396],[127.00625239953679,37.4942331003925],[127.00672439802929,37.492802600476594],[127.004273497911,37.4905607996307],[127.0057047995826,37.4910411986287],[127.00681509942869,37.4893444994348],[127.0077369994846,37.4900097995204],[127.0082199003667,37.4890529992503],[127.0096680003657,37.4895075992426],[127.012498500236,37.4883426994576],[127.0133121994223,37.4888741989261],[127.0139582987762,37.4881671996331],[127.0129865993341,37.4872730998049],[127.0129579996167,37.485747900787],[127.01122529919661,37.4840377998406],[127.01477539969271,37.4818729994062],[127.01799829909861,37.481968099207606],[127.01869540224669,37.481267699155296],[127.0188411013561,37.4828262006252],[127.0200936008057,37.4835919004502],[127.0206803002794,37.485328199505695],[127.0216059007542,37.4854838999825],[127.02117130066891,37.4863367007774],[127.0203614000114,37.4854268015236],[127.0196050007678,37.4858535010969],[127.0197821005907,37.4870007999496],[127.0189726003328,37.487809900860704],[127.0159232006784,37.4886999002084],[127.01672830060879,37.4893779000213],[127.0158361015024,37.490663900293704],[127.01703950029899,37.4913691995884],[127.0190703998627,37.4909644988095],[127.0189901005859,37.4933326995286],[127.0208286005252,37.4947835001435],[127.0195290011202,37.4944069008107],[127.0183686002491,37.4962008001621],[127.016171800106,37.496144100648905],[127.01593160085031,37.4972040015558],[127.0127797010946,37.498362400054496],[127.0141628998857,37.500038099402296],[127.0146701002535,37.499544399528496],[127.01539720032069,37.5009872990698],[127.016997899784,37.4993730993867],[127.0189808000001,37.5002671993861],[127.0201142989582,37.5001549994458],[127.0205068992008,37.4990163995463],[127.0222706005112,37.4995373984],[127.02508659935279,37.4972560996649],[127.0258705993962,37.497587599442504],[127.0264919991901,37.49627409974],[127.0258544995054,37.4954648991014],[127.0271141996145,37.4949095989754],[127.0285414994779,37.4955415987586],[127.0284791995402,37.4944510998491],[127.0293591003091,37.4944577994765],[127.02811340128649,37.497192899423304],[127.0308263000701,37.499024899858],[127.03141650060151,37.5003418995599],[127.03307419997171,37.5007300989899],[127.034624000232,37.5037224994989],[127.0357109001928,37.5034743995658],[127.03510140106721,37.5047392988837],[127.0366939004182,37.5052857986387],[127.0379107002893,37.5069696993938],[127.0417857998381,37.5062730989536],[127.043775199922,37.504236899635],[127.0457332995203,37.505343499009705],[127.0467861984674,37.5048127995404],[127.0457172989161,37.5034072991814],[127.0472839986362,37.5038536991367],[127.0476772984185,37.5029824995957],[127.0500370993886,37.5023043977573],[127.0510389008003,37.502625500254304],[127.0519776010409,37.50529880031],[127.05290470182639,37.5058282010636],[127.05197760071471,37.5052988009585],[127.05058430070049,37.5067538010272],[127.0480845012156,37.5071763018801],[127.0467918005019,37.508445200995794],[127.0456553001068,37.5078893007662],[127.0442799015413,37.509270299780994],[127.04777569949,37.5109644984939],[127.0501829993825,37.5112238985912],[127.0508988999594,37.5105117983799],[127.0531823998308,37.5114733989474],[127.05381919995591,37.5103205992528],[127.05557980041901,37.5109201001247],[127.0554319005669,37.5120790989657],[127.05727169952411,37.511773099515],[127.0574823999762,37.5123779994545],[127.0599956974629,37.5123402994922],[127.0611152982394,37.510835298288896],[127.0624064005961,37.5105544988976],[127.0632530010118,37.510819099177],[127.06233140141741,37.5135606974186],[127.0632523004965,37.5138815970977],[127.0646466003994,37.5129495984315],[127.0642439006968,37.5136783993496],[127.0660442003336,37.5151112000724],[127.0617370998899,37.5178158005313],[127.0601291002068,37.5168218011226],[127.05881519899769,37.5171217018344],[127.055445799368,37.5141491011723],[127.0538244009894,37.513913401408],[127.0538853006561,37.5159730996663],[127.0524632994823,37.5157836003142],[127.048982100071,37.5132660008096],[127.0475688004689,37.5145409007372],[127.0465375997546,37.513674700699504],[127.04546140083079,37.5139131004611],[127.0458828014381,37.5146310004367],[127.0435669007551,37.5154735005571],[127.04384800039179,37.517775100742],[127.0405146998047,37.519295800548804],[127.0396212996637,37.5180660999168],[127.0398274993112,37.5166773006747],[127.0389003991274,37.5168466998292],[127.03854229857811,37.515578100266],[127.0400151993279,37.5160507995513],[127.0398299992922,37.5138619004961],[127.03656929932319,37.5108159010359],[127.0359292998373,37.5091828009248],[127.0355622999624,37.5100194004849],[127.0336344001025,37.5099575006226],[127.0329845005453,37.511314899693005],[127.0336669008639,37.5133990995839],[127.0356474003805,37.515579500476804],[127.0344718994441,37.5159333002827],[127.03368120023481,37.514969301246694],[127.03267479947999,37.516589500662704],[127.03173819978501,37.5157540004668],[127.0296412000058,37.516405900311504],[127.028399599548,37.5134102005399],[127.0256431003324,37.5132719007345],[127.0236483008607,37.515557300127796],[127.0245714009914,37.5164184001073],[127.0241405009629,37.5182825003931],[127.0224671999267,37.5190598004709],[127.0211728003257,37.5185392006319],[127.0193958998274,37.5197079004796],[127.017021598667,37.517906101975896],[127.0156671000617,37.5149143007101],[127.010301500135,37.5162968006876],[127.009864299707,37.5154544008054],[127.0070242991286,37.5148277014726],[127.0065849990159,37.5133420011787],[127.0052200987004,37.5132099005191],[127.00250850013491,37.5109819013717],[127.00146250035681,37.512270400047],[127.0047838002103,37.5156073010835],[127.00351490147919,37.5143216023692],[126.9969450993365,37.5122122029018],[126.9968572993708,37.511341101007204],[126.99447550032559,37.5105395018505],[126.9940796994151,37.5088563008921],[126.99179119841699,37.509110207359605],[126.9853333988917,37.5064730006469],[126.98559759893931,37.5049780018238],[126.9822523015825,37.5043262026445],[126.9808113001508,37.5065723082724],[126.9780711013287,37.5054134008368],[126.97439260055731,37.5062430094559],[126.9756016988895,37.505883099784995],[126.9756618988293,37.5050204006477],[126.97440110009009,37.50363750203061],[126.9721374023538,37.5056941999739],[126.9726334005836,37.5061749003479],[126.9673902034879,37.5079641084291],[126.9610049015192,37.5115603081636],[126.9594213030654,37.5181203016167],[126.956001400267,37.519075602724804],[126.9565699990802,37.5175887003308],[126.95495740069279,37.514421503498],[126.9532014000657,37.515338700041504],[126.9514884017787,37.5152049001753],[126.943262210122,37.5210959039393],[126.9524414008975,37.5276223999175],[126.9539828998636,37.5281178997529],[126.9540553000231,37.5274599996056],[126.95471039975439,37.5281234990923],[126.9550972006949,37.5274527991033],[126.9579426978494,37.5318428947132],[126.960113996965,37.5253844999464],[126.9579968990821,37.524588500742404],[126.9586287993282,37.524293199926504],[126.9580565996233,37.5234967004166],[126.9610179997498,37.522527499347],[126.96069289901949,37.5212931997531],[126.96247909949399,37.5222790993522],[126.964720000694,37.522239699492],[126.9659948014356,37.5243119982605],[126.9684857989446,37.522426800145695],[126.96765229853689,37.5214591001714],[126.9687659994742,37.521339998874005],[126.96965559972989,37.5189334994441],[126.9712625997092,37.5182148997775],[126.9708583002883,37.5173804994451],[126.9724792010434,37.518179099411796],[126.97365340094531,37.5178581993933],[126.9741318009534,37.5188442993738],[126.9752281012658,37.5185064995849],[126.9767080003674,37.519825299073304],[126.9784140001095,37.5196416996092],[126.97716770119389,37.5207605994209],[126.9786033998294,37.521279299054406],[126.9807012002341,37.5203219990709],[126.9807663002194,37.5229430002774],[126.9796604002093,37.524075000567606],[126.9781305013138,37.5236320003786],[126.9780383002768,37.525162200207795],[126.9769276993522,37.5235162996252],[126.9779168992602,37.5228559998518],[126.977317499565,37.5217209001247],[126.97503809923161,37.5209403011223],[126.97302450124519,37.5216151004475],[126.97442960038589,37.5225548999593],[126.97244580097251,37.5225521997751],[126.9727332010565,37.5237684995393],[126.9679798012762,37.5271948998531],[126.9687768008534,37.5287904990289],[126.97024600100221,37.5283307000279],[126.9714152998329,37.5301171982414],[126.9734772991468,37.5289831983414],[126.97415309973259,37.5295703988135],[126.9759618997931,37.5269207986182],[126.97739990103689,37.5266332996628],[126.97875240084221,37.5289276002364],[126.9776907005094,37.5292939008271],[126.9770238014972,37.531430900173994],[126.9785811008255,37.5326246994937],[126.978374501028,37.5336479992743],[126.9801473992551,37.533988698933605],[126.9806733994392,37.5317797999839],[126.9801182002013,37.5279685993867],[126.9814068005804,37.5305921994969],[126.9821809998062,37.5305631995259],[126.982125200103,37.529327199649195],[126.9854210002622,37.5326720996008],[126.9831134007727,37.533166900666096],[126.98292979997349,37.533867600503804],[126.9815887005678,37.5329794008141],[126.9808562001909,37.5348856003174],[126.9790473004891,37.534836300673504],[126.9794335002742,37.5363958992692],[126.98060459974431,37.5364258995603],[126.9806401004746,37.5358474996194],[126.9805068005195,37.5379841005533],[126.9803795996837,37.5371388005789],[126.9750161998452,37.5376608003238],[126.9742997002009,37.536743901048595],[126.97436920014229,37.5377882001794],[126.9738390003331,37.5376053005061],[126.9729330012391,37.539570898540504],[126.9743412002999,37.5416696001319],[126.9732891006033,37.5436627004613],[126.9738175002496,37.5457287994564],[126.97510770065209,37.5454798996495],[126.9755001005026,37.5466195985384],[126.9768494993888,37.5457071994779],[126.9804300013269,37.5462699992525],[126.9817434001835,37.54571519981],[126.98230460063971,37.5482843994786],[126.9836511002155,37.548394299783595],[126.98266820057741,37.550178500739],[126.9815699014424,37.550091701024606],[126.98102420198809,37.550953900162405],[126.9819466998094,37.552384900437],[126.9799237005097,37.552519800689296],[126.98062159981181,37.5541311990779],[126.981298100458,37.5536654991564],[126.9817947008567,37.554728099148996],[126.9831888006394,37.5544925994541],[126.983927301164,37.555538399848004],[126.9850798006611,37.5555536001847],[126.9849661007748,37.5564608992774],[126.9858115001332,37.5567981003704],[126.9840971018476,37.5578938992746],[126.98541950052521,37.5584620987064],[126.9861989996886,37.557237199447805],[126.9873107005205,37.5570520991118],[126.9910928997553,37.559753299219096],[126.9932515997529,37.556695099418796],[126.9945145999272,37.5576854991182],[126.9959745003736,37.5576358993086],[126.9970721009244,37.5595562992161],[126.9991842000907,37.5591995999086],[126.999045100901,37.5602903991862],[127.0000555004142,37.560033899509],[127.0024120999516,37.561464199602405],[127.00245889911689,37.5589773004596],[127.0015271000487,37.5592832001537],[127.0015017991933,37.5586116998077],[127.00373159894019,37.5570893999938],[127.0031787997145,37.556487899966],[127.0057800995284,37.554236700034195],[127.00525640003899,37.5536155993352],[127.0063761989192,37.5536416993091],[127.0040546981835,37.5517153995278],[127.0044301983769,37.5486669009589],[127.0025662002409,37.547684001941796],[127.0018499966698,37.548067301887],[126.9993616973236,37.5435455008603],[127.00126989794279,37.5406533013777],[126.9987030005097,37.5401545018765],[126.997732500707,37.5418050002776],[126.9942833999404,37.5407502008313],[126.9917867005514,37.5419550007052],[126.9917120994469,37.5427187009696],[126.990728000431,37.542429301259],[126.98959910059531,37.5441824000309],[126.9900599987649,37.5445589007744],[126.9865393997642,37.5448121004666],[126.9840291997638,37.543547800415496],[126.98481119907049,37.5430161989352],[126.9845803995243,37.5412555997639],[126.985558399924,37.5417417993992],[126.9869864993195,37.5410889999692],[126.98683649963249,37.5348408007076],[126.9846046992441,37.534838299481294],[126.9864517992711,37.534878599238496],[126.9892954998227,37.5328104992717],[126.98889990066621,37.533362799607296],[126.99036609953511,37.5335181992315],[126.9910489991724,37.5320832004207],[126.98992579900009,37.5318174996329],[126.990510799715,37.5318991988646],[126.9914557997691,37.5287291993335],[126.9944783000278,37.5276297995349],[126.9945747017835,37.5283134989182],[126.9962221001361,37.5288768983548],[126.9971962994837,37.5270154992745],[126.9989534996699,37.527139999533105],[127.00238640331261,37.5320903996046],[127.0043222011916,37.533386898832006],[127.0072479002927,37.533619700137905],[127.0050873003266,37.5366566999213],[127.0053989009594,37.5384582015077],[127.0039264001297,37.538819500659805],[127.0044534001864,37.5408233988492],[127.0061726007583,37.5423250997293],[127.0036485022772,37.544275599426996],[127.0057873001384,37.5451120985905],[127.0061235003597,37.544328899697994],[127.0102222003175,37.549617498467896],[127.0125348010392,37.5493719993273],[127.0127804009467,37.550290700439994],[127.0122200996031,37.5496920006389],[127.01089410052491,37.5504244000496],[127.0115824998365,37.5516395988344],[127.0144038014561,37.551646499441],[127.0154697007755,37.5538184993774],[127.014613701282,37.554236300292],[127.0149225010014,37.5555959997448],[127.01406780103581,37.5563260996058],[127.01488000069871,37.5577102993634],[127.0175881005936,37.5583345996188],[127.0169997001925,37.5582771000992],[127.017237400715,37.5595236999891],[127.0160169012883,37.5607519996982],[127.0180785004201,37.561197399026696],[127.0186518993005,37.5598059997068],[127.0200315000364,37.559720199465104],[127.0216635000023,37.5613556990307],[127.0230753005858,37.5612820999163],[127.0210429003288,37.5618796995662],[127.02478620008989,37.561890399659205],[127.0255667004037,37.5633768987192],[127.0267892992417,37.5621964990505],[127.0294875994699,37.562026099642196],[127.0291474994847,37.5606400993257],[127.0302118000266,37.5599900994036],[127.0322793007858,37.5605587989171],[127.0339441000496,37.5591602993669],[127.0356457001789,37.5594773991974],[127.038598100023,37.5582161991481],[127.0387863002707,37.5572257995551],[127.04061360014511,37.5578968998786],[127.0386963006397,37.5592422004535],[127.0380583005839,37.5609613994909],[127.03938750028401,37.5606223997441],[127.04059560027571,37.561805499466395],[127.0401882002127,37.5639725002128],[127.03837640000691,37.5636753014133],[127.0363850998951,37.5649287005444],[127.03697609920711,37.56430549989361],[127.03454670053391,37.563171300659704],[127.0351165003664,37.564019799959695],[127.0342494001156,37.5658174004112],[127.032214600615,37.567343899806296],[127.0323620004863,37.568080700283005],[127.0317231997431,37.5670915012037],[127.0306026999334,37.5677753005168],[127.0303717002668,37.569136799736306],[127.03131720032731,37.5687961001048],[127.03027180000359,37.5694587000571],[127.0286799997497,37.5681819005409],[127.0276885998434,37.5682916999531],[127.0275755991816,37.567248400559095],[127.0260179004042,37.5673477001804],[127.0234808008184,37.5685997004772],[127.0234413008682,37.569785600205904],[127.02197699996941,37.5707458014224],[127.01992250035951,37.5705906013236],[127.0193353008235,37.5718848003548],[127.0199386007983,37.574660000261304],[127.0193502999937,37.5739882003056],[127.0184701997917,37.574956800757505],[127.0175889001124,37.5743857003441],[127.0170567006381,37.5752707004443],[127.01655170016329,37.5747778006177],[127.01661899993101,37.5755339007391],[127.014626700203,37.5751552005588],[127.0143792994155,37.573623000283796],[127.013543800251,37.5734033005035],[127.01305860012509,37.5748380001302],[127.010431400013,37.5758739003534],[127.0102364999808,37.574852200878105],[127.0091919000142,37.5760428002549],[127.0058811001183,37.5751894005268],[127.0049799999791,37.5756100003595],[127.0046343994553,37.574624800807506],[127.0036874004023,37.5748617005706],[127.0041217003668,37.575760200125096],[127.0027616005764,37.5761341007426],[127.00274469944969,37.576829800681296],[127.0008455996914,37.5762644005645],[127.0021525989241,37.5761202994222],[127.00211679895989,37.575143500399],[126.9994569998817,37.5745405007554],[126.998619700719,37.5748702004257],[126.99920900015229,37.575540100366396],[126.99649290073941,37.5761134007308],[126.9966046981345,37.5733619993777],[126.995842198897,37.572014700725],[126.9938401004853,37.572091700561],[126.9912928011011,37.5752462001536],[126.9918818013508,37.577552900903804],[126.9909707006114,37.5777778009412],[126.99117900040311,37.578766999952],[126.9892809002324,37.57935410118311],[126.9882655002471,37.5787369005775],[126.98675870003,37.5804540004367],[126.98672109901099,37.5793403009278],[126.98517220055989,37.579063301204805],[126.9847249003316,37.580209200397796],[126.9831816996223,37.5789289003267],[126.9815107000832,37.578635800536404],[126.98116319997129,37.5791937006855],[126.9809892997939,37.5784031008629],[126.97957000041849,37.5782758011265],[126.9797922995317,37.5799760001655],[126.9791357995296,37.5796877000926],[126.97943669923069,37.5781564006088],[126.9776413999826,37.5787330004546],[126.9771321999172,37.577769000246604],[126.9758035000502,37.5774724002646],[126.9750426001241,37.5774555006475],[126.9751227005882,37.5787136000579],[126.9737780004527,37.5797637009587],[126.9717900001193,37.5786066007079],[126.9712446994466,37.5794612001622],[126.96982230021071,37.5773701006027],[126.9688301998688,37.577492500091395],[126.9684660995301,37.5757880996661],[126.970396099261,37.5759667990565],[126.9698827997743,37.574096600926694],[126.96860380047009,37.5734683015598],[126.9676398008995,37.574056401038504],[126.967691299564,37.5750711004897],[126.9671639994446,37.5737675005232],[126.9661239995119,37.573991300356006],[126.9653642998372,37.5730977002808],[126.9642305007003,37.573111700423595],[126.96345100009361,37.574530400676004],[126.9607543999914,37.5739748004934],[126.960418500085,37.574752500258406],[126.9584700008193,37.574866000402],[126.9587183004897,37.5759560001312],[126.95780789923731,37.576343700651805],[126.95673789918719,37.5753604000437],[126.9579967003498,37.5743408993789],[126.9589678993786,37.5747492989705],[126.959956599784,37.572202300001],[126.9585530003512,37.5711426005463],[126.95845679979139,37.5726964006871],[126.9573087001121,37.570173500962504],[126.9561533999132,37.5712173015514],[126.9571904976992,37.5699478004299],[126.95533639955329,37.5683643020134],[126.950979299686,37.5709678031325],[126.94837939920599,37.5707090025606],[126.94826309968781,37.569082600585205],[126.9473293006216,37.5688017008661],[126.9458313000479,37.571442402074105],[126.94207180036629,37.5705817014117],[126.94033380011821,37.5721390007674],[126.9395289007574,37.5719366009355],[126.9389309007164,37.5731027003024],[126.9400022001156,37.5743201998567],[126.9389556001908,37.5746468000336],[126.9390726003985,37.5755033994515],[126.9402586000008,37.5753890017587],[126.9383026997225,37.5766882011585],[126.9364839999536,37.5766277016061],[126.935959500052,37.5784058002062],[126.9357637000482,37.5776291007353],[126.9350223995169,37.578238800147204],[126.9326349007374,37.5772458002863],[126.9318229004751,37.5790479003955],[126.9307500003475,37.578681700346195],[126.9283930006131,37.580029599878905],[126.92832990063759,37.5811213996959],[126.9293617008248,37.5819850998019],[126.9279501015374,37.5831453990643],[126.92899780128751,37.5842141990945],[126.92732290103669,37.5850268001263],[126.9266525011292,37.5878084016512],[126.92548140011509,37.5879868010663],[126.9256212003879,37.5898999004436],[126.92445720128471,37.5908838996222],[126.9262686017198,37.5913823999133],[126.9273038009355,37.5928954987886],[126.9289823019941,37.5927874989633],[126.9296082018115,37.595619199426004],[126.9316159008251,37.595207598919],[126.9324021003806,37.5970951990118],[126.9353196995488,37.596621399437694],[126.93521629970759,37.595691999457],[126.9384607006768,37.5961442989215],[126.9401932005362,37.5951349993572],[126.940643100337,37.5955744995361],[126.93859140041181,37.5967009001914],[126.9375355028557,37.603974798920106],[126.9422437036243,37.611614899005296],[126.9378827023604,37.6152800013939],[126.9364773996471,37.6154812024485],[126.9353337006355,37.6172728006254],[126.9367586047869,37.6201318985663],[126.94023420418,37.622570402746504],[126.9388806983689,37.6235842027596],[126.93606300118661,37.6230087033351],[126.9339736027047,37.6264879005474],[126.93544660054421,37.627924500208096],[126.9311043999717,37.626194202491],[126.9296442001755,37.6289638005149],[126.9287886996981,37.6279913004744],[126.9280117980654,37.6287560027312],[126.9267296993033,37.6268814007254],[126.9253333998803,37.6273238004841],[126.92571059908781,37.6268562994162],[126.9245050002934,37.625769000503496],[126.9233749001678,37.6259553007889],[126.9229531000691,37.627262500123],[126.9218532008112,37.627277500222796],[126.9207142019502,37.6301845973157],[126.92421309977641,37.6314862993736],[126.92400620043239,37.6324609995841],[126.9258562002174,37.632105699505196],[126.92644750035019,37.632744199961294],[126.9253881007902,37.634131599432],[126.9263437998345,37.6349077986558],[126.9269769000521,37.6334158999993],[126.9270386004742,37.6349781999294],[126.9253660005578,37.635372000119496],[126.92600060071989,37.6357892000841],[126.9253705012224,37.635972000392606],[126.9258818012208,37.6386002008588],[126.9253432992991,37.639788804038],[126.92320800054401,37.6380456029648],[126.9213858023662,37.640814600195796],[126.923050800661,37.6426147002917],[126.9182501005724,37.6440120001734],[126.91885690063289,37.644767799909594],[126.91795160134279,37.6476330987255],[126.9192495017044,37.648615399871],[126.917379800785,37.649260500576695],[126.9181680001127,37.650831800122],[126.91515870148281,37.6504647011798],[126.915600400295,37.6519482000114],[126.913290999954,37.6525749003714],[126.9134440982571,37.6503205018841],[126.9106284992749,37.6512874997667],[126.91344409846931,37.6503204983442],[126.91399629853329,37.6486129997167],[126.9112536987102,37.646546900851995],[126.9119899990927,37.6459581994419],[126.9115558998606,37.6451816996526],[126.9125485998964,37.644253399887496],[126.9141910001133,37.6445437990538],[126.9147194000425,37.6436771997395],[126.9165478000328,37.646004298840204],[126.918007699461,37.6461229988514],[126.9185718988968,37.644845100129295],[126.9163207992807,37.6430663004017],[126.914911299749,37.6431282001928],[126.9158652988357,37.6413494016054],[126.9149082997927,37.6391517038031],[126.9125831978769,37.6374074019372],[126.914097397932,37.6363640997993],[126.9115500992233,37.635855400789495],[126.91135409686899,37.6341704997805],[126.9148604979654,37.6342176986817],[126.9180512987278,37.6324799973753],[126.91915929846,37.630110198576],[126.9190235993619,37.6275672004627],[126.9170874999313,37.6266320006317],[126.9167293995712,37.6270971004917],[126.915725497561,37.6242617026538],[126.9123273005125,37.6243525025543],[126.9116640992669,37.6226416012812],[126.91003689724229,37.6225357993818],[126.9117676994927,37.6218261991315],[126.9125890989733,37.6201067996789],[126.9116926998697,37.6191685006172],[126.9109508993082,37.619568699877604],[126.91168829968639,37.6152960003312],[126.91051169967871,37.6157718004919],[126.9082290995275,37.614932000395804],[126.90867489971819,37.6120199002294],[126.9095848996477,37.6112727000305],[126.90916749966169,37.6100924010368],[126.9062966990554,37.6085949995323],[126.90751699828449,37.606331401051705],[126.9051800002487,37.605247701250796],[126.901705101031,37.605971305441],[126.9019096989296,37.6036983022995],[126.8995596991025,37.6045900017986],[126.9014158975142,37.5982735012405],[126.8998854960372,37.593601702351],[126.8981837972863,37.5931304021419],[126.89960859703709,37.5906997007631],[126.8949385999211,37.5889146023716],[126.8911394013855,37.5898441021649],[126.89025820226671,37.5918185001905],[126.8908813016436,37.5928882991207],[126.8925134029567,37.593183002089305],[126.8906635003875,37.5944484012077],[126.8890803995923,37.594438501641804],[126.888038400398,37.595628500583295],[126.88661380043851,37.5955189007323],[126.8853079017444,37.597369098882105],[126.8868501011362,37.5979684003981],[126.88504800393359,37.5993286002842],[126.8838380006498,37.5979140024598],[126.881472803015,37.5997633006105],[126.8801335986116,37.5983440012665],[126.8785350002102,37.5990812005293],[126.87840130210539,37.601537998618895],[126.8819628013185,37.6044708980107],[126.8838411010256,37.6047306998409],[126.8796490016025,37.606605702261504],[126.8810030008338,37.612411299940796],[126.8792597008381,37.6132865000797],[126.879925100873,37.6140489008819],[126.8787379011095,37.6148132005436],[126.87883170101571,37.6159306994261],[126.8797644003926,37.6159938002294],[126.8785342009949,37.616165800627094],[126.8791163002115,37.617328200411706],[126.87830550016119,37.6173170003712],[126.8784909007992,37.618175299962196],[126.877131301404,37.6199511012121],[126.8756088001088,37.6177378023179],[126.8696395013699,37.615409903240206],[126.86612310346139,37.6152553036742],[126.86367200338279,37.620135100160596],[126.86315999951799,37.619460100938596],[126.8606058020722,37.6192630011357],[126.8607742992058,37.6215755024471],[126.85970999903661,37.6208431986691],[126.8607742993429,37.621575497896096],[126.8603879997292,37.6192780001936],[126.861907897516,37.6174561009617],[126.8622934961774,37.6128716037522],[126.8573492011217,37.6149767016471],[126.8554196015754,37.6135663016151],[126.857398901072,37.6158415007823],[126.8566191013911,37.6166784001214],[126.85858899995429,37.619400201482],[126.85555240040269,37.6201559015816],[126.8540266008692,37.62233780087929],[126.8540796001035,37.6239690001523],[126.8540265999745,37.6223378015836],[126.8524910015101,37.622693701227696],[126.8524326015836,37.626295601389096],[126.8497998021009,37.626413303099106],[126.8485266032818,37.6286982009483],[126.8469884027576,37.629713700817504],[126.8486846991729,37.632298703077],[126.8463956980379,37.6280058027276],[126.8443336001,37.6272952034382],[126.8431543012793,37.627998902734504],[126.8429327015009,37.630915399818],[126.8418094005887,37.6296146013594],[126.8383783033406,37.631684400854596],[126.8381464035725,37.632969999569],[126.841604004065,37.6349848984705],[126.8415627005953,37.6371813996738],[126.8423417998162,37.6383694984857],[126.8435322030261,37.6385453994069],[126.8425313993795,37.6406645027501],[126.8398102005843,37.6405213029941],[126.8399383004562,37.6436451998702],[126.8390421007754,37.643592100368],[126.8396363001812,37.6453767985833],[126.84075490189089,37.6456353982606],[126.8428759997698,37.6484033954926],[126.8466150973824,37.6462640959107],[126.8491910011532,37.64930789590429],[126.851777198567,37.6478575973546],[126.851859800521,37.645973498870795],[126.8517772011814,37.6478575991987],[126.8534237998293,37.646848398765],[126.8544300009652,37.6479500005122],[126.8522079024108,37.648049406525196],[126.8490211055976,37.6494728051018],[126.84776940684931,37.6534912010834],[126.84971920454859,37.656100800152394],[126.8479301026375,37.65651600153161],[126.8458898046778,37.6582751997724],[126.8500693003669,37.6611580019179],[126.8458898032185,37.658275203398595],[126.8414956006481,37.6614670005686],[126.8423402985449,37.6599498005452],[126.8405922001202,37.660397000970505],[126.83960650064711,37.6596198008874],[126.8392322001244,37.661035401261806],[126.8362112002082,37.6593630007448],[126.8362586996151,37.6603298001785],[126.8344710001399,37.6591335010685],[126.8333767006989,37.659815800706795],[126.8327168997277,37.6590481007564],[126.83213339933171,37.6594385009089],[126.832716899441,37.6590481000015],[126.83147009959261,37.65792570025],[126.83196459933491,37.6576195001357],[126.8314821998173,37.6570757006795],[126.8303673997876,37.6575478001089],[126.8298327989758,37.6551648995],[126.8307589980496,37.6546243000406],[126.8325198995824,37.648207599788],[126.83320330073079,37.6483076001708],[126.8331268008053,37.6503514982106],[126.8352282987038,37.6507875977745],[126.8357889981431,37.6486816998804],[126.83455099938111,37.648233600328496],[126.833472199536,37.6455324004188],[126.8299703000857,37.645409800536406],[126.82888909952649,37.6425186022158],[126.8263104987538,37.6411353023284],[126.8239621989116,37.6417113022533],[126.82321679786699,37.6398616014118],[126.8210740989976,37.6403578006143],[126.8201415997583,37.6385988010645],[126.8187503011496,37.6386706009927],[126.819488598638,37.641895400893304],[126.8173877968282,37.6407083001684],[126.8172620969539,37.6389962018805],[126.81602819818781,37.637957802918905],[126.813543000673,37.63775060312609],[126.812244001972,37.6385154023613],[126.81156270324989,37.6466787010006],[126.81287230194029,37.6491003985789],[126.8170680987069,37.6506591962443],[126.81976970003329,37.65016729587],[126.8202262024699,37.650988399491105],[126.8159420999002,37.6539882004555],[126.8140109012561,37.6520702023156],[126.812860299926,37.6552184031695],[126.8122188018159,37.6612799981923],[126.8152125988221,37.6639313955409],[126.8165457020804,37.663244600382],[126.8153009014134,37.669191599920296],[126.81219070053311,37.6673007020065],[126.81090090182289,37.6686417006655],[126.8114574012664,37.669527099780105],[126.8088352008624,37.6726232005487],[126.806570000392,37.6731146001761],[126.8062695006925,37.6742608990298],[126.80693020066549,37.6746074002168],[126.8052163994912,37.6760778013632],[126.80411170059591,37.6757088017322],[126.8034645012431,37.6768631005779],[126.804184600523,37.6780160994249],[126.80580330140499,37.6772832004619],[126.80310680052699,37.6794752021047],[126.8030063003317,37.681789699999904],[126.8005779009545,37.680998000608604],[126.8004398998382,37.6824471006629],[126.7997188996333,37.6809911006437],[126.79864050033281,37.6809898006633],[126.79801450078719,37.6818747998768],[126.7989574003511,37.6838570013265],[126.7980033993078,37.6832019006216],[126.7968801997963,37.6837286003688],[126.7964174988805,37.682393600506195],[126.7931007015204,37.6827056009519],[126.79362220108631,37.6845309995335],[126.7929523008258,37.6868005009111],[126.79173470000491,37.6853679025481],[126.7896958996684,37.686909700779104],[126.7890287998089,37.684646702051104],[126.7884540003837,37.6848680018298],[126.7854117032043,37.6870628000812],[126.7848875030225,37.6895438025112],[126.7820595009096,37.6913249004759],[126.7801635004865,37.691136500598596],[126.7802126004374,37.6921884995466],[126.78162080024539,37.692166200148606],[126.7804411000158,37.693396900071605],[126.777371201056,37.694315099967994],[126.7781336009012,37.6955738004536],[126.7775790006296,37.6961935016968],[126.7761686993919,37.6967483001277],[126.7757271998318,37.694450502295105],[126.7725334023139,37.694519902255],[126.770642600306,37.6961254009324],[126.77034839955161,37.6944459007214],[126.76964239987569,37.6952934010695],[126.7688790001087,37.6950504008091],[126.7682141007429,37.6971705000286],[126.7699520007945,37.6981874012758],[126.76695099977931,37.700172901288],[126.76698139925581,37.699007700725105],[126.7663318999053,37.6987950009378],[126.7659882999929,37.699837700665505],[126.7633868993957,37.699281500374894],[126.7614389982528,37.695750400490404],[126.75902049931531,37.6950163003335],[126.7573641997316,37.692931300953596],[126.7562531998151,37.6928511003755],[126.7561308986439,37.6908662007415],[126.7544734999328,37.6901921013608],[126.7533650996739,37.6906607001673],[126.7548118977929,37.6868700006508],[126.7539133986914,37.6856042019166],[126.7523102991952,37.6854447001994],[126.7548132989258,37.6830383996434],[126.75359239993901,37.681789000505105],[126.7524974001453,37.6837164003143],[126.750947899708,37.6819624015472],[126.74945820072591,37.6826206010696],[126.7481159002932,37.682233200797896],[126.7482817999679,37.6829893001124],[126.7462855993763,37.6819357005011],[126.74561059996971,37.6823580001202],[126.74680189901689,37.6813677001301],[126.7462090996097,37.680520800977],[126.7443812962887,37.6813026012126],[126.74207989859009,37.6797914027238],[126.74031140035859,37.6804639020513],[126.7399985995418,37.679801601248094],[126.7382499977025,37.679806500857595],[126.74024609764739,37.6785425999138],[126.740581699908,37.675573699882804],[126.7430001982299,37.6779985981332],[126.7444491998025,37.677491497515504],[126.7456161986355,37.675376499630495],[126.7425724984812,37.6739744008098],[126.7406270986203,37.6745689001532],[126.7401687983955,37.6737501984571],[126.7410389985748,37.6712193999214],[126.7445381990832,37.6716587963625],[126.7476969994116,37.669170298555194],[126.7489147003673,37.6702821994576],[126.7494397011881,37.669575399392],[126.7501414007568,37.6704947992514],[126.751130199768,37.6700644996817],[126.7511050998617,37.6689924000562],[126.7522330988318,37.6682876006481],[126.75194139924061,37.666624298811904],[126.7539565988719,37.665196898262295],[126.7542161986123,37.663023200436],[126.7539566011412,37.6651968986684],[126.7551819004669,37.6660867985183],[126.7572572991022,37.6649705995023],[126.75668049939121,37.6637564994902],[126.7584590988826,37.6610932989689],[126.7605457997283,37.6623007979716],[126.7622422980318,37.6610524992199],[126.7613330993645,37.658113298996895],[126.7622158994694,37.657586299566596],[126.7626271997049,37.6587411986139],[126.7642433980887,37.658756098599],[126.76520329712879,37.658109799245295],[126.76727959702549,37.652756700913194],[126.7643196994339,37.653000700857596],[126.7633821985141,37.6521555981879],[126.765124099047,37.651210097415],[126.76590799894639,37.6491170990779],[126.7674314998392,37.650439898893204],[126.7684619988087,37.6502897990433],[126.7689446003136,37.649089999146604],[126.7703950988631,37.6495902986463],[126.7712142999937,37.6471014999907],[126.7750804972546,37.644803197024196],[126.77419949693079,37.6408069979285],[126.775657698126,37.6387947980382],[126.77433039945329,37.6366156002174],[126.7766655980799,37.636119299581495],[126.7755568980449,37.6344801005313],[126.77690179820651,37.63405359945],[126.7769048970121,37.632077899605896],[126.7827504017174,37.631266497733],[126.7848343997474,37.6323743967935],[126.7864253981564,37.6302281989397],[126.7879529982439,37.630382598674295],[126.78749309896111,37.6280790973685],[126.7897222998799,37.6292330951661],[126.7925872988717,37.6258029961804],[126.7940685973904,37.621959800023596],[126.79223289922611,37.6215687004147],[126.79523950039659,37.6222011977247],[126.7970554998387,37.6194007992873],[126.7967743009727,37.6199399998188],[126.7990479997238,37.621136898736204],[126.8004662005257,37.6203675990182],[126.80072710010991,37.622473698027804],[126.8032240990806,37.6223960994418],[126.8029585987911,37.6214197992379],[126.804198697551,37.6198503008074],[126.8028845988651,37.6188040018537],[126.801514999322,37.6196608008407],[126.80289999899139,37.6160783008145],[126.80207209956781,37.6162327992614],[126.8048782982748,37.6157365997724],[126.8039558991972,37.615135000374],[126.8048782997407,37.6157365986354],[126.80582550026679,37.6138757961983],[126.8108894978684,37.6095863998414],[126.810023898734,37.6066103028175],[126.8009157051766,37.602192807881295],[126.7932960030218,37.6060218088111],[126.78678409978761,37.6067187022592],[126.7859795017697,37.6091559003913],[126.7845775068815,37.6101981117853],[126.7785912088946,37.612429511784896],[126.7866473000915,37.6254009001368],[126.7858146973404,37.6251370007012],[126.7785912045639,37.6124295134087],[126.7741524062794,37.616860111247995],[126.75281130707181,37.6234503152221],[126.7435787063974,37.6288578155692],[126.7429565967067,37.6274793997539],[126.7435193980217,37.627162198983],[126.74313889840221,37.6236750024702],[126.7373633008524,37.623325902320595],[126.7317492051692,37.630105102303],[126.73459040190261,37.633472100498295],[126.7361376073411,37.6342152124097],[126.71939970612729,37.6421421133599],[126.7185695991481,37.6412607989179],[126.7198804978372,37.6400503001284],[126.7174566002611,37.6398261003526],[126.7136863036286,37.6414867007335],[126.7147279049023,37.6429465120967],[126.7124868997458,37.643875200424795],[126.7104103006216,37.641336901388996],[126.7108839003979,37.6438195997335],[126.7119851002476,37.6444173998826],[126.7092955029372,37.6471675971324],[126.7195121927205,37.6551438891561],[126.7213944999189,37.657420800142795],[126.7195122000016,37.655143903173396],[126.7091753057203,37.6472156146569],[126.7038284977414,37.649898804936406],[126.7005682010017,37.653074201761],[126.69988210158989,37.6549850998968],[126.6747056082085,37.665990112339905],[126.66424971424,37.6760660080153],[126.6663842985802,37.6730185014481],[126.6641404008241,37.6714751029915],[126.6626603985245,37.672887101411995],[126.664140396626,37.6714750977234],[126.662371398395,37.6678700013285],[126.6601968005696,37.668350700847796],[126.6586696996119,37.670126002185704],[126.657786499368,37.669501502014704],[126.6575544992521,37.6678853018834],[126.6565741989114,37.6677679001042],[126.65652849909499,37.664560401537],[126.6539648996038,37.664982800192796],[126.6533259999035,37.663304501011005],[126.6503769028526,37.6614249028906],[126.6479692998346,37.662629200419396],[126.64783369870031,37.661145401426204],[126.6456511998276,37.6618551002265],[126.6449480005308,37.6585320035496],[126.64095330452551,37.660892601189],[126.6411534042737,37.6619946001795],[126.6404270976006,37.6589926027595],[126.6370083010194,37.6597894019627],[126.63497480102319,37.6636366991296],[126.63702140170669,37.6632520008003],[126.6340223024219,37.6648395012268],[126.6313275010579,37.6627846040224],[126.6268107995292,37.6642109016707],[126.625008700125,37.662933502301],[126.6198842001543,37.6649688004201],[126.6211233983251,37.6638277004312],[126.61983699961151,37.663078301180605],[126.61912929852599,37.663827601341495],[126.6182234986292,37.6616303014241],[126.6156438989116,37.658796800418095],[126.6147887997667,37.6589698002451],[126.6136698008857,37.657619901595],[126.61264579827599,37.6580722018018],[126.6117353989789,37.6564736004761],[126.6109611997531,37.656686700263],[126.6106746000397,37.6550141019356],[126.6084809985704,37.6553264022379],[126.61066189790749,37.6549457997383],[126.6107058978635,37.6530206016635],[126.6078722006972,37.651943002741106],[126.60535059815629,37.6521834032013],[126.6012600999512,37.6486890005492],[126.59952059879801,37.6505755022454],[126.5997757966114,37.6495053003461]]],[[[126.60232088939689,37.5583256055639],[126.6059607933615,37.5476175902007],[126.6057733935489,37.5453279924903],[126.6072685011506,37.5450410001488],[126.6081199002992,37.546798598391206],[126.61114189727721,37.5475932975965],[126.6118180019642,37.543113696575],[126.6133430999865,37.5476996966006],[126.61755549993849,37.547704796583],[126.62056629692769,37.5442786000092],[126.6183147996304,37.540537398788395],[126.62260019990599,37.5420308990901],[126.6214116018235,37.543229499055],[126.62305260018249,37.5454015968829],[126.632207800626,37.5452266977229],[126.6367065983916,37.5487195949669],[126.64149329874529,37.548484193795495],[126.64207800153059,37.550401197977],[126.6444411991674,37.5493533990248],[126.645264800389,37.550318898384404],[126.646469799184,37.5496769990263],[126.6458734015696,37.5510307986949],[126.6479563015329,37.5535060986571],[126.6502296992595,37.5527595994036],[126.65030259714041,37.550642599083105],[126.6502323003709,37.5520916985919],[126.6517228008304,37.550613301195405],[126.6512413013119,37.552721899086805],[126.6518444017051,37.5545430005357],[126.65119180066881,37.5557281008522],[126.6464062041259,37.5567262024093],[126.641967108565,37.5603639987715],[126.6412267038489,37.5628764043082],[126.64372360135201,37.5673820998025],[126.6410937999527,37.5697457003521],[126.6332100996013,37.5683895014256],[126.6352476970549,37.5646329005973],[126.62994739771041,37.5626041019877],[126.631983998728,37.563057399344],[126.6324117950385,37.5577764014547],[126.6269349005154,37.5551878040433],[126.6264519009984,37.5562263030048],[126.6246570991285,37.555808200422604],[126.6246624991231,37.5541433020875],[126.6223468007793,37.5538664025396],[126.6222183981694,37.5530247003909],[126.6187617016261,37.552138901276706],[126.61806749975639,37.5539900004308],[126.61334310079519,37.5476997025986],[126.61108420305409,37.5496816006167],[126.6108090027612,37.551272600582195],[126.6131665992181,37.5529568015375],[126.6102415992151,37.552307900514606],[126.610933797196,37.5496634028102],[126.60811990000991,37.546798605675],[126.6059607999843,37.547617604337205],[126.60232090362419,37.558325593629206],[126.6066092997693,37.5549261981557],[126.6075365996295,37.555662998555704],[126.6089392982268,37.5553615988571],[126.6086406994891,37.5536488988247],[126.6097137004247,37.5558361986135],[126.6118357011896,37.5551978990075],[126.6110731008571,37.557433507290604],[126.608188700154,37.5576076001733],[126.6081264999811,37.558272200537296],[126.6059811978036,37.557675604627605],[126.60232088939689,37.5583256055639]]],[[[126.4788335961442,37.4926317032958],[126.48128320083289,37.492657197960995],[126.4836685998066,37.4899414991047],[126.485985997887,37.489607299305],[126.48679099856919,37.488618798979],[126.4896128020217,37.4896042991377],[126.4912431002167,37.4918842996789],[126.4935054989745,37.490867399288],[126.4921199980351,37.4874014006388],[126.4954477966942,37.485645498435694],[126.4942239975431,37.4819262950135],[126.5011257000442,37.4842613963928],[126.4998165020543,37.4867475986614],[126.50173140013939,37.4861594992495],[126.5021520999687,37.4850135999174],[126.5048037011745,37.4857370985381],[126.5043653006107,37.4870252988744],[126.5074638010432,37.4912827997766],[126.5048158026954,37.4953313996406],[126.50484550049501,37.5005151019197],[126.50412129961879,37.4994851009612],[126.4996988987307,37.4987434058826],[126.4922336993211,37.5013506032897],[126.49121500033979,37.5042365004038],[126.4875031996211,37.5038293005892],[126.4885277993205,37.5026495997936],[126.4872846999428,37.5010209008723],[126.48673750049001,37.501938599954606],[126.48724160002921,37.502390600467095],[126.48658089985321,37.5011196009295],[126.4851387993011,37.500716000450794],[126.4862621995305,37.4995127004079],[126.4851565993075,37.4992303006965],[126.4842644002833,37.4969935013023],[126.4841439000768,37.4992668001023],[126.4830450999702,37.4994730006806],[126.4833146990883,37.4982981006802],[126.4804011000084,37.4972646006102],[126.4820020993276,37.4968299996246],[126.480275800437,37.4956969005356],[126.4797135994257,37.496324199697696],[126.4803073996491,37.4937145997451],[126.4788335961442,37.4926317032958]]],[[[126.9394249998543,37.591525199735],[126.9406475990425,37.5897596003856],[126.9399396986279,37.5890060004034],[126.94082629880499,37.5877843004937],[126.9402834993356,37.5859360990549],[126.94341979972211,37.5857534984901],[126.9437315001493,37.5844228994969],[126.94425169999539,37.5850067994278],[126.94456050032,37.5844673997997],[126.94494990034279,37.585470999660096],[126.9470063999599,37.5853083997534],[126.9477500992162,37.5846800003818],[126.9467551999927,37.5836078977545],[126.94753040021291,37.583868098958796],[126.9509153985822,37.5812887988245],[126.9509563996254,37.5796924991484],[126.9521581000689,37.5802003986607],[126.9527869013189,37.5796162992637],[126.95197430066641,37.5808042000867],[126.9525897023657,37.5834172006712],[126.9511054009037,37.5849366008165],[126.9471979009171,37.5859923000922],[126.9481334004215,37.5870595009045],[126.9440869005362,37.5880925004182],[126.9430374001981,37.5895990000494],[126.94337750024219,37.5902316001701],[126.9419910014527,37.5909051996989],[126.94377999979031,37.5922597005222],[126.94247199988139,37.592672200125705],[126.9416262999209,37.591713400314305],[126.94069590003349,37.5926941017981],[126.9394249998543,37.591525199735]]],[[[126.8877198992942,37.6527159005692],[126.88959739996609,37.6495286994508],[126.8915230986043,37.6496353993582],[126.8921877999605,37.648716799922205],[126.8931873993328,37.6500614986967],[126.8947090997971,37.6479656998467],[126.89748179971919,37.648229498632],[126.8986316998229,37.646686599318805],[126.8981830013258,37.6478253994255],[126.899164800344,37.6497715974793],[126.9008830031018,37.6500220988367],[126.9022865009379,37.6534372991168],[126.9034563005835,37.6535247001122],[126.9005815015123,37.6561740020045],[126.897229700136,37.6563964015228],[126.8962405011252,37.6577851001341],[126.8970000001744,37.6581717001447],[126.89398369978011,37.658448701373004],[126.8937868989961,37.6570683012933],[126.8914611990347,37.6559038014156],[126.8900897996335,37.6531357014453],[126.88945910000089,37.6544582001525],[126.8896545991253,37.6533715004822],[126.88794700001979,37.653614000205295],[126.8877198992942,37.6527159005692]]],[[[126.4484573994494,37.446196099153504],[126.4499295993449,37.4455245996374],[126.4498972001995,37.4422009990763],[126.45008730077261,37.4442246990083],[126.4541986007461,37.4435916991671],[126.4548168004041,37.445156099489395],[126.4536089003752,37.446804199650906],[126.4563127004762,37.448018400168905],[126.4551781006397,37.447749000507905],[126.45476650086721,37.448263000287895],[126.4557667008984,37.4487266996499],[126.4549612003688,37.4492406002321],[126.4553332010337,37.4499858036123],[126.45466359885191,37.4499675019358],[126.45404399937179,37.4489045005505],[126.45129849953089,37.4488045008393],[126.44997209980009,37.446426800952],[126.4484573994494,37.446196099153504]]],[[[126.86538059761129,37.6525296998974],[126.86355449921251,37.6508506010579],[126.8644960981767,37.6487285998952],[126.86725119929599,37.648498497393206],[126.8673704987042,37.6457094986565],[126.8699668991375,37.645164199214605],[126.86974109929349,37.643988899585295],[126.87495060020001,37.646268298573204],[126.8778616002705,37.6451095994529],[126.8782502003274,37.647482698341996],[126.88010770057309,37.646274399031704],[126.87974990110669,37.6470762004278],[126.8807970001103,37.647593300040796],[126.8794366004283,37.647082200670496],[126.87895040091449,37.6479871997655],[126.8799875002114,37.6488979995298],[126.8793152008014,37.649192299762106],[126.8798605002561,37.6502828986715],[126.8826485006425,37.650519898080496],[126.8793021008783,37.6512401999832],[126.88170030005351,37.6533248999105],[126.8807455003769,37.6543094005115],[126.8770342017274,37.6542872014842],[126.8762642001519,37.6550575016869],[126.8746893017268,37.654360102384295],[126.8728524990523,37.6551587031755],[126.86538059761129,37.6525296998974]]],[[[126.5039381991589,37.504577901211604],[126.5078017003749,37.507049198271496],[126.50899979917679,37.5068560984646],[126.5081128015118,37.5078108988664],[126.5117284978961,37.5080768986004],[126.5123595983471,37.5039097937777],[126.5148881022497,37.5036000902596],[126.5199604971773,37.5060674877922],[126.5304681992127,37.503849791369994],[126.53371369596721,37.502140993078804],[126.5349840005967,37.5026649961204],[126.5378822003684,37.500824399886],[126.53642620152979,37.502704098521],[126.53971300527881,37.504182197461205],[126.5375195027236,37.505591800317895],[126.5393469011844,37.5075227021275],[126.5375194990859,37.505591804560495],[126.5345397020657,37.5053609047914],[126.5325289008348,37.510210699874804],[126.53684629936929,37.5163918968626],[126.5379611043849,37.5130989000243],[126.5387687006752,37.5170787984553],[126.53963800184239,37.518051301404405],[126.5391644992457,37.5187283018364],[126.5372287011815,37.5170202035445],[126.5273387026406,37.5149549070492],[126.52363800415371,37.5176510060247],[126.5195684027054,37.5172540053466],[126.5158340996215,37.5200010045075],[126.5157824968595,37.518003204897205],[126.5084406035874,37.5170103059515],[126.5099668020612,37.5234046995571],[126.5107483003042,37.5240189019826],[126.5099017997392,37.523472600113195],[126.5084405981692,37.517010301283605],[126.5063774978005,37.5156830976618],[126.5079304996849,37.514583099379],[126.509545099756,37.5154833989891],[126.5134503958507,37.5148937995787],[126.5131990958424,37.5134262999088],[126.51133419500299,37.5100961003702],[126.50780169644881,37.5070491997492],[126.5045553993428,37.505741100847104],[126.5039381991589,37.504577901211604]]],[[[126.79650989680151,37.3840801965866],[126.7987759971798,37.381021499149504],[126.798287898008,37.37809389924411],[126.8026063017507,37.3774387950592],[126.8065863978702,37.375795096680996],[126.8089384975478,37.372716898837304],[126.8079615982638,37.3703044002603],[126.80577789827069,37.3691969017489],[126.80418539822429,37.3652465016299],[126.8019956980295,37.3656798966752],[126.80356759777719,37.363644794528504],[126.8072127019144,37.362469091201596],[126.8109554033196,37.363902696137295],[126.80755660332059,37.363612201795796],[126.8075094033678,37.366206999201005],[126.80859220142841,37.3695903990792],[126.8102719009748,37.3693271990423],[126.8105963010706,37.3701755992789],[126.8102718995753,37.3693272010247],[126.8089300009172,37.3701270002249],[126.80893850100169,37.3727168985351],[126.8109195998326,37.3724315988016],[126.8107121010355,37.374212398793595],[126.8123562028381,37.374636003002806],[126.812303302891,37.3779222997165],[126.8144887007056,37.378517699121105],[126.81504630060441,37.3797843987565],[126.8123033008546,37.3779223032939],[126.8092052028041,37.3796007022912],[126.8086737033356,37.3808801010118],[126.8115275008928,37.382396299527],[126.81214470522191,37.3838753026715],[126.8086531021654,37.384765104704904],[126.80611640165779,37.386627604306796],[126.8068195009547,37.3906798002546],[126.80655299962869,37.3913019008682],[126.8049096008902,37.3907371013288],[126.8045031012967,37.3917123003536],[126.8032454988456,37.389085099598105],[126.80449129840929,37.3871931009146],[126.80351209938851,37.3861890019187],[126.80160290129771,37.3847053034024],[126.79983870006359,37.3845326030359],[126.79877759942009,37.3864489019982],[126.79650989680151,37.3840801965866]]],[[[126.9977698994413,37.581899700472],[126.9990238989039,37.5821932989325],[126.9997290004258,37.5812481989777],[127.0019837986859,37.5817548992183],[127.0010054992758,37.5792343003488],[127.00156889965929,37.579998499107504],[127.0021935010507,37.578597099836],[127.0025312005681,37.579627799388795],[127.0044295005261,37.5804830000004],[127.00384680082051,37.5817522003375],[127.0048292004549,37.5841550005212],[127.0026938006436,37.5836989006758],[127.0026141004862,37.5850546008784],[127.0009142999523,37.5858796000505],[127.0002045996728,37.5832940008164],[126.998322899952,37.5834770006175],[126.9977698994413,37.581899700472]]],[[[126.7752945986622,37.403307400795505],[126.7754208045644,37.4026442914302],[126.7762018037834,37.4027920912824],[126.7808940007491,37.4051190887876],[126.78586560126189,37.402907191424305],[126.790256300049,37.398373198686],[126.7909153002549,37.3983141986337],[126.7915573003683,37.3998053996795],[126.7932861008418,37.4000975993387],[126.79368440044351,37.401483397952894],[126.7964276977002,37.4011860982502],[126.7969870971408,37.400270299166],[126.79539300053571,37.398025399552004],[126.7969871010972,37.4002702988668],[126.7994636006808,37.399660599655995],[126.7987602006865,37.4010289998194],[126.7998391035304,37.404505199538605],[126.7982854008307,37.407360100519],[126.7989633016189,37.4085188014387],[126.79398690200769,37.4095667038104],[126.79394480204981,37.4124344009427],[126.7906438029042,37.4105500033812],[126.7896748038732,37.4109725029587],[126.7884009051471,37.4148583990728],[126.7922455004833,37.418155398413305],[126.7934368007889,37.4178306994634],[126.7898280024248,37.41938179999109],[126.7894687972392,37.4204736025099],[126.78942189728609,37.419744903238595],[126.78426099925841,37.4183414033836],[126.78033289766381,37.4152298013954],[126.7801089977134,37.4114601031413],[126.77800189945191,37.4061963999565],[126.7808939970689,37.40511910074],[126.77669560126729,37.403227102632],[126.7752945986622,37.403307400795505]]],[[[126.7589299987292,37.713541102654],[126.75925499789399,37.7121277990374],[126.7581270988141,37.710141399936],[126.7602049990328,37.7094276981285],[126.76032139891639,37.7075989999572],[126.7591249998278,37.707170100024996],[126.75980729960071,37.706822100000394],[126.7594984001517,37.7062459994083],[126.7608766003903,37.7062618986457],[126.76041050100281,37.712027298283004],[126.76277520072769,37.7167241002449],[126.7606479002624,37.716407500425305],[126.7600482003874,37.7176720011822],[126.7592597993074,37.7172140003902],[126.7597737981697,37.7154905006134],[126.7589299987292,37.713541102654]]],[[[126.7634480987145,37.7187860994366],[126.7657883001416,37.7214375998832],[126.7668322990976,37.7216514996693],[126.7673417004022,37.720418699780105],[126.76712720031641,37.7222752993125],[126.7677600010189,37.7219526998346],[126.7689921997867,37.723376198411096],[126.77188940031611,37.722247899028396],[126.7735542003105,37.722645898689706],[126.7713697015074,37.7258211007377],[126.7708655001331,37.7303259020244],[126.7685662993924,37.7282345006077],[126.7677167990558,37.723630300870205],[126.76631339935071,37.7227537009621],[126.76501469821069,37.720345899753],[126.7634721997532,37.71966890043],[126.7634480987145,37.7187860994366]]],[[[126.6755508989563,37.4587368992775],[126.6777583986822,37.456196000034],[126.67994699996039,37.4549935988127],[126.680832899979,37.4555341994439],[126.6820199012013,37.454948899356395],[126.6820681011978,37.456083399600196],[126.68646460102029,37.458080699942194],[126.6850022008012,37.4581695007589],[126.68487900064589,37.45932230075729],[126.6826363011426,37.4599179010118],[126.6826966010823,37.4610230999066],[126.6812035000085,37.462736300261206],[126.6792165994689,37.461804800271906],[126.6801963990166,37.4609496005929],[126.6796086996043,37.460464501078],[126.6786599991749,37.461555000259594],[126.6755508989563,37.4587368992775]]],[[[126.80652619908659,37.334464500516404],[126.8081271975501,37.3322723970774],[126.8098046999728,37.3318346996922],[126.8112378003615,37.3320989995455],[126.8117462008079,37.3334958987244],[126.81291710059331,37.3327568992702],[126.81316530065709,37.3356861002588],[126.81193470093929,37.3351423012743],[126.8122072003391,37.337175200949794],[126.8084822001463,37.336646300442396],[126.80817980000151,37.3371588003405],[126.80848219932611,37.3366463003657],[126.8056631993426,37.3357242005868],[126.8068520996396,37.335990699672],[126.80652619908659,37.334464500516404]]],[[[126.9490902992029,37.4815708002111],[126.9522134991424,37.4781891995511],[126.956410201114,37.4799142994156],[126.9553882007134,37.483163500806306],[126.95383319980401,37.4839449008936],[126.9529530000915,37.4831304007182],[126.9508480991895,37.4833005002082],[126.95054019867291,37.481549900806094],[126.9490902992029,37.4815708002111]]],[[[126.9675615992504,37.4829320999321],[126.9699242002274,37.4833382992676],[126.9706033997895,37.48192919969561],[126.9716957002006,37.4832562995838],[126.97273850017041,37.4825186996994],[126.974344399762,37.4832316994573],[126.97458350074069,37.482739299977496],[126.97366920034871,37.4850749000277],[126.9704385002922,37.4874108010498],[126.9681977990212,37.4873392006851],[126.9671192997693,37.4862316007247],[126.9675615992504,37.4829320999321]]],[[[127.0038031985912,37.587892599746404],[127.0073294998082,37.586653399344705],[127.0084694006072,37.5875346994116],[127.0079730008682,37.5891991000218],[127.0087494001987,37.5895485000878],[127.0053154000176,37.589496600948294],[127.0046759999967,37.5902221006063],[127.0038031985912,37.587892599746404]]],[[[126.7649932957558,37.754120100644904],[126.7653311998588,37.7519639994884],[126.76764590044701,37.748666299746],[126.7678173007457,37.749834399361696],[126.768686500726,37.749863699516],[126.7679940009349,37.7504420000424],[126.76953780062219,37.7509679003712],[126.7686529003565,37.7509685003854],[126.768623900849,37.752638400730504],[126.76730170039741,37.752642200548294],[126.76752260082961,37.7534783010387],[126.7649932957558,37.754120100644904]]],[[[126.810479997194,37.3465859001698],[126.81059939754721,37.344119799390604],[126.812600300623,37.3446949979903],[126.8138217002421,37.3436053990454],[126.8142639003818,37.3450640986154],[126.8153189009138,37.3450136003902],[126.8143027010827,37.3454863003319],[126.815920300927,37.3474214995758],[126.8156578003877,37.349197699323],[126.81689259915291,37.3490189995017],[126.81696760090949,37.3481741991429],[126.8168926019393,37.3490189998428],[126.8156577999038,37.3491977012511],[126.8145384008276,37.3483656016459],[126.8136940001244,37.3494775009549],[126.8091441989561,37.3495190010943],[126.810479997194,37.3465859001698]]],[[[126.6525281985788,37.4669736000055],[126.6533990009051,37.4669767992469],[126.6535878007163,37.4678033984203],[126.65555819874591,37.466984699239],[126.6590465016463,37.4673688001941],[126.6589674994056,37.467984101291],[126.65631709987579,37.4678324011275],[126.6555582000208,37.466984701035194],[126.6537759000914,37.4681971002897],[126.6528179993431,37.467954600475196],[126.6533989992671,37.4669768005067],[126.6525281985788,37.4669736000055]]],[[[127.0229940995744,37.575171600070796],[127.0263533002122,37.5760742995432],[127.0263089003938,37.57701690065959],[127.0231799998803,37.576570000155996],[127.0229940995744,37.575171600070796]]],[[[127.0777018981584,37.514043900801695],[127.07774529879511,37.511437199321],[127.0767014997795,37.510642999881],[127.0781362997521,37.5114390990914],[127.0789174001133,37.5097862995929],[127.07957300019899,37.511279499145],[127.0809282008138,37.5116419999813],[127.0784819001842,37.5121099002594],[127.0777018981584,37.514043900801695]]],[[[126.98788369826529,37.4627706003607],[126.9881783005592,37.4611806987985],[126.9889542997832,37.4622149977642],[126.9905744003638,37.4622448996209],[126.9904697001092,37.465765800482],[126.9878109996086,37.4661179999576],[126.98846669954591,37.466082499841896],[126.98788369826529,37.4627706003607]]],[[[126.4727725984701,37.4586557004872],[126.4742693973575,37.4567843986449],[126.4730679980991,37.454416598678904],[126.4751609053703,37.457008096170604],[126.4791867013445,37.4578835952951],[126.4795146025349,37.461138598553795],[126.4806064014431,37.462545897146505],[126.4846031006285,37.4625342984271],[126.48504210160411,37.4633627991718],[126.4805586979365,37.464398302998596],[126.4727725984701,37.4586557004872]]],[[[127.0182284993871,37.5540985993048],[127.0192310996137,37.5529727992234],[127.0211289996264,37.5528515992147],[127.022125601611,37.5552783007062],[127.0200100010457,37.555230000243604],[127.0204814006774,37.5563898999058],[127.0199134998159,37.5564741003595],[127.0182284993871,37.5540985993048]]],[[[127.0276383995882,37.5572695997968],[127.0288646993968,37.5558650993651],[127.02953530006,37.5566506995689],[127.030607699225,37.555789398571704],[127.0317219009643,37.5567663998469],[127.0317385007333,37.5585729000785],[127.0305939996444,37.5591854002083],[127.0299764992385,37.5575804002264],[127.0282355998263,37.556763300866],[127.0276383995882,37.5572695997968]]],[[[126.9616723990839,37.4777059997382],[126.9621520994792,37.4759807997005],[126.96320799994,37.47557429944],[126.9651786009454,37.4772505992848],[126.9640907998696,37.4785445003887],[126.9616723990839,37.4777059997382]]],[[[127.0431820992339,37.5535814996222],[127.0456732012063,37.5539181999945],[127.0440991007232,37.5534431005387],[127.0443705000677,37.554566900399095],[127.0431820992339,37.5535814996222]]],[[[127.03301899917949,37.4842904989884],[127.0351274002889,37.4832848998468],[127.03439709996081,37.4845582002265],[127.03301899917949,37.4842904989884]]],[[[127.0507823988671,37.4955844001111],[127.05371799989031,37.4945580995739],[127.05423570060661,37.495329899963004],[127.0531695998059,37.4957210005763],[127.0522893008215,37.497574299971596],[127.0529879000246,37.4978070005518],[127.0520498998844,37.4980830002492],[127.0521910992271,37.4969167003803],[127.0507823988671,37.4955844001111]]],[[[126.6410644995021,37.4686928000246],[126.64258700019431,37.4684467995592],[126.6419307003173,37.4693998008894],[126.6410644995021,37.4686928000246]]],[[[126.6975926991008,37.4277079005613],[126.69863539949701,37.4267386996732],[126.69807859944581,37.4260406993793],[126.69904960018239,37.4259882992562],[126.6992826012806,37.42858670103249],[126.6975926991008,37.4277079005613]]],[[[127.0150523992303,37.5490768009263],[127.0164803002231,37.5469488993542],[127.01677960039841,37.5485903010864],[127.0150523992303,37.5490768009263]]],[[[127.01577949910849,37.5927738001862],[127.0166617000621,37.5918379997344],[127.01733080061419,37.5929892999229],[127.0163488994736,37.5933587006405],[127.01577949910849,37.5927738001862]]],[[[126.77412339694929,37.766722700625806],[126.7731128979598,37.766294501054],[126.77412339934439,37.766722699097805],[126.775252500865,37.7656672995715],[126.77412339694929,37.766722700625806]]],[[[126.8077882992293,37.3202754999674],[126.80871690097169,37.3184829990318],[126.80968420180841,37.319734102426196],[126.8089382011813,37.3208139014153],[126.8077882992293,37.3202754999674]]],[[[127.04596189880249,37.5458962003012],[127.0482800002263,37.5468810006489],[127.047400199542,37.5466305014092],[127.0466210003212,37.5474159006238],[127.04596189880249,37.5458962003012]]],[[[126.854930898841,37.6273522007662],[126.85530799989989,37.6265716980783],[126.8583193005352,37.6269689004176],[126.854930898841,37.6273522007662]]],[[[127.03997999954,37.5270256001015],[127.040404700601,37.526939299310904],[127.0408664000894,37.5280414005062],[127.03997999954,37.5270256001015]]],[[[127.0437824992743,37.5515341987458],[127.0441309000302,37.5510122987778],[127.044994000304,37.551513999923195],[127.0437824992743,37.5515341987458]]],[[[127.03475089960051,37.5782690000885],[127.03475209944331,37.5778119997453],[127.03516140081021,37.5780326994654],[127.03475089960051,37.5782690000885]]],[[[127.0449237993629,37.4862151998342],[127.04600200016411,37.48566929963],[127.0450431001271,37.4870480005362],[127.0449237993629,37.4862151998342]]],[[[126.92279189966811,37.4023903999396],[126.9238892002257,37.4025006999837],[126.9234844999224,37.4031310004013],[126.92279189966811,37.4023903999396]]],[[[126.9493756994358,37.4929831994042],[126.9508159002997,37.492546199219],[126.95067020159901,37.4940359001714],[126.94964639952411,37.4939094005543],[126.9493756994358,37.4929831994042]]],[[[127.0524196986724,37.5199950990732],[127.0528265001486,37.5185414994208],[127.0530142999808,37.5188657012286],[127.0524196986724,37.5199950990732]]],[[[126.8052783969477,37.3512724001124],[126.8044427995061,37.3490789973049],[126.8059009021994,37.350218500394796],[126.8052783969477,37.3512724001124]]],[[[127.0301850996738,37.4838215000348],[127.0315203006782,37.4832206000583],[127.0315344006116,37.4840808002887],[127.0301850996738,37.4838215000348]]],[[[127.0624817992824,37.5085602006601],[127.0633322993684,37.5083112988786],[127.0639065008001,37.5089474002396],[127.0624817992824,37.5085602006601]]],[[[126.7661671981194,37.5573753993249],[126.7689654044873,37.556239496704194],[126.7696059053993,37.5580766984923],[126.7680140001946,37.5583350020966],[126.7661671981194,37.5573753993249]]],[[[126.89058589892251,37.466659699946],[126.8918559999975,37.4659475996171],[126.8925098008557,37.4665381999881],[126.89058589892251,37.466659699946]]],[[[126.9351977995295,37.5621651002492],[126.93513219997669,37.561858799931606],[126.9352901000984,37.562117900125095],[126.9351977995295,37.5621651002492]]],[[[127.0546456986727,37.4969181006765],[127.0546762989267,37.496842399151],[127.05477140152921,37.4968757004934],[127.0546456986727,37.4969181006765]]],[[[126.9915306995041,37.5253334996083],[126.9924259002472,37.5252433003041],[126.9918795002173,37.5256547005774],[126.9915306995041,37.5253334996083]]],[[[126.9913081996621,37.5272595998151],[126.99172930014551,37.527219199914896],[126.9916874002308,37.527538300299504],[126.9913081996621,37.5272595998151]]],[[[127.0150990988084,37.5797147999906],[127.01558060033561,37.579777899916905],[127.0153737001163,37.580052300557696],[127.0150990988084,37.5797147999906]]],[[[126.45776519995239,37.4479504992148],[126.4584465997892,37.4481714992315],[126.4586398006593,37.4477495009488],[126.45844660008581,37.4481715001644],[126.45776519995239,37.4479504992148]]],[[[126.72180479961091,37.657897300080805],[126.7219623000835,37.6582694999012],[126.72202780032231,37.6582960010015],[126.7219622994262,37.6582695008543],[126.72180479961091,37.657897300080805]]],[[[127.0551147981486,37.491585398693],[127.055359298148,37.4909622989863],[127.0554153999279,37.490789798654504],[127.0553593009662,37.4909623002465],[127.0551147981486,37.491585398693]]],[[[126.4552056997611,37.4441596001133],[126.4555724003433,37.4443694998946],[126.4553396998812,37.4444110002345],[126.4552056997611,37.4441596001133]]],[[[126.4559462989984,37.4433185994402],[126.4561933007189,37.4430321996273],[126.456133100421,37.4434344001152],[126.4559462989984,37.4433185994402]]],[[[126.76081759937199,37.7032713999967],[126.76088269997659,37.702909899382],[126.76133320165769,37.7029066003427],[126.76081759937199,37.7032713999967]]],[[[126.909057999824,37.4919917003427],[126.9090929002882,37.4920364997073],[126.9095337005608,37.492092999733295],[126.90909289994791,37.492036500249],[126.909057999824,37.4919917003427]]],[[[126.95797549944571,37.4975589998999],[126.9578953999729,37.4973736998276],[126.95804750106221,37.4975287998788],[126.95797549944571,37.4975589998999]]],[[[127.0359366996517,37.5003987001067],[127.03646100073391,37.5003292999468],[127.03633870028071,37.500516600386895],[127.0359366996517,37.5003987001067]]],[[[126.83285559926121,37.5966039009814],[126.83289619921979,37.5965571991873],[126.83351190069651,37.5958100996983],[126.83289620108579,37.596557200132196],[126.83285559926121,37.5966039009814]]],[[[126.9569724992,37.4966071002043],[126.9571936002199,37.496749499701],[126.95725610021809,37.496838800154],[126.9571935999536,37.4967495000991],[126.9569724992,37.4966071002043]]],[[[126.63565489966061,37.608877899642806],[126.6373324002772,37.609051099835],[126.6374124001972,37.609160499725604],[126.6373323982371,37.609051100033604],[126.63565489966061,37.608877899642806]]],[[[126.6271798974335,37.560277298249204],[126.62717990198401,37.560277300882404],[126.6271799004779,37.5602773043145],[126.6271798974335,37.560277298249204]]],[[[126.6331284996532,37.475465800637004],[126.6331284992354,37.475465798852305],[126.63312850067099,37.475465799884404],[126.6331284996532,37.475465800637004]]],[[[126.7503030991243,37.5519934999666],[126.7508668004228,37.552154700083705],[126.7505869006495,37.5523247026965],[126.7503030991243,37.5519934999666]]],[[[126.8023463995956,37.3921829005031],[126.8025030012345,37.3919708987373],[126.8023464016501,37.392182900657104],[126.8023463995956,37.3921829005031]]],[[[127.0023797981812,37.4515342998282],[127.0030805008182,37.4513523997275],[127.0026500995478,37.451641100989306],[127.0023797981812,37.4515342998282]]],[[[126.4504074991746,37.4410382996534],[126.450924199409,37.4407957987102],[126.45092420142021,37.440795800402796],[126.4504074991746,37.4410382996534]]],[[[126.7375985993198,37.6319888004193],[126.7379477998031,37.631138097340504],[126.7380826002428,37.6314058001371],[126.7375985993198,37.6319888004193]]],[[[126.74911879897141,37.5439419000599],[126.7496048996043,37.54372089959929],[126.7496049013122,37.543720900154696],[126.74911879897141,37.5439419000599]]],[[[126.75738409904109,37.717286200378],[126.7573354000452,37.7166351998877],[126.7573841011952,37.717286200389196],[126.75738409904109,37.717286200378]]],[[[126.8814226984012,37.5714109986773],[126.8819694004751,37.5710904997261],[126.88166960083639,37.5712663009419],[126.8814226984012,37.5714109986773]]],[[[126.9791947994487,37.5429594004286],[126.9791948012182,37.5429593992057],[126.9791948012,37.5429594003489],[126.9791947994487,37.5429594004286]]],[[[127.0288646996439,37.5591929000856],[127.02901590036801,37.5590517993841],[127.0290159005973,37.5590518003427],[127.0288646996439,37.5591929000856]]],[[[127.0474024996433,37.5544317004046],[127.0474357994437,37.554367299545405],[127.047435800866,37.554367299386605],[127.0474024996433,37.5544317004046]]],[[[126.6603907994961,37.534694199556895],[126.6607460020118,37.5349213986601],[126.66074599959491,37.5349214002501],[126.6603907994961,37.534694199556895]]],[[[126.7191939994325,37.6588126004461],[126.7195157003847,37.658529199990696],[126.7191940003004,37.6588126003208],[126.7191939994325,37.6588126004461]]],[[[126.7536593991696,37.7139007003215],[126.7541063003388,37.7138831983777],[126.7541063010041,37.7138832013561],[126.7536593991696,37.7139007003215]]],[[[126.8997630998514,37.658335299825396],[126.8998124998984,37.6583039997843],[126.8998374000834,37.6583330001679],[126.8997630998514,37.658335299825396]]],[[[126.9688949992743,37.495382600408796],[126.96889500048971,37.4953825982399],[126.969159700613,37.4955913997286],[126.9688949992743,37.495382600408796]]],[[[127.01707929929941,37.5416474001942],[127.01725280040759,37.5415507999096],[127.0170793003531,37.541647400170305],[127.01707929929941,37.5416474001942]]],[[[127.0564771997733,37.544379199501],[127.05647719980351,37.5443792010467],[127.0564771986908,37.544379200387404],[127.0564771997733,37.544379199501]]],[[[126.4569495997155,37.4485350998415],[126.4569496015828,37.4485350998008],[126.45694960047331,37.448535101496304],[126.4569495997155,37.4485350998415]]],[[[126.81419609860221,37.3509707992723],[126.8141961032493,37.3509708030058],[126.81419610019961,37.350970803757],[126.81419609860221,37.3509707992723]]],[[[126.9326922992488,37.469213798599895],[126.9327460004963,37.469195299828904],[126.9326922999163,37.4692138003038],[126.9326922992488,37.469213798599895]]],[[[127.0364557992821,37.4846468993749],[127.0364558003888,37.4846469000747],[127.0364608000383,37.4848170001089],[127.0364557992821,37.4846468993749]]],[[[126.4330984997617,37.4724387997788],[126.4330985006432,37.4724387993014],[126.4330985004144,37.4724388002802],[126.4330984997617,37.4724387997788]]],[[[126.6350589994514,37.6088989996689],[126.6350537994566,37.608811299756596],[126.6350589992679,37.6088990012933],[126.6350589994514,37.6088989996689]]],[[[126.6498148957387,37.566665800551405],[126.64981490071719,37.5666657924697],[126.6498149006666,37.566665801351405],[126.6498148957387,37.566665800551405]]],[[[126.8064696986976,37.5926409005423],[126.8064697005306,37.5926408996934],[126.806469699864,37.592640900803],[126.8064696986976,37.5926409005423]]],[[[126.9660333982326,37.4984227027945],[126.9660334000942,37.4984226982779],[126.9660334013396,37.498422700545596],[126.9660333982326,37.4984227027945]]],[[[126.6242866997868,37.6071872017839],[126.6242866994544,37.6071871999604],[126.6242867007378,37.6071871992666],[126.6242866997868,37.6071872017839]]],[[[126.69393569934739,37.417975100163],[126.69393569920089,37.4179750992805],[126.6939357012631,37.4179750992782],[126.69393569934739,37.417975100163]]],[[[126.7391375995634,37.515373500455304],[126.73913760037,37.5153734994224],[126.7391376004311,37.5153735002891],[126.7391375995634,37.515373500455304]]],[[[126.7602596996015,37.7188857002498],[126.76025970037081,37.718885700078104],[126.7602597002877,37.718885700674804],[126.7602596996015,37.7188857002498]]],[[[126.79677799964891,37.5812023000949],[126.7967780001816,37.5812022991959],[126.79677800029211,37.5812022999719],[126.79677799964891,37.5812023000949]]],[[[126.79775359959069,37.6193614001046],[126.79775360112349,37.619361398544406],[126.79775360101819,37.6193614005117],[126.79775359959069,37.6193614001046]]],[[[126.9365399999104,37.5619297999108],[126.93654000011189,37.561929800038],[126.93653999999559,37.5619298001047],[126.9365399999104,37.5619297999108]]],[[[127.026481899606,37.5291542001401],[127.02648189984899,37.5291541994987],[127.02648190070519,37.5291542004641],[127.026481899606,37.5291542001401]]],[[[126.4350366996334,37.4713392999105],[126.4350367005507,37.4713392991941],[126.4350366998825,37.4713393006426],[126.4350366996334,37.4713392999105]]],[[[126.7011769956588,37.5824149030564],[126.7011770017878,37.5824148984764],[126.7011770007428,37.5824149013457],[126.7011769956588,37.5824149030564]]],[[[126.7480424990348,37.5442830994685],[126.7480425007545,37.544283100364304],[126.7480424993483,37.5442831003803],[126.7480424990348,37.5442830994685]]],[[[126.7633148990388,37.565762198124204],[126.7633149014961,37.565762200536405],[126.7633148986988,37.5657622009046],[126.7633148990388,37.565762198124204]]],[[[126.7946763967194,37.3129256030248],[126.7946764007455,37.3129256000639],[126.7946763998948,37.312925604391],[126.7946763967194,37.3129256030248]]],[[[126.8163602993121,37.4615644006618],[126.8163603006117,37.4615643992835],[126.8163603012109,37.4615644004169],[126.8163602993121,37.4615644006618]]],[[[126.9364288000135,37.561607800206595],[126.9364287999387,37.5616077999214],[126.9364288001296,37.5616078001561],[126.9364288000135,37.561607800206595]]],[[[127.0052403995495,37.496291998911396],[127.0052404004367,37.496292000564594],[127.00524039956841,37.496291999967696],[127.0052403995495,37.496291998911396]]],[[[126.74831749936929,37.547066899841795],[126.748317501276,37.5470669005621],[126.7483174995996,37.5470669005337],[126.74831749936929,37.547066899841795]]],[[[126.7741712996988,37.4035266001029],[126.7741713000624,37.4035265990871],[126.77417129978551,37.4035266005763],[126.7741712996988,37.4035266001029]]],[[[126.7867633998407,37.5320847997031],[126.7867634000481,37.532084800127],[126.7867633998387,37.532084800127],[126.7867633998407,37.5320847997031]]],[[[126.7964663996663,37.581487200495],[126.7964663999605,37.58148719981],[126.7964664003036,37.581487199984394],[126.7964663996663,37.581487200495]]],[[[126.8822595998431,37.501797100028895],[126.882259600132,37.5017970998831],[126.8822596000262,37.501797100092],[126.8822595998431,37.501797100028895]]],[[[127.02788009993711,37.528020399707806],[127.0278801002562,37.5280204001193],[127.0278800999795,37.5280204000638],[127.02788009993711,37.528020399707806]]],[[[127.03501809979561,37.4846235997201],[127.0350181000825,37.484623599957],[127.0350180999807,37.4846236000674],[127.03501809979561,37.4846235997201]]],[[[126.7603855998483,37.7196254999754],[126.76038560016181,37.719625499935],[126.7603856000846,37.7196255004747],[126.7603855998483,37.7196254999754]]],[[[126.9546666999131,37.495713700045904],[126.9546667000148,37.4957136998346],[126.9546667000474,37.4957137000257],[126.9546666999131,37.495713700045904]]]]}}]}