{"type":"FeatureCollection","features":[{"type":"Feature","properties":{"interval":15,"stationId":"5801302006"},"geometry":{"type":"MultiPolygon","coordinates":[[[[127.0646239998442,37.5613919995906],[127.06462400015789,37.5613919999743],[127.0646240000266,37.5613920001799],[127.0646239998442,37.5613919995906]]],[[[127.07822039898821,37.556827299874],[127.08026560086661,37.5560284990492],[127.08052310004149,37.558209400563804],[127.0794829991447,37.557403400939],[127.0783322991031,37.5578468009654],[127.07822039898821,37.556827299874]]],[[[127.0871420989554,37.5511896002836],[127.0876428995416,37.549321499653],[127.0883035997728,37.5491890997903],[127.0908482994333,37.549149398621594],[127.090967700891,37.5498976992968],[127.09192760056831,37.5492880996311],[127.0912368002418,37.5505539996708],[127.0923774010552,37.5506861006159],[127.0919754008725,37.5528323007916],[127.0885577006368,37.5540819009233],[127.0871420989554,37.5511896002836]]],[[[127.0982638997892,37.5469118996271],[127.10017069760171,37.5458851996236],[127.0994981982742,37.543992201516595],[127.1001887997928,37.5441865997263],[127.1017400001122,37.5421399995405],[127.10146300060859,37.542809599669596],[127.10268860066739,37.5428245994943],[127.10325049958401,37.5438906991216],[127.1037579002662,37.5424049995693],[127.105771399579,37.542843499007795],[127.10517020053301,37.5442913998982],[127.107024901068,37.5444191998959],[127.1053974011754,37.5459296998216],[127.10674999982281,37.5466299991213],[127.10849470032119,37.5462304000917],[127.10720980078511,37.5482083010933],[127.1052530001952,37.5476357015553],[127.10432029975439,37.548626401371806],[127.1018003995392,37.5488333019278],[127.1012138984364,37.547543701046095],[127.0982638997892,37.5469118996271]]],[[[127.0984210990101,37.5133477000975],[127.1017193999482,37.511050599806595],[127.10033380061161,37.5120566001748],[127.1012784996669,37.512369399861996],[127.1014642001599,37.5118111995737],[127.10139400095309,37.5133883987469],[127.1028294995176,37.5133190988162],[127.1035574004925,37.5149067004814],[127.1025597992188,37.5155584008996],[127.10147330009889,37.5148481003871],[127.1013109999666,37.5137120010468],[127.0993550007552,37.514454301265594],[127.0984210990101,37.5133477000975]]],[[[127.1018296997944,37.5113716000133],[127.1021097999997,37.5110502998492],[127.1023249005157,37.5114200001315],[127.1018296997944,37.5113716000133]]],[[[127.102707899329,37.5035769005045],[127.1036287001763,37.5032801996568],[127.10485779945441,37.5043570991015],[127.1057327997806,37.502705899498004],[127.1074274992183,37.5023962989163],[127.1084840992271,37.5031417989409],[127.109892700236,37.5023876997498],[127.10943930064971,37.5042922000314],[127.1104542005785,37.5050099000388],[127.1098403003359,37.506436100045505],[127.1106006005855,37.5079301010495],[127.10833510078551,37.5069575011185],[127.1068574005547,37.5083384009289],[127.1057949007569,37.5075114010778],[127.10398989993111,37.5083927002588],[127.1041878988568,37.5062810995108],[127.102707899329,37.5035769005045]]],[[[127.1034487993167,37.5210322999609],[127.1034487999806,37.5210322994966],[127.1034488004288,37.5210322999338],[127.1034487993167,37.5210322999609]]],[[[127.1044380993001,37.5146108985817],[127.1061324986189,37.5142847990057],[127.1048813997674,37.5124525998947],[127.1081142001186,37.5117676996239],[127.1086711006714,37.5132992991314],[127.11215469928561,37.5123538988467],[127.11292349969489,37.513583698588896],[127.1145329997044,37.5128534986761],[127.1171512001386,37.513689299386904],[127.1179235996422,37.5149324985895],[127.1196518995954,37.5143058985532],[127.1199868006953,37.5148139010834],[127.1186567014979,37.5152705004496],[127.1201330004955,37.5165320002407],[127.11793110154831,37.517461700416],[127.1170428024478,37.5193188987009],[127.1185591030554,37.5230237004528],[127.1177088012027,37.5243173006073],[127.1181368007747,37.5264099985146],[127.11921869969281,37.5271754977491],[127.122414499173,37.525998298611796],[127.12345170113541,37.524072798392396],[127.1257569007202,37.5251304977253],[127.1261315016429,37.5260841988325],[127.1280089997654,37.5252541996625],[127.1294276001925,37.5268948986957],[127.1309014994707,37.526415198945],[127.1310021996744,37.525169299298305],[127.1335939996402,37.5214493997437],[127.1329274987109,37.5197084997853],[127.1335332983614,37.5180693002214],[127.13204849984619,37.5174836008071],[127.1305563013384,37.5180098002809],[127.131220700665,37.5196582014432],[127.12755510040529,37.5183743014287],[127.1264573984473,37.518807100385494],[127.1259788987836,37.5180750997355],[127.1268308988371,37.5179918990356],[127.125940699143,37.5158454988283],[127.1266351997304,37.516189699619],[127.1293919984399,37.5138878993929],[127.12858489953291,37.512643600406896],[127.1271545999728,37.512804700156195],[127.12599190030251,37.5103573014606],[127.12429819997399,37.5110318007129],[127.12259129944759,37.510006200689496],[127.1224164984215,37.5083089994679],[127.1246774992142,37.5064490999492],[127.1238746995339,37.5056854992892],[127.12450160045701,37.5055804985302],[127.1246775014886,37.506449099065996],[127.1263660998,37.5069238985912],[127.1300785008187,37.50680029949],[127.1297144005906,37.508749700142005],[127.12864040110439,37.5094260002977],[127.12873810035151,37.5112702994549],[127.129679800381,37.5123621993263],[127.13126510031849,37.5119760998706],[127.1309109003471,37.5132380995558],[127.1316481996098,37.513614499179404],[127.1317354000181,37.5128933993911],[127.13364059963801,37.5122180994549],[127.134861100376,37.5129092001198],[127.13530170003929,37.5147673995552],[127.1362063004348,37.5142114001576],[127.1353186005838,37.5151442000576],[127.13579080042959,37.516667000077],[127.1345643014335,37.5172652998086],[127.136868100181,37.517693299630295],[127.1372197000109,37.518808299606704],[127.14137640149009,37.5183864996172],[127.1401641010793,37.5187633007758],[127.14002190285049,37.5213254009152],[127.1371504027201,37.523043999975],[127.1392775008659,37.528031696672],[127.14215030236319,37.5273457994259],[127.142578900691,37.528681600572],[127.1408142005364,37.5313955999477],[127.1429189005991,37.5339783003768],[127.141805100576,37.5339745008219],[127.1418240002428,37.535089900794404],[127.1407220007994,37.5358392001738],[127.1421032011356,37.5378720997395],[127.14087550018421,37.5396491013278],[127.14022469980631,37.538780601061404],[127.1389645003513,37.5390817009366],[127.1374271010221,37.541811800434395],[127.1345613996707,37.5414211005287],[127.1336702999461,37.5405149006442],[127.1314116016032,37.5420393996745],[127.13304380042119,37.542427999963],[127.1320922006449,37.5436295009181],[127.13152330020719,37.5432073009644],[127.1302782004233,37.5439765007861],[127.1293607008462,37.5465413998833],[127.1302730999338,37.547776398648296],[127.1307324001614,37.5469868993431],[127.1320101996746,37.5482084989591],[127.1329302004449,37.5478229995021],[127.1316226006967,37.5497977000708],[127.1315922005903,37.5518141004706],[127.12919690004189,37.5547440001144],[127.1288824996808,37.5538594008172],[127.1261553991451,37.5533665013361],[127.1236693996823,37.5514762007203],[127.1231506960134,37.550667096719195],[127.12418019932319,37.550195398442],[127.1243550991483,37.5484446001928],[127.12351719988979,37.5468375011554],[127.1224687003272,37.547305800846694],[127.12198399997949,37.5461284006488],[127.1208502996264,37.546607300241],[127.1183917997755,37.5458766001119],[127.1184507992469,37.543911201091],[127.1150346992288,37.5442968002862],[127.1155310985809,37.5421146022977],[127.1140852998221,37.539596300076596],[127.1138718984093,37.5366054991692],[127.1124048995251,37.535686499253494],[127.1135623993584,37.5353238995808],[127.11382689880611,37.5317516002329],[127.1129886997482,37.5306052005445],[127.1121515997204,37.531012999427304],[127.1134725996827,37.529469199603],[127.1133219998333,37.5287978002744],[127.1125190995913,37.5291033001614],[127.1139410992226,37.5281785002743],[127.1132629995337,37.5272565998492],[127.11503349852279,37.523309900447],[127.1141846992535,37.5217271013981],[127.1118563999856,37.5220453009503],[127.1105452995116,37.5203493020308],[127.1077925992648,37.5199290002233],[127.10847129829021,37.5162541027894],[127.10648660027489,37.5160366030069],[127.10541040066829,37.5188426005191],[127.1046699991886,37.518929200366806],[127.1062601982505,37.5155309001015],[127.1044380993001,37.5146108985817]]],[[[127.1104876992749,37.5013019997232],[127.110790299567,37.499896599517896],[127.112251399203,37.4992980996537],[127.11153069976301,37.498830399713306],[127.1126826994646,37.498829099640105],[127.1125478998432,37.4975827994226],[127.114441000665,37.497540899253394],[127.1142907005142,37.4983851006138],[127.1124896002599,37.4990237001688],[127.1124077000026,37.5010353003277],[127.1104876992749,37.5013019997232]]],[[[127.1110934993543,37.510661599811996],[127.1111826007105,37.5107904993852],[127.1111826002577,37.510790500410096],[127.1110934993543,37.510661599811996]]],[[[127.11219769956189,37.497095699839804],[127.11219770019339,37.4970956999097],[127.1121976999864,37.4970957003281],[127.11219769956189,37.497095699839804]]],[[[127.1122020992382,37.510280100920504],[127.113155000435,37.5097750997569],[127.1122021010167,37.5102801016519],[127.1122020992382,37.510280100920504]]],[[[127.1171404986502,37.494103199464],[127.1188458000328,37.4920933992424],[127.11927330049551,37.4927017002685],[127.1171404986502,37.494103199464]]],[[[127.1224488998885,37.4858151999621],[127.12254780019701,37.4858462999156],[127.12267440015589,37.4858906999602],[127.1225478000382,37.485846300222896],[127.1224488998885,37.4858151999621]]],[[[127.1257516996194,37.5029866002538],[127.1262357987823,37.5005336996212],[127.1271898990297,37.5000894991787],[127.1300821005858,37.5011482006403],[127.1303113003125,37.5024404998181],[127.1294422003772,37.503343299839095],[127.1301057002078,37.5038325004242],[127.12649619956491,37.5037622003182],[127.1257516996194,37.5029866002538]]],[[[127.13390749957581,37.4985680998953],[127.13421099953949,37.497637699123295],[127.1363200008507,37.497280000235904],[127.1357705997324,37.4982975012475],[127.13390749957581,37.4985680998953]]],[[[127.1426244994433,37.545098500129804],[127.1437907012576,37.5458114996446],[127.1432916000184,37.546366200613804],[127.1426244994433,37.545098500129804]]],[[[127.14427189965511,37.4930735001803],[127.14427190005851,37.4930734999784],[127.144271900042,37.493073500199],[127.14427189965511,37.4930735001803]]],[[[127.14734969825791,37.527859399903896],[127.1479433992903,37.5276917982395],[127.1481089024056,37.5276450992163],[127.14734969825791,37.527859399903896]]]]}},{"type":"Feature","properties":{"interval":30,"stationId":"5801302006"},"geometry":{"type":"MultiPolygon","coordinates":[[[[126.9979828998278,37.5672123997915],[126.9980589000266,37.5672956000108],[126.9980625999572,37.5672512000544],[126.9980025998291,37.567294899920704],[126.9979828998278,37.5672123997915]]],[[[127.0038410988647,37.5644110002137],[127.0045999999339,37.564769999621],[127.004629199946,37.5636680988472],[127.00573589955191,37.5632859992108],[127.0073066006293,37.5646779996266],[127.0059400001196,37.5662898004554],[127.0050320997262,37.5647302005353],[127.00433579969531,37.5655087002892],[127.0038410988647,37.5644110002137]]],[[[127.00743589960831,37.491762199878195],[127.00819130022339,37.4919981000692],[127.00769820042969,37.492181100479804],[127.00743589960831,37.491762199878195]]],[[[127.0075784995567,37.5660029000751],[127.01003460020439,37.5653706998263],[127.0081764000489,37.5661864001425],[127.0075784995567,37.5660029000751]]],[[[127.010320799558,37.5607294999797],[127.0118192993472,37.559480299445795],[127.01156240002071,37.558807199276394],[127.0122074999804,37.5593538989277],[127.0127145994733,37.5584304998511],[127.01213900092081,37.5574728992343],[127.0142075994683,37.5597366980028],[127.0159994000785,37.5583508994275],[127.01586260074511,37.5594746990324],[127.017237400715,37.5595236999891],[127.01499840054,37.562053900894504],[127.0152930997881,37.56302520043],[127.01474829965329,37.5621411010453],[127.0136611997999,37.562601100626004],[127.0105212993458,37.561679300285505],[127.010320799558,37.5607294999797]]],[[[127.01248599907649,37.493320799028],[127.0132831994871,37.493558699161],[127.01472460014729,37.4922606990995],[127.0167735008785,37.4945539003276],[127.0146620009324,37.493896400428795],[127.0141870000655,37.4945270010808],[127.01248599907649,37.493320799028]]],[[[127.0161929994879,37.5664223998466],[127.0161930001125,37.5664223998981],[127.0161930000676,37.5664224002641],[127.0161929994879,37.5664223998466]]],[[[127.0164732997467,37.565378099971895],[127.01741919993931,37.565502099235005],[127.0192239995201,37.5631650992024],[127.0191073005427,37.5639553994278],[127.0202159003927,37.5635507990433],[127.0224238005223,37.565765000108],[127.01964439991211,37.568280800073595],[127.0183561998707,37.5675504002325],[127.0185688996701,37.566532800396594],[127.0179741999664,37.5669208003797],[127.0180468998163,37.5661091004269],[127.0164732997467,37.565378099971895]]],[[[127.01761559926099,37.55340339991],[127.01884479922559,37.552196199807696],[127.0178191001925,37.5511958993819],[127.0212618999603,37.5508498993713],[127.0212786018244,37.553645698774396],[127.0236833994196,37.55296039945971],[127.0237987992697,37.5522237986905],[127.0248056995249,37.552516999246805],[127.02368340129189,37.552960400452],[127.0248586003114,37.5551394987803],[127.0272502001146,37.5545199994046],[127.0302524995802,37.555937198423905],[127.031822100919,37.5558056987525],[127.03432699929661,37.5551100998776],[127.03400449998189,37.554359499928495],[127.03502640066681,37.5562389998904],[127.034082700901,37.5559496008091],[127.0342735007364,37.5573063996262],[127.0362682995443,37.558157298973],[127.0378498984,37.5565451992817],[127.0414413002967,37.5567979995769],[127.0420366001286,37.5579817001207],[127.0411127007355,37.5579185002896],[127.0410692007121,37.559603899677896],[127.04421519948579,37.5611090988629],[127.0448922997781,37.5606752987116],[127.0458976003827,37.5625626993217],[127.0469346997392,37.5617519995915],[127.0480976996268,37.562239299414],[127.0477034996633,37.5610010999074],[127.04839370014241,37.5606811997188],[127.05138759972739,37.5624979992319],[127.0530561975511,37.560363198671595],[127.0544167989973,37.561046298552],[127.0541305999691,37.5588396983534],[127.0555611985385,37.5586333985597],[127.0560731980265,37.5573138998792],[127.0555456972195,37.5562794996995],[127.0573679994229,37.554302999790394],[127.06057109766931,37.554318998904],[127.0626974995448,37.552707396067404],[127.0640418017452,37.552844798131304],[127.0638257009328,37.5540630992608],[127.0669356996018,37.5559405990533],[127.0682378982996,37.5547105002834],[127.0667278001974,37.5493880010481],[127.06558840019859,37.5499870009891],[127.0658883993685,37.548992600591795],[127.0651141998048,37.5494002003673],[127.0641028997343,37.5480793000852],[127.0652243988918,37.5481178994455],[127.0667117995381,37.5453519000134],[127.06532130045939,37.5442115010279],[127.0643373997583,37.5443442001338],[127.063599398949,37.542930301196805],[127.0621345003354,37.5433949007232],[127.05938919890279,37.547234901488096],[127.0559048001811,37.5478981015358],[127.0534019002193,37.5452991010885],[127.0521000013499,37.5456917008533],[127.05254150057691,37.547266300470994],[127.0519586990466,37.545879300864804],[127.048731100784,37.5468589003535],[127.0483185003906,37.5481920002893],[127.04827999985541,37.5468810009841],[127.0453116010202,37.5469613005353],[127.0460251005857,37.5477074007323],[127.0449124000857,37.5475064007708],[127.0443658002029,37.5492932006399],[127.0443684992827,37.548447700628095],[127.0435850987737,37.5485771007829],[127.0446476996071,37.5471471997879],[127.0448134984597,37.5451160998663],[127.04576010012579,37.545537199157195],[127.0471186012447,37.544642399385104],[127.047370300993,37.545475098552394],[127.0491170992462,37.545492498535005],[127.0499522001821,37.546354599357],[127.0519586987719,37.545879298990805],[127.0526833988609,37.5439468003425],[127.051913899152,37.543469898567196],[127.0528294982364,37.5432044988326],[127.0547033990933,37.5403052988656],[127.0558134995617,37.541111498942],[127.0573565004184,37.5409920984633],[127.0586455999686,37.5427239996733],[127.05981220053529,37.5419351986651],[127.06016830108621,37.542677898828],[127.0616047996497,37.5422566992492],[127.06399259948701,37.5381991993604],[127.0633110002042,37.536637299226],[127.0646088997827,37.5370334993114],[127.0654218993026,37.5360892001731],[127.0615715991045,37.5332699993438],[127.064156999658,37.5329544994471],[127.0647808990341,37.5323511000505],[127.0640448997532,37.5312102008186],[127.0622093996613,37.5316038995968],[127.0643069006493,37.5300025995596],[127.0647903002867,37.53230299882],[127.0668192993037,37.5304235997602],[127.0655531994241,37.529526800028],[127.0671302995329,37.5302902986914],[127.068037399942,37.5285837998925],[127.0696769005396,37.528904899287504],[127.0699959007716,37.5309755992691],[127.07120559956189,37.5310193992253],[127.0710268999361,37.529525399528495],[127.0713562004006,37.530517499000304],[127.0724459996388,37.530815799192],[127.0732896006258,37.530015899836805],[127.0721611007385,37.5314308007675],[127.0723978005018,37.5323528998454],[127.07018310146819,37.5347913995749],[127.0713147003366,37.535303299063],[127.0717785007582,37.5346452994647],[127.0738614004362,37.537020899706704],[127.0765145994756,37.536985599598204],[127.0764146005596,37.535643099633404],[127.07803349925331,37.5359197998292],[127.0772978999889,37.5356154001336],[127.07676569909759,37.533383700431905],[127.0779621996987,37.5331322994766],[127.07889899971151,37.5315626993686],[127.0799937000186,37.5312467994643],[127.0806502996208,37.5323120988516],[127.0805318997771,37.5310832995568],[127.0843768996205,37.5312698993099],[127.08690200006619,37.5303393996026],[127.0881083994817,37.5314163988346],[127.08901709984741,37.5299159997786],[127.0904882994502,37.529917599313194],[127.09190819914511,37.5309909991002],[127.0963764946768,37.521841708249504],[127.0937003962633,37.5215354050816],[127.091335698514,37.5192514073029],[127.0847839984308,37.5188395079184],[127.0843437983028,37.5174953010124],[127.0813390000197,37.5184468003576],[127.0789090989825,37.5180314002307],[127.0801470991323,37.5176007992524],[127.07952739975201,37.516379100474104],[127.07745749929329,37.5169574008386],[127.0747350002494,37.516230501014796],[127.0742471987994,37.5171125006024],[127.0718884011582,37.51456490315],[127.0704747025719,37.515993101721804],[127.0717713999191,37.5181995014222],[127.070474699402,37.515993100316],[127.06678499993309,37.5155227004351],[127.06616750004851,37.5165769008116],[127.0652755000755,37.5151183007663],[127.0633264008204,37.5155418004668],[127.0631442997528,37.5169525005506],[127.0588151991585,37.5171217018929],[127.0585462989921,37.5155016000826],[127.0568117999134,37.5150186004226],[127.0562887990102,37.5135467998469],[127.0566417992802,37.5129169992988],[127.0592277982546,37.5134174989605],[127.0599956974867,37.5123403000377],[127.0572716997706,37.5117731004205],[127.0567957991262,37.5112881009277],[127.0573661989505,37.510018900287],[127.0560507999377,37.5099332001306],[127.05589159956429,37.5085372008354],[127.0526162003661,37.5063951011077],[127.0512848009352,37.5077810003042],[127.0517406001876,37.5083986010841],[127.0500990007593,37.506908701982994],[127.0480845012156,37.5071763018801],[127.0458212002095,37.509051300938104],[127.04427990175081,37.509270300719095],[127.0456552017715,37.5108085005145],[127.04271159969831,37.5107676009138],[127.0423937989357,37.5098560996718],[127.0437742996479,37.509100099513496],[127.0430320996835,37.5078056001992],[127.04362279899179,37.505935700156805],[127.0423230993008,37.5050959001308],[127.0429859995365,37.5036633003581],[127.0419732001838,37.5027145004164],[127.0405355003449,37.5017992009388],[127.0372942005165,37.5035766005532],[127.034855999768,37.503221400501104],[127.0334176994708,37.5010518003987],[127.0322756997517,37.5006072005344],[127.0320016991755,37.4992091000328],[127.0296209011517,37.4992073003405],[127.02926269968981,37.49984850079],[127.02856510042429,37.498447401466905],[127.02795640094429,37.5003231004718],[127.02604029979841,37.5009804005952],[127.0260198995327,37.4992675012544],[127.0250806995169,37.498992201240405],[127.0237834001738,37.4966438992887],[127.02512469955451,37.4970218991469],[127.0256820992314,37.496014099724896],[127.02770099940969,37.4961025989409],[127.0289478000642,37.494943099634604],[127.02939990042731,37.496616199101496],[127.0302159006349,37.4968647994806],[127.02964110092681,37.497990898976],[127.0320017004328,37.499209099117],[127.03586919975449,37.497132199501806],[127.037818999635,37.49770769913],[127.0386414002234,37.4971904995225],[127.0399072006946,37.5004181997102],[127.0420627000626,37.5025243993716],[127.0441979995215,37.5016166988352],[127.04885559838219,37.5026937983016],[127.0496580989165,37.4995871981858],[127.0511793000536,37.4999320986973],[127.0517171002172,37.498794199538],[127.0517180005227,37.5000832988836],[127.0555902001183,37.5053997997609],[127.0585971004349,37.5051018989073],[127.05913320023191,37.5040423992951],[127.0614286985809,37.5033507994189],[127.06290790087179,37.5031786995908],[127.062954300885,37.503864499067596],[127.0643096995296,37.5043158986162],[127.0657022003196,37.5020058985502],[127.0717562970182,37.5053989960175],[127.0754001019361,37.503515997085096],[127.0759776002872,37.5041454001829],[127.07506700119781,37.505193999134306],[127.0760421002227,37.506159398168904],[127.0773975998608,37.5050660990315],[127.0776551005342,37.5067051989354],[127.07955909974339,37.506694399208904],[127.0795804998572,37.5058236996488],[127.0809661987884,37.5054359999474],[127.0804918998708,37.504402399700794],[127.0808082000741,37.5050871991971],[127.08216089962451,37.5039194992237],[127.0829174001761,37.504493199108396],[127.0844033994145,37.503675099554904],[127.0837774989039,37.5022330001204],[127.0842120993795,37.501407299247795],[127.0868991005937,37.5005171974734],[127.0880732010347,37.500671999497],[127.0885272011077,37.5017250992895],[127.0903716998542,37.501568799665804],[127.09269929846671,37.4997350004432],[127.09278070060621,37.4985448993438],[127.0973634975215,37.4969399977402],[127.09659979812531,37.493341000646],[127.09729439966439,37.492211000142895],[127.0968737000851,37.4908747014792],[127.09599469694241,37.490707201065604],[127.0961589967099,37.4875566978469],[127.0954001974687,37.4847840006196],[127.0945980002776,37.4843823984513],[127.09949999913441,37.481966499114],[127.0991819007137,37.4824143995749],[127.100493700312,37.483449298505995],[127.10140650013929,37.4816785993777],[127.1040284005451,37.4807930993935],[127.1047900997834,37.4822853979012],[127.1078431012033,37.483521298228396],[127.1077086006096,37.4886707975346],[127.11106270051961,37.4877262979955],[127.1123878991944,37.4855417001801],[127.11482429867709,37.4840808000643],[127.1135366999647,37.4830968010483],[127.1127210996617,37.4841469004662],[127.11406050022549,37.4823174962162],[127.1144635002439,37.483027899554],[127.1166719980354,37.483360899221],[127.11786649852421,37.4814285988087],[127.11715079923991,37.4797832004541],[127.116527699863,37.4795314007059],[127.1159321983538,37.480478698055],[127.12125359833651,37.4742002970482],[127.1227121968779,37.471150800097696],[127.1188923999263,37.4683849997137],[127.1194776995698,37.4688035995514],[127.1203066998776,37.467341699866],[127.1216080994339,37.467776999731],[127.12176959933919,37.4668372001215],[127.12324390018091,37.4661010982726],[127.1249976994644,37.466956197357796],[127.1276757993557,37.4644673991008],[127.1312411023013,37.467115798249004],[127.1330217008,37.4674237988301],[127.133925399617,37.466203899160895],[127.137385699202,37.464895597959895],[127.13780899877871,37.4632788995766],[127.1364531975295,37.4611129983567],[127.13857019977391,37.460064695551694],[127.1412048034204,37.460779794971195],[127.1446165000087,37.4595287962222],[127.14934719994119,37.4540059983089],[127.1496131996752,37.452781699533205],[127.1521554980968,37.455454197790196],[127.154247400199,37.4548201998523],[127.1535395004443,37.4581698996336],[127.15376000039811,37.4592087991594],[127.15468040049231,37.4591073001391],[127.154613700211,37.4600371002473],[127.1519321961624,37.4587018022708],[127.1483022991695,37.458371102075404],[127.1457395004587,37.4613789004078],[127.1467058012319,37.462422498825504],[127.14602470118619,37.4627755007784],[127.1459606002987,37.4646786006588],[127.1444745010368,37.465639099989495],[127.1439642016116,37.4671040986087],[127.1446804017791,37.4679900006831],[127.1435972002302,37.467087600715196],[127.1424912003551,37.4671385007106],[127.14170180029261,37.4682242005118],[127.141659999663,37.4675327005985],[127.1404524000242,37.467864900613],[127.1403446995158,37.4662273007101],[127.1396336002269,37.4660529008845],[127.13938450055541,37.4672590004556],[127.1364323003386,37.4674227009266],[127.1355558000947,37.465409600625804],[127.1317979001919,37.4697629005068],[127.1272182003307,37.471195200986294],[127.1267486003409,37.472802900690496],[127.1257667993489,37.4703150002191],[127.1245464005693,37.4700854004487],[127.1243933010296,37.4711213010504],[127.1257756003489,37.4743382989176],[127.1270543013455,37.4740976998526],[127.1257756008892,37.4743383003094],[127.1263787002861,37.4754187992289],[127.1285729998268,37.4752508986994],[127.12961650063039,37.477099599062505],[127.13095629960189,37.475479800019805],[127.1302142993877,37.474826198902704],[127.1319144995622,37.475110097748804],[127.132910600041,37.4728798994768],[127.1348515002226,37.4735350987298],[127.1346080003073,37.4750810994627],[127.1359771001685,37.4744767991739],[127.1348851996709,37.475554200526695],[127.13369080009839,37.4731374006106],[127.1324873004392,37.473139900451],[127.1331252006611,37.4749337004974],[127.1322233006947,37.4781761995988],[127.13323200041211,37.4783861995895],[127.1337520011863,37.4796842993168],[127.13538220048359,37.479850499931096],[127.1345148010344,37.4798535003399],[127.1342485013007,37.4809696992237],[127.1360250005807,37.4818594013083],[127.1344443004436,37.4848382002307],[127.1345255003415,37.489149299577704],[127.135946199092,37.4885742000351],[127.13743529991841,37.4854190994596],[127.1384383000255,37.4846325998129],[127.1382936003924,37.4852014993456],[127.1391256995603,37.4853158992312],[127.1395301991558,37.484266000281096],[127.13886869947841,37.483915600087],[127.1395301998698,37.4842659986127],[127.1403123990876,37.4832807995979],[127.1398614001446,37.4826354992729],[127.1433370004339,37.4838564997408],[127.1437938000671,37.4851891994581],[127.14494329978069,37.484309699391794],[127.1458417996962,37.4855405994674],[127.14609400003401,37.4846671995846],[127.1470333005863,37.4861018992378],[127.1492568001043,37.4853926998051],[127.14911290040071,37.4863297996855],[127.15133369945559,37.4867312990771],[127.1522618000165,37.4859498999705],[127.1550888001079,37.4892445982811],[127.1560168007849,37.4883034991239],[127.1576370991646,37.4892168982105],[127.158410999608,37.4883092991215],[127.1596174016202,37.489570898971394],[127.1607413022835,37.4938768996699],[127.15952210081011,37.4946472004644],[127.1607936003255,37.4976359998113],[127.1616827040794,37.4975238977639],[127.1603253007879,37.4990927013453],[127.15995790064119,37.5011357005953],[127.1589457997525,37.5018604003779],[127.15662070012961,37.5005337014766],[127.15571110002321,37.5008671012593],[127.1553586001166,37.502417900750096],[127.1546918002227,37.5018166011143],[127.153893399797,37.5025971007545],[127.1529061983817,37.5015796022621],[127.15116469899709,37.5014259020709],[127.1496897004721,37.5028403006565],[127.1484228988779,37.5019430020488],[127.145343000148,37.502160500277],[127.1417248011771,37.5039336013916],[127.1413417015602,37.5065940987311],[127.14340520013431,37.5086104995339],[127.1453201016498,37.509070598863],[127.146749202067,37.5110168988216],[127.1488456004513,37.510816799326],[127.14674920160411,37.5110169006473],[127.1465313020133,37.513308299797096],[127.14810960043499,37.5150688980365],[127.1495453989992,37.5151867979186],[127.1500999003983,37.513962197805704],[127.1514861001542,37.513930099732406],[127.1503759013625,37.5144725997843],[127.1517461000531,37.515613599338],[127.1560059004384,37.514532399769],[127.1535652011653,37.516773800100204],[127.154335401005,37.517809199531904],[127.1553932012209,37.517585500102506],[127.153041201226,37.5187759007515],[127.1535696006976,37.520483899043505],[127.1554307032517,37.5196605988444],[127.15211680362751,37.5217339033891],[127.1510777040553,37.526560100746394],[127.1536101015229,37.5301216971848],[127.1555938995391,37.5300975972089],[127.15756660268609,37.5312798986622],[127.1569047024621,37.532633700255],[127.15905440152301,37.5337307020023],[127.1544373026868,37.5323049022055],[127.153892801534,37.535752800134496],[127.15476270066411,37.5365007993865],[127.1555768009474,37.5361108000912],[127.1547627009825,37.5365008001831],[127.15546090010709,37.5371365001266],[127.1525676012157,37.5364527007908],[127.15261820116511,37.538000499243005],[127.1545571036485,37.5388451007769],[127.15327160349,37.5402638058156],[127.1559794007822,37.5462171998622],[127.15649760031589,37.549149597875],[127.1593954004961,37.549355799355],[127.1607359013645,37.5527844983423],[127.16263330048649,37.551328699771],[127.1621011029381,37.5528376993083],[127.16512349991571,37.5532768988691],[127.1652330987898,37.5501171995287],[127.16684950064389,37.5498768993903],[127.1669552997126,37.55049730052141],[127.1654683011996,37.5505375004812],[127.1653615013064,37.5522869987317],[127.1667963998715,37.553134697884],[127.1700775993533,37.5530334975223],[127.1720090000148,37.553780099942095],[127.17192800092289,37.555236299136595],[127.1731196997312,37.556185098187804],[127.1739500989008,37.5549691994037],[127.1730839995375,37.5539372000599],[127.175010000741,37.5536585981612],[127.17447270050559,37.5535348002242],[127.1746262021243,37.5551108993809],[127.1732511021145,37.556199399994],[127.17443930092631,37.557203198990194],[127.1789370990117,37.5578074976167],[127.1796350003883,37.555873299171104],[127.1808750007885,37.5567602988234],[127.1801608012014,37.5583516990617],[127.1820802009568,37.5587820999688],[127.1805260005466,37.5592648007877],[127.180862600499,37.560102400454],[127.1798844001828,37.560709900575596],[127.17935240014219,37.5597747011227],[127.17827279844771,37.5597418017625],[127.17854599939619,37.5586571000069],[127.17759890034331,37.557771300892696],[127.1754232005443,37.557498303967996],[127.17358630240089,37.560809800844304],[127.1729338996204,37.5592762012058],[127.17170629967589,37.5593302005788],[127.1698945006604,37.5615179999659],[127.1703926003309,37.561739100248495],[127.1694487999537,37.5613095010048],[127.168957100246,37.562337700472604],[127.16800310040061,37.5619059008215],[127.16631149941661,37.5626990025165],[127.1625868998281,37.5628128001969],[127.16081939962129,37.5619523005164],[127.1596993001702,37.557501703144105],[127.158637701229,37.560554902308496],[127.15658090089609,37.5613814011003],[127.15693990000099,37.563181900046494],[127.1557193995928,37.5613502007469],[127.154914199861,37.561973200329696],[127.1550023994261,37.561067100804905],[127.1542385997791,37.5606905011108],[127.1536124000069,37.5617460003751],[127.1509213988391,37.5620872011705],[127.1489863003175,37.558843603535905],[127.1474384011417,37.5609400031352],[127.1448429021352,37.561909303622],[127.1434767981802,37.560308900983],[127.14364369801329,37.5588727024192],[127.1399924016646,37.5560290052629],[127.1343958997858,37.5648111002696],[127.1336670000817,37.5637441010139],[127.13148010027541,37.5634192011671],[127.129974599073,37.5605793013085],[127.1291106999369,37.560386801501004],[127.12767809306139,37.5615666047691],[127.1239013912073,37.5568383044845],[127.11916409474131,37.5473863077548],[127.1111680027374,37.5510545040866],[127.1106976032078,37.5547866003545],[127.1113185014821,37.5571878008826],[127.10799180041009,37.553657204110806],[127.10442480397711,37.556921700846296],[127.10310280085051,37.5569556006336],[127.1038013008429,37.5580339018836],[127.10295500053509,37.557102800959],[127.10232100001281,37.558364600752796],[127.099355001487,37.556218002545904],[127.0958701049719,37.5573508014131],[127.0961442051595,37.562269299015696],[127.09501909852351,37.561059301915996],[127.0918509016917,37.5602811026942],[127.0886536003848,37.564105400891],[127.0883618006766,37.5651462998501],[127.0891860006695,37.5662525989007],[127.0911694027315,37.5667780000197],[127.08983580038671,37.5688143007655],[127.0902965006534,37.570049300799504],[127.0892228004799,37.5724001996391],[127.0911580007698,37.5730202989903],[127.0916457011916,37.5773102002313],[127.0948899001317,37.5806896000445],[127.0933902001013,37.5805467002353],[127.094011800389,37.5815787002486],[127.09158840046831,37.5820167012401],[127.091845700081,37.5832758005614],[127.0892861004715,37.585149799892406],[127.08952200085861,37.586075199923705],[127.0917266004623,37.5874916998157],[127.0904868013229,37.5876563003227],[127.0921403007384,37.589397500826394],[127.0870992998425,37.5919306008667],[127.0852153983021,37.5905337986525],[127.08477169983061,37.5878484001459],[127.0836535983929,37.5874861003386],[127.08704469877081,37.584773300566304],[127.0869112987828,37.5837054006731],[127.0856207000734,37.5838149005636],[127.0826254995589,37.5818362000759],[127.0842195985971,37.5769756011227],[127.08326269955401,37.5765664015319],[127.0824690998794,37.5778057006978],[127.08192489935891,37.575992500405995],[127.08081669974639,37.5754952999296],[127.08147339959179,37.5749905000802],[127.08098950004491,37.5741665994484],[127.0824426991773,37.5738684994542],[127.0816479993835,37.5725305998419],[127.082666998908,37.572516399529796],[127.0819752998145,37.5710210005095],[127.07946579744589,37.569986701248],[127.0779945994258,37.5665615003827],[127.07566129907319,37.5650648011219],[127.07432399848881,37.561428402092794],[127.0717554000698,37.5625086000064],[127.0730545010406,37.5647855014608],[127.0724268001147,37.5678432001147],[127.0702022007211,37.5684187011108],[127.07029140066601,37.5697926010264],[127.0695247999258,37.5685859001544],[127.0669941993109,37.5677469011119],[127.064246200229,37.5683680007015],[127.0631209998582,37.567390100535796],[127.06235959995159,37.5683011017565],[127.0615475991913,37.5676186012773],[127.0600485006904,37.568356900539],[127.0588619005674,37.5671679013684],[127.0594017005367,37.570614801059804],[127.057491600003,37.572088400034296],[127.0578462995079,37.5713850000622],[127.05720960002779,37.5708454001088],[127.0572449001634,37.571974900116004],[127.05609870116851,37.5719805003383],[127.0560499001173,37.5729752003081],[127.05417709931871,37.5731319007255],[127.0530644004314,37.572297301560106],[127.0525201009757,37.573394500462896],[127.0530928001646,37.5740554003784],[127.05254700034621,37.5734713005618],[127.0501392998133,37.5737230004154],[127.0489156001901,37.5726754010714],[127.0471431006245,37.5736220006783],[127.0450003996696,37.571794500699404],[127.0442674988229,37.5722214004712],[127.04428040030801,37.5716687985873],[127.0469807002525,37.572991099811006],[127.0476857995474,37.5725663002358],[127.04682649893999,37.571007099378505],[127.048649699625,37.5701902001124],[127.0462672007072,37.568534201235],[127.0412429996929,37.571363600937396],[127.0375219996601,37.5702055008971],[127.0380223995093,37.5688045004665],[127.03412809986331,37.5668730003984],[127.03436189939339,37.5645007004556],[127.0318264012056,37.5652257998685],[127.0301330000284,37.567287200397004],[127.02940840011469,37.5658173004314],[127.0281948997517,37.5664339007531],[127.0248895000505,37.565050400615],[127.02656449935,37.5641273997879],[127.02619219966469,37.563692799676495],[127.02723519944641,37.562759099587204],[127.0277526001294,37.563262698881005],[127.02864779923421,37.5621755999681],[127.0297783998585,37.5622075997167],[127.0299469997563,37.5612087004614],[127.0285099001054,37.5605451007845],[127.0279463999356,37.5611975009462],[127.0267858992451,37.5602735009735],[127.02736299831679,37.5591431005033],[127.0246580996444,37.5574870004583],[127.0245447997604,37.5560148007481],[127.02232340020781,37.5570521002632],[127.022241699978,37.557769300298695],[127.01841399966571,37.558292200453096],[127.0198360989158,37.557233800359896],[127.0183319983191,37.5567766995892],[127.01761559926099,37.55340339991]]],[[[127.0291679993568,37.566991399825696],[127.0292332000454,37.5670548004304],[127.0291843999444,37.5670633000097],[127.0291679993568,37.566991399825696]]],[[[127.0309731998355,37.5139524999528],[127.031639700798,37.514166799540995],[127.0316397013633,37.514166800576],[127.0309731998355,37.5139524999528]]],[[[127.0398274990729,37.5166773001694],[127.04141130006619,37.515650899308994],[127.0424637014927,37.516683700261105],[127.04069410031249,37.5188336005885],[127.0398274990729,37.5166773001694]]],[[[127.0421100998268,37.5596391001296],[127.0421100998992,37.5596390998765],[127.04211010005021,37.559639099890596],[127.0421100998268,37.5596391001296]]],[[[127.0437531997396,37.5539290999032],[127.0437701001803,37.553846399871595],[127.0437532000156,37.553929100888],[127.0437531997396,37.5539290999032]]],[[[127.0441930997323,37.5539490999211],[127.044193099906,37.553949099494],[127.0441931000797,37.5539491000433],[127.0441930997323,37.5539490999211]]],[[[127.0445850981182,37.5434132002305],[127.0445850999171,37.543413199196905],[127.04458510027831,37.5434132004887],[127.0445850981182,37.5434132002305]]],[[[127.0451333989657,37.5538971995459],[127.0456732012063,37.5539181999945],[127.04523060039999,37.553987900555704],[127.0451333989657,37.5538971995459]]],[[[127.04590979947321,37.581283799896404],[127.0468282000405,37.5812837998441],[127.04694270013701,37.5804524996816],[127.0475325007796,37.5820026997013],[127.04590979947321,37.581283799896404]]],[[[127.0489138990403,37.5187630001155],[127.05179009997441,37.5177406987241],[127.05246780000151,37.5164488996724],[127.0534321004532,37.5167837991893],[127.0533814003122,37.517723398971],[127.0549702004095,37.5173415995943],[127.0544772006988,37.5188479997073],[127.0552488003749,37.519657399388],[127.0560101997669,37.5191050990712],[127.0565788002997,37.5200326000408],[127.05429429975399,37.5210333010649],[127.0546229993762,37.5203750006229],[127.0524197010828,37.5199951014487],[127.0510037994586,37.5206802010188],[127.04960279957331,37.5201393008135],[127.0489138990403,37.5187630001155]]],[[[127.0528906993004,37.4963229005938],[127.05289069952731,37.4963228992421],[127.05289070027891,37.4963228993981],[127.0528906993004,37.4963229005938]]],[[[127.0551147981486,37.491585398693],[127.055359298148,37.4909622989863],[127.0554153999279,37.490789798654504],[127.0553593009662,37.4909623002465],[127.0551147981486,37.491585398693]]],[[[127.0594201995889,37.5519009999012],[127.05942020027331,37.5519009998512],[127.0594201997699,37.5519010003532],[127.0594201995889,37.5519009999012]]],[[[127.06082629893591,37.534086999581],[127.06088040025101,37.5341012000817],[127.0608262994857,37.5340870008455],[127.06082629893591,37.534086999581]]],[[[127.0615721995978,37.4936173000308],[127.06236029933349,37.4942101986829],[127.0638732005256,37.4930399987991],[127.0638301006275,37.4947577984651],[127.0648996017477,37.495061400324495],[127.06336620007211,37.4948468013234],[127.06245179858,37.4958417008309],[127.0615721995978,37.4936173000308]]],[[[127.0681174998805,37.5181883001759],[127.06896419974879,37.518319599617],[127.0696411002356,37.516518399790705],[127.07013960071241,37.5188853005738],[127.0681174998805,37.5181883001759]]],[[[127.0686081994643,37.4986101998203],[127.0698608989175,37.496908500425604],[127.0693724998074,37.4964156991625],[127.0715760007945,37.494051399457796],[127.0700921004117,37.4964855998855],[127.07165270070381,37.496065099276],[127.07308680043249,37.4973884000348],[127.0704342001912,37.4967256022085],[127.0686081994643,37.4986101998203]]],[[[127.0723886985257,37.4913023009436],[127.0733337005788,37.4914393999331],[127.0726955991138,37.4917638008811],[127.0723886985257,37.4913023009436]]],[[[127.0747290989623,37.4921918004549],[127.0763693000922,37.4920876995457],[127.0769866000928,37.4910909995513],[127.0786045998647,37.492061199386804],[127.0793877995045,37.4906752972321],[127.0792955008006,37.4917917999545],[127.08176009833599,37.4928988988474],[127.0805942995018,37.4911140006323],[127.08112070043249,37.4902234991114],[127.0821910000652,37.4917341990593],[127.0824892004091,37.491321400191694],[127.08176010052729,37.4928988999709],[127.0844680001927,37.4948775000601],[127.0784617008393,37.494853300718404],[127.07709939987849,37.4969796016846],[127.07607319901399,37.4937587012907],[127.0747290989623,37.4921918004549]]],[[[127.07723339905449,37.482636099874604],[127.0784874993784,37.482814599261594],[127.08101279946119,37.4804271992648],[127.0859774002959,37.479764799264],[127.0842864028462,37.481388799151496],[127.08527640185619,37.4834877970525],[127.08815990403,37.4836291977071],[127.08520010018829,37.4874510023167],[127.0827449979369,37.486810100559],[127.082235898446,37.4853369020322],[127.0782043981813,37.4840597024504],[127.07723339905449,37.482636099874604]]],[[[127.0787177996947,37.6021460001407],[127.0796628000839,37.601734399853896],[127.0793934004415,37.6031923001864],[127.0787177996947,37.6021460001407]]],[[[127.0818062995928,37.4888105998839],[127.0818427988391,37.4887305986385],[127.08184280034591,37.488730600192895],[127.0818062995928,37.4888105998839]]],[[[127.0824838995768,37.5948592005274],[127.0864509003532,37.5931852997464],[127.0889440006035,37.5965784001495],[127.0850299996893,37.5966800003674],[127.0824838995768,37.5948592005274]]],[[[127.08748609837461,37.5174465993268],[127.087486100391,37.5174466003329],[127.0874860999865,37.5174466006418],[127.08748609837461,37.5174465993268]]],[[[127.09510809918551,37.4919747001743],[127.0951081004175,37.4919746995217],[127.09510810079071,37.4919747000118],[127.09510809918551,37.4919747001743]]],[[[127.1046383996078,37.4951138996726],[127.10470529998241,37.494969799885],[127.1046383998398,37.4951139003373],[127.1046383996078,37.4951138996726]]],[[[127.1075719995073,37.4987045003514],[127.1075719995823,37.4987044996655],[127.1075720002314,37.4987044998756],[127.1075719995073,37.4987045003514]]],[[[127.1188349993575,37.4674737998002],[127.1193692006617,37.467256899290604],[127.11943130037311,37.4675955001033],[127.1188349993575,37.4674737998002]]],[[[127.1227706982722,37.451312100523104],[127.1245140962509,37.4466106977853],[127.12613039858789,37.4448686993901],[127.12327479834461,37.439554699572],[127.12438629917659,37.4394286982785],[127.1246089997532,37.4378391989564],[127.12606550004999,37.437909399907],[127.12738779935549,37.4361681996109],[127.12828549951081,37.436397499331],[127.1285243998746,37.434288000783404],[127.1268092992893,37.432938400202],[127.1288852000729,37.4322431992318],[127.12891279940139,37.4300067000882],[127.12972549996081,37.429545499861106],[127.13009550098519,37.431575599392204],[127.1313257013564,37.431221200086604],[127.1327705002526,37.433023000045],[127.12891500036551,37.43400720115871],[127.12828550086981,37.4363974994489],[127.1294513002178,37.4365658993987],[127.1320220006487,37.4404802007163],[127.12990149986351,37.4427952008509],[127.1292061998833,37.4425846008517],[127.12880080028869,37.4438708995654],[127.1309452003829,37.4455301996998],[127.1320517006056,37.448660099815],[127.1329081003489,37.4490864001134],[127.13188900044631,37.449022001327],[127.1300727001834,37.4504504001483],[127.1303468004549,37.451052000163095],[127.128773400553,37.4510631003455],[127.1282470004236,37.451857499957804],[127.129683599897,37.4521364018481],[127.1272351003389,37.4518934011459],[127.1268040995806,37.4540179006751],[127.1227706982722,37.451312100523104]]],[[[127.1283245984427,37.4125216999416],[127.1284651999966,37.4121526990069],[127.12903770050269,37.4123349000055],[127.1283245984427,37.4125216999416]]],[[[127.13404319887479,37.4771702006048],[127.13443390057411,37.477320900808905],[127.13405420048919,37.4781867002213],[127.13404319887479,37.4771702006048]]],[[[127.14403809932891,37.468006800384394],[127.1440381002464,37.4680068000387],[127.1440381001918,37.4680068006127],[127.14403809932891,37.468006800384394]]],[[[127.14813959877709,37.441065799954195],[127.14823009865,37.4409408995171],[127.14823010077231,37.4409408991196],[127.14813959877709,37.441065799954195]]],[[[127.1547637998312,37.4437770999167],[127.15868160036989,37.4436282992237],[127.15927570111589,37.445235699867595],[127.1584510005662,37.44546910026],[127.1577940002275,37.4471007001552],[127.1573438998695,37.446271200329896],[127.15677679952721,37.4467895004452],[127.1556757990566,37.4462606008927],[127.155814698795,37.4445463012084],[127.1547637998312,37.4437770999167]]],[[[127.1565047984639,37.453012200847304],[127.1584706998132,37.448278899904196],[127.16209770047121,37.4500816986249],[127.1618749003969,37.4512258992472],[127.16285470123469,37.451386899507405],[127.1619862007783,37.4535924010955],[127.1603672002162,37.454347300529705],[127.1607263990786,37.4533931008408],[127.1565047984639,37.453012200847304]]],[[[127.1888649997054,37.5630409998638],[127.1906399996581,37.561439699899005],[127.19071269994511,37.560468199853105],[127.1938120998375,37.5606329985505],[127.1944029994004,37.5593066997537],[127.1951129005906,37.5596196001165],[127.19415870148751,37.5608594992316],[127.19663920084551,37.5617636999834],[127.1941400016008,37.5648085001773],[127.1954512004519,37.5656793997441],[127.19286989993181,37.566561500636595],[127.1905681994789,37.5663908998402],[127.18945809988979,37.5646152002535],[127.1896047996869,37.56313680029],[127.1888649997054,37.5630409998638]]],[[[127.1975614991813,37.5647180991782],[127.19763069963811,37.5646152993728],[127.1977860005275,37.564742100241695],[127.1975614991813,37.5647180991782]]],[[[127.2023425994329,37.5510322004603],[127.20600040044329,37.5514658000683],[127.20492609988169,37.553409600144704],[127.2023425994329,37.5510322004603]]],[[[127.20604209984491,37.5419353000187],[127.20661170005789,37.5416695998195],[127.20675160018051,37.5418595999133],[127.20604209984491,37.5419353000187]]]]}},{"type":"Feature","properties":{"interval":60,"stationId":"5801302006"},"geometry":{"type":"MultiPolygon","coordinates":[[[[126.8529440987553,37.5622269006633],[126.8544361992566,37.561679999560106],[126.8538110994399,37.5610395001627],[126.85427269941009,37.5594108989701],[126.8554672004641,37.5609614992404],[126.8569429003071,37.5605351993119],[126.85597440040209,37.562749000931],[126.8555363993733,37.5620007007727],[126.8529440987553,37.5622269006633]]],[[[126.85638799952319,37.525048599936696],[126.8563880007696,37.5250485995873],[126.8563880011766,37.525048600714996],[126.85638799952319,37.525048599936696]]],[[[126.8635423991648,37.5262772001127],[126.8649488999424,37.5250641991365],[126.86516330062791,37.5260199003359],[126.8635423991648,37.5262772001127]]],[[[126.866646099432,37.5257993992727],[126.8666461011932,37.5257993997166],[126.8666461001456,37.525799400759695],[126.866646099432,37.5257993992727]]],[[[126.8689382996982,37.547513100055305],[126.8703186996706,37.54480129969],[126.8716524994929,37.545271098873],[126.8717115993496,37.5440087991778],[126.87402259907941,37.5425971995258],[126.87425240035971,37.5434074989482],[126.8756568000241,37.542781298976],[126.87697890004159,37.5442322989451],[126.8783208999326,37.5439784989251],[126.8796490005451,37.5461347988679],[126.8804793997147,37.5455472994554],[126.88096490032349,37.5467000009708],[126.8787427006484,37.549452101630905],[126.8782066000812,37.548947800883],[126.8766542990417,37.5504178008666],[126.8736056996231,37.5493371001669],[126.87323160027239,37.548376900745],[126.8729752002536,37.5491032004008],[126.8722330998518,37.5489169003795],[126.87200990004459,37.5477313008339],[126.8706754004724,37.5487696004289],[126.8695780996631,37.548497501065704],[126.87067999925209,37.547615699957305],[126.87008739960861,37.5470061004144],[126.8689382996982,37.547513100055305]]],[[[126.8716150996985,37.5250675998437],[126.8718622999304,37.5243643996774],[126.8727834997798,37.5245033994383],[126.873639200148,37.5227844992113],[126.8740379006846,37.524315299098596],[126.875045499677,37.5245677988461],[126.8746738001413,37.5226308994861],[126.8753288000866,37.5234604990793],[126.87718600028239,37.5231947997587],[126.8771593004986,37.524268500187596],[126.87609540099929,37.5244192000149],[126.87785680025381,37.5254895995734],[126.8761095009111,37.5257852006333],[126.87605530066311,37.5269257006229],[126.8752680997819,37.5259333010471],[126.8747650998352,37.5268874002142],[126.8716150996985,37.5250675998437]]],[[[126.8783120997564,37.524143099873],[126.8783121001354,37.52414310004281],[126.87831209987161,37.52414310018781],[126.8783120997564,37.524143099873]]],[[[126.878438399934,37.5241337999678],[126.87843840001689,37.5241337998482],[126.8784384005442,37.5241338000777],[126.878438399934,37.5241337999678]]],[[[126.88046039968981,37.503325499805],[126.8818078003334,37.5042773993608],[126.8818718006643,37.5044554004989],[126.8818077995445,37.5042774005148],[126.88046039968981,37.503325499805]]],[[[126.8820404992358,37.5437063990218],[126.88220420033811,37.5438076005335],[126.8820404995573,37.5437064003528],[126.8820404992358,37.5437063990218]]],[[[126.88266869924189,37.5448830002861],[126.8827803997619,37.5448581994829],[126.8831001002243,37.544206099885294],[126.8827804011852,37.5448582020209],[126.88266869924189,37.5448830002861]]],[[[126.88271549938871,37.5245083004056],[126.8853511988562,37.522274600178505],[126.8851581987994,37.5216313991739],[126.88556870022869,37.5227441996572],[126.8876411001324,37.5227681998633],[126.8885305005842,37.5241524992662],[126.8913881997199,37.521923099270104],[126.89273109886811,37.5217267996237],[126.89245649924129,37.5206314001208],[126.8934572987795,37.519329800449],[126.8919832982656,37.519384199482396],[126.8937229995738,37.519154497685896],[126.8946446986521,37.517273699566694],[126.8938553993395,37.514963400987696],[126.8921683998808,37.515737100066005],[126.8931644989331,37.515009500639195],[126.8924766990138,37.5143865009779],[126.8932531996187,37.513568099706504],[126.8957533998808,37.514290499667204],[126.8961826004827,37.5136955997596],[126.8962071006301,37.5152189991749],[126.8992168013234,37.5168504985882],[126.8980893002597,37.5169372015812],[126.89817890017011,37.5185347999836],[126.89671710148491,37.518947099737396],[126.8969383016605,37.5198341997543],[126.8951863005245,37.5203489001719],[126.8954026003082,37.5212733992474],[126.8975655013539,37.5212539995299],[126.8998768989415,37.5202514001589],[126.90237259966301,37.517633499814],[126.9054261999341,37.517961999443195],[126.9059540997183,37.5161258996273],[126.9069907994532,37.516333499203405],[126.9077670986769,37.5148166007203],[126.9049749990741,37.5133751012592],[126.9052611999204,37.510699298698796],[126.9082773996293,37.5102581996804],[126.9080908000049,37.5096723989846],[126.90940310026231,37.509282299270104],[126.9107326011329,37.509540699051705],[126.9105450017942,37.5101488003477],[126.9128668008923,37.5112286001671],[126.91362289989219,37.514828099755604],[126.9144115003254,37.5138174992967],[126.9157847989521,37.5139060992081],[126.9159772002513,37.5130579988394],[126.9194747005008,37.513127899233],[126.9218173990096,37.5119750993465],[126.92209679871941,37.5101790005427],[126.9204842983833,37.509909800521],[126.918743598837,37.507069701837004],[126.9173401990078,37.5075662011339],[126.9182382987629,37.5062364998531],[126.9180017989994,37.50511960097],[126.915804298961,37.5045628008071],[126.91608289904441,37.503520800213295],[126.9141022003625,37.501336401295],[126.910337699279,37.5030897007751],[126.9065233001322,37.5020921003332],[126.906365898932,37.5009567008886],[126.9052614000365,37.5009512008941],[126.9052104998483,37.499403799774],[126.9066749994884,37.4994111997164],[126.9061653997016,37.498940200061],[126.9070431995252,37.498706299669905],[126.9073783998212,37.4974443991711],[126.9103844995506,37.496958598614],[126.910521099414,37.495687599884995],[126.9122322996449,37.4954759990494],[126.91239080009889,37.4945324994112],[126.9128481007004,37.4954745983624],[126.9147269988215,37.4947360991009],[126.91487559867291,37.493459800377195],[126.91289469932049,37.490077201341805],[126.9106346015806,37.4914490999699],[126.9103414005391,37.4936948001926],[126.91094910036159,37.4939853001371],[126.90886140062071,37.4943650005084],[126.90744950127309,37.4929011019397],[126.9064627983252,37.4932339005277],[126.9059272995293,37.4913034008628],[126.9048151998176,37.491941000718896],[126.9033782989875,37.490678200415395],[126.9026531991653,37.487730400206694],[126.90400129931591,37.486142299171895],[126.9020875998095,37.484034600141804],[126.9038211992023,37.4844477990678],[126.9048955994751,37.481864199951495],[126.9061379992356,37.480960399093],[126.90955869843661,37.481594598941804],[126.9098036983789,37.4808696990879],[126.91103969893851,37.4810971991905],[126.91137279854,37.4800746974795],[126.9127050990557,37.4803222993432],[126.9129556991747,37.4794134998622],[126.9151640001084,37.4782053995319],[126.9161929007591,37.480669198937],[126.919397997554,37.480832998773195],[126.920001699723,37.4782485998694],[126.9200046008491,37.4809477973693],[126.9227500981036,37.4802987980183],[126.9258131981709,37.4775926994538],[126.9238528996656,37.475518799808704],[126.9257219010062,37.4752667992902],[126.9268641998639,37.4761310984259],[126.9298047967652,37.4721559999946],[126.9300070988834,37.4705727997243],[126.9318528993166,37.4701483996801],[126.9317902001113,37.4678321999078],[126.9326922998013,37.4692137984417],[126.934458599865,37.4680782996056],[126.93527090044711,37.469180899498795],[126.9379079004538,37.469794999811],[126.9388682008002,37.4705383999174],[126.9386995003865,37.4717836995381],[126.9405868001665,37.471381799534804],[126.9422994004708,37.4722006999433],[126.94212430006921,37.473555499514504],[126.9447729988957,37.476809098078796],[126.947410900398,37.4765644983857],[126.9499879003488,37.4770700983031],[126.95042320055191,37.4779022990206],[126.9513558996192,37.4777402991826],[126.9520139986767,37.4743691008977],[126.9507790982996,37.4730724994702],[126.9518713990299,37.4728758984278],[126.953533297368,37.470855900447795],[126.949387299839,37.467542299970596],[126.9515214002656,37.4671498994658],[126.95191750034449,37.4693620986666],[126.9537161985458,37.470337397691296],[126.9578834957586,37.4685551986163],[126.9578773999017,37.4635846995891],[126.9601449009251,37.4655775002303],[126.9589584018376,37.4670091997777],[126.9600976007627,37.4682039999645],[126.95371620421301,37.4703374008129],[126.9562774016518,37.4741764969738],[126.9585636995612,37.471955998838396],[126.96096799907559,37.4733340977805],[126.96207339824869,37.472514798523996],[126.9626974976246,37.4696182014206],[126.9611891996068,37.4681196986672],[126.96306769800229,37.4674141983936],[126.96188509903071,37.4643365988207],[126.9624373003234,37.4648797990128],[126.96421030053901,37.4636722942827],[126.9647360038977,37.465653696674394],[126.9684725001612,37.4660854962426],[126.97107650372459,37.4621143966046],[126.9743626030439,37.4622457970737],[126.9760631022544,37.4642565959742],[126.9800453004451,37.4667566980645],[126.97891290144119,37.466915702044],[126.97829110206301,37.4690709998887],[126.9806033997507,37.4710080979516],[126.9829779973761,37.469993498966204],[126.98522290055689,37.4668220980451],[126.9863224999335,37.4679953995277],[126.98809969983341,37.4673458988961],[126.9884371995754,37.464687501236895],[126.9874359989174,37.4609114995024],[126.9886868988555,37.459392799438305],[126.9878057997366,37.458721900109204],[126.9885778999213,37.4572692999339],[126.990207999501,37.4565252994567],[126.9922611967409,37.453559395463],[126.9913563016121,37.455059298208],[126.99570889725949,37.4546053986619],[126.9931431996018,37.452366399512805],[126.9947839983393,37.4509669997621],[126.99374299938029,37.450121100607994],[126.9952142970243,37.4459708002139],[126.9961794018028,37.445750400981204],[126.9962950016872,37.4473840993475],[126.9977017005099,37.4474033993138],[126.9987312980833,37.4463067988671],[127.0003647993577,37.4462159984636],[127.00219919752331,37.4443427003369],[127.0022200998183,37.4395117001052],[127.0002641993277,37.4387227997598],[127.0015178984531,37.4376842998087],[127.00277339778029,37.433889700025304],[127.0009737995799,37.433175600739396],[126.99863890091311,37.433696900394104],[126.9991789999326,37.434415100536306],[126.9969813004473,37.434961800496005],[126.9970531999079,37.4357137003441],[126.9955555004528,37.435177600554205],[126.99565059987951,37.4346048005484],[126.9913330996108,37.4338974002462],[126.9924015992288,37.432657999398906],[126.9916897993547,37.431229699929304],[126.9923443997122,37.430492299803696],[126.9942047994985,37.4302243994274],[126.9939777997495,37.4296309996471],[126.99578939927251,37.4288933992024],[126.9965664995992,37.4299823986994],[126.9982118002608,37.4292534994419],[126.9970738013643,37.42970700018],[126.99864150006711,37.430666799406],[126.9998148006496,37.429849599580095],[127.0009738015757,37.433175597352],[127.0044020001998,37.433176597363605],[127.0097647019445,37.4316980986914],[127.01043600127319,37.4342396961498],[127.01283090271029,37.435968402341],[127.00957410596709,37.4389227993866],[127.0100487054442,37.441041898936405],[127.0129600027971,37.4441875005584],[127.0115612036692,37.4458157017505],[127.0121255034375,37.449066798949495],[127.010898700306,37.4471937018369],[127.01041960078511,37.448559400471204],[127.00962559962781,37.4484190026563],[127.0082606009928,37.4499855010898],[127.00833710124141,37.451018900964],[127.00757979999891,37.450441002114495],[127.0070515005272,37.45258049997501],[127.00911910109241,37.4556329988986],[127.01046259974889,37.4563812981503],[127.0114322018648,37.4551661001356],[127.01180340117381,37.4570945002856],[127.0088778989458,37.455498701593],[127.0077101997509,37.4537464009661],[127.0043290015185,37.4585221038443],[127.00095950340949,37.4588280028298],[127.0004759038931,37.4602866013712],[126.9961001981973,37.4576506024832],[126.996693298425,37.4568010009169],[126.9957088994094,37.454605403112495],[126.99135629935711,37.455059301561406],[126.9901786004381,37.4566488010298],[126.9885779016484,37.457269300819],[126.98855930166701,37.4583270997612],[126.9901311012007,37.4589463994837],[126.9887375026557,37.4599792000797],[126.9978308020743,37.4671288956089],[127.0031995016044,37.4672650961846],[127.0041100006939,37.468522294927396],[127.0081221966817,37.46962399382571],[127.01667359558431,37.4696352925575],[127.0174507948071,37.4686499935428],[127.0179179019146,37.4711090974648],[127.02122110169381,37.4693816987122],[127.0179179041973,37.471109100270496],[127.0218220002932,37.4730109983686],[127.022287300323,37.4722497991914],[127.0218220005623,37.4730109997072],[127.02500479882251,37.4744296987761],[127.0239633997064,37.472559000450296],[127.022891299493,37.4726755000427],[127.0237494995468,37.4719596999702],[127.0229993993391,37.4707822003855],[127.0239851989591,37.4686981984786],[127.0253227976215,37.4684902986865],[127.024182600019,37.4637715988882],[127.02593810005571,37.4646357993399],[127.0267432004846,37.464101998995794],[127.0259381010169,37.4646358001211],[127.0267343012238,37.465948599158395],[127.0303690978278,37.464127699178],[127.03010739842041,37.4602032011017],[127.0290728994421,37.4597325000255],[127.0306644994627,37.4576814993779],[127.03200750004281,37.4572253985792],[127.0317462012698,37.4587861985967],[127.0331604998555,37.459029698353206],[127.035245201129,37.457346398546996],[127.0399256977817,37.457150296662704],[127.04246930018259,37.4582426966075],[127.0391702011663,37.4609843007457],[127.0393775008116,37.4633291997054],[127.0403546000641,37.463498999653],[127.0425040995942,37.4615442993111],[127.0443331985809,37.4615364990165],[127.0450296990715,37.4594362000559],[127.0432992999495,37.4584258998808],[127.0459835996163,37.4596232989244],[127.0472713958834,37.451816201323005],[127.0460271971276,37.4503479027913],[127.0431893946072,37.451249698095396],[127.0454052928586,37.4470130983225],[127.04457879368509,37.4402141051215],[127.0433997948641,37.4392342061014],[127.0474042984719,37.438803698053704],[127.0476219996306,37.435430496798105],[127.0548408979841,37.4335890925844],[127.0669702015562,37.4353775995395],[127.06460100087439,37.4372376999915],[127.0633288021466,37.4427550944741],[127.0666571047806,37.4464462969966],[127.0648688014999,37.450882300391406],[127.0668620015024,37.4520263998141],[127.06803960104921,37.4558296003834],[127.0642997989175,37.4568003018224],[127.0619075013098,37.4563295022932],[127.0613804018369,37.459063699559],[127.06209989876011,37.4597890012932],[127.0591365017235,37.4579211031611],[127.0573689022269,37.4585222041018],[127.0534642027216,37.4680563003761],[127.054491801694,37.4711342972981],[127.0568640006681,37.4735769953871],[127.0609517999107,37.4721551973265],[127.06278950247459,37.4691936959089],[127.0653841010628,37.4694233985189],[127.07069539954071,37.4721506964607],[127.0722517032079,37.4719977973541],[127.077111598348,37.4750565942953],[127.0798557979429,37.4747412935878],[127.08454369452289,37.4727825945993],[127.08528559959831,37.4714181975442],[127.0874826987002,37.4704252991839],[127.0909047004882,37.4660213982378],[127.0931153988864,37.464817199597],[127.09166139896281,37.4637249998017],[127.0931153993842,37.4648171989652],[127.0954099970896,37.464921998860405],[127.09720939775849,37.4629276979016],[127.10118389457939,37.4607414000503],[127.100258495386,37.4570836988555],[127.10314739884319,37.4567488976267],[127.10391179807881,37.454761299614304],[127.10243989820509,37.4533756972271],[127.1060926002972,37.453842496925404],[127.10830799978139,37.4523752982248],[127.1086681016354,37.4543634006449],[127.1095902007133,37.455080299928],[127.1095393010223,37.4591295975046],[127.1112631019193,37.4611842997455],[127.11579469763069,37.462988797790196],[127.1173853960301,37.462511298083],[127.1194199939955,37.4589331016612],[127.11793829262331,37.4561134005208],[127.11797049011889,37.451775998824104],[127.11874848974139,37.446592300881896],[127.1182555892726,37.4429702981292],[127.1198030976263,37.4360436012675],[127.119091398338,37.4340937032174],[127.1170416999161,37.4321976000044],[127.1182706986871,37.4305248016772],[127.115671295905,37.428674001025904],[127.11232149925479,37.4276913020086],[127.1110337959372,37.4281862016777],[127.10858449685581,37.4225109000337],[127.11071469769671,37.4216591986209],[127.1099815984298,37.4172906029895],[127.1104985996287,37.4163149003946],[127.1087120977716,37.4135616002786],[127.1112985991548,37.4142348983308],[127.1142904972451,37.408707398830295],[127.1128870986357,37.4062525011811],[127.11053269911149,37.4069922001871],[127.10967460009101,37.4039707015131],[127.1078881012499,37.4051940006264],[127.1081322004149,37.406525701546705],[127.1064626984723,37.403966901428504],[127.10395650050229,37.4034318006614],[127.1037247998645,37.405589902712],[127.10192599971721,37.4049973010319],[127.1022245996601,37.4039947009805],[127.10016449892571,37.4017105001408],[127.1013613979769,37.3991934994061],[127.10021589912239,37.3975490010506],[127.0989119004264,37.3978300007696],[127.0987708000166,37.3986552003132],[127.0978989997657,37.397394000277096],[127.0999242001681,37.3959866995852],[127.101347300255,37.3966808001232],[127.0999242002015,37.3959867012865],[127.09946220066351,37.3974360998371],[127.10332459905929,37.3978419986658],[127.1042811988208,37.3957435000492],[127.105889999472,37.3948992997314],[127.1014623994722,37.390621600483605],[127.1015002995161,37.388857099944005],[127.10080089978929,37.3882605998888],[127.1022102992584,37.386609401026696],[127.1024474981629,37.3832513021392],[127.099873798427,37.3834764030377],[127.09572749633959,37.3822275010713],[127.0991153994382,37.381709197271405],[127.1012383973152,37.378782300198296],[127.1002798982737,37.3779828009978],[127.0988687989405,37.378182899410795],[127.1002798993162,37.377982799516296],[127.1017958991331,37.3761162991082],[127.1025939007464,37.3803752984549],[127.1047420985982,37.3791314996987],[127.10488259822769,37.374583399391],[127.1045026986076,37.3725427014317],[127.1009033990296,37.3714825032154],[127.09909659897869,37.3696186006441],[127.0969460998507,37.3697909008531],[127.0973656990255,37.3658703040421],[127.0950301987026,37.363796701797405],[127.09340570032711,37.3638149017792],[127.0933540993948,37.3654339004416],[127.09233139678021,37.364250600205196],[127.0970925015596,37.3618020946517],[127.10042849822361,37.358476697977096],[127.1017220971361,37.3542228015164],[127.0993892985175,37.353480902475404],[127.0981198968027,37.3498226048327],[127.0930121977114,37.3493268029417],[127.0972269958971,37.345613800723704],[127.095088098036,37.344193102144395],[127.0928896983197,37.345172101627796],[127.0927908993899,37.340828101470905],[127.0904772987955,37.337942999867906],[127.0932526996763,37.3354359996066],[127.0946026997102,37.335629598476],[127.0953659996205,37.3338561996609],[127.0951230005468,37.3355888990464],[127.09735029996911,37.3352297998938],[127.09776169955771,37.3346691004545],[127.0960665993075,37.333156900306896],[127.0977455989771,37.333171999570595],[127.0977402000161,37.331930798893104],[127.09925799953311,37.3308528992499],[127.1001714993666,37.331150099203406],[127.1005196988801,37.3277409008194],[127.0986301001869,37.3260614024499],[127.0955783991417,37.3289150009846],[127.09444960027051,37.327968101931496],[127.09271119983029,37.328044300114605],[127.09316319949441,37.3268511006631],[127.0925358989189,37.326443900206904],[127.0908755003513,37.326819300012794],[127.0915845001117,37.3272023997704],[127.091248600034,37.328103200556804],[127.0883850998131,37.3271943019755],[127.08744629841449,37.326147399155104],[127.0879115979492,37.3256269996755],[127.0871853988282,37.3240363004517],[127.0879253990071,37.323729299868795],[127.0870630998694,37.3230403005578],[127.0866454975155,37.3235021992016],[127.08648989935091,37.320551699529204],[127.0857817995199,37.3199019997543],[127.0871188993645,37.3196349996746],[127.0870198994635,37.319056600253006],[127.0858569998897,37.3180349005066],[127.0824424997469,37.319382000968595],[127.0832086985942,37.3181569006901],[127.0827890990138,37.3174912013558],[127.08159000021291,37.317088001759],[127.0796334975912,37.3183728010157],[127.07877699941831,37.3169691009045],[127.0769874997179,37.316999201199195],[127.07621689975531,37.3178208004479],[127.0759022994355,37.3170074007258],[127.0745631994748,37.317190700095],[127.0733019990991,37.316117599839096],[127.0742050990988,37.3156792992474],[127.0735993995565,37.3134853997368],[127.0749113990113,37.3120803998661],[127.0737756989009,37.3114617980919],[127.07537459884661,37.3117252988564],[127.074173598503,37.3096190999346],[127.0754359989938,37.3077990998968],[127.07704460092219,37.3083471999791],[127.078002200826,37.3094820987506],[127.0773745013637,37.31081789922381],[127.07881600081281,37.3114264987192],[127.080011799617,37.311233998911696],[127.0801221995148,37.3099829997899],[127.0808141992195,37.3098848995424],[127.0802969997428,37.309132300095705],[127.0816081995117,37.3090710995858],[127.081798200051,37.3078564997633],[127.0832953004091,37.3105935000681],[127.08276810093629,37.3113619992996],[127.0858847001003,37.313967999800305],[127.0877382006084,37.313126500209904],[127.0876702999539,37.3151646002386],[127.0852794008217,37.3156175006934],[127.0848768014293,37.3170400001522],[127.0858570005831,37.3180348992254],[127.0867631006256,37.317676999286505],[127.08865250005789,37.3186985993559],[127.0898373992834,37.3183001996733],[127.08914619973851,37.317768200079406],[127.0901613994929,37.316652497880895],[127.09161900021829,37.3182804989605],[127.09138470012711,37.319204399263796],[127.0925109993816,37.3192933991363],[127.0936532996549,37.3174083986755],[127.0955699995737,37.3167990989839],[127.0969354988987,37.318288498677504],[127.0974241005855,37.3168087989668],[127.1040188984586,37.3187457978159],[127.10523649724101,37.315902700659],[127.1048693984818,37.312809299119195],[127.1051990004914,37.3148768992137],[127.1080849995698,37.3157525985387],[127.1084919991628,37.314608299683],[127.1083819998758,37.3095754004097],[127.10700079965589,37.3082275009389],[127.10657359927481,37.3090749002734],[127.1043219981372,37.3077078002157],[127.1056366993501,37.3079375000004],[127.1058919984711,37.305495198754],[127.1067935006476,37.3055040988475],[127.10610370125251,37.3063935004009],[127.1073327000235,37.3078590989353],[127.1093212988938,37.3080904980118],[127.1105029003064,37.3072635992948],[127.11089989994801,37.307861499061],[127.1117587990891,37.307354499568],[127.1116089998547,37.3064563979271],[127.11287390219769,37.3071226978714],[127.1138124024277,37.3144061025327],[127.1134416009617,37.3152812009105],[127.11273450006941,37.3142515012963],[127.11107470172921,37.3146265009213],[127.1105591997641,37.3169122007415],[127.11015649845571,37.316068500605],[127.1061006025116,37.3157908008827],[127.1054704035176,37.318157500157696],[127.1084375005587,37.3195698992592],[127.1107698000106,37.3186984994131],[127.11015550116771,37.3200462993325],[127.1112487000745,37.3209164984623],[127.11198809989611,37.3193291997264],[127.1136598987172,37.319616599283],[127.1136471007781,37.318998799484305],[127.1137161013669,37.3209089992017],[127.11555090089661,37.3209106002289],[127.1155626008464,37.3223482003576],[127.1147813016277,37.3228248998809],[127.1160309017761,37.325037101167204],[127.1153247024823,37.3280263981779],[127.1166666015942,37.3293835999398],[127.11586350076101,37.331091200129904],[127.1175298010385,37.3322177000725],[127.11805100043229,37.3340109990925],[127.12031119990921,37.3346532986],[127.120448101825,37.3376328980615],[127.12226630062361,37.3391012994786],[127.1217408004442,37.3402549010835],[127.1202189999863,37.3394299004296],[127.1175904005585,37.3403740021527],[127.1165156016333,37.3422908002359],[127.11909260073391,37.3435028988514],[127.1207949028177,37.348537801338104],[127.1234037002089,37.3501506997252],[127.1222830002818,37.3506557002712],[127.1222866999227,37.3514182005583],[127.1216011006083,37.3506143013622],[127.1203510018584,37.3510912008853],[127.119968402241,37.352026199950295],[127.1199562022532,37.3533501986263],[127.1215910006184,37.3540771978993],[127.12284080482391,37.3527505005328],[127.1214777022212,37.3570934005437],[127.1212286974764,37.354760401641606],[127.1155900022498,37.353990301775596],[127.1167392010943,37.3566120993002],[127.1180116006935,37.3571528992491],[127.11905419965089,37.359023697378305],[127.1208706003389,37.3593553988552],[127.11904990077839,37.359395200388505],[127.118542001175,37.360545100295504],[127.1197547004615,37.3625147983237],[127.1218882002669,37.361162199366305],[127.1225587007012,37.361571599580294],[127.1236876013917,37.3643529003173],[127.1248641010461,37.365186800046494],[127.12923810027979,37.3650728997191],[127.1288102009733,37.3688656972401],[127.1301391005883,37.3719576993468],[127.1330019989431,37.3713194988998],[127.1341355010949,37.372093999905495],[127.13508590051741,37.3730636000603],[127.13433500117749,37.3737603005596],[127.13475440075811,37.3753044990154],[127.1357695005908,37.374495399477404],[127.13717490006421,37.3754376991475],[127.13887790067389,37.374821698750296],[127.1410306998303,37.375766199229],[127.1414627008854,37.3749060995847],[127.1418890003944,37.3802123971837],[127.14615060205149,37.383337796352],[127.144498002734,37.3863148005925],[127.1465520038946,37.387773101525895],[127.1413861051429,37.3908833023837],[127.14312000332879,37.3951799984273],[127.1450900013585,37.3955199984703],[127.1462491014242,37.3948056988343],[127.1480729027565,37.396313098217604],[127.149769100762,37.4042744995218],[127.1508549000873,37.4045072995],[127.15052610058079,37.4055250989773],[127.1524146004439,37.4051175000665],[127.1507064020446,37.4081646986645],[127.1510697016813,37.4086474981817],[127.1535154006846,37.406637499392005],[127.1498644024873,37.4089011020558],[127.1502581020936,37.4127182982386],[127.1520384017437,37.4139272992056],[127.1509393015008,37.4147382999623],[127.1522264002468,37.415982899738104],[127.1521891001608,37.416755100359005],[127.151066901283,37.416986300127796],[127.1519594011299,37.418443100370794],[127.1470181040077,37.4185934019672],[127.14670940431641,37.4259422946183],[127.15572480003941,37.4219064997124],[127.15478110373509,37.4225164007027],[127.15419060597101,37.4292006986526],[127.1587094014522,37.430889696963604],[127.1600699000917,37.4298409980123],[127.1614173987442,37.430660597192706],[127.1661544985169,37.431141495905],[127.17541560108259,37.4303072983472],[127.17686740220991,37.431418200796905],[127.17675850221711,37.4325235000731],[127.17899350097821,37.433459398705295],[127.1789280007523,37.4343326001013],[127.176655902265,37.4343431002733],[127.17658190228221,37.4359908993448],[127.1788417001361,37.4356188000083],[127.17886320174959,37.4395547008318],[127.17737890168259,37.4416466990891],[127.1791106999508,37.441368599367195],[127.1785838004067,37.442041599699806],[127.1792600011577,37.4426764988184],[127.1812482001229,37.442795499158905],[127.1816024017432,37.4449650983993],[127.1831300020705,37.445764100984796],[127.18146190373861,37.4475006992482],[127.1833831026876,37.4528871011073],[127.1828493022588,37.457049801045],[127.1809139030479,37.4596761998168],[127.1818789006627,37.4629506006999],[127.1808457011613,37.4627600010514],[127.17705650459361,37.4685276009957],[127.1781276021388,37.472098000175905],[127.1765072995333,37.4715874005518],[127.1761094999311,37.470062402076806],[127.170503205478,37.469713502507],[127.1673296087463,37.4725703009786],[127.1697276063483,37.4787585947903],[127.17521720085871,37.4778199957289],[127.17727929879659,37.4765856969632],[127.1767614038405,37.4796507997755],[127.178109902492,37.4807924986338],[127.180717500265,37.480162999262994],[127.1762564011889,37.4809213031481],[127.17627530117,37.4845364995329],[127.17734680009849,37.4853441987252],[127.1836468019803,37.483882302788096],[127.17894670581529,37.4846897046761],[127.1763611084009,37.488947400418404],[127.1752662102696,37.499799498491804],[127.1695609023322,37.5029751016913],[127.1705995008966,37.5061728027075],[127.1688857002908,37.5082289025613],[127.1677704989651,37.5073174012374],[127.1644958014691,37.5069563020679],[127.16509790086701,37.5095405994836],[127.16708270035579,37.511986800030705],[127.16551870066651,37.5107376021663],[127.1645819016033,37.5109600019439],[127.16403560214961,37.512948899955],[127.1671854012639,37.514772401169296],[127.1616733030289,37.5203337022716],[127.1631596009074,37.5260797998713],[127.1626646002716,37.5255086012705],[127.160943201993,37.525992700786404],[127.1622442009295,37.5278864005579],[127.1605312012449,37.5270211012282],[127.1609113008648,37.5296221986271],[127.1593668017382,37.5328886983121],[127.1637048001743,37.5318569997957],[127.16261870190439,37.5321434006174],[127.1635629009602,37.5350179977428],[127.1655529014903,37.5367605961733],[127.1681627988804,37.534064398869496],[127.1670085999952,37.5322600006325],[127.16417889970019,37.5317465999061],[127.1652499988319,37.5314027001587],[127.16547839828469,37.530014900899296],[127.16438649866451,37.528816198891604],[127.1659082981587,37.527271998679105],[127.1651072989043,37.524639000185],[127.1664628988158,37.5240566999924],[127.1660599991512,37.5231086003767],[127.1678863995639,37.523096496587904],[127.1692346033354,37.5253681994984],[127.17287799969199,37.5266112982553],[127.1752208986407,37.5249094993545],[127.1755806982809,37.5233655008985],[127.1730978981904,37.5225687995729],[127.1759082990044,37.5209747997854],[127.173954298633,37.517845400335496],[127.1749821992553,37.5184684981611],[127.1762070981271,37.5160170003297],[127.1715304028038,37.5157118006349],[127.17199750224,37.517019299610304],[127.1712629994325,37.5167223014721],[127.1714244982841,37.516114900839995],[127.16998139817319,37.515077499417096],[127.1716818988086,37.5141788003569],[127.1712846998736,37.5121836997197],[127.1762071048666,37.5160169963631],[127.17827480417219,37.5202314999489],[127.1788883030772,37.522526199504505],[127.1752209046921,37.524909498748],[127.1769395029735,37.528401495256],[127.17834590343429,37.52896380215],[127.177001500342,37.530314500523204],[127.17526140109139,37.5304787016312],[127.1740009022822,37.533502998692],[127.1765622014679,37.5336666987535],[127.1784014020131,37.5374419986779],[127.1810903993241,37.53693959918029],[127.1809385995132,37.535798498497996],[127.18135580026261,37.536850698632804],[127.1825354990829,37.5370115984719],[127.183570200264,37.5357824992721],[127.18348140069911,37.5363865992092],[127.18519069952971,37.5368352986046],[127.18605129930731,37.5396670969885],[127.1881200985447,37.5350926003049],[127.18762839889159,37.5345280994906],[127.1881200999005,37.5350925992654],[127.1885385998059,37.5341175000506],[127.18928219937919,37.5343846996106],[127.189284395825,37.5334512984289],[127.1939348986236,37.5318944979254],[127.19423239832611,37.528841300978605],[127.1930549985419,37.528582600171],[127.1942323989083,37.5288412994554],[127.1940949991102,37.5273115988771],[127.1955492980112,37.5254874002254],[127.19449109791529,37.5242999994887],[127.19536669853129,37.5244446981555],[127.1977576961403,37.5224308001694],[127.1974902995046,37.5214114977495],[127.19796990089961,37.5237722986046],[127.1992728995966,37.5225462998306],[127.19917730047071,37.5213887993051],[127.199885999762,37.5224695982243],[127.2008111011001,37.5223369998999],[127.1990057043944,37.5253809994945],[127.1996259037742,37.526809498066],[127.2032839001162,37.526334898540604],[127.203365001221,37.5273032983592],[127.2051854994005,37.5274695981929],[127.2081852992911,37.525685196889896],[127.2118210013158,37.5261193964458],[127.2151066032126,37.5308891983886],[127.2145481017077,37.5331419983297],[127.21633079992499,37.5329838984878],[127.21732300099619,37.5317900974877],[127.219922399016,37.5309787996415],[127.2212487980618,37.529217699176094],[127.22066450003919,37.5277493992618],[127.2212488001757,37.529217698587495],[127.2217606998328,37.527452299636],[127.2280464017291,37.5238918982255],[127.2289665022538,37.5280045985225],[127.23576929545101,37.5291084974186],[127.23663689409359,37.5282588966573],[127.2378802009339,37.5284979973648],[127.2427561021663,37.5325420979543],[127.23993800410689,37.5358014966965],[127.2444414016778,37.5402402996849],[127.23878690042889,37.5423107999761],[127.2389950002747,37.5471515009548],[127.2338532051082,37.544725905132005],[127.2285072079272,37.5473879051806],[127.2204854122869,37.5554117052233],[127.218398110485,37.5584451090672],[127.2159391008947,37.5580612014333],[127.2150667998398,37.559699700926004],[127.21267520053341,37.5574047007454],[127.2108015018769,37.5584606002436],[127.2099114014668,37.559610900560806],[127.21078680059139,37.5613348988368],[127.21273200060911,37.560545800215],[127.2119350015428,37.5621879990906],[127.21225010122261,37.5636539994593],[127.2083560009401,37.5697108005643],[127.2096900056326,37.571144807120696],[127.2053602049595,37.5766483053933],[127.1993475045338,37.5814320065178],[127.19856299895149,37.581541600315],[127.1996562985457,37.5809694001089],[127.1993538988481,37.5794507016276],[127.1977137997375,37.579591400996996],[127.19563310181819,37.5809257996626],[127.1964176021183,37.5820975086174],[127.1924012003808,37.5821966004424],[127.1911228969411,37.5831882090675],[127.1878875998474,37.580018301446096],[127.1834704999106,37.578688400949595],[127.1794254002776,37.5783674000971],[127.1787877964955,37.5805075060844],[127.17922689959781,37.5775018006676],[127.17850369989209,37.578135000666904],[127.1729292011698,37.5764434011123],[127.16943639683869,37.5781922054845],[127.1670649989606,37.576335297301],[127.1682642001837,37.5771679981277],[127.1710308001361,37.5733391988461],[127.1720355995222,37.5683812006779],[127.17054249773929,37.5677769994806],[127.17190139936599,37.567064898549],[127.1723972989867,37.5655441994511],[127.1694480010275,37.563786201366206],[127.1615194008121,37.5675019003681],[127.1598017025298,37.5696473982226],[127.1610240013075,37.5711337967362],[127.1625003009143,37.5711477015713],[127.1610239995694,37.5711338002444],[127.1598017007917,37.5696474017308],[127.1569199011667,37.571781608007],[127.1549973979668,37.568858899638805],[127.1531729991934,37.5683413987432],[127.153424600314,37.5667832984468],[127.1531730009919,37.5683413994509],[127.1542491999553,37.567934899814],[127.1565685993065,37.5697160989805],[127.15697109895191,37.5674213011868],[127.15482039949211,37.5675464998859],[127.1569710985636,37.5674212991112],[127.1569408995552,37.5632284009056],[127.15644050005561,37.562913301220696],[127.15571299806071,37.5639192011354],[127.1547888989848,37.5627120023426],[127.1519815994577,37.5620344030392],[127.1485801006775,37.5640752011092],[127.1484019000982,37.565606200279795],[127.147317001228,37.5663045003535],[127.1430426026123,37.5628965036991],[127.1416350031153,37.5667664076951],[127.1330543004463,37.5679201053498],[127.1305230029776,37.570850902419004],[127.131205101738,37.5741015002495],[127.1330527999856,37.574973500837096],[127.1275832010435,37.5743789023931],[127.1254322008897,37.5758819017694],[127.1251650009296,37.5769448039693],[127.12347219830089,37.5767849021738],[127.1236417978709,37.5756731004611],[127.12202359948911,37.5736091025251],[127.1183267029344,37.5750162018131],[127.1144081027255,37.5789842016778],[127.1154743016593,37.5811957994662],[127.11718430461801,37.5819700013409],[127.11302070592511,37.587296801139395],[127.1147454042004,37.5892322992039],[127.1134546011254,37.590586901902896],[127.1129657016143,37.5926701998196],[127.11434420209841,37.5933603004965],[127.1108507038421,37.5951665023226],[127.1122775019017,37.6002551986143],[127.1156866022967,37.601709900736104],[127.115589402709,37.603859200737205],[127.1136726006584,37.608510601275604],[127.10993060107,37.609846602363696],[127.10851960039159,37.609575302162405],[127.1074070995881,37.610829902145],[127.1052785017167,37.6114840014909],[127.1042200006191,37.6125000005011],[127.1043820000771,37.6133757002139],[127.10166250043271,37.612991201133006],[127.1015149005803,37.6143533997708],[127.1026259007919,37.61621740157619],[127.1015976003473,37.6154156006156],[127.1009887995386,37.6158182004382],[127.09998830053911,37.6142038020526],[127.0959453009103,37.6156769008515],[127.09503680181881,37.616855399673],[127.098435700315,37.6181555982675],[127.0980644006539,37.6195676989786],[127.09925840220859,37.620336699590204],[127.0980644006744,37.6195677012972],[127.0970240007698,37.6200252010176],[127.0946246013418,37.6224168994021],[127.0943282021374,37.6242320978957],[127.0969165001907,37.6251872973374],[127.0989703993123,37.6232151981133],[127.0996603009405,37.6264082994656],[127.0971052014114,37.6259833011744],[127.0962596013524,37.6278539021398],[127.09310440087461,37.6273967022227],[127.0916102023688,37.6288415007779],[127.0915013994944,37.627699901165904],[127.090029499023,37.6278343991249],[127.091501398337,37.6276998987878],[127.09147849835989,37.6258008006869],[127.08917990065851,37.62545770103],[127.08873800134981,37.62681340200891],[127.0866586034292,37.6269147019076],[127.0851392049741,37.6280321011501],[127.0821101010812,37.6347716018563],[127.0805779026134,37.636308600319296],[127.0828841003072,37.639644896983],[127.0856565002094,37.641297100344104],[127.0836164999439,37.6428101002085],[127.0830081005523,37.6412347017839],[127.07645000503089,37.644448001886396],[127.0772598042211,37.6478994984349],[127.0806700008109,37.6480099983244],[127.07975000116001,37.650599998699995],[127.08116000073859,37.6505700004231],[127.07975000145771,37.650600000487096],[127.07962950218369,37.6524351003684],[127.0781700024296,37.653513800748996],[127.0781700024296,37.6545599997028],[127.0799840006156,37.656366797896],[127.0813809016205,37.6548610987026],[127.079984003629,37.6563667995413],[127.0824198011932,37.6614677944403],[127.0834612001518,37.661491094417],[127.0849512013729,37.6631028983227],[127.0849004037444,37.66673280062],[127.0874264012184,37.668831398521405],[127.0884260069425,37.6713271979216],[127.0855572025431,37.6743879992252],[127.08662250169361,37.675217700256695],[127.0831937010523,37.6757471027451],[127.07896229935871,37.6778346007022],[127.0761462021748,37.6747101038267],[127.0729704009175,37.6748094027065],[127.0720256968646,37.6731997007728],[127.0714572974438,37.6679067048642],[127.068969398846,37.667726103572306],[127.06685440096099,37.6692429020555],[127.0675135998931,37.6713783008286],[127.0661719005999,37.672498101409],[127.0632104035614,37.6731876007195],[127.0633912033806,37.6757041982029],[127.0654091019302,37.6780647987026],[127.0659758028944,37.6806218005486],[127.0639297017011,37.6797420047483],[127.0608115048193,37.6824196020707],[127.0609113047195,37.6838745006158],[127.0591368027935,37.6870895012525],[127.05613389954871,37.6875419015005],[127.0553138006585,37.6897669002902],[127.0555604996561,37.6889884005039],[127.054717399425,37.689152699824604],[127.0554446986977,37.6881402008371],[127.05324310089931,37.687879901097396],[127.0532436001955,37.6908761997472],[127.0539059011739,37.6909384005886],[127.0497168013385,37.690986700961105],[127.0486339017872,37.6921988011737],[127.04797790121131,37.696243000007705],[127.04574460009141,37.6957899009789],[127.04547759945319,37.6977377020282],[127.04142229871249,37.695920199963304],[127.0421686972779,37.6943735996897],[127.0417465977,37.6908346032287],[127.0388367975995,37.6898258026888],[127.0380253976654,37.686646500377],[127.03640879890581,37.686114600025505],[127.0384935003467,37.686631793192504],[127.041101498883,37.6853335945919],[127.0423996992079,37.6817358985413],[127.0415770991474,37.6786331998429],[127.0421630996691,37.678888799427206],[127.0428112990209,37.677997000318996],[127.0421985995778,37.6777969999919],[127.0436084993435,37.676519099449],[127.0432859994049,37.675776999249294],[127.0455402986449,37.673502299969606],[127.0439588993709,37.6730343998163],[127.0436720990046,37.6714458009511],[127.0409601988707,37.671235000544705],[127.0404342992269,37.6694109009575],[127.0395901000711,37.6699401004283],[127.0377421988613,37.668826499926],[127.0368352994523,37.6669275002885],[127.03766349899229,37.666007700102604],[127.0366242994263,37.6652980996046],[127.03818560000781,37.6655144994305],[127.03848920037,37.6646512997809],[127.03879810014719,37.665475399430996],[127.04022999987369,37.662443799778195],[127.04076859963901,37.662736099440096],[127.0409029999963,37.6620893997315],[127.0415341997646,37.6628229991948],[127.0420238993122,37.6616028996106],[127.0438762988284,37.6606749998642],[127.04340689929779,37.659288601250594],[127.0411160005367,37.659565801114006],[127.0387366001488,37.6577415008321],[127.03745429915159,37.6578759001643],[127.0369932993196,37.6575428997911],[127.0377403995075,37.6567587997893],[127.034562899061,37.6553594004681],[127.0337463998267,37.6527504009261],[127.0305964999629,37.6522444012222],[127.0301392989649,37.6535274016691],[127.02883899924281,37.653071000080494],[127.0295652987279,37.6514779006293],[127.02847039982281,37.6510333010739],[127.0282104998713,37.652094501057],[127.0284703984193,37.651033300533804],[127.0272227996669,37.6503414012257],[127.0259666003212,37.6508527008237],[127.02653479968349,37.6506767998611],[127.0256108996721,37.6499406000667],[127.0258406994804,37.6484683001464],[127.02681889948059,37.646278000037704],[127.0283325987993,37.6467318992795],[127.028593299107,37.6457294995029],[127.02813639956389,37.645050400182],[127.0288423995923,37.644452000055104],[127.0275087001684,37.6433223005476],[127.0214543001819,37.6438561005243],[127.0203207998034,37.6425937000062],[127.0208891993919,37.6414849005593],[127.0178449002949,37.64088380047],[127.0165935007097,37.6421520999254],[127.0189250001918,37.6435707003189],[127.0177986006541,37.6430269008832],[127.016625800423,37.6440517008201],[127.0146726997105,37.6438512005544],[127.0149927995824,37.6426609004013],[127.0137547996497,37.642446800409004],[127.0130404995833,37.6410950998794],[127.0154389997061,37.6397128993778],[127.01608419956649,37.6374626000167],[127.0132551997106,37.636762100268996],[127.01379969962521,37.636592399862096],[127.0134472996927,37.63544000019],[127.012046399261,37.6336294998903],[127.0144850997315,37.6320512994211],[127.0156653994582,37.6293528004905],[127.0136135997667,37.6288823005389],[127.0132766992713,37.6281026993756],[127.0142693995089,37.6276468001661],[127.0134927002856,37.6267728010401],[127.0115274990515,37.6273718998376],[127.0099512987853,37.6245057993021],[127.012903996879,37.6221298007743],[127.0081579016251,37.6208777020264],[127.0069795003315,37.6218170021555],[127.00421299966209,37.61958650159],[127.0049428984931,37.6183590012095],[127.0039260995099,37.6172799022886],[127.0023356008289,37.61858020098369],[127.00229470048859,37.620226201456695],[127.000727899153,37.6183481010966],[126.9994776997415,37.6187048007422],[126.9994187997348,37.6177379004693],[126.9983399996414,37.618050000513094],[126.9994187996774,37.617737899630704],[126.999758999076,37.6157557007094],[126.9975208964905,37.61382159867],[127.0002390988716,37.610493299573],[126.9992495989773,37.6098449993404],[126.9995442999568,37.6086987999163],[127.0012918989632,37.6083488998901],[126.9998799995255,37.6076864996282],[127.0014255001428,37.6065468994476],[127.0024765990917,37.607289498705],[127.0047952974943,37.606466298888904],[127.00448519790781,37.601687502720296],[127.0024965996039,37.5994740000079],[127.0027022993982,37.5977053017766],[127.0009876011129,37.5977716017103],[126.9970995999702,37.600765000393004],[126.99393019838979,37.5985236011464],[126.9923468991408,37.5992958999024],[126.9932850993777,37.5971932001383],[126.99194869914129,37.596650300899704],[126.99117489960621,37.5947822007522],[126.9899221997123,37.5951249005448],[126.9888499988546,37.590888301755406],[126.98665640104821,37.589019803623906],[126.98245150095279,37.5897793005797],[126.982274299662,37.5905706007092],[126.98030559956169,37.5891284007487],[126.9806608987097,37.585494000115396],[126.9793513987121,37.5849682997766],[126.9792078000166,37.5832898003896],[126.9754166995802,37.5837618006565],[126.9749579990518,37.5830084008759],[126.97291040054421,37.5838731000906],[126.9733440021984,37.5879335017012],[126.9713119985454,37.588460702452196],[126.96935049952751,37.5878905018643],[126.9685315998455,37.589697600582],[126.9686752979663,37.5886857001662],[126.9659410979442,37.5847606019776],[126.9647932979204,37.5838181015647],[126.9611550002016,37.5840366026036],[126.961345498562,37.582162599811994],[126.9589747009328,37.5805263014483],[126.9575035018459,37.5825092000853],[126.9579360019561,37.5846408002621],[126.9567812009455,37.5875378012333],[126.9548739012686,37.5864961015836],[126.9533852990423,37.5883027018806],[126.9517964997742,37.5865170030542],[126.9491157009084,37.5889885008929],[126.9490886005046,37.5910808001676],[126.94793370103089,37.5923320000647],[126.9485904003742,37.593158699237996],[126.9496351001076,37.5925539989104],[126.9485447009132,37.5946773995578],[126.9491324003638,37.5950604001935],[126.9469257006256,37.5951547008],[126.9468769006814,37.596197000790795],[126.9456329999267,37.596743600649305],[126.9446880999565,37.596340200217],[126.9450633999987,37.5959090001514],[126.9440847000094,37.5966033007784],[126.93859140041181,37.5967009001914],[126.9387420024955,37.5989808999898],[126.93752390268351,37.6018791999195],[126.9380843015672,37.6053406021368],[126.9344719015781,37.609704698346604],[126.9384008001195,37.6102742000469],[126.9344719015469,37.6097047016353],[126.9347875003514,37.6121439995754],[126.93591030100251,37.6117802002169],[126.9357495999878,37.6125186002701],[126.9347618008717,37.6125894004143],[126.9349577006758,37.6136450993586],[126.9334584998209,37.6158724006499],[126.93119080007119,37.6160506002628],[126.92962589994181,37.614827600514396],[126.9289840997505,37.615598300419904],[126.9267759999494,37.6151428008695],[126.9263282001092,37.615975500358395],[126.92529590015259,37.6152832007432],[126.9247486006999,37.6158931001333],[126.9252940002082,37.617411199772],[126.9269805008943,37.6174997000259],[126.926489801099,37.6180387999444],[126.92732960029089,37.6219849005344],[126.92462429994181,37.622217500670494],[126.9234270997198,37.6233090005889],[126.92260740031341,37.6226614005209],[126.921088599656,37.623944800466695],[126.9205702998986,37.623292201161604],[126.919881099996,37.624312000276305],[126.9165166998053,37.6209234006417],[126.9148292000288,37.620842200632396],[126.9170275996061,37.615259099403104],[126.9166553999783,37.613651601010595],[126.91428260000511,37.6134590010441],[126.913654099209,37.6123821998521],[126.9146392993287,37.6111273997281],[126.9142750996529,37.6104852993825],[126.9156087990268,37.6107748991856],[126.9145829996683,37.6096403001118],[126.91576279928769,37.608751299950605],[126.9153899998286,37.6079900000427],[126.915762800328,37.6087512994677],[126.9162395000958,37.6081591996369],[126.9198841000704,37.6094601993007],[126.9206662001277,37.608815399856894],[126.9209225001648,37.6108949003267],[126.91875140096491,37.6128134007983],[126.9193310004359,37.6145601994865],[126.9243163991591,37.6148312985368],[126.92534569851999,37.6120627008636],[126.9235775988024,37.6095759020441],[126.9238798992345,37.607437999965],[126.923283499519,37.6069241996444],[126.9251104999397,37.607168599422],[126.9264521995806,37.605470399350104],[126.9282898993106,37.604774499570496],[126.928686498914,37.603137501207506],[126.92712280012901,37.6034124004099],[126.9269406990921,37.6043811004394],[126.9258272994252,37.6036540000136],[126.9250542997485,37.6010426991223],[126.9270418993826,37.5986564996637],[126.92806399916621,37.5991090990166],[126.92822269913361,37.5976590991467],[126.9291455999203,37.5983257980566],[126.9333349994375,37.5948613992408],[126.9338472999816,37.5956743993093],[126.9341969995279,37.5949266997098],[126.9363863987854,37.5945406992654],[126.9356857989987,37.5931837992544],[126.93678749825649,37.5916728002737],[126.93349669965741,37.590795500346],[126.9343652994483,37.5892000982547],[126.9357432985727,37.588560698935304],[126.93547019884579,37.587111000385],[126.9345470994698,37.586957999659305],[126.9356630990845,37.5853446993177],[126.9363290006215,37.585963199606404],[126.93805039962359,37.5854920996507],[126.9372939001454,37.582634799262],[126.9384807001678,37.5824159995691],[126.938462700301,37.5831377995218],[126.9407264987043,37.5835262986767],[126.9417434980823,37.582463699441796],[126.9406868987283,37.5812756994241],[126.9428480006177,37.5818296980631],[126.9467478992973,37.5813623989429],[126.94752949924231,37.5796610998075],[126.94686319969159,37.576831000011396],[126.9475699989848,37.5761575006849],[126.94587269881319,37.5743466001923],[126.9489957985896,37.5748052984643],[126.95066529692009,37.574100299169295],[126.9509792974001,37.5709677997412],[126.9485107995595,37.5687488999557],[126.9501781986459,37.568293199173],[126.94888689993721,37.5665673008989],[126.9464249996448,37.567577300940506],[126.9461589997823,37.5657881003617],[126.944042600531,37.5651059008668],[126.9428267000261,37.5658063007063],[126.9404777002686,37.563640301211805],[126.9397997003983,37.5663206002034],[126.9385127000756,37.5669490002437],[126.93677459931591,37.5662892006986],[126.9369090993788,37.565148300829996],[126.9357264998146,37.5642100008088],[126.93417269936721,37.5651026003189],[126.9341115991038,37.5643587002193],[126.9323701001491,37.564455100463],[126.9313497998975,37.5631672009563],[126.9302101000218,37.566172700467405],[126.92913349961711,37.565901800172],[126.929681299482,37.5654926001292],[126.9285540000703,37.564528000890405],[126.92824370025339,37.5657001001868],[126.9272642998314,37.565975100136406],[126.9241901001842,37.5648064005481],[126.9237285001467,37.5662079001535],[126.9213998999408,37.566237900503594],[126.92084919970071,37.5656291004287],[126.91894550001861,37.5659114006577],[126.9181834997835,37.5643191011388],[126.9168668998586,37.5646405004546],[126.91640529942599,37.5632795007701],[126.9154567993634,37.562952899915196],[126.916243099569,37.5620101002171],[126.915159099379,37.5596867999545],[126.91404649979769,37.5592070000061],[126.914115599473,37.556983100667594],[126.90861219970999,37.557736300323704],[126.9072541998885,37.5553236999826],[126.9080981994065,37.5540967004501],[126.9059617999155,37.5535804000855],[126.9049099992426,37.552079999746894],[126.90430659976789,37.5499502999725],[126.9056852991018,37.5493717995634],[126.90726839643291,37.5462717966961],[126.9084402000129,37.5454098997802],[126.9095846988684,37.5456904994996],[126.910557097896,37.5439334012567],[126.90483569807331,37.5378461043925],[126.9018985998239,37.5393747027071],[126.90293129975501,37.5375823993272],[126.9041697993499,37.5373940987754],[126.9049627998681,37.5352325001587],[126.9034261999076,37.535479300149696],[126.900249400131,37.537775100564396],[126.8999341004463,37.53869129964821],[126.9007400002238,37.5392690003465],[126.8980470995312,37.539488900556705],[126.8976449002707,37.5385760008735],[126.89547060008739,37.5382741008358],[126.8952543998011,37.5372169012171],[126.893580500946,37.5381794004877],[126.8937794002904,37.5400099003513],[126.8932241993309,37.5393105013032],[126.891729899249,37.5395813013186],[126.8904434995207,37.5384391006369],[126.8909123997316,37.5371808989748],[126.891529899642,37.537549399121104],[126.89195100047881,37.5367713991288],[126.89230740075271,37.538080498647],[126.8943102987498,37.536726700000806],[126.8951047990271,37.5328278991548],[126.89641119896591,37.532281998513604],[126.89548159989549,37.5307439000517],[126.8965081989308,37.5302348004548],[126.89529139961421,37.528692901316305],[126.8942242995555,37.529435701124],[126.8925236992451,37.527256500774],[126.8914221002069,37.527336400653006],[126.88971280018289,37.525924701498894],[126.8878304001869,37.527872500485],[126.88331089994409,37.526062300051],[126.88389029933161,37.525161900883],[126.88271549938871,37.5245083004056]]],[[[126.88315109928641,37.5140707987],[126.8838187013966,37.513735499572405],[126.8831510998357,37.5140708005542],[126.88315109928641,37.5140707987]]],[[[126.8835365988115,37.5434567000576],[126.8835365995393,37.5434566987552],[126.8835366007139,37.5434566994185],[126.8835365988115,37.5434567000576]]],[[[126.8859457997028,37.493821300109],[126.886723699691,37.4941823991589],[126.8882855998047,37.4930583995802],[126.88991349962521,37.493046899750205],[126.88967150028121,37.492091299578796],[126.8926709997733,37.4920494990306],[126.8937614996888,37.490943499061],[126.89477610008291,37.4915757988961],[126.8957525005247,37.4904196987139],[126.897975500345,37.4912706998323],[126.8981520005954,37.493681799533896],[126.8998227005584,37.4968804999243],[126.8989468010409,37.498278799606204],[126.9001985003966,37.498489399284395],[126.8998617007947,37.502298100149],[126.8984051997855,37.5017650008281],[126.89584340048201,37.5026007005449],[126.89554030026439,37.5036742009834],[126.8932747007333,37.5033356012336],[126.8925554000608,37.504237000444704],[126.89153170020501,37.5037099006073],[126.89065750118651,37.5058630998851],[126.8922365996074,37.5066923990558],[126.8920771998002,37.5054525998984],[126.89269610113399,37.505235199722804],[126.89305020077991,37.5070851978728],[126.8940447020121,37.5075357986134],[126.8930502003863,37.507085200983695],[126.89161059942761,37.509523200831495],[126.89195339942161,37.508590600255495],[126.8901955986142,37.5077287994753],[126.8900334989129,37.5055354004524],[126.891531699393,37.5037099001841],[126.888088099629,37.501930801082],[126.8886854989801,37.500479001228],[126.8878389991419,37.5001557010588],[126.8878666996244,37.498874099934405],[126.8867326994133,37.4976031000469],[126.8874177993108,37.4952403002973],[126.8859457997028,37.493821300109]]],[[[126.88686009962261,37.485933799677795],[126.88829010025901,37.4859297995637],[126.8881176004741,37.4870772005001],[126.8880622993048,37.4862810002238],[126.88686009962261,37.485933799677795]]],[[[126.8902730998211,37.5395191996895],[126.89027310022661,37.5395192000583],[126.8902730999325,37.5395192000329],[126.8902730998211,37.5395191996895]]],[[[126.893500098709,37.5782684002551],[126.89388640003,37.576233599648],[126.8980800002108,37.57490519879661],[126.901102700366,37.575082699983604],[126.89773720116179,37.5773940014396],[126.89663210059001,37.577160400748895],[126.89691140163879,37.5784443019144],[126.8948971014307,37.5794300005888],[126.8956100004242,37.5808400009957],[126.893500098709,37.5782684002551]]],[[[126.90110369966149,37.539753000297296],[126.9011036998251,37.5397529998805],[126.90110370014129,37.5397530000349],[126.90110369966149,37.539753000297296]]],[[[126.9016460994711,37.5748524995375],[126.9016461003702,37.5748524988251],[126.901646100241,37.5748525005107],[126.9016460994711,37.5748524995375]]],[[[126.90283839873739,37.5637607996472],[126.9029422994776,37.5634389992181],[126.9033291003552,37.5635863996097],[126.90283839873739,37.5637607996472]]],[[[126.9039265993985,37.563676400133495],[126.9039266006141,37.5636763994999],[126.9039265995363,37.5636764014177],[126.9039265993985,37.563676400133495]]],[[[126.9124428996784,37.531802799942604],[126.9124429003283,37.5318027995461],[126.91260510055429,37.531928500357196],[126.9124428996784,37.531802799942604]]],[[[126.91306369885389,37.6477004997711],[126.9135522001216,37.646513899903],[126.9142829002415,37.6477275992059],[126.9155928002574,37.6475398005052],[126.91428290064701,37.6477276002759],[126.9141061008238,37.6483017997017],[126.9150080007505,37.6482985997663],[126.9144639999296,37.6493119001297],[126.91306369885389,37.6477004997711]]],[[[126.913253799623,37.5916898996346],[126.913557000293,37.5916305998072],[126.91372580068979,37.591592500095395],[126.9135570001489,37.5916306005261],[126.913253799623,37.5916898996346]]],[[[126.9138354994578,37.5985861999655],[126.9146215996998,37.5986484997118],[126.9152540005451,37.5972305988928],[126.9168981004853,37.599541099887404],[126.91538030028029,37.5997614009886],[126.9138354994578,37.5985861999655]]],[[[126.9167197985629,37.637009298956606],[126.91686879868,37.6343244996243],[126.9184755995757,37.6332903991896],[126.92016580014871,37.633638498932],[126.9200696001961,37.6345468992838],[126.92227000073079,37.6342045997966],[126.9205935019981,37.6358473005755],[126.9218545013535,37.6375051005405],[126.919339401442,37.6384248010541],[126.9196073001733,37.6401093003208],[126.9181856998119,37.6404372002824],[126.91778649950821,37.6391292005921],[126.9168743999883,37.6392665004972],[126.9167197985629,37.637009298956606]]],[[[126.93194729930231,37.618161999989],[126.9337043002815,37.6178409991378],[126.9330995006158,37.618188700232494],[126.9332665004066,37.6196793003529],[126.9322248997207,37.6196350009057],[126.93194729930231,37.618161999989]]],[[[126.9351321996018,37.5618588000138],[126.9352901000984,37.562117900125095],[126.9351977995295,37.5621651002492],[126.9351321996018,37.5618588000138]]],[[[126.9364287999387,37.5616077999214],[126.9364288001296,37.5616078001561],[126.9364288000135,37.561607800206595],[126.9364287999387,37.5616077999214]]],[[[126.9365399999104,37.5619297999108],[126.93654000011189,37.561929800038],[126.93653999999559,37.5619298001047],[126.9365399999104,37.5619297999108]]],[[[126.937591499752,37.4981929992475],[126.9376523006606,37.4982011990818],[126.9376522999921,37.498201200217395],[126.937591499752,37.4981929992475]]],[[[126.93809159965261,37.513465199871796],[126.93809160005921,37.5134651999806],[126.9380915997544,37.5134652008239],[126.93809159965261,37.513465199871796]]],[[[126.9422965998507,37.5658631999528],[126.9422966002223,37.565863199797505],[126.9422966000027,37.565863200319406],[126.9422965998507,37.5658631999528]]],[[[126.9448001996939,37.469226000464396],[126.9450343008081,37.469306099790195],[126.944880100117,37.4695246002197],[126.9448001996939,37.469226000464396]]],[[[126.9757863992361,37.4013633001431],[126.97661640008539,37.4013139988676],[126.9768598004037,37.4020994006492],[126.9757863992361,37.4013633001431]]],[[[126.9791947994487,37.5429594004286],[126.9796114985876,37.541302699242],[126.98147830024651,37.5412030996297],[126.98224250163919,37.5418886000628],[126.9791947994487,37.5429594004286]]],[[[126.981418999625,37.5364810999748],[126.98141899967341,37.53648109931731],[126.9814190007726,37.5364810994129],[126.981418999625,37.5364810999748]]],[[[126.9872002990071,37.426986900645105],[126.98724390215449,37.4270331988499],[126.98729540067659,37.427087900779796],[126.9872002990071,37.426986900645105]]],[[[126.98827389845209,37.4242120998876],[126.9892011007037,37.4239278999365],[126.9891963000157,37.4242861011326],[126.98827389845209,37.4242120998876]]],[[[126.9890613995982,37.4290664995899],[126.9912060992518,37.427778099680594],[126.9894955997782,37.4256246998981],[126.99074809899811,37.425769300039896],[126.9910195000864,37.4247279997899],[126.99387380038411,37.4247004998334],[126.9930676015355,37.4270038985938],[126.9940652009967,37.428107799988],[126.99346630021009,37.429277800351],[126.9890613995982,37.4290664995899]]],[[[126.9913081996621,37.5272595998151],[126.99172930014551,37.527219199914896],[126.9916874002308,37.527538300299504],[126.9913081996621,37.5272595998151]]],[[[126.99992399924909,37.43956030056199],[126.9999239994408,37.439560298820794],[126.99992400175269,37.439560301140396],[126.99992399924909,37.43956030056199]]],[[[127.011814999253,37.649399700038394],[127.0120055999366,37.6482709994126],[127.0141693999794,37.647601599161604],[127.0152832012885,37.6490868998554],[127.01427390032161,37.6505553002379],[127.013103100195,37.6507658006892],[127.011814999253,37.649399700038394]]],[[[127.0123487997834,37.656276199739104],[127.0131276005784,37.655460999415304],[127.0133998008843,37.6567153001123],[127.0132410996957,37.6559885007881],[127.0123487997834,37.656276199739104]]],[[[127.01584699916019,37.4435851002027],[127.0168769009442,37.4430442988119],[127.0168179041575,37.4433381016863],[127.01584699916019,37.4435851002027]]],[[[127.02563599912031,37.4789642000756],[127.02563599950881,37.4789641989328],[127.0258059004714,37.4789804000822],[127.02563599912031,37.4789642000756]]],[[[127.0471074997719,37.7104565000167],[127.04806239968491,37.7098734991332],[127.04795079995759,37.708919499871],[127.0480624000986,37.709873499065104],[127.04903590070931,37.7100430000823],[127.0471074997719,37.7104565000167]]],[[[127.047483299459,37.708613400348],[127.04748330014459,37.7086133997826],[127.0476038003169,37.708645400084],[127.047483299459,37.708613400348]]],[[[127.0484546996604,37.2905601995496],[127.04864780051349,37.2904281994566],[127.0488596009355,37.290613901090495],[127.0484546996604,37.2905601995496]]],[[[127.0487416988304,37.2890442995597],[127.0506017016247,37.2890248971282],[127.0522645007251,37.290598900704396],[127.0487416988304,37.2890442995597]]],[[[127.05366239892909,37.7004163992783],[127.053662400127,37.7004164004567],[127.0536623994275,37.700416400752104],[127.05366239892909,37.7004163992783]]],[[[127.0541999988899,37.701089000079506],[127.0542000001592,37.701088999751306],[127.05420000016059,37.7010890022713],[127.0541999988899,37.701089000079506]]],[[[127.0542381997677,37.7001038000724],[127.0542918000922,37.6998951996802],[127.0542837002712,37.7000849999003],[127.0542381997677,37.7001038000724]]],[[[127.0615558976934,37.0215048007911],[127.0632779017249,37.019176095985806],[127.0674291991877,37.020180098381196],[127.0685759980409,37.018693599867696],[127.0664335992074,37.0181749003146],[127.0661338988689,37.0162534989084],[127.0669247986521,37.0141120006721],[127.0651949966574,37.013971199259004],[127.0643699981012,37.0120493003334],[127.06692479772059,37.014111995844296],[127.0699122955795,37.0124601965764],[127.0701520001542,37.010551698052204],[127.0699123026281,37.0124601988073],[127.0673355025947,37.0141416984556],[127.06966680279879,37.0143102996012],[127.0685635004448,37.023744700865805],[127.0675295970345,37.0241897007019],[127.06704459750101,37.022147501943],[127.0659617985838,37.021673302417206],[127.062358998821,37.0226478014594],[127.0615558976934,37.0215048007911]]],[[[127.06231239991159,37.6560754999829],[127.06231240002569,37.6560755000033],[127.0623123999816,37.6560755000565],[127.06231239991159,37.6560754999829]]],[[[127.0647724986178,37.298825797743405],[127.0658958988785,37.2973407977623],[127.0685921996448,37.2977065982247],[127.06896120031,37.2944390994991],[127.0689728004733,37.2964396992562],[127.0711978007418,37.297231999415004],[127.0732530001492,37.2968013993569],[127.0737225002063,37.2982072998213],[127.0745795993492,37.298146099882494],[127.074283699891,37.296824399786296],[127.07522350015401,37.297318900017004],[127.0736850005405,37.299225701260504],[127.07160770105361,37.298760302302696],[127.070134602398,37.3006128005804],[127.07303420069199,37.301496200315704],[127.0721499999863,37.3020378047908],[127.0699380983486,37.300856503507404],[127.06998969965089,37.300088700404004],[127.0680548000586,37.299678900233204],[127.065710798937,37.300512401661905],[127.06737009964351,37.299855200112404],[127.0665353002156,37.2988930007594],[127.0647938996928,37.2993549003602],[127.0647724986178,37.298825797743405]]],[[[127.0714519989711,37.0204775994318],[127.0714520004412,37.0204775989792],[127.0714520001327,37.0204776013576],[127.0714519989711,37.0204775994318]]],[[[127.07717599928539,37.3189079997531],[127.0771760006833,37.3189079990837],[127.0771760000487,37.3189080004805],[127.07717599928539,37.3189079997531]]],[[[127.0797389997422,37.3087649006176],[127.07973900017821,37.308764899663],[127.0797390006169,37.3087649000968],[127.0797389997422,37.3087649006176]]],[[[127.0825235993256,37.3084152992045],[127.0825797003071,37.308464399939595],[127.082675800211,37.308516999887004],[127.0825797000508,37.3084644002654],[127.0825235993256,37.3084152992045]]],[[[127.0837741996875,37.3102361999664],[127.0850427992412,37.3104562992],[127.0848609993286,37.3093679983155],[127.0865146004406,37.308881299683],[127.0851753002493,37.3105784002765],[127.0837741996875,37.3102361999664]]],[[[127.08503109980309,37.321072299679194],[127.0852000996341,37.3209899997615],[127.0854661003747,37.3208422992386],[127.0852001003878,37.3209900002791],[127.08503109980309,37.321072299679194]]],[[[127.0917068997185,37.3286846001443],[127.0921209000371,37.3286015997663],[127.09269500036211,37.3290530002484],[127.0917068997185,37.3286846001443]]],[[[127.09175649813031,37.2015425000174],[127.09250679965929,37.2014378995961],[127.0925346999817,37.2004228991723],[127.09478609787459,37.201280098314996],[127.0949402000073,37.1985397998878],[127.09591760022161,37.1985992999283],[127.0977592007062,37.2012797993536],[127.09898110015631,37.2011919000056],[127.0970145003672,37.201627301199],[127.096245400006,37.2035664003213],[127.0949123000061,37.201358900248],[127.09175649813031,37.2015425000174]]],[[[127.099844999853,37.6247502001222],[127.0998450000985,37.6247501998328],[127.0998450001036,37.6247502002208],[127.099844999853,37.6247502001222]]],[[[127.1020146994999,37.3950737998748],[127.1023890001935,37.394367698758295],[127.1027826009593,37.394424799375],[127.1020146994999,37.3950737998748]]],[[[127.10212249854219,37.295599498781904],[127.1100823003663,37.2942251998517],[127.1101990017268,37.2977069994483],[127.10886500112949,37.299404300045296],[127.1092760007185,37.3002641991854],[127.1101498008888,37.2999406999762],[127.1091067005926,37.3004859002923],[127.1099572008437,37.3017122002448],[127.1073113008851,37.3014594018639],[127.1059333008332,37.3025974013844],[127.10583030002519,37.303858700738],[127.10497049965319,37.3023917014952],[127.1023843992525,37.3022092999559],[127.1050372980703,37.3004422992044],[127.1050524981078,37.2979200984753],[127.1045040986562,37.2958416005538],[127.10212249854219,37.295599498781904]]],[[[127.1036415997951,36.7942065007852],[127.1037773000456,36.7942271992845],[127.104071200792,36.7942659001257],[127.1037772996594,36.7942272007645],[127.1036415997951,36.7942065007852]]],[[[127.10415069814401,37.4271259978643],[127.1051538012985,37.426943900616195],[127.1050475001899,37.4272322011245],[127.10415069814401,37.4271259978643]]],[[[127.1046383996078,37.4951138996726],[127.10470529998241,37.494969799885],[127.1046383998398,37.4951139003373],[127.1046383996078,37.4951138996726]]],[[[127.1075719995073,37.4987045003514],[127.1075719995823,37.4987044996655],[127.1075720002314,37.4987044998756],[127.1075719995073,37.4987045003514]]],[[[127.10789599894629,37.2851042999034],[127.109280898794,37.2851029995852],[127.109292898826,37.2840162994508],[127.1112234991638,37.2846256980798],[127.1112300999934,37.281445999269906],[127.113073200995,37.2827110999882],[127.11122350070589,37.2846256997465],[127.1120817998476,37.2855272988449],[127.1144530013595,37.2846128972512],[127.115296602697,37.285597801469095],[127.114395200586,37.2870804999295],[127.11550360132699,37.2876338002712],[127.1132477999978,37.2866870007573],[127.11122660127559,37.2880469006007],[127.1122030997906,37.289244902502],[127.11096429936451,37.2879454002388],[127.11145999896189,37.2870139006005],[127.11043479998709,37.2869409006735],[127.10884299944229,37.288991600680205],[127.10826209923441,37.2877888992816],[127.1104347995087,37.286940899713194],[127.11027019967331,37.285920100733996],[127.1091059997826,37.2865199007612],[127.10789599894629,37.2851042999034]]],[[[127.1088683972148,37.261788498796],[127.1097054017117,37.2618230000705],[127.10886839769701,37.2617885019472],[127.1088683972148,37.261788498796]]],[[[127.109302898816,37.283112100355],[127.10930419958899,37.282992299622194],[127.1093998009875,37.2831163995891],[127.109302898816,37.283112100355]]],[[[127.11228849936701,37.6680916998535],[127.1135120994929,37.665303099232304],[127.1161460000854,37.665134198636196],[127.1195570003074,37.6661266992176],[127.1194490004616,37.667175099093],[127.1202829004075,37.6675677991993],[127.119443200654,37.667769299926704],[127.1198897003358,37.6691160991439],[127.12067330049061,37.6686511997512],[127.120500797925,37.6696350030222],[127.1198897000509,37.669116100679396],[127.1171163993986,37.6707922019551],[127.11604359952099,37.670441901902],[127.1152657000111,37.6687477009947],[127.1150721002047,37.6694308003116],[127.1135118001164,37.6687396006743],[127.1134946998701,37.6697286001035],[127.11228849936701,37.6680916998535]]],[[[127.11328899990909,37.27508130008199],[127.1135433988937,37.2737386975188],[127.1157939991755,37.2726824992287],[127.1158614012732,37.2751848987724],[127.1180033010659,37.2760359994896],[127.1159395995934,37.2774551005802],[127.1166003989697,37.2764798001324],[127.1158534997166,37.275797500814704],[127.1143970005117,37.275918000841095],[127.11328899990909,37.27508130008199]]],[[[127.1142518994212,37.671020499457896],[127.1146057005793,37.6707259989719],[127.1142538997914,37.671306000324805],[127.1142518994212,37.671020499457896]]],[[[127.1142627997181,37.671899499996705],[127.11426279978251,37.6718994997313],[127.11426280013171,37.6718995000043],[127.1142627997181,37.671899499996705]]],[[[127.11441019983039,37.3389706999006],[127.11441020013899,37.3389707001031],[127.1144101998321,37.3389707001072],[127.11441019983039,37.3389706999006]]],[[[127.1146846998615,37.338585900072395],[127.11468480013701,37.3386334004368],[127.1146847997594,37.3386334002374],[127.1146846998615,37.338585900072395]]],[[[127.1148632999503,37.3392001000523],[127.1148632999585,37.3392000998701],[127.1148633000506,37.339200100041],[127.1148632999503,37.3392001000523]]],[[[127.11486369995811,37.3390765999936],[127.1148637000139,37.3390765999597],[127.1148637000145,37.339076600020995],[127.11486369995811,37.3390765999936]]],[[[127.1150027993282,37.6104559993302],[127.1150027998156,37.6104559972635],[127.1150028015839,37.610456000134],[127.1150027993282,37.6104559993302]]],[[[127.115689499713,37.664787999263204],[127.1156895005419,37.664787998982405],[127.11568950009931,37.664788000121],[127.115689499713,37.664787999263204]]],[[[127.1163667994982,37.322397899821596],[127.1163668005095,37.3223979000496],[127.1163668000422,37.3223979003079],[127.1163667994982,37.322397899821596]]],[[[127.11710379771459,37.6104601972593],[127.1171038018435,37.6104601987319],[127.11710380126429,37.6104602000826],[127.11710379771459,37.6104601972593]]],[[[127.12727269882191,37.578568902345204],[127.12866770014469,37.578535699894005],[127.12780899991719,37.5791340008884],[127.12727269882191,37.578568902345204]]],[[[127.1336210998075,37.604783600127796],[127.1347668996096,37.6041429993209],[127.1345881992341,37.6022701000037],[127.1353465992094,37.6022675997058],[127.13569859910099,37.601216099995],[127.13445639964421,37.600529199486296],[127.1360626994321,37.5999153995446],[127.1372692997588,37.5979816999556],[127.1406741000266,37.5963564993039],[127.14332619969781,37.5964996989403],[127.1443022004552,37.5974061988422],[127.14527890107139,37.596766499306604],[127.1443022009731,37.597406200059105],[127.1445911006842,37.598324299141],[127.146174699918,37.5989992986024],[127.1459958003687,37.599692899410904],[127.14975359898929,37.599711998004],[127.1514701978331,37.5976783977419],[127.1518448023324,37.5980230996146],[127.1488978014914,37.6019699004944],[127.1477194010561,37.6060699003842],[127.1493810003317,37.6070595993676],[127.1496659017193,37.608178400002],[127.1486141006112,37.6092057002169],[127.1491840010881,37.609674500331195],[127.1467145002188,37.6102433004609],[127.14662610024631,37.6109160002998],[127.14399989939379,37.6105478012113],[127.1431365997586,37.6095251007671],[127.14184110020449,37.611021000390004],[127.1380761994258,37.6102901002393],[127.1378411996366,37.608715900972],[127.1350585991529,37.6074376002598],[127.1336210998075,37.604783600127796]]],[[[127.1338034995222,37.6031194001153],[127.1339833003932,37.6032692001947],[127.1339832994644,37.6032692010799],[127.1338034995222,37.6031194001153]]],[[[127.1502924996453,37.565686100239404],[127.15029249993371,37.5656860997931],[127.15029250022391,37.5656861000777],[127.1502924996453,37.565686100239404]]],[[[127.1503678994885,37.604510400468],[127.1524222010311,37.6036916981444],[127.1533098002394,37.6048556996167],[127.155319500157,37.605209599907404],[127.1531057001845,37.6051857005426],[127.15242309997669,37.606495400171],[127.1521509994852,37.6048687013217],[127.1503678994885,37.604510400468]]],[[[127.15263129981939,37.4160658001531],[127.1530870005458,37.4160963994979],[127.1531825003455,37.416494300084494],[127.15263129981939,37.4160658001531]]],[[[127.1526459997039,37.416897400216705],[127.15303560000939,37.4170391997245],[127.15303560051349,37.4170392009933],[127.1526459997039,37.416897400216705]]],[[[127.1538303986462,37.4145437997336],[127.1538304012457,37.414543799925],[127.1538303996186,37.4145438006071],[127.1538303986462,37.4145437997336]]],[[[127.15412829911719,37.6100707999366],[127.1555016996565,37.6084062996378],[127.1552079993232,37.6063093998265],[127.1569417998727,37.6068239993874],[127.1585373001417,37.605526499894104],[127.1593479005029,37.6070237002554],[127.15840090032471,37.606538400754],[127.1571891001839,37.6086461997994],[127.15908209981741,37.609436199615],[127.1601534999897,37.6087630996745],[127.1626734999122,37.6098102990498],[127.16410259972781,37.6088174992187],[127.1665281002793,37.6095341986363],[127.1666345008457,37.6116865993002],[127.16809240070131,37.6131069002314],[127.16652759993869,37.612884801062606],[127.16630430032389,37.6141836001207],[127.16340600040739,37.613583300662],[127.1625623006588,37.6146870003594],[127.16302780065219,37.6152878003426],[127.1625622998477,37.614687000741],[127.1617122000339,37.615192200177006],[127.1616563990406,37.6135509011649],[127.160096200059,37.613844701066604],[127.1571198001004,37.6127938013841],[127.1550937987803,37.6113609008955],[127.1562690994577,37.611052999859595],[127.15639129938279,37.6100924004922],[127.15412829911719,37.6100707999366]]],[[[127.15887959947531,37.6083610004628],[127.15887960012181,37.6083610000067],[127.1588795998697,37.6083610006358],[127.15887959947531,37.6083610004628]]],[[[127.16075019776599,37.4237716994474],[127.16157149859009,37.4257786020747],[127.1611801989814,37.4258346020187],[127.16075019776599,37.4237716994474]]],[[[127.16572579984691,37.6083025001189],[127.1657258002803,37.6083024995785],[127.165725800012,37.6083025004772],[127.16572579984691,37.6083025001189]]],[[[127.1685584998684,37.5632462998997],[127.1685585001691,37.563246299861],[127.16855850021031,37.5632463001251],[127.1685584998684,37.5632462998997]]],[[[127.18984569806081,37.6044017999045],[127.193572097936,37.603758998132996],[127.1935113003545,37.601522898092],[127.1938512017941,37.6031247001782],[127.1954137002316,37.604773898529],[127.1977237980689,37.603386398908796],[127.1990038020756,37.6049541000698],[127.1961922027503,37.6071072027962],[127.19190880246629,37.607832805558296],[127.1905899993349,37.6068999999992],[127.19166989969409,37.6049334003245],[127.18984569806081,37.6044017999045]]],[[[127.19105929914251,37.52711630012951],[127.1911944020108,37.5270987990899],[127.1911944004025,37.527098801654795],[127.19105929914251,37.52711630012951]]],[[[127.192270091954,37.4126891937584],[127.19335369942931,37.4139287981912],[127.1948327979502,37.4119872001328],[127.19307329968109,37.4114099002379],[127.19618279302391,37.4067987978994],[127.2000710009751,37.405678097198205],[127.20149779954829,37.4032093996669],[127.2009511012988,37.4058600970154],[127.20497949727039,37.4076182952572],[127.2113582998679,37.4059557962708],[127.2130616991676,37.4050990968377],[127.2140657981635,37.4033790985577],[127.2159358987586,37.402946396217196],[127.2168629004066,37.406003296739],[127.21825520207601,37.402799098681804],[127.21619100009559,37.410248800190494],[127.2154786003029,37.4091173011674],[127.2148150993479,37.4099877997157],[127.2146744997161,37.407496801376794],[127.2131780012126,37.4064190024546],[127.2109477027477,37.4063462037319],[127.2091199040714,37.4069312041464],[127.2058157073756,37.409925901151695],[127.20633610679221,37.414158097371505],[127.2081915054952,37.416536598383104],[127.2057197038272,37.4197397033863],[127.204638299914,37.4200109098474],[127.1955332002846,37.4161421067673],[127.1933302973411,37.4160384032379],[127.192270091954,37.4126891937584]]],[[[127.2072467990774,37.5873427013117],[127.20724680020469,37.587342699441],[127.2072468004656,37.5873427002535],[127.2072467990774,37.5873427013117]]],[[[127.2074187987794,37.5862133996986],[127.21029320030719,37.585715799694604],[127.2091181007843,37.586410800405105],[127.2100128003306,37.5871918999815],[127.2094259995173,37.5877210005631],[127.2083147996929,37.587794000169005],[127.2074187987794,37.5862133996986]]],[[[127.2212114985044,37.5235093994447],[127.2216127015968,37.523706200959],[127.2215964998382,37.524716102237],[127.2212114985044,37.5235093994447]]],[[[127.2415865987232,37.398057800958796],[127.2419972009264,37.39702959917901],[127.24454709971761,37.396821199487],[127.245374698919,37.394877801061504],[127.24376380052989,37.394698501240796],[127.2433327995908,37.3956900005186],[127.2437637990609,37.394698499986795],[127.245662597719,37.3939458999812],[127.2470191001139,37.391800397722804],[127.2504005995722,37.3914300975596],[127.2505390014544,37.392198299018695],[127.25217670093471,37.391442098541496],[127.2523781019706,37.3921576987263],[127.2598732041783,37.3935226973857],[127.26068940367361,37.3945100984212],[127.26088200413629,37.3969090040684],[127.25801560210509,37.3966745038065],[127.25695690316381,37.400754499726496],[127.261158201464,37.403123099192705],[127.2605640007436,37.4035607998591],[127.2613962007699,37.405569900202],[127.260301300743,37.405591899961195],[127.2609927016324,37.4070436006003],[127.2580258004211,37.4089329004857],[127.2574072005298,37.4081674008235],[127.25686780033709,37.4092547004247],[127.2544846992355,37.4086967016918],[127.25244320066591,37.406712401289106],[127.2509287005949,37.4087756004482],[127.2499205005883,37.4085365007458],[127.24986240054099,37.4092336012697],[127.2484715990616,37.4095008008016],[127.24652759414319,37.40639619881],[127.24996949473571,37.4041946992741],[127.2453674993377,37.4019737014951],[127.24345270125251,37.4019026015662],[127.2426373994477,37.4003133010992],[127.2430317992884,37.398970500418194],[127.2415865987232,37.398057800958796]]],[[[127.2904780992836,37.377076700921506],[127.29239350037291,37.3765947993245],[127.2942601985062,37.3775756983436],[127.29607919668719,37.376515499403794],[127.2963167964496,37.375037500881795],[127.2950689976974,37.3730919028274],[127.2931265952018,37.3732287986609],[127.2950689996311,37.3730918976472],[127.2981949013702,37.3714552973944],[127.30028730029579,37.3713139993634],[127.301597501334,37.372496498648694],[127.30110259950469,37.3733729028023],[127.30065209974029,37.3724683005998],[127.2990297003726,37.3733586001401],[127.2978276017682,37.377808200247095],[127.2961398013349,37.3795485003655],[127.30016489875639,37.3831950014141],[127.29613979925031,37.379548500818],[127.2928093969018,37.3791175025584],[127.2904780992836,37.377076700921506]]],[[[127.2943156987651,37.381434600150996],[127.2943156997118,37.3814345993176],[127.2943157013249,37.381434602152],[127.2943156987651,37.381434600150996]]],[[[127.303950799104,37.370654199982496],[127.3041102998681,37.3704216991544],[127.30424690010439,37.370509299709404],[127.3045156005354,37.3702924995389],[127.303950799104,37.370654199982496]]],[[[127.3430976985273,37.3532639001983],[127.3434306987882,37.3513993987568],[127.34508369879751,37.350543599264],[127.34475999891059,37.3496700996475],[127.34587099947551,37.3502515986369],[127.34624149882481,37.3486164997196],[127.34746530007699,37.3481404991494],[127.34751900034401,37.3495557982899],[127.35235670232561,37.3506030990538],[127.3493078023578,37.3507321005003],[127.3458789996828,37.3520864029066],[127.34556779916319,37.3515956024129],[127.3430976985273,37.3532639001983]]],[[[127.4043050985337,37.3170665004912],[127.4044125000743,37.3168235991451],[127.4049085018036,37.3170016015432],[127.4043050985337,37.3170665004912]]]]}}]}