{"type":"FeatureCollection","features":[{"type":"Feature","properties":{"interval":15,"stationId":"5891336974"},"geometry":{"type":"MultiPolygon","coordinates":[[[[126.7790331998003,37.6701287000984],[126.7811582997401,37.6700419991083],[126.7816831998529,37.6689448999475],[126.78366390001459,37.6688646995658],[126.7860124997128,37.667619599840805],[126.785695400411,37.668329999268096],[126.78789139821501,37.6686454989526],[126.7854884997311,37.663959500454894],[126.7858228993258,37.6629857008487],[126.7850869991144,37.662693700080595],[126.78680100008489,37.6623925991793],[126.7878440996681,37.6612123999209],[126.7868934996825,37.6600364002674],[126.7870060992057,37.657576399694506],[126.78634099972149,37.656684999889],[126.7868760996539,37.6571478995934],[126.7873478993232,37.655527399643496],[126.78930800012171,37.6553571990954],[126.7898495999744,37.654596299930404],[126.7923336997545,37.6544553997495],[126.79541019997751,37.6529897997903],[126.7964135995522,37.6535141995091],[126.797156099533,37.6518660002308],[126.79608299971079,37.6517211003815],[126.7959513992138,37.649749201371606],[126.79471549933919,37.649260099089],[126.7958998981548,37.6496478987012],[126.8000094944198,37.647567098033406],[126.79817829625101,37.643563102037405],[126.7944917003121,37.6412640992167],[126.7959583004301,37.641560499357595],[126.7959505004379,37.642234098684],[126.79885880078821,37.6417910980242],[126.802154997492,37.6430064968088],[126.8042273975429,37.639414499043504],[126.8065911002198,37.6409714993561],[126.8063969001157,37.641585700324804],[126.8047009018117,37.641249500661],[126.804030602482,37.6433570985534],[126.8084223009716,37.6434053008577],[126.8065560009379,37.6437318016229],[126.8033697022929,37.6467510012068],[126.8007299000342,37.647033901597595],[126.7984644012414,37.6506871996372],[126.7989635007423,37.6521482981761],[126.8025875016236,37.655035499594],[126.80101680107249,37.6572930000318],[126.80094320089741,37.659231499135096],[126.80289790052521,37.6597843002463],[126.8011650014664,37.659659400715704],[126.8013388012926,37.6615313988437],[126.80476500071231,37.662652697689104],[126.8049140009813,37.663346501240106],[126.8032947005797,37.6637692006601],[126.80166800004831,37.6664379005054],[126.80117180054451,37.666107600835694],[126.8002101004755,37.667211200348895],[126.7990834006092,37.6666831008796],[126.7985681005007,37.668123900773],[126.7976474998105,37.66815260072],[126.7974101986627,37.6666216002977],[126.79607949999341,37.6658282010911],[126.7938141011204,37.6663125004824],[126.79366279954921,37.6688975011709],[126.7921346990576,37.6674572012562],[126.78971009990629,37.667156501728094],[126.7888949006068,37.668551900441095],[126.7878914008094,37.6686455004527],[126.7875259007944,37.6714389992614],[126.7882710007514,37.673099798151],[126.79161569925479,37.6715224986658],[126.790425701844,37.672444500367696],[126.7917509016293,37.6742795994742],[126.7898982000453,37.6762171000883],[126.7892655000866,37.6755286003371],[126.78817709972459,37.6767813005546],[126.7861462001516,37.6756321011071],[126.78577200017119,37.6762603003464],[126.7844518999428,37.675688300725],[126.7834730000321,37.6771723011936],[126.7821449998346,37.6763817012783],[126.7810002004059,37.6766734009611],[126.7821449986993,37.6763817001027],[126.7803887995936,37.6740792005543],[126.78106699966229,37.673802100049606],[126.7797906995906,37.6716946005905],[126.7802804991673,37.6708042007937],[126.7790331998003,37.6701287000984]]],[[[126.766842999607,37.683856299343304],[126.77134840039429,37.681869998925606],[126.7726248996043,37.6824405994047],[126.7726115996318,37.6817964999941],[126.7744034007748,37.6810313997454],[126.77371430060029,37.6842709005315],[126.7717946006033,37.6859329011173],[126.7702308999398,37.6855596005898],[126.76963589987659,37.6845718005718],[126.7677380995329,37.6851945009249],[126.766842999607,37.683856299343304]]],[[[126.78606429923701,37.6431033998091],[126.7889977002906,37.6414742993482],[126.7897251009186,37.6420369007863],[126.7887611014891,37.643825900217],[126.7897467001078,37.6445919000859],[126.78767289914511,37.6446743001657],[126.78733899941831,37.6437891009979],[126.7863489002114,37.6445626008728],[126.78606429923701,37.6431033998091]]],[[[126.7613558992132,37.6941890997213],[126.7615785003414,37.692203999722594],[126.7627361012277,37.6931568000555],[126.7613558992132,37.6941890997213]]],[[[126.77752289965099,37.6519074999623],[126.778014800213,37.6520600000634],[126.77756559969271,37.6520551004795],[126.77752289965099,37.6519074999623]]],[[[126.8185485979093,37.6159186009239],[126.8186825012197,37.616166699611604],[126.8199542010309,37.6186806009218],[126.81868249779109,37.6161667007029],[126.8185485979093,37.6159186009239]]],[[[126.815989699712,37.6307523997424],[126.8166196010605,37.630711797812204],[126.8179730005422,37.6308047006517],[126.815989699712,37.6307523997424]]],[[[126.7958057992211,37.667718299666795],[126.7959513008225,37.667677300414],[126.796013400104,37.6681157013598],[126.7958057992211,37.667718299666795]]],[[[126.7610378993795,37.7130868998743],[126.761058499352,37.7130833989439],[126.76127580072311,37.713022298868],[126.7610585001409,37.7130834000993],[126.7610378993795,37.7130868998743]]],[[[126.761438999642,37.6957503989908],[126.76143879964219,37.6956417990994],[126.76157470161439,37.6956426999997],[126.761438999642,37.6957503989908]]],[[[126.8128106998163,37.631237599904],[126.8133996018598,37.6310940996203],[126.8133996009542,37.6310941028381],[126.8128106998163,37.631237599904]]],[[[126.78595849972541,37.641436400071],[126.7861433000785,37.641418299942195],[126.78597590005539,37.6415535002659],[126.78595849972541,37.641436400071]]],[[[126.8223873990125,37.6108194992129],[126.8225122015569,37.6108281000379],[126.8223873993512,37.610819501086695],[126.8223873990125,37.6108194992129]]],[[[126.8089474995713,37.6317545998859],[126.808947500683,37.6317546001694],[126.80894749988221,37.6317546011367],[126.8089474995713,37.6317545998859]]],[[[126.7742493001404,37.6805539000514],[126.7742492998963,37.6805538999948],[126.7742493002103,37.6805538998435],[126.7742493001404,37.6805539000514]]],[[[126.8097989998013,37.6318909998997],[126.8097990008795,37.6318909995704],[126.8097990009433,37.6318910006959],[126.8097989998013,37.6318909998997]]],[[[126.82008689946291,37.6301724004988],[126.8200869000055,37.6301723998816],[126.8200869002154,37.630172399951796],[126.82008689946291,37.6301724004988]]],[[[126.819014199496,37.6303900998418],[126.8190142001323,37.6303901000821],[126.819014199501,37.6303901010663],[126.819014199496,37.6303900998418]]]]}},{"type":"Feature","properties":{"interval":30,"stationId":"5891336974"},"geometry":{"type":"MultiPolygon","coordinates":[[[[126.7407370997071,37.678660099999604],[126.7444491998025,37.677491497515504],[126.74543539881631,37.6747681002389],[126.7438026988549,37.6743765997307],[126.7442402988525,37.67297920077],[126.7428180993399,37.6729567002724],[126.7452140984073,37.6711829968383],[126.7499263001134,37.671774299241505],[126.75043890069091,37.6724891994342],[126.7529862998352,37.672240699572704],[126.7545857992397,37.6702278997527],[126.753897799561,37.6692117999967],[126.754809899478,37.6663596001326],[126.755416899765,37.6666008994859],[126.7572572991022,37.6649705995023],[126.75668049938861,37.6637564998016],[126.7572180992491,37.6632537986114],[126.759382200082,37.6635781997967],[126.76064409966459,37.6647648989436],[126.76219330033851,37.663952399464],[126.7612293010709,37.6655150988877],[126.7619256008196,37.6662829983227],[126.7632150995301,37.6654652991404],[126.7648305988802,37.6656431993074],[126.7656067990822,37.6632913993085],[126.7648225991116,37.6609055999621],[126.7654135992084,37.659499700603995],[126.7639179994685,37.659337099829905],[126.7664165976023,37.6558426983569],[126.76727959784449,37.652756698453395],[126.7656295994945,37.6510585001516],[126.7669606987876,37.6503022989078],[126.76590799894639,37.6491170990779],[126.7674314998392,37.650439898893204],[126.7684619988087,37.6502897990433],[126.7689446003136,37.649089999146604],[126.7703950988631,37.6495902986463],[126.7712142999937,37.6471014999907],[126.77329269985199,37.646713099248096],[126.7770416982908,37.6436769968308],[126.7762825990499,37.6398352006726],[126.7783663983748,37.6386530001001],[126.7774568990835,37.6371977012486],[126.7765520979714,37.6375400993994],[126.779360999799,37.6342340977228],[126.7817982016408,37.6335571982274],[126.7830182004208,37.634686697097905],[126.78471779872119,37.6332356985489],[126.78759479844189,37.633883598958],[126.78814889999539,37.6333609973025],[126.7899717012016,37.6349293984536],[126.79327639789689,37.6321073012757],[126.7919413001802,37.6306915981255],[126.7932764000788,37.6321072981339],[126.7942994990557,37.6309367993044],[126.7947598011514,37.6316382987546],[126.8006084005984,37.628891797834996],[126.80105520082459,37.6297422983308],[126.80657929811849,37.631793097218306],[126.80927889851459,37.6293392987044],[126.8099231020073,37.629784900804395],[126.8093107014761,37.6307144006175],[126.81298820136561,37.6341440997881],[126.8136257007281,37.6359788979533],[126.8154391989146,37.6361246978075],[126.81745759689619,37.6331713007609],[126.8159896983641,37.6307524031798],[126.8127792998477,37.6311936999479],[126.8152593982833,37.6307143998754],[126.8164241987036,37.6250716997526],[126.81722929957809,37.6250201995109],[126.81753209950459,37.62406209921561],[126.8220858997131,37.624913999488996],[126.82457189921209,37.6229691998318],[126.8244779996315,37.621971700274706],[126.82293160072321,37.6209172007405],[126.822653699816,37.6220825003403],[126.8207144999911,37.6207991006689],[126.8191743998364,37.6212236001678],[126.819586199477,37.6207153004347],[126.81815090060151,37.6201351008774],[126.8135436002987,37.624436200130795],[126.80961759930919,37.6241317005646],[126.808747800039,37.6233915997126],[126.809929100465,37.6230939996516],[126.81120470009651,37.6236183999902],[126.8109134003878,37.6240881995204],[126.8124218989105,37.624218097489],[126.8147269966054,37.6234981982089],[126.81150699982541,37.6209632007439],[126.8073664998786,37.619656302826705],[126.807783798023,37.617541800845196],[126.8048782980217,37.6157366003417],[126.80776489986779,37.6148149976395],[126.8092319002077,37.6155178978276],[126.8105244001391,37.6138508978647],[126.81411919761989,37.6156080966415],[126.8167338983004,37.612396595756294],[126.81602669806959,37.6075961995647],[126.81723929991949,37.6071296989262],[126.817197899675,37.6057488995863],[126.8194476999879,37.6074966993203],[126.8207456986899,37.607146299670696],[126.8208714985641,37.6062133006037],[126.81956849893,37.605522999946196],[126.81938219909861,37.6035100010801],[126.8168263010264,37.6051440003839],[126.8160672996165,37.604025299827704],[126.81938219832021,37.6035099984512],[126.820125098969,37.601618698543],[126.8218488988995,37.6031097973974],[126.8236594996377,37.6022912983336],[126.8245445993567,37.6004993996785],[126.82613690026399,37.6023892988798],[126.8284108007392,37.600873700001],[126.8296025024887,37.6042698973805],[126.8305919014993,37.604672396977996],[126.8319012023927,37.6070416000367],[126.8300584029424,37.609099602928204],[126.8325074004886,37.6126347995553],[126.8351999992811,37.6121099993632],[126.8368164012889,37.612982397641],[126.8459706995494,37.612640299791906],[126.845991199659,37.6110039999753],[126.842484199214,37.6093416004337],[126.8431990987526,37.6082712995942],[126.84256279939639,37.607170400502405],[126.8408879986877,37.607134903184],[126.8414878001777,37.6048786984028],[126.8481512020243,37.6067744965375],[126.85360450329,37.6145250007497],[126.8506654010764,37.618549699854704],[126.8514196005934,37.6193489003618],[126.8506654001587,37.618549701438305],[126.8501453005072,37.6203522004665],[126.8443840001421,37.6212523004569],[126.8440216995424,37.6202588006107],[126.84273639937011,37.620527200484396],[126.84242619950561,37.6195495007091],[126.84097869947759,37.6198900998735],[126.8428132996369,37.6191214995607],[126.84324929920089,37.6176636010186],[126.8394287001318,37.6176957010708],[126.83878050078,37.6187795999869],[126.8394790005079,37.6196041002169],[126.838814699708,37.619772300680104],[126.8378514001144,37.6176383016284],[126.8357378000523,37.6176820007933],[126.83445779973789,37.6168083003499],[126.83445719974381,37.615938100876],[126.83132689976189,37.6135682001673],[126.8300584009485,37.609099603904504],[126.8279215030854,37.6127657002384],[126.8300616009453,37.6137933992107],[126.8301348004987,37.6146088003001],[126.828903500624,37.6138723014469],[126.8262040033134,37.6139469015313],[126.82662260289479,37.6175973978808],[126.8292300002874,37.6170438984343],[126.8295738001152,37.6155713999086],[126.82923000061129,37.617043898789795],[126.8300079012874,37.6171166993093],[126.8312094000844,37.619153500090505],[126.8297314002585,37.619232600486896],[126.8298601002441,37.619809200379],[126.8294345995735,37.619251900830804],[126.828450100558,37.6196799004028],[126.8287020003204,37.6204021008898],[126.8263394999591,37.620920501069094],[126.8253450009536,37.6222382997513],[126.8257187005968,37.624519399717094],[126.8296831003675,37.6249646992072],[126.82959720060539,37.6266016995347],[126.8321423012857,37.626004099321506],[126.83252949968771,37.6264810004333],[126.8315024001165,37.6260505004189],[126.8308024005723,37.626701399848],[126.83185450041101,37.629772599384005],[126.8325864999678,37.6287812994845],[126.83271480043621,37.6293358995558],[126.833299400387,37.6289556999513],[126.8335244000978,37.6301670996885],[126.83543590001389,37.6302096996423],[126.8354518010667,37.631456898788606],[126.83706480102069,37.6316532984001],[126.8381464035725,37.632969999569],[126.8367687023689,37.635640700938104],[126.8365855000566,37.6385566999935],[126.8355677010277,37.6386739999244],[126.83569250061299,37.6393772999237],[126.83351209941179,37.6409178005586],[126.8312689991768,37.6388363008393],[126.8298950991715,37.6390248003916],[126.82948789988241,37.6376300005179],[126.82878149919081,37.6383996002377],[126.8283637997426,37.636389100946204],[126.8264992971465,37.6370531027273],[126.8254777970738,37.6353219016249],[126.82186799827359,37.636195102403704],[126.8221480995647,37.634065400142795],[126.8204611998757,37.6323811000787],[126.8183446004804,37.631714501672604],[126.8155240005045,37.636907400009896],[126.81787400040851,37.637366699690304],[126.8187503011496,37.6386706009927],[126.8182050001491,37.639397301573496],[126.81803529973,37.6384350009881],[126.8172620969539,37.6389962018805],[126.81602819818781,37.637957802918905],[126.81321920099681,37.6379029029738],[126.812244001972,37.6385154023613],[126.8116137026023,37.6427564981202],[126.81156270324989,37.6466787010006],[126.81287230194029,37.6491003985789],[126.8170681031581,37.6506592003292],[126.80790780495249,37.655049400169005],[126.8078407050196,37.6577612974571],[126.812786300074,37.658387896830504],[126.8122188018159,37.6612799981923],[126.8152125988221,37.6639313955409],[126.8171143021861,37.6622945961966],[126.8165457020804,37.663244600382],[126.81834020045059,37.6641771996686],[126.8167091022931,37.667237398133096],[126.8167143042007,37.669111900888694],[126.81362499946991,37.671672702163505],[126.8153008974229,37.669191600115596],[126.81219070053311,37.6673007020065],[126.81090090182289,37.6686417006655],[126.8114604012634,37.669474599832604],[126.8106580019414,37.670227201632],[126.8107871012164,37.6722926008116],[126.8083317010462,37.6740502012668],[126.8088152005011,37.6756453997477],[126.8071967999977,37.6761634005651],[126.8064416998667,37.674756601126404],[126.8052163994912,37.6760778013632],[126.80411170059591,37.6757088017322],[126.8034645012431,37.6768631005779],[126.8041846011998,37.6780160999292],[126.8026754004965,37.6806095003976],[126.8016699005873,37.679606001538],[126.7997189006859,37.6809911010072],[126.7980910005495,37.6798876011022],[126.7986692998926,37.6831314005507],[126.7980033993078,37.6832019006216],[126.7980144995109,37.6818748011965],[126.7951096995114,37.682491501166],[126.794658199984,37.6809126013617],[126.7930898015524,37.681693000581305],[126.7934523012562,37.6840995999649],[126.79173470000491,37.6853679025481],[126.790901999097,37.6845664019066],[126.7845731008386,37.6840999029629],[126.784020100343,37.688622100158305],[126.7815889005707,37.6889504007284],[126.781625500434,37.6907732005517],[126.7804666003176,37.6902351005714],[126.7791378003313,37.6918455005117],[126.77894220046521,37.6935614005638],[126.777371201056,37.694315099967994],[126.7776223999566,37.69534350085],[126.77572720050651,37.6944505019573],[126.7725334023139,37.694519902255],[126.77120430321399,37.695774101418],[126.7708008020673,37.697979100625695],[126.77243740135741,37.699649003403],[126.7690971044256,37.702266301463496],[126.7674838996509,37.701847001040704],[126.7663876999393,37.7029456000614],[126.76573889968691,37.7012365010521],[126.76204680073519,37.701526900344],[126.76133320165769,37.7029066003427],[126.76374250117051,37.7047212004391],[126.7613399024158,37.707358200596204],[126.7604350008776,37.7073472001116],[126.7609633003507,37.7093871982885],[126.76338050037519,37.708638899315496],[126.7642075001344,37.7099247995381],[126.7653736001789,37.7101862987809],[126.7627384004498,37.7104112003458],[126.7626087999448,37.7119019008895],[126.7627383992605,37.710411201479104],[126.7614133005856,37.71031030158],[126.76041050158841,37.712027299863],[126.76277520072769,37.7167241002449],[126.7600482000584,37.7176720011609],[126.75794350060299,37.7161039013569],[126.75738409936909,37.7172862007945],[126.7572729986216,37.7164412010715],[126.7551104007842,37.7152393022734],[126.7541691995695,37.7170757001457],[126.7540441992239,37.7154767998559],[126.75511039881661,37.7152392991407],[126.7536593994934,37.713900699435705],[126.75511039933471,37.7152392970216],[126.7569236975214,37.7113647008962],[126.7530458994957,37.7095260992922],[126.7547766999783,37.707886799888996],[126.75639309897349,37.707724099114],[126.7564330989335,37.706102800735295],[126.75736979950881,37.7056756998139],[126.7572624990038,37.703730200015805],[126.7562322998642,37.7034058993292],[126.758351798612,37.7023776993862],[126.7593408994284,37.702721999211704],[126.7599123988569,37.7015500003837],[126.7591131983054,37.698059500106],[126.75655949991689,37.696951301119505],[126.7577379989978,37.6950224006909],[126.7566027997725,37.6948279006866],[126.75566640034569,37.6962483001005],[126.7560051980642,37.6943052000262],[126.7549239991454,37.6935813007501],[126.7529636999612,37.694536600331],[126.7515542986958,37.6906030002515],[126.7558579983247,37.6891338995441],[126.7539133989545,37.6856041998681],[126.7580507993932,37.6795660991147],[126.7575434999364,37.678643199919506],[126.75933309928321,37.679535299307695],[126.76257850002371,37.677610399745],[126.7653459992566,37.6773287000407],[126.7640226997183,37.676350300764405],[126.76196779868029,37.6771775003031],[126.7631686989205,37.676441200504996],[126.76092849988211,37.6757685002264],[126.7608631990593,37.6747440004973],[126.75947980044269,37.674997300244],[126.7598733003269,37.6762236003567],[126.7588748995093,37.6748842005016],[126.75803479979301,37.675420901001196],[126.75796489925091,37.6739497007057],[126.7569503997694,37.6731514007336],[126.7549427004449,37.6737674007135],[126.7550758000435,37.674819100064504],[126.75466460015029,37.6742193006264],[126.7533389009793,37.6751371995919],[126.7537985007559,37.6758155992281],[126.7523579007465,37.6795844004222],[126.7512543004897,37.679961701671],[126.7505352993605,37.6813668010564],[126.747433899368,37.6804823008854],[126.7476098986814,37.677825501183996],[126.7444491997273,37.677491500469905],[126.7430002008558,37.6779986001034],[126.7444393017698,37.6786934018274],[126.7429152014661,37.6793527019499],[126.7435594995724,37.6790755000231],[126.74274289973779,37.6781080006118],[126.7413667003363,37.6790409004631],[126.7407370997071,37.678660099999604]]],[[[126.8913603993165,37.5777561993226],[126.8919731000605,37.5752733977203],[126.89829079939649,37.573701798983805],[126.8980800010949,37.574905198943604],[126.9011026998157,37.575082699362504],[126.9023328001138,37.577580499594205],[126.9032779992885,37.5767030003918],[126.9027719991151,37.5762812990819],[126.9048085005507,37.5754654001204],[126.90414440097261,37.5758681002032],[126.90496920092,37.5795847006156],[126.9047197003439,37.580453400566505],[126.9004410005687,37.5798658005443],[126.9009203002225,37.5813548997898],[126.9001523000724,37.581653600680504],[126.8978825001811,37.580749401577805],[126.8969113994164,37.5784443015745],[126.8924017995523,37.581016002449495],[126.8930218984159,37.5806139997465],[126.8916693989693,37.579291400413304],[126.8922090989451,37.5785235002603],[126.8913603993165,37.5777561993226]]],[[[126.8616318996996,37.6035250999278],[126.8646033983615,37.603960797351206],[126.8647818991314,37.599047700115],[126.86406100040601,37.5986246981225],[126.86493090034091,37.598382399680595],[126.866443000144,37.5995154983733],[126.8671428006322,37.5976063988527],[126.8682113013718,37.5988809000539],[126.86802160159601,37.6007788001786],[126.87077599884161,37.6023675985898],[126.8713064983111,37.6007441002133],[126.87328480046199,37.598887297954704],[126.8755612014708,37.598574998879194],[126.8750098002623,37.601279300459005],[126.8730491011523,37.600237801104],[126.8729212001788,37.6014693003945],[126.8717195013805,37.6018911999726],[126.87247540055,37.6032189998745],[126.87114920162331,37.604094199855],[126.8722959013318,37.6047236996052],[126.8711492006325,37.6040942010624],[126.8699255011464,37.605548401031704],[126.8705185004233,37.608292900626104],[126.86914659907819,37.6084398021057],[126.8659290994117,37.6064794005896],[126.8628704006322,37.6082756014857],[126.8628855985499,37.6072272997336],[126.8659290978014,37.6064793987333],[126.86460339912709,37.6039608012519],[126.8625824000213,37.605887700442594],[126.8616318996996,37.6035250999278]]],[[[126.7634480987145,37.7187860994366],[126.765025900258,37.7182828990116],[126.7659147005203,37.7191129988838],[126.767549800628,37.7173995993552],[126.7702805016341,37.7186125001351],[126.77072530092799,37.7226085973014],[126.7722054994478,37.7212762986337],[126.7725922993223,37.7193662993813],[126.7738647003836,37.7213355981073],[126.77713150023969,37.7215541986349],[126.7758334017111,37.7239048003999],[126.7764524010921,37.7249195993851],[126.77746830225739,37.7247931013818],[126.7764524010783,37.7249196022911],[126.775161901694,37.727943401169604],[126.77377420153981,37.7288885018014],[126.77409740134131,37.7323387008387],[126.7724152001716,37.7312867026206],[126.7709985966606,37.7323503011214],[126.7708654977747,37.7303258998041],[126.768829099383,37.7286252003461],[126.7680005994299,37.7268189007363],[126.7686214989427,37.7266174996396],[126.7677167990558,37.723630300870205],[126.7656640994947,37.7237158000627],[126.76552389823631,37.7212512008374],[126.7634721997532,37.71966890043],[126.7634480987145,37.7187860994366]]],[[[126.76865569909539,37.7656727997641],[126.769570298928,37.764900298902404],[126.7704963992888,37.7656234988333],[126.7716415999188,37.7641218991227],[126.774579199444,37.7635832991541],[126.77486879948539,37.762648399717406],[126.7768350002288,37.7626668993214],[126.7769325010159,37.7643881993073],[126.7784462011888,37.7656191995965],[126.77821170125,37.766989499824604],[126.779366700265,37.7674734997507],[126.778367701001,37.7677500001946],[126.7791339006413,37.76912630032341],[126.7776317005063,37.7682096014681],[126.77717460096339,37.769336800340895],[126.775967500743,37.7693392004866],[126.7759393999857,37.7702737004432],[126.7760114986004,37.7687417009684],[126.77412340048849,37.7667227029874],[126.77197100011719,37.766307502553005],[126.7710726993009,37.7673485012807],[126.770496398562,37.7656235009365],[126.76865569909539,37.7656727997641]]],[[[126.8380377996582,37.6541600999906],[126.8389045997803,37.6530161994836],[126.83935120008489,37.6540463990314],[126.8409833988636,37.6534654996344],[126.84207739755239,37.6521261002725],[126.8399478978255,37.6504012991918],[126.841675200051,37.6500093996573],[126.8427840008375,37.6514172982393],[126.8438370007094,37.6515416990555],[126.8452222032017,37.6504613994805],[126.8462613007478,37.6536537997859],[126.8441179009243,37.65397750180141],[126.8443917004198,37.6561223009824],[126.8438478997958,37.656482400712704],[126.8431467991731,37.6554442010097],[126.8419763995823,37.656042500803395],[126.8395085995359,37.6550754012554],[126.8391478994047,37.6540976012747],[126.8380377996582,37.6541600999906]]],[[[126.7649932957558,37.754120100644904],[126.7653311998588,37.7519639994884],[126.7695645003308,37.7456576994892],[126.7693713007594,37.7484729976156],[126.77056480049511,37.7482339002649],[126.7693713009543,37.7484730003509],[126.7694218009038,37.7491847996391],[126.7704176011553,37.7493779991176],[126.7709006001422,37.7522091001385],[126.7698950013565,37.753573500285604],[126.7708631010949,37.754360999965805],[126.7689614010705,37.7538049004952],[126.7686043016981,37.7558409006581],[126.7679161998346,37.7558350002874],[126.7683521986243,37.7545170003838],[126.76752259945391,37.7534783014225],[126.7649932957558,37.754120100644904]]],[[[126.9251611991808,37.557646399369105],[126.926246499768,37.5564306999188],[126.9265391000508,37.557029299431704],[126.92827690062241,37.556661300361],[126.9272339011336,37.5576948995447],[126.9276198995625,37.5583378004312],[126.9251611991808,37.557646399369105]]],[[[126.8709160989366,37.6504470002038],[126.872883500036,37.650709399109594],[126.8731295001502,37.6498501998528],[126.8740416007891,37.6505706996778],[126.87307800006771,37.6513010014007],[126.87112689905739,37.6511848019744],[126.8709160989366,37.6504470002038]]],[[[126.91601179962771,37.567846600051006],[126.9180182001362,37.5677457998713],[126.9164457999516,37.5683551002074],[126.91601179962771,37.567846600051006]]],[[[126.7493240989963,37.714176799620596],[126.7496537995566,37.7137671995223],[126.7506491010144,37.7137929994142],[126.7493240989963,37.714176799620596]]],[[[126.83291099981389,37.6277144998564],[126.8328987999126,37.627648999565196],[126.83298200007731,37.627705499989794],[126.83291099981389,37.6277144998564]]],[[[126.7603165998286,37.723074000138],[126.7607485995599,37.723012799959896],[126.76088130027419,37.7229475996852],[126.7607486000591,37.7230128007782],[126.7603165998286,37.723074000138]]],[[[126.76047019935051,37.7201001997838],[126.7603855998483,37.7196254999754],[126.7604701997578,37.7201002010657],[126.76047019935051,37.7201001997838]]],[[[126.7652489977277,37.757875901305],[126.7652378963175,37.7577488989222],[126.7652379005029,37.757748899504705],[126.7652490017671,37.7578759021159],[126.7652489977277,37.757875901305]]],[[[126.8345726996366,37.610239100041],[126.83457399971991,37.6101746969036],[126.8345718997765,37.610278700762],[126.8345726996366,37.610239100041]]],[[[126.9154243992355,37.568811499523605],[126.9154244003582,37.568811499542704],[126.9154243998761,37.5688115003315],[126.9154243992355,37.568811499523605]]],[[[126.7929002987791,37.7963100995061],[126.7929003000979,37.7963100993016],[126.79290030159589,37.796310101153],[126.7929002987791,37.7963100995061]]],[[[126.8950602989793,37.5818716005355],[126.8950602998013,37.5818715996723],[126.8950603009739,37.5818715999641],[126.8950602989793,37.5818716005355]]],[[[126.9016460998226,37.5748525002138],[126.9016461003702,37.5748524988251],[126.9016461006179,37.5748524999088],[126.9016460998226,37.5748525002138]]],[[[126.7602596996015,37.7188857002498],[126.76025970037081,37.718885700078104],[126.7602597002877,37.718885700674804],[126.7602596996015,37.7188857002498]]],[[[126.7930951994493,37.815596000294],[126.79309519967579,37.8155959986034],[126.7930952003649,37.815595999425],[126.7930951994493,37.815596000294]]],[[[126.8034796995545,37.5618879994582],[126.803479700231,37.5618879993926],[126.803479700299,37.5618880002106],[126.8034796995545,37.5618879994582]]],[[[126.8955987997828,37.6533169997742],[126.8955988004283,37.6533169999427],[126.8955988001376,37.6533170002144],[126.8955987997828,37.6533169997742]]],[[[126.7934795989715,37.7947272999338],[126.7934795991726,37.7947272979277],[126.7934796020956,37.794727298666295],[126.7934795989715,37.7947272999338]]]]}},{"type":"Feature","properties":{"interval":60,"stationId":"5891336974"},"geometry":{"type":"MultiPolygon","coordinates":[[[[126.71723559921959,37.683816999212496],[126.7182938991866,37.6841615989847],[126.72367129632681,37.6812111990018],[126.7228784970871,37.6785364997459],[126.7184208994663,37.6742248002531],[126.7222504982806,37.671180898639506],[126.7223941981369,37.6676428021776],[126.7207597997713,37.667502502317895],[126.719905498,37.6654396007521],[126.7207597994138,37.667502498027496],[126.723629499557,37.664328599907094],[126.72255800062851,37.663067301168404],[126.7213195979148,37.6632834009045],[126.72258619880229,37.6602823988414],[126.7218868000755,37.6590840991854],[126.7268595986674,37.659275796226204],[126.7300007993632,37.6574337976842],[126.7313851008539,37.6614183974846],[126.7304887010676,37.6620846995123],[126.7319881002632,37.6617358993621],[126.7349335997781,37.6634479984535],[126.73659670042461,37.662597999324205],[126.7369741001566,37.6638009985517],[126.739479297542,37.661371000551206],[126.74120819941051,37.657873497163],[126.7417251988935,37.6555749994615],[126.74114469939501,37.6550108994689],[126.74455879894259,37.653721699455495],[126.74412119887559,37.653099597959795],[126.7457527993252,37.653600999021805],[126.7474075976704,37.6515094011134],[126.74692069175471,37.6459919870335],[126.75988309292819,37.6386723847779],[126.7638622968701,37.6372880838153],[126.7739169930784,37.6316837874005],[126.777978096087,37.630511286376304],[126.7831550954361,37.625838186591295],[126.7858146927765,37.6251369872925],[126.7931318946173,37.6207676887795],[126.79523950039659,37.6222011977247],[126.7970554998387,37.6194007992873],[126.7967743009727,37.6199399998188],[126.7990479997238,37.621136898736204],[126.8004662005257,37.6203675990182],[126.80072710010991,37.622473698027804],[126.8032240990806,37.6223960994418],[126.8029585987911,37.6214197992379],[126.804198697551,37.6198503008074],[126.8028845988651,37.6188040018537],[126.801514999322,37.6196608008407],[126.80289999899139,37.6160783008145],[126.80207209956781,37.6162327992614],[126.8048782982748,37.6157365997724],[126.80395590078561,37.615134998829],[126.8048782997407,37.6157365986354],[126.805825498916,37.6138758000882],[126.8060922919566,37.610074093735896],[126.81137579487799,37.6050207930199],[126.81178449452631,37.6000691979205],[126.80409259861571,37.5952678017007],[126.8043097990284,37.5923815998468],[126.8037019996362,37.591740400488],[126.8016367988085,37.592208200000705],[126.79976229993889,37.589461300986805],[126.7985226998318,37.589169301366304],[126.79664770065709,37.5858404020248],[126.79489289932299,37.5869201017893],[126.7943830999358,37.586087600307096],[126.79319390112501,37.5863285000662],[126.7921608007768,37.5874630015493],[126.7898681998761,37.5864119012853],[126.789910298262,37.5833568999122],[126.7887793993929,37.579745603523506],[126.7870287985526,37.5831537019494],[126.7866128982238,37.5787481995256],[126.78846320059719,37.5784861986078],[126.79141360197539,37.5804773998715],[126.79463230180791,37.580977399667205],[126.79347060266211,37.583896698085496],[126.79695499925799,37.5843018977194],[126.79738659882639,37.5819208001005],[126.7984296986404,37.581064900109304],[126.79813849966139,37.5795593993005],[126.7992492996413,37.579892799058506],[126.79951389937669,37.5789520999992],[126.7985494992504,37.5784273004326],[126.7985675998972,37.577286801068304],[126.79744450016919,37.578289100798],[126.7958203993537,37.577875000399295],[126.7954923997577,37.575665202439204],[126.79316130025819,37.5771305021091],[126.7840479994705,37.5753331981572],[126.78477270484761,37.574853994663],[126.78681250280779,37.576143193373795],[126.7936974018974,37.5670303977282],[126.7988997005788,37.571171499729296],[126.7996924003443,37.5756478961711],[126.80062629941041,37.572519199299805],[126.8025624988191,37.5723998983245],[126.803845399126,37.571147199273696],[126.8033780993776,37.5695627997475],[126.8043332988424,37.5680287006308],[126.802456799468,37.566965500185304],[126.80182379832189,37.564436301729394],[126.8001116000341,37.5643951017706],[126.79681789916259,37.5624330001926],[126.79655049940679,37.5613543996905],[126.8010809994952,37.5610990992378],[126.80223929993349,37.5595927991479],[126.80369469908699,37.559325898907595],[126.8037177990639,37.5583227999107],[126.8050387001578,37.5573117993449],[126.80657879877239,37.5569428995911],[126.80637989888,37.5561358999228],[126.80723329903789,37.5564599992315],[126.8077530985181,37.5554534002381],[126.806664203464,37.5541647933941],[126.81098919956469,37.5510346971854],[126.8138658976426,37.5505997966042],[126.81394179853339,37.5471031993349],[126.8122109995205,37.5455629989502],[126.81806470034819,37.5451857996523],[126.8176756008247,37.5466212994585],[126.8200845993996,37.547670098899594],[126.82136180015631,37.5464705994402],[126.82219910080411,37.5475164006356],[126.8204975010015,37.5475420007098],[126.8207698001785,37.5495478004843],[126.8189828012164,37.5501696004692],[126.8187901014091,37.5515962990425],[126.8196487005505,37.552184798454],[126.82056899963021,37.5513899992488],[126.8228206987983,37.5520596990711],[126.82299829893819,37.5503228005395],[126.8216048998811,37.5501965997911],[126.8244002000065,37.5489258993936],[126.8237005013097,37.5497702002306],[126.82429500077991,37.5512424989927],[126.8268560994285,37.551044499671306],[126.8268948994523,37.5483141997816],[126.82969249847379,37.5477742987092],[126.8296378993317,37.545204299785105],[126.8307874990012,37.545386999558595],[126.83054939980839,37.5435983999433],[126.8321509992813,37.5426633999626],[126.83239519968929,37.5412824001783],[126.8312934996892,37.5395108994229],[126.8328761996567,37.5390023996888],[126.8337598000032,37.5375531992513],[126.8350599998063,37.5378251990925],[126.83533709980081,37.5368125994263],[126.8376493991836,37.536705399053005],[126.8373629996337,37.535819899538],[126.837649400229,37.5367053990033],[126.8384611997807,37.535922299198305],[126.8395109997201,37.5363321991539],[126.8411568995895,37.535651999438],[126.8420916991813,37.5341041001201],[126.839484399488,37.531957499817395],[126.8405270996567,37.531634198938],[126.84019459957591,37.530162599973096],[126.8411064994356,37.5302201992394],[126.84216639979729,37.5286936999893],[126.8428833995727,37.529190299454804],[126.842780399164,37.5282860996912],[126.84375939961019,37.5284254992448],[126.8445481986281,37.5273487997667],[126.8451108996845,37.528479899002804],[126.8459602991178,37.5275755994533],[126.8472831997839,37.5280983983629],[126.8479619991051,37.5275987988625],[126.8476342995553,37.5265566994812],[126.849020899192,37.5273146993449],[126.8497536005907,37.5262643988894],[126.8490209003791,37.527314699986],[126.8516587004444,37.5280313994671],[126.8516779013991,37.529621800173004],[126.8529742008494,37.530284900096596],[126.85404770061629,37.532197500429],[126.85109970124411,37.5351381000622],[126.8479919999144,37.5355462010276],[126.8455830010695,37.537230800346805],[126.8477853005782,37.539483400434904],[126.8470576007708,37.540443200290795],[126.8472808006171,37.542382999502],[126.8481661008007,37.5427441995491],[126.8475011007037,37.5440911999209],[126.8480373006799,37.5444009002126],[126.8475991001534,37.5458506002758],[126.84676740046531,37.5454280005955],[126.8462075007308,37.5475937001374],[126.8448652008227,37.5479575002159],[126.8455811006567,37.548476400081995],[126.8434900021459,37.554100000388],[126.84376020187571,37.5558585986294],[126.8460581995777,37.5564986979893],[126.84799289941259,37.5549880996015],[126.8482437995525,37.554359699584],[126.8469265992571,37.5530199997286],[126.8474307996986,37.553239499416996],[126.8487153994394,37.550480499619596],[126.85001220008809,37.5520224984518],[126.852217799311,37.5507582989905],[126.855150800166,37.552138999312],[126.85728679803,37.5510389004121],[126.8577296986919,37.5488761995325],[126.8593830988803,37.5490894990103],[126.85994669831669,37.5483213997784],[126.85968559943481,37.546051299229205],[126.8616755998444,37.5456049995989],[126.8624496991681,37.5445445001333],[126.8617316001527,37.543877699179305],[126.8636649999952,37.5436237992769],[126.864322399711,37.542518699385404],[126.86597430030281,37.543035599800405],[126.865425400762,37.544078300059006],[126.86623229995509,37.544373799763505],[126.8677590996324,37.5435077994511],[126.86892949904819,37.5410282997831],[126.8707809995497,37.540836999927],[126.87057830002931,37.540140799336406],[126.871032800807,37.5411602991952],[126.8720688006182,37.5406798992905],[126.87310669983529,37.5416230990484],[126.8751685977734,37.5407643999071],[126.8750146997797,37.5398826993795],[126.87599999987,37.54094999841],[126.8780190002293,37.5405406992596],[126.8782535001361,37.542903598209705],[126.8797433986462,37.541882999230296],[126.88047609914949,37.5400452995177],[126.8817325991241,37.539781599032196],[126.8822495000811,37.5378329993783],[126.8836254999404,37.53856049993],[126.88475129985551,37.537197299753004],[126.8878854008568,37.5377432002592],[126.88307590117459,37.5422119006633],[126.8835366003408,37.543456700267],[126.8830758992722,37.5422119013024],[126.8812763010718,37.5427282007861],[126.8831001002243,37.544206099885294],[126.8821194018462,37.5458846009945],[126.88235560161,37.547817699061405],[126.884656399221,37.546965696758],[126.88538750092569,37.5477462006146],[126.8850222010841,37.5489852006306],[126.88225270113219,37.548936402048305],[126.8820485013364,37.5499050010797],[126.8818670998373,37.5491222004126],[126.8790312009415,37.5490401014357],[126.8769689009976,37.5508666000404],[126.8769347010318,37.5518350990719],[126.8790707020188,37.5520276003977],[126.8769347009557,37.551835101169],[126.8763350014162,37.5531222006437],[126.8742933992371,37.5531791007966],[126.872700499452,37.5514839014047],[126.87097210099681,37.551743901253296],[126.87020200185931,37.5547494001343],[126.871070400829,37.5555011008828],[126.86807620323721,37.5574093995698],[126.8663479062638,37.5611228065717],[126.8617874065462,37.564172106764204],[126.8595211073323,37.5673483053712],[126.8558023060148,37.567675706567],[126.8524369013457,37.5697056088433],[126.8497276998702,37.5682999016857],[126.8484864005792,37.5696736001226],[126.8472932003735,37.569771600234105],[126.84396269998311,37.574913800226994],[126.8427468956718,37.5748340026635],[126.8432637980549,37.5737238006348],[126.8425027988159,37.5727418016168],[126.8410659002528,37.5738128005458],[126.8403688006612,37.57329940085361],[126.8398023001557,37.574194501158196],[126.8385906996456,37.5725291016082],[126.83722630100999,37.572486301651004],[126.83723349953459,37.5739619018497],[126.83359620317191,37.5742725015391],[126.8350688033499,37.5779882995092],[126.8335961990398,37.5742725019593],[126.8316382009978,37.574964601267205],[126.8311125004506,37.576916400944],[126.828961401404,37.5786131008122],[126.82942699938779,37.5797015007282],[126.829057899772,37.578842700965204],[126.8277061003002,37.5792084016491],[126.826424000681,37.5764104029792],[126.8226862008732,37.5774980019188],[126.8217907004611,37.5763544012711],[126.8191715030803,37.5780373995881],[126.8198162037432,37.579763099653704],[126.81951850241,37.5822267007251],[126.8181765996908,37.5804404018119],[126.8168942009732,37.580768501483796],[126.8174305998007,37.582384100400596],[126.8167062005251,37.5813098014749],[126.8143599000891,37.5839542002073],[126.8134502009988,37.5833279008336],[126.8119361025129,37.5844056997558],[126.8117999018435,37.587058499571],[126.8100328023471,37.5893570992203],[126.8103809001508,37.5898042037968],[126.8070003035021,37.592334301310395],[126.8064367040657,37.5968365968081],[126.8117844987179,37.6000691935755],[126.81722839327401,37.598721994922705],[126.8186203939412,37.597410792386],[126.8210937999195,37.5966679998723],[126.82150679712859,37.5957586909132],[126.8294804018353,37.5928912991605],[126.82994750136821,37.5939248981269],[126.83253810162529,37.5943186997468],[126.82928390224889,37.5958262008662],[126.8315731022324,37.598458300277095],[126.8283348008152,37.600493700381],[126.8287227004273,37.6015959992787],[126.8296467004792,37.6008653991553],[126.83209119803469,37.601650398370296],[126.8365041000453,37.601457799565196],[126.8344549011039,37.6014068027622],[126.8343658013988,37.6049431997096],[126.8390938001906,37.6048205998859],[126.8392442001997,37.6064073985442],[126.8408879991784,37.6071348990634],[126.8392251981799,37.6026746988665],[126.8392677982964,37.6004391004775],[126.83720149934791,37.600403800619205],[126.8368994989928,37.599121700312395],[126.8353093986726,37.5983608983285],[126.8392328002444,37.5982270970385],[126.8405764989007,37.596780098485496],[126.84322180023369,37.5958983945969],[126.8485646001214,37.5959339946225],[126.850777299071,37.5922409993442],[126.8533414967815,37.589534400195895],[126.85416529916341,37.589599998325696],[126.85501909830961,37.587779000146696],[126.8529077987772,37.585598500214005],[126.85407119978751,37.5848113985368],[126.85592079793791,37.5849038984443],[126.85452079903621,37.5822504001245],[126.8571906977277,37.5825963989468],[126.85663939778631,37.5812327984272],[126.85900959886199,37.579787899836596],[126.8588524995931,37.5792533999361],[126.8614069008032,37.581357300762],[126.8602217003927,37.5811051022362],[126.85750710310731,37.5823255010158],[126.8564870041274,37.585090798250505],[126.8599871006273,37.5866417966995],[126.86831199680431,37.5854207978898],[126.8679693992543,37.580726499866294],[126.86997549791229,37.579584400461904],[126.86742859936109,37.5790379007948],[126.86710259962379,37.5769048989843],[126.8676504013939,37.5783817971313],[126.8768634018364,37.5798129949795],[126.8768223015153,37.580472999676],[126.878716700369,37.581421899061],[126.880905299516,37.5798834999472],[126.8803022983975,37.575929798862695],[126.88325999624001,37.5740700001561],[126.88142269876211,37.5714110009432],[126.8792943985341,37.5703688013398],[126.88000179955411,37.5690049001654],[126.8793731996065,37.5676626998381],[126.8809823002825,37.5699718991914],[126.8824496988151,37.5693064998568],[126.8821943001221,37.568768399378],[126.8827615995548,37.5691196990267],[126.8832274990889,37.5678523002941],[126.8817687988346,37.565069200051205],[126.8826197995817,37.563701200191],[126.88167519638141,37.563208190548195],[126.8829780992971,37.5638400990697],[126.8836268947848,37.562081291562805],[126.8855193004287,37.561790498884],[126.88701279684109,37.559434093853895],[126.8888026001249,37.559552999397],[126.8943537931834,37.5545307939907],[126.8992169001311,37.551886599708105],[126.8997179006133,37.552297000009105],[126.8988810010628,37.552947800193195],[126.9002285997152,37.5540596990813],[126.9023901988168,37.549694300595],[126.8992705019365,37.544340105949196],[126.8980703012506,37.5448618067554],[126.8954589975642,37.543742801395794],[126.8930709999522,37.5447610003776],[126.8936476994504,37.5444049000641],[126.8930037997889,37.542668200970304],[126.8919310008617,37.543467400171096],[126.8926653001168,37.5439691001772],[126.8898162003704,37.5438811006097],[126.8891716003638,37.5453184003684],[126.8884957001098,37.544575100403705],[126.8871733997089,37.5448735002238],[126.88849569866011,37.544575099426005],[126.8878630997434,37.5430398000988],[126.8896621991131,37.5412335995716],[126.88943639933889,37.540126900678295],[126.88839779836651,37.5401801016756],[126.8899641997153,37.5390759991255],[126.8913186997719,37.536379100229695],[126.89117829851071,37.5315211998611],[126.88952280016619,37.5305860007963],[126.8842111995086,37.5315970002995],[126.8885348983836,37.5306622999394],[126.8880172989012,37.5283575022442],[126.88331089994409,37.526062300051],[126.88389029933161,37.525161900883],[126.8827901003325,37.524809201225],[126.88254430031331,37.525764300598],[126.8808288993017,37.5239219032309],[126.87855710157349,37.525843101309704],[126.8789197001141,37.5269379016435],[126.87697920083009,37.5275077012674],[126.8764237013856,37.5285408002343],[126.8775528010869,37.5291004009324],[126.875836499526,37.5303212009954],[126.8702345987988,37.5277765001625],[126.8700100997409,37.5268004000257],[126.8678393002344,37.525516000843204],[126.866791701282,37.5265590998001],[126.8679182001555,37.5271078992513],[126.8679666010668,37.5280220999169],[126.8660069004987,37.5273951006435],[126.8654250010806,37.5280844999541],[126.8662880006381,37.5296492000864],[126.8643198002736,37.5302118004052],[126.8639737991373,37.531002700468605],[126.863233998924,37.529533100163704],[126.8607294991645,37.5287638002715],[126.8601625990875,37.5277125003794],[126.858787399902,37.52744800056],[126.85711750131141,37.5287654005107],[126.8563484005049,37.5280559010158],[126.85401349975989,37.5283819003736],[126.8538672999944,37.5272299010538],[126.8528702995014,37.5275925005952],[126.8516958996578,37.5256164009893],[126.8522763994223,37.5243811003523],[126.8512995000292,37.5248596006273],[126.8509299994143,37.5240526011012],[126.8516193995673,37.5242207993492],[126.8522460993388,37.5230477997737],[126.85051959955659,37.5215494000987],[126.8506899996636,37.520397599678205],[126.8514621992888,37.5207418993437],[126.8538149002768,37.5181809993472],[126.85473540106979,37.5207523988286],[126.85827860140701,37.5217242001628],[126.8604470002055,37.5242170987874],[126.8641463992597,37.5220921990172],[126.8666547003388,37.522729498979],[126.8676185995804,37.524442798143504],[126.8694040998524,37.5234137986615],[126.87060809990369,37.521104999917696],[126.87234959837001,37.5210754996847],[126.8720499994626,37.519859999980504],[126.8738894002877,37.519481899345],[126.87443379997211,37.520339399221896],[126.8764635999286,37.5196564994528],[126.8773296001435,37.5207611994714],[126.8776614999726,37.520100299629206],[126.8788557998578,37.521926999268196],[126.8793639019915,37.5214089988704],[126.8793717023373,37.5220563992902],[126.8819056998033,37.5228057985408],[126.88200899947479,37.5208586994453],[126.8836082985468,37.5207221995511],[126.883556098599,37.5198620004113],[126.8821014995634,37.5200764001399],[126.8820650998793,37.5186841990932],[126.8831257988186,37.518125399652],[126.88198489987141,37.51638310008],[126.8812325990601,37.5165358019929],[126.8810541981882,37.5156235015537],[126.8787981001155,37.5170210016339],[126.8773642993036,37.5166142996587],[126.87877319893789,37.5169304987665],[126.8810541983594,37.515623498462],[126.8798886993548,37.5128264010637],[126.8779077976441,37.511634200919005],[126.8782854991299,37.510043699859295],[126.8804372998787,37.5088942998751],[126.8804056999103,37.5080272007422],[126.8796027995517,37.5080181002369],[126.8802179992621,37.5066663007129],[126.87943389977049,37.5059887011975],[126.8777359995189,37.5069943004549],[126.8771968998489,37.5058407010281],[126.8763365007093,37.506129300739495],[126.87664120061369,37.5070305004187],[126.8760857998363,37.5062224007488],[126.875069699753,37.5070381002268],[126.8746890990591,37.5051610989833],[126.8758883991856,37.5048912988892],[126.8766173984566,37.5036110001695],[126.8750763978659,37.5027500994046],[126.8751694980111,37.4999734002104],[126.8773363002956,37.501110197837],[126.8788978012023,37.5009756987792],[126.8804095001195,37.502181998331295],[126.8816940988349,37.5012585992547],[126.88099749915001,37.499605699677595],[126.8825732006885,37.498035899454194],[126.8849104006404,37.499109599882395],[126.88373130115379,37.4994060003593],[126.8836354012497,37.500461299304],[126.88500880078199,37.5008559005042],[126.8837602005684,37.5012252004976],[126.88357270037571,37.5023424997214],[126.886782100012,37.501230899534306],[126.887424399861,37.5019751995304],[126.8882149990704,37.500336601168996],[126.8867326994133,37.4976031000469],[126.8875497991788,37.4959064996311],[126.8859457997028,37.493821300109],[126.886723699691,37.4941823991589],[126.8882855998047,37.4930583995802],[126.88991349962521,37.493046899750205],[126.88967150028121,37.492091299578796],[126.8926709997733,37.4920494990306],[126.8937614996888,37.490943499061],[126.89477610008291,37.4915757988961],[126.8957525005247,37.4904196987139],[126.8962386007866,37.492487399790804],[126.8968891001361,37.4928925993856],[126.8976503005342,37.4921144999932],[126.8976683006295,37.4933781995599],[126.8986584005267,37.4939951994908],[126.8998227005584,37.4968804999243],[126.8989468010409,37.498278799606204],[126.9001985003966,37.498489399284395],[126.8998617007947,37.502298100149],[126.8984051997855,37.5017650008281],[126.89584340048201,37.5026007005449],[126.89554030026439,37.5036742009834],[126.8940080017967,37.5045692000884],[126.8940447018305,37.5075357995869],[126.89479160108361,37.5079455991771],[126.89696939890581,37.5077227993999],[126.89684179896291,37.504638900018705],[126.8973852002941,37.5043789996535],[126.8982540008936,37.5053603004069],[126.8973685011198,37.5057745005765],[126.8981585008299,37.5073104995555],[126.9010787003013,37.5071500995699],[126.9021951004217,37.5092033990884],[126.9035193997631,37.5095247990565],[126.90551909957681,37.508533299239204],[126.9067930990338,37.509103198975396],[126.907684699415,37.5087584983505],[126.9080605993268,37.5070682991462],[126.909079500248,37.5069387993864],[126.909980399451,37.507857899035095],[126.9110561006066,37.5069141991519],[126.9110089008354,37.5078458995266],[126.9129249998181,37.507416899417805],[126.912399500505,37.508434799812306],[126.915973199881,37.5102335992284],[126.91992139882221,37.5080413990283],[126.92052989897971,37.5057484995288],[126.9222140999844,37.504097898805995],[126.92242180022829,37.5050630990229],[126.92533400013521,37.504588299755],[126.9247992007228,37.5050309999921],[126.9262831999172,37.5063681991602],[126.9280332000816,37.5060455998069],[126.926283201633,37.5063682004254],[126.9262572018955,37.5085223989797],[126.92892190132561,37.5089087988972],[126.92625720269419,37.5085224011183],[126.926591200446,37.5127055994245],[126.9306174002143,37.5131784981899],[126.93205279962099,37.5103025993752],[126.93217369950011,37.5087902008876],[126.93155209903351,37.5084725994123],[126.9330709003121,37.5100213983828],[126.93525289876719,37.5088700995067],[126.9348813985973,37.5075915997584],[126.9368114999049,37.5081726983991],[126.93723569948071,37.50673109984071],[126.9366592999928,37.5064758995578],[126.9388644004074,37.5081659978399],[126.9399015993702,37.5068656991402],[126.9393995998559,37.5051786008074],[126.9374831994201,37.5047099005678],[126.937621099183,37.5040104994865],[126.9392156999408,37.5044010993687],[126.9396391002894,37.5033866993662],[126.9393088007404,37.5041533994418],[126.9399407001085,37.504626098969105],[126.9427216002982,37.505207899221304],[126.9414268012359,37.5051666009817],[126.9412903013724,37.505909200239095],[126.94469749885,37.508444598295895],[126.9473912985981,37.5062515005057],[126.9461244987787,37.5060560002564],[126.94551799946021,37.5045604002523],[126.946919100827,37.504111099875104],[126.94739130132281,37.5062514983222],[126.94846850024561,37.5068504977232],[126.9499685997488,37.5062260986031],[126.9501654008106,37.507587298915794],[126.9523187005938,37.5078764003244],[126.9515253012353,37.508083200694],[126.9510280017326,37.509962698814505],[126.95610940058461,37.511064399444],[126.9561909010835,37.512640898697],[126.9571575008571,37.5132486001038],[126.95495740069279,37.514421503498],[126.9499715996385,37.5151897014171],[126.9473580005452,37.5166173004638],[126.9446839002544,37.515911800854],[126.94503020043881,37.5173492007577],[126.9431965022725,37.517799900307],[126.9439275094567,37.520071704963506],[126.943262210122,37.5210959039393],[126.9534972998416,37.528102099437795],[126.9544827989696,37.5258477997911],[126.9564964996544,37.5241836997606],[126.95606119980759,37.5230511988496],[126.9593586978632,37.5211623005126],[126.95915260001419,37.517739499792796],[126.9597124022141,37.5210462989592],[126.9618906005961,37.5202487994882],[126.965770096754,37.5205427991811],[126.9689243000292,37.5191301979616],[126.96915489979861,37.5172119998798],[126.97311040010659,37.5155713909514],[126.97784019985531,37.5172452997852],[126.978737600324,37.5165913992761],[126.9794681020702,37.518134199174696],[126.98162399991429,37.5177887995201],[126.9834181008153,37.518484099263105],[126.9830336003332,37.5198066991456],[126.9836433998156,37.5201676993889],[126.98577379990711,37.5199267990338],[126.98677509890581,37.5189683999922],[126.9865449991593,37.5178830005039],[126.9854976002067,37.5178343005526],[126.9848360012515,37.5165663994277],[126.9867575006568,37.517225199575996],[126.9867751003389,37.5189684005272],[126.9859574011566,37.519774499721095],[126.9865314005786,37.520139699493605],[126.9887839983339,37.5201183993184],[126.989511398611,37.517266499985595],[126.9912180986055,37.5183859985143],[126.9923807024204,37.517183595206404],[126.9925151014238,37.518043299825905],[126.9954125002815,37.5196098000727],[126.9943528007384,37.5189642009155],[126.9952759998152,37.5206895991901],[126.9975144998231,37.5213331991518],[126.9975832985703,37.5204872948888],[126.9975145004232,37.5213331996057],[127.0007885010006,37.5229620012913],[126.9987204995278,37.523021701631905],[126.99576590033419,37.5252993007009],[126.9946104997385,37.5237499018388],[126.99320260054681,37.524096601482],[126.99187949935009,37.525654700278594],[126.9922641987706,37.5248881000537],[126.99069799981399,37.5234651005547],[126.9903145996893,37.520428000648],[126.9869598993771,37.5208153010916],[126.9859574004286,37.5197745006181],[126.9841981005477,37.5213721017032],[126.9841978007866,37.523829100208],[126.9834280002136,37.5242447007181],[126.98045020005021,37.5232663010212],[126.9794682005892,37.5250980011176],[126.9794491989921,37.5245509007392],[126.9776460001405,37.5252147000923],[126.9773211004654,37.52637879892821],[126.97875240084221,37.5289276002364],[126.9776907005094,37.5292939008271],[126.9770238014972,37.531430900173994],[126.9785811008255,37.5326246994937],[126.978374501028,37.5336479992743],[126.9801473992551,37.533988698933605],[126.9806733994392,37.5317797999839],[126.9801182002013,37.5279685993867],[126.98014050052251,37.5284775993156],[126.98100830049749,37.5279418999734],[126.98014050110821,37.528477600040205],[126.98198719952781,37.5300890992257],[126.982125200103,37.529327199649195],[126.9824069002878,37.530082299662496],[126.9834653998348,37.529764899573],[126.9855849013215,37.5329131996683],[126.9831134007727,37.533166900666096],[126.9829032997787,37.534371400237],[126.9811938007556,37.533870400331],[126.9808562001909,37.5348856003174],[126.9790473004891,37.534836300673504],[126.9794335002742,37.5363958992692],[126.98060459974431,37.5364258995603],[126.9806401004007,37.5358474994974],[126.9805654004786,37.5370503994055],[126.9813548006021,37.5374570994856],[126.980461599835,37.5386795007493],[126.9803795996837,37.5371388005789],[126.9750161998452,37.5376608003238],[126.9742997002009,37.536743901048595],[126.97436920014229,37.5377882001794],[126.9738390003331,37.5376053005061],[126.9729330012391,37.539570898540504],[126.9743412002999,37.5416696001319],[126.9735553006348,37.5426112003339],[126.9733818003362,37.5452646995546],[126.97510770065209,37.5454798996495],[126.97550010025971,37.5466195985098],[126.9768494993888,37.5457071994779],[126.9804300003766,37.5462699979821],[126.9817568990497,37.545522498729596],[126.9827784006433,37.5464649000497],[126.9817798011171,37.547290600119794],[126.9823046005923,37.548284399126],[126.98386660045689,37.5481779000574],[126.9830757006003,37.5484503004578],[126.98266820057741,37.550178500739],[126.9815699014424,37.550091701024606],[126.98102420198809,37.550953900162405],[126.98224530124071,37.5524502010997],[126.9812981011073,37.5536654999387],[126.9817947008567,37.554728099148996],[126.9831888006394,37.5544925994541],[126.983927301164,37.555538399848004],[126.9857409004824,37.5557382976704],[126.9858115001332,37.5567981003704],[126.9840971018476,37.5578938992746],[126.98541950052521,37.5584620987064],[126.9861989996886,37.557237199447805],[126.9873107005205,37.5570520991118],[126.9895814999204,37.5591268994238],[126.99084819865371,37.5589723995783],[126.9921007979003,37.5570227998125],[126.99236429993921,37.5576236995604],[126.99352330003181,37.5566099997269],[126.9945145999272,37.5576854991182],[126.99545720024301,37.5569705994911],[126.99820280040831,37.5592082997139],[126.99927490048971,37.559108199964896],[126.999045100901,37.5602903991862],[127.00137649941581,37.5606935991936],[127.0016435995575,37.5588567003901],[127.0009223993864,37.558760499807],[127.00373159894019,37.5570893999938],[127.003178799493,37.5564879005953],[127.00524779866721,37.554563800755794],[127.0048832996581,37.553649699899104],[127.0063761989192,37.5536416993091],[127.0054778998175,37.5526071003437],[127.00447399944821,37.553113600383604],[127.0044301983769,37.5486669009589],[127.0025662002409,37.547684001941796],[127.0018499966698,37.548067301887],[126.9993616973236,37.5435455008603],[127.00126989794279,37.5406533013777],[126.9987030005097,37.5401545018765],[126.9983268007367,37.5418213003464],[126.9960422995003,37.5420464002652],[126.9942833999404,37.5407502008313],[126.9917867005514,37.5419550007052],[126.9911590000296,37.5436883004286],[126.9899865002079,37.5433115009018],[126.9900600001457,37.5445589001149],[126.9888607999641,37.5442075011258],[126.9885140003109,37.54495330038],[126.98379299927221,37.5439633005127],[126.98481119907049,37.5430161989352],[126.9845803995243,37.5412555997639],[126.985558399924,37.5417417993992],[126.9869864993195,37.5410889999692],[126.98683649963249,37.5348408007076],[126.9846046992441,37.534838299481294],[126.9864517992711,37.534878599238496],[126.9892954998227,37.5328104992717],[126.98889990066621,37.533362799607296],[126.9903660992,37.533518199451905],[126.9910489991724,37.5320832004207],[126.98992579900009,37.5318174996329],[126.990510799715,37.5318991988646],[126.9914557991558,37.5287291998301],[126.9944783000278,37.5276297995349],[126.9945747017835,37.5283134989182],[126.9962221001361,37.5288768983548],[126.99740009976519,37.526637699328504],[126.998326100014,37.5273926995029],[126.9992687002094,37.5269513997081],[127.0023864002908,37.5320903950251],[127.0030086001638,37.5272713994222],[127.00238640331261,37.5320903996046],[127.0043222011916,37.533386898832006],[127.0075406004879,37.5337575998387],[127.0050873003266,37.5366566999213],[127.0048700006444,37.537450199165505],[127.00590340036189,37.5383319000738],[127.0039264001297,37.538819500659805],[127.0044534001864,37.5408233988492],[127.0061726001093,37.5423251015298],[127.0036485022772,37.544275599426996],[127.0057873001384,37.5451120985905],[127.0062194002638,37.5441117999151],[127.008285000291,37.5464602993624],[127.0087072008726,37.5483392995555],[127.0102222003175,37.549617498467896],[127.0125348010392,37.5493719993273],[127.0138531004377,37.5507095002606],[127.013455800835,37.551673399296696],[127.0144038010095,37.5516464989546],[127.0154697007755,37.5538184993774],[127.014613701282,37.554236300292],[127.0149225010014,37.5555959997448],[127.01406780103581,37.5563260996058],[127.01488000069871,37.5577102993634],[127.01661490003619,37.5575651988007],[127.0175881005936,37.5583345996188],[127.0170215007092,37.5584795002477],[127.0173052006472,37.5604501990626],[127.0200315000364,37.559720199465104],[127.0216635000023,37.5613556990307],[127.0230753005858,37.5612820999163],[127.0210429003288,37.5618796995662],[127.0227387001518,37.5623145992806],[127.02515699966499,37.5616669994045],[127.0255667004037,37.5633768987192],[127.0267892992417,37.5621964990505],[127.0294875994699,37.562026099642196],[127.0291474999834,37.5606401006921],[127.0283166997183,37.5605230999809],[127.0302117993586,37.5599901001901],[127.0304229989609,37.5580442003917],[127.0291471000679,37.5571930006138],[127.02731299970931,37.5576926003755],[127.02722659946241,37.55706639973489],[127.0288646993968,37.5558650993651],[127.0302747999252,37.5566173993944],[127.0311845005658,37.555682498948705],[127.0318568008294,37.5580941985191],[127.0325932013585,37.5582244994086],[127.031856800615,37.5580942005572],[127.03021180051131,37.5599900995992],[127.03119030039561,37.5597206998417],[127.032279300167,37.560558798936],[127.0341714998222,37.5585738999533],[127.0340778008661,37.559166599638296],[127.03564569955681,37.5594773993933],[127.0358245996306,37.558674799028196],[127.0377849004452,37.5583299985694],[127.03908340002779,37.5566670998748],[127.0409694000134,37.5578277999047],[127.0401086001649,37.557894900788604],[127.03857800075801,37.559877699818],[127.04102570036011,37.561814999360905],[127.0404060006921,37.5639708999947],[127.0384482005491,37.5636807013019],[127.03838330032211,37.5650886006225],[127.03750479996229,37.5656251001929],[127.03656119971899,37.5654733999997],[127.03598019997399,37.563974000250305],[127.0351165002261,37.5640198003878],[127.03460940073319,37.5644706999369],[127.0353177000621,37.564797600323],[127.0344301006827,37.5649141002486],[127.0349872002366,37.5652903999686],[127.0322146007006,37.567343900736795],[127.0323620004863,37.568080700283005],[127.0317231997431,37.5670915012037],[127.0306026999334,37.5677753005168],[127.03033340020271,37.568516499775605],[127.03131720032731,37.5687961001048],[127.03046500003981,37.5695778004297],[127.0286799997497,37.5681819005409],[127.0274970998376,37.5682258001155],[127.0275755991816,37.567248400559095],[127.0244387007453,37.568262600668895],[127.02450610041289,37.569086500634],[127.0234562008259,37.5693049000162],[127.0228266000555,37.5705288002199],[127.0210219009245,37.570699101469096],[127.0202699005449,37.5719461009478],[127.0194820006768,37.5716177006219],[127.0203629009514,37.5738019002954],[127.0197927000598,37.5749704003791],[127.0174809003687,37.5748462002158],[127.0155895999184,37.5760241005829],[127.01430479933,37.575273100561496],[127.0143792994155,37.573623000283796],[127.013543800251,37.5734033005035],[127.0131837004511,37.5749682008664],[127.01241350004379,37.5746522005374],[127.0092060995471,37.5762977006983],[127.0048227996657,37.575709300176],[127.0046343994553,37.574624800807506],[127.0036874004023,37.5748617005706],[127.0041217003668,37.575760200125096],[127.0027616005764,37.5761341007426],[127.0021804009189,37.5789028001138],[127.0049556007763,37.580483399167896],[127.00384680082051,37.5817522003375],[127.00514630047331,37.5839988998678],[127.0026938006436,37.5836989006758],[127.0028462002541,37.5850992008338],[127.0013520002991,37.5859530006579],[127.0002045996728,37.5832940008164],[126.9976907997261,37.5837550002004],[126.99776989905409,37.5818996995244],[126.9990238989039,37.5821932989325],[126.9997290004258,37.5812481989777],[127.0019837986859,37.5817548992183],[127.0015688985859,37.579998500227404],[127.0002812996109,37.5795830995707],[127.00219349961401,37.578597099681005],[127.00219249834451,37.576755500073396],[126.99933870002259,37.5752959006106],[126.99840720009371,37.5752782009592],[126.99723229979749,37.5768442006136],[126.9958188998027,37.575883800469],[126.99660469819901,37.5733620003201],[126.995842198897,37.572014700725],[126.9935033008221,37.572297700355],[126.9912928011011,37.5752462001536],[126.9916592000233,37.5787440006045],[126.9850565004849,37.5806070003877],[126.9831816996223,37.5789289003267],[126.9822523001176,37.579586400340695],[126.9809892997939,37.5784031008629],[126.97957000041849,37.5782758011265],[126.9793267006618,37.579565899836396],[126.97998779962181,37.580250500271596],[126.9791419994959,37.579833900248396],[126.9795699991375,37.5782758008758],[126.9776791001118,37.578504900142896],[126.9763403000076,37.579692700135006],[126.9751226996299,37.5787136004656],[126.974354600398,37.5794033997758],[126.97489620102671,37.5806600007295],[126.972185199969,37.580801700398204],[126.9727600994333,37.5806159998099],[126.97116149963469,37.5803491004439],[126.9704439996277,37.5790242004093],[126.9696590997095,37.5794240003552],[126.9700329996433,37.5780954004085],[126.96746389992529,37.5767534005715],[126.9679961995736,37.575454200031004],[126.9671639994446,37.5737675005232],[126.966505600103,37.57341070088],[126.9647586000784,37.575148900230204],[126.9633844001602,37.5745151006913],[126.9619682013477,37.5782515004489],[126.9595171004639,37.5785556010485],[126.9549554028687,37.5840884007625],[126.95487390190729,37.586496101041696],[126.9517965017283,37.5865170015453],[126.9491157009084,37.5889885008929],[126.9490886005046,37.5910808001676],[126.94793370103089,37.5923320000647],[126.9485904003742,37.593158699237996],[126.9496351001076,37.5925539989104],[126.9485447009132,37.5946773995578],[126.9491324003638,37.5950604001935],[126.9469257006256,37.5951547008],[126.9468769006814,37.596197000790795],[126.9455597004213,37.597392900959605],[126.94442140020419,37.5965342006639],[126.93859140041181,37.5967009001914],[126.93863530260221,37.5993949995757],[126.9405711006664,37.6012263977443],[126.9403912011409,37.602894900097105],[126.9376256027803,37.6043698006862],[126.9396515007544,37.6074773975786],[126.94122710177511,37.6060235988263],[126.94126340172309,37.6106956993696],[126.9422437036243,37.611614899005296],[126.9378827023604,37.6152800013939],[126.9364773996471,37.6154812024485],[126.9353337006355,37.6172728006254],[126.9367586047869,37.6201318985663],[126.94023420418,37.622570402746504],[126.9388806983689,37.6235842027596],[126.93606300118661,37.6230087033351],[126.9339736027047,37.6264879005474],[126.93544660054421,37.627924500208096],[126.9315247017373,37.630559700523],[126.9314376018244,37.6321088989738],[126.9330693001927,37.6334717976109],[126.9361646010898,37.6341690984512],[126.9379034000455,37.6327846993521],[126.9382124010293,37.6338260988676],[126.9362697000352,37.634828801462504],[126.9349477992788,37.633706201844],[126.93303420096939,37.6353487005417],[126.9341922007784,37.6373653994293],[126.9361710991186,37.6374715996902],[126.9365569021604,37.6368675987089],[126.9356078005186,37.6390421002929],[126.93320880152321,37.639533300135895],[126.9318801028933,37.6421092979541],[126.9350503022702,37.642556301145504],[126.93163390373759,37.6442854023956],[126.93110400426751,37.6481010985799],[126.932737800675,37.6502041989083],[126.93482950062631,37.6503728999552],[126.9327378003854,37.6502042010116],[126.93213510098809,37.6516790995367],[126.9335738007517,37.65242990074],[126.9318576001371,37.6540600006386],[126.9309508990785,37.6528255007195],[126.9311816989321,37.6512947016692],[126.9288645008273,37.6510002019059],[126.9282108010127,37.6524407007887],[126.9264472010272,37.652183202744304],[126.9225070049674,37.6545623003652],[126.92154720469401,37.6570399015701],[126.9246103018232,37.66063599859179],[126.9211956009792,37.6602059039903],[126.9203496013855,37.662766601355095],[126.9209306007976,37.6641314000914],[126.9191728987827,37.6638555999886],[126.9197939981282,37.6616123017873],[126.9188687982606,37.659590703584],[126.9152687012455,37.6627332027825],[126.9093035962818,37.6628719026633],[126.9050448005406,37.6643457011895],[126.90233260325279,37.667394998140196],[126.904009501093,37.6688591002226],[126.9006122978495,37.6705047023186],[126.8967139991957,37.6671164023811],[126.8945444013653,37.6674090020885],[126.891765701743,37.67092360038],[126.8905342007049,37.6705290008804],[126.888622698792,37.6719176015495],[126.8876304986504,37.6714403013246],[126.886005399838,37.6720125007523],[126.88469519934729,37.671435700459405],[126.8847700991511,37.6705290002887],[126.88358050046199,37.6710990007961],[126.8831673989971,37.6705713012228],[126.8835804996575,37.6710989993973],[126.8843372991325,37.6704134988748],[126.88240079728669,37.6656124998351],[126.8841095955779,37.6612429042047],[126.87934489929471,37.659664905081],[126.87544049628809,37.6606350080927],[126.870337499181,37.660179202821205],[126.86946719926951,37.6591773031797],[126.86642230056259,37.6627133029709],[126.8636758008898,37.6641138037248],[126.8629871003047,37.6636024041914],[126.860453202456,37.6680897002237],[126.8580754008932,37.6687386997919],[126.85884230012631,37.6697450987855],[126.860612700431,37.669804899777105],[126.8596617003615,37.6704438001979],[126.8586657009966,37.669780300855],[126.8586697011029,37.6713505057888],[126.855558604214,37.6756769014624],[126.84962780110189,37.6769015019604],[126.84691549712039,37.6745401011234],[126.8449204991154,37.6739831016804],[126.8440320996747,37.6717883034184],[126.8401977006559,37.6712398026185],[126.8393385987743,37.6693838027116],[126.8356881024248,37.6680340040614],[126.8329657041909,37.6706889019568],[126.8327022044544,37.674604398041296],[126.8347097022732,37.6787641002113],[126.83335580148291,37.680291800324596],[126.8343541000439,37.681634300160496],[126.83293220146581,37.6818635999312],[126.83292330078311,37.6830345998936],[126.8324131002927,37.6827659004907],[126.83203639873621,37.6836575039348],[126.82912110012029,37.682912101565],[126.8260136027867,37.6834631034914],[126.8237632050371,37.6863873005672],[126.8242178045505,37.6885331028967],[126.8236844030559,37.6896610023915],[126.8206585060818,37.6920224000301],[126.8201516014303,37.6940790047899],[126.81940759779671,37.694263801961],[126.8201515997551,37.6940789995117],[126.8206584989114,37.6920224008349],[126.8191544978464,37.6920296002557],[126.81797349902739,37.6897655025198],[126.8164999995551,37.690134502274596],[126.8146823013728,37.6921875002216],[126.815361201784,37.6938333991098],[126.8148684010269,37.6950582023046],[126.8092110993699,37.6943287027064],[126.80325020246059,37.6908213064004],[126.79808150762929,37.6973489998727],[126.80267670303411,37.700066697155],[126.8047885026384,37.6995566032196],[126.80290030169091,37.700381202166305],[126.7993071996513,37.6997268032738],[126.7984478005107,37.7004340025666],[126.79811050019521,37.7043723029723],[126.7955532985981,37.704374702244],[126.7940925996239,37.7017667003841],[126.79234790015589,37.701778501318806],[126.7916826008212,37.7031095999877],[126.7926143015371,37.7083067983119],[126.7922212012517,37.7096455995255],[126.7916261005326,37.708828902153],[126.78793430422441,37.7099415010404],[126.7879848041739,37.7117165992653],[126.7906702014885,37.7133145976673],[126.7938658982928,37.7127985981833],[126.7955220014515,37.710037397239894],[126.79866080165799,37.7102607993842],[126.7957885032323,37.7125196981023],[126.7957001020177,37.7172610994839],[126.7965495011683,37.7173763993686],[126.7966246008807,37.718564800204504],[126.7939490998161,37.7198049005278],[126.79276759967891,37.717885602533606],[126.7891637005552,37.719925600486306],[126.7893807007128,37.721074899668096],[126.7913709999167,37.7216462991882],[126.7918930996805,37.7207740998252],[126.7930436994062,37.721416699349696],[126.7933817990647,37.7206853997338],[126.7942419004851,37.720883599360704],[126.7944512027371,37.7230692986878],[126.7958777013106,37.724096797660295],[126.7984019035035,37.7241885975673],[126.80031150551831,37.7269880987305],[126.79820610194581,37.729420500874504],[126.796791200772,37.7293336009516],[126.7953976028518,37.7321660989983],[126.796640602621,37.7367653997633],[126.7977757014495,37.737914001175604],[126.7953649010699,37.7362847025496],[126.7926427037921,37.737105801728504],[126.79489460154021,37.7403734984608],[126.7948157013192,37.7414821984866],[126.79685240310991,37.7423682997197],[126.7958243011771,37.742808100886094],[126.7941181022059,37.746318900054796],[126.79617400014999,37.7499502964234],[126.7970973992266,37.7491513972223],[126.7986185005478,37.749785099600196],[126.79251000517739,37.7511892066334],[126.7948497028377,37.7591149987076],[126.7957810019064,37.7595089983136],[126.7956068006569,37.7615336991707],[126.7980432009053,37.7614661980501],[126.7995359012196,37.7643087984438],[126.79902270179389,37.7662390982758],[126.8012732005314,37.7659233988472],[126.8013398030046,37.766795499038004],[126.8039746012499,37.768257700765],[126.804246503908,37.7702828024348],[126.8029532976733,37.771335200867],[126.8028338977927,37.7693301028721],[126.7998881007385,37.7721638000384],[126.79904710157949,37.7741652980369],[126.8009216011637,37.7776880959089],[126.8023717057219,37.777813698730505],[126.8121111066539,37.7854865988849],[126.81653410143569,37.790383599539496],[126.81627990152239,37.793688896576],[126.8182824998186,37.7955128947542],[126.8181398003746,37.7967616991411],[126.8204823009157,37.7969438917361],[126.81813980240669,37.7967617002546],[126.8184424002051,37.8000425010881],[126.81301300089049,37.8001863009496],[126.8110978048644,37.8074007952583],[126.8118220065633,37.8116225020967],[126.814740304282,37.817075900701],[126.8122000025599,37.8206931993392],[126.8127910006709,37.8268565009291],[126.81173459744309,37.8269192993355],[126.80962429955339,37.8228419034129],[126.808099701078,37.8215989046559],[126.80186380035711,37.8234388052254],[126.7986605035604,37.822149406514804],[126.7928468009438,37.8334090014794],[126.7916410962279,37.8330277014836],[126.7906885972176,37.830815701787905],[126.788258199648,37.8306798019238],[126.7879669990507,37.829980700452],[126.78912369892801,37.829819299714096],[126.7896079984437,37.8287875007459],[126.78820549837431,37.8268442000753],[126.789447797132,37.8249673019522],[126.78420890237089,37.8244978024217],[126.7842368008415,37.826657602518594],[126.781477797227,37.8265870042227],[126.7824060984284,37.8226923014282],[126.7806552001793,37.8220947020258],[126.7796110971433,37.824758600227405],[126.7783133967401,37.8218641996401],[126.7796871953663,37.8209758005285],[126.7762051988483,37.813538707965606],[126.77652589901379,37.8127658006975],[126.7749847983124,37.812954000248595],[126.7765258992762,37.8127657990337],[126.7763890995386,37.811658599496305],[126.7777856985736,37.8110974998108],[126.776689400913,37.8100210981651],[126.77868619891619,37.8116035965826],[126.7823562952461,37.8088674993187],[126.78156679603559,37.80417460401161],[126.7767671951269,37.8028274024713],[126.7772251922805,37.7986065985906],[126.7767672009809,37.8028273956822],[126.77978279796531,37.79915839935121],[126.7784623989167,37.7979481944146],[126.7818197984638,37.7979723970925],[126.7822844995992,37.7951814978489],[126.7857458003145,37.7983570977498],[126.7890271970331,37.797857298249596],[126.7884199967508,37.795319998973],[126.786039499959,37.792216398943],[126.788420001746,37.795319996938495],[126.7914125987534,37.7957043965541],[126.79245109771489,37.7946610975974],[126.7926521975138,37.792654999603506],[126.7904294997365,37.7919547003038],[126.7897151003952,37.7904568016478],[126.78754549968559,37.7909206005639],[126.7872447995142,37.789726601469205],[126.78600660075239,37.7906710005248],[126.7860283994251,37.789309301544],[126.7844675982111,37.7893882005121],[126.78508979501069,37.786340098747],[126.78696569785859,37.7862898964635],[126.7886447961795,37.777959404794004],[126.7807770040473,37.775990206763204],[126.77576770433281,37.7794453056418],[126.774571505529,37.7825124025747],[126.7760631013755,37.7860966004187],[126.7738746985165,37.7863012020787],[126.7677665981003,37.7837677017074],[126.7647957010712,37.7808838045913],[126.76096308506949,37.784339096949395],[126.75264809338451,37.77315750813101],[126.747909096578,37.7722349076775],[126.74400320048389,37.7727880071244],[126.7454869978463,37.7722504997626],[126.7458318975014,37.769175102838],[126.7433243979484,37.7689896972634],[126.7482319976215,37.7693483978986],[126.7461279992956,37.766534699153404],[126.7515021947661,37.765371094445904],[126.7534740927942,37.7606841991328],[126.75247019327101,37.758814698784505],[126.7531594925817,37.7567638008354],[126.74798339775779,37.7524601051391],[126.74994029789461,37.7519495995228],[126.7501971978575,37.749807300164804],[126.7519557981348,37.7473618002065],[126.7503371997534,37.745250502317795],[126.7491467009439,37.7459046016637],[126.74910730098331,37.74685830071],[126.7468354994444,37.746093201380496],[126.7443915982108,37.742400102187595],[126.7460982960568,37.740465299208395],[126.744908596882,37.7383018988176],[126.7474364985789,37.7384128988477],[126.7492742995629,37.735984999549],[126.7467281995263,37.7330289010196],[126.7443452007906,37.7316820021312],[126.7419423997302,37.7319902020296],[126.7413921996343,37.7313075997793],[126.7423313993892,37.7299403002997],[126.7413851999812,37.7295435006836],[126.740462199574,37.730401300120995],[126.7406128991571,37.7296469003823],[126.7393691998723,37.7294098004943],[126.7385421999674,37.7281798011917],[126.7380315998066,37.7292470006818],[126.73569030005841,37.7281715009117],[126.7356878999155,37.729056100384504],[126.7348016999431,37.728659500794],[126.731838399746,37.729548899982795],[126.7325197992189,37.728831300477005],[126.73159969945901,37.7272496001413],[126.7322695992667,37.7271635997936],[126.7325140990222,37.7259295010277],[126.7305870001155,37.726253100764],[126.7305731999228,37.725442899938294],[126.7320957992397,37.7251558998194],[126.7324740988614,37.723920801054504],[126.7300223980927,37.7182071040558],[126.72659279830751,37.7180146039343],[126.726619898254,37.7166980012949],[126.72443439867651,37.7161174000192],[126.7275761989993,37.7159868983507],[126.72989909667639,37.714269200068394],[126.7296440988331,37.7134114982957],[126.73159229919061,37.7124740995985],[126.73119939809389,37.7096861989067],[126.7324362992033,37.709617299045995],[126.73233349949349,37.708452800089304],[126.7296216996716,37.7076563009366],[126.72820729836499,37.7048252998566],[126.72968689883551,37.7051423979537],[126.73168559683681,37.7030468000493],[126.7297731986781,37.699686400029094],[126.73076009989279,37.7002543990389],[126.7329515981436,37.699363399252704],[126.7317600993351,37.6971249014912],[126.7305656005296,37.6968126018035],[126.7294064989941,37.6977537000184],[126.7279407984971,37.6958715019977],[126.7277931980056,37.69305550195],[126.7252273005715,37.6942729007326],[126.7222093996067,37.6922828013589],[126.7213738004423,37.6933235003182],[126.72034309775299,37.6931136017378],[126.7192128980859,37.6918331023239],[126.7207464990938,37.692343398659595],[126.7211927986475,37.6914427995602],[126.71974699888369,37.6909165001905],[126.71924129966159,37.689728099674504],[126.7197118997478,37.6901808993936],[126.72075699935361,37.6894773997306],[126.7193449994233,37.68880880046439],[126.71935199968691,37.6873948004031],[126.7185456999628,37.6873216000129],[126.7192128993064,37.6862735009984],[126.71723559921959,37.683816999212496]]],[[[126.74673969941861,37.488919901422896],[126.7532116999295,37.4878631993365],[126.7536642001704,37.488517199441496],[126.7538584000647,37.4878169998611],[126.7554693008893,37.488433299336194],[126.756405100336,37.4878531992603],[126.7581237986173,37.4887552983582],[126.7589995977415,37.486970200143304],[126.7579617987793,37.4859293011842],[126.7566165992047,37.4860126000492],[126.7587787985731,37.48474680029091],[126.75737679956241,37.4831934981191],[126.7602919994173,37.4807165991544],[126.76118219965949,37.4816729986623],[126.7615630997645,37.4798450995304],[126.7639054002736,37.4784793987974],[126.7701019999236,37.4833956989573],[126.7723825993508,37.4811792989532],[126.7735317999313,37.4811303989317],[126.7740187991147,37.479590499583],[126.77476539976041,37.4800089989619],[126.7766535999189,37.476469199425594],[126.7774816990908,37.4770210988737],[126.78284549709309,37.474154998364604],[126.785100600069,37.4758370978553],[126.7892320968061,37.476913598414605],[126.790665598782,37.475220497959],[126.7912386982089,37.4724049007746],[126.7888774972091,37.471892599429694],[126.7877358967311,37.4693590994359],[126.7884837959429,37.466589299561406],[126.7918252997807,37.4653067984133],[126.7967263987688,37.4682696947606],[126.7978205976746,37.4676485953817],[126.7988252976465,37.4623391952249],[126.8012774989966,37.4607740968622],[126.8013574989166,37.4586867989495],[126.80304310082819,37.4583607999044],[126.8042301024713,37.460443602213196],[126.80281810156839,37.4615625017346],[126.80186280032589,37.4611191020937],[126.8008859009064,37.4625360010518],[126.801801202637,37.4638997017494],[126.8012095032287,37.4672205984285],[126.8057316016165,37.4702895992429],[126.8055640004661,37.4723098003006],[126.8045418009127,37.473081199903],[126.8060138015808,37.4747646008286],[126.8051289998742,37.474179801582004],[126.8044258005774,37.4746217011401],[126.8040939009093,37.4761744995873],[126.806949800988,37.4775478990381],[126.8085152020998,37.4799338001542],[126.8082124022682,37.480509400985504],[126.8127394988785,37.483869398893205],[126.8138547984982,37.4822289993649],[126.8164878992378,37.4829134989482],[126.81725740052221,37.4820081997944],[126.81825670075821,37.483948999467806],[126.81900980103521,37.4836596008231],[126.81825670072621,37.4839490010036],[126.8188991007966,37.486518001119194],[126.8180716016242,37.4885048999853],[126.8187572013085,37.4890821000706],[126.8180716001164,37.4885049010889],[126.8160390995111,37.4898486011187],[126.8119506995801,37.4897636011735],[126.81138489934229,37.4908820008872],[126.8100845002302,37.490396401214504],[126.8089662007891,37.4915672013514],[126.80914389880219,37.4908990003489],[126.8070827990357,37.4893558999504],[126.807332498786,37.4882944010119],[126.805122000496,37.4881225007473],[126.8047396992476,37.4873144009233],[126.80207489965399,37.4874640012099],[126.7992213005831,37.4890811008463],[126.79838150142291,37.4918704980569],[126.7995034008877,37.492470499014104],[126.7999706031909,37.4949989994026],[126.808916200481,37.4967670988063],[126.8093340038593,37.4996244986197],[126.81152120167211,37.5025506956935],[126.81364530167221,37.5016975967085],[126.8148759015725,37.505041798704],[126.8177256004975,37.5055915984301],[126.819732098491,37.5071971968245],[126.82256530165769,37.506000200074006],[126.8212983029874,37.5072747015381],[126.8202468999007,37.507223701217],[126.8170635025909,37.5057288026912],[126.8145825050719,37.510450597969395],[126.81587810266271,37.5150010980132],[126.8178684006724,37.517014296],[126.8215953043942,37.5182951958858],[126.8238707016388,37.5205611994322],[126.82212439861891,37.5211016016105],[126.8188326008427,37.5196585031835],[126.8171552025201,37.5226142002278],[126.8194261002492,37.5236564991855],[126.8256880006916,37.524334600048604],[126.82453670083049,37.5246752004937],[126.82525990102761,37.5253519004434],[126.8243061007531,37.5254040001668],[126.8247175009233,37.5261525002332],[126.8239379002118,37.5280720012004],[126.8211480006199,37.528971600594296],[126.82098040078749,37.5304174991484],[126.82188839987951,37.5303154992504],[126.82262620063331,37.531573900061],[126.82115860036261,37.5314493011583],[126.81823369879649,37.5345031016188],[126.8147012014966,37.5341913020736],[126.8149935012043,37.5371486991162],[126.8157820006215,37.5378082010304],[126.8119085005382,37.536198804605604],[126.805215600051,37.5396856001356],[126.8023436988958,37.5370931022417],[126.8002704000577,37.5384954017413],[126.7991161984364,37.5375927030439],[126.7972406977305,37.53790510276551],[126.8001359968326,37.5373278978383],[126.7994939974746,37.532399502766694],[126.7983896985789,37.531933703232504],[126.795664601304,37.5331271020391],[126.794963602005,37.5361854989807],[126.794143398798,37.535566101095995],[126.7928861000553,37.536497100165],[126.7954490971316,37.5330731013128],[126.7924971000356,37.5294755028578],[126.79101920151349,37.530450101883204],[126.7901596005068,37.5324540004861],[126.7889722997284,37.5322116004932],[126.787489799309,37.5300047002844],[126.7858802997964,37.530165400068505],[126.7861165000337,37.5295138995739],[126.7867743993758,37.5298433992444],[126.7865737990056,37.5287442992527],[126.7874092990237,37.528035199258596],[126.7868771995558,37.5269279003659],[126.7851678004116,37.527019600977404],[126.7823235991358,37.5244446001628],[126.783442499082,37.5249052989839],[126.7838713997196,37.523844899641404],[126.7847426997112,37.5237330998253],[126.78467549892291,37.5201536000026],[126.7860740986034,37.5197898997264],[126.7850855995945,37.518869799820195],[126.7861433994761,37.5193391989758],[126.7879912994756,37.5177688000011],[126.789857298503,37.5177711994427],[126.78835979894019,37.5161261994731],[126.7899923971386,37.5143791993118],[126.7839100988559,37.511089800494],[126.7827615983207,37.50990160063],[126.7827634983235,37.5079280005355],[126.781083799201,37.5079357005288],[126.7793750001475,37.506288701071796],[126.77729600108711,37.506322900978404],[126.7774601006174,37.5076608001637],[126.77652740020841,37.507646000181104],[126.77493959930909,37.5095468009293],[126.7749029979675,37.5081483011436],[126.7707123987768,37.5056178018568],[126.7706851992355,37.504898600683],[126.76832140023001,37.5046794007146],[126.76820270001811,37.505814300095096],[126.767580999955,37.5049185003987],[126.7664365002545,37.505071500365],[126.766798100242,37.5066121011919],[126.7645429003904,37.506409301671404],[126.7636299013034,37.507023701057],[126.76387840079259,37.508219101942395],[126.7636298979615,37.5070237014955],[126.7602720004044,37.505270700827396],[126.7604759996147,37.5042631003597],[126.7592498997016,37.5031569996356],[126.7596376998672,37.502018699861],[126.7609546993693,37.502206199285204],[126.7613103990136,37.5013426001488],[126.76066919909799,37.50078159992481],[126.7620298999132,37.4991833995884],[126.76411930028391,37.5002713998062],[126.76293360025579,37.502643399209894],[126.764355398834,37.5023515995017],[126.7642601001227,37.5016603999289],[126.76698880007079,37.501618699881405],[126.7673044003607,37.5036188985262],[126.7704777979707,37.5010520991518],[126.77405449745861,37.5005831987314],[126.7756063968428,37.497538399359605],[126.7768434998866,37.497744398963405],[126.77710329998199,37.4967716986332],[126.7790567001411,37.4981322998705],[126.7784989004475,37.498032000919004],[126.7781463008001,37.4993087996422],[126.7788350004789,37.499860499491696],[126.78100069963041,37.499943599655104],[126.7807206999901,37.4993440996611],[126.78288309849651,37.5002775982725],[126.7839565998145,37.4967018997964],[126.7854525991784,37.4962603995455],[126.7859071998862,37.4950569994826],[126.78828489897039,37.494725799594995],[126.78792129921739,37.4930797007084],[126.7828702995588,37.4919539002748],[126.7821682992804,37.4897174006486],[126.7811438997774,37.4893868005228],[126.78193779922259,37.488715399779494],[126.781472598849,37.4866914007158],[126.77831090073839,37.4871376004448],[126.77875230009589,37.4876261004451],[126.7776793008488,37.4877882003309],[126.7773327001203,37.4890466005293],[126.77716809909779,37.4883219003138],[126.77519520012599,37.4882509001081],[126.7736336001199,37.487231600597404],[126.77173350010429,37.489576500522],[126.7701435016943,37.4901361999623],[126.771082800755,37.4909156991828],[126.77032660061161,37.4909433002701],[126.7705974003128,37.4919148003053],[126.7689642015261,37.4921478001259],[126.7692062005736,37.4935371999156],[126.7674024985762,37.495215700718404],[126.7664885992623,37.4936837011426],[126.7656598000911,37.4943829004434],[126.76493719961981,37.4933598005818],[126.7642824991182,37.493979200679796],[126.76404449887809,37.4928674007877],[126.76278880013379,37.4930545006006],[126.7603571001896,37.4911944009189],[126.75598599986749,37.491405101656305],[126.754981500872,37.4933141997472],[126.75548969991709,37.494216700634105],[126.75319979989571,37.493764300269305],[126.7537817992836,37.4932334002482],[126.7526938996192,37.4928547001667],[126.7523906998737,37.4911039006489],[126.7503382992322,37.4925297002131],[126.7494036985363,37.4915948000152],[126.7496073983326,37.4907186008914],[126.74673969941861,37.488919901422896]]],[[[126.7203728951982,37.571066598109],[126.7210225991764,37.5671239982634],[126.72443299576601,37.5671537982336],[126.7249591970234,37.5631747984285],[126.7268827980329,37.5632910992651],[126.7249979969846,37.5621444994588],[126.733804902592,37.5666380926047],[126.7424515996301,37.563916595303596],[126.74503589876281,37.5599281983201],[126.7437420005581,37.556668900897],[126.7431279992732,37.5579572003145],[126.7421566995095,37.557615700216],[126.7433053990341,37.557414399679296],[126.74255309978639,37.5568858002079],[126.7396923967045,37.5560227032201],[126.740339400185,37.5562993988343],[126.7427901995904,37.5542465995101],[126.7410945010522,37.551437801863806],[126.7398664998261,37.552347099753],[126.74099009870251,37.55142150067859],[126.7395768993719,37.5505279996837],[126.7409900997695,37.551421499473896],[126.7411509995063,37.5493624000292],[126.7398375998401,37.547574500744005],[126.736149699374,37.5479864003438],[126.7341054992238,37.5467057002299],[126.735158299636,37.545545399738],[126.7351172992557,37.5428632991352],[126.73618029957561,37.5419383994295],[126.7391688998768,37.5425797989074],[126.7395155997485,37.541887299440496],[126.73937770036021,37.542613599727204],[126.7422014999039,37.5435722990765],[126.741161500241,37.5452837002136],[126.739562900564,37.5456877007884],[126.7399090006744,37.5465820003325],[126.7407864001139,37.5474053999094],[126.7420393005132,37.5464809999338],[126.7423985003905,37.5485709997521],[126.7445126996847,37.548374299131],[126.7450858999116,37.549320099248405],[126.7456922027628,37.5486194004539],[126.7450859033795,37.5493200999393],[126.7494688014808,37.5549510001914],[126.7482081006959,37.5554029999738],[126.7484151004298,37.5570289005499],[126.74576410067951,37.5576098011473],[126.745660600783,37.5586274001297],[126.7459803998934,37.561683697497706],[126.7478192029886,37.5654620986194],[126.74639410141991,37.566533400065694],[126.7477895006431,37.5671452996206],[126.74834210050071,37.568356099233405],[126.749331400378,37.568214098960595],[126.7504947018667,37.5699841009502],[126.7481874014591,37.5700858006179],[126.7465356002539,37.5732882014854],[126.74478710103169,37.5731930016057],[126.74344600222261,37.574667401701],[126.741459400578,37.5745667027374],[126.7383191006326,37.5783042001737],[126.7367166011838,37.5776434011931],[126.7362099012976,37.578771500836105],[126.73256980002759,37.5776856015388],[126.7332706991658,37.5759475006954],[126.7300416989806,37.575269501098994],[126.72767230135,37.571356305012195],[126.7203728951982,37.571066598109]]],[[[126.7796399987017,37.442064699548105],[126.7795282987628,37.440499499904],[126.7805945992128,37.4403400996898],[126.7793576991328,37.4386937995545],[126.779861598641,37.435864699959204],[126.78587929993401,37.4348718973105],[126.7872615985517,37.4328510993313],[126.7886826000946,37.4349184985117],[126.79000309974181,37.434003499035505],[126.794663900423,37.4384961996325],[126.793916200148,37.4395777003852],[126.7919753009031,37.4402331001011],[126.79194270005561,37.442284300049295],[126.7906938001285,37.4433934999961],[126.7911197003242,37.444070199759096],[126.793097200182,37.443186599565195],[126.79542910034631,37.4438493999915],[126.7948579004928,37.4445733995341],[126.7972944000461,37.4440614996807],[126.8011758012778,37.4453774994634],[126.8020937000532,37.447256000015],[126.8020509006802,37.4493114003714],[126.8006218021093,37.4503768993059],[126.8015154025743,37.4535361028827],[126.80009470027291,37.4521406016958],[126.7970590993311,37.452914902029406],[126.79385019894289,37.4562203009888],[126.7932602988289,37.4553436016038],[126.7912232987247,37.4560654010825],[126.7879937996168,37.4550344009903],[126.7869279989069,37.4516955991212],[126.7881927994687,37.4520994997238],[126.78800269947591,37.4514367999979],[126.7891407005179,37.4506862995402],[126.7887029006889,37.4514183002689],[126.7894939998978,37.4531470985401],[126.7922065971852,37.453309498377706],[126.7919003975781,37.450679400809896],[126.7903133991651,37.4504108010785],[126.7895456994357,37.4494208004788],[126.7899426991243,37.4485129004878],[126.7888787999811,37.4483056006015],[126.7885598001299,37.448922700257896],[126.7872581007087,37.4479781014504],[126.78603559957921,37.4481349004743],[126.7858163993839,37.4471454996618],[126.7871784991212,37.447258299338],[126.7866458991484,37.4462342993775],[126.7875184991654,37.4443859008968],[126.78458549981711,37.444548600609],[126.7845848987069,37.4427604016075],[126.7820580997937,37.4440005003445],[126.7819177991513,37.4430272002078],[126.7796399987017,37.442064699548105]]],[[[126.71000519956,37.6227012999038],[126.7120761998048,37.6187275989587],[126.7136718988823,37.6182272000252],[126.7124421959923,37.6167503995152],[126.7159673000819,37.6152278970644],[126.7164826004098,37.612287799436096],[126.7167853009842,37.615674196386],[126.7215936994801,37.615645396841295],[126.72228129879251,37.615022097464596],[126.72196439910941,37.6128134996732],[126.7236848977183,37.612265399830896],[126.7237938995755,37.609589499233095],[126.7245362988331,37.6095234992991],[126.7236504991621,37.60819169909],[126.7246577995528,37.609443898488806],[126.724685199969,37.6077051991899],[126.7259495001328,37.6065972995807],[126.7258889004986,37.607686199458],[126.72752819885929,37.6067895003547],[126.727436700001,37.6055505994168],[126.7279755000216,37.6064230993093],[126.72893449997879,37.6042147986301],[126.7295341005035,37.605393998920896],[126.7312689987686,37.6061952981196],[126.732175200167,37.6039041993998],[126.7362443011015,37.608164097390805],[126.739090103851,37.6069169961862],[126.7411118015964,37.6091073995048],[126.74136750018769,37.6143905000381],[126.7376537985408,37.610635302178],[126.7363339994761,37.6105864015437],[126.7352564005537,37.6119297002004],[126.7359627021402,37.618701603135804],[126.7299730999452,37.621718600802204],[126.72604650148139,37.6224311011442],[126.7262824005077,37.623287501435506],[126.7245590022311,37.6231603015627],[126.7239233014903,37.6257447017475],[126.7212208991135,37.624215904643705],[126.71844780188661,37.6253263035333],[126.7160872997943,37.625053002581105],[126.71664079972969,37.6236407008235],[126.7155059002489,37.624464100350195],[126.7161653997091,37.6236929001064],[126.7146792003715,37.6227762005219],[126.7123540016392,37.625796302183296],[126.7103253996902,37.6246724003895],[126.71000519956,37.6227012999038]]],[[[126.7534375989539,37.605318999869404],[126.7562321984614,37.6039739964777],[126.7586675975081,37.600692898079195],[126.7621119987046,37.6037209958987],[126.76423419658241,37.602091697528],[126.7634261973158,37.5988578971253],[126.76484359693171,37.5983508970947],[126.7630103985404,37.5933678001238],[126.76405819828639,37.592433099199404],[126.76396200021681,37.590769399696],[126.7651357000271,37.5921290986904],[126.7668725993272,37.5913216957633],[126.7658066013159,37.5918786012702],[126.7660352010873,37.5933170998317],[126.76921490013329,37.5947189988745],[126.7703919989562,37.59413349946],[126.7692759021101,37.592575096404296],[126.77325990270229,37.5926281979295],[126.77508470127239,37.5939795970615],[126.7776918004004,37.592642597521596],[126.77898860088011,37.5942447972773],[126.780861699007,37.5940838974382],[126.77866279915901,37.5953626004018],[126.77898859883321,37.5942448015196],[126.77769180013,37.592642603121796],[126.77591989936681,37.5973045009693],[126.7762214996759,37.5957522001074],[126.7750847008127,37.593979601879994],[126.77239629991439,37.5953873002958],[126.77039199986591,37.5941335003691],[126.7690536010583,37.595149299474706],[126.7704960996158,37.596319898304095],[126.7716459006648,37.5957902998928],[126.7708409018138,37.597643498591296],[126.7728417010662,37.5990191987344],[126.77434649956139,37.5989726987809],[126.7755959992395,37.6008727976582],[126.7787132997832,37.599575498908],[126.778885800912,37.6016993978645],[126.7808076989901,37.60193389763],[126.7820233012162,37.600331998221904],[126.78219990211929,37.6026215994123],[126.7841009022592,37.602447401232205],[126.783716300118,37.6043235002196],[126.78219990129429,37.6026216020732],[126.7796756038186,37.604544500150304],[126.7825988999914,37.606968302412],[126.77884330049231,37.607247100616604],[126.7784318003663,37.608048000071896],[126.77907450351579,37.608526300854],[126.7766869013767,37.608961802112006],[126.7751890034022,37.6109040015255],[126.7718441001083,37.611227102929],[126.76932189932549,37.6087006027543],[126.76230219991119,37.6074486014441],[126.761516400697,37.6077494011433],[126.76091149742301,37.609884701332405],[126.7601820981524,37.6070639041532],[126.7583902974744,37.6049939020391],[126.7534375989539,37.605318999869404]]],[[[126.6980881991651,37.6328117004503],[126.6998851987797,37.6321414985221],[126.7007389979259,37.629496901166696],[126.6998844982388,37.628926898497404],[126.7015452998545,37.6280435991745],[126.7033281997848,37.628478899413295],[126.7051257001164,37.627049199065],[126.7056797000962,37.6280055992235],[126.70737840067869,37.6275443997433],[126.7071806008073,37.628893000125395],[126.7061350012102,37.6287087006096],[126.70593120141399,37.6311387981795],[126.7069337004115,37.631694697623594],[126.7086275992415,37.631169598178],[126.7090969000657,37.627733999348095],[126.7100775000536,37.628726198823],[126.7110622998126,37.6279035992208],[126.7124484015448,37.6283206996589],[126.71155660048069,37.6295875997904],[126.712452401023,37.6302725996443],[126.7117993007206,37.6313563001732],[126.7128302006992,37.6327730009843],[126.7106403995615,37.6307835016628],[126.7086300015021,37.632568300361605],[126.70839150200011,37.6340297002557],[126.7094507994668,37.6360942005219],[126.7076086986735,37.636414902145496],[126.70585269840059,37.6349812024492],[126.7033764993637,37.6366788003538],[126.70252959976581,37.635033801569804],[126.7012730999663,37.6365634002121],[126.7019908992308,37.6348446002878],[126.7003651006541,37.634182001083005],[126.699567799789,37.6348053009883],[126.7007687994385,37.6337398003341],[126.6999399996332,37.632543600931896],[126.6980881991651,37.6328117004503]]],[[[126.77373139772071,37.8608147971727],[126.7763095979584,37.858995398168],[126.7745356997186,37.8569612999355],[126.7764883001401,37.859118199727796],[126.77908029882501,37.8572074974064],[126.7801157993038,37.8576917989111],[126.7811657982538,37.8570732995296],[126.7832613994521,37.8528881001116],[126.7847006992308,37.8528826993671],[126.7849833989481,37.852057800192],[126.7830358974582,37.8501267003078],[126.7880934993788,37.842351900106095],[126.7879023983423,37.8404204979798],[126.7909169970352,37.839607298900795],[126.79100699685189,37.838516697856896],[126.7932273019644,37.8404403974999],[126.7952861006356,37.8405034986776],[126.7932273017944,37.8404404009871],[126.7916050034167,37.841548599878905],[126.7912576037641,37.8426816987458],[126.7929714020503,37.8451433962841],[126.7965693989659,37.844651897092305],[126.7971239003876,37.843920396186],[126.7989930017703,37.8447744006714],[126.7960571044549,37.8494591995607],[126.8028850987378,37.852773596515796],[126.8052963029369,37.8524180934165],[126.8057761027294,37.8533393990174],[126.8038830027344,37.8557368989339],[126.8045252043425,37.8568102015799],[126.80256780161601,37.8568644033574],[126.80136250282129,37.858907801314],[126.8036232020281,37.8608708005273],[126.80136250156869,37.8589078027508],[126.7997920031392,37.860123301535296],[126.8003086026226,37.8621092995493],[126.8030390998921,37.8643856972729],[126.8053073003329,37.8640850993395],[126.8037654001233,37.866041801211196],[126.80227410081531,37.8652097015732],[126.80168399995239,37.8659465024054],[126.79631100088291,37.862230803546296],[126.7926908045031,37.864679001098104],[126.7865422001127,37.874116600827904],[126.7880188985959,37.8720937005076],[126.787761798853,37.870694101907205],[126.7846825993327,37.869321302877005],[126.78209579984669,37.870466801567304],[126.7806140956849,37.8684440027345],[126.7812346968686,37.8648858034171],[126.7778588984318,37.8623508005314],[126.7753399999367,37.862061001689696],[126.7759088985232,37.8607783007669],[126.77373139772071,37.8608147971727]]],[[[126.972592699046,37.5024203995373],[126.97511779838551,37.502040699397405],[126.9748634002437,37.501165199271206],[126.9753365001414,37.5029932991714],[126.97939500010119,37.5020301996855],[126.97889940066341,37.5033596993499],[126.9800009995618,37.5033887993208],[126.98450959865339,37.500886800385906],[126.9840722983366,37.5003166997311],[126.9848708000732,37.4988120997403],[126.9856701010376,37.498928499384796],[126.9850578000932,37.5000971997655],[126.987693801416,37.501443697785604],[126.9879803014004,37.5024319993936],[126.9909292990792,37.5014500980209],[126.9910481016759,37.5023078998775],[126.9933209011764,37.502663199184],[126.99103890138191,37.5023297018544],[126.9903664000701,37.5032182030007],[126.98253579971649,37.5021375021887],[126.9800010002935,37.5033888004535],[126.9797998001765,37.504215100008906],[126.9783292014626,37.5043051999754],[126.9799494005532,37.5062257002144],[126.97807109870759,37.5054134005618],[126.9776989990797,37.5042931016821],[126.9750783994128,37.5045585011096],[126.972592699046,37.5024203995373]]],[[[126.7478255998066,37.506273200086504],[126.7491834991286,37.5044132995988],[126.751530699239,37.503535499544896],[126.7511960992716,37.5026484982502],[126.7522556996127,37.501597599155],[126.75238669987161,37.5032959996631],[126.7550303003956,37.503075199536895],[126.75418550086691,37.5042724989314],[126.7590226007284,37.5054307002182],[126.7563052013119,37.5055181011839],[126.75653890117229,37.5073108998603],[126.7552669006397,37.5074625001264],[126.7559783001817,37.507866700864],[126.753517800748,37.5076709006486],[126.7536560006839,37.5083287003124],[126.7524529997025,37.5090802006801],[126.75114459935351,37.5074084009144],[126.749782999218,37.507578000631206],[126.7478255998066,37.506273200086504]]],[[[126.7335470991447,37.488699500699504],[126.7361601989284,37.4868927000554],[126.73745459991291,37.4841047997585],[126.7385950990801,37.484293299506795],[126.7383741008916,37.483634499095004],[126.7400980002384,37.4844685988809],[126.7407974007839,37.4833212986057],[126.7439730009432,37.4854665993722],[126.74610490106741,37.4858964990467],[126.7466037012093,37.487180699184606],[126.7451614013789,37.487946000764],[126.7449437012146,37.4896429006999],[126.74210100031611,37.492094000144604],[126.74226209883291,37.4913689001367],[126.7390518992222,37.4896722003365],[126.73901409926,37.4888870011217],[126.73514760081521,37.4878214013647],[126.7335470991447,37.488699500699504]]],[[[127.0006441993455,37.5047554990765],[127.0018092000543,37.5044465995729],[127.0018003002853,37.505257699249505],[127.0026147994708,37.5052677992394],[127.0029168995635,37.504534699767],[127.0049088985218,37.504661799911],[127.0048371999597,37.503327899659105],[127.0059043001898,37.5032702996713],[127.0047470010321,37.506003699637304],[127.008435500546,37.5072965000884],[127.00598819858641,37.5070591999848],[127.00559079898379,37.506290300753705],[127.0026535014153,37.506453200982705],[127.0032762007926,37.5083425990933],[127.00420440047711,37.5084550998682],[127.00327619939951,37.5083426012275],[127.0026534985184,37.5064532001536],[127.0006441993455,37.5047554990765]]],[[[126.9083813990649,37.4876385005712],[126.90915779886011,37.4868085004421],[126.90890879989391,37.4852886995553],[126.9098475997181,37.4862229991394],[126.914617700124,37.484451399327696],[126.91797960031319,37.4893672000609],[126.9157078006651,37.489536801384105],[126.91499569918001,37.4879805018116],[126.91348530069041,37.488004601787495],[126.91289470167699,37.4900772021111],[126.9122342000912,37.4894018009831],[126.9116714989631,37.490351101098],[126.9099919995146,37.4895805999659],[126.9113772990461,37.4888949002927],[126.9089688997974,37.4885484017871],[126.9083813990649,37.4876385005712]]],[[[126.83415009909581,37.4881812009174],[126.8352160973928,37.4858273987225],[126.8383041987282,37.4845251992174],[126.8383210993442,37.4819193989983],[126.838913800761,37.481936599684],[126.8382961011551,37.483403598651606],[126.8389901004611,37.4843157977394],[126.840220699362,37.4843652976116],[126.84168849917201,37.4826900983286],[126.8429392004753,37.4838670995159],[126.8430800017375,37.486666400202694],[126.8421139011147,37.488340500355],[126.8396875001278,37.4879079002675],[126.8391892006378,37.4889284994643],[126.8398738999531,37.4896089987838],[126.8410134006091,37.489364799892996],[126.84048370089049,37.490390499445994],[126.8415449006547,37.490381699348],[126.8416575008938,37.4911821004908],[126.8406983011002,37.4917269007553],[126.836427900198,37.4889473014141],[126.8339640995802,37.4898520005624],[126.83543089837171,37.4887186006407],[126.83415009909581,37.4881812009174]]],[[[126.8197129993698,37.491585199859706],[126.8222224992536,37.4901993001643],[126.8206961989995,37.4880573995798],[126.8222224989712,37.4901992974992],[126.8230204981732,37.4885766991218],[126.8215959980997,37.4869238007134],[126.8223122006839,37.486888800103806],[126.8230204999756,37.488576698415905],[126.8239834990126,37.4873090996835],[126.82340430036011,37.485920699249],[126.8248830002264,37.486936299329],[126.826678500659,37.486954498489304],[126.82699070118629,37.4887739981055],[126.8287523019145,37.4902941996782],[126.8291863005213,37.493200899680495],[126.8272002998567,37.493325101529],[126.8238854000482,37.496515100649106],[126.8229236983616,37.493087802261996],[126.8209306003547,37.4928295025203],[126.8197129993698,37.491585199859706]]],[[[126.6697752990101,37.594068000096],[126.6702759985051,37.592193699460104],[126.6721422981908,37.5918360990711],[126.67225379861459,37.590559498884296],[126.6749546979437,37.5887242007509],[126.67277529827359,37.5879914001182],[126.6726882986769,37.5849470023743],[126.6718587977029,37.5843960995971],[126.67369509993631,37.583306998199],[126.674314899845,37.583780997728304],[126.67551019940761,37.581357598279496],[126.6786451030566,37.5819602952091],[126.6793771010514,37.5839243005611],[126.6783741020544,37.5866622978231],[126.68062430229051,37.5875645007933],[126.6777712009089,37.5865509016437],[126.6734027027052,37.590277899922796],[126.67426210184581,37.5923688978318],[126.6768327021137,37.5923014984373],[126.6773126013576,37.5941932003706],[126.6767045005833,37.593690001039505],[126.675194200746,37.5967653020005],[126.673338899919,37.5953808008913],[126.6705090999054,37.5951753005016],[126.6697752990101,37.594068000096]]],[[[127.0124899993057,37.54113000005],[127.0125553994057,37.5404468994033],[127.0144638997631,37.5407589993537],[127.01609599930251,37.5399613992547],[127.0160407989743,37.538019999670105],[127.0180320020895,37.5388024986183],[127.01685620084551,37.5404098995205],[127.0186300994163,37.5405689996049],[127.0182349005263,37.5399748993058],[127.0206221034719,37.542003201439],[127.01881500178611,37.5424296009609],[127.0187137998254,37.543986301068],[127.0185210991407,37.5433635013043],[127.01701790064389,37.5439565007113],[127.01706580004189,37.5451919004511],[127.0150236987846,37.5438763002117],[127.01633929888,37.5435187992593],[127.0151429000764,37.5411969015812],[127.0138523997719,37.5420521013584],[127.0124899993057,37.54113000005]]],[[[126.85069029886449,37.4804894996363],[126.8529719998423,37.476354399660096],[126.8580275995998,37.4788220992217],[126.85831449891731,37.4778423968824],[126.8595618005124,37.477946600143],[126.85685740002259,37.4825684009393],[126.85069029886449,37.4804894996363]]],[[[126.8606955994156,37.5107800999284],[126.862280899411,37.5109967989812],[126.8629635001686,37.5098030997051],[126.8636121998302,37.5124707991138],[126.8639011997449,37.5118597985899],[126.86690130010369,37.512515199817805],[126.8676428008014,37.5146172015758],[126.8627971010113,37.5142488004406],[126.862357699852,37.5150486006952],[126.86220899957809,37.5133834007103],[126.8612129993198,37.512982201213404],[126.86214169917139,37.511247000442],[126.8606955994156,37.5107800999284]]],[[[127.0291241995733,37.5492872999733],[127.0303001997356,37.54988079957489],[127.0309693989895,37.548600199926305],[127.03021130028431,37.5477676982681],[127.0317915007323,37.548093197124295],[127.0335195001862,37.5489359000175],[127.0332286016217,37.5508161995524],[127.0354248998633,37.5512989998202],[127.035947301971,37.550682998536196],[127.0363779016962,37.551981499902595],[127.03392949958369,37.5522021004409],[127.03261809950439,37.550646801054306],[127.0299517002311,37.5504106008683],[127.0291241995733,37.5492872999733]]],[[[126.9267226995835,37.4837153000181],[126.928508799713,37.483931999527606],[126.92898820050871,37.4818832994291],[126.9306155003555,37.4821570995252],[126.93063930030179,37.4831516996201],[126.9325111006373,37.4846625999409],[126.9315981003072,37.484406801271504],[126.9312030007023,37.4855518001265],[126.929214400256,37.4865326012076],[126.9267226995835,37.4837153000181]]],[[[126.6696335949428,37.568390898531696],[126.6714994003349,37.5639112979229],[126.673271600489,37.563874998333205],[126.674817799774,37.5617935986532],[126.6770509002796,37.561763199397305],[126.6785526032566,37.563826597847],[126.6817269000823,37.5643807972928],[126.6838556018529,37.565761099134704],[126.6841352015601,37.5677825989141],[126.6854380026803,37.568091201398595],[126.6836529022756,37.5693954008605],[126.6812700019557,37.5691271010265],[126.67952690126509,37.5704610015834],[126.67665190010909,37.570715401371295],[126.6747933986067,37.5684268013683],[126.6696335949428,37.568390898531696]]],[[[126.71943879928041,37.4904979006566],[126.72818610070111,37.489823300093995],[126.7259581003202,37.4928174003216],[126.7229523007303,37.4932686004288],[126.7228412007543,37.4939920003555],[126.7229522992227,37.4932686003725],[126.72220829932611,37.4933956999354],[126.71943879928041,37.4904979006566]]],[[[126.8553104986903,37.4948771991966],[126.8553286992497,37.4930818998998],[126.8562586998837,37.492245399466704],[126.85899739982271,37.4915171998275],[126.8587991003886,37.491985899697305],[126.8604016002119,37.4919353995512],[126.8607186006671,37.493250500075405],[126.85706600007221,37.4942791012825],[126.8565653006705,37.4958219001376],[126.8553104986903,37.4948771991966]]],[[[126.87839959974829,37.4812207010143],[126.8806753993403,37.4821214982428],[126.8814232985924,37.4805767997875],[126.87935179985169,37.4792833999591],[126.8808686988443,37.4797882989058],[126.8826382018844,37.4783305996858],[126.8826300007602,37.4803400002666],[126.8809178011445,37.4818877006415],[126.88142930028319,37.4837047004676],[126.879979799791,37.4839912002726],[126.88052659770679,37.4826014995021],[126.87839959974829,37.4812207010143]]],[[[127.0038031985912,37.587892599746404],[127.0047739999819,37.5870551990912],[127.0081718005539,37.5867245997178],[127.008948100508,37.5896363002244],[127.006341399961,37.5902529001401],[127.0053154000176,37.589496600948294],[127.0042357998629,37.5903581001669],[127.0046943990808,37.5895427001796],[127.003414199253,37.588349100589205],[127.0038031985912,37.587892599746404]]],[[[126.72472599891141,37.5434506000481],[126.7266313004794,37.541499499121],[126.7283367005588,37.541414998597],[126.72964229997399,37.5438010994359],[126.7313868006071,37.5424022007252],[126.7279554007545,37.544789600712704],[126.72472599891141,37.5434506000481]]],[[[127.0182284993871,37.5540985993048],[127.0177679998476,37.5534674999359],[127.0182285004976,37.5540985992734],[127.0190338996922,37.5537617996102],[127.0188758999689,37.5529134992827],[127.021379400094,37.5527267987104],[127.022125601611,37.5552783007062],[127.0211903000172,37.555900700179905],[127.02154059951509,37.5553113001623],[127.0200100010457,37.555230000243604],[127.0204814006774,37.5563898999058],[127.0198711999649,37.5570217002121],[127.0182284993871,37.5540985993048]]],[[[127.02256849895751,37.5752423997809],[127.02404090002901,37.5751100993953],[127.0256693005162,37.5763228992015],[127.0265655001882,37.5756174993252],[127.0270795004258,37.576828900122905],[127.0253738990403,37.5775630014139],[127.0241647988955,37.576350900375104],[127.0226789997763,37.5762142000275],[127.02256849895751,37.5752423997809]]],[[[126.99388329953389,37.5050065001868],[126.9951155993817,37.502976098871095],[126.99506460067501,37.5014088983387],[126.9969723009817,37.5023128997623],[126.9958565004179,37.501995300747296],[126.99537270110551,37.5034320993721],[126.9983203011284,37.503979201262304],[126.99537269980941,37.5034321012185],[126.99388329953389,37.5050065001868]]],[[[127.00315209981039,37.5262878995128],[127.0082426991726,37.529110798829095],[127.00777430055689,37.5298018997036],[127.00866400037519,37.5300773996317],[127.00790150034881,37.5303937000701],[127.00862890100551,37.531078599829904],[127.00676179875201,37.5318205003984],[127.0057677975839,37.5278787993415],[127.00315209981039,37.5262878995128]]],[[[126.68115479834731,37.6555985999784],[126.6838117962902,37.6537551011347],[126.6825704983643,37.6511803976109],[126.68385970003379,37.6530801979945],[126.685434999146,37.6518036990635],[126.685587699038,37.6504964999435],[126.6861962001982,37.651071799612],[126.6866514000622,37.6518728018536],[126.68543500127859,37.6518037019227],[126.6838597019716,37.653080201189596],[126.6836110019183,37.6560238986661],[126.68607970158699,37.6558991012815],[126.68115479834731,37.6555985999784]]],[[[126.7300589994601,37.5064255000449],[126.7311906991401,37.5059792998867],[126.7311268998977,37.505305898923204],[126.7317182007163,37.5064711997009],[126.7333644009791,37.506799000242104],[126.7325351000054,37.5079226000626],[126.73238590004979,37.5071954003364],[126.73049029924739,37.507150400431],[126.7300589994601,37.5064255000449]]],[[[126.9798309992408,37.4869808005746],[126.9821040000951,37.485361999450205],[126.98217370029761,37.4881553003244],[126.9815109004528,37.4888236006976],[126.9800452998214,37.4881801004263],[126.9798309992408,37.4869808005746]]],[[[126.86733089767439,37.4776166006044],[126.8653734993789,37.475924299451705],[126.86696569942079,37.4744797987539],[126.8679773994267,37.475117199223],[126.86827190081209,37.4745627996571],[126.8701577024639,37.4767709009166],[126.8683844004723,37.476236401523195],[126.86733089767439,37.4776166006044]]],[[[126.6670403993276,37.597745499942704],[126.6672846002302,37.596841499185395],[126.6690063990753,37.5975757988724],[126.66918480057059,37.5962331992714],[126.66933240037051,37.597870000425104],[126.6675356989136,37.5986932003007],[126.6670403993276,37.597745499942704]]],[[[127.0431820992339,37.5535814996222],[127.0456732012063,37.5539181999945],[127.0440991007232,37.5534431005387],[127.0443705000677,37.554566900399095],[127.0426313997698,37.5537998000154],[127.0431820992339,37.5535814996222]]],[[[126.72169919885751,37.538709499793704],[126.721879699886,37.5376327999443],[126.7230955006348,37.5374762993425],[126.7226144010706,37.538522200169304],[126.7233834005933,37.5390585007742],[126.722634600008,37.539890200538004],[126.72169919885751,37.538709499793704]]],[[[127.01577949910849,37.5927738001862],[127.016723800067,37.5915723996744],[127.0173486005893,37.5931622002945],[127.01662310048421,37.592900600549],[127.01628199954051,37.5937100002892],[127.01577949910849,37.5927738001862]]],[[[127.0150523992303,37.5490768009263],[127.0167034012618,37.546303099563005],[127.0173531006536,37.5479391004093],[127.0150523992303,37.5490768009263]]],[[[127.0562504990238,37.543880199440395],[127.0564771999949,37.5443791998682],[127.0572469005072,37.5441574998479],[127.05647719980351,37.5443792010467],[127.0562504990238,37.543880199440395]]],[[[126.667250998936,37.645042799177396],[126.66827289991501,37.643059899376794],[126.6689409997894,37.643993099131905],[126.671053500438,37.6442567997563],[126.6697686004689,37.645718700552],[126.6689978996088,37.6440857015289],[126.667250998936,37.645042799177396]]],[[[127.02361029987121,37.5041889999647],[127.02565130053331,37.503995498849804],[127.02588270060859,37.504829900184696],[127.0242222998573,37.5052638003326],[127.02361029987121,37.5041889999647]]],[[[127.0340996997157,37.578032100064604],[127.0349550000293,37.5774869993748],[127.0351611009591,37.5782953007093],[127.0340996997157,37.578032100064604]]],[[[126.78690469859889,37.408828799356],[126.785602099282,37.408161699488204],[126.7893511019985,37.4074174006055],[126.7885569019824,37.410014800480496],[126.78690469859889,37.408828799356]]],[[[126.7767654986651,37.848499901599],[126.7794279961381,37.844979000501],[126.7785190996471,37.841578998163506],[126.7794326006135,37.8452033000092],[126.7802920016294,37.8458168003939],[126.7767654986651,37.848499901599]]],[[[126.83526380194671,37.5909104974495],[126.83667760053291,37.5895498988101],[126.8414682011902,37.5877215978658],[126.8366775997593,37.5895499021482],[126.8357144003994,37.591369500824],[126.83448559683009,37.591888800163],[126.83526380194671,37.5909104974495]]],[[[126.98109079955671,37.4770099002475],[126.98223540035829,37.476659200471204],[126.9819136005179,37.4772573010376],[126.98109079955671,37.4770099002475]]],[[[126.8305746992472,37.492103900183],[126.8323214004398,37.490068399205796],[126.8319232002899,37.490787399896],[126.8327840008364,37.4917261014369],[126.8311775003109,37.492589900300295],[126.8305746992472,37.492103900183]]],[[[126.6637935993356,37.569335999869],[126.6645287994342,37.5676147998764],[126.6662357018094,37.569307799969096],[126.66517950045309,37.569382500939604],[126.665458799158,37.5702832008706],[126.6637935993356,37.569335999869]]],[[[126.7419478995055,37.507640699427704],[126.7427977999822,37.5074343997706],[126.7428678001207,37.5081018004165],[126.7419478995055,37.507640699427704]]],[[[126.77804109873729,37.790703298400196],[126.77893670003151,37.7900655980526],[126.7828044019469,37.790594500203696],[126.7796300006536,37.79178490328],[126.77804109873729,37.790703298400196]]],[[[126.8460146990323,37.4951476005156],[126.8484767012644,37.4957469992582],[126.8467734998313,37.4958018004774],[126.8460146990323,37.4951476005156]]],[[[126.941160499272,37.4819221996209],[126.94238300102191,37.4816439999294],[126.94204480103001,37.4824378007157],[126.941160499272,37.4819221996209]]],[[[127.04531159940551,37.5469612996197],[127.04596190126479,37.5458961992322],[127.0482800002263,37.5468810006489],[127.04531159940551,37.5469612996197]]],[[[126.67718839791411,37.5535903979986],[126.67719849813051,37.5535036980754],[126.67704339918811,37.550581998614],[126.67719850472571,37.5535036987462],[126.67718839791411,37.5535903979986]]],[[[126.6647449994929,37.598092201176605],[126.6654348000058,37.5993203003939],[126.6653794996309,37.5993380999561],[126.6647449994929,37.598092201176605]]],[[[127.0437824992743,37.5515341987458],[127.0441309000302,37.5510122987778],[127.044994000304,37.551513999923195],[127.0437824992743,37.5515341987458]]],[[[126.5226802995522,37.5114785000355],[126.52309959996529,37.5119968997072],[126.5234746005001,37.511820798897006],[126.5234531008532,37.5122282003663],[126.5226802995522,37.5114785000355]]],[[[126.7221160997559,37.5302813002607],[126.7227628010184,37.5302137000292],[126.7227710000269,37.530624800062796],[126.7221160997559,37.5302813002607]]],[[[126.89058589892251,37.466659699946],[126.8918875984851,37.4654368993025],[126.8925098008557,37.4665381999881],[126.8914673997428,37.4675478005871],[126.89058589892251,37.466659699946]]],[[[126.7396477991482,37.506409999807204],[126.7402900007297,37.5063226990259],[126.7394901994094,37.506822900219305],[126.7396477991482,37.506409999807204]]],[[[126.70851409938331,37.4838820999212],[126.7101179005233,37.4840216995677],[126.7091472002199,37.484319400907],[126.70851409938331,37.4838820999212]]],[[[126.9351977995295,37.5621651002492],[126.93513219997669,37.561858799931606],[126.9352901000984,37.562117900125095],[126.9351977995295,37.5621651002492]]],[[[126.6567374986481,37.602455099934],[126.658204700649,37.6022717992975],[126.6578344007922,37.6028052009263],[126.65770519928449,37.602103900785806],[126.6567374986481,37.602455099934]]],[[[126.8710658995284,37.496231000375104],[126.8708832996366,37.4959735002278],[126.8710872998866,37.4950439992826],[126.8708833006373,37.4959735000079],[126.8710658995284,37.496231000375104]]],[[[126.9913081996621,37.5272595998151],[126.99172930014551,37.527219199914896],[126.9916874002308,37.527538300299504],[126.9913081996621,37.5272595998151]]],[[[126.98765389875099,37.5160238004013],[126.987684699071,37.5159548995548],[126.9878880033278,37.5155028932388],[126.98765389875099,37.5160238004013]]],[[[126.70230599959979,37.4713758998904],[126.7024516999963,37.4714088997858],[126.7026766003182,37.4713813002915],[126.7024517000083,37.471408900436],[126.70230599959979,37.4713758998904]]],[[[126.92933069962069,37.509811699829],[126.9293833996968,37.5097707997678],[126.9300243004507,37.5093194996333],[126.9293834007026,37.509770800633795],[126.92933069962069,37.509811699829]]],[[[127.0150990988084,37.5797147999906],[127.01574000083579,37.579810000582704],[127.0153737001163,37.580052300557696],[127.0150990988084,37.5797147999906]]],[[[126.6671709990778,37.5957684000418],[126.66762490100881,37.5956880999061],[126.6672436002712,37.595755600271296],[126.6671709990778,37.5957684000418]]],[[[126.6876228996557,37.6522958997312],[126.68793120002569,37.6527296992859],[126.6880879001094,37.6529457008346],[126.6879311987824,37.6527297009967],[126.6876228996557,37.6522958997312]]],[[[126.8678613996314,37.5110726998659],[126.8680336998349,37.5108925994355],[126.8682644001882,37.5109925994871],[126.8678613996314,37.5110726998659]]],[[[126.7209017996461,37.507258900242796],[126.7208039002554,37.5074805998108],[126.7211857004507,37.5074492001224],[126.72080389998041,37.50748060018],[126.7209017996461,37.507258900242796]]],[[[126.83285559926121,37.5966039009814],[126.83289619921979,37.5965571991873],[126.83351190069651,37.5958100996983],[126.83289620108579,37.596557200132196],[126.83285559926121,37.5966039009814]]],[[[126.963870699203,37.508675099424096],[126.96424890110791,37.5082878992789],[126.9638706993633,37.5086751009134],[126.963870699203,37.508675099424096]]],[[[126.7823688997058,37.5937061000443],[126.78276869972841,37.5936706996732],[126.783408600054,37.5939567999719],[126.78276870053581,37.593670700659594],[126.7823688997058,37.5937061000443]]],[[[126.9824225989788,37.5164339993893],[126.982792300294,37.516556199055195],[126.9829487005795,37.516686899998504],[126.98279229996609,37.5165562001857],[126.9824225989788,37.5164339993893]]],[[[126.61822429959959,37.554048100372704],[126.618067499943,37.5539899997851],[126.6183017020861,37.5538456995699],[126.61822429959959,37.554048100372704]]],[[[126.77988899929069,37.5992873998513],[126.7798890017816,37.5992873974384],[126.7797700994839,37.5993584001136],[126.77988899929069,37.5992873998513]]],[[[126.8261254995385,37.4967931997171],[126.8261981001723,37.496665999367096],[126.8263550010496,37.496710300411294],[126.8261254995385,37.4967931997171]]],[[[126.8438244993605,37.5862705014709],[126.8447556028528,37.585976299459496],[126.8443244994302,37.5865071011156],[126.8438244993605,37.5862705014709]]],[[[127.0288646996439,37.5591929000856],[127.02901590036801,37.5590517993841],[127.0290365002635,37.5593285000726],[127.0288646996439,37.5591929000856]]],[[[126.8063002982466,37.381449501051705],[126.80630029886261,37.3814494980231],[126.80658230118651,37.381513500260596],[126.8063002982466,37.381449501051705]]],[[[126.9791947994487,37.5429594004286],[126.9791948012182,37.5429593992057],[126.9791948012,37.5429594003489],[126.9791947994487,37.5429594004286]]],[[[127.0474024996433,37.5544317004046],[127.0474357994437,37.554367299545405],[127.047435800866,37.554367299386605],[127.0474024996433,37.5544317004046]]],[[[126.6324117950385,37.5577764014547],[126.6324118001489,37.5577763935725],[126.6324118031027,37.557776400332],[126.6324117950385,37.5577764014547]]],[[[126.6796879980027,37.652429398351],[126.67989090047661,37.652226399549704],[126.67976750033449,37.652349902539896],[126.6796879980027,37.652429398351]]],[[[126.7291677995245,37.5070320996788],[126.7291678005699,37.5070321005493],[126.7291843000457,37.5072245007055],[126.7291677995245,37.5070320996788]]],[[[126.7386012992661,37.6519230997923],[126.7394105000433,37.650931399753695],[126.7386013016931,37.6519231008851],[126.7386012992661,37.6519230997923]]],[[[126.8876754995222,37.53322589936],[126.887675501901,37.533225898383996],[126.8876587986521,37.533424601376396],[126.8876754995222,37.53322589936]]],[[[127.044419000177,37.5480877994681],[127.04453340037901,37.5480490994573],[127.0444189994251,37.548087800012496],[127.044419000177,37.5480877994681]]],[[[126.7415658993268,37.508952299856794],[126.7415659004711,37.508952299017494],[126.7415659009678,37.5089523009405],[126.7415658993268,37.508952299856794]]],[[[126.7539044994368,37.5095243995711],[126.75390450043541,37.5095243991167],[126.7539045008137,37.5095244004227],[126.7539044994368,37.5095243995711]]],[[[126.80632459806189,37.4638553994417],[126.8063246006365,37.4638553987927],[126.8063239999976,37.4641644003707],[126.80632459806189,37.4638553994417]]],[[[126.8068217986958,37.472736500672106],[126.8068217998317,37.472736497583405],[126.80682180043519,37.47273650141501],[126.8068217986958,37.472736500672106]]],[[[126.86944299941361,37.5146116003974],[126.869443000535,37.5146115999487],[126.8694429993556,37.5146116016786],[126.86944299941361,37.5146116003974]]],[[[126.9116144996278,37.5340416002398],[126.9116144998296,37.5340415995607],[126.91178410019451,37.5339983999136],[126.9116144996278,37.5340416002398]]],[[[126.91473209946929,37.5349067996825],[126.914732099885,37.5349067992901],[126.91473210044869,37.5349068000219],[126.91473209946929,37.5349067996825]]],[[[126.62645189966591,37.5562262995041],[126.626451900483,37.5562262989615],[126.6264519009984,37.5562263030048],[126.62645189966591,37.5562262995041]]],[[[126.6768196991217,37.543803699590896],[126.676819700768,37.5438036988728],[126.6768197000297,37.5438037007335],[126.6768196991217,37.543803699590896]]],[[[126.7429956982097,37.5036127000857],[126.74299569878819,37.5036126967874],[126.74299570080599,37.5036127010061],[126.7429956982097,37.5036127000857]]],[[[126.7439533992395,37.5064786001552],[126.74395339951309,37.5064785991487],[126.7439534004143,37.5064785996973],[126.7439533992395,37.5064786001552]]],[[[126.7825275985698,37.8461570011453],[126.7825276002492,37.846156999950395],[126.7825275987745,37.8461570024817],[126.7825275985698,37.8461570011453]]],[[[126.79627209940179,37.5885197001166],[126.7962721010327,37.5885196993455],[126.7963156003388,37.588553700423496],[126.79627209940179,37.5885197001166]]],[[[126.84499649896469,37.4948542004111],[126.8449964992371,37.4948541988147],[126.84499650060559,37.4948541991236],[126.84499649896469,37.4948542004111]]],[[[126.8699608996925,37.5136187002104],[126.8699609008402,37.5136186992598],[126.86996090026939,37.5136187003897],[126.8699608996925,37.5136187002104]]],[[[126.87707419977039,37.5173539000128],[126.8770742000944,37.5173538998052],[126.8770956001275,37.517412200241004],[126.87707419977039,37.5173539000128]]],[[[126.8803577997024,37.528813200074005],[126.8803578003867,37.5288131999341],[126.8803578001469,37.5288132004205],[126.8803577997024,37.528813200074005]]],[[[126.9101919990049,37.5001034991526],[126.91019200043239,37.500103500855005],[126.91019199888639,37.5001035002621],[126.9101919990049,37.5001034991526]]],[[[126.98246329950041,37.4894849000363],[126.9824419000973,37.4893483995657],[126.9824633000605,37.4894849005998],[126.98246329950041,37.4894849000363]]],[[[126.6630837978605,37.568580498972004],[126.6630838000778,37.56858050021631],[126.66308379811609,37.5685805004208],[126.6630837978605,37.568580498972004]]],[[[126.73145219966521,37.5087349990971],[126.7314522006838,37.5087350004886],[126.731452199795,37.508735000137904],[126.73145219966521,37.5087349990971]]],[[[126.742282899821,37.5064905001771],[126.74228289989871,37.506490499436396],[126.7422829009314,37.506490499611296],[126.742282899821,37.5064905001771]]],[[[126.79677799964891,37.5812023000949],[126.7967780001816,37.5812022991959],[126.79677800029211,37.5812022999719],[126.79677799964891,37.5812023000949]]],[[[126.79775359959069,37.6193614001046],[126.79775360112349,37.619361398544406],[126.79775360101819,37.6193614005117],[126.79775359959069,37.6193614001046]]],[[[126.79961509836299,37.4571772986951],[126.7996151007209,37.4571773001601],[126.7996150984048,37.4571772999086],[126.79961509836299,37.4571772986951]]],[[[126.8618030995826,37.4937586995672],[126.8618031009261,37.4937586994655],[126.861803099884,37.4937587005854],[126.8618030995826,37.4937586995672]]],[[[126.8702618997862,37.5142336998141],[126.8702619001575,37.5142336994005],[126.8702619010833,37.514233700370696],[126.8702618997862,37.5142336998141]]],[[[126.8774791002421,37.5178797999053],[126.8774791004433,37.5178798009114],[126.87747909974401,37.517879799773404],[126.8774791002421,37.5178797999053]]],[[[126.9365399999104,37.5619297999108],[126.93654000011189,37.561929800038],[126.93653999999559,37.5619298001047],[126.9365399999104,37.5619297999108]]],[[[126.9527592998186,37.481301900130596],[126.95275930010399,37.481301899810695],[126.95275930016379,37.4813018999575],[126.9527592998186,37.481301900130596]]],[[[126.9832212996529,37.51534009963461],[126.9832213035126,37.515340100056704],[126.9832213012774,37.5153401010678],[126.9832212996529,37.51534009963461]]],[[[127.0093374006926,37.5297070999938],[127.00933739908331,37.529707099384304],[127.0093374008951,37.5297070994334],[127.0093374006926,37.5297070999938]]],[[[127.0445850981182,37.5434132002305],[127.0445850999171,37.543413199196905],[127.04458510027831,37.5434132004887],[127.0445850981182,37.5434132002305]]],[[[126.66069139869461,37.568387901270896],[126.6606914002529,37.5683878991646],[126.66069140050851,37.568387900613395],[126.66069139869461,37.568387901270896]]],[[[126.6775817993886,37.559418199827405],[126.67758180045129,37.559418199880405],[126.6775818001381,37.559418201736804],[126.6775817993886,37.559418199827405]]],[[[126.826049099846,37.550491000087604],[126.82604909985021,37.550490999703904],[126.82604910023551,37.5504910002248],[126.826049099846,37.550491000087604]]],[[[126.8697495996514,37.514058400120604],[126.8697496002985,37.5140583999894],[126.8697496000088,37.5140584004128],[126.8697495996514,37.514058400120604]]],[[[126.9204050994221,37.5004072000267],[126.92040510000639,37.500407199511095],[126.9204051001484,37.500407200003096],[126.9204050994221,37.5004072000267]]],[[[126.9364288000135,37.561607800206595],[126.9364287999387,37.5616077999214],[126.9364288001296,37.5616078001561],[126.9364288000135,37.561607800206595]]],[[[126.9799801995499,37.5020004001857],[126.9799802002786,37.5020003996278],[126.9799802004538,37.5020004002191],[126.9799801995499,37.5020004001857]]],[[[127.00985489971929,37.5300811000607],[127.0098549001214,37.530081099714494],[127.00985490010929,37.5300811001309],[127.00985489971929,37.5300811000607]]],[[[127.0111852995219,37.530612299364904],[127.0111853015295,37.5306123007107],[127.01118529990899,37.5306123004547],[127.0111852995219,37.530612299364904]]],[[[126.72521719845601,37.627544701741904],[126.7252171998298,37.6275446999431],[126.72521720115671,37.6275447013932],[126.72521719845601,37.627544701741904]]],[[[126.7875250997312,37.8325112992162],[126.7875251003811,37.8325113000923],[126.78752509875099,37.8325112998067],[126.7875250997312,37.8325112992162]]],[[[126.7964663996663,37.581487200495],[126.7964663999605,37.58148719981],[126.7964664003036,37.581487199984394],[126.7964663996663,37.581487200495]]],[[[126.8822595998431,37.501797100028895],[126.882259600132,37.5017970998831],[126.8822596000262,37.501797100092],[126.8822595998431,37.501797100028895]]],[[[127.0487571996155,37.546721000096],[127.0487572001056,37.546720999592296],[127.0487572006289,37.546720999806396],[127.0487571996155,37.546721000096]]],[[[126.8828896998702,37.5518026999824],[126.8828897001421,37.551802699919705],[126.88288970096421,37.5518027014853],[126.8828896998702,37.5518026999824]]],[[[126.93809159965261,37.513465199871796],[126.93809160005921,37.5134651999806],[126.9380915997544,37.5134652008239],[126.93809159965261,37.513465199871796]]]]}}]}