{"type":"FeatureCollection","features":[{"type":"Feature","properties":{"interval":15,"stationId":"5893030217"},"geometry":{"type":"MultiPolygon","coordinates":[[[[126.9768133995068,37.5214530005713],[126.9807012002341,37.5203219990709],[126.98115039978491,37.520822598570305],[126.9830335979017,37.5198066995862],[126.9831076978748,37.51863140058639],[126.9816239978441,37.5177888003454],[126.98242260066371,37.516433999177394],[126.9836433998156,37.5201676993889],[126.9880341990758,37.520288799344506],[126.9885399985739,37.5195899999846],[126.9857255999787,37.5178680005189],[126.9856448991911,37.516773299793094],[126.9885399995824,37.5195899976621],[126.9895964985259,37.5183966988554],[126.989511398611,37.517266499985595],[126.9912180986055,37.5183859985143],[126.9923807036663,37.5171835981507],[126.9925151014238,37.518043299825905],[126.9954125002815,37.5196098000727],[126.9943528007384,37.5189642009155],[126.9945409005503,37.520199999679704],[126.9975144998231,37.5213331991518],[126.9975832985703,37.5204872948888],[126.9975145004232,37.5213331996057],[127.0007885010006,37.5229620012913],[126.9987204995278,37.523021701631905],[126.99576590033419,37.5252993007009],[126.9946104997385,37.5237499018388],[126.99320260054681,37.524096601482],[126.9918795002173,37.5256547005774],[126.9922641987706,37.5248881000537],[126.99069799981399,37.5234651005547],[126.9907309992729,37.5208815001945],[126.99004929995459,37.520340000736],[126.9869598993771,37.5208153010916],[126.98703899934699,37.5202495001431],[126.9852753009248,37.5199647005145],[126.984198102002,37.5213720991071],[126.9843206994519,37.5241818011417],[126.9809856995147,37.5232204010671],[126.979628899804,37.523664300203],[126.9768133995068,37.5214530005713]]],[[[127.0157534993894,37.5411078000891],[127.0176317992244,37.540867599542295],[127.018806900569,37.541634700084906],[127.01640369994969,37.5418889007452],[127.0157534993894,37.5411078000891]]],[[[127.0326371992231,37.5485365000511],[127.0335195001862,37.5489359000175],[127.03284340011061,37.5495890002708],[127.0326371992231,37.5485365000511]]],[[[126.99090409991989,37.5302277001029],[126.9914557991558,37.5287291998301],[126.99238980109659,37.5286673994225],[126.99090409991989,37.5302277001029]]],[[[126.9913081996621,37.5272595998151],[126.99172930014551,37.527219199914896],[126.9916874002308,37.527538300299504],[126.9913081996621,37.5272595998151]]],[[[126.9828741980879,37.51497469987],[126.9832213028662,37.515340100654],[126.9844987015888,37.5164078995862],[126.983221299865,37.5153401002713],[126.9828741980879,37.51497469987]]],[[[127.00657989918791,37.5284056994731],[127.0069821000497,37.5288028001923],[127.006851699855,37.5288287001378],[127.00657989918791,37.5284056994731]]],[[[126.9773722995554,37.523411300104996],[126.977252099925,37.5231156995921],[126.9773723000634,37.5234113009781],[126.9773722995554,37.523411300104996]]],[[[126.979716599021,37.5162865003049],[126.9797166014438,37.5162865004058],[126.9797165995091,37.5162865013362],[126.979716599021,37.5162865003049]]],[[[126.98765389875099,37.5160238004013],[126.9876847002033,37.515954899548],[126.9876847021389,37.515954900945395],[126.98765389875099,37.5160238004013]]],[[[127.0186300994163,37.5405689996049],[127.0186301007971,37.5405689999927],[127.0186300992638,37.540569000471095],[127.0186300994163,37.5405689996049]]],[[[127.0111852997501,37.5306123001003],[127.01118530033219,37.530612299357],[127.0111853015295,37.5306123007107],[127.0111852997501,37.5306123001003]]]]}},{"type":"Feature","properties":{"interval":30,"stationId":"5893030217"},"geometry":{"type":"MultiPolygon","coordinates":[[[[126.9619103998315,37.5223838000361],[126.9689243000292,37.5191301979616],[126.9695702994332,37.5169987000737],[126.97311039913019,37.5155713911695],[126.9749498982671,37.5156988908239],[126.97439259882441,37.506243000279795],[126.9767786988832,37.5059751990452],[126.9764982996213,37.5042701999882],[126.97677869995749,37.5059751982305],[126.977698999916,37.5042930995284],[126.979858799933,37.5048534994271],[126.9799763002685,37.5042239996152],[126.98159289870159,37.50435229949],[126.9795300993464,37.5021861001159],[126.9807711008506,37.502933299001405],[126.9879312002612,37.4986957995537],[126.9825358038645,37.502137500059604],[126.9822523033453,37.5043262006518],[126.9808113030235,37.5065723003984],[126.9809621029565,37.514844692214595],[126.9878880010271,37.5155028924497],[126.9923807026796,37.5171835953998],[126.9962816045075,37.5151139980565],[126.9983872024019,37.5208885922819],[127.0045384051267,37.5270260935761],[127.00741530447391,37.527939894187],[127.0116318002574,37.5284127937141],[127.0146514006625,37.5255324995682],[127.0107072008103,37.529977199992096],[127.0116199001954,37.5323948998464],[127.010813800895,37.533045999834],[127.0124642001997,37.5338474994004],[127.0129598005393,37.535205199949],[127.0116500017571,37.5363399998269],[127.0136326001078,37.539420398816],[127.0153984998747,37.5392160988904],[127.0161633982563,37.5379736982131],[127.0201214942982,37.537420798766],[127.0228724984799,37.533976696129095],[127.0242701989571,37.5312611997403],[127.023037599289,37.5293013002514],[127.02380139901689,37.5286459996343],[127.0223183998456,37.524243899922105],[127.0241242990468,37.524316399520394],[127.0253484998865,37.5231828992332],[127.0269489991705,37.5235252986988],[127.028355599977,37.521646599793094],[127.0314290003945,37.5232080996134],[127.03139140052501,37.524438799727896],[127.03220690034411,37.5244127994981],[127.0325646008064,37.5258577997124],[127.0341014000461,37.5270875993762],[127.0357755993236,37.526707599547905],[127.0357814994962,37.5246176000083],[127.03716129932559,37.5247415993317],[127.0367965996124,37.523445799874196],[127.0374070985867,37.522576899539295],[127.0385324002434,37.522131499324],[127.0391436000116,37.5228995986469],[127.0396350002571,37.5216694993232],[127.0420532002946,37.5243792983993],[127.0446590000493,37.523806299662695],[127.0460563002603,37.524862199149304],[127.046754100762,37.5268850003275],[127.0443400018481,37.5284498001554],[127.04518250109419,37.529322399829496],[127.0428565016114,37.5313980060916],[127.0418251026428,37.537772599716995],[127.0438942005737,37.5382779992116],[127.0452810013859,37.537116700150996],[127.0460155007325,37.5384693990543],[127.04849350039751,37.5386027998723],[127.04922210013419,37.5403241990119],[127.0498307007143,37.539090198895494],[127.0508349008456,37.539921999794196],[127.04842110088809,37.5413189004415],[127.0491942018717,37.5432026988344],[127.0507653003006,37.543800698236396],[127.0528294982364,37.5432044988326],[127.05498179949319,37.5396514990509],[127.05581350005,37.5411114988203],[127.0577025001443,37.540881098573],[127.0586455999686,37.5427239996733],[127.05981220053529,37.5419351986651],[127.06016830108621,37.542677898828],[127.06160480097729,37.5422566988532],[127.0621345014649,37.5433948995354],[127.05996500144491,37.5457315995594],[127.0603703003599,37.5464525007389],[127.05801480027719,37.5476552010678],[127.0554102994853,37.5480345009862],[127.05432829929289,37.5457168006708],[127.0521000013499,37.5456917008533],[127.05254150057691,37.547266300470994],[127.0493574003282,37.5502954998008],[127.05020330025641,37.550733699787806],[127.0509432018609,37.5557831975997],[127.052656701443,37.555991501201596],[127.0477941003852,37.5561590001451],[127.0478684001805,37.556952000632],[127.0463463003395,37.5582729001801],[127.0448007007316,37.5585823006828],[127.04576419993299,37.5608260990599],[127.0473506000162,37.560932299976194],[127.0480976999149,37.562239299291605],[127.0499774002665,37.561237598573896],[127.05138759972739,37.5624979992319],[127.0518929005465,37.561634499455195],[127.05394960045919,37.562379099365],[127.055135701234,37.561489698550005],[127.0560445012043,37.562684598900894],[127.0592218999012,37.5614494995191],[127.0599518991712,37.5605864003822],[127.0594380992153,37.560214998648],[127.06106320011021,37.5601594983049],[127.0621867999712,37.5571363989181],[127.0629359001866,37.558403098934],[127.0637500011934,37.5579603974457],[127.0649429011094,37.5593991973393],[127.0680642988714,37.5579626979779],[127.0681107005597,37.5601841980323],[127.07002000155519,37.5597799985668],[127.0707747000716,37.5607958001208],[127.0669398004225,37.5635899006096],[127.0667955005059,37.5644723009983],[127.066051198897,37.5638838995101],[127.06661179904981,37.563116699963004],[127.0659971996644,37.562140700939004],[127.0642407007075,37.5623442010498],[127.0644439003308,37.5636831004745],[127.0632828002714,37.5638911003018],[127.0613342996072,37.5633966009936],[127.0610280989893,37.5621815007905],[127.0582665001456,37.5629806004954],[127.0590550004866,37.5663619997045],[127.0588619005674,37.5671679013684],[127.0574775011047,37.5672563999506],[127.0583350002448,37.5681421001483],[127.0564581005561,37.5682891001244],[127.05600989955701,37.5692602003884],[127.0543839000377,37.56834260038],[127.0534647005403,37.569379000375996],[127.0538813002937,37.5712804009556],[127.0533225994798,37.5702979008088],[127.0517949005339,37.5705647002972],[127.0510081011279,37.5709775000092],[127.05142670001989,37.5717669005115],[127.05007660027249,37.5708883005844],[127.04789939995341,37.5719024000441],[127.0480387995038,37.570908800705695],[127.04682649893999,37.571007099378505],[127.048649699625,37.5701902001124],[127.0462672007072,37.568534201235],[127.04679509994969,37.569878200350196],[127.0450161007504,37.569529600856],[127.04135480010959,37.5716155010264],[127.0377330999367,37.5710180005707],[127.0375219996601,37.5702055008971],[127.0357598999098,37.5704130005315],[127.0343170006045,37.5693604006873],[127.0338175005682,37.5700323007345],[127.0310615000309,37.5678604003632],[127.0301419999491,37.5692618002587],[127.0275755991816,37.567248400559095],[127.0257452000139,37.5676378006229],[127.02518459943461,37.566701100209],[127.023850400409,37.5664752008404],[127.0212374997893,37.5688451007181],[127.0196800004797,37.568786000935006],[127.0195310998931,37.570013600337305],[127.01411759937241,37.5651082999217],[127.0156682995037,37.5651837991918],[127.0149713002007,37.5635385008371],[127.0143537997821,37.5640066009957],[127.0112667999493,37.562969900458796],[127.0103239010371,37.5636277001964],[127.0123194999977,37.565017400950204],[127.0115498001022,37.564897300903496],[127.0109259997954,37.5665148006654],[127.0100137001686,37.5656727012528],[127.0093307000713,37.5674466001109],[127.0044271000598,37.5660404005955],[127.0041168996165,37.5665818002634],[127.0023775004096,37.5655209005603],[127.0023211994741,37.5660664001869],[127.0019893993845,37.562985099519096],[127.0026353998894,37.5624249997785],[127.0029495999173,37.5629506992629],[127.00317219969469,37.5621963000173],[127.0024121001127,37.5614642007393],[127.0005982999586,37.561524300684],[127.0015757992165,37.5594369004503],[127.0000554996755,37.5600339004074],[126.9991841996746,37.5591996003279],[127.000376999666,37.5578279995759],[127.0015017995707,37.5586116991151],[127.0024250991806,37.558017499635895],[127.00158229946139,37.5567583004204],[127.00021180012921,37.5569872984765],[127.0023252993891,37.5551552990021],[127.0025133998816,37.5535231996391],[127.0035527003695,37.554943198554],[127.0045413993808,37.5535487999484],[127.0040546981835,37.5517153995278],[127.0058092991451,37.550150999984],[127.005412399734,37.5498038997481],[127.00745639925539,37.5495550998327],[127.0075397989779,37.548657899787],[127.0060105992211,37.547704699573096],[127.0072243999746,37.5468681997409],[127.0082721009194,37.549909899485804],[127.0076402008159,37.551152699442405],[127.0089563997436,37.5514588994025],[127.0104832994341,37.550745199008304],[127.01047439944301,37.549773299980195],[127.01253479958629,37.5493719999982],[127.0126272982784,37.5473616007565],[127.0106478989499,37.5467869005056],[127.0113744986269,37.5458233998673],[127.0100073986285,37.5445936986716],[127.0096331979121,37.5405226006129],[127.01070369759519,37.5395094001696],[127.0098322983377,37.5354871997534],[127.0070359011341,37.534415600825],[127.00710250035151,37.5355348021642],[127.00480110071379,37.5375618004777],[127.0053989009594,37.5384582015077],[127.0039264001297,37.538819500659805],[127.0013920001561,37.5363063005782],[126.9989899002256,37.535457800710404],[126.99764820026,37.536656100768504],[126.9946748004219,37.537250900803095],[126.9942572999493,37.5386762002353],[126.99245330038279,37.5384647005935],[126.9924547998859,37.5392360007842],[126.9916012999217,37.538076700457],[126.990549399513,37.539124900445294],[126.9880976001579,37.5371982007567],[126.98687690063839,37.5378452996964],[126.9872005002662,37.5390246992677],[126.9886240000416,37.538868399992495],[126.9874067998393,37.5401660004326],[126.9878565995112,37.5392944002928],[126.9866379004148,37.539204700330096],[126.98662189968411,37.5402189008393],[126.98683649963249,37.5348408007076],[126.9846046992441,37.534838299481294],[126.9864517992711,37.534878599238496],[126.9892954998227,37.5328104992717],[126.98889990066621,37.533362799607296],[126.9903660992,37.533518199451905],[126.9910489991724,37.5320832004207],[126.98992579900009,37.5318174996329],[126.990510799715,37.5318991988646],[126.9914557991558,37.5287291998301],[126.9963581981479,37.527231699933004],[126.9952684992376,37.5263586008061],[126.9946104997385,37.5237499018388],[126.9915306995956,37.525333500609904],[126.9922641987706,37.5248881000537],[126.99069799981399,37.5234651005547],[126.9903145996893,37.520428000648],[126.9869598993771,37.5208153010916],[126.9859574004286,37.5197745006181],[126.984198102002,37.5213720991071],[126.9843206994519,37.5241818011417],[126.97764599967509,37.5252147011641],[126.9769276993522,37.5235162996252],[126.9779168992602,37.5228559998518],[126.977317499565,37.5217209001247],[126.97503810128211,37.520940301083996],[126.97442960038589,37.5225548999593],[126.97244580097251,37.5225521997751],[126.9727332010565,37.5237684995393],[126.9679798012762,37.5271948998531],[126.9687768008534,37.5287904990289],[126.9702459994418,37.528330699405],[126.9714153008142,37.5301171996497],[126.97238690039781,37.5300027997652],[126.97163430095141,37.5308122998579],[126.9733185003313,37.5312840996307],[126.9746278007615,37.5331943994546],[126.9769050999996,37.5332696993653],[126.9780344003805,37.5345574998398],[126.97719320013971,37.5356425000526],[126.9761713005098,37.5353628006756],[126.9760922999026,37.536117600394796],[126.97452350061991,37.5355586005684],[126.97436920014229,37.5377882001794],[126.9724615988696,37.537435701980804],[126.97133189940459,37.536567400452405],[126.97027829880321,37.5335197001758],[126.9674886991725,37.530902901954704],[126.9681784991421,37.5309988992418],[126.9677661995544,37.529823900416794],[126.9665407001733,37.5296072002941],[126.9667300000648,37.5306300000353],[126.9640429995793,37.531321900389],[126.964063699493,37.528592199816096],[126.96283649926549,37.5264786992014],[126.9640645989802,37.525293699845996],[126.96338799965679,37.5243114008283],[126.9639365993632,37.523006599977705],[126.9659947987346,37.524311998495705],[126.9661891985402,37.5216305011772],[126.9619103998315,37.5223838000361]]],[[[127.03119929960499,37.577874800021995],[127.0341978000153,37.5762472993774],[127.0346922998075,37.5771560992177],[127.03481119940189,37.576396599228104],[127.0375661005725,37.5771145996573],[127.03776040003639,37.5782396993704],[127.038113200157,37.577621299955396],[127.0398705997187,37.578548299187204],[127.04133549977,37.5768335998225],[127.043269999404,37.57835999854041],[127.0439599990577,37.5774931992748],[127.04370709977111,37.5761197995133],[127.0443244998598,37.5767920993381],[127.0456268997076,37.5765060995823],[127.0441743006469,37.5777517997671],[127.0449472005362,37.5793131987266],[127.0463107002478,37.580414099064996],[127.0474361002583,37.5803010998367],[127.0475325004433,37.582002699426894],[127.0494692000239,37.5835378986779],[127.0512454997009,37.5807637001411],[127.0492974996446,37.5788540010532],[127.0484799994958,37.580690000739594],[127.0486071991986,37.5797721002156],[127.0459268997415,37.5769682000735],[127.0488321001954,37.5769614998632],[127.049153999959,37.5777873995266],[127.0507989998107,37.577388998557],[127.052861100166,37.5793865994479],[127.05481850048079,37.57940580025431],[127.053617000379,37.583683700037405],[127.0524495006768,37.583673100365296],[127.0533097002577,37.5847450997067],[127.05243990015049,37.5870519001871],[127.0510148996872,37.5869253000297],[127.0513676997475,37.5858492007999],[127.0500226998784,37.5868116003418],[127.0470036996724,37.587242701333494],[127.04591970004459,37.586373300557],[127.0448486996819,37.5867736007586],[127.04263519993641,37.5859534002206],[127.0429919986365,37.5848030000459],[127.041637599443,37.5846775999099],[127.041696099409,37.5836379007284],[127.0404466987629,37.5834562000058],[127.0405172998885,37.5825053004169],[127.0397891994295,37.5824824004598],[127.0383417995119,37.5798515000278],[127.0396826988577,37.5795418993382],[127.0398705986674,37.578548300282904],[127.0381423001432,37.578307300445196],[127.0344504996293,37.5803547002984],[127.03119929960499,37.577874800021995]]],[[[126.98827359963789,37.5612418997407],[126.9916876991605,37.559453099519295],[126.99245539990889,37.5581433994803],[126.9946756999868,37.55859559975519],[126.99523810017679,37.5603119992775],[126.9961204992944,37.5598649997245],[126.9954881994243,37.5586966000053],[126.99618989978211,37.5585679992588],[126.9992214008706,37.5624911000419],[126.9972990008587,37.5637635004277],[126.9975713006994,37.564327000405896],[126.99626430069421,37.5645095002475],[126.9958603007031,37.5655638000313],[126.9964900000734,37.5664343991607],[126.9984230002229,37.5658283996812],[126.999962700411,37.567146600163404],[126.9979396005257,37.5687390003454],[126.99709939979499,37.5681663006756],[126.99682819990909,37.5688361007778],[126.9955413003704,37.568753700673604],[126.9948867999437,37.5700761003729],[126.9934195991538,37.567199099723105],[126.99341509926461,37.5664678994961],[126.9940115995601,37.5671599991877],[126.9945099990617,37.5665217998259],[126.9942901992836,37.565009100782795],[126.9927841999035,37.5651421007377],[126.9911737994767,37.5641393005584],[126.98979659919131,37.5619969002819],[126.98827359963789,37.5612418997407]]],[[[127.0070242985012,37.514827700733996],[127.007709099748,37.5129470990966],[127.009435099591,37.5126098000224],[127.01059939939421,37.510361998956],[127.0101105994844,37.509057999822204],[127.01135519946409,37.5088813995445],[127.0113665009573,37.5080325985887],[127.0119577005993,37.509455800579595],[127.01110280079331,37.509362000287204],[127.0105994012967,37.5103619992872],[127.01119960120499,37.512294997843405],[127.0155236996906,37.5135054986124],[127.0163224993986,37.5118486998361],[127.0185657990383,37.5118018993823],[127.01864649990121,37.5100248998369],[127.0196779997069,37.5105381992828],[127.01976519996049,37.5096447995497],[127.02194339930709,37.509576099381796],[127.0226151999592,37.508648099644105],[127.0234910005327,37.5100561001684],[127.02302240077191,37.5110366994915],[127.0246627004496,37.5120340001421],[127.02406950051089,37.511856700292306],[127.0237651004934,37.5139029989556],[127.0245708002525,37.5135879994421],[127.0255784008459,37.5148242998713],[127.02498750115859,37.516050999230394],[127.0269392003273,37.5182724008561],[127.0261397007049,37.5195377002961],[127.0259972998342,37.5190383006484],[127.022141700328,37.5210844001284],[127.0215606002495,37.5201907007353],[127.0180961996994,37.5217111003347],[127.01911319916711,37.521541799389404],[127.0184650998152,37.520651300279894],[127.0168259988626,37.520652399229604],[127.0170215997706,37.5179060998022],[127.0156671000617,37.5149143007101],[127.0119704999021,37.516188200156805],[127.0135704984683,37.5146426014427],[127.0110291010097,37.5144106016747],[127.0104021001241,37.5161905007924],[127.0070242985012,37.514827700733996]]],[[[127.05334019970569,37.5887383002051],[127.05492469982251,37.587647499721804],[127.0547070997387,37.5867966994328],[127.0555560997175,37.5873675993386],[127.0559836998845,37.586448099795795],[127.0607254000293,37.5872875996128],[127.06062590079951,37.5880716998215],[127.06219160056631,37.5892561998052],[127.06086860044441,37.590340999562805],[127.0625463999259,37.5898590998249],[127.0624713004565,37.590982699841696],[127.06089260038391,37.5909512007186],[127.0580328997206,37.5923984003354],[127.05815459937679,37.5917755006313],[127.05563169963591,37.5914420012683],[127.05460930037529,37.59048340091999],[127.0536747997928,37.5908658009333],[127.05334019970569,37.5887383002051]]],[[[127.03718549928041,37.515149799790706],[127.0385422989073,37.5155780989968],[127.0391221992788,37.5143579997727],[127.0396737001563,37.515186898675005],[127.04052229930771,37.5147159991459],[127.0402717998431,37.513968499128296],[127.0417313993143,37.5134791998371],[127.04210619930721,37.5124681998438],[127.0403314995931,37.510078499565395],[127.042393799906,37.5098560991042],[127.04430390023471,37.5083852989054],[127.0442799015413,37.509270299780994],[127.046030701235,37.509989399469],[127.0456552017715,37.5108085005145],[127.0470770006732,37.5120461002099],[127.0458134003129,37.511680000804],[127.04358220060931,37.5135684001855],[127.0441168002052,37.5162973997332],[127.0454921012886,37.516165400723295],[127.04511990130081,37.5179943002344],[127.0401108003733,37.5203950004837],[127.0378852996808,37.5169737006049],[127.03854229857811,37.515578100266],[127.03718549928041,37.515149799790706]]],[[[126.97681419899871,37.4885819994552],[126.9767980990148,37.487007301029905],[126.9787872991716,37.4845473002078],[126.97825249996859,37.484069399460004],[126.97922049999839,37.484365399130205],[126.9796098999747,37.483508699323004],[126.98092319978991,37.483460799307906],[126.98089209997721,37.4827636994886],[126.9820372998728,37.4827515995643],[126.98312590111381,37.484615899276],[126.9842651999745,37.4843149995769],[126.9844437008381,37.4856643990953],[126.98535130067481,37.485772099026],[126.9842205008274,37.487096800456],[126.9824148007448,37.4874348004069],[126.9815109009604,37.4888235996561],[126.9826306002898,37.4892374995671],[126.9833269999812,37.4909037986509],[126.9846275007659,37.490870900488595],[126.9826020002681,37.492754101022],[126.981092299895,37.491106701067004],[126.980437099563,37.49150620030311],[126.9791482996041,37.4888380003756],[126.9785006994548,37.488462401024805],[126.9773226002548,37.4898198004554],[126.97681419899871,37.4885819994552]]],[[[127.0646973994554,37.5417903001871],[127.0664392994325,37.5379698998014],[127.0669092003098,37.538804999209404],[127.0690286004338,37.5385035994382],[127.0712534012496,37.539920699587704],[127.071427000459,37.5408766004406],[127.0694274998059,37.5435219003199],[127.0646973994554,37.5417903001871]]],[[[127.07535759971131,37.5586864001111],[127.0759634999606,37.557216399932],[127.07720859933761,37.5567013000614],[127.0766018988309,37.5551337000322],[127.077604899858,37.5539646995852],[127.0785896003884,37.554048299588295],[127.07921980046851,37.5552006989535],[127.0832447005141,37.555943500123],[127.08207640082591,37.5562550000814],[127.0828434002623,37.5567260998973],[127.0819625004068,37.559050300082305],[127.080220800076,37.5599124015273],[127.07951540007011,37.5586018015434],[127.0776539002979,37.5593249010085],[127.0767457990543,37.5581538006753],[127.07535759971131,37.5586864001111]]],[[[126.9775945992919,37.4766876999553],[126.9789929993656,37.475879299538406],[126.9789836996638,37.474987899442205],[126.9805284002089,37.4753921983057],[126.9812394999266,37.473827499151795],[126.9823558999791,37.4763506987875],[126.9829864993485,37.476235598902605],[126.98291279997599,37.474364499514],[126.98298650071649,37.4762355987949],[126.9857543005199,37.4759528996694],[126.9855508007432,37.476811601070395],[126.983209200714,37.4780619007297],[126.9832679000291,37.4793563006453],[126.98172130003401,37.4805718008252],[126.9807251996747,37.4790254003688],[126.9790042990163,37.4788555002725],[126.9775945992919,37.4766876999553]]],[[[127.0627579996604,37.5944606000963],[127.0650675002356,37.5944863993794],[127.06533090000201,37.5957959992191],[127.0664037004062,37.59536269984],[127.06597100043021,37.596869300331605],[127.0652087004093,37.596866500312096],[127.0654399004162,37.598051100430496],[127.0648035996147,37.597496300085204],[127.0655430994677,37.596166400392605],[127.0637697998585,37.5961214004109],[127.0627579996604,37.5944606000963]]],[[[126.9687793994227,37.5445189000095],[126.9706832990018,37.5434407990526],[126.971414000777,37.5441803988892],[126.97220809998291,37.543685599384006],[126.9725561996348,37.5424362006334],[126.971424999432,37.541779900124],[126.9725454995039,37.5418873990935],[126.97292900019349,37.5410891992261],[126.9741516004895,37.5423798994216],[126.9735553006348,37.5426112003339],[126.9733818003362,37.5452646995546],[126.97510770065209,37.5454798996495],[126.9749145003801,37.5464327001417],[126.9722699002071,37.546833000808],[126.971845599996,37.5476277005785],[126.97189089833901,37.5468307000778],[126.96964300015091,37.5461032003499],[126.9687793994227,37.5445189000095]]],[[[127.0027742988278,37.506198699516396],[127.0028705000102,37.5049329997932],[127.0041465992965,37.505840999197396],[127.0049088989398,37.5046617989266],[127.0035471999184,37.5024971995011],[127.0069295008778,37.5029698002237],[127.0078603006803,37.504174899309206],[127.0060351002525,37.5036503009273],[127.0049089008702,37.5046618009792],[127.0047470010321,37.506003699637304],[127.00652670029119,37.5067090006044],[127.0027742988278,37.506198699516396]]],[[[126.9900629993639,37.571179799465106],[126.9903278000519,37.5702348997116],[126.99073270006569,37.5709980994113],[126.99139669940169,37.5707611996482],[126.99088999992189,37.5703288999348],[126.992264999604,37.5691086993932],[126.9943285004958,37.5707192997712],[126.99295600054731,37.5720131002846],[126.9933421004888,37.57262270095519],[126.9916514000559,37.5726610010665],[126.99150679983549,37.5736845005016],[126.9899784995318,37.572566299990896],[126.9907044994012,37.5715475999092],[126.9900629993639,37.571179799465106]]],[[[127.0748985994699,37.5935754999699],[127.0781615002326,37.5936563998677],[127.0786813002502,37.595179700688405],[127.0757373998967,37.5965316002071],[127.0748985994699,37.5935754999699]]],[[[127.0658728997537,37.6008740008162],[127.0670447997396,37.6012143996193],[127.0667528000959,37.600720299536796],[127.06746680197031,37.6005567989683],[127.0666447000004,37.603010000075095],[127.0658728997537,37.6008740008162]]],[[[127.0294347996171,37.5143929998936],[127.02989880005549,37.5129326990757],[127.0322212987292,37.5129618995065],[127.032726400109,37.511846899783805],[127.03368120076921,37.514969299367394],[127.03444740084011,37.5150275995543],[127.03269689974131,37.5153857005629],[127.0330029990257,37.5147428004395],[127.031639700389,37.5141668010155],[127.0301883003023,37.515220600682],[127.0294347996171,37.5143929998936]]],[[[127.08845629911801,37.5523866001695],[127.0894317988616,37.5518796002832],[127.08882679901211,37.5505877989387],[127.090819700148,37.5500175998801],[127.09020100073039,37.551433299437896],[127.0913891003783,37.5517865008557],[127.0907819004438,37.5516060005311],[127.0903193994922,37.5526002010917],[127.0884563003418,37.5523866009611],[127.0885436999723,37.5533618002396],[127.08845629911801,37.5523866001695]]],[[[127.0230187998536,37.5756867000745],[127.024164800192,37.5763508995375],[127.02454850025829,37.5759526997261],[127.0261766009029,37.5764564003725],[127.02416479899449,37.5763509015188],[127.0230187998536,37.5756867000745]]],[[[127.0833486999192,37.536672400004],[127.0838994000038,37.5362288996273],[127.0866171001969,37.5373067999067],[127.0854679003989,37.5370815008856],[127.08518549977269,37.5377969010285],[127.0833486999192,37.536672400004]]],[[[127.02348149922311,37.504153700200206],[127.0249356001093,37.503504999764196],[127.0264913013371,37.5050146004175],[127.0242222998573,37.5052638003326],[127.02348149922311,37.504153700200206]]],[[[126.9627463991912,37.5335300997342],[126.96363289949039,37.5326890000012],[126.9633128997612,37.5320282999684],[126.9654758005819,37.5318991990023],[126.9641262010199,37.5327233007132],[126.9637972008133,37.5342325004109],[126.9639911992095,37.533369800643605],[126.9627463991912,37.5335300997342]]],[[[126.9711195001626,37.5550632992729],[126.9726150001607,37.55371239945],[126.9730308003634,37.5540854991239],[126.9720999995655,37.5558700008054],[126.9711195001626,37.5550632992729]]],[[[127.0124859991625,37.4933208004408],[127.0135722005368,37.492128199179106],[127.0152060006245,37.4932266005151],[127.01369109967911,37.4943611007508],[127.0124859991625,37.4933208004408]]],[[[126.96079789953501,37.5393973993532],[126.9623500001946,37.5386599993883],[126.9617044000872,37.539581600015396],[126.96079789953501,37.5393973993532]]],[[[126.98788369826529,37.4627706003607],[126.98928590052469,37.4624498000546],[126.988185500785,37.4628410010873],[126.98843720053331,37.464687499240796],[126.9894440002197,37.4649807004822],[126.9883619991403,37.4646618009142],[126.98788369826529,37.4627706003607]]],[[[126.98032089904119,37.5342521003624],[126.9803563001323,37.5338450993571],[126.9808562001909,37.5348856003174],[126.98032089904119,37.5342521003624]]],[[[127.00562359994531,37.510065899812],[127.00678169979301,37.5098273990692],[127.0064589007654,37.5104906994836],[127.0071352000891,37.510821399152896],[127.0077305003874,37.5097569992602],[127.006448300188,37.5121152002085],[127.0069076988279,37.511240700120304],[127.00562359994531,37.510065899812]]],[[[127.0487058984825,37.505167898911296],[127.049543700197,37.5033774995823],[127.04981700105701,37.5040288009284],[127.048306899636,37.5059928004342],[127.0487058984825,37.505167898911296]]],[[[126.98572649955359,37.560799699959794],[126.98685540064669,37.5609402001314],[126.9867091999547,37.561105600682],[126.98572649955359,37.560799699959794]]],[[[126.9913081996621,37.5272595998151],[126.99172930014551,37.527219199914896],[126.9916874002308,37.527538300299504],[126.9913081996621,37.5272595998151]]],[[[126.98982869961701,37.5594886996786],[126.99005030067369,37.559714899541206],[126.9899973001216,37.5597783001787],[126.9900502998315,37.5597149000006],[126.98982869961701,37.5594886996786]]],[[[126.9780025993008,37.558184399522],[126.9781910002899,37.5580645994996],[126.9786750001424,37.558845500317],[126.9781909998998,37.5580646002921],[126.9780025993008,37.558184399522]]],[[[126.9854889989741,37.576516400800706],[126.9862526005142,37.576471499482395],[126.9861959006947,37.5768371003082],[126.9854889989741,37.576516400800706]]],[[[127.08350719951589,37.5659378993641],[127.0841887005432,37.5657002989803],[127.08449390075239,37.566266401370505],[127.08418869964599,37.5657003007977],[127.08350719951589,37.5659378993641]]],[[[127.1033065994736,37.545467200326094],[127.1036877999734,37.545335899337395],[127.1041075002766,37.5452100999265],[127.1036877999923,37.545335900165796],[127.1033065994736,37.545467200326094]]],[[[127.0308799003782,37.568919100071504],[127.03091989994451,37.568789000008],[127.0309375001045,37.5687255996607],[127.03091990028351,37.5687890000529],[127.0308799003782,37.568919100071504]]],[[[127.09429249919849,37.535005199896],[127.0945211007182,37.5351195996555],[127.0943558998188,37.5352416003012],[127.09429249919849,37.535005199896]]],[[[127.0496742994061,37.581413799982],[127.0498107002224,37.5815815001815],[127.0497180996811,37.581468000629],[127.0496742994061,37.581413799982]]],[[[127.0502461996287,37.5721236000441],[127.05051839983071,37.5719404995322],[127.050552200166,37.571972199879],[127.0502461996287,37.5721236000441]]],[[[126.96348759929889,37.4769997002735],[126.9634876009482,37.4769996990145],[126.96356040062791,37.4771098005287],[126.96348759929889,37.4769997002735]]],[[[127.05701669946271,37.5693967000759],[127.0570167006547,37.569396699775],[127.05702169960361,37.5694570003882],[127.05701669946271,37.5693967000759]]],[[[127.0740782995632,37.594329800170094],[127.07421830010959,37.5939384996938],[127.07407830037529,37.594329800366296],[127.0740782995632,37.594329800170094]]],[[[127.00175869926339,37.539288499908295],[127.0017587007479,37.5392885001317],[127.00175869989259,37.539288500705496],[127.00175869926339,37.539288499908295]]],[[[126.9892608996154,37.5392437001884],[126.9892609000595,37.5392436999885],[126.9893443001491,37.53930660016481],[126.9892608996154,37.5392437001884]]],[[[126.98435389984,37.5759937004295],[126.9843538999315,37.5759936990856],[126.98435390091561,37.5759936993095],[126.98435389984,37.5759937004295]]],[[[127.0092596998732,37.571073899957305],[127.0092597002922,37.5710738997699],[127.0092597000636,37.5710739001192],[127.0092596998732,37.571073899957305]]],[[[126.97061959958731,37.5368594000624],[126.9706047000319,37.5367913997772],[126.9706196001169,37.536859400160395],[126.97061959958731,37.5368594000624]]],[[[126.98295499990391,37.570148699913794],[126.9829550001122,37.570148699912195],[126.9829550000112,37.5701487001261],[126.98295499990391,37.570148699913794]]],[[[126.99142679946159,37.5662521000867],[126.9914268006566,37.5662520995892],[126.9914268005153,37.5662521006372],[126.99142679946159,37.5662521000867]]],[[[127.0162808984165,37.4850242991257],[127.0162809008684,37.4850243001632],[127.0162808989931,37.4850243004312],[127.0162808984165,37.4850242991257]]],[[[127.02038529964621,37.5594247002955],[127.0204365003322,37.559381899913795],[127.0203853003696,37.5594247005299],[127.02038529964621,37.5594247002955]]],[[[127.0849079994004,37.5963095003457],[127.08490799985219,37.5963094993949],[127.0849080006203,37.5963095000023],[127.0849079994004,37.5963095003457]]],[[[126.9998314995496,37.5608644999661],[126.999831500385,37.5608644994567],[126.9998315001595,37.5608645002848],[126.9998314995496,37.5608644999661]]],[[[127.0280993996171,37.4966908004047],[127.0280993995688,37.4966907994767],[127.02809940026451,37.496690799694804],[127.0280993996171,37.4966908004047]]],[[[127.0528906993004,37.4963229005938],[127.05289069952731,37.4963228992421],[127.05289070027891,37.4963228993981],[127.0528906993004,37.4963229005938]]],[[[126.9750161994844,37.5376608001317],[126.9750162000294,37.5376607995006],[126.97501620022899,37.5376608002776],[126.9750161994844,37.5376608001317]]],[[[126.98652399981991,37.5603521002589],[126.98652399948101,37.560352099553306],[126.98652400039731,37.5603520999408],[126.98652399981991,37.5603521002589]]],[[[127.01654259960209,37.5731872998552],[127.0165426005713,37.5731873000766],[127.01654259998489,37.5731873001502],[127.01654259960209,37.5731872998552]]],[[[127.0625298997869,37.5894863998695],[127.0625299003248,37.5894863997668],[127.0625298999424,37.5894864001976],[127.0625298997869,37.5894863998695]]],[[[127.0840340998434,37.5960885997577],[127.08403410026949,37.5960886003422],[127.0840340998376,37.596088600277],[127.0840340998434,37.5960885997577]]]]}},{"type":"Feature","properties":{"interval":60,"stationId":"5893030217"},"geometry":{"type":"MultiPolygon","coordinates":[[[[126.848443099192,37.5235218009642],[126.8502748995421,37.5227903995973],[126.8506899996636,37.520397599678205],[126.8514621992888,37.5207418993437],[126.8538149002768,37.5181809993472],[126.85473540106979,37.5207523988286],[126.8584502987461,37.5207945989416],[126.85870750002779,37.519402798687004],[126.8585411013981,37.5203034001641],[126.8611513000545,37.521480499633405],[126.8630707006666,37.5205057990427],[126.8652675984697,37.521662497886],[126.86699730009329,37.5194230989946],[126.8655746014189,37.5222063995021],[126.8676185995804,37.524442798143504],[126.86923709863481,37.523438398680504],[126.8684790991349,37.520789000128204],[126.8696929989838,37.520617699779],[126.8697885997135,37.518522398918],[126.8717375997904,37.5189712996053],[126.8723762001392,37.5172386992602],[126.8740789993371,37.5181950989433],[126.8770742000944,37.5173538998052],[126.8779223997988,37.5187911989939],[126.8789135988076,37.518654899130205],[126.8787731988532,37.516930500193],[126.8773642993036,37.5166142996587],[126.87877319893789,37.5169304987665],[126.8810541983594,37.515623498462],[126.8798886993548,37.5128264010637],[126.87436939973051,37.507698800614],[126.8729157010142,37.5099525007916],[126.872086698785,37.5098081001952],[126.8738086979844,37.507989899536696],[126.8726803982772,37.503237900925505],[126.8750763978659,37.5027500994046],[126.8751694977728,37.499973402181304],[126.8710508008877,37.500590502382],[126.8700571987556,37.502861101189794],[126.86734239953469,37.5021274005371],[126.8675235989512,37.5013505007012],[126.86500870086131,37.499235801221],[126.86424069974859,37.5005398002977],[126.8650086995743,37.4992357996886],[126.8645900994402,37.497781599550905],[126.8678268978703,37.49581890000481],[126.86650369833549,37.4931213016352],[126.861803099884,37.4937587005854],[126.8596138009151,37.4930528011124],[126.85912830140059,37.4936611005041],[126.8599190006522,37.4950701992393],[126.8605862004094,37.4947857004286],[126.8593410010547,37.496289599994995],[126.8595735011487,37.4970376012437],[126.8557486003208,37.4991076004866],[126.8562099991054,37.4972830005572],[126.8536461991781,37.4974224002836],[126.85508319857469,37.4964787999168],[126.85516369849421,37.4955175008781],[126.8534907001672,37.4942530021426],[126.8524450012129,37.4952793011163],[126.85052639966061,37.4953079997855],[126.85077509910461,37.494023199741],[126.85240759962791,37.4932852987902],[126.8525956996257,37.491268498624095],[126.8536529001437,37.4914187984171],[126.85436509965359,37.489876898083295],[126.85539690012911,37.489951298105304],[126.8562827992432,37.4887240993325],[126.8559363006865,37.4899901992579],[126.85732439929839,37.4900638991842],[126.85748479972989,37.488675099493705],[126.8595235997882,37.4883904997353],[126.8606187999852,37.4904395980854],[126.8644225005208,37.490805798230994],[126.86558769968521,37.4921698990973],[126.867448000064,37.4913610997164],[126.86800109961091,37.4918830989927],[126.8680292996537,37.4906095000381],[126.8693925994419,37.4906898991331],[126.8697765003907,37.4898630996427],[126.87014790024041,37.4906978988367],[126.8715842988502,37.490839598699004],[126.8721836004026,37.4880122983539],[126.8740128003344,37.4913099975849],[126.876445300708,37.4913470991566],[126.8772500005098,37.4937774993596],[126.8799993977604,37.4947562983808],[126.8802017974285,37.491252100131796],[126.8809963997555,37.491356699798594],[126.88024779744141,37.490613599911406],[126.881892999178,37.4894985997608],[126.8813597996185,37.488261200781196],[126.88080999973279,37.488640999629304],[126.8814222996643,37.4878420001817],[126.88112919908761,37.485433800455006],[126.8793560981101,37.484776199833],[126.87991099798471,37.4835006994336],[126.878147897585,37.4822350001592],[126.8783995973202,37.4812206988771],[126.87573899879119,37.478133900600106],[126.87962160092509,37.4786672972391],[126.8810428998073,37.475903199947496],[126.8842091015546,37.476713498402205],[126.8833477011749,37.476797001219396],[126.882246700685,37.4802989002795],[126.8809178014102,37.481887699724204],[126.8810130002351,37.4858512996331],[126.8826992000519,37.4849404995321],[126.88339639963209,37.4860631985084],[126.8844392985892,37.4850622995093],[126.8838953992192,37.4841407000895],[126.8849317996023,37.4838544994216],[126.8854677979224,37.4812134993931],[126.8876376997175,37.480184098587806],[126.89033209972719,37.4805177995772],[126.88961070074181,37.4816973998657],[126.89348770067069,37.48232179822],[126.8935899004016,37.483800099080206],[126.8953201000821,37.4862679982927],[126.8963099990922,37.4857899987707],[126.8960608993512,37.4839406991662],[126.89701739941789,37.483838798013004],[126.89735779909489,37.479909298810604],[126.8987456991218,37.4782489987673],[126.9011161992141,37.4777739990831],[126.9015034994334,37.476397599542],[126.90432349999621,37.4757508998135],[126.90360170069809,37.4762243998389],[126.9053993001378,37.476973599127504],[126.9059851002949,37.4757992990448],[126.9072496994253,37.476692998415],[126.9101084010678,37.476317298851896],[126.9116243995518,37.4772264979427],[126.9121303998044,37.4792756978929],[126.9132171987176,37.4784649987036],[126.9132954986393,37.476137401031195],[126.913937499183,37.4757166999103],[126.9127504003411,37.4733425990249],[126.9142377995436,37.473018999050204],[126.91681840008509,37.4738395991737],[126.9179736999591,37.4721544998129],[126.92217260014219,37.470994499172406],[126.9224419002682,37.4721015988355],[126.92646199827391,37.4719276985632],[126.9289032969569,37.468457299555794],[126.92710869875151,37.4662696017435],[126.9258249986625,37.4674743006304],[126.92596519948059,37.465810698915895],[126.9268735996386,37.465655999315004],[126.9267464012206,37.464843796263395],[126.9329778990116,37.463423498858894],[126.931881099442,37.4615826986292],[126.9336143021151,37.4640875989044],[126.9361801024541,37.463667199703806],[126.93771170092249,37.4647933985776],[126.93965180009549,37.4643084984344],[126.9423221020016,37.4673107995819],[126.94600539996661,37.468423198438096],[126.948044498427,37.4665671996915],[126.9484770978738,37.4651171996302],[126.9477792998637,37.463723399204596],[126.9489649992629,37.4637065996026],[126.9493070996972,37.4617322990198],[126.9506413001957,37.4625444999075],[126.94906740092131,37.4636294001738],[126.9499718000169,37.4655147982884],[126.9512150987736,37.464583399219805],[126.9505254994632,37.463710300092906],[126.95224209975221,37.4635910997788],[126.9523967994778,37.4622836999388],[126.95338169972679,37.4617249000564],[126.9525803998164,37.4607201996933],[126.9543092994118,37.460893799615],[126.954349099372,37.459874800634005],[126.9534428999273,37.460281299596],[126.9552297991774,37.4584993989846],[126.95853350574531,37.459023493561304],[126.9610431037062,37.4627564951985],[126.96421030053901,37.4636722942827],[126.968676296073,37.462033995921004],[126.9683819002055,37.457579998891],[126.9693189992684,37.459493996977],[126.9753650070992,37.4589294960911],[126.9743626030439,37.4622457970737],[126.9760631022544,37.4642565959742],[126.9800453004451,37.4667566980645],[126.97891290144119,37.466915702044],[126.97829110206301,37.4690709998887],[126.9806033997507,37.4710080979516],[126.9829779973761,37.469993498966204],[126.98522290055689,37.4668220980451],[126.9863224999335,37.4679953995277],[126.98809969983341,37.4673458988961],[126.9884371995754,37.464687501236895],[126.9874359989174,37.4609114995024],[126.9886868988555,37.459392799438305],[126.9878057997366,37.458721900109204],[126.9922611956211,37.4535594021874],[126.98900209888019,37.449022406724396],[126.9815621926445,37.4492646984286],[126.9824009952127,37.4447459983036],[126.9854727959785,37.4439979965383],[126.985015296436,37.4381454023909],[126.9802906011607,37.4372757032606],[126.9802270961708,37.4350276021915],[126.9766589958935,37.433895901465206],[126.97671609864871,37.426410000898294],[126.9756192967812,37.42617589864199],[126.9736610963292,37.4221298003446],[126.9736669988554,37.4212829981315],[126.9772496005764,37.4234834961033],[126.9825392995857,37.423704296526395],[126.9845770975479,37.4229187973119],[126.9856117965132,37.4203730998576],[126.983052999072,37.4173489028818],[126.9813691964568,37.4167955027913],[126.9821885983048,37.415784199293995],[126.9832256993411,37.416149798323296],[126.98423649833029,37.4152978991752],[126.9829581996086,37.4122927021804],[126.9799371005563,37.4133768017014],[126.97885399902209,37.4103054032465],[126.9744096034665,37.4110100025419],[126.9746079992035,37.4092433016962],[126.9728724009391,37.409778501161],[126.9731503006612,37.4107020002375],[126.972361300594,37.411331500894306],[126.9695574000433,37.4118060007168],[126.9690993989177,37.4094239011512],[126.9669661988586,37.4099289012348],[126.96604859806149,37.406756202501796],[126.9629492993199,37.406944200887295],[126.96407859863449,37.4058993002076],[126.96256459879909,37.4051823004919],[126.9621510992362,37.4032891006602],[126.96105820032909,37.403098300851006],[126.9606980997264,37.4038215009852],[126.959192999376,37.4021418010677],[126.95910829932579,37.399819102400805],[126.958510099924,37.399502002717895],[126.9568259000217,37.4014067002209],[126.9567747997838,37.399383901919194],[126.9545621980678,37.3990753009427],[126.9547856979082,37.3974208007027],[126.95139760021061,37.3962653014826],[126.95055019986499,37.3963654011664],[126.94977230054131,37.397822300582],[126.947142700192,37.3968917013504],[126.946772700562,37.3980469001952],[126.9461812999029,37.3978287007253],[126.9471426987835,37.3968916996455],[126.94650849941769,37.3940134025238],[126.94493880017501,37.3951666020557],[126.9421846991636,37.3935533022089],[126.94169029885451,37.3909275008157],[126.9404058990574,37.3900086001304],[126.94185239889241,37.3897988994704],[126.9438192977209,37.3878887990152],[126.9420640987036,37.3864680002612],[126.94238899804681,37.3839420960464],[126.9451248999128,37.3837278989759],[126.9461623998022,37.3846405990469],[126.9465434995059,37.3835567994388],[126.94829680023359,37.3833166994945],[126.9498071009136,37.384438998845],[126.95216909868681,37.3831252998984],[126.9518199998317,37.3823172994492],[126.95429029991679,37.383828199030305],[126.9552316991722,37.3825367001452],[126.9543186997355,37.3821947994979],[126.9560404998027,37.381480299402696],[126.9571127002353,37.385013999860696],[126.9563608999648,37.3847106007616],[126.9562387000283,37.386283199299704],[126.9604712000905,37.387162299214],[126.9611405010335,37.3885113991021],[126.9623806997933,37.388659398954104],[126.9629953994413,37.3878636991629],[126.9620400996531,37.3858341995989],[126.9647659001284,37.3848396997787],[126.9640589010353,37.386405000245006],[126.9644665006277,37.3871963994536],[126.96661089971441,37.3868718989043],[126.96688759982031,37.3852593991352],[126.9680006000244,37.385832799146],[126.9691265002495,37.385080699049205],[126.9712916004302,37.3882256994943],[126.9733546003407,37.388700699759],[126.9738981006848,37.3907503986629],[126.9750453006806,37.3894290993803],[126.9765830007795,37.3904589992039],[126.9767133006492,37.3915923980705],[126.9811954995092,37.3925346984532],[126.9811071006263,37.391168598188],[126.9845545997496,37.392120297161604],[126.9859255999369,37.3942128982645],[126.9870692002268,37.393073799858406],[126.9859256014811,37.3942128990995],[126.9879699006228,37.3969962030101],[126.9846118000196,37.3971836013556],[126.9835532002244,37.3992036011109],[126.9809268028508,37.3991004012141],[126.9810458027318,37.4020217982927],[126.9843868031083,37.4040808014809],[126.98415650098829,37.4077648999535],[126.9825500011097,37.409381799916],[126.983632800335,37.4101297013585],[126.9822171017507,37.4111113003769],[126.98423649999539,37.4152978965845],[126.9859939990955,37.4152191963869],[126.9876929987036,37.413033798151204],[126.9882444007998,37.4151741976777],[126.9899261013479,37.4137704989506],[126.9911760011707,37.415146798475305],[126.98821250176721,37.415879701537996],[126.98819070178901,37.4176602997574],[126.9893935005862,37.4184107990069],[126.9907996014274,37.4179034989199],[126.9913327000697,37.419045998845505],[126.99418180004871,37.4183870997147],[126.99341010063881,37.419812799307],[126.9940220006951,37.420503798873796],[126.9960808986362,37.420816698560905],[126.9971658975512,37.4177020016756],[126.99471799999911,37.4178437015339],[126.9931364010138,37.414848298227405],[126.9971658969843,37.4177019953737],[127.0006046020145,37.4177367977557],[127.0009201035673,37.4192616994266],[127.0031705013169,37.4216594970288],[127.0060665984208,37.4205166981716],[127.00814970219011,37.421938498687204],[127.0126726001301,37.4216143997037],[127.0122910042737,37.4249157983232],[127.01670659985811,37.4251662980727],[127.01705899950571,37.4239775992614],[127.0185630997716,37.424377898223604],[127.01956160058991,37.423753999847605],[127.01919180160141,37.4246319999634],[127.02135610437881,37.4263953009212],[127.01651180170461,37.4285273004591],[127.0171662010502,37.429505499480896],[127.01980640059969,37.42940389933489],[127.0233913021668,37.4335324006279],[127.02554390082061,37.4343115000449],[127.0250492007662,37.4373086999745],[127.02307749980879,37.4348230027356],[127.02058260230369,37.435722501836096],[127.0206032022831,37.4383141992444],[127.01866870230671,37.4423885026359],[127.01629850467691,37.444045600978804],[127.0129600027971,37.4441875005584],[127.0115612036692,37.4458157017505],[127.0121255031049,37.449066798499395],[127.0166113989516,37.453421794594504],[127.02138839417461,37.4488495991667],[127.0220956988797,37.4463175987068],[127.0226382999625,37.4471194993144],[127.022992401105,37.4466212996849],[127.0225966006078,37.448023800018404],[127.0214741006433,37.4486209004508],[127.0220930029846,37.4491428013655],[127.0194626048914,37.454383996984696],[127.0198924044616,37.455460295908395],[127.0243819044395,37.456232297228404],[127.0231840013358,37.4591894995774],[127.0255135006777,37.460089900041],[127.0247428010929,37.4601375014271],[127.02379660157949,37.4621519000475],[127.0253716000045,37.4641126980867],[127.02724390031611,37.4645957999907],[127.0267343012238,37.465948599158395],[127.0303690978278,37.464127699178],[127.03010739842041,37.4602032011017],[127.02784279901431,37.460363301039195],[127.028871999901,37.4587966994711],[127.0299242998623,37.459079598937805],[127.0306644991221,37.4576815003359],[127.03012719995169,37.4570593983134],[127.03200750004281,37.4572253985792],[127.0317462012698,37.4587861985967],[127.0331604998555,37.459029698353206],[127.03524519825491,37.4573463993121],[127.0399256977817,37.457150296662704],[127.045029700009,37.4594361991366],[127.0459321999649,37.457723299888094],[127.0467660999514,37.4577625989995],[127.0462317964201,37.4563846984655],[127.0472713958834,37.451816201323005],[127.0460271971276,37.4503479027913],[127.0431893946072,37.451249698095396],[127.0454052928586,37.4470130983225],[127.04457879368509,37.4402141051215],[127.0433997948641,37.4392342061014],[127.0474042984719,37.438803698053704],[127.0476219996306,37.435430496798105],[127.0548408979841,37.4335890925844],[127.0682046011461,37.4355778003497],[127.0669701985052,37.435377601851606],[127.06460100087439,37.4372376999915],[127.0633288021466,37.4427550944741],[127.0666571047806,37.4464462969966],[127.0654088020198,37.4502021009872],[127.0668620015024,37.4520263998141],[127.06803960104921,37.4558296003834],[127.065361701748,37.4563163012367],[127.0649079991709,37.4573613042836],[127.06273310048421,37.455995902626796],[127.0619075013098,37.4563295022932],[127.0613804018369,37.459063699559],[127.06209989876011,37.4597890012932],[127.0591365017235,37.4579211031611],[127.0573689022269,37.4585222041018],[127.05453580183179,37.464958003433104],[127.0561858001818,37.4684323999587],[127.05449180186969,37.4711342974121],[127.0568640006681,37.4735769953871],[127.059632898652,37.4722053967234],[127.0660418010188,37.4732077977273],[127.0673364000847,37.471136299870196],[127.0660418020879,37.4732077980082],[127.0662644026136,37.4754072987897],[127.0696386996658,37.4750176990282],[127.07119380127351,37.472051097065],[127.0702362020155,37.4741630978347],[127.0725028023107,37.4783282977552],[127.0752378018738,37.4774453976112],[127.0775221005983,37.4793498955186],[127.08063599748439,37.477255997612495],[127.0798557992108,37.4747412926406],[127.0824596020841,37.4752947974878],[127.081315803827,37.4772380980548],[127.0862732994845,37.4790287965081],[127.0865052017244,37.475355996908796],[127.08751170099059,37.4774192992206],[127.0890794011445,37.4785318983764],[127.09113750064961,37.47838019930099],[127.0921899001,37.481336297009506],[127.0937453992651,37.4782425990184],[127.0956069999932,37.4773276992609],[127.09778899781121,37.477919498669095],[127.0984484991334,37.4769258983047],[127.0995805001282,37.4777619978276],[127.10148769923391,37.4774094986144],[127.1044592001316,37.47495789765],[127.10632580007899,37.4753092979732],[127.10683850011429,37.4736629995719],[127.1065737010005,37.475356898724804],[127.10874200184061,37.4761737005949],[127.107683600556,37.4778665009696],[127.1068787005717,37.4777506004388],[127.1063295002453,37.479664700033],[127.1090463986375,37.4817496977127],[127.1113587009851,37.4771672987221],[127.1112523021564,37.4796872986655],[127.1097692016812,37.483148998978194],[127.1123827990676,37.4846130975141],[127.1140791999813,37.4827997995177],[127.11380060049501,37.483239399748],[127.1166719980354,37.483360899221],[127.1187665999462,37.4802714997278],[127.120377498522,37.4807811993058],[127.11912719890199,37.4793521990369],[127.1196383991474,37.4771017006675],[127.11874399728681,37.4766816984144],[127.1199958973128,37.4758475985713],[127.1170160987826,37.470649701564504],[127.1182870982325,37.4687784993763],[127.1181924983271,37.467274000880806],[127.11560369953729,37.4655935014589],[127.1164532993414,37.4647594982293],[127.1208411010712,37.465342198152904],[127.119712301296,37.4655901000678],[127.1205771004312,37.4670202986376],[127.1232439012182,37.4661010982129],[127.1249976994644,37.466956197357796],[127.127031498002,37.4635682000864],[127.12558269879679,37.4600807004585],[127.124307399947,37.4603099992618],[127.1266797001377,37.4593549986078],[127.1284928007617,37.461475799049104],[127.1301437000133,37.4610521991279],[127.1308789031038,37.4617778976918],[127.12969340384899,37.4646595007053],[127.1312411023013,37.467115798249004],[127.1330217005207,37.467423797941],[127.1338216997207,37.466253899110896],[127.137385699202,37.464895597959895],[127.137426799429,37.462773299281004],[127.1394109990802,37.4617394001441],[127.1384728971715,37.4600866959293],[127.1436689010161,37.4616890996268],[127.1426721012125,37.462440699519505],[127.1431159009254,37.463179099240996],[127.14242920076569,37.4651308001729],[127.14153450049541,37.4656034001998],[127.1416582988282,37.4639224003883],[127.1405541993033,37.4633896006035],[127.1373857003786,37.464895600592],[127.1362333008328,37.4661312004393],[127.1366285002497,37.4667418006112],[127.1355558000947,37.465409600625804],[127.1341392015113,37.466366699668704],[127.1334455006202,37.4682547004],[127.1317979001919,37.4697629005068],[127.1272182003307,37.471195200986294],[127.1267486003409,37.472802900690496],[127.1257667993489,37.4703150002191],[127.1245464005693,37.4700854004487],[127.1243933010296,37.4711213010504],[127.1257756003489,37.4743382989176],[127.1270543013455,37.4740976998526],[127.1257756008892,37.4743383003094],[127.1263787002861,37.4754187992289],[127.1285729998268,37.4752508986994],[127.12961650063039,37.477099599062505],[127.13095629960189,37.475479800019805],[127.1302142993877,37.474826198902704],[127.1324919989847,37.4746124982464],[127.13248730046429,37.4731398992168],[127.1331252006611,37.4749337004974],[127.131906300317,37.4779773001989],[127.1328289002715,37.4786814002743],[127.1330327002038,37.480769200087295],[127.131154900931,37.4818591001927],[127.13221370029879,37.483115999979006],[127.1312413005064,37.484174599810906],[127.13182000100521,37.4855822008272],[127.1310780009314,37.4861108008202],[127.1321742999981,37.489310899554496],[127.13576699929921,37.4893554996244],[127.1402603000759,37.4828104998986],[127.140773500811,37.4840447993499],[127.1433370004339,37.4838564997408],[127.1437938000671,37.4851891994581],[127.14494329978069,37.484309699391794],[127.14535960017841,37.4854396995683],[127.1460885000308,37.484905699862196],[127.14622700019589,37.4861058996382],[127.14890249973641,37.4856722997571],[127.1487255003874,37.4867590995707],[127.1497265003303,37.486894499398495],[127.1523716003499,37.4860282996064],[127.1523866004108,37.4878127997587],[127.1529994001064,37.4881101996262],[127.1537658003575,37.4871126997433],[127.1550888001079,37.4892445982811],[127.155828300148,37.4885076997337],[127.1576370991646,37.4892168982105],[127.158410999608,37.4883092991215],[127.1576371010704,37.489216899240404],[127.1596174016202,37.489570898971394],[127.1607413022835,37.4938768996699],[127.15952210081011,37.4946472004644],[127.1607936003255,37.4976359998113],[127.1616827040794,37.4975238977639],[127.1587909999073,37.501552500685804],[127.15662070012961,37.5005337014766],[127.1538412000522,37.5024638001333],[127.15116469899709,37.5014259020709],[127.14932469974809,37.502836601443505],[127.1484228988779,37.5019430020488],[127.1450087003343,37.5011950009655],[127.1445858007572,37.5023458998146],[127.1417248011771,37.5039336013916],[127.1413417015602,37.5065940987311],[127.14269270124599,37.5075624986317],[127.14293990046531,37.5092600993504],[127.1442968001578,37.5094746994529],[127.1447375998342,37.5109406985662],[127.1458253009239,37.5109951000218],[127.14497880118651,37.5116436996388],[127.1452946008707,37.5126387986437],[127.14945230070849,37.5163972998046],[127.14862450083639,37.516561500952],[127.14894540054401,37.5185323999718],[127.14779380105381,37.5200988997205],[127.1483176025082,37.5222838979154],[127.149993802123,37.5236482980856],[127.1517181034149,37.5277717995347],[127.154733601704,37.5316922995652],[127.15601220042541,37.5320171992403],[127.1542231012037,37.5324240034633],[127.153892801534,37.535752800134496],[127.1547627006982,37.5365008006357],[127.1525676012157,37.5364527007908],[127.15261820116511,37.538000499243005],[127.1545571036485,37.5388451007769],[127.15327160349,37.5402638058156],[127.1559794007822,37.5462171998622],[127.15649760031589,37.549149597875],[127.158890200738,37.5495706989558],[127.1585256009315,37.550985399486805],[127.15999790038589,37.551018499659],[127.1607359013645,37.5527844983423],[127.16238940073039,37.5517637993359],[127.1621011029381,37.5528376993083],[127.16512349991571,37.5532768988691],[127.1652330987898,37.5501171995287],[127.1665324000503,37.5500612995679],[127.1669553006147,37.5504972998025],[127.1654683011996,37.5505375004812],[127.1653615013064,37.5522869987317],[127.1667963998715,37.553134697884],[127.1700345020241,37.5535103000836],[127.1731196997312,37.556185098187804],[127.17447270045099,37.553534798209604],[127.1746262021243,37.5551108993809],[127.1732511021145,37.556199399994],[127.17443930092631,37.557203198990194],[127.1789370990117,37.5578074976167],[127.1794334000079,37.555921399199406],[127.1808750007885,37.5567602988234],[127.1801608012014,37.5583516990617],[127.1820707008561,37.5590287000648],[127.1801608007482,37.5583517006931],[127.1805260005466,37.5592648007877],[127.17845389981889,37.5596654000764],[127.17892099979011,37.558188900464195],[127.1754231981631,37.5574983033115],[127.17293390065241,37.5592762015336],[127.1703062003178,37.5596772008412],[127.169894499508,37.5615180007963],[127.1643077001489,37.5626762033012],[127.1608014996392,37.561655600813104],[127.16122539888961,37.558067202539405],[127.1596993004157,37.557501703104904],[127.158637701229,37.560554902308496],[127.15658090089609,37.5613814011003],[127.15656920036571,37.5624745004843],[127.1561463995867,37.561374100847004],[127.1542385997791,37.5606905011108],[127.1511847002546,37.5621201029535],[127.1489863003175,37.558843603535905],[127.14679129805161,37.5607111011982],[127.1447338001091,37.559634602274706],[127.1434767995658,37.5603089025876],[127.14364369801329,37.5588727024192],[127.1399923978348,37.5560290033724],[127.1379639998632,37.5572156021858],[127.1366383006874,37.55700980096071],[127.1365057000061,37.5582907006237],[127.13626999980059,37.5569653013312],[127.1337576013941,37.556559501775595],[127.1325162026355,37.5586037997313],[127.13341440225571,37.55985459958],[127.13516200052969,37.5603129998547],[127.1334144016135,37.5598546008581],[127.1322033014497,37.5616744005211],[127.129974599073,37.5605793013085],[127.1304252986854,37.5598592005276],[127.1287981003126,37.5579725024143],[127.1270057006724,37.559833101733496],[127.12390139518689,37.556838308906705],[127.11510870397959,37.5613228044222],[127.11531860010359,37.5642979004628],[127.1136911991551,37.562496699596],[127.1147360981102,37.5609999010928],[127.1111489998144,37.5591852017169],[127.1103824003101,37.5610084004933],[127.1086192001204,37.5598771010215],[127.10520480353479,37.561066599831996],[127.1054251989128,37.5641680054576],[127.10357779895399,37.5620172022202],[127.1018743005367,37.5634687012256],[127.0966863057847,37.564156501191704],[127.1027499004994,37.5717620965895],[127.1038854004526,37.570506299119295],[127.1043154030291,37.5716141015018],[127.1031536041909,37.572205600910294],[127.1020837052608,37.5772690958468],[127.10491160243289,37.578555794560096],[127.1093112030724,37.576406999282504],[127.1094674009079,37.5815037002104],[127.1078027025726,37.5830371986769],[127.107553002351,37.5881686991063],[127.1090953020776,37.5918991967537],[127.112545900563,37.5904695970225],[127.1119462015084,37.5911374994494],[127.1129657004889,37.5926701979167],[127.114580003506,37.592489797387],[127.1146928017498,37.597489096367696],[127.1191093008189,37.5983795970805],[127.1220306018739,37.6010117975096],[127.1290887998733,37.6008330994412],[127.129710099252,37.6001142001601],[127.1289163995269,37.5980967999812],[127.1304349996161,37.5986082996298],[127.1307615995581,37.596520099304996],[127.13520649940989,37.5932003997422],[127.1361181998485,37.5953061988327],[127.13737169990121,37.594822899532794],[127.1380689998052,37.5925188999429],[127.13712389915901,37.5922815003942],[127.13792169946831,37.5923608993981],[127.13790369974559,37.591527299872105],[127.1440350004277,37.5915515991416],[127.1451073002198,37.592778698566896],[127.14578000056021,37.5912756991808],[127.1486362000617,37.5928828993873],[127.1497377997466,37.5914285992719],[127.1510262004587,37.5921219999735],[127.15039940078,37.5921063002518],[127.1509056002738,37.5932654990926],[127.1526471999846,37.5929011995728],[127.1528186001471,37.593590399712696],[127.154597800915,37.5935585998018],[127.1548513006615,37.594340699019696],[127.15649810027189,37.593506499770896],[127.15853270075159,37.595083199780795],[127.1565441004702,37.5945042005342],[127.15639380043291,37.5967067003825],[127.1552778008677,37.5958007009895],[127.15417720100571,37.5976377014747],[127.15184480055531,37.5980231014117],[127.1500507022525,37.6010036991627],[127.1508645014387,37.602681597484796],[127.1533130017643,37.6013958998841],[127.1544657007444,37.6042972992866],[127.15767029892591,37.6024669001331],[127.1570980994981,37.601746600853396],[127.1576467003759,37.6004232998265],[127.1592101006447,37.6012929995985],[127.1593184005364,37.603039497852],[127.161415798439,37.604426496465],[127.1654177012339,37.605073496768],[127.1675376001358,37.604132297834504],[127.1691766009833,37.6050464007046],[127.16890510125481,37.6068085989424],[127.1713638996747,37.607487099385],[127.1726306002204,37.608841999632205],[127.1727386000473,37.610244800210495],[127.1716879007477,37.6104651999606],[127.171870600565,37.6110655993602],[127.17271660006931,37.6106521998031],[127.1741955005934,37.6140906001786],[127.17308110082631,37.6136241007813],[127.1734053005882,37.6146541009667],[127.171065700226,37.615705900747905],[127.1696000010925,37.6148664013147],[127.1685450020061,37.617320602146],[127.1661910001207,37.6161583029234],[127.16364250176629,37.6190941002886],[127.1649505013905,37.6198919001621],[127.1646536000077,37.621577600865805],[127.16364249968359,37.6190941010656],[127.16269580063029,37.6200941000656],[127.1615693995156,37.620062800633],[127.1602734997919,37.618329600691105],[127.1580437001346,37.618066400739096],[127.1572114001731,37.6187056003848],[127.1580436993676,37.618066400278295],[127.1571565002548,37.616825601519096],[127.1566711007402,37.6177259006188],[127.1545804004945,37.6182720005045],[127.1547322998379,37.6192528006805],[127.1533687983473,37.6156189019311],[127.1510392997831,37.6150556006276],[127.151440099659,37.612186200433094],[127.1495244003416,37.611496600928405],[127.14873169992529,37.6138592012028],[127.1471483015087,37.6139875010745],[127.14528100117539,37.6161955008925],[127.14596589694649,37.6139213002933],[127.14252360029711,37.6113961006134],[127.14014590139439,37.6137640010576],[127.1379935006153,37.6139562003562],[127.1379465019217,37.616617498770495],[127.13745209975191,37.61647520022699],[127.13781969892659,37.61537100041],[127.13714419960209,37.6141047016763],[127.13546289702799,37.6133584040585],[127.1348113989968,37.610958101483796],[127.13294760086059,37.6114371010048],[127.1328297986485,37.6122533050991],[127.1307169000423,37.610966500674806],[127.1303054973859,37.6115202011293],[127.1306722996184,37.610318200387205],[127.1289346997545,37.610298199985905],[127.1293912988874,37.608156599603404],[127.1284412984228,37.6054148997407],[127.1299989968651,37.602968002187595],[127.1278552990088,37.601066604089006],[127.12431320044671,37.601379300484595],[127.12235649977309,37.602645300864296],[127.1211592008265,37.6022659004916],[127.1209705008131,37.6044165003704],[127.1194584001224,37.6048047014499],[127.1189417993566,37.6030638015326],[127.115589402709,37.603859200737205],[127.1180172009839,37.605533601748],[127.11558939922901,37.6038592038603],[127.1136726006584,37.608510601275604],[127.1126897016413,37.6086047011815],[127.11334570044059,37.6106348001027],[127.111830200091,37.6091684030296],[127.1110006002161,37.612210301351],[127.1099305989806,37.6098466018911],[127.10851960039159,37.609575302162405],[127.10740710150411,37.610829900907795],[127.106995201916,37.6129748987628],[127.110017900359,37.6126021997244],[127.10982580043459,37.613926200426],[127.1095156992784,37.6129403008458],[127.1086127995262,37.6128763009847],[127.10689010124891,37.6140006998603],[127.10720410093491,37.6146573992036],[127.1088552011172,37.6144928008066],[127.1072384012937,37.6148315012611],[127.1069294008478,37.6168956998453],[127.1093421006562,37.617555700340695],[127.10682749987,37.6169085006468],[127.1072383993696,37.6148315011219],[127.1044011010148,37.6148672008973],[127.1055367005541,37.6180442993101],[127.1060468002925,37.617872400162106],[127.10486590200189,37.619561599717095],[127.1062182011603,37.620518100968695],[127.1010986003684,37.6184716014553],[127.0995054004787,37.6170919009393],[127.0987183012798,37.6185462999698],[127.0992584017027,37.6203367008966],[127.0980644006744,37.6195677012972],[127.0970240007698,37.6200252010176],[127.0946246013418,37.6224168994021],[127.0943282021374,37.6242320978957],[127.0969165001907,37.6251872973374],[127.0989703993123,37.6232151981133],[127.09890280058531,37.6248337987288],[127.09994350039939,37.624582999500404],[127.0994264011744,37.6252584006155],[127.10001320072561,37.6265456007819],[127.0971052014114,37.6259833011744],[127.0962596013524,37.6278539021398],[127.09310440087461,37.6273967022227],[127.0909957995574,37.6288658001328],[127.090029499023,37.6278343991249],[127.091501398337,37.6276998987878],[127.09147849835989,37.6258008006869],[127.08917990065851,37.62545770103],[127.08873800134981,37.62681340200891],[127.0866586034292,37.6269147019076],[127.0851392049741,37.6280321011501],[127.0831316069817,37.6315143976678],[127.08205680080161,37.631423401039505],[127.0813610006322,37.633015500502296],[127.0799188003203,37.6342211010183],[127.0788685001387,37.633516300859995],[127.0768976009778,37.6351795000473],[127.0772786006015,37.6363613994308],[127.08005870162759,37.636728301149404],[127.0731807012847,37.6402557040312],[127.0707400005423,37.645290000946105],[127.07096540094611,37.6472258005244],[127.0720928021391,37.6480693994859],[127.0712345007315,37.648047600511596],[127.0711283005638,37.650217998720805],[127.0729398020181,37.651458400730704],[127.0711283000885,37.650218000750804],[127.07045640076039,37.65101829995049],[127.070770299483,37.6521049006407],[127.0704230995278,37.651047201421],[127.069058100453,37.650611001853],[127.06827630123479,37.652862899601104],[127.0695224004285,37.6530497994184],[127.0705484004974,37.6544160986732],[127.0742311011772,37.654699798851304],[127.0747302007308,37.6565453980759],[127.07599599946501,37.655213299408],[127.0768234002977,37.6572014984296],[127.0781455018385,37.656328000038805],[127.0779645020195,37.659647196719604],[127.0817931006267,37.6616603998074],[127.0817397992017,37.6626101029723],[127.0801610007805,37.6625331030493],[127.0787435015754,37.6658276007107],[127.0801885001304,37.6676344989038],[127.0808885013075,37.6668413997873],[127.0806294010768,37.6677070994757],[127.08165590005031,37.6683875987952],[127.08303080039771,37.6677915988963],[127.0849593001866,37.6700252997936],[127.08362770051629,37.6729579000504],[127.0799763989513,37.674561302823],[127.0772642016635,37.6743292030551],[127.0757940003522,37.6728942018159],[127.0754241975462,37.6734248013846],[127.07494939891909,37.6709944974719],[127.0769630969054,37.66922369924271],[127.0757040981644,37.6657673026991],[127.0730738007947,37.6653341031323],[127.0707800001673,37.666990000331296],[127.0695634997111,37.666703400624705],[127.06860019962741,37.6640751003796],[127.0669169001252,37.6628409009549],[127.06574880094149,37.663178901138195],[127.06618750050279,37.664426499890595],[127.065479200045,37.6652349001198],[127.0634371002188,37.6647973001803],[127.06390040005799,37.667318900270296],[127.0637001999858,37.6667063006446],[127.0604745009301,37.6679626000975],[127.0615494008355,37.6686448998259],[127.0612058015289,37.6691936014245],[127.0592978996069,37.669507200602496],[127.05645080046459,37.668204001602604],[127.0560768008386,37.669510600296],[127.0540667000498,37.6695492003682],[127.053767599644,37.668069001042305],[127.0521621999727,37.6681280009984],[127.05195859975771,37.6691480001622],[127.0521621995317,37.6681280010527],[127.05123140046251,37.6679879011928],[127.05065850042429,37.6690262004241],[127.0510858000858,37.671029600669996],[127.0503778996843,37.669822301307],[127.0482825013439,37.6700505005354],[127.0486387013667,37.6724216990647],[127.0495894007559,37.6733431999577],[127.05110620002381,37.6733656992956],[127.0506160004448,37.6739584999668],[127.0515181000597,37.6750712991467],[127.05181980044941,37.674226999694305],[127.05183640050019,37.6750746993955],[127.05434289916329,37.67472569951801],[127.054424499996,37.673783598834],[127.055763999677,37.6731802998192],[127.0588353004968,37.6746357997885],[127.05841630083401,37.6769190986429],[127.0607130021153,37.678955100582506],[127.05841630044131,37.6769191030634],[127.0581013001226,37.6797040023538],[127.0564850021661,37.6823255009011],[127.05398480081179,37.6823597010506],[127.05173720191641,37.6840076006316],[127.0532635003901,37.6851312995079],[127.05424720083431,37.6848202999772],[127.0522465022047,37.6862977993662],[127.05324970089269,37.6886232003541],[127.05104450219591,37.6893673004716],[127.0510767021637,37.690755899083],[127.0539059011739,37.6909384005886],[127.0497168013385,37.690986700961105],[127.0461389022936,37.693173101694605],[127.04796690122231,37.6965437997069],[127.0455470020429,37.6976782010665],[127.0454719994588,37.6988975008684],[127.04547759945319,37.6977377020282],[127.04318119888171,37.6962283002386],[127.04120879960871,37.6960338014256],[127.0421686972779,37.6943735996897],[127.0417465977,37.6908346032287],[127.0388368006098,37.6898258042375],[127.036436294647,37.6925146008278],[127.038836796854,37.6898257971977],[127.0380253976654,37.686646500377],[127.03640879890581,37.686114600025505],[127.0367731985414,37.6798513062888],[127.0348085983509,37.6776695005828],[127.03808480083269,37.6787093992467],[127.0398485990689,37.678393399562694],[127.0429519982023,37.6759680993426],[127.0392193966311,37.672083304783996],[127.0361046965662,37.6705735026217],[127.0323290993066,37.671087302616705],[127.03035129945391,37.669077600496],[127.03124679957831,37.667343000418704],[127.03075099917149,37.6627179996529],[127.0322140995943,37.6616225997219],[127.0331822994468,37.6619628992994],[127.0338154995275,37.6608600996769],[127.03106079874921,37.6579087999312],[127.0322826002343,37.658743998656895],[127.03287129964559,37.658016599384304],[127.0329345996526,37.6555270006303],[127.0299305996392,37.6555057002621],[127.0301392989649,37.6535274016691],[127.02883900026521,37.6530710021255],[127.02823310087109,37.653322201874296],[127.0279307993543,37.6559484007728],[127.02699649847959,37.6539637006238],[127.02587969862151,37.6539107989649],[127.02581479868641,37.6519973008784],[127.0236204991027,37.652321800257006],[127.0240430992585,37.650250201032904],[127.0230556991885,37.6509351009055],[127.02227879970239,37.6501190008794],[127.0225203991169,37.648078699984296],[127.0238325998955,37.649170398527204],[127.0246609990671,37.6479049997926],[127.02385219961539,37.6464639001245],[127.0225393996602,37.645338300651495],[127.0217785999842,37.6459367004643],[127.0199412993407,37.6449215009589],[127.0181008005364,37.645393000446596],[127.01772080091641,37.6464848993547],[127.0178907005715,37.647912099721296],[127.01877710059509,37.647866999323],[127.0189691006571,37.6488886001677],[127.0176123987938,37.6484709013032],[127.0149945004394,37.6497145008974],[127.0162144010635,37.6520145989509],[127.0143493004208,37.652598500837804],[127.014296100474,37.6535839998523],[127.0160201004913,37.6544687998437],[127.01610530076721,37.656130400605804],[127.01506880036699,37.655573801186],[127.0142432011926,37.6562967004631],[127.0151293001345,37.658059200140094],[127.0138108004242,37.6584925005072],[127.0138899999107,37.6593455004175],[127.0104556962139,37.6574687034051],[127.0111996993745,37.6540421994529],[127.0118886986855,37.653985499509595],[127.0101345976933,37.6522583979694],[127.01119089905261,37.651253100587],[127.0091938994083,37.6481526997366],[127.0099673997749,37.6482251992713],[127.01045999928229,37.6473200001765],[127.009868899571,37.6472027994767],[127.0121864999623,37.646681699172404],[127.01292049927031,37.645368700084596],[127.01143839974,37.6445236004737],[127.0119102997672,37.6423671001151],[127.01019209900049,37.6414257998572],[127.0100794990531,37.639582199078596],[127.0114442994623,37.6382435993944],[127.01096529966989,37.6367724005437],[127.01032159958089,37.636762499988606],[127.010535098931,37.6347383007867],[127.0093086985504,37.6331216998224],[127.0110111998906,37.632122399039],[127.012376598376,37.6294242010908],[127.0114702982626,37.6282895013867],[127.0081908972402,37.6272587001143],[127.0072901967601,37.6241576998491],[127.004511299539,37.6219697020371],[127.002676200075,37.623080700367304],[126.99663839862279,37.618939000929196],[126.9963361946833,37.6177316947673],[126.9975208964905,37.61382159867],[127.0002390988716,37.610493299573],[126.99822690088381,37.609185400880904],[126.9973663997328,37.6094009007644],[126.997464299575,37.6088665006748],[126.99613289872771,37.609684299575996],[126.9979598993526,37.6087379994256],[126.9977097993632,37.6066626996928],[127.001185899593,37.605605498580005],[127.0023929983859,37.6044077997777],[127.0036126971662,37.600301803883696],[127.0021004986784,37.5994819047036],[126.99820670257219,37.6008327033528],[126.9974115000273,37.602274502754],[126.9943576993181,37.6003466028909],[126.9911903988363,37.6015249022311],[126.990811499353,37.60112139948809],[126.9923199991677,37.5996699995283],[126.9919562995314,37.5983418008565],[126.9903459999197,37.5979333008843],[126.9902408999377,37.596451100657205],[126.98773919814519,37.5977473002656],[126.988233198039,37.5964928998428],[126.9861658992853,37.5958026000839],[126.9883207978078,37.5943059014095],[126.98705729907131,37.5935145022009],[126.98562479805129,37.5942809015659],[126.985408396871,37.5921530012789],[126.9834042988751,37.5903590030729],[126.9811643998023,37.5927351027438],[126.9759347978015,37.5919704010962],[126.97458519915111,37.5905088025578],[126.96985740387889,37.5909129021537],[126.9658831012685,37.5940320021235],[126.9653825000579,37.5929943009159],[126.963708498446,37.5932671999354],[126.9673082988322,37.5921584002037],[126.96574869935361,37.5908679003177],[126.9638853003319,37.5867382023021],[126.96238099935759,37.5871182020986],[126.9627136986429,37.585382801257396],[126.9611550002016,37.5840366026036],[126.9598921014645,37.5849029017373],[126.9559360021032,37.590900799288],[126.9561626019799,37.5915648008608],[126.9527777015884,37.594153402049905],[126.95338030098581,37.5965344996688],[126.9508961001896,37.6007589012032],[126.9480765998097,37.602282801053796],[126.9461256007613,37.6004304012983],[126.9446339015104,37.6005665020531],[126.9415321014701,37.6029920018579],[126.94249950050269,37.6048506999992],[126.94122710177511,37.6060235988263],[126.94126340172309,37.6106956993696],[126.9422437036243,37.611614899005296],[126.93978680045629,37.6132757033982],[126.9377578001249,37.613044102235904],[126.93746420041849,37.6151628001172],[126.9353337006355,37.6172728006254],[126.9367586047869,37.6201318985663],[126.93622960263541,37.621665100129],[126.937169701711,37.623495500088694],[126.93350070047289,37.623488702999204],[126.9296522014239,37.6278934007918],[126.9286358998084,37.6270854007777],[126.9271922003037,37.6278509001748],[126.92607720170949,37.631487199511305],[126.9274534003766,37.631969599071795],[126.9278812999934,37.6310886999215],[126.9286513001444,37.6316672998096],[126.9283923002666,37.632513599287705],[126.9301262004526,37.6336888996738],[126.930070101003,37.6344995003902],[126.9284719001055,37.6355532010059],[126.9276663006017,37.6373078999297],[126.9277507005615,37.6383674991903],[126.92903640084221,37.637803001070296],[126.92775070212791,37.6383675005058],[126.9279379008682,37.6399921012424],[126.9253433030767,37.6397888012776],[126.92459520037549,37.6439055008751],[126.9221406009393,37.6437291009943],[126.9213914017828,37.645486400205705],[126.9218670013072,37.6467268989652],[126.92105020013,37.647286100011],[126.9217221024274,37.648386600087505],[126.9192495014007,37.6486154013691],[126.9197389006904,37.6522660018424],[126.9182899001505,37.6522736002891],[126.9158567996173,37.6539353003136],[126.9090158997271,37.6520608018045],[126.91344409846931,37.6503204983442],[126.91399629853329,37.6486129997167],[126.9113775002861,37.6466522014308],[126.9078776980043,37.6480749005947],[126.90826610025681,37.646870399797095],[126.90889060008341,37.6476619990373],[126.9112536988061,37.646546899620695],[126.90991289981059,37.6454780997711],[126.91470099596569,37.642954797925995],[126.9149082957584,37.6391517017291],[126.9121012983588,37.6371708021738],[126.9104104995079,37.6375773005897],[126.9121012986721,37.6371707994741],[126.91083059739249,37.635798998152],[126.9113856978878,37.633221495893196],[126.9127508000751,37.6343318985675],[126.9148604979654,37.6342176986817],[126.9180512987278,37.6324799973753],[126.9190659977131,37.6302768995784],[126.9176192991598,37.628686201169096],[126.9166793000998,37.629739400115895],[126.91492339862111,37.628529900190394],[126.9163005969859,37.627588799326695],[126.915725497561,37.6242617026538],[126.9129370003495,37.6238580030575],[126.91052729860719,37.624818501233406],[126.9098138974653,37.6217095002081],[126.9109508993082,37.619568699877604],[126.9108084994506,37.6189272005191],[126.9096958982256,37.6189379986333],[126.91097189938651,37.6181547002572],[126.9101269996904,37.617896100543305],[126.9103048992348,37.6167666005791],[126.90658689958279,37.6162214003954],[126.9071328990766,37.6145059999228],[126.9063103996438,37.6133898000204],[126.9084597993313,37.6114066997288],[126.9078190997457,37.6107456999555],[126.90871419952411,37.610162000090206],[126.90809499977111,37.607931898641695],[126.909307699464,37.6076119992643],[126.90976000002671,37.6054399994587],[126.9119529995979,37.604434399861],[126.9100441996817,37.603439700143205],[126.9103845996351,37.6027421003457],[126.9090427994428,37.6024073003232],[126.90730739944719,37.5999204004127],[126.9064410997709,37.599995900198806],[126.9077633994657,37.598271499862605],[126.9080423995556,37.596372000354904],[126.9070703999067,37.5965479000218],[126.9047472993565,37.5882920014269],[126.9028768990902,37.5884928003943],[126.9021806997647,37.5863431007477],[126.90016729860291,37.5865427013021],[126.89760549916839,37.5840072012283],[126.8957134010605,37.5843186009169],[126.89515750025839,37.585749502267696],[126.8934643004131,37.5846325016269],[126.8917539000298,37.585726201381],[126.89168189914889,37.5841090008361],[126.89065429966669,37.5843495002458],[126.8919540985043,37.5834655004155],[126.8902377002207,37.582181201699804],[126.88915820130019,37.582672201208794],[126.88994370044941,37.5856106003104],[126.88904889868,37.5854125001973],[126.8881686995602,37.5831206024892],[126.88708679889561,37.5836345005071],[126.8869444982527,37.5790706996115],[126.8886300989107,37.5793720986396],[126.8897703977704,37.578706799304896],[126.8882295988053,37.5758663005212],[126.88813999883261,37.5730299988583],[126.8900691019645,37.5748933981003],[126.8919731000605,37.5752733977203],[126.89273799929559,37.5740943988993],[126.894770499046,37.5733598980615],[126.8961649993033,37.5741406988884],[126.8970974983708,37.571580101449],[126.8954726998361,37.5697660016186],[126.8929837990498,37.570630702363005],[126.8924254992444,37.5685242020839],[126.8908786971878,37.5692518014254],[126.89195249822811,37.56759769874],[126.8884041986086,37.5594951999389],[126.8992169001311,37.551886599708105],[126.8997179006133,37.552297000009105],[126.8988810010628,37.552947800193195],[126.9002285997152,37.5540596990813],[126.9023901988168,37.549694300595],[126.8992705019365,37.544340105949196],[126.8980703012506,37.5448618067554],[126.8954589975642,37.543742801395794],[126.8936476993755,37.5444049007337],[126.8930037997889,37.542668200970304],[126.88849569877631,37.5445750999853],[126.8878630997434,37.5430398000988],[126.8896621991131,37.5412335995716],[126.88943639933889,37.540126900678295],[126.88839779836651,37.5401801016756],[126.8899641997153,37.5390759991255],[126.8913186997719,37.536379100229695],[126.89117829851071,37.5315211998611],[126.8898954001718,37.530350400432205],[126.8870587999335,37.531546400597406],[126.8861059994999,37.5311814003336],[126.88913219888511,37.5300250983324],[126.88835779965949,37.5275779007796],[126.8827214984387,37.526637702121505],[126.88036649960249,37.5276317009471],[126.8789197012426,37.5269379002663],[126.87972170033851,37.5296385992486],[126.8803578000595,37.528813199661805],[126.8811502004407,37.5298015003439],[126.8798356009798,37.5310128009971],[126.8796345991297,37.5301670007962],[126.8786397001246,37.5300328009304],[126.8769810017833,37.5310999998632],[126.8786713006797,37.5321229992638],[126.8775485002408,37.532968900092],[126.87636260030749,37.5319027012263],[126.8754127003802,37.532897100953],[126.8751120999854,37.531538400461805],[126.8737953995989,37.5314809013475],[126.8728321999702,37.5298365001044],[126.8720379009216,37.530686600685904],[126.8706649995357,37.5296485006009],[126.8676600003871,37.5303863008995],[126.8677665002399,37.5313611009033],[126.8658430002537,37.531769100893],[126.8649444993735,37.5328742006054],[126.8644160999019,37.5324534010262],[126.8637701999523,37.5334101004958],[126.8636931992644,37.5323637009366],[126.8583824000465,37.5288622004139],[126.8563484005049,37.5280559010158],[126.85377340025019,37.5287555006277],[126.8533312998228,37.527811100798004],[126.8514220994485,37.5280785002417],[126.851457998877,37.5271042008375],[126.8497535994651,37.5262643996358],[126.8503442988604,37.5251538004505],[126.848443099192,37.5235218009642]]],[[[127.1014623995012,37.390621600077104],[127.1016387998386,37.3899904994718],[127.1034846999692,37.3902212981425],[127.1051518014588,37.393000299582795],[127.1068285999492,37.3938877997869],[127.1086226981551,37.392589401085296],[127.1084880982287,37.389188301661804],[127.1053525989391,37.3868408996164],[127.1082756997983,37.3846693985548],[127.1102418994117,37.3850154996744],[127.111160499905,37.383678197593795],[127.11161819990609,37.3844560991865],[127.11398460017949,37.384257099623596],[127.1155332005776,37.3863851001534],[127.1169590010083,37.3866847991088],[127.1170716003916,37.3886629992764],[127.1182778010989,37.3897041001861],[127.1207845005419,37.3908865979564],[127.1228149004136,37.3900035999661],[127.1215684009749,37.3915152995369],[127.12256740004149,37.3926134985182],[127.1231780006052,37.3917526995905],[127.12647609987991,37.3936703995264],[127.1270572004203,37.3930544993275],[127.1290677003868,37.394085699887796],[127.1282643012799,37.3959633993341],[127.1289843009835,37.3980821998977],[127.1285292994012,37.3966233008489],[127.12611740062219,37.396126000566305],[127.12366360066,37.397821800805204],[127.12377159999859,37.3991787001508],[127.1218916998512,37.3979398011381],[127.11986310021071,37.3983541006323],[127.1191235010437,37.4011342004232],[127.11709360075801,37.4019784006761],[127.11702000038629,37.4028172999566],[127.1161524002902,37.4026309011378],[127.1160417000078,37.404227900198805],[127.11563510017601,37.4034527008516],[127.11531189923879,37.4038646002642],[127.11661219930001,37.4019169005466],[127.1142311999215,37.40146210052951],[127.1134030007497,37.4016141003775],[127.1129750011777,37.4025458994457],[127.1138656006851,37.4032750008538],[127.1128610999454,37.4042564007749],[127.107729799713,37.404024901539906],[127.1077302987308,37.4016738015403],[127.10610420035691,37.4016286015855],[127.1057732006895,37.403206500760405],[127.1045582996682,37.4031071001071],[127.10511389858601,37.402645399787296],[127.1045913991085,37.4016159008168],[127.1012095991186,37.3977663998731],[127.10332459905929,37.3978419986658],[127.1042811988208,37.3957435000492],[127.105889999472,37.3948992997314],[127.1014623995012,37.390621600077104]]],[[[126.861331599593,37.5525451001061],[126.8618992991443,37.550370699754104],[126.8625522996634,37.550556698981204],[126.8634180993033,37.548809600145695],[126.8623634988037,37.5478089005265],[126.86340659971401,37.545616500057804],[126.8628354996142,37.545092499452004],[126.8642214994561,37.5452789994504],[126.8636649996719,37.5436237992876],[126.8651834995422,37.542784099589795],[126.8652165998856,37.5411216991874],[126.8662966998345,37.5412854991786],[126.8670835994533,37.5396175998586],[126.867897699457,37.5398280991193],[126.8680896996939,37.538474899411696],[126.8711095999744,37.5383919998577],[126.872253499522,37.5393728991304],[126.8730844992439,37.5379415999717],[126.87261390000151,37.5375436983441],[126.8759113000519,37.5376550988883],[126.8755881008556,37.5393343988163],[126.8771999992437,37.5387799993707],[126.8770220998793,37.538208099314296],[126.8783291004394,37.5384100993077],[126.8771285011198,37.540251499548795],[126.87854999969831,37.5408086989916],[126.8803099001337,37.539146599538405],[126.8828207006578,37.5412516981613],[126.8841409993375,37.5411755982374],[126.88464499883351,37.5389423004707],[126.8829850998437,37.538394499741806],[126.8854116996595,37.5392751996489],[126.8863266993408,37.5375631994821],[126.8874570004284,37.5375637001795],[126.8846896020747,37.5413416005141],[126.88307590117459,37.5422119006633],[126.8835366003408,37.543456700267],[126.8830758992722,37.5422119013024],[126.8812763010718,37.5427282007861],[126.8831001002243,37.544206099885294],[126.8821194018462,37.5458846009945],[126.88235560161,37.547817699061405],[126.88612930034259,37.546200498213],[126.8868304003254,37.5446019993991],[126.8865603005676,37.5460096995796],[126.8886050000005,37.5453942995845],[126.8864358003243,37.546840001076305],[126.884656401367,37.546965700117305],[126.8865004010368,37.5486108999106],[126.88225270113219,37.548936402048305],[126.8820485013364,37.5499050010797],[126.8818670998373,37.5491222004126],[126.8790312009415,37.5490401014357],[126.8769689009976,37.5508666000404],[126.8769347010318,37.5518350990719],[126.8810895027644,37.5524253008627],[126.8769347009557,37.551835101169],[126.8758418019094,37.5542990994668],[126.8740745987243,37.5550464009111],[126.8728201999787,37.5548169011406],[126.8719689000924,37.5529972018865],[126.8710182991837,37.5535030012464],[126.87000089967529,37.552620401691],[126.86909510058109,37.5533231009883],[126.86648170054839,37.5520062008562],[126.8668480002531,37.5535670005691],[126.86383280072269,37.5522972010574],[126.8635398998457,37.5538060013414],[126.861331599593,37.5525451001061]]],[[[127.119323699588,37.4398117012016],[127.12154150021931,37.438467497238705],[127.12336309941931,37.4394174984129],[127.12512929879959,37.4353601999006],[127.1244577990917,37.4335378004888],[127.1229216994449,37.4329527996718],[127.1241712992442,37.4324223000997],[127.1241473992545,37.4313582991433],[127.1255507999698,37.432754899267096],[127.1259964994713,37.429623800414305],[127.12537070009711,37.4291042009339],[127.1244636996854,37.4296246998692],[127.1280558982548,37.4288892989815],[127.1267495994444,37.427439700000704],[127.1293244997825,37.4260294995563],[127.1294912004376,37.427849799555],[127.13403010070171,37.4289204994285],[127.13441879999941,37.430145499576504],[127.1358708002551,37.4304344996611],[127.1351912004463,37.430912300215404],[127.13591560043571,37.4322118001004],[127.1344158002213,37.43527610028],[127.13249590056749,37.4342435012884],[127.1323290007344,37.435347800184104],[127.1361572010918,37.4421685003228],[127.1338025007971,37.4429370002494],[127.133581900621,37.4438807001922],[127.1338152004658,37.4459669995964],[127.1356421001889,37.447955799587604],[127.1365289009335,37.450383700284405],[127.1352230994582,37.450571402517404],[127.1337753999109,37.4495786028339],[127.13233530135099,37.450349002063504],[127.1323728013135,37.4521206002919],[127.1336568010245,37.453077100011704],[127.1317334001629,37.4523242018255],[127.1305539013424,37.4527910013587],[127.129656001005,37.455542800306205],[127.12904000004811,37.4550033009793],[127.1271868996305,37.4567866011762],[127.1244673996823,37.4555636035743],[127.12430429831561,37.4524706009787],[127.12359169902821,37.451786301663],[127.1223629995423,37.4533254020449],[127.1210428994371,37.451835200522],[127.1235580973512,37.449251500245005],[127.1244797960681,37.446837902208095],[127.1239716967933,37.441797402598596],[127.121583298236,37.4402999020262],[127.12000499981431,37.441007301318805],[127.119323699588,37.4398117012016]]],[[[126.8354565992123,37.5690410998969],[126.83670840070991,37.5697298979173],[126.8386028988154,37.5686843989628],[126.8374991987621,37.5674718008454],[126.8372255991679,37.565235200086796],[126.83899149960371,37.5633221987192],[126.839754900887,37.563223799480205],[126.8395097020436,37.5649969992096],[126.8406012010028,37.5658351985179],[126.84184759970569,37.564303499903104],[126.8442972998124,37.565528998975296],[126.848408999041,37.5634893998846],[126.84712289958121,37.561709399683096],[126.8483343988249,37.5615668994647],[126.8490464997231,37.5597724999137],[126.848671199593,37.5573061997736],[126.85122389953469,37.5539167991938],[126.85255240024999,37.5551604992365],[126.85555829926629,37.5547294987102],[126.8563430001778,37.556120098846804],[126.8574758998921,37.5553014995366],[126.8588129000435,37.556096999360705],[126.8597456004553,37.5556243990368],[126.8605915000271,37.5567074984731],[126.86222599929721,37.5556477990729],[126.8627208999473,37.5568703988603],[126.8632950000217,37.5556881998896],[126.8643853002115,37.5562909002219],[126.8633395012573,37.5568583996544],[126.8639240014098,37.5577612006515],[126.86218790118339,37.5574987008621],[126.8627684003598,37.5626740002938],[126.85946440030729,37.5644631014522],[126.857745201187,37.5642357006733],[126.8582671998387,37.566121700713],[126.8571058004264,37.565975000552804],[126.8538004997668,37.5677315011949],[126.853669799174,37.5656326006208],[126.8509208002813,37.567296500830096],[126.8497272999238,37.5659572006083],[126.8494097998184,37.5664875001618],[126.8498808996611,37.5653802004327],[126.8491029995075,37.5647307008829],[126.8475587006208,37.5650896999229],[126.8459885013338,37.5665707020836],[126.8448742013405,37.5693577005994],[126.8459421006104,37.570392299899105],[126.8453150005373,37.571522099682205],[126.8435029005841,37.5714686001776],[126.84398570043881,37.5723974001265],[126.84340159934531,37.5738387009953],[126.84243939862651,37.5727190010938],[126.84036879943349,37.5732994008951],[126.83995899984329,37.5726676015269],[126.8372263000072,37.5724863014756],[126.8375097981812,37.5704660006676],[126.8357526996764,37.5698644007288],[126.8354565992123,37.5690410998969]]],[[[127.10267569892561,37.363756599267305],[127.1070820990183,37.363297896752],[127.1071028990802,37.359891397935],[127.10973830005561,37.359769999585495],[127.11063520073441,37.3616052993835],[127.11234050057391,37.3617420998656],[127.11203090045319,37.3631993999701],[127.11328349943669,37.3632857996257],[127.11293740035981,37.362160599585],[127.1136331006119,37.363638899327],[127.11479290019099,37.3636300000058],[127.11453560044829,37.3644143992214],[127.11543380016231,37.365398399662695],[127.11586990037411,37.364728400000494],[127.1152590007967,37.3667994988726],[127.1172679004948,37.3661432994924],[127.1195424001203,37.3694790000878],[127.11842309986041,37.3696028006074],[127.11666940006161,37.3718895007907],[127.1157955997969,37.371640800984004],[127.11513740070099,37.373264399921695],[127.1134203001133,37.3743450001205],[127.11236840081699,37.3739749008035],[127.1123023008831,37.375159399619],[127.11307340041681,37.375105400308705],[127.1126798008949,37.3759949013129],[127.110132799945,37.3771302000481],[127.1099157999798,37.3753312017134],[127.10813349997309,37.3751822012375],[127.10969989841179,37.3738925997071],[127.10839059961951,37.372873600564],[127.105896501367,37.3745621006746],[127.1069978000944,37.375718600865596],[127.1048664984794,37.3747625021248],[127.10405929768841,37.3721080991805],[127.1054435979155,37.3713862979607],[127.1058184975406,37.370079999267],[127.1044228997077,37.368519499783],[127.1059545983888,37.3678224998392],[127.1047957979064,37.3666157004021],[127.1053020985625,37.3649670002076],[127.1042371996274,37.3637169014577],[127.10267569892561,37.363756599267305]]],[[[127.040145399347,37.7283692000772],[127.0424916991658,37.727600299318595],[127.042746999448,37.7264605000983],[127.04163659975791,37.7246438005903],[127.0412712988262,37.7251613003315],[127.0417304993454,37.7235412006168],[127.0411197992684,37.7235430002905],[127.04336669952971,37.722483699675095],[127.04377739921989,37.721054200113194],[127.0449635991374,37.7211303994707],[127.0457848992292,37.719552899504095],[127.04652950034871,37.7202303994209],[127.0473274001387,37.7193229999541],[127.0474184005824,37.720200399893],[127.0482587998965,37.7201247994031],[127.0484395011633,37.721119699581],[127.0498460001761,37.7214846994969],[127.0511956004302,37.723141399572704],[127.0533222020504,37.72244280031801],[127.05217140067151,37.7228399003208],[127.0509342012613,37.7255268998316],[127.0521892006078,37.7259556002602],[127.0503465012941,37.7268166001794],[127.0503163006917,37.7279468008137],[127.0497847004596,37.7272379007638],[127.0489470012973,37.7276349003668],[127.0480907000901,37.7293516005707],[127.0461362999324,37.7288423009937],[127.0454828994066,37.7294120004369],[127.04493939955981,37.728320001235495],[127.04379420042139,37.729425200032104],[127.0443004003634,37.7310037000847],[127.0431729999589,37.7313964004731],[127.0433738997425,37.7297994004647],[127.0410733995157,37.7306360002776],[127.040145399347,37.7283692000772]]],[[[127.1019638993257,37.3522471010279],[127.1030575990031,37.350190500469],[127.101990999561,37.350063299604],[127.1063543978121,37.349420099227004],[127.1056633985031,37.3478977007494],[127.10778119852621,37.3460342978973],[127.1088552999801,37.342595698138396],[127.1120369004423,37.3454476995806],[127.1120380006177,37.3469755993456],[127.11342239992291,37.3463360996477],[127.1148429012205,37.3477253987244],[127.11415100056291,37.347999699740406],[127.1146121002144,37.348866899533796],[127.1161947005636,37.3484982997209],[127.11514310093139,37.3520588001913],[127.11213220067461,37.3540841001647],[127.1123213003468,37.355193400407096],[127.1103082994984,37.3542365004776],[127.1088764009303,37.3548932998208],[127.10861530135719,37.356614300243294],[127.1093142000231,37.3571263001815],[127.1084356991341,37.3566126005209],[127.1083533996328,37.3528240012745],[127.1068138004992,37.3529413009163],[127.1073559000697,37.3545697001173],[127.10433660003079,37.3540550020016],[127.1046608975385,37.352118900814304],[127.1019638993257,37.3522471010279]]],[[[127.0393745955507,37.710192299100804],[127.04090220052241,37.710423898632804],[127.0428503993735,37.709166698730094],[127.0423608004123,37.7097449999088],[127.0436069994348,37.709936699615],[127.0441364991399,37.7083774004629],[127.04224319854251,37.7071457000117],[127.0432729990852,37.706800799274205],[127.04525769925219,37.7030618992304],[127.0477510002396,37.70260299959261],[127.04711090142031,37.7045435989279],[127.0488249997062,37.704980498491],[127.0505273007672,37.703826198841504],[127.05012330063789,37.704536199659],[127.0510304015678,37.7045617003769],[127.0503295005852,37.7052385000471],[127.0520271012296,37.7072047993691],[127.051070206379,37.7103943005363],[127.04958050153421,37.7112596994909],[127.0518277055434,37.7145185975902],[127.0502316011089,37.7145437003689],[127.0510794999965,37.7152772003993],[127.0484302005849,37.715389200779796],[127.04845550083161,37.7161820005482],[127.0460556994077,37.7168129009045],[127.04532489929319,37.715477500805],[127.0444612993492,37.7154663003788],[127.0444858988724,37.7145977005846],[127.0431399002184,37.7142831008992],[127.0426216995684,37.7155353001038],[127.0431398990341,37.7142831006444],[127.0419305992851,37.7139412999945],[127.04221529823239,37.710451300808906],[127.0393745955507,37.710192299100804]]],[[[127.1894226991214,37.5622442999057],[127.190907699805,37.5607089997592],[127.1938120998375,37.5606329985505],[127.1947724999369,37.5594708998142],[127.1941587014347,37.5608595004993],[127.1960803010208,37.5626108000127],[127.1941400016008,37.5648085001773],[127.1946336000278,37.5655252002853],[127.1914918996362,37.566718700756105],[127.1896031997475,37.5642814002765],[127.1894226991214,37.5622442999057]]],[[[126.8787347990642,37.415371700014305],[126.8803097996234,37.412938599757496],[126.8808150998954,37.41354729901],[126.8832207999788,37.4128404996693],[126.88478669998621,37.41384399967],[126.8862954989394,37.413305298743595],[126.88543520124931,37.4135716004081],[126.8840532020091,37.416945799134304],[126.88526600056,37.419877499194996],[126.8874279010033,37.4187684988293],[126.8876167008003,37.4194542011807],[126.88639840028371,37.4196720009639],[126.8851578997306,37.4214842010705],[126.8842394001567,37.419760000939796],[126.8836401004575,37.4209466008774],[126.8832050998715,37.420112801024],[126.88204489926869,37.4205086005651],[126.883825297382,37.4189955994609],[126.88239939897869,37.4163639008779],[126.88502589907,37.4146209998218],[126.8843624997334,37.4139886004542],[126.8828323999647,37.4149436004015],[126.8819212005845,37.4142751005424],[126.8815978989435,37.4149306022322],[126.8787347990642,37.415371700014305]]],[[[126.9303512992442,37.357488399705204],[126.9324393995999,37.356307599638704],[126.9315783007445,37.3554744974228],[126.9326784005394,37.3560220997477],[126.9324553003093,37.3566366996747],[126.9339274006343,37.356455699272],[126.93488640002249,37.35761139897831],[126.93665090060381,37.3560439998098],[126.9372438001635,37.3563054997276],[126.9376733006294,37.3597123992461],[126.93727109946181,37.3601943001465],[126.9376480991546,37.358619000224095],[126.9359276006284,37.3585220006061],[126.9354128005125,37.360604000425504],[126.93449959996539,37.3601164004367],[126.9339239005233,37.361215600353304],[126.9325820000359,37.3612506004285],[126.93228119929631,37.3589921001328],[126.9304948997303,37.358607500323295],[126.9303512992442,37.357488399705204]]],[[[126.9374774995487,37.3719253997308],[126.9384996996314,37.367778199437595],[126.9406642989607,37.3679728994334],[126.9430681000222,37.3666420998245],[126.9441818993866,37.367232499198],[126.9468606993983,37.3657603998088],[126.9463620997907,37.365413499698],[126.9488341005374,37.3666361001313],[126.9490187003605,37.3673713006251],[126.94796990077441,37.3676787998914],[126.9501794008679,37.3700256005725],[126.9489064006252,37.3709836008568],[126.948740600791,37.3720552997851],[126.949708199856,37.3730226022589],[126.9456073997842,37.3759969015308],[126.9434437017606,37.3761911012161],[126.9426213029395,37.3777950019589],[126.94104009967279,37.3778232001695],[126.9397186995648,37.374491900779304],[126.9390244996899,37.374873400827795],[126.9388469996599,37.3738065007151],[126.9380569994778,37.37409500013489],[126.9383350990077,37.372490400004494],[126.9374774995487,37.3719253997308]]],[[[126.8379464997475,37.6136613003031],[126.8388309992743,37.6126695979538],[126.8459706995494,37.612640299791906],[126.845991199659,37.6110039999753],[126.8440104988067,37.6104248002422],[126.8455967996963,37.6090176988774],[126.8465860012044,37.612783898400494],[126.8484093009333,37.612886598509],[126.84761120086421,37.613962701017],[126.8480273001988,37.6153755002737],[126.8461182003722,37.6155384003526],[126.846556500309,37.6165700002835],[126.84577759974951,37.6167533004326],[126.8445749005101,37.61606610034],[126.8418123995581,37.6166678002962],[126.8379464997475,37.6136613003031]]],[[[126.8892699994173,37.65258629987],[126.8890880998633,37.6519918988111],[126.89064639993079,37.651973099302296],[126.8910759995012,37.650957300318105],[126.89029269971971,37.650533699668195],[126.8920018993921,37.6511419989793],[126.8936440000722,37.6495385998491],[126.8973997990381,37.6492566993955],[126.8976949997868,37.6486800997586],[126.8976341015307,37.649324300447304],[126.899881300863,37.650546999801904],[126.89942410205501,37.6513633004927],[126.9023090002718,37.653565499955],[126.8996093000342,37.6556609002619],[126.8985413001818,37.6546946007354],[126.8978159009607,37.6562363994641],[126.8984299011846,37.6566398015209],[126.8958098004307,37.6561667016184],[126.8937868989961,37.6570683012933],[126.8914611985211,37.655903800580795],[126.8912230988667,37.6528508002849],[126.8892699994173,37.65258629987]]],[[[127.123847699546,37.412428500046296],[127.126059399568,37.4118489993273],[127.12563079912779,37.410766099932594],[127.1262948000129,37.409955699897395],[127.12705100005789,37.409343299816804],[127.1271014004529,37.4099705996657],[127.1286280996226,37.4096730996483],[127.1289712002373,37.408556999341904],[127.13082090043291,37.409771999017494],[127.1308821003741,37.410771400863304],[127.1293394009192,37.4115743001423],[127.1295404007182,37.4123403993762],[127.13124710038,37.4122632996859],[127.1304985005116,37.4123874006412],[127.1311056009861,37.4144109998791],[127.1304850995131,37.413824500842395],[127.1266175010812,37.4139234007354],[127.1265903998311,37.414640000191596],[127.1266174996627,37.413923400235404],[127.1258284991682,37.4139347999017],[127.12598409885089,37.4123546002383],[127.123847699546,37.412428500046296]]],[[[127.0460318991731,37.7381957996751],[127.0477864996297,37.7369169997386],[127.0478302999072,37.735831299405],[127.0504297004256,37.737846599291196],[127.05110590013349,37.7376201999553],[127.04982030126169,37.7383667002774],[127.04907660012951,37.7404108000349],[127.0472289999214,37.741234900345],[127.0470322999558,37.7401888003149],[127.0459372995996,37.7407333993035],[127.0460318991731,37.7381957996751]]],[[[127.2021321994111,37.589014500352995],[127.2119492996481,37.580945999429595],[127.213219900482,37.582715099729704],[127.21478640071389,37.5819350001386],[127.2129679019821,37.584046299973096],[127.2156606001714,37.5859223995426],[127.2160867005048,37.5854401996191],[127.2167192003447,37.586219300109],[127.2154414011936,37.586866099869404],[127.21725020050269,37.5874836997459],[127.2150582005891,37.5905528004459],[127.21093999956969,37.5906714006823],[127.2104733000364,37.5894924018613],[127.2074504030593,37.5903822009715],[127.2077381017523,37.5917492012179],[127.207396798134,37.590256800721896],[127.2054655000653,37.5893753016034],[127.2030254025054,37.589463801514896],[127.2018123008705,37.5905614021527],[127.2030253992268,37.589463800163294],[127.2021321994111,37.589014500352995]]],[[[126.841388899515,37.5320806003883],[126.84246830003029,37.529885299546194],[126.8479619991051,37.5275987988625],[126.85041320045741,37.5282715000487],[126.8505581010132,37.530009200116204],[126.8519629010113,37.5309369993479],[126.8507453004936,37.5332729000149],[126.85121030066401,37.533633100282806],[126.8502053004109,37.534295100819804],[126.8491379002554,37.533540001283505],[126.84898790020739,37.534678300489205],[126.8452401004264,37.5358445006921],[126.8459004992894,37.5347968004966],[126.843022899436,37.5344630009088],[126.841388899515,37.5320806003883]]],[[[126.821872298918,37.5684970002104],[126.8220327995779,37.567558299123505],[126.8247466993991,37.566789999164996],[126.8241590997313,37.56350859994],[126.8257994996295,37.5642991977571],[126.8273841980448,37.5631273989289],[126.8271934982355,37.561875200181106],[126.8274964000835,37.5638586992476],[126.828798599855,37.5629966990462],[126.8289542004817,37.5640151993129],[126.83081970014801,37.564069599986006],[126.82860980116679,37.565737300235405],[126.8294586000542,37.5664291002889],[126.8280709008642,37.5668592999281],[126.8282860006491,37.5681112986761],[126.83057620088499,37.5680536006024],[126.8297099017513,37.5681189005371],[126.82867840281911,37.5706467997952],[126.8302649010246,37.5717741008578],[126.82881159839019,37.5727724020348],[126.82685499892389,37.572028000146204],[126.8266918989952,37.5707945007032],[126.8253907001146,37.5708525006574],[126.82517279883061,37.5695051005938],[126.821872298918,37.5684970002104]]],[[[127.18203029900809,37.6097995012192],[127.1839366998655,37.608322198170406],[127.18505169950801,37.6067043994914],[127.1846781001114,37.6062220995983],[127.1877039978279,37.6043818988599],[127.18783289769901,37.601111202130596],[127.18664249762091,37.600491198803],[127.1876965999809,37.599627199487],[127.1879065007039,37.604306296616194],[127.1898456987647,37.6044017965207],[127.1922905969796,37.600355999597],[127.1942695968111,37.5986030992923],[127.1935957999908,37.595097199475],[127.1971392009196,37.595939799467594],[127.19642960253981,37.597576598861295],[127.1990415999278,37.6011001953377],[127.20636850123759,37.601974299352605],[127.2029559022406,37.6024927009224],[127.20135250384399,37.6041323992827],[127.2036928068771,37.607021500771204],[127.20053040316161,37.6094338030863],[127.2000288017541,37.6112894047089],[127.1959621984129,37.607100106291],[127.19190880246629,37.607832805558296],[127.19108200329309,37.6088602045309],[127.1906141004266,37.6127612005783],[127.1870499976923,37.6122200008179],[127.1851302990712,37.610590300959295],[127.1864145992248,37.6114253986792],[127.1871723997905,37.6101862990268],[127.1871752008533,37.6119490982574],[127.1905158992453,37.6123738982554],[127.1902040995571,37.6098578007715],[127.18696249842901,37.6080353013584],[127.18203029900809,37.6097995012192]]],[[[126.8632675983643,37.6052654982596],[126.86511489784999,37.6027402985717],[126.8642906985455,37.5999746003896],[126.86471539952569,37.5989037996718],[126.86503210008739,37.599562399496804],[126.866443000144,37.5995154983733],[126.8674211003539,37.5979616984974],[126.8682113013718,37.5988809000539],[126.86802160159601,37.6007788001786],[126.87077599884161,37.6023675985898],[126.8713064983111,37.6007441002133],[126.8746054005693,37.5983855981277],[126.87516170136291,37.599424400657796],[126.8746405005886,37.600627200069596],[126.8730491006532,37.6002378012276],[126.8717556011656,37.601575799893496],[126.87247540055,37.6032189998745],[126.87114920162331,37.604094199855],[126.8722959013318,37.6047236996052],[126.8711492006325,37.6040942010624],[126.8699255011464,37.605548401031704],[126.8705185004233,37.608292900626104],[126.86914659907819,37.6084398021057],[126.8659290994117,37.6064794005896],[126.86309439977599,37.608141600134005],[126.8659290978014,37.6064793987333],[126.86460339912709,37.6039608012519],[126.8632675983643,37.6052654982596]]],[[[126.8679412985078,37.6517811994169],[126.8692699987475,37.6508385000238],[126.86902979873581,37.6501825993514],[126.8697574995769,37.6506300992283],[126.8697950988561,37.649188099307004],[126.87067539881599,37.6483810981684],[126.87085240067141,37.649289198986395],[126.8722913992324,37.6494390988365],[126.8720911994326,37.64830559997],[126.8727993998943,37.6483248998267],[126.8731856005469,37.649053899418796],[126.8740870004295,37.648720199875],[126.874845000918,37.650024099230805],[126.8762173010984,37.650117599697005],[126.8748450007039,37.6500241006375],[126.87468970085921,37.6511503995112],[126.87582230062979,37.6516638002439],[126.8737435998176,37.6525030003247],[126.8743060991765,37.651502000690904],[126.8716150015307,37.6515824011193],[126.87018429959471,37.6531592008489],[126.87112689844889,37.651184800849904],[126.8679412985078,37.6517811994169]]],[[[127.0961445994528,37.3389980993133],[127.0973609995883,37.339148399359196],[127.0977669992037,37.337693200157496],[127.0993280000108,37.3370540991107],[127.1009760983627,37.3370559991088],[127.1009984983485,37.3353082990103],[127.1028162981975,37.3348899993518],[127.1028139999994,37.3337863994111],[127.1030427005381,37.3354863994534],[127.10386730072071,37.3352075003423],[127.10193000139999,37.3375961993934],[127.1028328016968,37.339070700594],[127.1024115008875,37.341035599681],[127.10435390047601,37.3424558996853],[127.1023935998129,37.3430511008012],[127.1015905997182,37.3443185004076],[127.10188799911761,37.3435269007284],[127.0996043996786,37.341759500383304],[127.0980393996757,37.3422570003657],[127.099604399391,37.3417594993912],[127.09973999925539,37.3408158003349],[127.0961445994528,37.3389980993133]]],[[[126.83678329950119,37.5413251002863],[126.8390270997899,37.5391735994913],[126.8399655992759,37.5396827991476],[126.8401098001863,37.5387865990305],[126.8425428003502,37.5385914996887],[126.8429948008917,37.539398400215106],[126.84197410088551,37.539500300211],[126.84217440068521,37.5404153992959],[126.84382810030759,37.5415533997378],[126.8430128008407,37.5428485001372],[126.8437199005369,37.5432961007751],[126.8425098999364,37.5440124003999],[126.8422044002318,37.543481400569696],[126.83782169933241,37.5442983006962],[126.8382497994459,37.5435625004536],[126.83678329950119,37.5413251002863]]],[[[126.8342453994729,37.5493767003518],[126.8363200000051,37.5474976995223],[126.8369793008111,37.5479699998152],[126.8363198006804,37.5479700004329],[126.83632000062521,37.5492730993876],[126.8374047003843,37.5483335996364],[126.8386997003019,37.5490371999999],[126.8363401007326,37.5512951004227],[126.8354208993163,37.549634300377],[126.8342453994729,37.5493767003518]]],[[[127.0427383997778,37.746873000048],[127.0442900997836,37.7459559994916],[127.0442709001596,37.7468855995999],[127.045064599514,37.7469063991941],[127.0449648004971,37.745511799515405],[127.0471671008548,37.7470173000302],[127.0458209004056,37.7471181005008],[127.0460578005174,37.7478659997624],[127.0451137000094,37.7485170008599],[127.0427383997778,37.746873000048]]],[[[127.0914940995966,37.3219936997726],[127.09194120009609,37.3208831994192],[127.0929835001016,37.321549999667205],[127.0940849996237,37.3203069994571],[127.09747090051181,37.321030199831704],[127.0967820013158,37.3225526998644],[127.09811590095049,37.324497899974],[127.09688890039179,37.3237840008954],[127.0946582005172,37.3248421005954],[127.09433589983111,37.323930400209],[127.0935285999976,37.3239880006925],[127.0929397994716,37.3220449004607],[127.0914940995966,37.3219936997726]]],[[[126.8606955994156,37.5107800999284],[126.862280899411,37.5109967989812],[126.8629635001686,37.5098030997051],[126.8636121998302,37.5124707991138],[126.8639011997449,37.5118597985899],[126.86690130010369,37.512515199817805],[126.8676428008014,37.5146172015758],[126.8627971010113,37.5142488004406],[126.862357699852,37.5150486006952],[126.86220899957809,37.5133834007103],[126.8612129993198,37.512982201213404],[126.86214169917139,37.511247000442],[126.8606955994156,37.5107800999284]]],[[[126.8632444989582,37.476518300650504],[126.86408229927771,37.4741813994482],[126.8649509002542,37.4751075984078],[126.866587098618,37.4750444984709],[126.8663864988186,37.4732337002817],[126.8674258994439,37.4727910983619],[126.8678336003018,37.473948800415],[126.86736930011989,37.4734953004231],[126.8667725006316,37.4747884995517],[126.8679773994267,37.475117199223],[126.8691617002722,37.473665899617004],[126.8709306007667,37.4744034999923],[126.86990210108071,37.4744428007912],[126.8701577024639,37.4767709009166],[126.86885670174729,37.477759603448],[126.8632444989582,37.476518300650504]]],[[[126.7993121991632,37.561910999862704],[126.8010114996781,37.5612596999915],[126.801748800025,37.560033599349694],[126.8028582001735,37.560295999992],[126.8013669007686,37.5611825998565],[126.802694500429,37.5623733001662],[126.7991580992617,37.5625281006271],[126.7993121991632,37.561910999862704]]],[[[127.041428899598,37.736365899904506],[127.0438171010152,37.7355691992092],[127.04449940094841,37.7372601992113],[127.04539560034151,37.736870699728996],[127.0431731999699,37.739239400482404],[127.041428899598,37.736365899904506]]],[[[126.852508299367,37.4795522005992],[126.85424139919091,37.4777478995985],[126.8539820002953,37.477180698877],[126.8569490004271,37.4791357989792],[126.8575611004665,37.4785246002975],[126.8563148006411,37.4795308004545],[126.8558874995468,37.4813496003691],[126.8538515999883,37.480025900867],[126.8527942000086,37.4803389008595],[126.852508299367,37.4795522005992]]],[[[127.2191666985401,37.5794640006887],[127.21993450015849,37.5801599990543],[127.2230729993973,37.5792670990255],[127.2240201992313,37.5781928997073],[127.2245032995797,37.5787338993494],[127.2253012992051,37.578125399501495],[127.22494930031601,37.577494899447395],[127.2260262005192,37.5777675995103],[127.2238911999286,37.5814669005426],[127.2213961995897,37.5800944022284],[127.21993979878201,37.5808516026556],[127.2191666985401,37.5794640006887]]],[[[127.1234833976946,37.642592301025296],[127.1268806999506,37.6424587995011],[127.1266072005285,37.6435471995994],[127.12780070059739,37.6435039998443],[127.1260153987859,37.6451908008812],[127.1263561996209,37.6437598010014],[127.1251499008272,37.642911101850096],[127.124240499209,37.643687402001696],[127.1234833976946,37.642592301025296]]],[[[126.8139232995553,37.567556700245696],[126.8161603995738,37.5655851995309],[126.8166311002221,37.566601099573],[126.8191935015968,37.5673637013437],[126.8173931007976,37.567416702213606],[126.8165142000127,37.5694914004214],[126.8139232995553,37.567556700245696]]],[[[126.822923698699,37.4930877996744],[126.8223749994818,37.4921758997291],[126.8272003017871,37.4933250999429],[126.8253962011189,37.4931559009031],[126.8248159994346,37.494300101978396],[126.822923698699,37.4930877996744]]],[[[127.1152142989373,37.6355163000409],[127.1174700994828,37.63432629891],[127.11819220071649,37.632917799652205],[127.1187144010425,37.6337379996771],[127.1169175007707,37.6357313001603],[127.1167317008526,37.6377751010408],[127.11681579856659,37.635995300519],[127.1152142989373,37.6355163000409]]],[[[126.9216726987113,37.4037876022685],[126.9230705987453,37.403286299314395],[126.92307999965679,37.4016399996151],[126.9241563998127,37.4005790988962],[126.9252990004821,37.401034599793604],[126.9254158001469,37.4023112001163],[126.9216727012888,37.4037876005326],[126.9223893992737,37.4045720016635],[126.9216726987113,37.4037876022685]]],[[[127.11500279956459,37.6104560002526],[127.11710379771459,37.6104601972593],[127.1204035012065,37.6074649974884],[127.1211569013391,37.609944500556594],[127.1223129012471,37.6108008998552],[127.1222756005359,37.6125240003333],[127.1215359005393,37.611870701238],[127.11889719995291,37.6145404004542],[127.1171038000454,37.6104602005563],[127.11500279956459,37.6104560002526]]],[[[127.20283569950689,37.5512067998254],[127.2036953004125,37.5507630988624],[127.20563840036199,37.5515218999439],[127.20501190020231,37.5533279000354],[127.2039934986266,37.5531681005549],[127.20283569950689,37.5512067998254]]],[[[127.0786359996428,37.3126654000636],[127.0802047999734,37.3133202992272],[127.0809940007386,37.312437099406296],[127.0810317009467,37.3144559998127],[127.07972209927449,37.3144364009287],[127.0786359996428,37.3126654000636]]],[[[126.9244902953693,37.3510087999572],[126.9241281972719,37.3494764998133],[126.9252621989996,37.3474196996571],[126.92575919975481,37.3485389992298],[126.9277455002217,37.3486876996076],[126.9263598001379,37.3507285004491],[126.9244902953693,37.3510087999572]]],[[[126.8103180986897,37.4854758995673],[126.8105454998024,37.4850140995432],[126.8129413002125,37.4863191994234],[126.8134537001058,37.4857640007586],[126.8110615009328,37.486977600906805],[126.8103180986897,37.4854758995673]]],[[[127.14242729916039,37.6481165009789],[127.1434634991852,37.6484366996477],[127.1430862005613,37.647716099049795],[127.14361000006569,37.649767900123],[127.1426004995463,37.6498987001462],[127.1430935989258,37.6493780997441],[127.14242729916039,37.6481165009789]]],[[[127.01059669958279,37.6626708000342],[127.0131893996333,37.6619312995885],[127.01339650018569,37.6611964999123],[127.01319650479621,37.663031003056396],[127.01194060605211,37.6644360016514],[127.01059669958279,37.6626708000342]]],[[[127.0550932990825,37.6704974999105],[127.0569807006064,37.6705946003296],[127.0559177997562,37.6713187012309],[127.0550932990825,37.6704974999105]]],[[[126.84207739755239,37.6521261002725],[126.84389980060911,37.6526003000303],[126.8429827006368,37.654245500969004],[126.84207739755239,37.6521261002725]]],[[[126.8460146990323,37.4951476005156],[126.8491378011715,37.4963808998101],[126.8479719993229,37.4964023013451],[126.8460146990323,37.4951476005156]]],[[[126.82238739882949,37.6108194999885],[126.8237868978099,37.6090605006529],[126.8226096001477,37.608137399132694],[126.8247127027282,37.609071998294596],[126.82447450327989,37.6108660019965],[126.82238739882949,37.6108194999885]]],[[[127.2203262993243,37.5777328010051],[127.2218539006164,37.5779537003389],[127.2212210993954,37.5782539008257],[127.2203262993243,37.5777328010051]]],[[[126.83744369927619,37.5586044001948],[126.8384036004051,37.5584995993476],[126.8381133995776,37.558811100504],[126.83744369927619,37.5586044001948]]],[[[127.0469680997626,37.7364911000426],[127.0470510999493,37.7361798999434],[127.0472134000058,37.7361406999033],[127.0469680997626,37.7364911000426]]],[[[127.1491904993118,37.4572376002061],[127.14997980021819,37.4557047990419],[127.1519322003999,37.4587018002084],[127.1491904993118,37.4572376002061]]],[[[127.1597488994536,37.4511388002949],[127.1598559010431,37.451392599697996],[127.15993640104821,37.4515642997062],[127.16009780007461,37.4519462001642],[127.1599363999688,37.4515643004356],[127.1598558994089,37.4513926001051],[127.1597488994536,37.4511388002949]]],[[[126.8097098993635,37.563802800382994],[126.8102064992413,37.5633547998063],[126.80966960058781,37.5629460995344],[126.8109860009627,37.5640550001374],[126.8097098993635,37.563802800382994]]],[[[127.1153333993998,37.6677155994576],[127.1167886995141,37.6680644990205],[127.1168387000622,37.6668747999121],[127.117388700337,37.6683246001508],[127.1153333993998,37.6677155994576]]],[[[127.112779293341,37.634315401319796],[127.1135318006628,37.635584899371196],[127.1142854001953,37.6376117023453],[127.1135317991563,37.6355848998863],[127.112779293341,37.634315401319796]]],[[[127.1233848989452,37.3857095001546],[127.12413489964341,37.3848225997462],[127.1243287008985,37.3849605997278],[127.1233848989452,37.3857095001546]]],[[[126.8034796995545,37.5618879994582],[126.8048992008323,37.561897299921995],[126.80410979979041,37.5622979008729],[126.8034796995545,37.5618879994582]]],[[[126.9351977995295,37.5621651002492],[126.93513219997669,37.561858799931606],[126.9352901000984,37.562117900125095],[126.9351977995295,37.5621651002492]]],[[[127.11384819813921,37.6323965973651],[127.1145885001695,37.6322337994005],[127.115730700667,37.631760899216005],[127.1145885003084,37.6322338019998],[127.11384819813921,37.6323965973651]]],[[[126.8647324996238,37.5014805998521],[126.86541610000221,37.5013208992071],[126.86549390042461,37.501766000011706],[126.8647324996238,37.5014805998521]]],[[[127.0424724994615,37.759447699811204],[127.0427957001842,37.7593771999978],[127.0426123998014,37.7597170006277],[127.0424724994615,37.759447699811204]]],[[[127.0916677997776,37.3231061993804],[127.0917905998839,37.323176799437796],[127.0922785007458,37.3234565002265],[127.0917905998861,37.3231768002062],[127.0916677997776,37.3231061993804]]],[[[126.8591291966731,37.567159000516696],[126.8595149002568,37.5669907989245],[126.8595211088125,37.567348303588],[126.8591291966731,37.567159000516696]]],[[[127.1177152994773,37.6379701998822],[127.11811070167771,37.6377284998998],[127.1179247023353,37.6380645009826],[127.1177152994773,37.6379701998822]]],[[[126.8678613996314,37.5110726998659],[126.8680336998349,37.5108925994355],[126.8682644001882,37.5109925994871],[126.8678613996314,37.5110726998659]]],[[[127.134444198691,37.4744510003952],[127.1344955004198,37.4747068998369],[127.1344647993215,37.474822100608996],[127.134444198691,37.4744510003952]]],[[[126.8388265991594,37.486510799913],[126.8393680002238,37.486744199338496],[126.83936800022289,37.4867442004187],[126.8388265991594,37.486510799913]]],[[[126.8848763995657,37.537899299858],[126.88499609990339,37.5376785999309],[126.88502970004821,37.5376193997041],[126.88499610008809,37.5376785999939],[126.8848763995657,37.537899299858]]],[[[126.8880712991121,37.547551400713104],[126.8881573999763,37.5474615996878],[126.8885406002573,37.547735499869],[126.8880712991121,37.547551400713104]]],[[[127.10882479904339,37.339649299829794],[127.10901730005881,37.3396490984033],[127.1090173012536,37.339649100013006],[127.10882479904339,37.339649299829794]]],[[[126.9348474994072,37.355375799677695],[126.93513470060661,37.3555331997886],[126.9354360001983,37.355696200107296],[126.93513470008381,37.355533200613806],[126.9348474994072,37.355375799677695]]],[[[126.88503879948381,37.4772131008033],[126.88541980064939,37.4769782982328],[126.88541979987039,37.4769783012411],[126.88503879948381,37.4772131008033]]],[[[127.0977952996413,37.3415129996029],[127.0979259999898,37.3416577004428],[127.0977952991719,37.3415129998693],[127.0977952996413,37.3415129996029]]],[[[126.8827598991652,37.55178509842499],[126.8831682009607,37.5512807001255],[126.8831531007008,37.5516147016733],[126.8827598991652,37.55178509842499]]],[[[126.9612040995637,37.3858112999904],[126.9612560995117,37.3857129000888],[126.9613097001608,37.385616999571006],[126.9612561001313,37.3857129003105],[126.9612040995637,37.3858112999904]]],[[[127.0224522992351,37.4583735004735],[127.02242840016069,37.4581668989234],[127.0228784001269,37.4583128000113],[127.0224522992351,37.4583735004735]]],[[[127.1450693992732,37.6489328996417],[127.1450694014143,37.6489328996129],[127.1449108998517,37.6492076005586],[127.1450693992732,37.6489328996417]]],[[[126.87120589966851,37.5175886999346],[126.8713392000976,37.5174142996731],[126.8712059001826,37.5175887002177],[126.87120589966851,37.5175886999346]]],[[[126.8759735997914,37.489582999919506],[126.8760210998284,37.489530099652605],[126.8760247999345,37.489606200461196],[126.8759735997914,37.489582999919506]]],[[[126.921654299496,37.5911132003691],[126.9219636005838,37.591242599691704],[126.9216903994599,37.591234300248004],[126.921654299496,37.5911132003691]]],[[[127.034744599534,37.738825499680296],[127.0347446002793,37.7388255000069],[127.03474249956089,37.7388622005243],[127.034744599534,37.738825499680296]]],[[[127.0400671997124,37.729679900019],[127.0401188000569,37.7296764999495],[127.04011879999611,37.729676500213394],[127.0400671997124,37.729679900019]]],[[[127.0413671997363,37.7264143004017],[127.04136720019619,37.726414298928205],[127.0415217004368,37.7264194001493],[127.0413671997363,37.7264143004017]]],[[[127.04199989938479,37.7305744001875],[127.0420009996333,37.7305359996831],[127.0420003996339,37.7305084997106],[127.0420010008675,37.7305360001537],[127.04199989938479,37.7305744001875]]],[[[127.0478903999719,37.7387261000094],[127.0478904000581,37.7387260998865],[127.04791769996,37.7388025000786],[127.0478903999719,37.7387261000094]]],[[[127.10196669956761,37.3474689991498],[127.1028450011305,37.3479425988111],[127.1028450013215,37.347942600704506],[127.10196669956761,37.3474689991498]]],[[[127.11399579867229,37.3547788008217],[127.1139958005196,37.354778798603895],[127.1139958005757,37.3547788014428],[127.11399579867229,37.3547788008217]]],[[[126.7955582995338,37.482987799603094],[126.7955583006459,37.4829877992254],[126.7955583007673,37.482987800016296],[126.7955582995338,37.482987799603094]]],[[[126.846252599981,37.5632784003911],[126.846252600104,37.5632783994329],[126.8464240002008,37.5632045996672],[126.846252599981,37.5632784003911]]],[[[126.86944299941361,37.5146116003974],[126.869443000535,37.5146115999487],[126.8694429993556,37.5146116016786],[126.86944299941361,37.5146116003974]]],[[[126.9206010998216,37.595595599503206],[126.9209046001024,37.5954974999345],[126.9206011001737,37.5955956002149],[126.9206010998216,37.595595599503206]]],[[[126.9546741996919,37.596231299972],[126.9546742012009,37.5962312996665],[126.9546742013388,37.5962313005585],[126.9546741996919,37.596231299972]]],[[[127.02563600037101,37.4789642004997],[127.02563599950881,37.4789641989328],[127.0258059004714,37.4789804000822],[127.02563600037101,37.4789642004997]]],[[[127.0526248991863,37.7270331004987],[127.0526249001626,37.7270330998118],[127.0526249000271,37.7270331008114],[127.0526248991863,37.7270331004987]]],[[[127.06672069554101,37.4329787967876],[127.06672070000211,37.4329787940071],[127.06672070289021,37.432978797699],[127.06672069554101,37.4329787967876]]],[[[127.0742196973808,37.646283600043596],[127.0742197002457,37.64628359800329],[127.0742197018257,37.6462836012862],[127.0742196973808,37.646283600043596]]],[[[127.11216749904919,37.6123909011704],[127.1123173013254,37.6124188993994],[127.1123172999122,37.612418900964805],[127.11216749904919,37.6123909011704]]],[[[127.17060829961319,37.6061162010365],[127.1706083006941,37.606116198689506],[127.1706083015194,37.606116200109],[127.17060829961319,37.6061162010365]]],[[[127.2141853997075,37.5814258999065],[127.214185399987,37.5814258992193],[127.2141854007322,37.5814258999385],[127.2141853997075,37.5814258999065]]],[[[127.2439788985902,37.5476537002164],[127.2439789003449,37.5476536993385],[127.2439789009244,37.547653700739],[127.2439788985902,37.5476537002164]]],[[[126.8199541965194,37.618680598188995],[126.8199542010309,37.6186806009218],[126.8199541981967,37.6186806014545],[126.8199541965194,37.618680598188995]]],[[[126.84499649896469,37.4948542004111],[126.8449964992371,37.4948541988147],[126.84499650060559,37.4948541991236],[126.84499649896469,37.4948542004111]]],[[[126.8699608996925,37.5136187002104],[126.8699609008402,37.5136186992598],[126.86996090026939,37.5136187003897],[126.8699608996925,37.5136187002104]]],[[[126.98453209912759,37.408347900949906],[126.9845321006127,37.408347899370504],[126.9845321018645,37.4083479028371],[126.98453209912759,37.408347900949906]]],[[[127.0448468998721,37.738417400109704],[127.0448469000709,37.7384173998955],[127.0448469001535,37.7384174000588],[127.0448468998721,37.738417400109704]]],[[[127.1046383996078,37.4951138996726],[127.10470529998241,37.494969799885],[127.1046383998398,37.4951139003373],[127.1046383996078,37.4951138996726]]],[[[127.1072236998192,37.3566007999972],[127.1072237004292,37.356600799477405],[127.10722370034611,37.3566008005327],[127.1072236998192,37.3566007999972]]],[[[127.114610199301,37.378666800134894],[127.1146102000175,37.3786667994062],[127.1146102001787,37.3786667998846],[127.114610199301,37.378666800134894]]],[[[126.8702618997862,37.5142336998141],[126.8702619001575,37.5142336994005],[126.8702619010833,37.514233700370696],[126.8702618997862,37.5142336998141]]],[[[126.88034719937001,37.4876321996871],[126.8803472003391,37.4876321994274],[126.8803472005704,37.4876322002383],[126.88034719937001,37.4876321996871]]],[[[126.91772199978939,37.3283378004996],[126.9177220001343,37.3283377994652],[126.9177220006589,37.3283378001644],[126.91772199978939,37.3283378004996]]],[[[126.9296647002074,37.355900200982404],[126.92966469862421,37.3559002002603],[126.92966470039521,37.3559001993189],[126.9296647002074,37.355900200982404]]],[[[126.9365399999104,37.5619297999108],[126.93654000011189,37.561929800038],[126.93653999999559,37.5619298001047],[126.9365399999104,37.5619297999108]]],[[[126.9401546995064,37.3786287000914],[126.94015470074599,37.3786286994791],[126.94015470041029,37.3786287011442],[126.9401546995064,37.3786287000914]]],[[[126.94476159901171,37.4662461997178],[126.9447615992987,37.4662461974612],[126.9447616015893,37.4662461985012],[126.94476159901171,37.4662461997178]]],[[[127.0218631990632,37.4634525001888],[127.0218632002085,37.463452499584],[127.0218632003513,37.463452500886],[127.0218631990632,37.4634525001888]]],[[[127.0406906986325,37.7063850998056],[127.0406907011616,37.706385097851395],[127.040690700095,37.7063851007723],[127.0406906986325,37.7063850998056]]],[[[127.0972908993516,37.3404454001823],[127.09729089979811,37.3404453993863],[127.0972909009515,37.3404453998266],[127.0972908993516,37.3404454001823]]],[[[127.0997192994252,37.3502395992516],[127.0997193018327,37.3502395994277],[127.099719299824,37.350239600277405],[127.0997192994252,37.3502395992516]]],[[[127.1015453998457,37.3997275999769],[127.1015454000956,37.399727599548996],[127.10154540031081,37.3997276002109],[127.1015453998457,37.3997275999769]]],[[[127.1075719995823,37.4987044996655],[127.107572000231,37.4987045004113],[127.1075719995073,37.4987045003514],[127.1075719995823,37.4987044996655]]],[[[127.11328659882139,37.578686902023904],[127.11328659888379,37.578686897803],[127.1132866012937,37.5786868974972],[127.11328659882139,37.578686902023904]]],[[[127.1140311995429,37.611282300338296],[127.1140311997551,37.6112822994552],[127.114031200718,37.6112822996699],[127.1140311995429,37.611282300338296]]],[[[127.1149761995745,37.4042782998505],[127.1149863006543,37.4042815003559],[127.1149761999487,37.4042783005262],[127.1149761995745,37.4042782998505]]],[[[127.11685219976,37.3498372998166],[127.1168522007966,37.349837300218496],[127.1168521996861,37.349837300418194],[127.11685219976,37.3498372998166]]],[[[127.118351299811,37.3704392005406],[127.1183513002304,37.3704391998417],[127.1183513004278,37.3704392007431],[127.118351299811,37.3704392005406]]],[[[127.1560721995587,37.6019187998417],[127.1560722003762,37.6019187999821],[127.156072200193,37.6019188006338],[127.1560721995587,37.6019187998417]]],[[[126.8014795996308,37.563743100175],[126.80147960048669,37.5637430998281],[126.80147960027399,37.56374310031531],[126.8014795996308,37.563743100175]]],[[[126.8697495996514,37.514058400120604],[126.8697496002985,37.5140583999894],[126.8697496000088,37.5140584004128],[126.8697495996514,37.514058400120604]]],[[[126.8825899998017,37.4815900000278],[126.88258999989819,37.4815899996934],[126.88259000024699,37.4815900000881],[126.8825899998017,37.4815900000278]]],[[[126.8847788987933,37.4121171004287],[126.8847789003516,37.412117099926206],[126.8847789001603,37.41211710116821],[126.8847788987933,37.4121171004287]]],[[[126.8926652998133,37.5439691003827],[126.8926652992657,37.5439690994983],[126.8926653001274,37.5439690996694],[126.8926652998133,37.5439691003827]]],[[[126.9364287999387,37.5616077999214],[126.9364288001296,37.5616078001561],[126.9364288000135,37.561607800206595],[126.9364287999387,37.5616077999214]]],[[[127.0441720993939,37.6339844001781],[127.0441720997451,37.633984399641506],[127.0441721002808,37.633984399830204],[127.0441720993939,37.6339844001781]]],[[[127.1013472987784,37.3966808005924],[127.1013472985769,37.3966807993059],[127.101347300202,37.3966807996653],[127.1013472987784,37.3966808005924]]],[[[127.15887959947531,37.6083610004628],[127.15887960012181,37.6083610000067],[127.1588795998697,37.6083610006358],[127.15887959947531,37.6083610004628]]],[[[127.2064194998594,37.5418665000686],[127.2064195002519,37.5418664998763],[127.2064195000566,37.5418665001258],[127.2064194998594,37.5418665000686]]],[[[126.8822595998431,37.501797100028895],[126.882259600132,37.5017970998831],[126.8822596000262,37.501797100092],[126.8822595998431,37.501797100028895]]],[[[126.9532436998922,37.460453399992495],[126.9532437000815,37.4604534000098],[126.95324369991731,37.460453400053495],[126.9532436998922,37.460453399992495]]],[[[127.06231239991159,37.6560754999829],[127.06231240002569,37.6560755000033],[127.0623123999816,37.6560755000565],[127.06231239991159,37.6560754999829]]],[[[127.13317409992631,37.478417700538],[127.13317409974391,37.4784176993573],[127.1331741000355,37.4784176999809],[127.13317409992631,37.478417700538]]],[[[127.14239069975321,37.5911946999965],[127.142390700397,37.5911946998522],[127.14239070012201,37.591194700216505],[127.14239069975321,37.5911946999965]]],[[[127.1663246000164,37.6197405003135],[127.1663245993892,37.6197404996862],[127.1663246016358,37.6197404999177],[127.1663246000164,37.6197405003135]]],[[[127.15349019993529,37.593033999948204],[127.1534902000616,37.593033999992706],[127.153490199999,37.5930340000519],[127.15349019993529,37.593033999948204]]]]}}]}