{"type":"FeatureCollection","features":[{"type":"Feature","properties":{"interval":15,"stationId":"5896638402"},"geometry":{"type":"MultiPolygon","coordinates":[[[[126.8713647991689,37.4990606002817],[126.8716479013645,37.4979261987376],[126.87243390022111,37.4989994997517],[126.8773363002956,37.501110197837],[126.8788977987341,37.5009756979715],[126.88010009753181,37.4997548991923],[126.8797249977106,37.4968535991312],[126.8818733999818,37.4950999997456],[126.8825841996787,37.4954703992528],[126.8828087001641,37.4946944996111],[126.8838062996181,37.496139299450306],[126.88546560126301,37.4958550996825],[126.8875735004148,37.496769399506796],[126.888483301177,37.4999992000238],[126.8876656010199,37.501706998772],[126.888858400253,37.5023389983606],[126.8904008005338,37.5014945997709],[126.89093250141741,37.50340279931],[126.8940080014095,37.504569199040496],[126.89261620121391,37.5046817002763],[126.89305020077991,37.5070851978728],[126.89479160108361,37.5079455991771],[126.8969694001794,37.507722798258506],[126.89643300099941,37.508783499219],[126.89769869973371,37.5088720991304],[126.89751000034249,37.5094600003425],[126.8955984998567,37.5096159001925],[126.89343649952231,37.5080689018762],[126.89103820090709,37.5103546996323],[126.8920040003878,37.5110936002863],[126.8908272000717,37.5106392010709],[126.8892961006577,37.511331801222],[126.8881482992249,37.513143901004106],[126.88733859960651,37.5106386008952],[126.8862142007309,37.5110294005044],[126.8859225003504,37.5127865998819],[126.88446090075439,37.5123116009963],[126.8821552008976,37.5151708002385],[126.88240169979841,37.5158348002752],[126.8815059990805,37.5148369993013],[126.8829867999506,37.514624999766504],[126.8824375004422,37.5127708015522],[126.880320099843,37.513720500133296],[126.8809048989838,37.5123812004452],[126.87854709964381,37.5117192006905],[126.87741540049241,37.5099030017312],[126.87480599912391,37.5084973022468],[126.8731830982138,37.5064493003023],[126.87387989937241,37.5051274997737],[126.8733283995157,37.5030160991544],[126.8750763978659,37.5027500994046],[126.8751694977728,37.499973402181304],[126.87248500035909,37.500120102050396],[126.8720283999541,37.4989907003009],[126.8713647991689,37.4990606002817]]],[[[126.90497499797229,37.5133750990449],[126.9058112994499,37.510870499828805],[126.9107325994763,37.509540699005804],[126.9111544008479,37.5113999996002],[126.9123061997882,37.5117062993182],[126.91248710005091,37.511128299461404],[126.9130319003404,37.5124332998685],[126.91239260123031,37.515298199529894],[126.9113323991575,37.5161393014625],[126.9084875998681,37.5146486009657],[126.9076999992908,37.5152200011135],[126.90497499797229,37.5133750990449]]],[[[126.8787760979162,37.4803547982485],[126.8796215981958,37.478667297174496],[126.8826382018844,37.4783305996858],[126.8826300007602,37.4803400002666],[126.8809178011445,37.4818877006415],[126.8811659002069,37.484296700837604],[126.8795169999062,37.4847755000188],[126.87991099798471,37.4835006994336],[126.878147897585,37.4822350001592],[126.8787760979162,37.4803547982485]]],[[[126.8570659993144,37.4942791004325],[126.8580685998588,37.492934199714],[126.8595023001115,37.4931299999228],[126.85862150129749,37.49430020077],[126.8570659993144,37.4942791004325]]],[[[126.8895924993177,37.4664170005173],[126.8905858993657,37.4666596989247],[126.8919992003914,37.4650176979046],[126.8933769009634,37.4662136995798],[126.8912102004642,37.4681349022592],[126.891467398621,37.4675478002735],[126.8895924993177,37.4664170005173]]],[[[126.91602609936,37.517620200479406],[126.9167963002956,37.516912499375195],[126.9181634008005,37.5175957012151],[126.91602609936,37.517620200479406]]],[[[126.8708402982337,37.4950374991798],[126.8710257000175,37.4940455984095],[126.8710873003438,37.4950439995173],[126.8720010005916,37.4953481994467],[126.8711619003587,37.495252400729],[126.8710658995284,37.496231000375104],[126.8708402982337,37.4950374991798]]],[[[126.9188019994795,37.516974499274404],[126.921739800556,37.5158245989104],[126.91962960074119,37.517015200682806],[126.9188019994795,37.516974499274404]]],[[[126.8930502996547,37.4974548998199],[126.8939800014453,37.4972731994677],[126.8933192003812,37.4979984003456],[126.8930502996547,37.4974548998199]]],[[[126.9267226997459,37.5143181999521],[126.9268729001286,37.5143729993116],[126.92722650010761,37.5148856999948],[126.9268728996611,37.5143730003008],[126.9267226997459,37.5143181999521]]],[[[126.8724211992681,37.50911059844],[126.8729724009575,37.5091740015701],[126.8726087998119,37.5095652001962],[126.8724211992681,37.50911059844]]],[[[126.89320549980039,37.4558412001427],[126.89342050000961,37.4559052994293],[126.8934491003866,37.455913899839196],[126.8935179003178,37.455934399818695],[126.89320549980039,37.4558412001427]]],[[[126.8654874997158,37.5124788000662],[126.86551020003701,37.512437099790496],[126.8656459002924,37.512479900114904],[126.8654874997158,37.5124788000662]]],[[[126.88743169940659,37.4862682002041],[126.8879179003722,37.486076499853304],[126.88771960034269,37.4861547001263],[126.88743169940659,37.4862682002041]]],[[[126.868649099473,37.4947100995413],[126.868691000383,37.4947309994863],[126.8686910000427,37.4947310002805],[126.868649099473,37.4947100995413]]],[[[126.9262374997972,37.5136809988985],[126.9262375003537,37.5136809990246],[126.9262375000387,37.5136810003484],[126.9262374997972,37.5136809988985]]],[[[126.8822595998431,37.501797100028895],[126.882259600132,37.5017970998831],[126.8822596000262,37.501797100092],[126.8822595998431,37.501797100028895]]],[[[126.9253524001355,37.5123805001718],[126.9253523999432,37.5123805000191],[126.9253524000298,37.5123804998733],[126.9253524001355,37.5123805001718]]]]}},{"type":"Feature","properties":{"interval":30,"stationId":"5896638402"},"geometry":{"type":"MultiPolygon","coordinates":[[[[126.839484399488,37.531957499817395],[126.8414612000292,37.528992899665],[126.8428833995727,37.529190299454804],[126.84297869896571,37.5279405000368],[126.8445481986281,37.5273487997667],[126.8451108996845,37.528479899002804],[126.847067099078,37.5264613003124],[126.84594959970569,37.5241816011181],[126.8437252993221,37.5224097998464],[126.84382029958971,37.5210224995152],[126.8453115989104,37.5208194995618],[126.844424699525,37.5200576995993],[126.8456440990992,37.5180278989995],[126.8535655985696,37.5128601985257],[126.8547460994594,37.5132724983988],[126.85538169882379,37.5106952009761],[126.8532283982595,37.5103431008051],[126.85430649932651,37.510138998871305],[126.8583030993471,37.5060656993032],[126.8605435992591,37.5059693991754],[126.86124689855579,37.5047571003877],[126.8595860999497,37.5025972019277],[126.85707389943461,37.5032425007381],[126.8564631000465,37.504568400476295],[126.85427819985969,37.501907800839994],[126.8527061001524,37.5026226010948],[126.85033339968109,37.5022404006483],[126.8499252000335,37.5014299008401],[126.84961029969199,37.5019839006318],[126.8494624996864,37.5012661005509],[126.8452196993845,37.499929000948],[126.8452102992627,37.4986764008394],[126.8423907996538,37.4974198012641],[126.8428846987561,37.495635298907395],[126.8418615002624,37.494352898341205],[126.8428847001028,37.4956352984379],[126.84383959950699,37.4952222987919],[126.8445201995566,37.493277399750994],[126.8440558998336,37.4926594998781],[126.8447088995532,37.4930054992439],[126.8450520008407,37.492265399305104],[126.8459438999488,37.4933956981748],[126.84811179916309,37.491787798559194],[126.8484309987266,37.4884066995319],[126.8502262998672,37.4892663994321],[126.8522329991634,37.4861519999485],[126.8530868997687,37.4867057985806],[126.8536623991932,37.4862398990465],[126.8531244991463,37.4836264002782],[126.85393089900259,37.483246899205994],[126.8529281000054,37.4817655006874],[126.8508557003035,37.482428901320304],[126.8483309990556,37.4811627011118],[126.8459673994331,37.481836900161696],[126.8483309980446,37.4811626994887],[126.8476882985332,37.4784585002778],[126.8481729001561,37.477004099092206],[126.8492927990362,37.4769503991459],[126.8499924990395,37.4745318998619],[126.8509001994961,37.4744471000504],[126.8503704996303,37.4739374000052],[126.8525364000766,37.473190999351],[126.853642200594,37.4741476996385],[126.8546930996998,37.4737621991987],[126.8556696001606,37.474852398966604],[126.8574892012373,37.474500898616306],[126.8593698003909,37.477533197420705],[126.8622026989314,37.4771687976792],[126.8632444978896,37.4765182983297],[126.86270039890289,37.4738144000191],[126.8616668998026,37.4726825982522],[126.8629724005135,37.471966099265],[126.86409999989279,37.4726655996465],[126.8659304989536,37.469293599661],[126.86717609946159,37.469630799532496],[126.8670841002289,37.4686199990912],[126.8689082992812,37.469541199402805],[126.8686098000724,37.4674872994026],[126.86958930001511,37.469083999488305],[126.8706627004143,37.469320599919904],[126.8702972004717,37.4704063997536],[126.8720188003769,37.4701811997342],[126.87248429977579,37.471429699053004],[126.873184299729,37.470341799378],[126.87372720016721,37.4715285001038],[126.8728125002346,37.4712117003242],[126.8727224003247,37.4721677993681],[126.8754405999616,37.47251519988269],[126.87626089989311,37.471628699692296],[126.8774347991674,37.472562799213],[126.8787935985221,37.4708551003701],[126.8784236979435,37.4684271995468],[126.8793853992245,37.4661598009514],[126.8779101992337,37.4661067009992],[126.8775823987679,37.4650987994226],[126.8786743989691,37.465292399287605],[126.8788772987662,37.4640572005228],[126.8780785994402,37.4629686005157],[126.87711299942809,37.4632391992659],[126.87823539950959,37.4628184993327],[126.8794197997123,37.4604369997367],[126.8821770999976,37.4607732998278],[126.8822243002981,37.4619587989814],[126.8847087995919,37.4606503985689],[126.8854227988779,37.459442299777],[126.8846649995148,37.4569367001999],[126.8851992995518,37.456379800120104],[126.8828883990671,37.454755299645804],[126.8846790971754,37.453726599993104],[126.88392779792669,37.451676802042904],[126.8820931993664,37.451954498959],[126.8866808988445,37.451332999063],[126.8859419999353,37.4499521995208],[126.888063700766,37.449632899347996],[126.8893192001681,37.450452899235],[126.8907739989385,37.4499103994447],[126.89079459969271,37.4477890994447],[126.89256279916819,37.449122797604495],[126.89342519830579,37.4488524978748],[126.89379429946649,37.4462993972245],[126.89465680053611,37.4484228988956],[126.8965097015047,37.448681799468204],[126.8975258003084,37.450073098683696],[126.89653200078779,37.4507757001747],[126.8966561006637,37.4530147979356],[126.89785039946939,37.453267397683],[126.8994822992657,37.450927599851],[126.8991808997881,37.4503511999452],[126.9000668997082,37.4505163996118],[126.8991830998879,37.4496255996633],[126.9022960999382,37.4498167995368],[126.9046583001158,37.452545898891096],[126.9058227000934,37.4522911997788],[126.90536040044,37.4527571000303],[126.9060551010786,37.454236400311096],[126.9051089009226,37.4541773001773],[126.9064043007062,37.4550676996057],[126.9058622007514,37.4551955004868],[126.90652930041091,37.4563105006443],[126.904646000636,37.4575421005588],[126.9037620009681,37.460168700690794],[126.9051685005446,37.4636271990342],[126.9064204992926,37.4640986985627],[126.906501700378,37.465565899526204],[126.90783300028289,37.4665949999716],[126.9071575012992,37.4684194003036],[126.9055016011579,37.4697713011156],[126.9042515006865,37.4690445013673],[126.9033264009299,37.4696887011781],[126.9038057004399,37.4711202005972],[126.9005809018516,37.4721792002523],[126.9006963017635,37.4730801998874],[126.8975892008759,37.4746373008162],[126.8977577010638,37.47589760063261],[126.8964456995065,37.4765810004653],[126.89670099915469,37.4758083006549],[126.8956598001959,37.475311501151694],[126.8944235003493,37.4773640004539],[126.8946611994867,37.476713600756995],[126.8933711001618,37.4766141007942],[126.8924765008342,37.4782182993603],[126.89504370140901,37.4796379990819],[126.8953279007945,37.482872898664],[126.8975890002299,37.481032299297105],[126.8974911004852,37.4837400984665],[126.8994584002966,37.4833130999885],[126.89866769995841,37.4844359000796],[126.898429500092,37.483823600622],[126.8974822010393,37.4842220002236],[126.8985719003865,37.484618699858295],[126.8979291010271,37.485712299674006],[126.8992813996748,37.4860934992928],[126.9012953001404,37.4848089999118],[126.9004324005875,37.4871961986529],[126.9021318992247,37.4870883986218],[126.9021241997911,37.485389299485504],[126.9021319011853,37.4870883982258],[126.90400129931591,37.486142299171895],[126.9034929996006,37.4851821995009],[126.9055382998299,37.4852921981033],[126.9063641997993,37.4823983997932],[126.9065164005096,37.4834685985165],[126.9075853994406,37.4836573983277],[126.9080433995666,37.482248498979],[126.91401739856441,37.481034899734595],[126.9142072993025,37.480125199384105],[126.91548780005529,37.4820578991752],[126.9166234995694,37.4815300991391],[126.9182574002134,37.4824271994534],[126.9190444003536,37.4819894988435],[126.92057350040591,37.485543500588996],[126.9203179006615,37.4865269996055],[126.92210969964779,37.487792899457304],[126.9222873988364,37.4863771992673],[126.92292829970769,37.486497099425],[126.92273969866399,37.4833796003878],[126.9215700990211,37.4831638004575],[126.9213240995474,37.4823757999247],[126.9232850994013,37.482736199531494],[126.92319449966729,37.4813805996508],[126.9242058998454,37.4815943996789],[126.9267492999406,37.478670799820904],[126.9282033002965,37.477890799338496],[126.9293463999012,37.4785381993612],[126.9310031991485,37.4765461997678],[126.9348494986441,37.475503099315794],[126.9384187003776,37.477043499576304],[126.9370426002156,37.4777444001853],[126.9376923003843,37.479404099649905],[126.93886669920991,37.4795553994986],[126.9386029991708,37.4784557999182],[126.93900549989999,37.4789661992811],[126.9395701999036,37.4780483994238],[126.9434765002463,37.4795556992651],[126.9442853999739,37.4785029998198],[126.9444649003007,37.4794567992941],[126.94653100008229,37.4797972988955],[126.9482931996717,37.481781898840204],[126.9511186998564,37.4777814991414],[126.9555777004813,37.478576799406],[126.956283599947,37.479824698587905],[126.95699859923201,37.478848599563996],[126.95770230098539,37.4793969996108],[126.9552967008392,37.484585699637194],[126.9560434998114,37.484534600705004],[126.9540115003817,37.485154700823905],[126.95383319980401,37.4839449008936],[126.953030199626,37.4847009015729],[126.9509730991603,37.4843322008455],[126.948331800139,37.4821264006545],[126.9440995008533,37.4860902004326],[126.9409902008456,37.4853677006719],[126.9399552000743,37.4861728005675],[126.9383661996184,37.484839900903594],[126.93747299987609,37.4850479004164],[126.9361236007022,37.485837499862804],[126.93664949993921,37.4863066006937],[126.9358148002707,37.4870531004307],[126.9334531001451,37.486721500445604],[126.9310558007639,37.4882978007119],[126.9305753991798,37.489482701241606],[126.9277004002629,37.4900891007636],[126.9271963998325,37.4909192003815],[126.9256107985731,37.4884449997218],[126.9230563011276,37.487485500681295],[126.9233521001972,37.4898354005638],[126.9227203996721,37.490508500910295],[126.9209830005912,37.489356901334],[126.920124900705,37.4919105998914],[126.9190653011073,37.4922825997904],[126.920945500187,37.4936690996608],[126.92079870144191,37.4945143995237],[126.9226510995895,37.4953966986414],[126.9233777988628,37.49518809885],[126.9235066987339,37.493908400129705],[126.9220414993743,37.4931908993479],[126.9238855990292,37.4917368995991],[126.9237167006463,37.491066099226096],[126.9249646005451,37.492750198765],[126.92625320053841,37.4925640995748],[126.924170401342,37.4928687012031],[126.92350670200571,37.493908400163406],[126.9244104014724,37.4957201992683],[126.926638599319,37.495412099704104],[126.92725899930481,37.4944502993431],[126.928418800637,37.4947205000418],[126.928459800596,37.4961795985827],[126.9294689995868,37.4950999996623],[126.9319455001289,37.4955334998359],[126.9316187004131,37.497985499475796],[126.93349880057339,37.4984610999171],[126.9336831007668,37.502105199477505],[126.9344112001343,37.5020322000817],[126.9319342003743,37.501981100809104],[126.9294936998104,37.5033042012611],[126.928355100949,37.5028368017285],[126.9275638017403,37.5046749998903],[126.92811480118931,37.505852498712805],[126.926283201633,37.5063682004254],[126.926257201659,37.5085223982712],[126.92926439902119,37.5072019998579],[126.92863029972919,37.5068375994776],[126.9316897009304,37.5080108991476],[126.9325782008048,37.509928598475604],[126.9344455995745,37.509546898829896],[126.9368114999049,37.5081726983991],[126.93723569948071,37.50673109984071],[126.9353547995086,37.505799800561796],[126.9360529990857,37.5058819993383],[126.9354029995034,37.5045233003606],[126.9358788998493,37.5029379986785],[126.936394599875,37.503255999147],[126.93686959991709,37.5023963994831],[126.939149199444,37.5036245975637],[126.9410544000796,37.5014687999157],[126.9404114007343,37.50276859974],[126.9443629006153,37.5052205995921],[126.9427216004451,37.5052079007044],[126.94227430127319,37.5069462997942],[126.9430374005101,37.5077278990126],[126.9467268994253,37.5086624987316],[126.9478148983373,37.506739500654604],[126.9467458003277,37.5053923997827],[126.94846850024561,37.5068504977232],[126.9490271011383,37.5085729990143],[126.9504429011434,37.508104599737],[126.9510280017326,37.509962698814505],[126.95348560028599,37.510676499981706],[126.9538698994541,37.5118630989085],[126.95489790103821,37.5111870001795],[126.9563875002225,37.5138507000424],[126.9535596013978,37.51275300166849],[126.95310400185339,37.5146102998112],[126.9473580005452,37.5166173004638],[126.9446839002544,37.515911800854],[126.94298340021311,37.516735901064],[126.9424306997055,37.515941301497],[126.9402272004532,37.5156852008402],[126.93870890136479,37.5180098998333],[126.9378950006316,37.517653101314096],[126.9374361010905,37.519199699767505],[126.9381425006798,37.5196392013873],[126.936518400691,37.5201895008731],[126.93640570080369,37.52190799915461],[126.93734740032279,37.5224836002017],[126.9336871997441,37.5219936012573],[126.9325516004498,37.5231461009065],[126.9305837006934,37.522204401547],[126.9291432009295,37.524727400304506],[126.9297392994188,37.5250991013317],[126.9271420995088,37.525397401259504],[126.92643219966169,37.524642701686],[126.9255818003999,37.526206600566205],[126.9245851005182,37.525464901081804],[126.9237162000352,37.5265169003864],[126.9226045001121,37.5243388015172],[126.9212697003979,37.5245348010448],[126.92103920029,37.5257123003199],[126.91962860042109,37.5259836002349],[126.9169526004324,37.529599000598395],[126.91593009964019,37.5293644008695],[126.91639519960209,37.5286769005495],[126.9154904991305,37.5281161994611],[126.91705379920221,37.5286104987359],[126.9179806982753,37.5276885996578],[126.9177062985497,37.5258891014573],[126.915113099706,37.5247225005959],[126.913057101762,37.525320099998304],[126.9141818017487,37.526078100868],[126.91358120103979,37.526932800644495],[126.9100761000355,37.5255514012854],[126.9094518001823,37.526653801231696],[126.90814000012,37.526170801343206],[126.90752790032991,37.5277276008355],[126.90645760093639,37.5276136004748],[126.90671620014581,37.5284270016009],[126.9056360986158,37.528606500388804],[126.9054925985186,37.52731320108],[126.90251860105329,37.527513500542995],[126.9020086015633,37.528531899524594],[126.9026419012419,37.529334499691394],[126.9070390004913,37.5309113002169],[126.9066791009799,37.532171499160796],[126.9073356012234,37.533103400775104],[126.90536710052251,37.5340443008429],[126.90496280049271,37.5352324999373],[126.90523450063131,37.5362744991457],[126.90653120171531,37.5360770985822],[126.90483570572141,37.5378461060873],[126.9031587996775,37.5383906997629],[126.9044686996111,37.5368622990742],[126.9046881001428,37.5350194003718],[126.8980470995312,37.539488900556705],[126.8990271987565,37.5385675996833],[126.898430599209,37.5372165008682],[126.8970840995564,37.5373794002276],[126.8961418987848,37.536183400601296],[126.8973251988478,37.5335060005152],[126.8954816010223,37.5307439014969],[126.8944537006511,37.5318140010139],[126.89388459946541,37.5308178007346],[126.8923295995493,37.531265401168504],[126.8922440996348,37.530012900690906],[126.8905088993865,37.5303825999678],[126.8913693990386,37.529857800246205],[126.8909982987177,37.5282709014141],[126.8841101986113,37.526521800115894],[126.883310899911,37.5260622999826],[126.88389029933161,37.525161900883],[126.8827901003325,37.524809201225],[126.8824645977283,37.525790701405505],[126.88146569866491,37.5243569027959],[126.8785527004299,37.5230693011422],[126.877663200605,37.5256965005193],[126.8761095009111,37.5257852006333],[126.87605530066311,37.5269257006229],[126.8752680997819,37.5259333010471],[126.8747650998352,37.5268874002142],[126.8716150996985,37.5250675998437],[126.87326779929549,37.5239009000408],[126.87378719922239,37.5219958008822],[126.87151259920701,37.5198405009197],[126.8695268008004,37.5197760001964],[126.8684790992374,37.5207890005847],[126.8683975992164,37.5198313010859],[126.86699730061669,37.5194231014941],[126.8661403994342,37.5210807011257],[126.8637372996688,37.5195485015609],[126.8629584004477,37.521302399807006],[126.8634520002405,37.5222998006044],[126.8611926007049,37.5230660008231],[126.8603633008492,37.5246409005564],[126.8592259010527,37.5245010005962],[126.8590878010034,37.525407200686296],[126.85839620025111,37.5248503010547],[126.8565819998292,37.526828300922695],[126.85210310028609,37.5274985004535],[126.8516779013221,37.5296217996371],[126.8530770001076,37.529794799486595],[126.85424020067411,37.5312084996731],[126.8528894999954,37.5339690004418],[126.8506086999569,37.5355424003235],[126.8490134005554,37.53550120061],[126.8485821004889,37.5362707007217],[126.8479919999144,37.5355462010276],[126.84749800046811,37.5364270006308],[126.84498329884839,37.5371188999722],[126.8446549991767,37.5359170011741],[126.8434559992302,37.536463600806094],[126.84315099890101,37.535622700376095],[126.8422554997965,37.535659300339496],[126.8420916991813,37.5341041001201],[126.8413199995335,37.533233800407196],[126.8405391995963,37.5335066013618],[126.8407880985619,37.5324618998981],[126.839484399488,37.531957499817395]]],[[[126.7756937986176,37.4844552000344],[126.7755157987274,37.4832021000438],[126.7765097993241,37.4819400001115],[126.78139879916121,37.4775072996343],[126.78133600108539,37.478707099032604],[126.78511520027541,37.478762098778496],[126.7868505988069,37.481060796625805],[126.7892868008946,37.4817046998606],[126.7902596003865,37.4830636993644],[126.7936338991485,37.482925299353],[126.79331569901059,37.480859099959005],[126.7955252992705,37.4795790991218],[126.7955259000003,37.47859789948539],[126.7980215003725,37.4801303998723],[126.79620210185111,37.4807543001888],[126.7966675002584,37.4832552996301],[126.8028094004089,37.4826781994921],[126.8055461002255,37.483120499283196],[126.8070367002707,37.4846793988336],[126.8100660981463,37.4821081984012],[126.81235299969771,37.4815938990418],[126.8138547999068,37.482228998952095],[126.813986499359,37.480928799155],[126.8148598991491,37.480725898630006],[126.81777960231439,37.481802598182],[126.819487600939,37.4835043004681],[126.8189829010621,37.4849525995301],[126.82040290053061,37.4854192998791],[126.81973500141319,37.4856416002758],[126.81969570149799,37.4876372000613],[126.8206962015263,37.488057402141905],[126.8185276011682,37.4874108010794],[126.8180716016242,37.4885048999853],[126.8190255010402,37.490030699121995],[126.8204615996041,37.490930898221805],[126.82198490023761,37.4903508998484],[126.8238202000915,37.4919284984238],[126.8246442992674,37.4917367986155],[126.8242441990639,37.4898209999497],[126.82477920042949,37.4894449997021],[126.8280338007185,37.4909767993174],[126.8271460020966,37.493191499004],[126.83317150044891,37.493225599937404],[126.8315061006338,37.4936217005762],[126.83188540012691,37.4946238007122],[126.82898880060911,37.495008500430295],[126.8289873993788,37.4932680013179],[126.8272003011659,37.4933251012608],[126.8277519002088,37.4986653000785],[126.8267142997651,37.4991306004086],[126.8271092993138,37.498535500560806],[126.8244650013827,37.4970578023911],[126.82143349947779,37.4977200004588],[126.82408749719781,37.4963841989656],[126.8229236983616,37.493087802261996],[126.81924440204091,37.4929054024444],[126.8182868987365,37.4940919011652],[126.81750029908261,37.4935506007863],[126.8185542988032,37.4923876009819],[126.8163145997384,37.4905065012003],[126.8156937991059,37.4912703010711],[126.8142387002198,37.4905244011716],[126.8137425000311,37.491822900322504],[126.8124494000472,37.4912272008501],[126.8101877004943,37.4926440008735],[126.8089662007891,37.4915672013514],[126.8086220015504,37.493711200962],[126.808495999536,37.4926303007001],[126.8076902997529,37.4932362010925],[126.8070985971371,37.4924950994744],[126.8076470965886,37.4915749003946],[126.8061184981172,37.4893063026632],[126.8064672991507,37.4878197010501],[126.805122000496,37.4881225007473],[126.8047396992476,37.4873144009233],[126.803246899634,37.487297000001995],[126.8036707988041,37.4862711001017],[126.80476729982749,37.4860401998222],[126.80428360031121,37.484969200893204],[126.8020515999336,37.4843788009046],[126.8027528997502,37.48324310024],[126.80106580052761,37.4831517010406],[126.7991638996115,37.485309501269796],[126.79598730275829,37.4853429013279],[126.7942251997088,37.4870590005707],[126.79120829956909,37.485618000989206],[126.7920136989803,37.4848900005582],[126.79081789914939,37.4847175009152],[126.7909455995752,37.4836137004979],[126.7901384001162,37.4838120004552],[126.7902595995736,37.4830637004108],[126.78923799956189,37.4826047006892],[126.7887013000986,37.4827612005327],[126.7889290001508,37.48431450066921],[126.7881451004654,37.482706100647704],[126.7814085007988,37.4839021006063],[126.7794574995233,37.4832764015047],[126.7764050008001,37.4849660003373],[126.7770122994825,37.484057700502504],[126.7756937986176,37.4844552000344]]],[[[126.96164200079299,37.5259375025465],[126.9610419991652,37.525277099487695],[126.9614892997398,37.5240712992003],[126.9641054991943,37.5238899990943],[126.9650387995181,37.5248919987393],[126.9681893995579,37.523707199524495],[126.9699884996671,37.5196562992772],[126.97060740098581,37.520964899149604],[126.9724843007468,37.5203652993723],[126.97283250056229,37.5211683989061],[126.9744783005598,37.521127899812406],[126.97442960038589,37.5225548999593],[126.97360169982531,37.5226430998728],[126.9745599997913,37.522309999905296],[126.9744782997914,37.5211279009347],[126.97302450124519,37.5216151004475],[126.9727332010565,37.5237684995393],[126.9679798012762,37.5271948998531],[126.9687768008534,37.5287904990289],[126.9698948997353,37.5288354989839],[126.9710422003731,37.5301563999608],[126.97049720002289,37.532082200336895],[126.9689137989493,37.5320165020719],[126.9674886991725,37.530902901954704],[126.9681784991421,37.5309988992418],[126.9677661995544,37.529823900416794],[126.96678279993121,37.5295647003366],[126.9667300000648,37.5306300000353],[126.9640430001283,37.5313219003782],[126.9630883988753,37.532854800154105],[126.9640429989554,37.5313218987394],[126.964063699493,37.528592199816096],[126.963614699942,37.5272467011616],[126.9630731993618,37.5275254009586],[126.96164200079299,37.5259375025465]]],[[[126.96920539991001,37.555360500064296],[126.97141049987161,37.554938299397904],[126.9726499998013,37.553109999405294],[126.9740404993089,37.552651899607504],[126.9743917001485,37.5534718991974],[126.97589620058429,37.5533743000948],[126.9728969004656,37.5568629996445],[126.97459100038131,37.5565554000353],[126.9739196002769,37.558813300350096],[126.9738639996448,37.5576487005566],[126.9718176987255,37.5584540010832],[126.9712699980341,37.557190000990495],[126.9717974997909,37.5581994991403],[126.97175089950011,37.5569107999751],[126.9724235992894,37.556714800061904],[126.97200719881889,37.555365700916205],[126.96920539991001,37.555360500064296]]],[[[126.9088152992559,37.5489220997001],[126.9093618005185,37.547317398892794],[126.9122173995229,37.547312199435304],[126.9116805997552,37.5457942000698],[126.912553999793,37.545740699547004],[126.9131264998544,37.5464169992976],[126.91540400033429,37.5464092995832],[126.91561780060981,37.5473801991055],[126.91747620055409,37.547555099599194],[126.9180582007603,37.5485463005706],[126.916460601141,37.5506762000348],[126.9175232007754,37.551793699090695],[126.9170357010845,37.552718400048704],[126.9151415000652,37.5532646002938],[126.9139455996286,37.553009599934306],[126.9135846999895,37.552061700882206],[126.9128107007635,37.5524020005419],[126.9133225999097,37.553031700309],[126.91131429971671,37.552659201382],[126.9119150994236,37.5522601001512],[126.909462599697,37.550819400031905],[126.9088152992559,37.5489220997001]]],[[[126.96621669945931,37.5426665999214],[126.9661928993998,37.5404121004067],[126.9672886996473,37.53876169969],[126.9686185993741,37.5393765989123],[126.9740304991425,37.536829699076],[126.9741738999368,37.5358995996071],[126.9750162002517,37.537660800156594],[126.9742997002009,37.536743901048595],[126.97436920014229,37.5377882001794],[126.9738390003331,37.5376053005061],[126.9729330012391,37.539570898540504],[126.9743412002999,37.5416696001319],[126.9732891006033,37.5436627004613],[126.9733669003998,37.5455692005586],[126.97195149993941,37.5459453008854],[126.97142959906509,37.5450282010681],[126.9704178999124,37.545703600394404],[126.96621669945931,37.5426665999214]]],[[[126.898226999117,37.431532600064195],[126.89862949765539,37.429681300016895],[126.90027289854021,37.429558998745996],[126.90070439971089,37.428134199427],[126.9027274999121,37.4291206991874],[126.90489219815001,37.428251600101206],[126.90185750021101,37.4274629007817],[126.901586998477,37.4267252988328],[126.9030686000601,37.427594899640404],[126.90368529944341,37.4269598002755],[126.9030843992408,37.4265608997432],[126.9052154003063,37.427104299232006],[126.9051319014928,37.4303834974314],[126.90552990109481,37.431136796678096],[126.9083356020845,37.4318542998584],[126.9073429036914,37.4339447991651],[126.90873160246899,37.4354291993483],[126.9066000010681,37.435149201723995],[126.9052300024381,37.4362045006687],[126.9060309005128,37.4393387000211],[126.9046384002307,37.4388441009479],[126.9035908007751,37.4411746001786],[126.902245899465,37.440676500756304],[126.901052298233,37.4400508995769],[126.90059859887019,37.438642599668704],[126.9010244989534,37.4369545004884],[126.9003296986148,37.4333912012317],[126.8996214981528,37.431837700714205],[126.898226999117,37.431532600064195]]],[[[126.92141389971681,37.5553839002361],[126.9235640999913,37.554862399873095],[126.9242858998594,37.5558359990394],[126.9254738000525,37.5551500991698],[126.926944300474,37.5559917997501],[126.9272339011336,37.5576948995447],[126.92603320049541,37.557409800635305],[126.92587420065439,37.558212399832705],[126.92705220004261,37.5587065000981],[126.92509389992749,37.5593845000918],[126.92378790040189,37.558405100646404],[126.92394049984681,37.5592096005714],[126.9225576997537,37.558931900180994],[126.92141389971681,37.5553839002361]]],[[[126.9750365992616,37.564571799737806],[126.975341499493,37.563529199792896],[126.9767959001618,37.563058999456004],[126.97870740030791,37.5638096998019],[126.9793653001435,37.5652207999574],[126.9769149001522,37.5661089003988],[126.9771088998102,37.5671416001925],[126.97708399979871,37.5649238000115],[126.9750365992616,37.564571799737806]]],[[[126.9043320966838,37.4203746030793],[126.9068119955285,37.4174074965768],[126.9063966983598,37.414087199359194],[126.9056194986982,37.4133796989583],[126.9069321998569,37.4130297990576],[126.9092701004063,37.4142632986782],[126.9105164997516,37.4133860988404],[126.9113493001194,37.41382869931],[126.9133495001658,37.4131805998],[126.9121225003902,37.4145964004206],[126.9124612001591,37.4157399995466],[126.9136918002353,37.4160195000584],[126.91323130019691,37.416938301175996],[126.9110216002377,37.4177347003981],[126.9108793001144,37.4186848001921],[126.9095354004602,37.417934200465595],[126.90696850057971,37.4197436008404],[126.9058141002802,37.422926700691],[126.90298139987681,37.4232893003929],[126.9043320966838,37.4203746030793]]],[[[126.9199420994636,37.5478756005004],[126.921334499969,37.5464988998389],[126.9220001996062,37.54692879943121],[126.9217344995794,37.545988499644],[126.9229237999977,37.545191199868796],[126.9237312003371,37.5456881002117],[126.923213600868,37.5465964999227],[126.92380090028071,37.5477436987755],[126.92610630080681,37.5475742001606],[126.92528290023179,37.5487167001072],[126.92349860071731,37.549143800226105],[126.9230574995833,37.550333100417305],[126.9199420994636,37.5478756005004]]],[[[126.74969879965451,37.488766000022],[126.756405100336,37.4878531992603],[126.7571541010403,37.489187799957406],[126.7563103999618,37.4901152000639],[126.75501280013981,37.4900295002886],[126.7548162997018,37.4915545000944],[126.7538212995707,37.490223400864295],[126.7520723996582,37.49034990037],[126.7512774995453,37.4890813006119],[126.74969879965451,37.488766000022]]],[[[126.83415009909581,37.4881812009174],[126.8352160973928,37.4858273987225],[126.8383041987282,37.4845251992174],[126.8383210993442,37.4819193989983],[126.838913800761,37.481936599684],[126.8382961011551,37.483403598651606],[126.8389901004611,37.4843157977394],[126.840220699362,37.4843652976116],[126.84168849917201,37.4826900983286],[126.8429392004753,37.4838670995159],[126.8430800017375,37.486666400202694],[126.8421139011147,37.488340500355],[126.8396875001278,37.4879079002675],[126.8391892006378,37.4889284994643],[126.8398738999531,37.4896089987838],[126.8410134006091,37.489364799892996],[126.84048370089049,37.490390499445994],[126.8415449006547,37.490381699348],[126.8416575008938,37.4911821004908],[126.8406983011002,37.4917269007553],[126.836427900198,37.4889473014141],[126.8339640995802,37.4898520005624],[126.83543089837171,37.4887186006407],[126.83415009909581,37.4881812009174]]],[[[126.94296819963749,37.537395000105995],[126.946203699867,37.5377382993785],[126.9465429997158,37.5370554986881],[126.9481785004691,37.537922199524196],[126.9492739006311,37.539504199861405],[126.9486145003579,37.5404466995539],[126.94947740037671,37.540555300692304],[126.94850460076681,37.541131700606805],[126.94918880055211,37.5418084005706],[126.9485046005733,37.5411317007698],[126.94778199896611,37.541693100780805],[126.9468116999364,37.540537801936104],[126.9454906992489,37.541438300559506],[126.9461511987971,37.5400555009089],[126.94388239952691,37.540177200676005],[126.94296819963749,37.537395000105995]]],[[[126.9187725992584,37.405348800888795],[126.9203839996849,37.406056097725],[126.921672698958,37.4037875993312],[126.9230705987453,37.403286299314395],[126.92279189966811,37.4023903999396],[126.9242416995879,37.4010781995144],[126.92396909939339,37.399475299654796],[126.9247629997935,37.3985551993431],[126.925616500087,37.3999187993713],[126.9266714003531,37.3997691983864],[126.927433200534,37.4005953995348],[126.9261869992708,37.4028232063769],[126.9216727012888,37.4037876005326],[126.9223894004562,37.404572000537904],[126.9216726996852,37.4037876024344],[126.9203971006692,37.406163000441],[126.9187725992584,37.405348800888795]]],[[[126.92860509928799,37.5269825004812],[126.9297038001113,37.528633598213],[126.9304478995039,37.528519398412],[126.9341870989428,37.5257388988432],[126.93414389928739,37.524149399101496],[126.93630419983789,37.5242806995295],[126.93654600072071,37.5236277992429],[126.937363399875,37.524081699406004],[126.93747260020221,37.5235286997396],[126.9371311009586,37.524653300210794],[126.9380156002573,37.5254846002495],[126.9350130072186,37.5286435067469],[126.9302811998187,37.531125100130595],[126.9287955992999,37.5295788002128],[126.9297037984099,37.5286335990343],[126.92860509928799,37.5269825004812]]],[[[126.94595939960091,37.5040732999441],[126.9460428996986,37.5018176999036],[126.9485288994716,37.502304199229094],[126.94815709957031,37.501212299487],[126.94982420023389,37.50081299951],[126.9502277007562,37.502511600048095],[126.94958440012691,37.5042932005012],[126.94865870005539,37.5036929008808],[126.9463786999527,37.5047054001582],[126.94595939960091,37.5040732999441]]],[[[126.95023499898541,37.543178800144396],[126.9519750006168,37.5435749999739],[126.95186700034239,37.5464405002431],[126.94962589973291,37.5447576004999],[126.95023499898541,37.543178800144396]]],[[[126.9321513990945,37.4711851002565],[126.9337297999079,37.469944698993196],[126.9369063010002,37.4710923003475],[126.9334851000085,37.4741056007133],[126.9321513990945,37.4711851002565]]],[[[126.9607562996476,37.4774442001369],[126.9616723996547,37.477705999137],[126.961313299414,37.475906299531],[126.9622263005116,37.4748012992139],[126.9642943009339,37.475600799234606],[126.9656246012699,37.4752629997343],[126.9664236004548,37.4767305997916],[126.966177001576,37.477948502020894],[126.9635420997183,37.4794038003301],[126.96099769984339,37.4784470004975],[126.9607562996476,37.4774442001369]]],[[[126.8383589994054,37.5412048003721],[126.8410165004304,37.5398375994385],[126.8419778005507,37.540881999617504],[126.84097080103159,37.5415025998633],[126.84245299980441,37.5420588991956],[126.8423916006212,37.5426804001681],[126.8389389995016,37.5431863004948],[126.8383589994054,37.5412048003721]]],[[[126.9615341996269,37.5075828001032],[126.9626250999621,37.5068956993966],[126.964560099966,37.507641899482],[126.9661425001287,37.5073065998799],[126.9642489003365,37.5082879010439],[126.9630371059164,37.5103292067626],[126.9615341996269,37.5075828001032]]],[[[126.9880341990798,37.5202887992068],[126.9925598008507,37.5199000000334],[126.9908769002844,37.5204124004594],[126.990767000128,37.521660800601296],[126.9903145996893,37.520428000648],[126.9880341990798,37.5202887992068]]],[[[126.8907765988275,37.5374641007105],[126.8911719001468,37.5366704997086],[126.89152989986029,37.5375493990324],[126.89306010067,37.536727498484],[126.894526500529,37.5386670997669],[126.8934961012897,37.539652999360904],[126.8940698012722,37.5403611993672],[126.8932241993309,37.5393105013032],[126.891729899249,37.5395813013186],[126.8904434995207,37.5384391006369],[126.8907765988275,37.5374641007105]]],[[[126.9306544994803,37.547497500015496],[126.9341335001665,37.547278999906105],[126.93279820028059,37.5476179008107],[126.9327288993185,37.548489600738506],[126.9306544994803,37.547497500015496]]],[[[126.9362161997979,37.5548447997705],[126.9370883002613,37.5548145000105],[126.93640479998611,37.555374100124205],[126.9362161997979,37.5548447997705]]],[[[126.9087374996068,37.555537799943906],[126.91098939996351,37.555090899291905],[126.91160700062251,37.556096700130496],[126.90956180067961,37.5556561010609],[126.9094530000225,37.556795100747],[126.9095617994008,37.5556561003097],[126.9087374996068,37.555537799943906]]],[[[126.9323927992474,37.3845648009097],[126.93460900003099,37.3830495986925],[126.9365546003268,37.3832324997702],[126.9353631004837,37.3833900001367],[126.9351640011898,37.3845913996495],[126.93412130082851,37.3850932999015],[126.9348889001938,37.3853151999785],[126.9343313008168,37.3868881006088],[126.9323927992474,37.3845648009097]]],[[[126.722570698371,37.4901748002158],[126.725388300393,37.490290100010306],[126.7243979005858,37.4905028008264],[126.7246081004283,37.491352800533],[126.7232332999226,37.4913586005656],[126.7226063995944,37.491326200884004],[126.722570698371,37.4901748002158]]],[[[126.9709725993057,37.5349189986007],[126.9716244000681,37.5329410992898],[126.97361390019731,37.5349310998322],[126.9720032001821,37.534268500833406],[126.9709725993057,37.5349189986007]]],[[[126.9530231994389,37.495746900148],[126.9544453003907,37.4953842995891],[126.95317629955909,37.4967034005158],[126.9530231994389,37.495746900148]]],[[[126.98279909964549,37.570279600088],[126.98273530013981,37.569997899663996],[126.98332260065919,37.570158399677894],[126.98279909964549,37.570279600088]]],[[[126.943569499874,37.3729718002713],[126.9443722011332,37.3712976997334],[126.9442547020211,37.3720175004972],[126.943569499874,37.3729718002713]]],[[[126.8635423992387,37.5262772004774],[126.8649488999424,37.5250641991365],[126.86516330062791,37.5260199003359],[126.8635423992387,37.5262772004774]]],[[[126.836319999307,37.5492730996622],[126.8370470002788,37.549270899999],[126.835670799512,37.5493607000025],[126.836319999307,37.5492730996622]]],[[[126.9043433993655,37.4250804007479],[126.9049919011024,37.4244061992115],[126.90582310357381,37.425144799361895],[126.9043433993655,37.4250804007479]]],[[[126.8820404992358,37.5437063990218],[126.8831001002243,37.544206099885294],[126.88240930155631,37.5454213014578],[126.8820404992358,37.5437063990218]]],[[[126.8900471997769,37.539573199779596],[126.8902730998211,37.5395191996895],[126.8904348000616,37.5397364004949],[126.8900471997769,37.539573199779596]]],[[[126.9780025993008,37.558184399522],[126.9781910002899,37.5580645994996],[126.9786750001424,37.558845500317],[126.9781909998998,37.5580646002921],[126.9780025993008,37.558184399522]]],[[[126.7648916992067,37.487569800140705],[126.7651385014711,37.4875803000392],[126.765108900903,37.487860100449],[126.7648916992067,37.487569800140705]]],[[[126.97751489956501,37.5025998987964],[126.9776954009116,37.5027632004676],[126.9775148992573,37.5025999005561],[126.97751489956501,37.5025998987964]]],[[[126.9558865994105,37.5534120005047],[126.9558866001406,37.553411999031205],[126.95647760025349,37.5531915997934],[126.9558865994105,37.5534120005047]]],[[[126.8764955998997,37.4607354994872],[126.8767381006233,37.4609924992706],[126.8767381002034,37.4609925006202],[126.8764955998997,37.4607354994872]]],[[[126.88600169987559,37.4494349000381],[126.8863373000911,37.449452699960105],[126.88632730084291,37.4495584001171],[126.88600169987559,37.4494349000381]]],[[[126.9360226999313,37.555339799988296],[126.93600620004439,37.5553100999362],[126.9360337000182,37.5553596000329],[126.9360226999313,37.555339799988296]]],[[[126.9638486996885,37.5327251995394],[126.9642802007029,37.5325693997335],[126.9641262010199,37.5327233007132],[126.9638486996885,37.5327251995394]]],[[[126.8750306992998,37.546893900162],[126.8750307000567,37.5468938993911],[126.8750307002691,37.5468939002954],[126.8750306992998,37.546893900162]]],[[[126.8836839993254,37.4500009987141],[126.88368399985241,37.4500010008592],[126.8836839978031,37.4500009996219],[126.8836839993254,37.4500009987141]]],[[[126.9052027996775,37.4400179003784],[126.9052037996653,37.4399588998331],[126.9052954004441,37.439960599847396],[126.9052027996775,37.4400179003784]]],[[[126.9773809999862,37.5668907999731],[126.9773957002055,37.5669071000949],[126.9773956999756,37.5669071000937],[126.9773809999862,37.5668907999731]]],[[[126.9149079995197,37.4797508993182],[126.91499080061149,37.4797585996988],[126.9149079996177,37.4797509005608],[126.9149079995197,37.4797508993182]]],[[[126.977597700134,37.4765588993132],[126.9777048006239,37.4765631999625],[126.97759769928881,37.4765589000841],[126.977597700134,37.4765588993132]]],[[[126.866646099432,37.5257993992727],[126.8666461011932,37.5257993997166],[126.8666461001456,37.525799400759695],[126.866646099432,37.5257993992727]]],[[[126.9302003997514,37.5253909015405],[126.93038019969251,37.525218899813],[126.9303802013317,37.525218900804596],[126.9302003997514,37.5253909015405]]],[[[126.9436634996273,37.3717234996748],[126.9436635003465,37.371723499777005],[126.94364249997379,37.371767000053],[126.9436634996273,37.3717234996748]]],[[[126.9527879994214,37.546410800272795],[126.9527880005743,37.546410799400995],[126.95278800039979,37.5464108002776],[126.9527879994214,37.546410800272795]]],[[[126.97599769974639,37.5376848002684],[126.9759977000232,37.537684799665804],[126.9759977007179,37.537684800021],[126.97599769974639,37.5376848002684]]],[[[126.9789781999159,37.566009899936496],[126.9789782002328,37.566009899923095],[126.97897820016411,37.566009900236395],[126.9789781999159,37.566009899936496]]],[[[126.8835365988115,37.5434567000576],[126.8835365995393,37.5434566987552],[126.8835366007139,37.5434566994185],[126.8835365988115,37.5434567000576]]],[[[126.88393209933899,37.4576668996551],[126.8839321006151,37.4576669003224],[126.8839320998389,37.457666901199],[126.88393209933899,37.4576668996551]]],[[[126.9003351994521,37.538843900044],[126.9003352007917,37.5388438999989],[126.9003352000135,37.5388439006284],[126.9003351994521,37.538843900044]]],[[[126.9373768999479,37.555145099834796],[126.9373769001094,37.5551450999648],[126.93737689997971,37.555145100202694],[126.9373768999479,37.555145099834796]]],[[[126.9724125992001,37.551754900389],[126.9724126008701,37.5517548996188],[126.9724126000387,37.5517549007604],[126.9724125992001,37.551754900389]]],[[[126.9789039994416,37.476613500145],[126.978904000089,37.4766134992658],[126.9789040004144,37.4766135001691],[126.9789039994416,37.476613500145]]],[[[126.7647457997056,37.4867903995534],[126.7647458001368,37.486790399870294],[126.7647458002432,37.486790400373195],[126.7647457997056,37.4867903995534]]],[[[126.8706362997534,37.520777099495895],[126.8706363000496,37.520777100218396],[126.8706362998525,37.520777100164],[126.8706362997534,37.520777099495895]]],[[[126.9029422994776,37.5634389992181],[126.90294230038681,37.563439000147405],[126.90294229998531,37.563439000041605],[126.9029422994776,37.5634389992181]]],[[[126.94203879984421,37.5477584000763],[126.9420388001447,37.547758399936896],[126.94203879991221,37.547758400139],[126.94203879984421,37.5477584000763]]],[[[126.9433689996887,37.3716347999009],[126.9433689999218,37.371634799763505],[126.94336900006181,37.3716348002471],[126.9433689996887,37.3716347999009]]],[[[127.0111852997501,37.5306123001003],[127.01118530033219,37.530612299357],[127.0111853015295,37.5306123007107],[127.0111852997501,37.5306123001003]]],[[[126.8822595998431,37.501797100028895],[126.882259600132,37.5017970998831],[126.8822596000262,37.501797100092],[126.8822595998431,37.501797100028895]]],[[[126.9097849003267,37.5279112989255],[126.9097848998657,37.5279113006832],[126.9097848998492,37.5279112999742],[126.9097849003267,37.5279112989255]]],[[[126.9652876997811,37.531886300045194],[126.9652876999427,37.5318862998275],[126.96528770009171,37.5318863000429],[126.9652876997811,37.531886300045194]]],[[[126.9546666999131,37.495713700045904],[126.9546667000148,37.4957136998346],[126.9546667000474,37.4957137000257],[126.9546666999131,37.495713700045904]]]]}},{"type":"Feature","properties":{"interval":60,"stationId":"5896638402"},"geometry":{"type":"MultiPolygon","coordinates":[[[[126.608550798088,37.477166399230605],[126.60966809918929,37.477505799441204],[126.6098665989908,37.4765342004128],[126.6091098005011,37.4764416973127],[126.6125614982934,37.477176696920104],[126.6158782988717,37.4737262934224],[126.6159017004163,37.474987998495706],[126.6171900991279,37.4735418999418],[126.6168135979364,37.4730539940947],[126.6207428987269,37.4706995987606],[126.6224926984867,37.468678999505],[126.62472550041579,37.4696153992358],[126.6280466989695,37.4684799983581],[126.62785810002819,37.4668262994099],[126.6297586981276,37.467315398920796],[126.62985839759091,37.4643637978252],[126.63148819720851,37.4607781979381],[126.6341403007911,37.4612425961302],[126.6361499987814,37.4579969993758],[126.6356428001521,37.456969799436],[126.636814301398,37.4584476978284],[126.63905979915249,37.4574172988588],[126.64053839985199,37.4580842992108],[126.6423764015978,37.4575674982047],[126.64419240177,37.4583174988533],[126.6471636000058,37.4581642996327],[126.6493096000479,37.4571412993837],[126.6513418000412,37.459983799496406],[126.6532766999111,37.459651799126206],[126.6544889003444,37.461087899531705],[126.6565223999299,37.460853199437004],[126.6568869000132,37.459823899050505],[126.6584184987377,37.460526498483],[126.65956539854571,37.4595268990775],[126.6587557992189,37.4578385996554],[126.66077869867239,37.457160099855706],[126.65978559966531,37.4563968995327],[126.66164729929889,37.4553586003779],[126.66060639976051,37.4551120995216],[126.6616472996283,37.455358598977796],[126.6672789993949,37.452199099663],[126.6673480998471,37.4514611990805],[126.6678132004163,37.452235799385896],[126.6728791989584,37.4516906000729],[126.6756099987664,37.4489326000716],[126.67685259910931,37.4493747992708],[126.6764526997728,37.4481865995112],[126.6783310995226,37.4461070997936],[126.6796299997398,37.447361799490004],[126.6801898991571,37.4464306995618],[126.6811517004134,37.4463961000095],[126.6802216007826,37.4464290004277],[126.680481200523,37.4473202995364],[126.68230740030229,37.446535699888095],[126.6859209013524,37.4494805995485],[126.6860290012312,37.4503554992123],[126.6887460985141,37.4501680993997],[126.68914649816571,37.449079399571204],[126.6899361992163,37.449099099638595],[126.6914927992247,37.447258499977295],[126.6903805996389,37.4465041999905],[126.69177559896539,37.444572400202],[126.6911912990763,37.4428103000987],[126.6924952996671,37.4428130989626],[126.6927688993935,37.441876699899005],[126.6921046996813,37.4401509009099],[126.6901627995287,37.438487701749104],[126.690759299509,37.437229400155],[126.6888892988998,37.4345273997554],[126.6900821986577,37.433501399257395],[126.6918547986246,37.433670099311],[126.6934774961116,37.4305025005578],[126.69142029816881,37.4277777032826],[126.6928816989201,37.4268451986622],[126.692830798971,37.4250915004159],[126.6919299983049,37.424521900291005],[126.6925736996831,37.424351499456],[126.6925656997282,37.4221655013007],[126.6893950997262,37.4205653017633],[126.687974097715,37.4183200020703],[126.6877148994353,37.4164022994229],[126.688577199563,37.4145648005631],[126.6871722999779,37.4148558009694],[126.6867580998808,37.4157074015188],[126.6847945995661,37.413831901127296],[126.6827360990247,37.4151058006036],[126.6826561998829,37.4135651998947],[126.6849034988938,37.4134886000354],[126.68457979921749,37.4128577006663],[126.68253299933811,37.4127356997151],[126.6837463990157,37.4120901002438],[126.6837852992819,37.411111499817],[126.6856409993816,37.4102874998334],[126.683433799531,37.408340100283795],[126.684809000201,37.4081556996303],[126.6876993012481,37.409147198914496],[126.68991179938,37.411446398951405],[126.6916462016538,37.4103970989329],[126.6903851022463,37.4132182004776],[126.6916579009735,37.4164764972193],[126.6938627001082,37.4146551982034],[126.69511900104581,37.4155804976229],[126.6971347004994,37.4143113981939],[126.6981770003101,37.415372598272995],[126.6993636037107,37.4148171998089],[126.69825160136821,37.419863801117],[126.6957176004004,37.4206613003905],[126.6956597002139,37.4219066004447],[126.69364590150171,37.4217691001092],[126.6958519000217,37.4236760986752],[126.697781600124,37.422224799094],[126.6999940997168,37.4242365984344],[126.7011097986011,37.4229962996747],[126.70081859889231,37.422316800354196],[126.6996783004134,37.42239779939],[126.7033323008284,37.4228094986545],[126.7037288018188,37.4247488992768],[126.7024373022862,37.425554400055304],[126.7031663015572,37.4280139975957],[126.7047950999042,37.4290047006501],[126.70316630023001,37.4280140009221],[126.7005525028438,37.4297809991551],[126.70160490179141,37.431951496984595],[126.7048186007692,37.4317312997237],[126.7026968018694,37.432185200707096],[126.7030716023098,37.4346279012787],[126.70137740400399,37.435947899958705],[126.7046769007045,37.4385807973258],[126.7063248007463,37.4384315974023],[126.7062212009306,37.439561699300896],[126.7082888999911,37.4422472988216],[126.7106404008699,37.4427215996865],[126.7097131000871,37.443176900847995],[126.7089313015086,37.445383099296],[126.7094449014362,37.4464776988107],[126.7120278003442,37.4478149991182],[126.7127574006576,37.449595198594295],[126.7140983001287,37.4494040991972],[126.7128039013608,37.4501510999205],[126.71288220132429,37.4510893994019],[126.7148005994059,37.4509803995109],[126.71812709903601,37.4487751996485],[126.71810310026079,37.4477809986152],[126.7233130004823,37.4509026994301],[126.72454039925489,37.4509971993356],[126.7244709005452,37.4504368999698],[126.7277195993048,37.4517698990998],[126.7296812993352,37.4502703996165],[126.729709899741,37.448483199712996],[126.7303207999311,37.4492797987833],[126.7317688992138,37.448510599532796],[126.7319413984032,37.446052401078],[126.7327532993023,37.4450935983124],[126.7387772005065,37.4450422988719],[126.7400705005344,37.4458285998273],[126.7408209036051,37.4487173981354],[126.74020520073381,37.4493992000677],[126.74053019955589,37.4481082007625],[126.7374919999709,37.4473319019987],[126.7349477015146,37.4492693011831],[126.7353111014613,37.4522814987573],[126.7361822005902,37.452915998122805],[126.7375511992212,37.452117098921704],[126.73759989963911,37.450472499621895],[126.7387811006809,37.4517895993033],[126.7390796003874,37.457574800369606],[126.7359750006768,37.4577884998685],[126.7369695003736,37.4593017004151],[126.7352250996932,37.4587657001595],[126.7348916996161,37.457481301036495],[126.7330188005511,37.4581074003121],[126.734400699454,37.459476301014796],[126.73321099950769,37.4584484013273],[126.7313807998887,37.4596776010154],[126.73112759996789,37.4588028006528],[126.73006359927089,37.4596911003964],[126.7262322000805,37.4586264005805],[126.7231835012806,37.4611602994987],[126.7240682009629,37.463988400990495],[126.7228624012807,37.465362600228296],[126.7232773003553,37.467084900436504],[126.7218823013897,37.4686059992582],[126.7237106001954,37.4701317999941],[126.72356790033811,37.4728546972712],[126.7245602993457,37.4727951973307],[126.72478289965899,37.470038598522905],[126.7245603014503,37.4727951984762],[126.7254763035364,37.47603499605761],[126.7280832035314,37.480100393638],[126.73137270161929,37.482021599001],[126.733251201073,37.4845864988864],[126.7351730991511,37.4850967983761],[126.7350298991188,37.4836680994551],[126.73691769888791,37.4824307979648],[126.737562900532,37.4800615946661],[126.74055849955751,37.4795014971237],[126.7419463981696,37.478076698548506],[126.740419998956,37.475267000669405],[126.7413812979299,37.4735282967265],[126.74335740157369,37.4753902966033],[126.7468384000608,37.4730633973873],[126.7508266012957,37.4719566969598],[126.751813702681,37.4755842971572],[126.7545021999925,37.4746477980937],[126.7597857947089,37.476620596120895],[126.7614679977321,37.4698120997683],[126.7659998965502,37.4700499982075],[126.7656340004312,37.46636439875],[126.7663725042414,37.4700047976435],[126.76896420165,37.4728785989298],[126.778923395069,37.4716257973249],[126.7794211946992,37.4646226020026],[126.7767270959164,37.4626683998699],[126.77786309524481,37.4568654956612],[126.7793100015152,37.4568042983057],[126.77999700082819,37.4577185973914],[126.7821562986689,37.455999899110104],[126.7804161985065,37.450978901217205],[126.77838659622651,37.4505772994193],[126.77581789879521,37.448743001253604],[126.7740785997125,37.449171701146504],[126.7745054977459,37.4480870011165],[126.7710793011721,37.4467588024447],[126.7702531988916,37.4477106997889],[126.7710792980655,37.446758800740795],[126.77028009886469,37.4439771035225],[126.7680749979712,37.4431940000404],[126.7712348980312,37.4432450981772],[126.7723789985314,37.4408856989183],[126.7747081977094,37.44024379916],[126.77470129810631,37.4370980004225],[126.7731676980212,37.4364564993399],[126.77229849889041,37.4342100015864],[126.7704437994062,37.434072700705],[126.7735855981935,37.433785098082],[126.7739196978594,37.4328091990579],[126.77335579842331,37.43032200154509],[126.7711046990936,37.428966899947],[126.77335579802741,37.430321998339195],[126.7735006991799,37.427703298373494],[126.7741678007031,37.4298211989547],[126.7786770005814,37.429775699241404],[126.7791664008617,37.4314021978875],[126.78144689858121,37.430923898365805],[126.781124300115,37.4296297972654],[126.7838658995574,37.428968697379396],[126.7842593994659,37.4262523997185],[126.7855500988789,37.4248092007251],[126.7840570988363,37.425057799284694],[126.7852584982609,37.4234083983166],[126.7868613004814,37.4263463979871],[126.79081630206281,37.4255591978865],[126.7942376987,37.427156197007896],[126.7950400978976,37.425636098527995],[126.7956612996892,37.4257882977519],[126.7975754023059,37.4318310980903],[126.800956601639,37.43133309916271],[126.8016042012468,37.434246699999],[126.8053703004431,37.4355057999992],[126.8057731000458,37.4363169008937],[126.8036085009808,37.4368171999409],[126.8044762001131,37.4373463994117],[126.8062768996844,37.4375622997672],[126.8067830002571,37.436167599698095],[126.8062769010478,37.437562299347505],[126.8076132006268,37.4383437996635],[126.8084426016339,37.4423515984706],[126.8104780003663,37.4426002999164],[126.80890000128929,37.4433334998135],[126.8090217017854,37.445767498314304],[126.8128105006922,37.4461788998096],[126.8098492021857,37.446514700158204],[126.810770800541,37.449710699959596],[126.8129266013616,37.451895900883095],[126.8104952022235,37.4504925047404],[126.8065729061458,37.453327201905694],[126.80880120391751,37.4584609967719],[126.8114944012243,37.4600299952029],[126.8134074993112,37.459180896052],[126.8150754025513,37.4608318989212],[126.8148441000364,37.461696700568694],[126.81431619930109,37.460934101257905],[126.8126599009574,37.4613715008205],[126.81285130042261,37.4633158997368],[126.81394189933201,37.4647109983417],[126.818702900594,37.4626192989351],[126.8226920996787,37.466456896887195],[126.82407739949019,37.4635260971801],[126.8270161001295,37.4628236997795],[126.8257095013723,37.4633844995267],[126.8286773017728,37.4639573996592],[126.8287160007491,37.466614299209205],[126.8302833991817,37.4663868994366],[126.8310040987185,37.4657031993163],[126.83058129986881,37.4648183987982],[126.8320554983946,37.465170598446],[126.83316959910711,37.4634146987566],[126.8351037992732,37.4628465989993],[126.8362571995672,37.4608377982459],[126.8407130998719,37.4627550958523],[126.8419707986142,37.4619737966336],[126.8402463982527,37.4582243991703],[126.8408337991992,37.4585586988218],[126.8450747996234,37.455908098353504],[126.84483469986351,37.4539169003447],[126.84382719656811,37.4538567000504],[126.8448067938607,37.4520938978933],[126.8479821003975,37.4539767001584],[126.84717569958579,37.4539613027607],[126.84579480031479,37.456197902163396],[126.84507480103481,37.4559081024532],[126.84083380527579,37.458558699802595],[126.8426979034117,37.4613051970561],[126.84553270057691,37.4608589975023],[126.84913020104031,37.461616496834196],[126.8527967973737,37.4609447975059],[126.85525059750411,37.4572787974709],[126.8555878971668,37.4537523009974],[126.8549122982584,37.4533972989043],[126.8604748965477,37.4524352963763],[126.8619396950829,37.450380598431],[126.8609811960414,37.4475194012922],[126.85892179810081,37.4463724024392],[126.8584411990128,37.445251399144695],[126.8628751968082,37.4425050961534],[126.8643697007408,37.443726496611994],[126.8664391986713,37.4418819984565],[126.8652972976785,37.4401656977479],[126.8722093000409,37.447763893857996],[126.8763566958935,37.442636698985204],[126.8764722957779,37.4376741039478],[126.8752067970434,37.436944404677504],[126.8742048982958,37.433239800681],[126.8755767995389,37.431889399034105],[126.8776219967159,37.4237912054205],[126.87498929664329,37.422662504438804],[126.8765009974263,37.4208118004014],[126.87381089624719,37.4153092929502],[126.88163869808899,37.4112540953974],[126.8825762002595,37.4116127984603],[126.8838790990166,37.4101425998592],[126.8835375961901,37.4088698977816],[126.8845888004027,37.407495499472006],[126.8840714010929,37.409136998641],[126.88528650039281,37.409752000196],[126.8845160997188,37.4093535010079],[126.8838791003558,37.4101426002188],[126.883393900841,37.4121210982403],[126.8852349004444,37.412048897899105],[126.88687939879989,37.4129794969685],[126.8889863966929,37.4123035976444],[126.88988039915209,37.4110691976396],[126.8911236992975,37.4117053980517],[126.89236119806,37.4096367001204],[126.8923136981075,37.407375802381296],[126.8901627988697,37.4054774032314],[126.8878883989332,37.405668599966496],[126.8904550038157,37.4036459937313],[126.8966030000208,37.4030530958117],[126.8982154984083,37.4004794983853],[126.8977058989179,37.3991839996808],[126.8983305989668,37.398753299411005],[126.89780019949721,37.3977099004544],[126.89507669721701,37.3964930989325],[126.899705893709,37.3952677988984],[126.9032947973239,37.391256297520805],[126.90539629817681,37.3913255944773],[126.9067438982661,37.3860669991551],[126.9057877992222,37.3852148000073],[126.90711110039999,37.384982799820804],[126.90861289960759,37.3879127980886],[126.9085478989632,37.3849513998522],[126.9115400981208,37.3869249977697],[126.91356949642099,37.3835508003638],[126.9132045969628,37.380969995720896],[126.914608395559,37.379462097228796],[126.9139464994763,37.3729384994206],[126.91473020098249,37.3725925997086],[126.91423210148061,37.374283998017205],[126.91526950044319,37.375464796836404],[126.9192902004475,37.376779397373696],[126.92187589786181,37.3764255977275],[126.925154295141,37.3722645998044],[126.92508479483779,37.3699903004624],[126.9235832963393,37.367688902763796],[126.9194142993769,37.364459000772996],[126.9182864952184,37.3624902984984],[126.91730009809281,37.3589723999758],[126.9184042995795,37.359647399446104],[126.91966049950781,37.3588983990157],[126.91934169970611,37.3567747003568],[126.9170599999334,37.357207200694496],[126.9163369995206,37.3564691999367],[126.91963729976061,37.354417298417204],[126.9225320970417,37.355285896971395],[126.9245948949789,37.353040199217105],[126.9244902953693,37.3510087999572],[126.9214000984595,37.3492898016762],[126.9185657008879,37.3503428007607],[126.91882620013659,37.3520996005059],[126.9169614980518,37.3503851005028],[126.9168577981555,37.3478421030458],[126.9149748944065,37.3442350011486],[126.9149947957643,37.341760796118905],[126.9159335948255,37.3399059979737],[126.9149715957875,37.3339423039374],[126.9136618944692,37.3337417003645],[126.91167929645181,37.326581307524904],[126.9071649967131,37.328082805266995],[126.9048994978908,37.3226742003145],[126.9052856009997,37.324181098762],[126.9075128987724,37.3253692975738],[126.9103684964968,37.323243499200494],[126.9109625959027,37.3210652013788],[126.90838809847719,37.3179609044831],[126.9054114996281,37.318453403314706],[126.9038492995398,37.319700501897906],[126.9041127980494,37.316364901556206],[126.9026934994687,37.316485701435404],[126.89995139962821,37.318450500512796],[126.90260189680349,37.3158369001153],[126.8991049957779,37.313127898553596],[126.8979725984647,37.3071342015815],[126.89940019776431,37.3058147003407],[126.89989989760609,37.3041405003445],[126.8989670995332,37.302753199767395],[126.9000697008969,37.301990499511604],[126.9048418003171,37.3032225995649],[126.9059336015543,37.304671197367604],[126.9111656016431,37.3064627931278],[126.9124738028447,37.3097865988615],[126.9116271001984,37.314402599968304],[126.9109540008715,37.3149107994601],[126.9113286007219,37.3168310975325],[126.91412379792669,37.3152800990835],[126.9138450994718,37.314351798122495],[126.9155534014504,37.315064698336],[126.9129425021419,37.3181404996434],[126.9139358015033,37.3194532003372],[126.9166396007082,37.3204353986126],[126.9161302008428,37.320888499907],[126.9167756001974,37.3219405988549],[126.9170943998786,37.3208658999296],[126.9180992003041,37.3207769999526],[126.9181185002848,37.3228610978685],[126.9216259023373,37.3221955990648],[126.91811850091541,37.3228611019131],[126.9177918012421,37.323749701024504],[126.9209058014564,37.328684697700794],[126.9241142982479,37.3280532983322],[126.9242964985892,37.3272638989105],[126.9241143006682,37.3280532993571],[126.9247766000059,37.3282635991468],[126.9271080003963,37.3273549983153],[126.9291596998856,37.3277367984617],[126.92764070090699,37.3286531999659],[126.92758580100481,37.329708700119795],[126.9286899999006,37.3303376994908],[126.92989160118421,37.3297270998499],[126.9299810013994,37.3339739002925],[126.93135600207489,37.334312700507695],[126.9258879037263,37.334608703239695],[126.92502280459139,37.3374250004234],[126.9289589010675,37.3424810968572],[126.9310351994374,37.341497497782704],[126.9327771989992,37.3393748997509],[126.93215409942971,37.3378704995703],[126.9327772000196,37.3393748984669],[126.9337596992297,37.3387534989429],[126.93336239972409,37.3374144997683],[126.9346579004639,37.335422898342095],[126.93742969959429,37.3376264974347],[126.9414531021242,37.3389393961774],[126.94067820167999,37.3400649994999],[126.9446526004657,37.3438753983021],[126.945959299159,37.3441500980274],[126.94793459981419,37.342893699821595],[126.9495392001296,37.3405547986154],[126.9499364997323,37.3411209980492],[126.9535576961111,37.341049198121],[126.9540034971732,37.338389498331395],[126.9554783012524,37.3385974984067],[126.9567445999861,37.3376897993144],[126.9563707017276,37.339576098460704],[126.9600731012972,37.3410290962289],[126.9627205016934,37.344217098373605],[126.9648045026608,37.3449889974518],[126.966081802218,37.346532199128696],[126.9653007997358,37.3457631011329],[126.9625765024601,37.3490070978889],[126.9648973001393,37.3517037951922],[126.9681971997839,37.3504012969121],[126.9690697995801,37.3522302981005],[126.9689433997065,37.350031900298895],[126.9702853008108,37.349291599132904],[126.9708073003209,37.3521301994072],[126.9719490001646,37.3521863006751],[126.969024398643,37.3523257017548],[126.9652400020058,37.3553038992962],[126.9676714995743,37.356519598080496],[126.9687735001932,37.3552827993909],[126.9685801007653,37.3581943998526],[126.9698851014226,37.3590143999479],[126.96967700069311,37.3600487012695],[126.9662756999844,37.3608776015774],[126.9639375007184,37.3643310002421],[126.9643431002917,37.365048100676006],[126.9633507999561,37.3636767014202],[126.9609760020388,37.3652901001858],[126.961262801752,37.3673387981371],[126.9648488000069,37.3681054980149],[126.9653972019541,37.3701487988978],[126.967989500627,37.3736654008684],[126.9668697000538,37.3739210010279],[126.9657647997595,37.3727727010276],[126.9646566001297,37.373242901062504],[126.9632308006886,37.3760212998442],[126.96176540069351,37.375055600997705],[126.9614935009654,37.3761479999053],[126.9625884001203,37.376524700035894],[126.9614935006005,37.3761480005814],[126.9601965000666,37.3770376002216],[126.9603475004608,37.3798690991577],[126.9614056000901,37.3804811000767],[126.9628865998483,37.383504299217],[126.9643537996694,37.3834771994253],[126.965699800091,37.3824000994782],[126.9659901008529,37.3835427001939],[126.9677375991376,37.3843028994806],[126.9689499016054,37.3824337983952],[126.970914901177,37.3840714996348],[126.9702731005936,37.3848633998902],[126.9707962000705,37.3858104989431],[126.9713220001022,37.385301399417706],[126.9724177002837,37.3870679990363],[126.97283390094749,37.3861660001575],[126.97502640093461,37.38779860017431],[126.9750453006806,37.3894290993803],[126.9738981012146,37.3907503993218],[126.9753945009127,37.390950299688],[126.9760934006199,37.3925746990177],[126.9779900987232,37.393253398339],[126.9796047977577,37.3918471978157],[126.9859255999369,37.3942128982645],[126.9856948021489,37.3963641006468],[126.9865659012778,37.3971594998514],[126.9846118000196,37.3971836013556],[126.9835532002244,37.3992036011109],[126.9809268028508,37.3991004012141],[126.9810458027318,37.4020217982927],[126.9843868031083,37.4040808014809],[126.98415650098829,37.4077648999535],[126.9825500011097,37.409381799916],[126.9822171017507,37.4111113003769],[126.9800969018505,37.410645701323304],[126.9813005012663,37.412826701646395],[126.98009690046261,37.4106457024766],[126.9792831985929,37.4110874024645],[126.9788539955556,37.4103054007046],[126.9746079992035,37.4092433016962],[126.97217359923461,37.4106716008774],[126.97026149947851,37.4102579015226],[126.9709279992347,37.4100536996281],[126.9709044992582,37.4085312011506],[126.9690993989177,37.4094239011512],[126.96710269810539,37.4090460011279],[126.96604859806149,37.406756202501796],[126.9642618998482,37.4070024022556],[126.9649547990312,37.40671179960599],[126.9625645999073,37.4051823004155],[126.9600236995253,37.4057830008146],[126.9596263999726,37.4047021009157],[126.95778629845009,37.4056235010218],[126.9588065988189,37.4048486003577],[126.9551161999519,37.4020296001744],[126.9522447006605,37.4020661008975],[126.95188720130051,37.403215900538896],[126.949516400851,37.4040797006086],[126.9497526993283,37.405040901422204],[126.9473235996145,37.4061375005961],[126.9472799990517,37.4043907020077],[126.945695500229,37.4043726019518],[126.9451668987644,37.4052539006231],[126.9460552976776,37.403812099795005],[126.9451822985506,37.4005546030525],[126.9441727995601,37.399547904059204],[126.94063110310181,37.402175301431804],[126.9423985005181,37.405221400150005],[126.9415390013776,37.4061304992409],[126.94246800070721,37.4074449010208],[126.9403897027855,37.4093764990892],[126.9406829043618,37.4102242001238],[126.93936450043209,37.410441802208204],[126.93518610584199,37.4191348015485],[126.9297722026829,37.4218443072556],[126.9270552053999,37.429846599253295],[126.9279776044775,37.430546898553004],[126.9260787988051,37.431795800506606],[126.9267987980851,37.429819402483],[126.9223844024995,37.4274313048711],[126.9184980018824,37.4315937013277],[126.9208592012966,37.434790299798706],[126.9265151013863,37.437600596910606],[126.924744103422,37.4376186016264],[126.92392230327471,37.442455100196895],[126.92688310223319,37.4487527991489],[126.92853970057661,37.448689199212495],[126.9269942007771,37.4503939006226],[126.92749030028101,37.454530496485994],[126.93156859914791,37.4507196979311],[126.9332300008475,37.4525473976689],[126.936201497876,37.4528115974047],[126.9372075010072,37.451439899050996],[126.93621490341549,37.4529786981247],[126.9383778012526,37.4569597941436],[126.9435166961137,37.454033097070294],[126.9430538994078,37.451977397166395],[126.9492965978075,37.4515013973079],[126.9497315014452,37.4494346995575],[126.950292800123,37.4525384997102],[126.9520650994307,37.4535293979517],[126.952796798699,37.452066299414795],[126.95212309991989,37.450986099818],[126.9543840996384,37.4527060966896],[126.9544995008936,37.455013199701305],[126.9616958030535,37.4632708946841],[126.96421030053901,37.4636722942827],[126.968676296073,37.462033995921004],[126.9684436963056,37.459176398778595],[126.9660211987281,37.4561248018302],[126.9663790996638,37.4568039991982],[126.96858739745551,37.4564709995312],[126.9687394015332,37.4557168979073],[126.9693190014392,37.4594939949893],[126.9748011076631,37.4587189963016],[126.97436260100241,37.462245796683696],[126.9760631022544,37.4642565959742],[126.9800453004451,37.4667566980645],[126.97891290144119,37.466915702044],[126.97829110206301,37.4690709998887],[126.9806033997507,37.4710080979516],[126.9829779973761,37.469993498966204],[126.98522290055689,37.4668220980451],[126.9863224999335,37.4679953995277],[126.98809969983341,37.4673458988961],[126.9884371995754,37.464687501236895],[126.9874359989174,37.4609114995024],[126.9886868988555,37.459392799438305],[126.9878057997366,37.458721900109204],[126.9922611967409,37.453559395463],[126.9914109989426,37.4451236991351],[126.99453269627769,37.443519800074796],[126.9939682981512,37.44169259873831],[126.99704360072789,37.4424131985682],[126.99992399924909,37.43956030056199],[126.99866229892541,37.4383150009222],[126.9941282987344,37.439700800629],[126.9935683985511,37.4377943026366],[126.9908589973054,37.435183002868904],[126.98857649643699,37.4358206000098],[126.988706996953,37.435080999001094],[126.9846609955661,37.4311341038935],[126.98504219641619,37.4281900004641],[126.98432599671439,37.4267266005386],[126.9823410982761,37.4242342012026],[126.9805179993458,37.4232450016797],[126.9835799989593,37.424710298994],[126.983129998995,37.423368696862],[126.9845770975479,37.4229187973119],[126.9856117974412,37.4203730969758],[126.9876140984551,37.4182670996525],[126.98703659947749,37.4177118995681],[126.9904619003377,37.418501899401605],[126.9902175006001,37.4191664997342],[126.9913327000697,37.419045998845505],[126.9913869013305,37.4202669992857],[126.99248170046229,37.4208076996202],[126.9948068999102,37.420344899032706],[126.9951459007429,37.4225922990342],[126.99655010014659,37.4223930995095],[126.996835499902,37.4233268990275],[126.9988904000452,37.422610199618404],[126.9991150014022,37.423548001482494],[126.9978627007002,37.4241854001203],[126.99936130037041,37.4268777987589],[127.0009823999892,37.4271048995528],[127.00004720107219,37.4280749996314],[127.0004309006885,37.4289063988],[127.0025324985869,37.4288018989045],[127.0019631003985,37.4270212997538],[127.0042363004504,37.4277868996235],[127.00428610065521,37.429596699132695],[127.0059173993022,37.4302515987986],[127.008731399203,37.4278464973537],[127.0115424013115,37.4301404982245],[127.01309330219489,37.4299568992965],[127.0107567009525,37.4300654003241],[127.0097647019445,37.4316980986914],[127.01043600127319,37.4342396961498],[127.0128309002925,37.4359683940701],[127.0144235986998,37.435739494299],[127.0166057003827,37.433980398837306],[127.015919201601,37.4348861009255],[127.0174707002067,37.4360404997067],[127.0165991008394,37.4370235992259],[127.01782110278211,37.441856196458],[127.0191890041574,37.4416731033343],[127.01629850467691,37.444045600978804],[127.0129600027971,37.4441875005584],[127.0115612036692,37.4458157017505],[127.0121255031049,37.449066798499395],[127.0144098022016,37.4513854020364],[127.013187001304,37.45404279911261],[127.0140724006746,37.4540013997199],[127.0129772014078,37.457380098695005],[127.0150043993806,37.4574452986298],[127.0153971006345,37.456153997472],[127.01694069967071,37.455260798161],[127.0153971012307,37.456153999745496],[127.01635080120809,37.4576899008618],[127.01297720116659,37.4573801018297],[127.0058475064104,37.4623663998264],[127.0081222041357,37.469623992568806],[127.0104595017984,37.4697718924209],[127.0139372004006,37.4762501967361],[127.01641189792589,37.4751301978561],[127.0167723004517,37.4738980979712],[127.01792210558311,37.476366699808096],[127.0240335019735,37.4804233990405],[127.02520719991699,37.483181199402594],[127.02599840023001,37.4837980992856],[127.0281774991359,37.4834191999578],[127.0287000983373,37.4825249983109],[127.0277160990599,37.4796662996893],[127.0289437983101,37.4785731004763],[127.0288143990059,37.47677139952879],[127.0303139994898,37.4745877990704],[127.0313729003843,37.4754176994486],[127.0349254992663,37.473812899932796],[127.0337885996873,37.472431400987695],[127.0307199995863,37.471849999681005],[127.03152709896901,37.4707033000646],[127.03115169972149,37.468499200038096],[127.03148780021759,37.4693476991748],[127.0320854996199,37.4688956996268],[127.0323416993389,37.4672347012221],[127.03036639967111,37.4671344990167],[127.0342299982306,37.4645499999552],[127.0330584982617,37.463942198678],[127.0348721992542,37.463644498916004],[127.0343604999742,37.4624823998252],[127.0355715999404,37.4633044998712],[127.03636500008601,37.462597699959005],[127.03504070127019,37.4645556997446],[127.0365577997531,37.465863998436305],[127.0386692994522,37.4635768998019],[127.03867099945049,37.462395300983495],[127.03778459965339,37.4621754992904],[127.0393775008116,37.4633291997054],[127.0409843013208,37.4629840989797],[127.0418117004934,37.4645728973909],[127.0434919005153,37.4650151977059],[127.0444668995403,37.4645554981656],[127.0451908993408,37.4619135989451],[127.0462340000492,37.461158099849],[127.0456829017922,37.4646264996201],[127.0465971023156,37.4681599978035],[127.0488385003425,37.4705434002531],[127.0483200008192,37.4728325992633],[127.0490328007269,37.4733248994751],[127.0468983007487,37.4748218005422],[127.0465489010981,37.4758424995215],[127.0472760999819,37.476320800487805],[127.0464446001563,37.475773500606806],[127.0456035005689,37.4765932012627],[127.04371910160191,37.4765905002927],[127.0455111002292,37.4784528993356],[127.0520702003032,37.4794414995395],[127.05095440140069,37.4796267006317],[127.0506711014158,37.4819835995414],[127.0510392015657,37.4828761994681],[127.0528436004549,37.4829125999209],[127.0520800013857,37.4844649004393],[127.0527931006726,37.486320298583905],[127.0539682010568,37.4867382990529],[127.0554697995552,37.486122699668506],[127.0564782985467,37.485019200772],[127.0561464993359,37.483458898877004],[127.0595108009387,37.483551897679504],[127.06027250017699,37.482949398282],[127.0604287008277,37.485069199451196],[127.0593027014351,37.4862989991856],[127.0607291000087,37.4868894985951],[127.061682499911,37.4858188985528],[127.0640645006352,37.4860824994446],[127.06294870173701,37.487793899104],[127.0659767987089,37.4890795978183],[127.06663909804661,37.488103098794795],[127.06829630019121,37.4879953996392],[127.0690660011526,37.4895474004573],[127.0677949004463,37.4890514008137],[127.06738350127401,37.4903645000202],[127.0663728008847,37.4896836009624],[127.065788501469,37.49080599984],[127.07091439950861,37.4922458978627],[127.0708246002705,37.4902150992651],[127.07091440085901,37.4922458981299],[127.0727535997755,37.4911896995441],[127.0763693000922,37.4920876995457],[127.0770282000739,37.4904216985573],[127.08059430024821,37.4911139991023],[127.0818063003824,37.4888106001129],[127.0818809004683,37.490619798957795],[127.08275720052801,37.4907416999523],[127.085063600542,37.4950705006639],[127.0784617008393,37.494853300718404],[127.0772269013716,37.496957500649],[127.07748739984879,37.4988015017996],[127.0745987006097,37.4977076010834],[127.0736379009594,37.4989803996247],[127.07386670106949,37.5002358999801],[127.0736378998752,37.4989804013935],[127.07062540164189,37.4989341013938],[127.0687745034454,37.5014164991717],[127.0717563004636,37.505398995189196],[127.07540010061689,37.5035159967767],[127.0788429005655,37.504106799245505],[127.0804932003503,37.5033902985446],[127.0808823009031,37.5042842988589],[127.08216089962451,37.5039194992237],[127.0830787014896,37.5048473991769],[127.0855267990415,37.5037825002418],[127.0856881992854,37.501655799534],[127.0874595010677,37.5027946989304],[127.0886726011174,37.5020603993001],[127.0891484010951,37.5031116992881],[127.0909985010972,37.5029626993161],[127.0913030004576,37.5047374998752],[127.09034720108829,37.505366899673696],[127.09159860048099,37.5069422995338],[127.0928809011658,37.507212099365496],[127.0909888002085,37.5076166000652],[127.0916911003199,37.509666098870696],[127.092583200453,37.5091609988446],[127.0937111004194,37.5102005993166],[127.0961549000769,37.5101162992449],[127.09727719994129,37.5097999988766],[127.0974658000968,37.508660199596704],[127.1001729999556,37.5085968986318],[127.10059669958339,37.5072857998535],[127.0996449991417,37.50571070024],[127.0999880988213,37.504241400232395],[127.09708030058991,37.5036085003704],[127.0971342994483,37.5042842000678],[127.09708029946191,37.5036085003704],[127.0953453987341,37.502972600578296],[127.0951954986198,37.501941399852],[127.0963050999824,37.501152599641294],[127.09876609999701,37.5020295996058],[127.1004905000742,37.5011242996859],[127.100976699588,37.5015638992463],[127.1022673994056,37.499876698685505],[127.10525669932579,37.500042399463496],[127.1055345998513,37.4994458995984],[127.11048769968,37.501301998553004],[127.110790299567,37.499896599517896],[127.112251399203,37.4992980996537],[127.11153069976301,37.498830399713306],[127.1122513993745,37.4992980994008],[127.1125478998432,37.4975827994226],[127.11372739997721,37.497065199931],[127.1142907005142,37.4983851006138],[127.1123960003535,37.499343599848906],[127.1129212015023,37.5003575007172],[127.11241800138531,37.502337600281095],[127.1134528003505,37.5028768997418],[127.11347670037901,37.5068151998163],[127.1122021009529,37.510280099495006],[127.1126600011564,37.5110200006745],[127.1098560002573,37.509645200956804],[127.10816010007271,37.510491700899905],[127.10686320060141,37.5098595009868],[127.1050393015764,37.512131999031304],[127.1058778015006,37.512924699204696],[127.10770310020129,37.5129533995653],[127.1088067004022,37.515729399059396],[127.11012340038951,37.5161762990602],[127.1109392001688,37.515381099608796],[127.11159110060059,37.517193298910804],[127.11288109934229,37.515369398910394],[127.11360669974191,37.5164871987029],[127.11498209988851,37.5159876985948],[127.1164500011165,37.5165400001834],[127.1154691007777,37.516688100215305],[127.1158685001767,37.5187746010065],[127.1143332004802,37.5183265010301],[127.1141691002063,37.5203444003142],[127.1131313990852,37.518132901605696],[127.1094796001708,37.516605602738196],[127.1077665016107,37.5205024996748],[127.10888510087099,37.5211796011516],[127.1075648005997,37.5213737006986],[127.1072497007909,37.5233406014073],[127.1034824001596,37.5232721009255],[127.1033416990749,37.5216675016336],[127.10148440034891,37.5224038010593],[127.102893901366,37.5253121013306],[127.1014410944636,37.524417908986905],[127.0946393012654,37.5326937007111],[127.0956740002307,37.533455499949305],[127.09473050048899,37.5328721006648],[127.09523930004781,37.5347750995431],[127.0968322054092,37.5348217007744],[127.09850920080339,37.5369712005099],[127.09522750066569,37.5391502011772],[127.0945064001748,37.5404610007265],[127.0915260001091,37.539297001131],[127.0899200008922,37.5415200002131],[127.0843139000237,37.5427423003361],[127.08354259962181,37.541701200621596],[127.081921999721,37.541871400122695],[127.0830351979741,37.5399551008413],[127.08133879967049,37.5384403023561],[127.0785918998081,37.538470100583694],[127.07566610164311,37.5411188004121],[127.07642680071929,37.542498599966805],[127.0738255006921,37.5439795000926],[127.07400670051089,37.5449415991305],[127.07732450095061,37.5454108002463],[127.07521730106231,37.5491870003002],[127.0752624010172,37.5510716984155],[127.076950499843,37.5503421993219],[127.0779714003304,37.5527042990755],[127.0792195008152,37.5516204981024],[127.08047310042821,37.55314179914],[127.0860974986898,37.551473198012495],[127.08584299671439,37.5473159003347],[127.0869802000558,37.5464522992674],[127.08918080030939,37.546787198858794],[127.09028160083079,37.5477709987262],[127.0917042007319,37.546783999141304],[127.09364039990369,37.5486433981248],[127.0958219011452,37.547792299292695],[127.09582140075541,37.5523940008976],[127.0942560004374,37.5544530005184],[127.0944660005791,37.5552052003369],[127.08980699975899,37.5566153009214],[127.0881628006296,37.556283201049006],[127.0879265007719,37.5577009004606],[127.0858509004368,37.5593254998888],[127.08455410022681,37.5624011999223],[127.0838272005034,37.562480100143404],[127.08366720068649,37.564754299674995],[127.0851744010559,37.5660403010604],[127.08277439955731,37.5661935001544],[127.0836671993564,37.5647543002895],[127.0819670997381,37.5631261008774],[127.0814933995342,37.563617200384705],[127.0780738001816,37.5629058007842],[127.0765869999483,37.5616499011091],[127.0751307000202,37.5621205007393],[127.07285059921199,37.5600953021058],[127.0716804003822,37.5607085014926],[127.0706633002182,37.5602516005358],[127.0730545010406,37.5647855014608],[127.0714332009349,37.565516200209196],[127.07161860002569,37.5665104000348],[127.07092249993549,37.565593100171604],[127.0694611004329,37.5660605000998],[127.0703057002803,37.567481299927394],[127.0695248006774,37.568585899832804],[127.0677637002947,37.566126500452405],[127.06731650055791,37.566853900860195],[127.0669596996762,37.5663037008283],[127.0648467998531,37.567254400843204],[127.06326849985251,37.566487600902505],[127.0622200004632,37.5669200006063],[127.0629792005149,37.5679259000506],[127.06188089994461,37.5700718023982],[127.0607719005612,37.5701227024609],[127.06011080122231,37.5719523006313],[127.0569733004521,37.5736288005699],[127.05868890075591,37.5759572999359],[127.058496800453,37.577490299678104],[127.06128579985189,37.577496699516495],[127.0620876004958,37.578240200072806],[127.0613560008677,37.5782072004906],[127.06107320016649,37.580263700045],[127.0576843007482,37.581266900981305],[127.05803500039751,37.582473199775],[127.06369990064,37.5835175994831],[127.06301670143911,37.5857629989406],[127.0679962004335,37.5895649991877],[127.0685584001387,37.589069899962],[127.0681642000993,37.5911883001074],[127.0674916001088,37.591109200011395],[127.0678880998748,37.591841599549205],[127.0709654985833,37.5920681985873],[127.0733301992676,37.588478599154705],[127.0746969000734,37.5895250984979],[127.0765500996975,37.5878780995066],[127.0790587999847,37.5878186993189],[127.0825972999277,37.5911779986793],[127.085636000238,37.5920055993798],[127.0867909000585,37.5914643994165],[127.08694180082671,37.5927972996917],[127.0881653003493,37.5924723999485],[127.0903855001632,37.5946932994861],[127.0926580998527,37.595187699741494],[127.0928923002843,37.594450099657],[127.096481699958,37.596933199488404],[127.097667900765,37.599109600167395],[127.0970441002097,37.6010006000767],[127.0952524011478,37.6010308004687],[127.09492040047361,37.6018167006236],[127.0946931994682,37.600974400782896],[127.093817300013,37.601731600457],[127.0930190999791,37.6013086005168],[127.0929561009088,37.602320300757],[127.0911522002688,37.6030224004561],[127.0892255996374,37.6021418007852],[127.088900700065,37.601152100396],[127.0873337999797,37.6016558001643],[127.0874146992867,37.6010553001244],[127.0858760001035,37.600860500360504],[127.08520139954601,37.6016101005299],[127.0842265995947,37.6002946007498],[127.0824988995585,37.6006804009957],[127.0809257000925,37.5998621004452],[127.0797615999963,37.6009039006214],[127.07871630021499,37.6006910001828],[127.0787972000138,37.6015783002779],[127.0760324998615,37.6015350003982],[127.075770899739,37.6005653004964],[127.0740739997333,37.600939200459],[127.0705266986459,37.5976748012796],[127.0712718994398,37.5973767001736],[127.0702249004659,37.594647001180505],[127.0683622001075,37.5945137007261],[127.0672230006352,37.596140899656405],[127.068252400787,37.5971304004834],[127.0672529002544,37.5982318998203],[127.06746680197031,37.6005567989683],[127.0683873014906,37.601479900598804],[127.0674055002796,37.604662400175606],[127.06659250006349,37.6042211004511],[127.0661071998426,37.6048182001974],[127.065962699495,37.6033495004198],[127.0651569006162,37.603930800382],[127.06369979979469,37.6029210000815],[127.06504299975231,37.6029321996879],[127.0653534994154,37.6016908004416],[127.0631833996776,37.601694900000595],[127.0631612996725,37.600861198739096],[127.065325699948,37.599590899161],[127.0643148993134,37.59626230027],[127.0632178003144,37.5959321004715],[127.0632016000153,37.5970469001425],[127.06182440003451,37.5962421011562],[127.06117540036429,37.5978936004091],[127.0598059997445,37.596801900913704],[127.0586573999246,37.5971329001061],[127.0599606991877,37.5960249996365],[127.0590952000532,37.595310900350604],[127.0568765004563,37.5954554010425],[127.056972999889,37.597650700723506],[127.055121900021,37.596109500390995],[127.0520170998492,37.5966043002487],[127.0509636990774,37.595935100483],[127.0519686993585,37.5953528991653],[127.0520709992562,37.593944200574],[127.05117700015019,37.5930880014302],[127.0502583003595,37.594827900811296],[127.04900739977309,37.59418110144],[127.0476359984406,37.5931340000716],[127.0480625000271,37.591069500574505],[127.0469369000515,37.5910523013122],[127.046171500317,37.5924140004164],[127.04539739996,37.5916953007772],[127.043841100263,37.5926556005082],[127.04360510071949,37.5936549005542],[127.0426221004333,37.592900400818095],[127.0414349011625,37.595757699937],[127.0429046005008,37.599200400037304],[127.0428493007829,37.602201599604804],[127.0444914008899,37.6035697992423],[127.04702950001679,37.603964599277596],[127.0476532001761,37.6058577987027],[127.04960149830039,37.60473909935391],[127.05304060115981,37.605231095185296],[127.0541644001938,37.6066797998919],[127.05371600067909,37.6077948998779],[127.0554520007616,37.607899499835],[127.0550381004961,37.609007599582895],[127.0574354998647,37.6078500996637],[127.0596526004808,37.608315599535],[127.0609307000724,37.6106375994278],[127.0603470003333,37.6107544000687],[127.0608206003203,37.6126828996962],[127.0579809988561,37.6125592009346],[127.0563199997736,37.6115100015897],[127.0535390998609,37.6131552011148],[127.052010600255,37.610278900598495],[127.0512148994961,37.6111431003868],[127.050296500478,37.610221200465396],[127.04977390093711,37.61109990043],[127.047471899396,37.6104137007131],[127.046959199998,37.609061500950304],[127.0453726987074,37.6096301019916],[127.0469591992632,37.609061499354205],[127.0472385993516,37.607065600500896],[127.0451838008021,37.607511800230796],[127.04585060037179,37.6082475001682],[127.04502959989041,37.6082082003244],[127.042544799343,37.6067281010698],[127.0402971991973,37.6071158013263],[127.03962129991329,37.605088200611995],[127.0359867004543,37.605067100424996],[127.0348516012273,37.6061921001144],[127.03534530073361,37.6070159992905],[127.0367366007167,37.606472699771494],[127.0362176005002,37.608315299748],[127.0368092999085,37.6089889990743],[127.0371758011026,37.6085031000201],[127.0368747003642,37.610058199478395],[127.0375439002868,37.6096886000821],[127.0367693003762,37.611092799487004],[127.0377664006159,37.611503599035096],[127.03758670028,37.612537899736],[127.03883820063,37.6121671995555],[127.0391640003534,37.6137383998156],[127.035052902164,37.6148795003983],[127.0362634015584,37.617238599458],[127.03595020104581,37.618376001220994],[127.0328641005634,37.619096001574896],[127.0325759004258,37.6204787007206],[127.0318986998538,37.61990060066],[127.0315667001858,37.6204961000645],[127.0319480003858,37.621136600837296],[127.0306166003554,37.620820200644],[127.0302354007366,37.621779199685],[127.03254320041441,37.624220800098705],[127.0319517004599,37.6254874999482],[127.03268870070559,37.627177600611105],[127.0274810023747,37.630435702861],[127.0283294015263,37.6336608996358],[127.0316437009789,37.636069499281994],[127.0305803001545,37.6368773000303],[127.0311875003185,37.6371337004095],[127.0307475002994,37.640018499951594],[127.0298105006859,37.63976570066],[127.02967590082051,37.640409900015804],[127.0307631005296,37.64128729992],[127.0292415003083,37.642527100807605],[127.0288002001578,37.6419239007379],[127.0279742999963,37.6423371007309],[127.0276993997281,37.641567300814195],[127.02682830001831,37.642193600503695],[127.0244849999976,37.6416588006105],[127.0232567001203,37.642544800890704],[127.0216267997967,37.6413347005671],[127.021707099625,37.6406308004496],[127.0195199997226,37.639524599980604],[127.02007519923059,37.638840400363],[127.01946389978731,37.637646700036896],[127.0203500995591,37.6364612001298],[127.01946729929901,37.6355150999804],[127.02084960031091,37.634501499629096],[127.0213528998076,37.6350700990605],[127.0219900991704,37.6346468994837],[127.0229024993275,37.632170100170406],[127.0199550997408,37.629157200286805],[127.019878499054,37.6280133004431],[127.0178666996748,37.627033600572496],[127.0183353988722,37.625558000371896],[127.0175712994329,37.6251162997452],[127.017881499763,37.6239180997096],[127.0188544001242,37.623563999855705],[127.0192147997638,37.6242208991988],[127.0211886995162,37.6232948001803],[127.01924019945619,37.622292100357804],[127.0197989995419,37.620383399417705],[127.02098420006931,37.6199491994906],[127.0220519002113,37.6221894995635],[127.0240284996806,37.6216218986141],[127.0244658997391,37.6192896003635],[127.0235762001329,37.619770000466005],[127.0222741996476,37.6188890002646],[127.0237383996039,37.619198399111],[127.02406189928041,37.6184389998704],[127.0225326997606,37.6176696002803],[127.0208490989322,37.6147498008622],[127.0227888988684,37.613483100143405],[127.02204429960611,37.6129289005648],[127.022674999347,37.6114925007739],[127.0174869998536,37.610956600657005],[127.0177427986658,37.6084776007432],[127.015810600598,37.6074471017737],[127.01539469932361,37.608295300686905],[127.0152080997964,37.607470200509404],[127.013512501492,37.6074731005065],[127.0137725001121,37.608969000940405],[127.0125831001322,37.607565701782704],[127.01176730094801,37.6076556016928],[127.01130070141461,37.6089575003909],[127.0132984006584,37.6110931000069],[127.011871300686,37.612353300796904],[127.0119962001788,37.614378600643704],[127.0112660999271,37.6148557005923],[127.0098799005436,37.6135854012558],[127.0087120017115,37.6140185008227],[127.0092438017129,37.6154748007009],[127.0087293997428,37.6167328006342],[127.00871199905261,37.6140185013879],[127.0062352015294,37.6139570014494],[127.0050736995012,37.616215400826],[127.0055365991311,37.6147881011511],[127.0045937986601,37.613359800964496],[127.0033608995808,37.6138451005167],[127.0036276994468,37.6122579013943],[127.00255479888379,37.612018299934306],[127.003899599474,37.6116170994204],[127.00593429997711,37.6089749996526],[127.00691469992469,37.6094696991615],[127.00770159995321,37.608078399764494],[127.0088345993729,37.6086733993848],[127.0091311990763,37.607542200516],[127.0069159997321,37.6066853001714],[127.008781998932,37.6048269997986],[127.00647699800821,37.6023038993836],[127.0070136987232,37.6007559992266],[127.006524499018,37.5992415999891],[127.0075199984764,37.5987999995438],[127.0061328988666,37.5954246019752],[127.002900400889,37.5948749021129],[127.00272750106191,37.5969513000365],[127.00170680099549,37.5966272010781],[126.9999522021483,37.598786500695404],[126.9988388993678,37.5991420016907],[126.99845929961069,37.598313200919],[126.9961925999883,37.5992446003228],[126.9949188002412,37.5974925016257],[126.9936918992793,37.5976924001744],[126.9939785993065,37.596924300268896],[126.99237999940419,37.595630799997004],[126.9929328991428,37.5947387004574],[126.99190809964091,37.594211700804],[126.99139409978079,37.594733900048304],[126.99205069944269,37.593942499948696],[126.9917059999045,37.5929098005881],[126.9907629995333,37.593028500524],[126.9893304995195,37.588648802239504],[126.9851855002229,37.5892117029413],[126.9839544002931,37.588425901409394],[126.98245150179599,37.589779300055994],[126.9834043020041,37.590359001794],[126.98193630034311,37.5912798021521],[126.9798672965981,37.5898771013668],[126.9806608987097,37.585494000115396],[126.9793513987121,37.5849682997766],[126.9792078000166,37.5832898003896],[126.9754166995802,37.5837618006565],[126.9749579990518,37.5830084008759],[126.9732932003652,37.5836735001154],[126.972746600618,37.584556599971],[126.9733440021984,37.5879335017012],[126.96935049952751,37.5878905018643],[126.9668803999374,37.586602400117094],[126.9647932979204,37.5838181015647],[126.9617370009767,37.583805501577295],[126.961345498562,37.582162599811994],[126.9592456006619,37.5804537015209],[126.9549554028687,37.5840884007625],[126.95464080150171,37.5868254012543],[126.9517965017283,37.5865170015453],[126.9495428020279,37.5889020006692],[126.9470672008767,37.5890258009464],[126.9462331017108,37.5903567996154],[126.9477548001891,37.5906213993508],[126.94789130039,37.591283899933],[126.947116400827,37.5916365000505],[126.9477613008291,37.592899000259706],[126.9468523006884,37.5948010001501],[126.945268199878,37.594856800129904],[126.94625729910369,37.594016700233794],[126.94511249960479,37.5922584014616],[126.94402430047279,37.5938515005564],[126.9431910006674,37.5933529012441],[126.9423486015098,37.5939781006189],[126.9432769004314,37.5953598005407],[126.9424555997789,37.594941000805996],[126.93859140041181,37.5967009001914],[126.9376256027803,37.6043698006862],[126.9422437036243,37.611614899005296],[126.93978680045629,37.6132757033982],[126.9367567007075,37.6130756020872],[126.9358486016156,37.6143195008433],[126.9369058009769,37.615554999725],[126.9353337006355,37.6172728006254],[126.9367586047869,37.6201318985663],[126.94023420418,37.622570402746504],[126.9388806983689,37.6235842027596],[126.93606300118661,37.6230087033351],[126.9339736014245,37.6264879010239],[126.93519139978129,37.6275513005444],[126.9339975000403,37.627664900544396],[126.9339735998456,37.6264879007136],[126.9311043999717,37.626194202491],[126.92878870085549,37.627991300972496],[126.9257105993796,37.6268563003098],[126.92585409913889,37.6262367998306],[126.9242466002584,37.62523900053],[126.92384509969759,37.6260399007043],[126.9228563005186,37.6255187004366],[126.9207142019502,37.6301845973157],[126.9234512005383,37.6311517997081],[126.9236769004485,37.6320773994828],[126.9242143007632,37.6316185002836],[126.9236769007617,37.6320773999677],[126.9254438004454,37.633303999591405],[126.925922500205,37.6329315997395],[126.9253881007902,37.634131599432],[126.9263437998345,37.6349077986558],[126.9270470013392,37.6342097999979],[126.92536600038589,37.635372000420496],[126.9258818012208,37.6386002008588],[126.92534330135,37.639788804409],[126.92320800054401,37.6380456029648],[126.9213858023662,37.640814600195796],[126.9223899013621,37.641591299419105],[126.92161780052281,37.643088500640594],[126.918570800428,37.642977900359696],[126.9182501002021,37.64401200058769],[126.91552749917349,37.642815800139005],[126.9158652988357,37.6413494016054],[126.91351849714819,37.6377342031466],[126.914097397932,37.6363640997993],[126.9120500993543,37.6356009986332],[126.9127507986349,37.6343318988896],[126.9148604979654,37.6342176986817],[126.9180512987278,37.6324799973753],[126.91915929846,37.630110198576],[126.92071419956821,37.6301845981305],[126.92179759918241,37.6269968000289],[126.9204852004948,37.6266761003496],[126.9194427998289,37.6280335006631],[126.91914969987391,37.6271779003893],[126.9170874996419,37.6266320004651],[126.915725497561,37.6242617026538],[126.9126518996754,37.6239772003753],[126.9108385994688,37.62245270105419],[126.9125890989733,37.6201067996789],[126.9115189997195,37.6192657001496],[126.91241809960239,37.616519399964204],[126.9105536001744,37.6147860008758],[126.90885659972339,37.6152587002213],[126.9090316997537,37.6133765999177],[126.9101853995362,37.612560000243406],[126.9096039997441,37.6117199999297],[126.9101771990331,37.609206300676696],[126.9094850997252,37.608566601316404],[126.9087880004223,37.609001400881596],[126.9093646998679,37.6111920001112],[126.90916749966169,37.6100924010368],[126.9065434998148,37.6085982002115],[126.90751699828449,37.606331401051705],[126.9051800002487,37.605247701250796],[126.90308419862089,37.6055487004226],[126.900522295922,37.6012750019734],[126.9014158975142,37.5982735012405],[126.8998854960372,37.593601702351],[126.8981837972863,37.5931304021419],[126.89960859703709,37.5906997007631],[126.8949385999211,37.5889146023716],[126.8951574992083,37.58574950045],[126.8934643004131,37.5846325016269],[126.8917539012495,37.5857262013578],[126.8925087006882,37.5887642990224],[126.8931436009625,37.5882184008473],[126.8930135995113,37.589052802956196],[126.8911394013855,37.5898441021649],[126.89007960017861,37.588772303046206],[126.8846688998207,37.589139800607],[126.8857154988804,37.5881244003102],[126.8856545981526,37.5860304012148],[126.8825095993932,37.5830033996284],[126.8839601984656,37.5821531995486],[126.8831038989933,37.5807833001972],[126.8850040969581,37.5775470007857],[126.8833209990556,37.5737123987905],[126.8865386978768,37.5713242999432],[126.8846482992638,37.5691176000491],[126.88540999987889,37.5673627998764],[126.8859753001848,37.56793849912739],[126.8894642984547,37.56647919995191],[126.8875792987489,37.5628849028145],[126.8804192993446,37.5658438003729],[126.8806033992186,37.5651204000961],[126.8796061994434,37.564943300032105],[126.8800653989922,37.564103100504994],[126.8746962030468,37.554989209591405],[126.8617874065462,37.564172106764204],[126.8595211073323,37.5673483053712],[126.8642369026165,37.573749398970094],[126.8666330013962,37.5732086999252],[126.8632409001298,37.5754079012119],[126.8642368975802,37.5737494004933],[126.859521102296,37.5673483068944],[126.8558023060148,37.567675706567],[126.8524369013457,37.5697056088433],[126.8491049046777,37.5704670080819],[126.843945800857,37.5751408089109],[126.8384187042397,37.5774975080899],[126.8367680983007,37.5758116021767],[126.83462620023501,37.577511101282106],[126.8325186002622,37.572971700564096],[126.8308550007832,37.5742937006709],[126.83067800034871,37.575955400731395],[126.8285322024945,37.5776775990092],[126.8290579013075,37.578842700582605],[126.8264240012821,37.576410402798],[126.8239387016106,37.5771339027071],[126.8217907004611,37.5763544012711],[126.8191715030803,37.5780373995881],[126.8198162037432,37.579763099653704],[126.81951850241,37.5822267007251],[126.8181765996908,37.5804404018119],[126.8168942009732,37.580768501483796],[126.8174305998007,37.582384100400596],[126.8167062005251,37.5813098014749],[126.8143599000891,37.5839542002073],[126.8134502009988,37.5833279008336],[126.8119361025129,37.5844056997558],[126.81179990058,37.5870585015189],[126.8082717011959,37.586871502528304],[126.8054913006559,37.584214702368996],[126.80519100003009,37.586044900356995],[126.8052367996081,37.584524701415305],[126.8034099993062,37.584329599184095],[126.8032684991015,37.5822975009007],[126.79712530001541,37.5842254004724],[126.79738659882639,37.5819208001005],[126.7985035988171,37.580726399299806],[126.79814999964991,37.578610000249896],[126.7958203993537,37.577875000399295],[126.7954923997577,37.575665202439204],[126.7931612964959,37.577130500140605],[126.7940358961628,37.5741403024086],[126.7925471985303,37.5725814984612],[126.7954243956531,37.5683864026563],[126.7936973967905,37.5670303993443],[126.7988997005788,37.571171499729296],[126.7993937003088,37.5758302957253],[126.80062629941041,37.572519199299805],[126.8025624988191,37.5723998983245],[126.803845399126,37.571147199273696],[126.8033780993776,37.5695627997475],[126.8043332988424,37.5680287006308],[126.802456799468,37.566965500185304],[126.80182379832189,37.564436301729394],[126.8001116000341,37.5643951017706],[126.79681789916259,37.5624330001926],[126.79655049940679,37.5613543996905],[126.8010809994952,37.5610990992378],[126.80223929993349,37.5595927991479],[126.80369469908699,37.559325898907595],[126.8037177990639,37.5583227999107],[126.8050387001578,37.5573117993449],[126.80657879877239,37.5569428995911],[126.80637989888,37.5561358999228],[126.80723329903789,37.5564599992315],[126.8077530985181,37.5554534002381],[126.806664203464,37.5541647933941],[126.81098919956469,37.5510346971854],[126.8138658976426,37.5505997966042],[126.81394179853339,37.5471031993349],[126.812916999294,37.5462298993331],[126.8138526978788,37.5457063988068],[126.81405159767989,37.541897902615304],[126.8124466947349,37.5408043978788],[126.8119084996844,37.5361988000725],[126.8149934977101,37.5371486983472],[126.8161977985034,37.5362648979264],[126.8161170985841,37.5338627003286],[126.8144598985169,37.5334833001855],[126.8159641980832,37.5320449006873],[126.81521359883381,37.530302802429404],[126.8118758012143,37.530149002994904],[126.8096516034385,37.5321390010049],[126.8103068017578,37.5353998005012],[126.8098380995817,37.5336581013989],[126.8070522001694,37.5363284019029],[126.80638169880861,37.5342177019767],[126.8042332009571,37.533989002205395],[126.80320320046489,37.532873201413295],[126.799494000642,37.5323995049284],[126.79749629945641,37.5312798008969],[126.7953134001357,37.5318703012028],[126.7956998986027,37.5306536013348],[126.79468099962159,37.528923503064895],[126.7919904005423,37.529669302664004],[126.7921749993339,37.5288185987706],[126.7924970998995,37.5294754988755],[126.7946809977156,37.5289234994275],[126.7979377982714,37.5255966999051],[126.796243599798,37.5231799008248],[126.7958967991719,37.5237194004213],[126.7934328006788,37.522631101109496],[126.7923225005205,37.5236905007884],[126.7903317998353,37.5230403008334],[126.7889916984271,37.5237558001972],[126.7888736985524,37.523223099770206],[126.79166669857459,37.5228701997611],[126.7912097986389,37.5208757992979],[126.7938636986875,37.519705699991505],[126.7925537986603,37.5183051000051],[126.7879913003701,37.5177688005209],[126.7861434012888,37.519339200819395],[126.78508560098851,37.5188698009201],[126.7846774989209,37.5195163006399],[126.7846791989089,37.5189765005415],[126.7826700999073,37.5189777005421],[126.7823104987867,37.5176705002827],[126.78029259922839,37.5161519004987],[126.7776142007998,37.5159534010004],[126.7761412011181,37.5173470005311],[126.77272179969489,37.5173554005508],[126.7722636995873,37.516274700554895],[126.76863779989529,37.514159500522],[126.7665862997322,37.5146851004027],[126.7655214007971,37.513959901127905],[126.7644583989667,37.5160767018983],[126.7622414986436,37.515079801565605],[126.7623360983814,37.512544001726496],[126.76019049968889,37.5122773018079],[126.7576784004336,37.5124409018562],[126.7569957005326,37.5150409015596],[126.7547534001415,37.51586160014],[126.75368539985439,37.5152961009757],[126.75239360076701,37.5161768020893],[126.7524111995306,37.5152770009602],[126.7494886995364,37.5145659004824],[126.75014989952089,37.5129707003756],[126.74722470033771,37.511438303343205],[126.7453117019532,37.5135802013147],[126.7463482000091,37.515649100625396],[126.7452057000381,37.514960700488906],[126.74209660018249,37.5152361006417],[126.7388813996773,37.5134285006674],[126.73638029990859,37.513499501191404],[126.73487300073559,37.5144379008185],[126.7354529008146,37.5169585987652],[126.7363452007334,37.517349699138194],[126.7378036998624,37.5172476990452],[126.73844919964891,37.517967498861296],[126.7393239003044,37.5171747991682],[126.7410146002693,37.5175927985837],[126.7431638003697,37.5169273993212],[126.74370600039471,37.517630400147404],[126.7428376003221,37.5198705002291],[126.741244800526,37.519977500584105],[126.7417149002941,37.5207321003209],[126.74082430051389,37.5215178001083],[126.7410370006701,37.5223451000275],[126.7391449011667,37.524245599467],[126.7421433014254,37.5274355990122],[126.7412427003748,37.5289881999394],[126.7439510009083,37.530533900345304],[126.74319680001021,37.5318026013862],[126.74066789989291,37.529541300481],[126.73968240087841,37.529514600507696],[126.73821630153691,37.5313941996003],[126.7383556017246,37.532714999309505],[126.7405095995706,37.5337116983128],[126.74264980064609,37.5359764994095],[126.74080740095819,37.5375638002058],[126.7429297008663,37.538171499838],[126.7416112010837,37.5378974004572],[126.7419822008408,37.5398515990821],[126.7439644996497,37.5397365995685],[126.7448633987508,37.538322100983],[126.7439798995968,37.537053999604396],[126.744696400585,37.5373904996223],[126.74512090163971,37.5397794984982],[126.747204902801,37.5391795990221],[126.7480480012219,37.5410041002334],[126.7456342014431,37.5427395010121],[126.7454433008109,37.5459952987308],[126.7473491003377,37.547350199558494],[126.7462852013757,37.547971299930204],[126.74845500113851,37.549073298555705],[126.7478755015519,37.5524108995492],[126.7485369009518,37.5544775983853],[126.75179019988481,37.558545697645705],[126.7529796013321,37.5576296998966],[126.7528395009835,37.5597974998363],[126.7540615002615,37.5597659002847],[126.7529393000423,37.5606253003512],[126.7517901973551,37.558545702581306],[126.7488449003004,37.5575788035482],[126.74644360185381,37.558757103128904],[126.74607190222551,37.5617541001319],[126.7478140006186,37.5665991001668],[126.74639410139541,37.566533400611895],[126.7450210001863,37.5681368007546],[126.74132469930291,37.5678453013753],[126.7401372003797,37.5697632994219],[126.74118810225791,37.5730619016055],[126.7385822001051,37.573045801525204],[126.7380131997933,37.57426560015389],[126.73776730006111,37.5729388012996],[126.7339191007069,37.5698229016417],[126.7302466998712,37.5712771013305],[126.729831900281,37.572288802714205],[126.7276722989524,37.571356305328194],[126.7281030980578,37.5693659000283],[126.7291440995032,37.570035898602704],[126.733804899574,37.566638090693296],[126.7373255013045,37.5679719975415],[126.7413246973053,37.5678452976682],[126.74222829640169,37.565911499601995],[126.7420816943152,37.5592202000226],[126.7399869964099,37.556169803073],[126.7361946971842,37.554221403110006],[126.73395069942819,37.554304103027306],[126.7349059978943,37.5527310999857],[126.73274550005479,37.5507361019807],[126.72991210195981,37.5503739025638],[126.7250540009856,37.5517194021647],[126.72263959955859,37.5541803003758],[126.72262769957051,37.553545401010695],[126.7204086986974,37.5527363018187],[126.7168812976302,37.548471002628496],[126.7155230990701,37.545492000003],[126.7162746990247,37.5431264007893],[126.7146493999438,37.5440495014455],[126.71258570076121,37.5438244006611],[126.7130014987671,37.544451700634106],[126.71145919815709,37.543752102179],[126.7107617965399,37.538934001132496],[126.7087755985261,37.5385458015207],[126.7079311986638,37.5369460009863],[126.70582249544209,37.5357659986852],[126.70662029688249,37.533835599416705],[126.70473609851821,37.529329503797],[126.7016710995144,37.5284481003143],[126.702420299111,37.527778499672294],[126.7032865012936,37.528621298960395],[126.70496939961069,37.528220999360705],[126.7052004993796,37.526737400844304],[126.7045605978974,37.5270140982648],[126.7066737983833,37.5247084005916],[126.70498759748189,37.5245227999766],[126.7048117976378,37.522516300933496],[126.7024903999592,37.5225174009324],[126.6990391989567,37.520377100626696],[126.7016552985762,37.5195111982263],[126.7021777980537,37.5176734000641],[126.70052649970499,37.5142868034507],[126.6945015013286,37.5136885008287],[126.6948790008915,37.516055901292596],[126.6938261975306,37.5144102017932],[126.6911901000063,37.515908700239194],[126.69449949805781,37.5135428998306],[126.6930293995279,37.510061503312],[126.6921997003576,37.510590902782596],[126.6888405003344,37.5089263017406],[126.6853342008947,37.5085470013821],[126.68587430064119,37.509799200524505],[126.6847486013459,37.5113596015548],[126.6824565008031,37.512276902379206],[126.6825130000865,37.514327201186696],[126.6795864006516,37.5125278024665],[126.67889800134,37.5131914018029],[126.6791621004004,37.5163869005985],[126.6783207000883,37.515976701629505],[126.6782424994436,37.514630401371],[126.67629340081831,37.5149639010808],[126.6771830013938,37.5196863995224],[126.6784706022218,37.52059479996],[126.6770961007042,37.5210747012201],[126.677201300599,37.522893799401],[126.6783082011007,37.5244377992799],[126.67959140169731,37.5243916003526],[126.6773369005989,37.5249670004108],[126.67795840112379,37.5260479997049],[126.6771712004672,37.5265307012302],[126.6773948980262,37.5259788999933],[126.67574909750711,37.5245559978832],[126.6750111997184,37.5201195005479],[126.6723095996637,37.5188295012866],[126.6722345997374,37.5175826012609],[126.67047579962481,37.5176601019224],[126.6721939987803,37.5169081000506],[126.6721129987962,37.5155602003043],[126.6708923996703,37.5155823002882],[126.6700035994425,37.5135386014435],[126.6667433995709,37.5131010002808],[126.6651930985349,37.5120819005555],[126.6651702985133,37.510809900354495],[126.6636624983045,37.5102553996502],[126.6618234931083,37.506879402860704],[126.66173639799969,37.5046234988548],[126.6642634974099,37.5034939001287],[126.6641944989257,37.5023579989036],[126.66606949857021,37.502286098903596],[126.66670909789451,37.5000140004283],[126.6698599977317,37.498267699947],[126.6697904977041,37.4971442000824],[126.6716912980431,37.4970929993379],[126.6714757981468,37.4933311013675],[126.6695602000624,37.4934217012769],[126.6694575984916,37.4917632018264],[126.6677660001832,37.4908858027038],[126.6677166990971,37.4900106015077],[126.665124099237,37.4892010991056],[126.6692300989844,37.4881092978576],[126.67104909716541,37.486084499882395],[126.6712752969171,37.4780823005949],[126.66862249955359,37.4777717007765],[126.6668512994878,37.4786767015823],[126.66422500015601,37.4741429020499],[126.6628113015697,37.475136901055905],[126.66280970157129,37.4768293993634],[126.66150189932901,37.4788906028079],[126.6593357993431,37.476508802518],[126.6578883007906,37.478047800979],[126.65616399997711,37.477650500912404],[126.65613189950531,37.4766326003638],[126.6545740997318,37.4761528008324],[126.6547981993862,37.4747489015475],[126.6525356010215,37.4748477013901],[126.65210910030511,37.4782217000947],[126.6509175999956,37.478734800657],[126.6494319993036,37.4779092020424],[126.646666500304,37.481903700301395],[126.64395420035089,37.4817323005812],[126.64269609524099,37.4842346106448],[126.6400764978606,37.483013811865604],[126.6302668986546,37.485889402952196],[126.6267837987421,37.4850511017156],[126.6231421996391,37.4852792002574],[126.6199477986589,37.4818894005704],[126.6205600983107,37.480509300503904],[126.6200830987877,37.479864401148795],[126.618761800109,37.479409501603705],[126.6130287049339,37.4823002997655],[126.6180437985001,37.482900303064],[126.61302870034051,37.4823003027529],[126.608550798088,37.477166399230605]]],[[[126.9289110011906,37.3207565996015],[126.931349700044,37.3222355985441],[126.9327680996205,37.3200254976249],[126.9345803998994,37.3217050977632],[126.9358433986364,37.319457300011],[126.9358815985982,37.3168801025882],[126.9350854974094,37.315690994488],[126.936109896385,37.3103965997824],[126.9393966997122,37.310359098176896],[126.94319400114351,37.3091836975264],[126.9444637000024,37.307070599546506],[126.9508667935993,37.307357599259504],[126.9525281006008,37.306330199718396],[126.953642502263,37.3070000995864],[126.9535683023372,37.3117232948632],[126.9552207006848,37.3123133942731],[126.95792729797819,37.311236995349496],[126.9580861986821,37.3064251998294],[126.956937599121,37.305570699613],[126.9581120998562,37.3058299965539],[126.9638679977578,37.300608800899596],[126.9636093980164,37.2987263027821],[126.9586933997462,37.296481500432996],[126.9583707986279,37.295258399745],[126.9587775980156,37.293818698938104],[126.96084020009111,37.2933193990752],[126.9619200995253,37.2911323995145],[126.9641341984022,37.291750698586505],[126.96888489871691,37.291470095044296],[126.9698058000541,37.2886902979437],[126.9697283006544,37.2907874997462],[126.97065789972481,37.2921030984306],[126.9721194993991,37.2909835994817],[126.9727142995207,37.2913160991921],[126.9732120008353,37.289906195955695],[126.97440960013991,37.2909400995386],[126.9757687992569,37.2904950989894],[126.9771898997291,37.291093999340504],[126.97876809993029,37.289425199201794],[126.9783408012085,37.2901630996873],[126.9792220003273,37.29265929719109],[126.98039109915821,37.2931534966969],[126.9822539972953,37.291330098520305],[126.97908769961069,37.2868937017333],[126.9776383992951,37.2882193997439],[126.979962099116,37.285200299890796],[126.9796879993901,37.2845468005443],[126.9775521992814,37.2850201004092],[126.9767261987972,37.2840755002121],[126.9776624994493,37.2826353004058],[126.97700769872141,37.280766299824705],[126.97852779811069,37.279771099634296],[126.9784778988052,37.278875899395004],[126.98028909995979,37.2788647990951],[126.98444039580849,37.2764067015532],[126.9822347997208,37.2743442975542],[126.9849746995792,37.2732691985191],[126.9857497988041,37.271741400046906],[126.9847995995147,37.2689784986617],[126.98829429602,37.2677879998522],[126.9876861966281,37.2653398023004],[126.9886223997628,37.2655725986871],[126.9890976992875,37.2647169995427],[126.9887006996885,37.2639665997091],[126.98997299873041,37.2625153000555],[126.9903737989354,37.2600204007726],[126.9859890984438,37.2585870017513],[126.98609879884849,37.2577001987217],[126.9903341958653,37.2578363984866],[126.9902526959468,37.255056001267],[126.9921412021261,37.254044898409795],[126.99588200013889,37.2546214999877],[126.9948417010169,37.2544339003632],[126.9944847013739,37.2564068983902],[126.9966286994126,37.257655197232104],[127.0009279997554,37.2571425965556],[127.004120101895,37.257804197385305],[127.007178700201,37.2563851995848],[127.0091920003362,37.259357099096],[127.00998459999289,37.259211199116905],[127.0091825010382,37.2610270003326],[127.0094030004569,37.2630857993965],[127.01079630036999,37.2631452999297],[127.0078555014835,37.2636277003923],[127.00851430032161,37.267496099473604],[127.0098323007451,37.2698541010687],[127.0093723017298,37.272474800262096],[127.0077996017726,37.2733876001958],[127.00806070106731,37.274714199657495],[127.0038009002343,37.2787960004846],[127.0015116000109,37.277456200474205],[127.0015711995524,37.276335300734],[127.0006063005173,37.2763588007105],[127.0006688997007,37.2769669004958],[126.99900550064649,37.2765106005944],[126.99954770006039,37.2774449004654],[126.99744340084389,37.2774967008665],[126.9968889009639,37.2783923008671],[126.9969550012745,37.2824713990263],[126.9975893006402,37.283358298139404],[126.99952020069941,37.283398300299105],[126.9975174013673,37.283444600139404],[126.9976054012793,37.2851931983908],[126.99904310089339,37.285938799878494],[126.99829720028609,37.288566500984004],[126.9934457005339,37.2912457005324],[126.99132750019379,37.2904201015115],[126.9903284011929,37.2913877005439],[126.988571200178,37.291372600619404],[126.9889935999467,37.2903010993504],[126.9903283999019,37.291387699420504],[126.9909651992651,37.2904460003622],[126.9902083996503,37.2898277998529],[126.9913731995453,37.2881006999684],[126.9901025000359,37.287363300706104],[126.9885946000524,37.289427500554005],[126.98590900033261,37.29021140083319],[126.9853892008339,37.2910757000326],[126.9869784002727,37.2918788003013],[126.98523920024489,37.2912723005548],[126.9837732005522,37.2925903000093],[126.9843031000223,37.2933283992712],[126.98552580025691,37.292982699586304],[126.9857361005206,37.2945472002126],[126.9847853007295,37.294213300685506],[126.984123201171,37.295362699896195],[126.9862450010473,37.2961796000093],[126.9846959019906,37.2968155008545],[126.986600200891,37.299961099403],[126.9862999010395,37.3012318995402],[126.9873718999675,37.3023908983812],[126.98919670068149,37.3023770002717],[126.9873718994197,37.3023909028892],[126.98477060120071,37.303787201687],[126.9854905004808,37.305679399794805],[126.9846003003057,37.3068500002978],[126.9844298997073,37.3060639008775],[126.983318499893,37.3070756003329],[126.9828274999346,37.3064754005474],[126.9824133998934,37.3073848007459],[126.9818572003242,37.3061789019353],[126.97609610009981,37.305632004030606],[126.9731247025481,37.307401302406404],[126.9729423000001,37.309517601521],[126.97156819955029,37.3073511030305],[126.96770200012,37.3075135027764],[126.9625247021762,37.3135879020101],[126.9592619023059,37.3158318004706],[126.9594261021417,37.3173381989642],[126.9617032998645,37.319140997161405],[126.9668537008771,37.3206527996054],[126.9644497003362,37.3212265005062],[126.963286901499,37.3228643988683],[126.96165050107001,37.3269124010031],[126.9618777010064,37.3284982019575],[126.9598037985571,37.327148202489205],[126.9591021001592,37.3250981013533],[126.957826800065,37.3254465017182],[126.9566797016812,37.3301080995293],[126.9570905012704,37.331699097938305],[126.9586167042674,37.332035998419705],[126.9592515026213,37.33339870031519],[126.95872630245759,37.334051800779],[126.9569541008945,37.334026701329606],[126.956735694441,37.3352231014978],[126.95401989715681,37.3309021058188],[126.9512138999628,37.3301651065558],[126.9452262014234,37.33102070193301],[126.9422384013389,37.3325386025782],[126.9421322981932,37.331419401196904],[126.9402296981355,37.3315366011594],[126.93942419881381,37.329727901415204],[126.9381271001109,37.329789501353595],[126.9367558982604,37.3319216007374],[126.9365847983213,37.329887301442],[126.9338886992894,37.330047601389],[126.93435609829851,37.328257200654704],[126.9329371961779,37.3233148024582],[126.9289110011906,37.3207565996015]]],[[[126.8468028986481,37.309456700076296],[126.8477140994961,37.3096195994453],[126.84736689994699,37.3056666994671],[126.8495714989421,37.3057188989532],[126.8498450993193,37.3044742995803],[126.8592083998657,37.3039913999347],[126.8600160997492,37.3032582999175],[126.85995939980589,37.301926401249396],[126.8585964993188,37.3015772998598],[126.8589246999891,37.2996692997947],[126.8627401988809,37.300167499406804],[126.86268389974359,37.2981218993514],[126.86363759878991,37.2976398998334],[126.8626050997128,37.2968220994903],[126.8648026992556,37.2958794993572],[126.8644833995749,37.295221500015195],[126.8664092990845,37.2942018000097],[126.8664910993773,37.2934411992767],[126.8665823008348,37.2950656996019],[126.86723120018591,37.2954866991809],[126.8678177013159,37.2946623994264],[126.8696691999547,37.295777199192905],[126.8702559999404,37.2973339987362],[126.87104840037621,37.2969664995636],[126.870652800417,37.2981853991231],[126.87370399998271,37.298118899647896],[126.8748712995442,37.3002578978412],[126.8760299003342,37.3005590994256],[126.8750015019636,37.303370703610405],[126.8731381005759,37.3039454010035],[126.8715931006337,37.3017789025763],[126.86692340084291,37.3019476007141],[126.86692210085809,37.303410999382294],[126.8694299012815,37.3059207004532],[126.8642347006095,37.3098545007293],[126.8635525998079,37.306162103138604],[126.86133960006599,37.3074084028274],[126.8575324001171,37.3049011015341],[126.8572461000865,37.306491300742294],[126.8563536004205,37.3059812013453],[126.854570901709,37.3071924004811],[126.8548302999335,37.3090546003193],[126.8542671000472,37.3077895011087],[126.8536338006805,37.3083574005408],[126.8542364025116,37.310149902311196],[126.8523299004547,37.3094587010005],[126.8506248021598,37.310890799568405],[126.84973359976739,37.313901100566206],[126.8477839997409,37.313582001082196],[126.84800709956811,37.3122576006591],[126.8465367996309,37.3115012000771],[126.8468028986481,37.309456700076296]]],[[[126.79650989680151,37.3840801965866],[126.7987759971798,37.381021499149504],[126.798287898008,37.37809389924411],[126.8026063017507,37.3774387950592],[126.8065863978702,37.375795096680996],[126.8089384975478,37.372716898837304],[126.8079615982638,37.3703044002603],[126.8057778978761,37.369196900311096],[126.807304699223,37.3662468001412],[126.8065221996881,37.363899101356395],[126.8045822016281,37.3643676008879],[126.8051718983377,37.367068701407995],[126.8041853978103,37.3652465004334],[126.8045821985378,37.3643675997428],[126.80356759777719,37.363644794528504],[126.8072127019144,37.362469091201596],[126.8109554033196,37.363902696137295],[126.80755660332059,37.363612201795796],[126.8075094033678,37.366206999201005],[126.8089300013419,37.370126999200195],[126.808889101823,37.3747726994397],[126.811197900068,37.3756572989768],[126.8123562006127,37.3746359987462],[126.812303302891,37.3779222997165],[126.81448870116199,37.3785177000232],[126.8123033008546,37.3779223032939],[126.8092052028041,37.3796007022912],[126.8086737033356,37.3808801010118],[126.8115275008928,37.382396299527],[126.81214470522191,37.3838753026715],[126.8086531021654,37.384765104704904],[126.80611640165779,37.386627604306796],[126.8068195009547,37.3906798002546],[126.8051229010556,37.3902255009677],[126.8049096008902,37.3907371013288],[126.8034872002503,37.390105200603],[126.8032454988456,37.389085099598105],[126.804743098769,37.385280200908795],[126.79983870006359,37.3845326030359],[126.79877759942009,37.3864489019982],[126.79650989680151,37.3840801965866]]],[[[127.12590989889699,37.515957699855804],[127.12663519954529,37.5161896999778],[127.1293919984399,37.5138878993929],[127.12858489952501,37.512643600087195],[127.12775579971431,37.5126603000213],[127.12858450020771,37.5119202994246],[127.1293693998871,37.5130012994893],[127.12989210021661,37.5123991993757],[127.1316481996098,37.513614499179404],[127.1317354000181,37.5128933993911],[127.1325665999134,37.513171899424606],[127.1328399000238,37.5141152990269],[127.1334544000848,37.5129457995534],[127.13366600012971,37.5141919995822],[127.13478630055471,37.514038300284305],[127.1339211010767,37.514698699742],[127.1353663005361,37.5153294998723],[127.1340189004452,37.5169518002464],[127.1336169998998,37.5163304005533],[127.13298970052709,37.5168349000488],[127.133655600494,37.5179067997478],[127.13292749964559,37.5197085005299],[127.133405698489,37.5178601004306],[127.1305563013384,37.5180098002809],[127.130230398639,37.5195366010941],[127.1285491001502,37.5183289007062],[127.1271140993433,37.5184188003883],[127.1266351992047,37.516189700558996],[127.12590989889699,37.515957699855804]]],[[[127.0305586994891,37.6482740998812],[127.0317643995697,37.647942499565],[127.03126329973621,37.6469897995464],[127.03265810056091,37.6448537994192],[127.0352732999691,37.646160199243695],[127.0358186006659,37.6454464994159],[127.0392124004535,37.648355500119],[127.0380271012582,37.6489635001342],[127.0371848006193,37.6509789997851],[127.0376745001675,37.651422000153396],[127.0360747002078,37.6519062003706],[127.03599869952099,37.651232200367204],[127.03183489971391,37.650685800310896],[127.0305586994891,37.6482740998812]]],[[[126.7752945986622,37.403307400795505],[126.7754208045644,37.4026442914302],[126.7762018037834,37.4027920912824],[126.7808940007491,37.4051190887876],[126.78586560126189,37.402907191424305],[126.790256300049,37.398373198686],[126.7896706011791,37.399082799237306],[126.7932860998047,37.400097598547205],[126.79368440044351,37.401483397952894],[126.7964276977002,37.4011860982502],[126.7969870971408,37.400270299166],[126.79539300053571,37.398025399552004],[126.7969871015593,37.4002702994535],[126.7967288016494,37.4009805994503],[126.7987602006865,37.4010289998194],[126.7998391035304,37.404505199538605],[126.7982854006779,37.4073601011587],[126.79398690497639,37.4095666989521],[126.79394480204981,37.4124344009427],[126.7906438029042,37.4105500033812],[126.7896748038732,37.4109725029587],[126.7884009051471,37.4148583990728],[126.7922455004833,37.418155398413305],[126.79279840063839,37.4176978001329],[126.7898280024248,37.41938179999109],[126.7894687972392,37.4204736025099],[126.7892813980599,37.4172790998169],[126.7884694984297,37.4158192006104],[126.787013497898,37.4153832009374],[126.7884008990371,37.4148583984057],[126.7891666982713,37.4111162021479],[126.78849799894,37.4100062032579],[126.7846116028264,37.4088350044291],[126.78330940321939,37.4097255041132],[126.78295610131951,37.414822901122896],[126.7836696012419,37.4170980992225],[126.78199199805181,37.4168599003474],[126.78033289766381,37.4152298013954],[126.7801089977134,37.4114601031413],[126.77800189945191,37.4061963999565],[126.7808939971312,37.405119100838704],[126.77669560126729,37.403227102632],[126.7752945986622,37.403307400795505]]],[[[127.0982638997892,37.5469118996271],[127.10017069760171,37.5458851996236],[127.0994981982742,37.543992201516595],[127.1017400001122,37.5421399995405],[127.10146300060859,37.542809599669596],[127.10268860066739,37.5428245994943],[127.10325049958401,37.5438906991216],[127.1037579002662,37.5424049995693],[127.105771399579,37.542843499007795],[127.1056901001667,37.544610799471],[127.107024901068,37.5444191998959],[127.1053974011754,37.5459296998216],[127.10674999982281,37.5466299991213],[127.10849470032119,37.5462304000917],[127.10720980078511,37.5482083010933],[127.1052530001952,37.5476357015553],[127.10432029975439,37.548626401371806],[127.1018003995392,37.5488333019278],[127.1012138984364,37.547543701046095],[127.0982638997892,37.5469118996271]]],[[[126.8919938999056,37.6528498999821],[126.89319219997,37.6528163990882],[126.89382779934459,37.6515253985731],[126.8960580992657,37.6517164992077],[126.89673910072041,37.6505686987883],[126.8960581005919,37.6517164994794],[126.8972015003622,37.651290599409606],[126.8979933004695,37.6518635999974],[126.8986892001503,37.6539411999983],[126.8968429001157,37.6539244002355],[126.8966171005991,37.655058500658704],[126.89527660044071,37.654761300736],[126.8940913994944,37.6555355005331],[126.8919938999056,37.6528498999821]]],[[[126.9112536987102,37.646546900851995],[126.9125485998964,37.644253399887496],[126.9130753996183,37.6449400993087],[126.9149755002104,37.644448599467],[126.9159210006596,37.6458062990382],[126.9185253003466,37.6462471995878],[126.91795160097719,37.6476331007622],[126.9189251002334,37.6484830999586],[126.917379800785,37.649260500576695],[126.91777590005749,37.650383400091805],[126.9170516003296,37.649382001146904],[126.9156808015456,37.649544400998906],[126.9151736007218,37.65169960026],[126.9139239002675,37.6515287008579],[126.9135054981957,37.6522018000028],[126.91399629853329,37.6486129997167],[126.9112536987102,37.646546900851995]]],[[[127.0117958986008,37.6200525994138],[127.0117892998974,37.619165499941104],[127.01270170042439,37.619178799667],[127.0132868998794,37.6205267990481],[127.0142273989389,37.6196199999549],[127.01381379977529,37.618725599097495],[127.0146782000574,37.6194747995946],[127.0154072999956,37.6186116985504],[127.0183270002314,37.619920699976404],[127.017229200832,37.6199741004003],[127.0176106004506,37.6206519997224],[127.0167646006031,37.6207189003484],[127.0168957999709,37.6215677006677],[127.0145814999979,37.621496900359396],[127.0143638000633,37.6208319007917],[127.01329730044341,37.622003499890596],[127.0138208005003,37.621998400582704],[127.0129039985956,37.622129802215305],[127.0117958986008,37.6200525994138]]],[[[126.8351617996112,37.316610000461],[126.836553898805,37.3149420993196],[126.8363242989823,37.3122057000557],[126.8394516984504,37.3113595998715],[126.8385933998988,37.3104371988547],[126.84462670032761,37.3144992998857],[126.84290990039,37.314836901339405],[126.8427920004281,37.316201300162604],[126.8414801987855,37.3162646004984],[126.8419084977545,37.3153125005438],[126.8406341990288,37.314033001823304],[126.8389603007027,37.314812601043705],[126.83900700066509,37.3157884002198],[126.8368000000458,37.3176203006562],[126.8351617996112,37.316610000461]]],[[[127.0730428998329,37.6168069000744],[127.0758233000509,37.6173678995847],[127.0757808001801,37.6165204999288],[127.0755288005464,37.6185949001966],[127.07510719966331,37.6179985004641],[127.0744830994142,37.6186546004646],[127.0747560990239,37.6179124003976],[127.0730428998329,37.6168069000744]]],[[[127.1211550993575,37.5395380003316],[127.1219038990081,37.5392940994834],[127.1225111998401,37.536264199156896],[127.1244353999095,37.5375176989021],[127.1263548004906,37.536766499616],[127.127260100781,37.5373821997064],[127.1254536009626,37.5381065006534],[127.12576830017811,37.539273200516995],[127.1240859009732,37.5405691005106],[127.12366499975471,37.5397616009385],[127.1221556003493,37.5402265007488],[127.1228684991134,37.5398324000322],[127.1224459995359,37.5390875007771],[127.1211550993575,37.5395380003316]]],[[[126.80652619908659,37.334464500516404],[126.8077110995581,37.3345280997118],[126.8072255994001,37.3337337993531],[126.8085716995977,37.3327210995303],[126.8109275003103,37.3326044994945],[126.8117461998691,37.3334958984109],[126.8129744999426,37.3334344993224],[126.81316530065709,37.3356861002588],[126.81193470093929,37.3351423012743],[126.8116425012315,37.3364964999201],[126.8101218001367,37.3373057005376],[126.8068520998234,37.3359907000951],[126.80652619908659,37.334464500516404]]],[[[126.8197175989566,37.3186710018241],[126.8190871989587,37.3151625000567],[126.8220526009097,37.3135807987171],[126.823500000892,37.3149378996956],[126.82215560124351,37.3150043013522],[126.8212199006964,37.317329899527394],[126.8225372016385,37.3177097991205],[126.8234319022753,37.3191478004602],[126.8212726012388,37.3198611011565],[126.8205042001334,37.3210421005877],[126.8197175989566,37.3186710018241]]],[[[127.1090838973991,37.394889900003704],[127.10965799896469,37.3923653002241],[127.1112643999596,37.3914410998242],[127.11272870025401,37.3935953986264],[127.1140081021136,37.3937715993096],[127.1142385007418,37.396324300000906],[127.11225789996111,37.3971560006731],[127.11122090043011,37.396206500949],[127.1094489984298,37.3963493020743],[127.1090838973991,37.394889900003704]]],[[[126.6789218995611,37.403883000833],[126.68034549993901,37.402780499834],[126.6825946002725,37.4053517995959],[126.68376309988739,37.4047894979746],[126.68238220133621,37.4058880013153],[126.68329460031559,37.407403600506],[126.6789218995611,37.403883000833]]],[[[126.7655477984025,37.6037542014957],[126.7680997976897,37.5997240988083],[126.7701082994633,37.6001842996196],[126.7712809995599,37.5989186987248],[126.7720276004111,37.5995590989224],[126.7728417010662,37.5990191987344],[126.7731741024219,37.6018355990372],[126.7719463003544,37.603754700765805],[126.7718998001187,37.6055614011719],[126.7655477984025,37.6037542014957]]],[[[127.0665712997017,37.6152825999399],[127.06644350003731,37.6147540998303],[127.0702955003003,37.6155420990249],[127.06997400071731,37.6165933995375],[127.07079710136709,37.6162000003392],[127.069974000151,37.6165934010939],[127.0695793996177,37.615806800773704],[127.0665712997017,37.6152825999399]]],[[[127.0506224982095,37.4526111009749],[127.0507749959585,37.451406397441204],[127.0530016995441,37.450448799068496],[127.0546860978597,37.4481191013982],[127.0531685993772,37.4424831070342],[127.0524027975813,37.442221098317795],[127.0532782048513,37.441555196205],[127.0575137010209,37.443128194934395],[127.0598314987031,37.4404216976409],[127.0604220015261,37.4408505983166],[127.060989703758,37.4436515036503],[127.0601507032055,37.4474150010628],[127.0626190009755,37.4490596025813],[127.0584834041438,37.4519174007154],[127.05870660053259,37.452890002968],[127.0570736990373,37.452615702112304],[127.0547802000967,37.453587900813304],[127.0530784011251,37.452791301137104],[127.05262439917419,37.454335400738096],[127.0506224982095,37.4526111009749]]],[[[126.97719399962149,37.2485407998622],[126.9789706001441,37.2479222996925],[126.980142800138,37.248715398859304],[126.9822194992305,37.2478935995119],[126.9826389010403,37.2483436996687],[126.98199920073921,37.2487153000463],[126.983024201272,37.249418500656],[126.9822979010469,37.251247900311505],[126.9811233002863,37.2504827009658],[126.9807790000494,37.2512435008784],[126.9779976990917,37.2500504001436],[126.97836339965501,37.2493161001931],[126.97719399962149,37.2485407998622]]],[[[126.7453344974855,37.450204000485996],[126.74648419876449,37.4489319986961],[126.7468044002046,37.4499109984877],[126.7484923985166,37.450136098262604],[126.7487795982294,37.4482474001513],[126.7469398983088,37.447464800163296],[126.7477259994753,37.447101500200304],[126.7472909996698,37.4466383996282],[126.74935560065771,37.447241599792],[126.7492974007159,37.4488411981924],[126.7529787019685,37.4502946985148],[126.74971239961971,37.4516231018304],[126.7484923990126,37.4501361023934],[126.7453344974855,37.450204000485996]]],[[[126.810479997194,37.3465859001698],[126.8137833008624,37.3443257993537],[126.8143027005848,37.3454863011687],[126.8120711012561,37.3468528015596],[126.8110167023105,37.3486669997454],[126.8124935008337,37.3497161986962],[126.81369400037279,37.3494774989602],[126.81551469993289,37.3474432991825],[126.8156578003877,37.349197699323],[126.8168926019393,37.3490189998428],[126.8156577999038,37.3491977012511],[126.8145384008276,37.3483656016459],[126.8136940001244,37.3494775009549],[126.8091441989561,37.3495190010943],[126.810479997194,37.3465859001698]]],[[[127.014010698972,37.2658210011558],[127.0146734997264,37.2638922996518],[127.01542090087709,37.264979798856196],[127.0178261020362,37.2650260978549],[127.01595170079361,37.2656383006947],[127.016715400626,37.2665013999027],[127.0162423998939,37.2667583011403],[127.0150715986016,37.2665734008281],[127.0156063991184,37.265693500568496],[127.014010698972,37.2658210011558]]],[[[127.03160869870571,37.2103932996875],[127.03395049890321,37.2068413997157],[127.0350051987788,37.2066760991854],[127.0347310993855,37.2050262993496],[127.03590710018851,37.2047575981463],[127.03807570043179,37.2083780994618],[127.0373099999304,37.209520000808],[127.0359067008703,37.2085031017539],[127.0341473001688,37.2088305018844],[127.0337410005751,37.2103981003168],[127.03160869870571,37.2103932996875]]],[[[127.0091461994144,37.2450248000315],[127.0111494002813,37.245922698934905],[127.0119849994457,37.245233599624],[127.0130938014724,37.2416651994834],[127.01198500074389,37.2452335996133],[127.0130366008091,37.2458644004991],[127.0091461994144,37.2450248000315]]],[[[127.1335172991774,37.528379100232],[127.1353156995888,37.5253204989087],[127.13764610124299,37.5291674996759],[127.1368123003878,37.5299789010243],[127.1335172991774,37.528379100232]]],[[[127.13109969948269,37.5360865995928],[127.1319153005923,37.5342822989574],[127.1322239007812,37.5349876992543],[127.1343905010794,37.5354302003086],[127.1325271998848,37.5357257003006],[127.13150000088281,37.5350834008919],[127.13109969948269,37.5360865995928]]],[[[127.0451289988876,37.652672099584294],[127.0460785992363,37.6525472994786],[127.0467031006969,37.651101398376404],[127.0467230004286,37.6539026002729],[127.0459940003794,37.6544120004068],[127.0458550996262,37.6528372003061],[127.0451289988876,37.652672099584294]]],[[[126.8711268984014,37.6511848002292],[126.8709834988692,37.6506992999515],[126.8729230000774,37.6508026999846],[126.8711268984014,37.6511848002292]]],[[[127.1070780989907,37.3685314998945],[127.10983450011831,37.368397100001104],[127.1084910011277,37.3682645003813],[127.1083100002247,37.3686796018749],[127.1070780989907,37.3685314998945]]],[[[127.1171404992114,37.494103198395095],[127.1179424989342,37.4932429989374],[127.1174755995368,37.4921785989612],[127.1188458000328,37.4920933992424],[127.11927330049551,37.4927017002685],[127.1171404992114,37.494103198395095]]],[[[127.0816502984705,37.4850036993866],[127.0828378981149,37.4838073986008],[127.0813045997584,37.4821933997061],[127.0830176984303,37.4821069992135],[127.0826993002094,37.4811530990304],[127.0842864028462,37.481388799151496],[127.08527640185619,37.4834877970525],[127.08815990403,37.4836291977071],[127.0851432995707,37.4853601018849],[127.0833403003749,37.485493601591195],[127.0827450000926,37.4868101001363],[127.0816502984705,37.4850036993866]]],[[[127.10073699867249,37.4880794985911],[127.1003478995753,37.4869720981829],[127.10210199955151,37.486132998791206],[127.103028700742,37.486423900039995],[127.1020964006903,37.4872307996979],[127.10377820045099,37.487778000305596],[127.102558400947,37.4875695008947],[127.10216289926569,37.4885118016341],[127.10073699867249,37.4880794985911]]],[[[127.1201881984058,37.5296956004144],[127.1210947003761,37.529236399827205],[127.1204713004919,37.5302833996549],[127.12180000064039,37.530450000292305],[127.1209430002239,37.531656100704],[127.12062519921511,37.5306774010486],[127.1195284994316,37.5313072005664],[127.1206251986362,37.530677400270804],[127.1201881984058,37.5296956004144]]],[[[127.1381497999184,37.5196490996856],[127.13897849900259,37.518940097929104],[127.13926460089951,37.5193245994387],[127.1381497999184,37.5196490996856]]],[[[127.0625385997904,37.656044699992705],[127.0633145010886,37.6555489996231],[127.0636297005108,37.6563675002461],[127.0628595995277,37.6567016000999],[127.0625385997904,37.656044699992705]]],[[[126.8077882992293,37.3202754999674],[126.8086645996345,37.319097799074704],[126.80968420180841,37.319734102426196],[126.8089382011813,37.3208139014153],[126.8077882992293,37.3202754999674]]],[[[126.8185485979093,37.6159186009239],[126.8199021992578,37.615778296129506],[126.8186825022453,37.6161667017151],[126.8199542010309,37.6186806009218],[126.8185485979093,37.6159186009239]]],[[[126.80507499798371,37.3205295006627],[126.8063660014488,37.3196900975231],[126.8059820993758,37.3205904023667],[126.80507499798371,37.3205295006627]]],[[[126.82532909884661,37.3171283997019],[126.8257436017487,37.31614159917],[126.8263613005879,37.3170343001994],[126.82601220079789,37.3175862005171],[126.82532909884661,37.3171283997019]]],[[[126.86763189847781,37.30941180023],[126.8692267010035,37.307847499021804],[126.8692998009672,37.3089315996019],[126.86763189847781,37.30941180023]]],[[[126.843137898751,37.6128071000068],[126.843576300829,37.6126206001945],[126.8433385006056,37.6129594010604],[126.843137898751,37.6128071000068]]],[[[127.1059459997048,37.6063360004796],[127.10621480005611,37.606029699984504],[127.1060797001734,37.6064109003863],[127.1059459997048,37.6063360004796]]],[[[126.6768196991217,37.543803699590896],[126.67764620146009,37.543756199953094],[126.6768881008625,37.545041000611995],[126.6762752996807,37.544550700007505],[126.6768196991217,37.543803699590896]]],[[[126.97475759937771,37.2819440998342],[126.9757622004346,37.2812394001003],[126.9753053007298,37.282544900754],[126.97475759937771,37.2819440998342]]],[[[126.7061258984347,37.4341247989343],[126.70748770020211,37.4342426997743],[126.7067022992581,37.434737601363395],[126.7061258984347,37.4341247989343]]],[[[126.9351977995295,37.5621651002492],[126.93513219997669,37.561858799931606],[126.9352901000984,37.562117900125095],[126.9351977995295,37.5621651002492]]],[[[127.14734969825791,37.527859399903896],[127.1479433992903,37.5276917982395],[127.1481089024056,37.5276450992163],[127.14734969825791,37.527859399903896]]],[[[126.6745465989325,37.3981017011696],[126.6746103994772,37.3980624983212],[126.67525450183149,37.397606798857595],[126.6746104024107,37.398062502238105],[126.6745465989325,37.3981017011696]]],[[[126.6727055989155,37.52462710146369],[126.6733425999136,37.5244448979943],[126.6740134014077,37.5249414010308],[126.6727055989155,37.52462710146369]]],[[[126.82238739882949,37.6108194999885],[126.8240690997178,37.6108659981945],[126.82447450327989,37.6108660019965],[126.8240690992485,37.6108660010615],[126.82238739882949,37.6108194999885]]],[[[126.6613508995754,37.3879728997306],[126.6614539005713,37.387915199461],[126.6618928003656,37.388173699977],[126.6613508995754,37.3879728997306]]],[[[126.7312858994273,37.6130078998882],[126.7314146995646,37.6124360993436],[126.7321118014724,37.6125097988638],[126.7312858994273,37.6130078998882]]],[[[127.0306526998466,37.4738428001598],[127.0307702001006,37.473712898580104],[127.0309034005713,37.473824800408906],[127.0306526998466,37.4738428001598]]],[[[127.0842329998877,36.9902223002608],[127.0849759007841,36.990628100433604],[127.0843266998135,36.9906522005238],[127.0842329998877,36.9902223002608]]],[[[126.97803249920669,37.3118256993836],[126.9784907998803,37.311805298631704],[126.97842300023251,37.312075500049],[126.97803249920669,37.3118256993836]]],[[[126.677610099208,37.404503299835504],[126.677610100458,37.4045032989159],[126.6777324007506,37.4046118001042],[126.677610099208,37.404503299835504]]],[[[126.7597934962271,37.4394740986045],[126.7597935030265,37.4394741048542],[126.7597934963759,37.4394741055588],[126.7597934962271,37.4394740986045]]],[[[126.8455717000779,37.307026500172796],[126.8456280999934,37.306956999879795],[126.8457669010195,37.3070170004709],[126.8455717000779,37.307026500172796]]],[[[126.918296299465,37.3203787986892],[126.91918279941851,37.3197846980005],[126.91918280157991,37.3197846986732],[126.918296299465,37.3203787986892]]],[[[126.92269379992031,37.400835799979305],[126.9227879000354,37.4005827999461],[126.9227357999907,37.4008739001284],[126.92269379992031,37.400835799979305]]],[[[127.0792351997669,37.4826138995946],[127.0799026010502,37.4827047997034],[127.0798301011227,37.4830145993936],[127.0799025994786,37.4827048002389],[127.0792351997669,37.4826138995946]]],[[[127.1225477998428,37.4858462998132],[127.12267440015589,37.4858906999602],[127.1224488998885,37.4858151999621],[127.1225477998428,37.4858462998132]]],[[[126.7503030991243,37.5519934999666],[126.7508668004228,37.552154700083705],[126.7505869006495,37.5523247026965],[126.7503030991243,37.5519934999666]]],[[[126.8050550993877,37.350462898616094],[126.8059009021994,37.350218500394796],[126.80516040028911,37.3509660004704],[126.8050550993877,37.350462898616094]]],[[[126.9829842990591,37.2667931015908],[126.9838483014278,37.266954997935],[126.98361400042461,37.2675151012963],[126.9829842990591,37.2667931015908]]],[[[126.6771305988267,37.5521879986558],[126.67713060438909,37.5521879991986],[126.6771306000679,37.5521880013157],[126.6771305988267,37.5521879986558]]],[[[126.7374822998608,37.459274800442],[126.7375219003345,37.4591573993796],[126.73757779986799,37.4594739003839],[126.7374822998608,37.459274800442]]],[[[126.74911879897141,37.5439419000599],[126.7496048996043,37.54372089959929],[126.7496049013122,37.543720900154696],[126.74911879897141,37.5439419000599]]],[[[126.9303648997942,37.3388474996453],[126.9309682999074,37.3387622990594],[126.9309899007865,37.338862800263],[126.9303648997942,37.3388474996453]]],[[[127.0666763997735,37.4867891998222],[127.0670937008153,37.486922199510204],[127.06709369992011,37.4869222009275],[127.0666763997735,37.4867891998222]]],[[[126.6906871989686,37.4089211006161],[126.6906872008291,37.4089210979657],[126.69076070059779,37.4090120008212],[126.6906871989686,37.4089211006161]]],[[[126.81419609860221,37.3509707992723],[126.8141961032493,37.3509708030058],[126.81419610019961,37.350970803757],[126.81419609860221,37.3509707992723]]],[[[126.67528279808441,37.5438931007459],[126.67528280065861,37.543893099501496],[126.6752828008089,37.543893100335396],[126.67528279808441,37.5438931007459]]],[[[126.7886205992459,37.3270111005254],[126.7886206007153,37.3270110993269],[126.78862060059541,37.3270111008724],[126.7886205992459,37.3270111005254]]],[[[126.8089474995713,37.6317545998859],[126.808947500683,37.6317546001694],[126.80894749988221,37.6317546011367],[126.8089474995713,37.6317545998859]]],[[[126.98453209912759,37.408347900949906],[126.9845321006127,37.408347899370504],[126.9845321018645,37.4083479028371],[126.98453209912759,37.408347900949906]]],[[[127.06141999967589,37.6231700005278],[127.0614200006506,37.6231699999103],[127.0614200002957,37.623170001251104],[127.06141999967589,37.6231700005278]]],[[[127.0847559996349,37.6200910001561],[127.0847560002174,37.620090999625205],[127.0847560000204,37.6200910002799],[127.0847559996349,37.6200910001561]]],[[[127.08748609992651,37.5174465997867],[127.0874860999865,37.5174466006418],[127.08748609837461,37.5174465993268],[127.08748609992651,37.5174465997867]]],[[[126.7119488994091,37.5467580000496],[126.7119489015614,37.546757999520196],[126.7119488995419,37.546758001208794],[126.7119488994091,37.5467580000496]]],[[[126.7391375995634,37.515373500455304],[126.73913760037,37.5153734994224],[126.7391376004311,37.5153735002891],[126.7391375995634,37.515373500455304]]],[[[126.79677799964891,37.5812023000949],[126.7967780001816,37.5812022991959],[126.79677800029211,37.5812022999719],[126.79677799964891,37.5812023000949]]],[[[126.81043969940751,37.3697661005858],[126.8104396998322,37.3697660995611],[126.810439701047,37.3697660992599],[126.81043969940751,37.3697661005858]]],[[[126.9365399999104,37.5619297999108],[126.93654000011189,37.561929800038],[126.93653999999559,37.5619298001047],[126.9365399999104,37.5619297999108]]],[[[127.0188531995872,37.6387526998374],[127.0188532004526,37.638752700450695],[127.0188531998931,37.638752700717696],[127.0188531995872,37.6387526998374]]],[[[127.0185264998123,37.6207245998345],[127.01852650081439,37.6207245990765],[127.01852650059969,37.6207246002268],[127.0185264998123,37.6207245998345]]],[[[127.06950139930359,37.5905369001313],[127.0695345002006,37.5904386995787],[127.06950140004739,37.59053690011859],[127.06950139930359,37.5905369001313]]],[[[127.0867937994077,37.573759999152],[127.086793800526,37.5737599998742],[127.0867937999289,37.5737600003956],[127.0867937994077,37.573759999152]]],[[[127.0982200996019,37.6000498001129],[127.09822010011361,37.6000497994952],[127.0982201001282,37.6000498000277],[127.0982200996019,37.6000498001129]]],[[[127.11219769956189,37.497095699839804],[127.11219770019339,37.4970956999097],[127.1121976999864,37.4970957003281],[127.11219769956189,37.497095699839804]]],[[[126.72824819956169,37.5537857007438],[126.72824820362369,37.553785699152],[126.7282482003815,37.553785702450796],[126.72824819956169,37.5537857007438]]],[[[126.7480424990348,37.5442830994685],[126.7480425007545,37.544283100364304],[126.7480424993483,37.5442831003803],[126.7480424990348,37.5442830994685]]],[[[126.7987368996413,37.3999946004363],[126.79873690020979,37.3999945995154],[126.79873690015829,37.3999946002357],[126.7987368996413,37.3999946004363]]],[[[126.8163602993121,37.4615644006618],[126.8163603006117,37.4615643992835],[126.8163603012109,37.4615644004169],[126.8163602993121,37.4615644006618]]],[[[126.92549770035849,37.6321982999074],[126.92549769969439,37.632198299892195],[126.92549770057589,37.6321982994126],[126.92549770035849,37.6321982999074]]],[[[126.9364288000135,37.561607800206595],[126.9364287999387,37.5616077999214],[126.9364288001296,37.5616078001561],[126.9364288000135,37.561607800206595]]],[[[126.9702239988153,37.3537339005548],[126.9702240000804,37.353733899709404],[126.9702240003875,37.3537339000708],[126.9702239988153,37.3537339005548]]],[[[126.9762497997895,37.285758499924],[126.9762498005838,37.2857584996708],[126.9762498002005,37.2857585003767],[126.9762497997895,37.285758499924]]],[[[127.09834649990111,37.517685300013895],[127.09834649997431,37.5176852990724],[127.0983465004393,37.517685299292495],[127.09834649990111,37.517685300013895]]],[[[126.6726304995574,37.396998099986895],[126.6726305002293,37.396998099853796],[126.6726305001082,37.3969981007618],[126.6726304995574,37.396998099986895]]],[[[126.74831749936929,37.547066899841795],[126.748317501276,37.5470669005621],[126.7483174995996,37.5470669005337],[126.74831749936929,37.547066899841795]]],[[[126.7964663996663,37.581487200495],[126.7964663999605,37.58148719981],[126.7964664003036,37.581487199984394],[126.7964663996663,37.581487200495]]],[[[126.85980789984801,37.2991242000068],[126.85980790033051,37.2991241999291],[126.85980790016461,37.2991242001817],[126.85980789984801,37.2991242000068]]],[[[126.8822595998431,37.501797100028895],[126.882259600132,37.5017970998831],[126.8822596000262,37.501797100092],[126.8822595998431,37.501797100028895]]],[[[127.03067489928699,37.261860500508796],[127.0306748999808,37.2618604999533],[127.03067490087689,37.2618604996511],[127.03067489928699,37.261860500508796]]],[[[127.0549968999007,37.534366999927805],[127.0549969006412,37.534367000196006],[127.05499690009201,37.5343670001562],[127.0549968999007,37.534366999927805]]],[[[126.6754418992835,37.5249267999131],[126.67544190015589,37.524926799881804],[126.67544189997919,37.5249268010454],[126.6754418992835,37.5249267999131]]],[[[127.0140762992705,37.245252799855],[127.014076300288,37.2452527998405],[127.0140762999182,37.2452528007775],[127.0140762992705,37.245252799855]]],[[[127.0613371999025,37.5802529000558],[127.0613372000352,37.5802528999336],[127.061337200054,37.580252900059],[127.0613371999025,37.5802529000558]]],[[[127.1305042994791,37.5363416001885],[127.1305042999916,37.5363415999497],[127.1305043001133,37.5363416001539],[127.1305042994791,37.5363416001885]]]]}}]}