{"type":"FeatureCollection","features":[{"type":"Feature","properties":{"interval":15,"stationId":"5935554434"},"geometry":{"type":"MultiPolygon","coordinates":[[[[127.0156682992154,37.5651837999051],[127.01789459930491,37.5645903992244],[127.0177277995399,37.5636819992367],[127.0194833997106,37.562592299563896],[127.0211142006552,37.5641472993552],[127.0218094008243,37.5636545996892],[127.0220614016279,37.5644711997287],[127.0245148994903,37.5649889995779],[127.02490949999651,37.564143699802905],[127.0258024994328,37.5643526997161],[127.0253252994609,37.5634010984893],[127.0267892992417,37.5621964990505],[127.0294875994699,37.562026099642196],[127.030444799984,37.5608101993193],[127.031894599621,37.5611748993964],[127.03339099962089,37.5583568004007],[127.03173850016701,37.5585729007354],[127.0310980000233,37.5599106003137],[127.0307617999022,37.5590160003237],[127.0289898996423,37.559782100183696],[127.0304229989609,37.5580442003917],[127.0291471000679,37.5571930006138],[127.0270222996887,37.5580681004005],[127.0261675994428,37.556544000144605],[127.0274234990706,37.5568011995531],[127.0265322995561,37.5559422996787],[127.0281385998683,37.555167999771804],[127.0282356000351,37.5567632992299],[127.029285799826,37.5550039991646],[127.030027000173,37.5566008994109],[127.0310048993281,37.555512398417996],[127.0342734995072,37.5573063988311],[127.0356672998462,37.55600479936329],[127.0378498984,37.5565451992817],[127.03742029882959,37.5558117000152],[127.0397025987692,37.5540190993705],[127.0392708992009,37.552960500429094],[127.0359473004306,37.5506830012985],[127.0360392003387,37.5517851001964],[127.03525899986289,37.5521829000922],[127.03503879981149,37.55105859931],[127.035947301971,37.550682998536196],[127.0392708993932,37.552960497118995],[127.0419446967194,37.5512665988129],[127.03802040064369,37.549168200911296],[127.0361004996506,37.5468860995445],[127.0379931995483,37.5459460996246],[127.0390666994422,37.5437412995638],[127.0403656991634,37.5435555997718],[127.0400354994936,37.542475400852],[127.0393209991343,37.5430212002095],[127.0404670006927,37.541736897554095],[127.0438207993362,37.5404707995469],[127.043741198572,37.5394391994222],[127.0512712997636,37.5392856993495],[127.0515799993376,37.538019999363904],[127.05299959961441,37.5378054994764],[127.0537572999348,37.5362484998375],[127.0544779999696,37.5372486992281],[127.0555207001222,37.5365264995513],[127.0560079003416,37.5373648990855],[127.05882169985209,37.537819998711704],[127.0604635000361,37.5400366991852],[127.0621234999734,37.5393143998126],[127.0620681001334,37.5401828992592],[127.0623447999184,37.5390903997209],[127.06399259948701,37.5381991993604],[127.0632453990898,37.5366541995157],[127.0674475996204,37.5354734992243],[127.0689531991203,37.5368017988517],[127.0707049006098,37.536018299285004],[127.07191330008351,37.536699198425104],[127.0711166010297,37.5369536001708],[127.0716377005086,37.53854439858],[127.0739615003133,37.5373507996257],[127.0757589007283,37.5385132003282],[127.0734055007982,37.5421069001971],[127.0736596000332,37.5428001000411],[127.07253260067671,37.542788700345206],[127.0728390000713,37.5449466999792],[127.0716266000105,37.545903900315196],[127.06859900029261,37.5458288001831],[127.0677419998478,37.546472800428994],[127.0672260999173,37.5451798002529],[127.06532130045939,37.5442115010279],[127.06244440139801,37.5474683995286],[127.0628857012305,37.548054699508704],[127.0622423004552,37.548774803932595],[127.0583130993089,37.5488025029211],[127.0546818009088,37.5501840016522],[127.0533977993714,37.5514765013581],[127.0503154024538,37.551196601638],[127.0504316023376,37.5536902991443],[127.0528041014455,37.553382900273604],[127.05276520278049,37.5559790003005],[127.0502439021955,37.559811501278205],[127.0476654001134,37.5581553007627],[127.0465886002771,37.559040000784606],[127.0448007007316,37.5585823006828],[127.0446704008619,37.5593868998782],[127.0467486002289,37.560232900025305],[127.046201000259,37.5599617007166],[127.0457642006958,37.5608260998522],[127.0469524003574,37.5609058000866],[127.0457525005456,37.561157300267695],[127.0452067010736,37.5621330997513],[127.0458976007591,37.5625627000762],[127.0421875004282,37.562838400967294],[127.0418108999896,37.5642078008702],[127.0398309998656,37.563975300957004],[127.0386779000803,37.56578240005091],[127.0363358997359,37.5660667000257],[127.03595419963871,37.564224300538],[127.03428359974889,37.564112100030805],[127.0341409998353,37.5633626005357],[127.0308062002179,37.5678130004391],[127.0291960994839,37.5677592004227],[127.0271361993211,37.5660277003456],[127.0258480999104,37.5665979003277],[127.0240266998633,37.5650740002321],[127.019410799964,37.568878000209196],[127.01790629891961,37.567732500266395],[127.01786319983809,37.5665360001595],[127.0167239995602,37.5664913999809],[127.0171744996389,37.565558600364106],[127.0156682992154,37.5651837999051]]],[[[127.0796923994279,37.536456800999204],[127.0813095001201,37.5337389992787],[127.0819372998816,37.5343023990486],[127.084694100382,37.5332326991695],[127.08769770193291,37.5350308000258],[127.0896395006457,37.537883598673204],[127.0909301001599,37.538362300037704],[127.088472900353,37.5398811002562],[127.087611500233,37.5390620007783],[127.0869701002749,37.5403923005455],[127.0845034997783,37.5408477004584],[127.0838776993823,37.5395638006662],[127.0830351979741,37.5399551008413],[127.0820304993083,37.538096000344304],[127.0810419993031,37.5381449007415],[127.0796923994279,37.536456800999204]]],[[[127.0716005988903,37.5479423001444],[127.0718900996184,37.5467764999594],[127.0726137998708,37.5471435994007],[127.0734685996628,37.5456512992846],[127.0766022004635,37.5463718000344],[127.0754487007564,37.5491013002644],[127.07390120018289,37.5502028008973],[127.0732602996757,37.548751700402796],[127.0718941993953,37.5489428007535],[127.0716005988903,37.5479423001444]]],[[[127.09106049966499,37.5343015008891],[127.09318179872639,37.5324630985279],[127.0946393068018,37.532693691724205],[127.0956740002307,37.533455499949305],[127.09473050048899,37.5328721006648],[127.09495650023139,37.5344555998226],[127.096810000337,37.5355097996428],[127.0957562007048,37.5369835015972],[127.09457380014331,37.536250901418],[127.0934592003545,37.5370282000723],[127.0937824002024,37.5382918006796],[127.09207989989301,37.538071700775305],[127.0936792984307,37.5358521996678],[127.0931430989669,37.5347742007458],[127.09106049966499,37.5343015008891]]],[[[127.0067638991761,37.5661501001397],[127.00793589970941,37.5643045994631],[127.0089324003369,37.5644601994495],[127.00886890044569,37.5656297988941],[127.009737599577,37.5645790999448],[127.01090190035629,37.5651596999022],[127.0088689000399,37.565629800314305],[127.0083079004934,37.5668231003635],[127.0067638991761,37.5661501001397]]],[[[127.0382160985275,37.5279395003193],[127.0378642998075,37.5262363994399],[127.03958939979239,37.52465889939],[127.0433118002796,37.5257603993507],[127.0438111007275,37.5270735997236],[127.0423146017606,37.527351000377905],[127.0425218007457,37.529179300428204],[127.0412646004201,37.529457000644804],[127.04164989991689,37.5305884001052],[127.04083039934291,37.5296775005934],[127.03876860009309,37.5293715003324],[127.0382160985275,37.5279395003193]]],[[[127.06434239947261,37.5318653005363],[127.0647903002867,37.53230299882],[127.0671302995329,37.5302902986914],[127.06906760092829,37.5312687997068],[127.06748230108859,37.5333166000845],[127.0677302993377,37.5340986005992],[127.06434239947261,37.5318653005363]]],[[[127.0182284993871,37.5540985993048],[127.0190338996922,37.5537617996102],[127.0188758999689,37.5529134992827],[127.0211289996264,37.5528515992147],[127.022125601611,37.5552783007062],[127.0200100010457,37.555230000243604],[127.0204814006774,37.5563898999058],[127.0199134998159,37.5564741003595],[127.0182284993871,37.5540985993048]]],[[[127.0782572989369,37.5577235004162],[127.07822039898821,37.556827299874],[127.0792148995362,37.556335599193595],[127.08026560086661,37.5560284990492],[127.080775900469,37.5568990001466],[127.08004680037061,37.558394900433406],[127.0794829991447,37.557403400939],[127.0782572989369,37.5577235004162]]],[[[127.10334169942381,37.5216674993257],[127.1043917002783,37.5193846995445],[127.1048237008726,37.520882800303],[127.1043951999371,37.5217391003714],[127.10334169942381,37.5216674993257]]],[[[127.0400151993279,37.5160507995513],[127.0407532999918,37.5162793992101],[127.0420641003007,37.5151001992214],[127.04225010149901,37.517312600443596],[127.0414259007102,37.5171328003214],[127.04103809983299,37.5179324004335],[127.0407532996641,37.5162794007551],[127.0400151993279,37.5160507995513]]],[[[127.0128052991165,37.560588699528196],[127.0144274007945,37.5601155003243],[127.01396679987221,37.560788800815395],[127.0128052991165,37.560588699528196]]],[[[127.0999141998515,37.5132579001736],[127.1004498000218,37.513074199809296],[127.1005243001522,37.5134502000535],[127.0999141998515,37.5132579001736]]],[[[127.05241219906921,37.5191449991648],[127.0526479003664,37.519185299680395],[127.052606100389,37.5193402007541],[127.05241219906921,37.5191449991648]]],[[[127.0841886989558,37.5657002995596],[127.0841887005432,37.5657002989803],[127.08418870098569,37.565700300340005],[127.0841886989558,37.5657002995596]]],[[[126.9979366996748,37.566634200114805],[126.9979367001819,37.5666341999391],[126.9979366998799,37.566634200335],[126.9979366996748,37.566634200114805]]],[[[127.0435806988292,37.5110343006471],[127.0435806997244,37.5110342990868],[127.0435807008877,37.5110342998205],[127.0435806988292,37.5110343006471]]]]}},{"type":"Feature","properties":{"interval":30,"stationId":"5935554434"},"geometry":{"type":"MultiPolygon","coordinates":[[[[126.942187799521,37.5567064003975],[126.9429498993765,37.5560972995523],[126.9435396997271,37.5567124992451],[126.94371729961911,37.555269099940496],[126.94447369974651,37.5554944991822],[126.9447027995041,37.554485599653496],[126.9459030993484,37.5543451995585],[126.94592039939971,37.5534216988331],[126.9471325005965,37.5543399003734],[126.9470852006438,37.5553166993966],[126.94858770127641,37.5550547994246],[126.94938159940719,37.5564777990689],[126.95098779885669,37.556613799412204],[126.95284460005641,37.5559096996575],[126.953629099555,37.554383599482904],[126.9555827997143,37.554107699809],[126.9558865993156,37.553412000095605],[126.9546869997516,37.5528607000256],[126.9557060999347,37.5516913994201],[126.95706180046831,37.5522272003115],[126.95557940063671,37.5541390995313],[126.9563928998232,37.5548556988147],[126.9581826004683,37.554284600582506],[126.9576499996873,37.5551476006343],[126.9571564001809,37.554612501169395],[126.95581710075841,37.555528200759795],[126.9555584010171,37.5563322999557],[126.9565241000514,37.5573388989491],[126.95759169898379,37.5573996988883],[126.9577584002903,37.5557502996338],[126.9596650998037,37.556520099467804],[126.9627566000197,37.5559964992707],[126.9631169997362,37.5576143990925],[126.9650722995766,37.556652598568],[126.96757779989571,37.5566010996385],[126.9675152001709,37.555749999426205],[126.96916210029771,37.5568586997239],[126.9683617003906,37.5578875993416],[126.9692357006464,37.5572939994201],[126.969304100578,37.5581804985336],[126.9712699996916,37.5571899993513],[126.9717974997909,37.5581994991403],[126.9720999991571,37.5558700007339],[126.9711955996305,37.555062401219494],[126.96920539991001,37.555360500064296],[126.97141049987161,37.554938299397904],[126.97315879929249,37.5522607002546],[126.9706929997203,37.5487076003743],[126.9718415985387,37.5482061993386],[126.9718908984894,37.546830700714104],[126.9702299001504,37.5469085006363],[126.9685299996187,37.545368000845606],[126.9693999990984,37.544820000323604],[126.9682020996082,37.544528400172],[126.9706832990018,37.5434407990526],[126.971414000777,37.5441803988892],[126.97220809998291,37.543685599384006],[126.9725561996348,37.5424362006334],[126.97081369973189,37.541628699995094],[126.9718181995668,37.5418706997907],[126.9717244996067,37.5409645984519],[126.97292900019349,37.5410891992261],[126.97329100003721,37.5403914992296],[126.9743412002999,37.5416696001319],[126.9735553006348,37.5426112003339],[126.9733818003362,37.5452646995546],[126.97510770065209,37.5454798996495],[126.9755001012674,37.5466195995454],[126.9730718008714,37.5467634001891],[126.9716408009631,37.5488825997753],[126.9745250002077,37.550429899331895],[126.9752941003875,37.5524900998716],[126.9767760007399,37.5522006994739],[126.9773728009843,37.5535564991175],[126.9786979999991,37.553223999295604],[126.97930260005829,37.5540855992564],[126.980935800296,37.5540212998149],[126.9809929000972,37.554747999540396],[126.98143919990609,37.5541925995586],[126.9831887999349,37.5544925992816],[126.983927301164,37.555538399848004],[126.9889120996089,37.5564184955735],[126.9962484006401,37.5549034981492],[126.9992358991471,37.5570534985847],[127.0009515993894,37.556877198586605],[127.0023252993891,37.5551552990021],[127.0025133998816,37.5535231996391],[127.0035527003695,37.554943198554],[127.0045413993808,37.5535487999484],[127.0040546981835,37.5517153995278],[127.0049543993064,37.5501350003304],[127.0037282990788,37.5479766016492],[127.0018499952113,37.5480673000837],[127.002512299578,37.5444013999309],[127.00100809893401,37.542630600433505],[127.0006139986764,37.538261500958995],[126.9991793001111,37.537904601315894],[126.99839419919371,37.5385534015183],[126.9973658994767,37.5375467010814],[126.9988256997854,37.5365965995675],[126.99889849953739,37.5355256002288],[126.9968662006039,37.535209200530694],[126.99599069937959,37.536848700599],[126.99359819907879,37.5353638003773],[126.9914173997827,37.535774500799704],[126.9908796995793,37.534298600466],[126.99012019977,37.534242300040304],[126.9924146999248,37.533157099605496],[126.9929711999285,37.5336603996654],[126.9935733997517,37.5322479993537],[126.9946360997154,37.532431199586796],[126.9949527995737,37.5317048992461],[126.9951602003248,37.532606299323696],[126.9970621999867,37.5332167987147],[126.99887120004439,37.5353727998164],[127.00105980063229,37.5353403992629],[127.0017437008947,37.5368012981755],[127.0040160998971,37.53755489756951],[127.0050873008088,37.5366566986594],[127.0041421004146,37.5382393002114],[127.0031549009528,37.538394999937104],[127.0039264001297,37.538819500659805],[127.0026829012736,37.539409500053196],[127.0040787006644,37.5413544996632],[127.00246440037529,37.5446075997544],[127.0065789002113,37.545330399878196],[127.00638980036659,37.546108999323],[127.0078525006007,37.5458012992132],[127.0083108008582,37.547555999544],[127.0109056997422,37.5481180986688],[127.01213419924031,37.5468961989272],[127.0150168992,37.5471626995794],[127.01545079958609,37.5440768993903],[127.01633929888,37.5435187992593],[127.0144638996416,37.540758999961],[127.016319699615,37.540564999623804],[127.0159335994649,37.5399577992583],[127.0178050002414,37.5406853994885],[127.0186154006179,37.5401744991094],[127.0178939009552,37.5410401002114],[127.01953310108901,37.541506200497004],[127.0171922013289,37.5428711004924],[127.0170179015032,37.543956499407],[127.0185392001746,37.545054298931994],[127.019722700644,37.5447472997288],[127.02024170028609,37.546433799310805],[127.0214812990465,37.547015898728695],[127.0227739988372,37.5459556993738],[127.0220946995165,37.5449110004185],[127.0229098977122,37.5435365984666],[127.02800290057401,37.542208899321096],[127.0287600998168,37.542793998736],[127.0289972995796,37.5414417000883],[127.034018798482,37.5406500998911],[127.035275797225,37.5390859014553],[127.03324209884329,37.534079099383696],[127.0315547005307,37.5330031004597],[127.03116819979999,37.5337289002866],[127.0308601001081,37.5331459008696],[127.0291330002792,37.5337259005754],[127.0276833993323,37.5331159009053],[127.02686109984411,37.532024400011494],[127.0272696998083,37.5311851002264],[127.0264113993806,37.531446099857],[127.0268118992807,37.5299877003916],[127.02540119901701,37.5290020001398],[127.0264675989861,37.5282179001467],[127.0261505993031,37.527333501031094],[127.0250592998855,37.52750430014029],[127.0255522997401,37.5263087999348],[127.0249249994253,37.524709599722804],[127.0269854999635,37.524089999435304],[127.0282966992166,37.522136800250095],[127.02668749932569,37.520074200257206],[127.0246717005482,37.5196632004429],[127.0228873006635,37.5209505006057],[127.0222275003995,37.5205309003999],[127.02212639993901,37.5211825003934],[127.0215606002495,37.5201907007353],[127.0177955997598,37.5220458003115],[127.01911319916711,37.521541799389404],[127.0184650998152,37.520651300279894],[127.0168259988626,37.520652399229604],[127.0170215997706,37.5179060998022],[127.016019799709,37.515162700461694],[127.01458139987619,37.5150128009213],[127.0139210989021,37.5157274013997],[127.0135704984683,37.5146426014427],[127.0105924000537,37.514700500913094],[127.0098088996236,37.5136514004786],[127.0083483999141,37.5134735006499],[127.0096392997315,37.5120376001095],[127.0082215996887,37.509918601512396],[127.00713519977249,37.510821400419296],[127.00722429923461,37.509974300516404],[127.00512550044341,37.5084578014201],[127.00233009975919,37.510258500513196],[127.0026756988563,37.509570099994],[127.00075129923711,37.507497300578294],[127.00104519980259,37.505346000124],[126.999135198221,37.5055980999325],[127.00241369790031,37.5022164002144],[127.00089669969199,37.5009144995421],[127.005164299936,37.5025750985023],[127.0065710988833,37.5019369990829],[127.0056978997936,37.5008091991976],[127.00726670010451,37.501004899085295],[127.0065711008272,37.5019369994034],[127.0080223008347,37.5043417994775],[127.0098535994856,37.5044521992609],[127.01100250020811,37.5035117996189],[127.0108020007107,37.5045217999492],[127.012055601595,37.505407299820604],[127.0099279004145,37.5062455015235],[127.0099946003478,37.508323999445004],[127.0133163995144,37.508010898501105],[127.01299690106451,37.5086332997296],[127.0159195008212,37.509380299147196],[127.0171153996253,37.5085968999306],[127.0156113995665,37.5069285980194],[127.0174479977299,37.5067203982276],[127.01826729691061,37.504547100400906],[127.01701249816541,37.5035678013802],[127.0148925995167,37.504986101563105],[127.0149973996226,37.5042104992967],[127.0178909999362,37.502578399231695],[127.0192896999827,37.502870198220094],[127.0202513993855,37.5010878995487],[127.0220759999642,37.4999475995209],[127.0238087998107,37.4999855985923],[127.0244678992054,37.4976597007952],[127.0233121992627,37.4967666995767],[127.02491349927939,37.4957389999675],[127.0231102999456,37.4950270000163],[127.0240332996707,37.4949957994639],[127.0240328998999,37.4942446998223],[127.02496450020439,37.4951678993486],[127.0257812999384,37.4936503999054],[127.0280193995472,37.4943001986613],[127.0289655997081,37.4926526991797],[127.03036600026451,37.4929330989835],[127.0321567004714,37.4955886001338],[127.03046950104269,37.498236499804996],[127.0309333005789,37.4988080992334],[127.0337073004839,37.4991150989624],[127.036797899534,37.497572498874696],[127.0381140997049,37.4983412993664],[127.0383329003085,37.497868099322396],[127.0389904003806,37.5001325990628],[127.04155659929471,37.5004163992055],[127.04178659988959,37.4995607993004],[127.0425672998837,37.4998023992933],[127.0436782002423,37.498657599493804],[127.0448054001216,37.4985639992477],[127.0453870995399,37.499448798362906],[127.0464483984786,37.4971028007089],[127.04457789955299,37.4964807009437],[127.0451370993693,37.4952938001477],[127.0441495996335,37.4950030998874],[127.0447941989889,37.4944441004464],[127.0434701994886,37.494036300238896],[127.04408770032431,37.4927505979104],[127.0451520002876,37.4932014984323],[127.046723600537,37.4920544989674],[127.0478966018385,37.4922569998416],[127.0510450009009,37.4951071978187],[127.052554500188,37.4949863982438],[127.05458149868849,37.493533899983],[127.054401998868,37.4923995011174],[127.05128949894629,37.491848999922],[127.0502922994567,37.4899387014292],[127.0490792006698,37.4901864011815],[127.04841839970861,37.491277200336796],[127.04888439984211,37.4890712009391],[127.0479097008168,37.4884318015785],[127.0449919004477,37.4900887015451],[127.04477869891319,37.489260700347],[127.0429350007569,37.4886384009693],[127.0430983001796,37.4895546009012],[127.0423899991689,37.489619000122694],[127.0411281989145,37.4863045010226],[127.0398989997778,37.4861483003369],[127.03940459932569,37.4852108999091],[127.04282199955,37.4839705991811],[127.0426479995471,37.482549199503],[127.04753050092059,37.4831443990646],[127.0487206000995,37.4823768994625],[127.0469500013044,37.4842141004331],[127.04983300069401,37.485815099466606],[127.04899630028049,37.4869252005859],[127.047816100424,37.485655500404],[127.0468179008611,37.487075799674],[127.0471271005519,37.488391398358395],[127.0483645993144,37.4878075989422],[127.0479097005111,37.4884317995205],[127.0489592994615,37.4889595989927],[127.0514364997554,37.4855034997191],[127.0539682010568,37.4867382990529],[127.0564782985467,37.485019200772],[127.0549696993303,37.4837745007309],[127.0557993993052,37.483256699916495],[127.0548088000133,37.4818479973844],[127.0570421006923,37.483492596435795],[127.0595108009387,37.483551897679504],[127.0615159017933,37.481937798511794],[127.06167880062489,37.4840283994921],[127.0627453999645,37.4847657990425],[127.0690083000966,37.4861916994497],[127.0701229000601,37.4873984999085],[127.0686972011139,37.4880100001765],[127.0704114001377,37.4891165999992],[127.06906600031921,37.4895473998233],[127.0708246000898,37.4902151020308],[127.0657885010176,37.4908060005704],[127.0635409009167,37.4937372994856],[127.0638301006275,37.4947577984651],[127.0666472988788,37.4953858985071],[127.0671632012842,37.494254100343596],[127.0656720002719,37.4972532003557],[127.0642431010211,37.4964057008323],[127.0639298000301,37.4975958004429],[127.06205850006191,37.4969708004364],[127.0613859007345,37.4978499995572],[127.0625802007174,37.4994231008466],[127.06169299981181,37.4984914013964],[127.0603388000513,37.5002051006687],[127.0585937002823,37.500223000897],[127.05856540031061,37.5010184001016],[127.0573096006713,37.5012546008883],[127.0582288005612,37.5049769989527],[127.06121210065281,37.503930299582],[127.06046020153049,37.5057001993147],[127.0614748010495,37.506791698902504],[127.0632348992894,37.5062459994482],[127.0643096988791,37.5043159003526],[127.06221819964671,37.5042541992581],[127.0643096995296,37.5043158986162],[127.0651715994924,37.5028157992606],[127.0661593995428,37.5031437988621],[127.06662509996559,37.5022701984648],[127.0661594006971,37.503143799194],[127.0681258995841,37.5056756969424],[127.0717562959537,37.505398997219096],[127.0742174980024,37.503802196786005],[127.0766181005257,37.5064328995829],[127.0746595015241,37.5068569002786],[127.0758717003119,37.5081891989463],[127.0770082997762,37.507197099612],[127.07754629958309,37.507895599243696],[127.08108459849589,37.5062151996085],[127.0808082000741,37.5050871991971],[127.0854365000115,37.5025553996063],[127.0879937000084,37.504310899122],[127.0913030003032,37.504737499524396],[127.092649801074,37.5066268992824],[127.0949107998957,37.5060782996203],[127.09713429994599,37.5042841993243],[127.0977336010582,37.5051247997065],[127.100336500826,37.5046257994622],[127.1015645995979,37.5051768989111],[127.101829599826,37.504319799596196],[127.10485779945441,37.5043570991015],[127.1052906988713,37.5033366988717],[127.1063208991894,37.5037280993057],[127.1068865002822,37.5030577996752],[127.1078337993349,37.5038461988868],[127.1088996998905,37.5031611996675],[127.10830690133851,37.505272000486094],[127.1093595003527,37.5060120002385],[127.1086364009221,37.5066902999449],[127.1114403004528,37.5112005989751],[127.11388090150619,37.5093663991496],[127.1135008007366,37.5102920012376],[127.1122021010167,37.5102801016519],[127.1133809998378,37.513406798525196],[127.1149526002218,37.512686199509695],[127.1167294005604,37.5138544992217],[127.1175658004168,37.5135219998325],[127.11835019963239,37.514784298570206],[127.1209097013876,37.514472600600996],[127.1199868006953,37.5148139010834],[127.1205535001055,37.516913500395404],[127.11793110154831,37.517461700416],[127.1170428024478,37.5193188987009],[127.1177907021576,37.5213391988239],[127.1163437007368,37.5213561012866],[127.1158634008192,37.522655100143204],[127.1160593006233,37.5233024994958],[127.1173436002435,37.5230621002652],[127.11503350073589,37.5233099012219],[127.1136573008019,37.5270533000067],[127.11146770141521,37.527006800769],[127.1090860998129,37.5288481004287],[127.1099982986836,37.527410700824994],[127.108016599538,37.5277463004945],[127.1081634995452,37.5257548020371],[127.1067685009402,37.52612190167],[127.10758989987809,37.5298545004999],[127.1072889001012,37.5283931019108],[127.1042599013554,37.5266427058319],[127.1022414033739,37.5355960968785],[127.10469930682689,37.541227095065],[127.1042251011253,37.5418579999933],[127.1095441019821,37.5436036926884],[127.1112136011858,37.54547259952879],[127.1091007011613,37.5460656002431],[127.1092443010177,37.5472335990751],[127.1104121002253,37.5479104001447],[127.10931310132429,37.5483632996918],[127.1091436006556,37.5511397002708],[127.1059494000306,37.5490564018495],[127.1029869010878,37.5484404015578],[127.1018004022743,37.5488333011649],[127.1016980017384,37.551296901384895],[127.10081720007139,37.5514631004877],[127.0988297998326,37.5496127001614],[127.0983036989617,37.547637702637005],[127.09592410134131,37.5481995020752],[127.0971931004116,37.5506297998582],[127.09592430092249,37.5517948993827],[127.09657680027,37.553291597886],[127.0996808000229,37.5527226002012],[127.0959840001083,37.5544052022321],[127.09504510104719,37.5555421010952],[127.094996301096,37.5568939997433],[127.0958701049719,37.5573508014131],[127.0916355007652,37.5586277006183],[127.0918509031682,37.5602811007782],[127.08933660144099,37.56171290010781],[127.0893047014729,37.5633639984567],[127.0916113019313,37.5644207985545],[127.0911694013478,37.5667779983923],[127.0927948011061,37.5692627975349],[127.0944080006966,37.5684073000712],[127.09101770185269,37.5695734007312],[127.09192780290279,37.572010600304296],[127.09104430378629,37.5738054985094],[127.0933855014451,37.577478894836005],[127.09599130271779,37.5768064956908],[127.0983820019686,37.579680199957096],[127.0966431011064,37.5801830009291],[127.0966945010265,37.5839448999537],[127.09593510010231,37.5845458006147],[127.09441750038131,37.5834992011094],[127.0949552010178,37.5860185002792],[127.09439000025101,37.587389999538],[127.0965216009013,37.5902723002757],[127.09359490054369,37.5910442010918],[127.0938475000245,37.5920984006359],[127.0929318003963,37.591963400728396],[127.0916122003434,37.5932564000743],[127.0915110002621,37.5941555999315],[127.092658100338,37.595187700013994],[127.0920870007793,37.595061600624604],[127.0919188009475,37.5965954990907],[127.0928214002825,37.5972206997944],[127.091782200897,37.5973585005153],[127.0925244001699,37.598147500030606],[127.0910528002922,37.5977265011428],[127.0906414002655,37.5965391006108],[127.0896256004184,37.5997545001425],[127.08911980019961,37.599212800541],[127.0874765999381,37.600695000360304],[127.08650530002029,37.599010100601404],[127.0851141993445,37.599640100468505],[127.0842075994769,37.5982445004314],[127.08222589977859,37.5988004003172],[127.08013299989291,37.5956574002671],[127.07845879972871,37.5946687003245],[127.07936099983891,37.5943155996671],[127.08032929982541,37.5922309999569],[127.0816745993527,37.592339699184095],[127.0819843989411,37.590260800562504],[127.07962369994429,37.588820500145495],[127.0799161993259,37.58703770041161],[127.07833049979311,37.5863552999928],[127.0813317993178,37.584762599638],[127.0780739996313,37.5819088008002],[127.0795747998513,37.5792669996287],[127.0805734994653,37.5790334996936],[127.0799875000513,37.5781035006236],[127.0792398992931,37.5785198003612],[127.0796143993722,37.576968400288095],[127.0788024996744,37.5764964006203],[127.0795945990198,37.5759236003979],[127.0797424973773,37.5731903995851],[127.07890089821889,37.571988600786895],[127.0769825996922,37.5716481996596],[127.0794862985321,37.569603298375796],[127.078252499323,37.5673628001209],[127.07616609898359,37.5659953020949],[127.0753824977113,37.5632386008117],[127.07285059921199,37.5600953021058],[127.0706296002519,37.560699900087506],[127.0730545010406,37.5647855014608],[127.0714301999886,37.5646669007051],[127.07124350012509,37.5639678007224],[127.07040809999519,37.564940300056],[127.0701532996892,37.5643784007735],[127.0690656007086,37.564774100403405],[127.06824590013339,37.5666149004645],[127.0662424004007,37.5639197005821],[127.066186401115,37.5651715002991],[127.0650293998676,37.5658259005406],[127.06298669990579,37.5658095004657],[127.0623478001198,37.5645133008011],[127.060639600741,37.5658151000621],[127.0618732001668,37.567534700379106],[127.0600485006904,37.568356900539],[127.0588619005674,37.5671679013684],[127.0594017005367,37.570614801059804],[127.0578463000592,37.5713850006909],[127.05720960002779,37.5708454001088],[127.0572449001634,37.571974900116004],[127.05609870116851,37.5719805003383],[127.0559087002585,37.5730189002644],[127.05417709931871,37.5731319007255],[127.0530644004314,37.572297301560106],[127.0514955006185,37.5739089012801],[127.0482014001625,37.573061501090905],[127.0460543999594,37.5737914002168],[127.0449730000584,37.5730491012243],[127.0438491011823,37.574458299815106],[127.0443892008427,37.57606529989771],[127.04301770094229,37.5767680007252],[127.045509501049,37.5799745995045],[127.0474361002583,37.5803010998367],[127.0473448002037,37.5816613996757],[127.04889390050529,37.58252069957631],[127.04887500042159,37.583224800950404],[127.0481585002959,37.5826860008351],[127.0471170001609,37.5834720011421],[127.04660299970361,37.5823596999631],[127.0472486994011,37.5817776000908],[127.04502430046449,37.5811414006142],[127.0444115006881,37.5826695002468],[127.04498580035401,37.5832492003375],[127.0434408999422,37.583101000537496],[127.0418265994898,37.5808913004066],[127.0420177988901,37.5800675996499],[127.0403199001472,37.5787137010743],[127.03999259986611,37.5801260011217],[127.03750120042949,37.580596400635194],[127.0359525002575,37.5828294009606],[127.0353626997492,37.5818784008582],[127.0338924003928,37.5820354007504],[127.03188040013161,37.5809736003012],[127.03145310085269,37.5823899997301],[127.0321202005529,37.582412600058696],[127.0324495003526,37.5839654987844],[127.03321600061129,37.5827995999759],[127.034640800252,37.5835961997585],[127.0342702010245,37.584910799367506],[127.03552049977421,37.5850235992547],[127.03614090035991,37.5864261995946],[127.0384883000837,37.586049699878096],[127.0394418004881,37.587603299864],[127.0389541005867,37.5873978004002],[127.0384083013905,37.5892502995396],[127.0416953002901,37.591289698984994],[127.0406129003465,37.5913691006794],[127.0397965010983,37.592705801925],[127.038223199051,37.592405601995],[127.0364381008361,37.593308901091696],[127.0359391001813,37.5953339006142],[127.0335227995621,37.592923300244905],[127.0339120993045,37.5917303006087],[127.0330588990621,37.5917889002517],[127.0329053000295,37.5903057002705],[127.0315875003446,37.591022100763404],[127.02995920004909,37.5898306009727],[127.0290158001733,37.5908128004788],[127.0284410004834,37.5903704006665],[127.02826070026771,37.5915878003855],[127.0282706996603,37.5901705012881],[127.0257607993964,37.5903730003875],[127.0259987995792,37.589308000693904],[127.0250233000506,37.5897134005723],[127.0247592998035,37.5888412002996],[127.02091520060151,37.5913272011595],[127.0219892007585,37.5945047010687],[127.0214658004296,37.596797100322206],[127.016212200171,37.5964912006537],[127.0150845997849,37.5979283004462],[127.0140547992787,37.5978072008705],[127.01455459859619,37.59659280045631],[127.0133641997866,37.595966701082396],[127.0129480995817,37.596976800174],[127.01300829966439,37.5957991990629],[127.014849598655,37.5951877997575],[127.01234820032451,37.592931701930404],[127.0086152979474,37.594597801873704],[127.00701439866991,37.592714001328],[127.0014113999173,37.5940290009791],[126.9997192997039,37.5932893999485],[127.0003769991032,37.5920230005515],[126.9991099993826,37.5923500001549],[127.0003895999083,37.591897699810396],[127.0009933996915,37.5906338003554],[126.997399899794,37.5892999002534],[126.9966834992726,37.58778890075],[126.9956449991481,37.5881860000883],[126.996779998269,37.586080000763104],[126.99543899961,37.5850099018332],[126.99398309971859,37.587092000087296],[126.99544209976641,37.5848259993076],[126.9942293992939,37.5830154006539],[126.9940413990253,37.5795442999796],[126.99628030010409,37.5784516993151],[126.997232299424,37.576844200634994],[126.9956215982789,37.5763527984155],[126.99660469819901,37.5733620003201],[126.995842198897,37.572014700725],[126.9935033008221,37.572297700355],[126.9912928011011,37.5752462001536],[126.9918818013508,37.577552900903804],[126.989188800094,37.578754700491295],[126.98815720011531,37.577663200567805],[126.98751490075759,37.5782732999577],[126.98782420034371,37.579339200816],[126.9867211006271,37.5793403005834],[126.98673790047259,37.5802367003553],[126.98672109901099,37.5793403009278],[126.98517220055989,37.579063301204805],[126.9847249003316,37.580209200397796],[126.98219479994461,37.5784880001566],[126.9825405995271,37.5772843010101],[126.9812343998672,37.5772901004559],[126.9818094990446,37.5770870998833],[126.9814762993778,37.576059900910494],[126.9805633993977,37.576006899949405],[126.9805573990729,37.5750758988474],[126.9816058993604,37.5751833996179],[126.982083299285,37.573666600322404],[126.9801589995724,37.5724752010836],[126.9785411011903,37.572787400771404],[126.9792128003272,37.5758556000468],[126.97658279968961,37.5758688006594],[126.975716800426,37.575072400727],[126.9741960009071,37.576440599691196],[126.97492320024351,37.5778479002551],[126.97402340065169,37.5775038003498],[126.9738414996811,37.5782605005462],[126.971144099252,37.575942800024],[126.97267379953149,37.5755286997536],[126.9713115993228,37.573506799757496],[126.9712854999445,37.5728903996882],[126.9726372988238,37.5726860999277],[126.9719560998632,37.5701855001352],[126.9710883993156,37.569772299955495],[126.9725489988375,37.5693877993281],[126.9716364997243,37.5678070001669],[126.9699117007805,37.56739130095],[126.9700252998916,37.5689608003442],[126.9673157000326,37.5680766009914],[126.96552589992581,37.5689504000523],[126.9657781996105,37.5681328004308],[126.96482160056709,37.5674919010717],[126.9640503013384,37.5685170000466],[126.96445119976809,37.569100000286],[126.96296029898791,37.567903400397896],[126.962804198795,37.564996999213],[126.9642307992627,37.5635283002673],[126.96261779995591,37.5636984001853],[126.96128019923731,37.5626424005577],[126.9606355998793,37.5607718011899],[126.9597250999,37.5613782007486],[126.9593099998191,37.5606117005152],[126.95595829985541,37.561220400582805],[126.9553475997529,37.5587794000774],[126.9534242993595,37.5591324005737],[126.9543524987978,37.5578415006752],[126.95007929973829,37.5569459001478],[126.9466294013585,37.557388001403005],[126.94649580023719,37.5592145000073],[126.94568869992881,37.5591880007809],[126.942187799521,37.5567064003975]]],[[[127.1158879995547,37.529339800103905],[127.1169431992132,37.5284022988697],[127.117436999967,37.5252210999405],[127.11921869969281,37.5271754977491],[127.1223171000974,37.5262271997711],[127.125454100438,37.5273115984381],[127.1262045010943,37.528383400080806],[127.1250644019174,37.5299494991176],[127.1258138010845,37.5317966996884],[127.1252541006186,37.5333805998318],[127.1242036002636,37.533718800223],[127.1242745003869,37.5347489994398],[127.1283199998419,37.5346152995569],[127.1294121995508,37.5330782996676],[127.1296491999809,37.533704799297404],[127.1301488994812,37.5333269996752],[127.1307749000877,37.5316558992162],[127.1314235997584,37.532625598918905],[127.13276000035191,37.5320599989538],[127.13453890026639,37.5337658989706],[127.1360239002934,37.5333150993738],[127.1379379001624,37.5340565997378],[127.1367924008976,37.5353407002793],[127.1380996995903,37.5366197990002],[127.1391030005109,37.5349724996613],[127.1402445000943,37.536314099123],[127.14072200020199,37.5358391994562],[127.141829300982,37.536977899246494],[127.1429658007947,37.5367257992729],[127.1432388020663,37.5376115999805],[127.14159599958201,37.5399040010649],[127.1393157996511,37.5400183010915],[127.1389644996578,37.5390817011075],[127.1377246002355,37.5393809006331],[127.136756999703,37.5386628010272],[127.1376000994429,37.5374581001348],[127.1366125004305,37.5361098014831],[127.1352284995624,37.5380516005655],[127.1350589994003,37.536808201266304],[127.1340985990804,37.5375015000732],[127.1330364001426,37.5355843019904],[127.1299834009612,37.5365301006147],[127.1292780011937,37.5383603005381],[127.12746000084469,37.538980001125104],[127.127840300852,37.540451400121604],[127.1252094002423,37.5436709006661],[127.1233338003735,37.543073801061205],[127.1226354003436,37.5418133014359],[127.1203900999751,37.5425372000897],[127.1199668997418,37.541403800877795],[127.1184826992165,37.540875500580796],[127.11765319925041,37.541379799751205],[127.1178758994472,37.5402898995077],[127.1186433994761,37.5402074993409],[127.1179081997662,37.539365599802196],[127.11906079951049,37.538369600103906],[127.1179604997683,37.5378263000613],[127.1191782994307,37.5376738988074],[127.1189008996987,37.5363458995443],[127.11994399936461,37.5360277991013],[127.12019889893351,37.5342165005568],[127.1194399996924,37.5336200011533],[127.1162641001401,37.5338314006426],[127.1170239989045,37.5305054999376],[127.1158879995547,37.529339800103905]]],[[[127.0746994995414,37.6014555007937],[127.07721749970351,37.5997655998307],[127.0780552994251,37.6000654995746],[127.0785566996761,37.5987647998714],[127.0803517998667,37.5980526997242],[127.080220400402,37.598700799801506],[127.0838213013446,37.6010443997636],[127.0843594002244,37.602330200123],[127.0839046011139,37.6041254021975],[127.0827058005738,37.603887300636295],[127.08075650028971,37.605818200255],[127.079355000557,37.6054660010148],[127.0787635005085,37.6063065006865],[127.0782296006332,37.608151399475794],[127.0794316001501,37.60853989928059],[127.08147510030821,37.611186400438704],[127.0767503000997,37.613917200114706],[127.0773620993163,37.6132163006208],[127.07495939976259,37.6117731003599],[127.075790999318,37.610395400537904],[127.07477969974039,37.6095834999711],[127.0764374995985,37.6084726997023],[127.0771734996883,37.608909699779],[127.0784136989945,37.6071310999385],[127.0775312993772,37.6052206007891],[127.0752151996402,37.603650100066005],[127.0757667995053,37.6031226002521],[127.0745543996659,37.602955100430904],[127.07613400037499,37.603732199325805],[127.078082499397,37.6022318000247],[127.0777699997095,37.6015600006965],[127.0746994995414,37.6014555007937]]],[[[127.037931999894,37.6024201002224],[127.0392553996021,37.6023030994681],[127.0392889997807,37.6002909995656],[127.0401174993153,37.5998131997445],[127.0395551989829,37.5991133991362],[127.0413506002325,37.5988356998063],[127.04111950037279,37.6000327997091],[127.04260840000971,37.5995230996771],[127.0433304003018,37.6016655001409],[127.0428493007829,37.602201599604804],[127.0445019001208,37.604216400198595],[127.0422875997414,37.6043107001991],[127.0416232998103,37.603194800489796],[127.03974569988729,37.6036249006009],[127.037931999894,37.6024201002224]]],[[[127.0686081994643,37.4986101998203],[127.0723886993847,37.4913022990735],[127.075068799545,37.4910710998],[127.0754904016117,37.489971999007004],[127.07646150024269,37.4916334001309],[127.07612830060509,37.4930618006756],[127.0733336999246,37.4914394008978],[127.07202430049189,37.4929548001586],[127.07288410073879,37.4941806009923],[127.07237050001281,37.4935092010155],[127.0715828005,37.494083100561596],[127.0700921004117,37.4964855998855],[127.07165270070381,37.496065099276],[127.07308680043249,37.4973884000348],[127.0704342001912,37.4967256022085],[127.0686081994643,37.4986101998203]]],[[[127.07368959935319,37.6170354999035],[127.0747299999259,37.6173399992041],[127.07596090017749,37.6164492994192],[127.07595340041381,37.6176210994426],[127.07725240085881,37.618248800300506],[127.0751072002937,37.6179985000718],[127.07708020047589,37.6189991001604],[127.0761506002576,37.6188610002033],[127.0746503997673,37.6201928006918],[127.0758126989823,37.6196024997365],[127.07516579962919,37.6186488006902],[127.0738972994767,37.6191192004175],[127.0732654993545,37.618210399869604],[127.07368959935319,37.6170354999035]]],[[[126.9342946999347,37.5559422999622],[126.9358807994451,37.554647699982795],[126.934652199919,37.5543885002892],[126.9348835997347,37.553765599839096],[126.9370973994558,37.553050099985],[126.9391375010283,37.5552848993381],[126.93863980008611,37.5562519003361],[126.9363338000055,37.5568282001204],[126.9359864000061,37.5555205000846],[126.9355375000909,37.5562232003359],[126.9342946999347,37.5559422999622]]],[[[127.0296858989702,37.4842090996597],[127.0306408992949,37.4829582997234],[127.0328242999839,37.4824834991486],[127.033231101204,37.4814940975158],[127.03736840087501,37.4816704998026],[127.0359628002971,37.482791099932],[127.0374238002411,37.484941000267],[127.0341786006422,37.4862951007859],[127.0337758995413,37.4855422005463],[127.0328467997202,37.4867700005431],[127.0313426991205,37.484045200530694],[127.0296858989702,37.4842090996597]]],[[[127.0565671996833,37.589414300117404],[127.0565576996286,37.5885932997078],[127.05814220013471,37.5895021994802],[127.058960699625,37.5889976996511],[127.0592779006688,37.590141199925],[127.0582113997543,37.5896069004769],[127.057571699751,37.5900896004248],[127.0578296998022,37.589313800107696],[127.057133599933,37.5889424001723],[127.0565671996833,37.589414300117404]]],[[[127.02213689841551,37.6057522999308],[127.0226034002321,37.6012515985773],[127.02519480211859,37.6008205984898],[127.0250814008392,37.6028289991435],[127.0264514996845,37.6031375989458],[127.02839510092289,37.601970100128405],[127.02718180111509,37.6039080007236],[127.02780750048939,37.6052794993521],[127.0287565004214,37.605398299973],[127.0279714006418,37.6064219006084],[127.02444749972689,37.6069775007682],[127.02213689841551,37.6057522999308]]],[[[127.0468900998448,37.6063690002166],[127.0474496998347,37.606618599578496],[127.0485468992824,37.6053839991765],[127.05084179998,37.605486399760196],[127.04967740110199,37.6061588003936],[127.0509799006555,37.6077227004943],[127.0494740998779,37.6082108002807],[127.0489937000834,37.6069860007222],[127.0477894002689,37.607210500327604],[127.0477668995462,37.6078523005391],[127.0468900998448,37.6063690002166]]],[[[126.9910304993101,37.4868465009974],[126.9916383004269,37.4870314993215],[126.991551900535,37.4883441988965],[126.9925342995526,37.487997799242905],[126.9929781997391,37.486065499335204],[126.9950087003774,37.4855111994273],[126.99362640063049,37.4876823002294],[126.9936017006552,37.4891761987355],[126.9948125994443,37.4885430993686],[126.99433329998149,37.487896899924905],[126.9959991996564,37.487922299341],[126.9958893001849,37.487355299224895],[126.9962137007071,37.488469200358495],[126.991861600273,37.4890510009872],[126.9910304993101,37.4868465009974]]],[[[126.98460469926941,37.5348383002833],[126.9864517992711,37.534878599238496],[126.98848509999681,37.533278499772905],[126.9884148003385,37.5339237998643],[126.9894425004742,37.534196700031906],[126.98808530020739,37.5341054003742],[126.98829550002121,37.535001900047796],[126.98745100086569,37.5349846000651],[126.98681239994,37.5364799006162],[126.98683649963249,37.5348408007076],[126.98460469926941,37.5348383002833]]],[[[127.12488019918541,37.5512742003418],[127.1269898992018,37.5485963994325],[127.12673459978721,37.547887799409196],[127.12698990038089,37.5485963991548],[127.1280777009223,37.548316799663205],[127.1288203004397,37.5495708986391],[127.13029560028,37.548926699896],[127.1297481006607,37.54943449981219],[127.13039910019481,37.5501667008302],[127.12949590017409,37.5498283007217],[127.12848770035349,37.552404701337],[127.1280148998037,37.5514278011268],[127.12488019918541,37.5512742003418]]],[[[126.9705200984764,37.532419099504196],[126.9726140998993,37.532564199188705],[126.9731579001626,37.5348804999592],[126.9737159006438,37.5341319994533],[126.974759500809,37.5354916001259],[126.97284259961901,37.53601540142029],[126.97097259959439,37.5349190014392],[126.9705200984764,37.532419099504196]]],[[[127.0284979987788,37.6124873000933],[127.03041929971121,37.611145199318905],[127.03200060045491,37.6119273001797],[127.0317320002499,37.613858000102404],[127.0308018004133,37.6135046007357],[127.0301587999923,37.6152952000455],[127.0290013999787,37.6147277003525],[127.0298979994148,37.613683000583],[127.0284979987788,37.6124873000933]]],[[[127.141430499626,37.5453768990562],[127.1424976002756,37.544090098996996],[127.1428658002352,37.5450410989078],[127.1440401010632,37.5447571992353],[127.1437907012576,37.5458114996446],[127.1449485010662,37.5458608006687],[127.1433099999917,37.5469800007228],[127.1425314993083,37.5468352001084],[127.1430008985152,37.5457779003004],[127.141430499626,37.5453768990562]]],[[[127.0723360993304,37.6252822996694],[127.07349110120519,37.6251762998164],[127.072695400076,37.626382400157496],[127.0723360993304,37.6252822996694]]],[[[126.9767721989697,37.503155999556995],[126.9788765006536,37.502301999884104],[126.9783557999596,37.5038004004412],[126.977072199664,37.5039846002211],[126.9767721989697,37.503155999556995]]],[[[127.01348709979611,37.4936184999402],[127.0145778001468,37.4931581991025],[127.0156185007902,37.494192499730296],[127.01348709979611,37.4936184999402]]],[[[127.0386839985895,37.4705824008145],[127.0383655996617,37.4695106000277],[127.0393175004712,37.4692582993401],[127.0395681005418,37.4703265999781],[127.0386839985895,37.4705824008145]]],[[[126.98059599921241,37.484888500147996],[126.982011699963,37.484821499561704],[126.9820913002329,37.485859300509304],[126.98059599921241,37.484888500147996]]],[[[127.01458789939579,37.4846771998866],[127.0152739994234,37.4854554986945],[127.0168358007341,37.48412659882101],[127.0170569005224,37.4856361001263],[127.01613919970289,37.4860641004752],[127.01458789939579,37.4846771998866]]],[[[127.0793451988731,37.493696100894304],[127.07982110022651,37.492772499161],[127.0812107005347,37.494087499917],[127.0796689009242,37.4938018006477],[127.0789118000193,37.4947025002269],[127.0793451988731,37.493696100894304]]],[[[127.0560948994913,37.6105288005924],[127.0572247009826,37.6107634007351],[127.05596079944539,37.6111852006264],[127.0560948994913,37.6105288005924]]],[[[126.9675756994095,37.5287327997555],[126.9682546006673,37.5294450002976],[126.9673399999806,37.5301500000907],[126.9680355993189,37.529461199927],[126.9675756994095,37.5287327997555]]],[[[126.95732479934229,37.5750156997059],[126.9579967003498,37.5743408993789],[126.95922040032161,37.5747991993818],[126.95732479934229,37.5750156997059]]],[[[127.1439939986034,37.5519059000622],[127.1438868000654,37.5509504998424],[127.1441928019428,37.5519573997481],[127.1439939986034,37.5519059000622]]],[[[127.1011700995669,37.487192000887504],[127.1021434003369,37.4869760996162],[127.10255840120311,37.4875695002415],[127.1011700995669,37.487192000887504]]],[[[127.0693915992214,37.517739499894],[127.0696411002356,37.516518399790705],[127.0696985007324,37.5168164015919],[127.0693915992214,37.517739499894]]],[[[127.0129524987031,37.602720899753],[127.01363290010251,37.6023396997198],[127.01409010073701,37.602765600586096],[127.0129524987031,37.602720899753]]],[[[127.0259904993354,37.6262538002233],[127.02624990014759,37.6261515991894],[127.0260597999522,37.6264007002928],[127.0259904993354,37.6262538002233]]],[[[126.96884249978879,37.530318800420105],[126.9690883002306,37.5299808996768],[126.9694191004308,37.530327199954705],[126.96884249978879,37.530318800420105]]],[[[127.00379119870719,37.4999174004098],[127.0040234999948,37.4997724991661],[127.00463380085769,37.4998713001355],[127.00379119870719,37.4999174004098]]],[[[127.0484799991572,37.580690000438],[127.04860720020031,37.5797720991421],[127.0484800010498,37.5806900001364],[127.0484799991572,37.580690000438]]],[[[126.9240317998986,37.5571538000855],[126.9242403999223,37.556931198967604],[126.9243420008192,37.5570155006309],[126.9240317998986,37.5571538000855]]],[[[127.0714482996468,37.4889259005543],[127.07191950060961,37.4900667006671],[127.0712048998902,37.4894713000089],[127.0714482996468,37.4889259005543]]],[[[127.0734816989798,37.4879952999776],[127.0742809999169,37.488809298693496],[127.0743279001611,37.489103400750196],[127.0734816989798,37.4879952999776]]],[[[126.9515511995367,37.544822599973806],[126.95175400003549,37.5449795998085],[126.95200470053611,37.5452821005158],[126.95175399964249,37.544979600149496],[126.9515511995367,37.544822599973806]]],[[[127.0496742994061,37.581413799982],[127.0498107002224,37.5815815001815],[127.0497180996811,37.581468000629],[127.0496742994061,37.581413799982]]],[[[127.112251399203,37.4992980996537],[127.1124896001931,37.4990236998054],[127.1123960000221,37.499343600300904],[127.112251399203,37.4992980996537]]],[[[127.1111860994145,37.5089795989505],[127.1113260994353,37.5089173989167],[127.11150490041,37.5088205992836],[127.1113261001497,37.5089174010804],[127.1111860994145,37.5089795989505]]],[[[127.0390559989307,37.4691228001862],[127.0390559992518,37.4691227984403],[127.0390560006337,37.4691227992072],[127.0390559989307,37.4691228001862]]],[[[127.0250437994043,37.530732199355306],[127.02504380024881,37.5307322002581],[127.0250437996403,37.5307322001578],[127.0250437994043,37.530732199355306]]],[[[127.0379818994778,37.4693886007268],[127.03798189932361,37.4693885996668],[127.0379819003962,37.469388600034904],[127.0379818994778,37.4693886007268]]],[[[127.063769799448,37.5961213998107],[127.0637698005451,37.5961214001409],[127.0637697998585,37.5961214004109],[127.063769799448,37.5961213998107]]],[[[127.0791384997943,37.4926870999534],[127.0791385004883,37.4926871001433],[127.0791290000508,37.4927048000966],[127.0791384997943,37.4926870999534]]],[[[127.08748609992651,37.5174465997867],[127.0874860999865,37.5174466006418],[127.08748609837461,37.5174465993268],[127.08748609992651,37.5174465997867]]],[[[126.9511799999022,37.544309100042696],[126.9511800000541,37.5443090997101],[126.9511799999079,37.5443091004873],[126.9511799999022,37.544309100042696]]],[[[126.9512967998907,37.5452576000622],[126.9512968000997,37.5452575998715],[126.9512968002862,37.5452576000635],[126.9512967998907,37.5452576000622]]],[[[127.0778705992424,37.4930830996677],[127.0778706003244,37.4930830993154],[127.07787060092289,37.4930830999225],[127.0778705992424,37.4930830996677]]],[[[127.08385679909371,37.4832796991457],[127.0838568014196,37.483279700208094],[127.08385679940051,37.483279700395194],[127.08385679909371,37.4832796991457]]],[[[126.9768291999039,37.5758687000016],[126.9768292000978,37.5758686999975],[126.9768292000062,37.5758687001075],[126.9768291999039,37.5758687000016]]],[[[127.0111852997501,37.5306123001003],[127.01118530033219,37.530612299357],[127.0111853015295,37.5306123007107],[127.0111852997501,37.5306123001003]]]]}},{"type":"Feature","properties":{"interval":60,"stationId":"5935554434"},"geometry":{"type":"MultiPolygon","coordinates":[[[[126.8127610993828,37.5674594002872],[126.8156286995429,37.5659756991417],[126.8161511000608,37.5645784994459],[126.8186156999973,37.565918599740606],[126.8197020992247,37.5655713999241],[126.8197204997993,37.5640318008317],[126.8193396995673,37.564526800332104],[126.81862959949599,37.5627904009004],[126.8179472984563,37.5635365005243],[126.81795479941209,37.5624468982437],[126.8198316986167,37.5627807996136],[126.81982289795761,37.5603314986344],[126.8218955999567,37.5586031998027],[126.8229610988912,37.5590225993833],[126.82493219963351,37.557175999155795],[126.8280496007786,37.5569042994467],[126.8297896006229,37.55777599990439],[126.82993520259089,37.5595024995372],[126.8325341007296,37.559252799801506],[126.8352983003125,37.5610917990483],[126.83580989992831,37.562297298756896],[126.8367944000382,37.562206698754],[126.83697150047131,37.5635082986388],[126.83899149960371,37.5633221987192],[126.839230199365,37.5616085004329],[126.837897598877,37.55989490061631],[126.836719999022,37.5600881001335],[126.83671989876241,37.5587992007272],[126.83397359927919,37.5589152000555],[126.8371053984674,37.5574231997441],[126.83659390019349,37.5558408995487],[126.8379013006896,37.5574965995541],[126.83940559957031,37.5572477996605],[126.83931550015,37.556600099779295],[126.8401431004829,37.5572557998633],[126.8404914009874,37.559465000762906],[126.8392728006595,37.5595862009921],[126.8389608008948,37.5607789006983],[126.8397549002427,37.5632237986334],[126.84064189935569,37.56270399915319],[126.8415533008694,37.5642065989458],[126.8435530003172,37.563611499866504],[126.84305230059479,37.5654279990006],[126.8442972998124,37.565528998975296],[126.845756698353,37.5648203996839],[126.8449304989397,37.5638661996118],[126.8452591999398,37.5623740993266],[126.8453949002741,37.5636525989368],[126.8464240002008,37.5632045996672],[126.84657560045619,37.5642658994333],[126.848408999041,37.5634893998846],[126.8462045995142,37.5604234992762],[126.847196899709,37.559984299588905],[126.8470878996674,37.5588118995796],[126.84825869849661,37.5585879998035],[126.8477325996818,37.5559472998535],[126.85061789975191,37.5553497998511],[126.8495780995496,37.554537699171],[126.85010869929461,37.553151499162496],[126.8548246001081,37.5534396994118],[126.8591848002571,37.555909399304795],[126.8602008995594,37.554661199452],[126.8615231992894,37.554720698948394],[126.8611318996807,37.5529468007223],[126.86046429820091,37.5531536980614],[126.8609036991316,37.5497699006213],[126.8616778991032,37.549618699724505],[126.8614749991473,37.5486766001755],[126.8623634988037,37.5478089005265],[126.86132729947239,37.547373999763195],[126.8625902991349,37.5457814999824],[126.8623971994871,37.5436155994414],[126.8636601998024,37.542900698788294],[126.8644953999664,37.5402822994134],[126.8673546987778,37.538947399978596],[126.8670795996096,37.5382232993634],[126.8686259001977,37.5376114993407],[126.8714892999878,37.538180699064895],[126.8726138993016,37.5375437000151],[126.8719072007082,37.536943898943896],[126.873084500511,37.537941598329404],[126.87648469947851,37.537282399261],[126.8770220998793,37.538208099314296],[126.8774769003663,37.5375086997908],[126.8783291004394,37.5384100993077],[126.8795105003609,37.5378940995388],[126.87866270102471,37.5385415004465],[126.8796256000618,37.539562999425],[126.88246820036571,37.5372591995233],[126.88303190010741,37.5383835998674],[126.8840487995171,37.5384619000286],[126.8846067995071,37.536950299937004],[126.88566750029129,37.5370452983109],[126.8861474001547,37.5354118995995],[126.8879084983936,37.535678999332404],[126.8875796987312,37.5332889015121],[126.8857486005623,37.5331126016884],[126.8848141003594,37.5339214004472],[126.8852223007365,37.534547200809],[126.88416909982479,37.5342831009982],[126.8838191997079,37.5352231005427],[126.88374039957739,37.534197801],[126.8820368998585,37.5334837003401],[126.8808034003443,37.5332156009169],[126.8803716998583,37.534213400316595],[126.880754499617,37.532387300757506],[126.8793510001821,37.531386800863],[126.8786713008618,37.5321230001268],[126.8793743009972,37.5332063999384],[126.8784471008704,37.5341835000307],[126.8795595002186,37.5352170001565],[126.87795959986519,37.5355962008054],[126.8779435995551,37.5345240004785],[126.8771590998766,37.5349992002533],[126.8769369998939,37.5343145006261],[126.874957198506,37.5345524008331],[126.8738066997593,37.5338067007016],[126.8754126994571,37.5328970994403],[126.8751120999854,37.531538400461805],[126.8729594999266,37.531372501385505],[126.87218999941881,37.5328400006271],[126.87295949863719,37.5313725006496],[126.8707010999107,37.5305139010673],[126.8689930010869,37.5308584006557],[126.8682728018071,37.5320298994842],[126.86973860005631,37.533109600853706],[126.8683607003323,37.5329432008218],[126.8661527001518,37.535028100416],[126.8627641996182,37.5355611006076],[126.862281399387,37.534413000644804],[126.8604247994735,37.5339017004845],[126.8595414997888,37.5318484010005],[126.8571227999049,37.5303122004348],[126.85685329874839,37.5290716998415],[126.8546455997074,37.5280810006758],[126.8537734005796,37.5287555000013],[126.85382360116469,37.5303815001325],[126.854914300074,37.5308815996324],[126.8553650004349,37.5323553000593],[126.85430120043999,37.533873300277605],[126.8523742004427,37.5347962004277],[126.8515424001414,37.5362849004512],[126.8485821004889,37.5362707007217],[126.8479661007393,37.5370578005798],[126.84687270012401,37.5362022004933],[126.8464900006858,37.5378541005857],[126.8455000007386,37.5375548007321],[126.8449118008631,37.5389912002357],[126.84625630055419,37.5423167003681],[126.84539090134909,37.542661500887],[126.8454459012941,37.5436853998631],[126.8463996005104,37.5444303005197],[126.8449474006071,37.5450827001901],[126.8454576002476,37.545701200288306],[126.8427424997132,37.5459751004282],[126.8394476006812,37.544409800519894],[126.83952360021901,37.5458691004256],[126.83869350011321,37.5456029006923],[126.838191700615,37.546323199972],[126.840028600278,37.548432499027996],[126.8407692005573,37.5478091995717],[126.8414838001167,37.548823299919505],[126.83969920157,37.54952120008],[126.83962800126021,37.5515439009146],[126.8388390994627,37.5521252003784],[126.8372015007464,37.5508927008919],[126.8376923005304,37.5525742005044],[126.8366376995088,37.5535445008435],[126.8315943990387,37.5502535997181],[126.8312676989107,37.548777300214894],[126.8326251998422,37.5483572995271],[126.8325396998002,37.5469837996614],[126.8344916988265,37.5470235995871],[126.8357304992843,37.544778200434905],[126.8350376996719,37.544781900215895],[126.8351204993123,37.542566500412],[126.834223098726,37.5424833000764],[126.83441959963831,37.5413883005266],[126.8332373997923,37.539735899944894],[126.8357899988579,37.5396166993317],[126.8369075996296,37.537881999278206],[126.8416963991515,37.5367610989732],[126.8412729994734,37.5342242008658],[126.8389776996342,37.532976400619106],[126.8393499991799,37.532360000428596],[126.838061199339,37.53141570016609],[126.8389723998629,37.531774899205104],[126.8397314991038,37.530543000437],[126.8391817996267,37.529659299576096],[126.84155600003109,37.527856899512706],[126.84336959968151,37.5276702995208],[126.84317629994949,37.5271154996507],[126.84454820022181,37.5273487996324],[126.8451108996845,37.528479899002804],[126.8455082992871,37.5280067994759],[126.8449233998301,37.527001499535295],[126.84614509927731,37.526773699410796],[126.8467858994278,37.525491799902795],[126.8450087995928,37.5227077994671],[126.8477695998983,37.5220837993695],[126.8479421993718,37.5212484998777],[126.84858690009,37.5215744991255],[126.8496757999719,37.5200999992838],[126.8520261987648,37.519397299954],[126.853042299647,37.517992999341196],[126.8534645999935,37.5189630989559],[126.8540917003082,37.5175281993354],[126.8547582009258,37.5189613996046],[126.85870749941479,37.5194027990824],[126.8603671990503,37.5187396984078],[126.8613640003791,37.520346697841],[126.8625264992166,37.5189380992496],[126.8637372992667,37.5195484985003],[126.864622698794,37.5175641995829],[126.866057399968,37.518060398258704],[126.8684441983491,37.5161930003151],[126.8676427991505,37.51461720189091],[126.8658119995366,37.5141113019745],[126.8641310007887,37.5156607013195],[126.86380839955349,37.5146894006987],[126.8627383006236,37.5143560010321],[126.8622887996562,37.5150253006546],[126.8601111989083,37.5107084995801],[126.8626568992378,37.5103393992416],[126.8631321000595,37.5095081998959],[126.8629292005132,37.511665199919406],[126.8636121998302,37.5124707991138],[126.8639011997449,37.5118597985899],[126.86690130010369,37.512515199817805],[126.8676428012692,37.514617200051006],[126.8688566000554,37.5150089996592],[126.8702619001575,37.5142336994005],[126.873416099308,37.5171383988978],[126.8742664994174,37.5154847996138],[126.8764225000408,37.5148198996526],[126.8776221016214,37.5156109982791],[126.8801630990804,37.5138538000363],[126.8791084990824,37.5119703004394],[126.8779077976441,37.511634200919005],[126.8774153981365,37.5099030026502],[126.87480599912391,37.5084973022468],[126.8731830982138,37.5064493003023],[126.87374819950409,37.5041444007568],[126.8726803982772,37.503237900925505],[126.8750763978659,37.5027500994046],[126.8751694977728,37.499973402181304],[126.8710508008877,37.500590502382],[126.86993860199989,37.5020254009471],[126.8684489998418,37.501243000729104],[126.867920399422,37.501665500461904],[126.8680587994648,37.5009156004349],[126.86621939878931,37.5001386990971],[126.8661057989785,37.4988322991753],[126.8682662997706,37.498663999364396],[126.8672817992528,37.4966222998965],[126.8682536005992,37.4973195986883],[126.8702568000631,37.4966232996725],[126.87084029937759,37.495037501207506],[126.8689640012539,37.495638000607],[126.8661572986819,37.4928939018626],[126.861803099884,37.4937587005854],[126.8596138009151,37.4930528011124],[126.85912830140059,37.4936611005041],[126.8599190010444,37.4950702006453],[126.8583886003761,37.4963391002003],[126.8584587998414,37.4972270011877],[126.85739570008249,37.4966119011174],[126.85652250095569,37.4972942004351],[126.85688419967039,37.498875401240504],[126.8562099991054,37.4972830005572],[126.8543485992421,37.4972584010351],[126.85516369849421,37.4955175008781],[126.8534907001672,37.4942530021426],[126.8524450012129,37.4952793011163],[126.8515452994685,37.4948544006065],[126.8518793996229,37.4934600985734],[126.8540257990341,37.493052999103305],[126.8541981988617,37.491585800570505],[126.8531604995831,37.4913113986067],[126.8552462996459,37.4916262982886],[126.8553968996695,37.4899512980797],[126.85836060014769,37.4901233986133],[126.8592889002347,37.489138299252204],[126.860618799286,37.490439598426704],[126.8649012995212,37.4912286995771],[126.8662694999058,37.4928924999164],[126.86731969997419,37.4919385995985],[126.86980869970989,37.4918003995436],[126.8701018996746,37.4906929991701],[126.87158429915179,37.490839598493004],[126.8720607998247,37.4884005997316],[126.8719143010464,37.4910402978316],[126.8747006011071,37.4912087984369],[126.87485870102441,37.492274799952895],[126.8755018003813,37.492994399233304],[126.8760442003955,37.4925475998257],[126.8760219001275,37.4936600996987],[126.8771032028962,37.4942664004899],[126.8766034008322,37.4969895989952],[126.8776318998037,37.4989471970376],[126.8818018995691,37.4956432998617],[126.881693899976,37.4949264999703],[126.8825841996787,37.4954703992528],[126.88249499987131,37.4931439997297],[126.8827686001489,37.493950499113694],[126.88329759961991,37.4933537997104],[126.8802568974323,37.4903983001267],[126.879634599768,37.4874490001676],[126.88034719937001,37.4876321996871],[126.88093569921469,37.485876300095],[126.8792097002209,37.485947000365506],[126.87952320013,37.4868808004798],[126.8789960996256,37.48605670066],[126.878266798875,37.486308999482695],[126.8770138985792,37.4845182008929],[126.8775643984367,37.4828573002902],[126.8757328993763,37.482394199779804],[126.8752328970244,37.4803870011713],[126.8762677981905,37.4793104995696],[126.8726216012694,37.4776875015747],[126.86885670174729,37.477759603448],[126.8678723971142,37.480570100769],[126.86733089767439,37.4776166006044],[126.86560629939899,37.4774847007363],[126.8644589005369,37.4762855018391],[126.8641716003933,37.4782977004872],[126.86238899960479,37.478204100005996],[126.8624328995609,37.4775378006723],[126.86155379973249,37.4779322003051],[126.8639708987295,37.4758467979676],[126.8630941995457,37.473817099802396],[126.8642091995288,37.472935899682604],[126.8649757996578,37.4732618994316],[126.86546779985851,37.472352699142405],[126.8674258990457,37.472791098851204],[126.8680867999361,37.47150099850511],[126.8673693004842,37.473495299544105],[126.8689384999682,37.472161299797605],[126.8703306999911,37.4720674990683],[126.8711464015937,37.473860600010504],[126.86990210108071,37.4744428007912],[126.87015770047779,37.4767708994171],[126.872621598798,37.477687498743904],[126.8722356992878,37.4761205997816],[126.8731379003857,37.4761983997883],[126.8739707998473,37.4779201995612],[126.8759927990977,37.4781415983196],[126.8769604989007,37.4778932979024],[126.87746590012691,37.4762196993542],[126.8796215981958,37.478667297174496],[126.8788402990361,37.4754703003074],[126.8825372995986,37.4761500967482],[126.885041099836,37.4740064989395],[126.8844808012829,37.4738468012689],[126.8834666022971,37.4764243986913],[126.8863698007322,37.4770309005929],[126.88503880025141,37.4772131010063],[126.8833902019,37.4806065976128],[126.8854678013754,37.4812134973912],[126.8875275993156,37.4803158982888],[126.8873552001958,37.478771898980796],[126.890291499933,37.4788868991426],[126.8904625004192,37.480467599390394],[126.89260710011021,37.4805126992173],[126.8924100007071,37.4814299989443],[126.8939915009898,37.4828802985912],[126.8953279007945,37.482872898664],[126.89625200123021,37.4847205995014],[126.8972916001906,37.485317198904795],[126.8986933001934,37.4843218994929],[126.8998108001495,37.4857946996049],[126.9016257000315,37.484374199959],[126.9008070006145,37.4852942001506],[126.9011897002318,37.4857786996661],[126.9035557999009,37.4852607999298],[126.9028178998726,37.4843245999618],[126.90382120033989,37.4844477989842],[126.90616349993401,37.4821915988396],[126.91242199879731,37.4813488991685],[126.9127050990557,37.4803222993432],[126.9141133987175,37.480574999291],[126.9143077997354,37.4796471993762],[126.9156023003591,37.479457400040204],[126.91548780005529,37.4820578991752],[126.9174088995431,37.4807894988167],[126.9227500981036,37.4802987980183],[126.9254049985791,37.478496298550205],[126.92581319866919,37.4775926990134],[126.9247139001982,37.475994799372],[126.92658709901981,37.4764368993154],[126.9276416989283,37.4749266972239],[126.9279115000482,37.475871899069304],[126.93117959966439,37.4756745989734],[126.9325063983376,37.474049200598806],[126.9309049987063,37.4735588017006],[126.93107829872649,37.4713968007592],[126.93025799974909,37.4712944992783],[126.9325679993444,37.4709439993467],[126.9332422992513,37.4690241986313],[126.9337297999079,37.469944698993196],[126.9345703005327,37.468822399624],[126.9368498004714,37.4707572994676],[126.9383443005239,37.470822399716006],[126.93792880038559,37.4718374996449],[126.9416084994594,37.4726091992058],[126.9414605005831,37.473668999487],[126.9425863014648,37.4736758993498],[126.94346180020689,37.4759862989016],[126.9447729988957,37.476809098078796],[126.947410900398,37.4765644983857],[126.9513558996192,37.4777402991826],[126.9520139986767,37.4743691008977],[126.9507790982996,37.4730724994702],[126.9518713990299,37.4728758984278],[126.953533297368,37.470855900447795],[126.9509226991459,37.468208599555695],[126.95121130019079,37.4676982992409],[126.9523551999068,37.469939698089],[126.9537161985458,37.470337397691296],[126.9578834957586,37.4685551986163],[126.9579467005694,37.4640746995581],[126.9592476007761,37.465057800279894],[126.95879160087,37.466304999201796],[126.95987870044341,37.4685356025032],[126.9578835002414,37.468555202239195],[126.95371620421301,37.4703374008129],[126.9562774016518,37.4741764969738],[126.9585636995612,37.471955998838396],[126.96096799907559,37.4733340977805],[126.96207339824869,37.472514798523996],[126.9626974976246,37.4696182014206],[126.9611891996068,37.4681196986672],[126.96306769772829,37.4674141993727],[126.9624373003234,37.4648797990128],[126.9642311999791,37.4659469977253],[126.970151500395,37.4658745972067],[126.9716618988846,37.463633599447704],[126.9709293987581,37.4625134989317],[126.9734534009092,37.4629919992538],[126.9743152000474,37.4645734976723],[126.97794740102141,37.4649176954196],[126.97951790097251,37.4662680985531],[126.9800453003088,37.466756702203],[126.97891290144119,37.466915702044],[126.97829110206301,37.4690709998887],[126.9806033997507,37.4710080979516],[126.9829779973761,37.469993498966204],[126.98522289564539,37.466822100470104],[126.9863224999335,37.4679953995277],[126.98809969983341,37.4673458988961],[126.9884371995754,37.464687501236895],[126.9874359989174,37.4609114995024],[126.9886868988555,37.459392799438305],[126.9878057997366,37.458721900109204],[126.99135629835271,37.4550593009227],[126.9924997965023,37.4518872971351],[126.99149019751191,37.4491147999076],[126.9890878970331,37.448865295936905],[126.9903535951192,37.4442587997392],[126.9914109993994,37.4451236984709],[126.99453269653729,37.4435197992051],[126.9928626992568,37.440329800101104],[126.9935683985511,37.4377943026366],[126.9908589973054,37.435183002868904],[126.98857649643699,37.4358206000098],[126.988706996953,37.435080999001094],[126.9846609955661,37.4311341038935],[126.98504219641619,37.4281900004641],[126.983129998995,37.423368696862],[126.9845770975479,37.4229187973119],[126.9856117974412,37.4203730969758],[126.9876140984551,37.4182670996525],[126.9884509999463,37.4190771991361],[126.9896002005493,37.418605500109095],[126.9897737004438,37.419239099927395],[126.9886675008607,37.419660400172],[126.9893664001618,37.420266399566],[126.9909507998668,37.4195358993648],[126.99248170046229,37.4208076996202],[126.9945302002767,37.4210169993279],[126.9961643003858,37.4235902988028],[126.9972931013199,37.423264799339],[126.998126900436,37.4251864991192],[126.99970329885959,37.425426698879],[126.9991149994479,37.4235480007577],[126.99861889944259,37.423800500141496],[126.999115000204,37.423547999635],[127.0004160004539,37.4270871992258],[127.0011030012268,37.4260975972686],[127.00468670102889,37.4274103991221],[127.005219600496,37.4290501974823],[127.008731399203,37.4278464973537],[127.0112879004631,37.4278766977173],[127.0128539012221,37.4283649994392],[127.01309330094429,37.4299568979958],[127.0152882003003,37.4292533991092],[127.0107567009525,37.4300654003241],[127.0097647019445,37.4316980986914],[127.01043600127319,37.4342396961498],[127.0128309002925,37.4359683940701],[127.0159192001928,37.4348860996529],[127.0170471019114,37.4324075007182],[127.0162225013441,37.4345701001077],[127.018475202128,37.4364763018379],[127.01659910400409,37.437023601290605],[127.01782110278211,37.441856196458],[127.0191890041574,37.4416731033343],[127.01629850467691,37.444045600978804],[127.0129600027971,37.4441875005584],[127.0115612036692,37.4458157017505],[127.0121255031049,37.449066798499395],[127.0144098022016,37.4513854020364],[127.0132970009726,37.455301700051],[127.0153970991395,37.4561539993559],[127.01694069967071,37.455260798161],[127.0164964023151,37.456689098903695],[127.017558900859,37.4585517006833],[127.016350797793,37.4576899015199],[127.01297720116659,37.4573801018297],[127.0058475064104,37.4623663998264],[127.0081222041357,37.469623992568806],[127.01667359558431,37.4696352925575],[127.0184588938385,37.4646533974782],[127.020926398266,37.4636412990787],[127.0198325994,37.4601860998044],[127.02144130115501,37.4604640994311],[127.0217722008241,37.4618085980866],[127.0232517993445,37.460236199659],[127.0231839998213,37.4591894991346],[127.0245197993485,37.4587668992993],[127.0243818955105,37.456232299228006],[127.0291798990232,37.4527203991401],[127.03205029727809,37.455804596313904],[127.0363742002739,37.4558933956152],[127.0377073993064,37.453812996743295],[127.0428341941796,37.4527490978072],[127.0377691991331,37.448979197683194],[127.0433234949404,37.4508386944969],[127.0454052928586,37.4470130983225],[127.04457879368509,37.4402141051215],[127.04079899503061,37.438283000896696],[127.0417529952804,37.435861000494306],[127.0428291990366,37.436537299183996],[127.0472525996687,37.4322285980229],[127.0473565995647,37.4307968994546],[127.0486804020205,37.4305456956261],[127.05484090488841,37.4335890960934],[127.0665257000435,37.434979298240805],[127.0699220000119,37.4341684996747],[127.0703289004803,37.4346430000039],[127.0699190008902,37.435791698855205],[127.0723027032596,37.4423862023302],[127.06654980336441,37.4465700030305],[127.0674286024856,37.4511892984112],[127.06836440283969,37.4518404993858],[127.0676926031217,37.4543956010647],[127.0690888013151,37.4562129998388],[127.070586899817,37.456766699285104],[127.0709522005717,37.4560483986716],[127.0724285030203,37.457735400091195],[127.069394999912,37.4577762002169],[127.0680395990701,37.4558296017234],[127.065361701748,37.4563163012367],[127.0640789021742,37.461644903397],[127.0631137008594,37.4600275016968],[127.0595958044223,37.4626240001513],[127.06162410364,37.4689519961506],[127.0653841010628,37.4694233985189],[127.07069539954071,37.4721506964607],[127.0722517032079,37.4719977973541],[127.077111598348,37.4750565942953],[127.0798557979429,37.4747412935878],[127.08454369452289,37.4727825945993],[127.08647759970529,37.4709390986701],[127.0865052017244,37.475355996908796],[127.088619700449,37.4759171965051],[127.0923027988735,37.4742919990814],[127.0919330999619,37.4733978993951],[127.0931550987399,37.4736498991431],[127.0937723983382,37.4726527997324],[127.0929050988693,37.470821098901204],[127.0957682004518,37.4712719976892],[127.09628560047341,37.4724868981862],[127.1002765997857,37.4718741976621],[127.1025246983929,37.4689410993816],[127.1012227989543,37.4678480999398],[127.1017560999518,37.4674115996252],[127.10263309907481,37.4685445984922],[127.1047632989075,37.4682166968012],[127.1065074971633,37.464815900202],[127.10580909786171,37.463729001288904],[127.1062161996323,37.462737497057404],[127.1078904996966,37.4620218978892],[127.1102593010038,37.463746197438105],[127.1116126996504,37.46375719742711],[127.1133936978694,37.4621373990469],[127.11579469763069,37.462988797790196],[127.1173853960301,37.462511298083],[127.1194199939955,37.4589331016612],[127.11793829236521,37.4561133988949],[127.1190968999632,37.4530433992383],[127.1200480018573,37.4582874970828],[127.1241496977556,37.4591378962324],[127.12430429831561,37.4524706009787],[127.12359169902821,37.451786301663],[127.1223629995423,37.4533254020449],[127.1210428994371,37.451835200522],[127.1222746985226,37.4506542005836],[127.1203435986624,37.4491017007648],[127.12076499921501,37.4443960044258],[127.11874848974139,37.446592300881896],[127.1182555892726,37.4429702981292],[127.1198030976263,37.4360436012675],[127.119091398338,37.4340937032174],[127.1170416999161,37.4321976000044],[127.1182706986871,37.4305248016772],[127.1167569999379,37.429367702836004],[127.1165463957751,37.4274121002792],[127.1177811990878,37.4286871988893],[127.1189865004181,37.4262661990876],[127.1215972016707,37.4296484979129],[127.1229968001545,37.4295440999469],[127.1221095012924,37.4299375005641],[127.1225781008238,37.4317993987022],[127.1241473992545,37.4313582991433],[127.12387869938121,37.4294939003455],[127.1249222983992,37.42781979901],[127.1239106994108,37.4259320008978],[127.1250384984761,37.4241083012683],[127.123037598561,37.423667300094195],[127.1237496990979,37.423616598033],[127.12436719829279,37.4188987007183],[127.11944629772631,37.4149072031083],[127.11991189783261,37.4126416002848],[127.1185473995366,37.4103785001344],[127.1191682992138,37.4093770992237],[127.11825799990879,37.4073804004389],[127.1147862002872,37.4087715001738],[127.114988499302,37.4075486011588],[127.1128870986357,37.4062525011811],[127.106573697657,37.4071510022354],[127.1064626984723,37.403966901428504],[127.103997800461,37.4034260006672],[127.1037247998645,37.405589902712],[127.1024425989921,37.4064851023906],[127.10031409902241,37.405155300567095],[127.1022245992165,37.4039947003474],[127.0994163983596,37.4024683008464],[127.1013156988908,37.3999734005949],[127.10032819901011,37.397639500960096],[127.0989119004264,37.3978300007696],[127.098601200489,37.4004177014336],[127.0975382993847,37.4003141001656],[127.0963222994789,37.3982312011757],[127.0979974989244,37.39637169832881],[127.0981966997337,37.3947425991834],[127.10034190082071,37.394296399798804],[127.0999242016251,37.3959867003594],[127.101347300255,37.3966808001232],[127.0999242002015,37.3959867012865],[127.09946220066351,37.3974360998371],[127.10332459905929,37.3978419986658],[127.1042811988208,37.3957435000492],[127.105889999472,37.3948992997314],[127.1046313000788,37.39375480072891],[127.10201470001489,37.3950738003692],[127.1026199991739,37.3929810992013],[127.1013792996371,37.3885996002015],[127.0994880002411,37.388175200536],[127.09949229981059,37.3896730003767],[127.0984577001456,37.3881098007472],[127.09720659910761,37.388412200353095],[127.0990369996854,37.3880799993982],[127.1000712994144,37.3868920994937],[127.1014686986366,37.387636098914],[127.1020827985276,37.3859170994734],[127.1035655989389,37.386771198190395],[127.1050647974397,37.386067298894304],[127.1063706961338,37.3834351015265],[127.1057174998703,37.375883601485704],[127.10406809768871,37.3724182992456],[127.1058184975406,37.370079999267],[127.10413059892561,37.3683025010422],[127.1053020985625,37.3649670002076],[127.1042371996274,37.3637169014577],[127.10160570128569,37.3637409014346],[127.1015897011125,37.3668297001881],[127.1004927009226,37.3668968015083],[127.10051609779649,37.3637078009346],[127.09767639968929,37.3642770015933],[127.096292198738,37.3634805003162],[127.0975057995867,37.3622251995769],[127.1016010990154,37.362156396471306],[127.10267570056061,37.363756598015605],[127.1042371989991,37.3637168980553],[127.1048523985844,37.3632808984528],[127.10464219879461,37.3605171012166],[127.1017538988988,37.3575260010356],[127.1017220992622,37.3542228030971],[127.0993892985175,37.353480902475404],[127.0972269958971,37.345613800723704],[127.095088098036,37.344193102144395],[127.0932702998538,37.3453698009677],[127.0935024991522,37.343268199413295],[127.0950880999268,37.3441930978436],[127.09650809850679,37.341350700686],[127.0927908990726,37.3408281014881],[127.09124389923339,37.3378177001253],[127.0925391994314,37.3376991993389],[127.09362009964319,37.336121099704],[127.09430759966739,37.336493099249296],[127.09416270015019,37.335627898477696],[127.0969721003473,37.3355752995483],[127.09776169955771,37.3346691004545],[127.0967353993312,37.3334616996952],[127.1028606979731,37.3301441999775],[127.10287369910701,37.3292643989614],[127.10335180080399,37.3309794999851],[127.1023201016122,37.3323981989761],[127.1028140010468,37.3337864000579],[127.10422439971421,37.3343948994441],[127.1054281989346,37.3334017998103],[127.10465689949889,37.3311120998525],[127.10529700050779,37.3309650997178],[127.1077921997427,37.333484998066304],[127.1094686005266,37.3330525989904],[127.1106918006039,37.3356591993221],[127.11365290080471,37.3363669986826],[127.11448299997461,37.3356386994109],[127.113652900662,37.3363669998497],[127.11518920035951,37.3364726997334],[127.11565570043571,37.339081800124305],[127.114683200043,37.338062500397896],[127.11440829983229,37.3387714000999],[127.1141511995946,37.337480300931304],[127.11286970046001,37.3380627003607],[127.1113039008643,37.3415537011866],[127.1098019012494,37.342512400591694],[127.109937601055,37.3435590998547],[127.1120594997298,37.343829999453796],[127.1153343007645,37.3422477996915],[127.11471350013689,37.343493199882396],[127.11593399891639,37.3446767986988],[127.1160823000021,37.343561799683705],[127.1160718004185,37.345168399455396],[127.1177501006619,37.3454092992855],[127.1183798006873,37.346366499028],[127.1191395006329,37.3460143993711],[127.1199505000707,37.3485258979304],[127.12079490336521,37.3485377987437],[127.1200766015245,37.3498324007819],[127.1200622011665,37.3542862004742],[127.1183418994979,37.3546486011173],[127.1145154001907,37.353382701428295],[127.1139958005757,37.3547788014428],[127.1116373004083,37.3555750004567],[127.1110183005527,37.3565294999808],[127.111123000448,37.3578933986169],[127.1139147996091,37.357998798728396],[127.11482990068531,37.3599432994994],[127.11592020023231,37.3594775993065],[127.11805810035379,37.3621649994316],[127.1185610007154,37.3618200992969],[127.1180609013906,37.3627512997665],[127.1190331006987,37.363447700672204],[127.1177627007744,37.3656357003433],[127.12380590012249,37.367245699897495],[127.12232850001749,37.3668997009084],[127.1207814007244,37.3695124002898],[127.1206352008706,37.3702063995958],[127.1214457000601,37.370533799268394],[127.1229375999234,37.3687800996085],[127.12281080028609,37.3697783995391],[127.12362370035899,37.3690551998169],[127.1236862003745,37.3703105997845],[127.1220920008151,37.3704346005792],[127.120564200511,37.3736117003973],[127.12183250005769,37.3751385000295],[127.120545800706,37.376126699696],[127.12107450183201,37.376968401769005],[127.1196437013782,37.3789735988191],[127.1203540006679,37.379732298060404],[127.1234714004178,37.379877598382],[127.1237776009604,37.380626599565396],[127.1259688005472,37.3805857001474],[127.1245751000615,37.3825806006562],[127.1233933994486,37.3803617012096],[127.12231420052781,37.380758500812796],[127.12174640147151,37.3824814000924],[127.1231466000713,37.3841166984571],[127.124153600483,37.3836111996256],[127.1233080002759,37.3840916000985],[127.1237782998056,37.3845687996213],[127.1249955004223,37.3842788995564],[127.1263484994775,37.3858753984788],[127.1271747011767,37.385798899437795],[127.1282745012785,37.3882299972705],[127.130576998976,37.3855127999877],[127.1291818995364,37.384523300580994],[127.1284612991548,37.385108798861594],[127.13217560045379,37.3825382990515],[127.132440600239,37.3841636986468],[127.13317190054639,37.3842264997056],[127.1324406006754,37.384163700815705],[127.1317768004801,37.385571500567096],[127.1305770016799,37.385512800625804],[127.1282745039824,37.3882299979086],[127.13186830038859,37.3901580959805],[127.13717650038849,37.3900484991478],[127.13605710065501,37.390408900880495],[127.13575210096,37.3919847993046],[127.1378657006457,37.3917357002272],[127.1356735012195,37.3922861011459],[127.1336222032708,37.3942331991988],[127.1367145047042,37.396450298862995],[127.1365502009513,37.3994199001467],[127.13570610252809,37.401090503850604],[127.1345743003856,37.4005322031421],[127.1322664026935,37.403553200121095],[127.1327323022276,37.4044101992641],[127.1350048001125,37.4045655991224],[127.1353599011089,37.4062204989511],[127.1366616998071,37.4068204983511],[127.1373702991341,37.4058598992684],[127.13714320053239,37.406768199549404],[127.1384711002042,37.4065358997033],[127.1378770006529,37.4077455991281],[127.13881960019971,37.4071218997997],[127.1400818005965,37.408068699249604],[127.1406855006736,37.409531599821],[127.14000250036709,37.4094490003694],[127.1414883008276,37.4116519992713],[127.1397311012404,37.4126256999395],[127.1401023002514,37.4139865997956],[127.1411600007196,37.414425400264],[127.1398000006854,37.415380002572],[127.1388471014509,37.4174596010186],[127.1373578029402,37.4178439006343],[127.1381632023943,37.4250912998737],[127.1403684001891,37.4268717980932],[127.1448539010448,37.4274029994684],[127.1446349002946,37.4289686993996],[127.1457025010972,37.4284939002788],[127.1450914019097,37.4307581993653],[127.1460845014707,37.4315769003878],[127.1460663014889,37.4342817976829],[127.14933670063641,37.4355147982762],[127.1489460009433,37.4370978986585],[127.1506101001847,37.4380146999058],[127.1502148011441,37.4399671985001],[127.15317829818059,37.441106397360905],[127.1582252982272,37.437928598466],[127.158149200144,37.436372398559406],[127.1596258996815,37.436135799581],[127.1608711995581,37.4368010992944],[127.16066670000059,37.436044799932695],[127.160871200279,37.436801099169394],[127.16335240043979,37.436604599323005],[127.1635558002527,37.4373229992726],[127.16426680023389,37.43658639932951],[127.1652364002846,37.438592599322],[127.16625450022299,37.438031799612396],[127.1669887004269,37.4428624992727],[127.1702014027214,37.4476509996892],[127.1689512998246,37.4470614014932],[127.1674026013733,37.4476174009372],[127.16729270066351,37.448999800071604],[127.1664170008882,37.4493320006075],[127.16815170015049,37.4509150986908],[127.16942250231139,37.450281199470496],[127.1728678001112,37.4534898000293],[127.1713061008213,37.45342870071941],[127.17037260175479,37.4555443986037],[127.1707699006919,37.4570954006822],[127.16803260033791,37.4593322003257],[127.1678412000124,37.4617767010554],[127.1656830998666,37.4618788002074],[127.1650545999786,37.460555001869],[127.1634265996572,37.463058100470896],[127.1610566996119,37.4633327026794],[127.1590272012554,37.4623816033181],[127.1571618031208,37.4637244019753],[127.15539560051471,37.4632007021467],[127.1532369026734,37.465759399588],[127.1533068003543,37.467568999674],[127.154359501297,37.4683615006817],[127.15332550042929,37.4681693003738],[127.15291140081179,37.468590900087904],[127.1536384003885,37.4690420003817],[127.1518043017329,37.4697936999329],[127.15202670070059,37.471947999946394],[127.150447700219,37.4726904007118],[127.15068470020739,37.4739651005237],[127.1487145000406,37.4739996003347],[127.14864720042979,37.4748953996809],[127.1494309004726,37.4750607999328],[127.14850650002819,37.4754109005054],[127.1464241998311,37.4740544007356],[127.1441394002486,37.4773577000323],[127.14458140026791,37.4806427996702],[127.1463030007216,37.4809917001898],[127.1456882003625,37.4818149996407],[127.1469360005309,37.4823392995239],[127.14629120072519,37.4830045998668],[127.1467264006952,37.4835649995332],[127.1489907001333,37.4836910999679],[127.1507893005409,37.485808399512],[127.1518790993987,37.4845456972596],[127.1542895994585,37.4845197969008],[127.1538583004696,37.4853030997998],[127.154689900921,37.485565199826404],[127.1547788004567,37.4867844997337],[127.1538376002857,37.4867404001156],[127.1537473010765,37.48751359971],[127.1550888001079,37.4892445982811],[127.15597629922041,37.4882413992843],[127.1557185000736,37.486729599875694],[127.15910809997939,37.486540299714605],[127.160520199381,37.487067599278205],[127.1601540007606,37.4874811999384],[127.1612376005021,37.4885422988745],[127.16226360110811,37.487732599535704],[127.1618907012015,37.489992801458406],[127.1633040020225,37.4922427986083],[127.16111810464399,37.4964304988573],[127.1631456026165,37.4996265956612],[127.1616827000965,37.497523902086996],[127.1609440008352,37.4990425005684],[127.16119590147609,37.500912600659],[127.1601749004242,37.5007602009708],[127.1598763007228,37.5017567999742],[127.15946650001469,37.5012989007147],[127.15894580053539,37.5018604001532],[127.15987770043789,37.503630700137904],[127.1593161004356,37.5031069009978],[127.15624869863011,37.5043303021934],[127.1546918002227,37.5018166011143],[127.153893399797,37.5025971007545],[127.1532828004076,37.5019859013657],[127.15100270134491,37.5044321009114],[127.1472342009799,37.504967102195],[127.1469699012442,37.5079335992285],[127.1495111004924,37.5078680993088],[127.151977899509,37.5094901990593],[127.1529894005335,37.5091117991859],[127.1530908006149,37.5108957990223],[127.15539750119031,37.511537699597696],[127.1549517008342,37.5125896005529],[127.1558262999596,37.5144457986967],[127.1580534018194,37.5143512959087],[127.16038830097179,37.515721799378404],[127.15870240111259,37.514570101530204],[127.1579244018906,37.5163277997725],[127.1586824001298,37.518504999959795],[127.1616733041787,37.520333699629504],[127.1597021018686,37.5204914012393],[127.15745030412039,37.522253499477195],[127.1597477007835,37.5262912007299],[127.1593746970154,37.5255911032994],[127.1557442993887,37.5251230021835],[127.1510777040553,37.526560100746394],[127.1536101015229,37.5301216971848],[127.1555938995391,37.5300975972089],[127.1575665988235,37.5312798976106],[127.1602527002785,37.529942097079],[127.1593668017382,37.5328886983121],[127.1605774020413,37.5357329964104],[127.1628874026655,37.537016299744295],[127.1606744023701,37.5389222005186],[127.1616398014047,37.541479797960996],[127.1627273015531,37.5414331998839],[127.16312580123031,37.5431479016067],[127.1601879011168,37.5415439013252],[127.15744890385581,37.5459042969648],[127.1626267998748,37.5469626989614],[127.1655373988187,37.5462580984965],[127.1662403985206,37.5423906996528],[127.1647259986218,37.5411939980191],[127.1692154951136,37.540961897196],[127.17081589959699,37.539542398300604],[127.1695247018075,37.5406414012376],[127.1700196013126,37.5425878992911],[127.1715827002345,37.5428891989595],[127.1720978000635,37.5447327981176],[127.17446029971711,37.544143398753704],[127.1756510002331,37.5426166999838],[127.1748118017953,37.5446018007578],[127.1768064021879,37.5456638994322],[127.1774701000722,37.5474552003581],[127.1762728010631,37.5493450002296],[127.1776498008601,37.5509236994889],[127.17965739961,37.551096599673],[127.1807498994031,37.5496408994877],[127.1799855993006,37.5488855994318],[127.1815614001556,37.5500822994296],[127.18232569939131,37.5497532997586],[127.1827222989664,37.5476579006016],[127.1812748990781,37.547551600312495],[127.1833748996666,37.545897198275796],[127.1846292001767,37.5472575991784],[127.1860729000147,37.5469441993544],[127.1856950007782,37.548025900032],[127.18714490043881,37.5494449990734],[127.1885164001975,37.548505499806396],[127.1891951002522,37.5508661996127],[127.1886978003799,37.551170399814694],[127.1908045004939,37.5521385993759],[127.1919674993309,37.551443200071304],[127.1915842999036,37.550063099648305],[127.1939621997061,37.5500356993091],[127.1962521973284,37.5485269004469],[127.19555299802761,37.5472615017123],[127.1933005998018,37.547119701723304],[127.1923960005207,37.547819301004104],[127.19267859977879,37.5489191002192],[127.1923959997317,37.547819300796704],[127.1916615997483,37.5478355001485],[127.1923959994473,37.5478192998889],[127.1922179995274,37.5469643003487],[127.19133329914389,37.5469362001052],[127.1935554988942,37.5458317992318],[127.1939023996204,37.5446701990059],[127.1964649993921,37.5440385998806],[127.1963847992571,37.5431234006169],[127.1950452997499,37.543550599923904],[127.19590049964039,37.542198500030096],[127.19570539847669,37.5391944990956],[127.1968872989136,37.538350598410204],[127.19663009917079,37.5367396000212],[127.1982733993036,37.5365878987703],[127.1982834996015,37.5331507996728],[127.2000399997648,37.5321056993781],[127.2033100008033,37.5321462993112],[127.2030967001005,37.5339240999268],[127.2071727024974,37.536031096954204],[127.2101602995098,37.535448397536896],[127.2118618992268,37.5333845975362],[127.2139882990932,37.533746799373006],[127.2162344000214,37.5329634985082],[127.2147123016185,37.53565299733091],[127.2167989017852,37.536774196575706],[127.22021549836859,37.53547989787],[127.22125099978939,37.5342598975027],[127.227629299656,37.5337070990844],[127.2285684002394,37.535365699131],[127.2298328046037,37.5350404985443],[127.23276920166731,37.536146597438204],[127.2336713012503,37.539932100346],[127.23055359915449,37.537709400777395],[127.2296644999937,37.5379442005088],[127.2299631023461,37.5415322992104],[127.2316864006228,37.542975197767504],[127.232973199336,37.5419485987941],[127.23291879986569,37.5425543006912],[127.2307440003668,37.543748900800196],[127.22962940067279,37.5429131013573],[127.2270641018388,37.5440745008729],[127.2275070013959,37.545398199549204],[127.2260221001894,37.5453075007117],[127.2256440004441,37.5463037004274],[127.2246214994337,37.54612250016],[127.2238622001143,37.5444428016518],[127.2234273002049,37.546457902118],[127.2225750003118,37.5448569016297],[127.221603400337,37.5474461005669],[127.2215724992812,37.5460662003405],[127.2203652004885,37.5459812004255],[127.2209479002686,37.546857299894796],[127.2203005996113,37.5470953002426],[127.2199006003728,37.546431400533],[127.219753900158,37.5470210003169],[127.2192612998608,37.5462900005469],[127.2186324986467,37.5466416010902],[127.2182414001018,37.54545130028551],[127.2170651005417,37.5457873003215],[127.2159496005446,37.5471105009345],[127.2162895002047,37.549528698516305],[127.2176684996107,37.5481833995484],[127.217422200521,37.549035799437],[127.2181058000925,37.5484977999621],[127.2182338001565,37.5492756008893],[127.2152554003178,37.5505144013786],[127.2091832007282,37.5577354018755],[127.2034462018929,37.562427802616405],[127.2039725010344,37.5693291003796],[127.2025870020118,37.5708842027052],[127.20268580191299,37.573264600324805],[127.1996773966118,37.572367701664504],[127.2006499984919,37.5704586999487],[127.19918889898099,37.569965900329],[127.199151899018,37.5691733011216],[127.1972951003633,37.5694697003497],[127.19621740082009,37.5701840010455],[127.1945307003901,37.5756654008771],[127.1935909997142,37.574715001039195],[127.1927041006011,37.5755491002051],[127.1931893001717,37.576066800260996],[127.1913373999852,37.5748891003247],[127.1900240004167,37.5764746003093],[127.1858090993602,37.5767369004173],[127.1873527993035,37.5759361000857],[127.1853893007023,37.5756915001634],[127.185338799867,37.576356900054],[127.1849745998682,37.575354600895395],[127.1821072999557,37.5744862000397],[127.1811023998668,37.573309099953505],[127.18215259940469,37.5731286996449],[127.18198029984681,37.5717356004201],[127.18084089996641,37.5721756000992],[127.1806399999607,37.5711679005995],[127.1797089995194,37.571306400452094],[127.1799015993193,37.5702713004259],[127.178149600082,37.5709843006329],[127.1784354997098,37.5700802002519],[127.17737370039491,37.5691115011065],[127.1767290004147,37.570161600152],[127.1752843997562,37.5691966007145],[127.1713921994565,37.570245901862705],[127.1720355995222,37.5683812006779],[127.17054249773929,37.5677769994806],[127.17190139936599,37.567064898549],[127.1723972989867,37.5655441994511],[127.1694480010275,37.563786201366206],[127.16151939828231,37.5675019021455],[127.1595119002898,37.567581402066004],[127.1587574010443,37.5695881000593],[127.15768110009981,37.5698597005359],[127.1581321994335,37.5692755005334],[127.1572426003231,37.568602901206],[127.1565686001085,37.569716101625],[127.1542491992457,37.5679349005261],[127.1565685993065,37.5697160989805],[127.15686889900621,37.5693076993889],[127.15697109895191,37.5674213011868],[127.15482039949211,37.5675464998859],[127.1569710985636,37.5674212991112],[127.1569408995552,37.5632284009056],[127.15644050005561,37.562913301220696],[127.15571299806071,37.5639192011354],[127.1547888989848,37.5627120023426],[127.1519815994577,37.5620344030392],[127.1485801006775,37.5640752011092],[127.1484019000982,37.565606200279795],[127.147317001228,37.5663045003535],[127.1430426026123,37.5628965036991],[127.1416350031153,37.5667664076951],[127.1390681001938,37.5668924079328],[127.1364229000507,37.5658691005178],[127.13305430176389,37.5679201058674],[127.13181109871189,37.565070005780896],[127.12767809649179,37.5615666072067],[127.1211031003692,37.5670993011741],[127.1198018016705,37.569388798884596],[127.1207221029309,37.569854601139596],[127.1193700002516,37.569423802390105],[127.1175724020492,37.5723591994547],[127.12214190153641,37.573580499515096],[127.1215127021291,37.5761341995389],[127.1238921012729,37.5765302004146],[127.1194637017974,37.574860801968505],[127.1170065042546,37.576345300484],[127.116750703695,37.5820691038876],[127.1197366025779,37.5906138980497],[127.11856830128531,37.5899615013023],[127.117962601142,37.592771300695105],[127.1164426024986,37.5938567996659],[127.116144202608,37.5975993010195],[127.11936180056509,37.600591899916495],[127.1182885005777,37.601010300066],[127.11914140025361,37.6013868006368],[127.1183549004029,37.601680100334406],[127.1173672005263,37.6008203011529],[127.1156866022967,37.601709900736104],[127.115589402709,37.603859200737205],[127.1136726006584,37.608510601275604],[127.1126897016413,37.6086047011815],[127.11334570044059,37.6106348001027],[127.111830200091,37.6091684030296],[127.1110006002161,37.612210301351],[127.1099306004463,37.60984660248],[127.10891120146569,37.6117377005889],[127.11001790003421,37.612602200450596],[127.10590480032981,37.6144949004661],[127.1061905004175,37.6152143007391],[127.1044011010148,37.6148672008973],[127.1055367013311,37.6180443012344],[127.10486590200189,37.619561599717095],[127.109662701115,37.6222382990038],[127.10850860048019,37.6226939028107],[127.10829200174281,37.6257036005891],[127.10550360284621,37.6272448008554],[127.1040589042909,37.633687194413],[127.1061203068626,37.635635197314805],[127.1127793006654,37.6343153988822],[127.1142854001953,37.6376117023453],[127.1122509006128,37.638507601494396],[127.11144090142281,37.6407660992359],[127.1143554020276,37.6421599989016],[127.1193392970437,37.6422381988234],[127.1204830971012,37.640766298049606],[127.1202599973243,37.639047099768796],[127.116731697749,37.6377751021819],[127.11681579856659,37.635995300519],[127.1152142989373,37.6355163000409],[127.1174700994828,37.63432629891],[127.1181921987607,37.6329178003185],[127.1174375992974,37.631751901140696],[127.1160786006564,37.632300900591694],[127.1156882994189,37.633881100867605],[127.1145884991323,37.6322338007437],[127.1138538998669,37.6324094005681],[127.11198739961391,37.6297616989972],[127.11287139872991,37.6294216993372],[127.1127730988282,37.627965100793794],[127.1106887987452,37.6260572992624],[127.1132612985747,37.623571398159804],[127.11341050022921,37.6218472985573],[127.1158521002355,37.625044198243295],[127.11859540004261,37.6239431997793],[127.1190455000671,37.625415298749],[127.1214154976971,37.6262104979538],[127.122261205825,37.624832693837696],[127.12842980205251,37.629071499027404],[127.1266256034177,37.632279498407],[127.12984800399799,37.6361793993396],[127.1300277016023,37.640752399773],[127.13153030038349,37.6408212009649],[127.1304261014877,37.6416225001636],[127.1317795001343,37.6424902992958],[127.13334170005841,37.6413443000194],[127.1325547006645,37.6433021991119],[127.1330650001542,37.644343898070204],[127.1370917978573,37.6439397988393],[127.138866897988,37.6382756033321],[127.1382252989217,37.637739399716004],[127.14056430020149,37.6387163992176],[127.14120059990971,37.637390399615],[127.1418024017761,37.637795699746],[127.1405643021887,37.6387164003696],[127.14012380153609,37.6403502007376],[127.14115430119179,37.6439691974195],[127.1432454991006,37.643651697737],[127.14315530030521,37.6415497996291],[127.1443842990762,37.644195696983196],[127.1469509980004,37.64402079645],[127.14808409686731,37.6422499982208],[127.1488509015111,37.6382763998184],[127.1494746023417,37.640608301659896],[127.1480841037322,37.642250000018194],[127.1481281049425,37.646595998911],[127.1505449025257,37.649866995640004],[127.15350880081739,37.6503521989038],[127.1522867003905,37.6540670000892],[127.1500420014706,37.6526713019875],[127.1468983033172,37.6568531992967],[127.1466047022751,37.6589212017196],[127.14379480127829,37.6600159006423],[127.14348539958141,37.6593112997819],[127.1437948003336,37.6600158990872],[127.14460369952471,37.659696299406804],[127.14510239941279,37.6586667002482],[127.14463989938581,37.6574784006604],[127.1382460966223,37.657429505903096],[127.1382495985268,37.6552370005576],[127.1359271977814,37.6515002034799],[127.13180150144309,37.653540301836905],[127.13015250158199,37.6535397018821],[127.1299468008838,37.6560329006184],[127.1279429006691,37.655984001040494],[127.12747949957591,37.6570546009479],[127.1273168994475,37.6558231002485],[127.125848599373,37.6552339997312],[127.12607769914389,37.6542029007623],[127.1251244997204,37.6548507999521],[127.1252330996118,37.6538413009616],[127.12397659934531,37.6530280003935],[127.1237809988977,37.6517417006799],[127.1256271991592,37.6490189006497],[127.121397300769,37.647526201637405],[127.12120690095941,37.6490670000966],[127.1193923001134,37.650669100224604],[127.1183402005653,37.6503592008048],[127.11795330042919,37.6513600007512],[127.1173969993238,37.6495808004588],[127.1152446999915,37.6497998003492],[127.114410800209,37.6483861008074],[127.1137485005272,37.649332200083606],[127.1144387003903,37.650490000273194],[127.1116475999392,37.650598500126904],[127.113254099106,37.650174399490794],[127.1126969995523,37.6485797996097],[127.1135924002183,37.6490849991046],[127.1142250995856,37.6482937998958],[127.1133031994153,37.6470965005197],[127.1108232995264,37.6463872014236],[127.11170629927689,37.6461977995595],[127.1110782998275,37.645634799859906],[127.1120664989318,37.642091300087195],[127.1115315994667,37.641093501084995],[127.1064815001824,37.6441600006934],[127.10488769865111,37.6439784026655],[127.1031298949343,37.6425518025412],[127.1038448954349,37.641932098778696],[127.103911795368,37.63769080302],[127.09728659380491,37.633425007785306],[127.0939789971125,37.6296194115909],[127.0901133009782,37.629182212028105],[127.0887656025492,37.6418988006621],[127.08685340111559,37.6428463009164],[127.0868951014031,37.6445856999438],[127.0850737989531,37.6437390012094],[127.08313990076681,37.6442751001036],[127.08206960172569,37.645544300636594],[127.083317400858,37.6464528998246],[127.0849314005826,37.6496693000903],[127.0836130036424,37.6559080999872],[127.0880403022836,37.658237899647105],[127.089680900643,37.6618730960119],[127.0895000034341,37.663535599542804],[127.08870180107989,37.6639970011418],[127.0857238018759,37.6633187014999],[127.0847979028018,37.6663362984823],[127.088844902015,37.6657121011754],[127.08842600243389,37.6713271955603],[127.0899685044806,37.674304299402806],[127.0897647015811,37.6756826026596],[127.0899684993891,37.674304301166806],[127.0881003002158,37.6736132018612],[127.08662250169361,37.675217700256695],[127.0873170018857,37.6767043027442],[127.084152100236,37.6786535026663],[127.07932419900901,37.6801729014089],[127.0783209995469,37.6785368029308],[127.07388790398001,37.6775159039517],[127.06887020105701,37.6811704055134],[127.0658033041239,37.6846187020651],[127.0653448026606,37.6877607013329],[127.05924830294299,37.6889769003307],[127.0583744989408,37.6898424024156],[127.0556826002897,37.689042401014696],[127.0547674012049,37.6905428995142],[127.0600663035669,37.699369695521796],[127.0626494032638,37.6997517011192],[127.06026340226549,37.6999876036864],[127.05765450487439,37.702587101086905],[127.0590118043161,37.7065208994664],[127.0576946996518,37.707285901186005],[127.0573317000148,37.7065645019074],[127.0537364999045,37.7055220002777],[127.056096799485,37.7055228998843],[127.0566057997401,37.7043954000915],[127.0556884998547,37.702060000769904],[127.0536623994275,37.700416400752104],[127.0533122989727,37.698285000570095],[127.05187889891,37.6971136004667],[127.0491891989608,37.6962507008693],[127.0455470020429,37.6976782010665],[127.04556050202939,37.6990495996951],[127.0474322001577,37.699340699404],[127.0476145000427,37.702126499226395],[127.04908280104979,37.7025200987772],[127.05025519933939,37.7040816985533],[127.05166410120489,37.7032110007175],[127.05091470168351,37.705285599653],[127.0520271012296,37.7072047993691],[127.051070206379,37.7103943005363],[127.04958050153421,37.7112596994909],[127.0518277055434,37.7145185975902],[127.04731290043789,37.718573299843605],[127.0500221025193,37.720981599237604],[127.05030770127611,37.7227788994848],[127.0511956004302,37.723141399572704],[127.0532980035598,37.721930997786195],[127.0537668012394,37.7241229997391],[127.0528428998916,37.7231607011639],[127.052195500539,37.7253584989661],[127.0531530000624,37.725292699685696],[127.0527970005758,37.7262157990583],[127.0540809010464,37.7265805999912],[127.05358299963271,37.729208401157194],[127.05240689914699,37.7289281003079],[127.05271539888389,37.728108300727904],[127.0516405997512,37.726996000647],[127.0503286010632,37.7272241004189],[127.05100800052429,37.7287605000067],[127.0503195003047,37.7284771003808],[127.0503110983805,37.729216200334406],[127.0489294997621,37.7284685010821],[127.0481735999869,37.7302145008284],[127.04649860029191,37.7300221003602],[127.0457514005401,37.730737399968],[127.046488600767,37.7315140004943],[127.04399300094241,37.7322998003916],[127.0436126003168,37.7337625995948],[127.0443355000483,37.7347669990181],[127.0448470011586,37.734452600037095],[127.0467857000679,37.7360502991755],[127.04725809961239,37.735230999062196],[127.048578500023,37.73525389931579],[127.04991650043979,37.7365865992802],[127.05249980016971,37.7373991991899],[127.0517153006215,37.7377146004907],[127.05229150052989,37.7391324004127],[127.0497234006915,37.7412258001223],[127.04920610042201,37.740445700885104],[127.04752070073971,37.742190100427905],[127.0449654994856,37.7409538001946],[127.0463944997369,37.7405097995349],[127.04633559993671,37.738298100128404],[127.04311629983259,37.7401530005114],[127.0421943998902,37.7399985003977],[127.0413731001256,37.7381725005219],[127.04093909943461,37.7386547003797],[127.0395665996856,37.7374914999914],[127.0396780995681,37.735852699580704],[127.0405353993431,37.7358883998989],[127.0433493996357,37.733287100039796],[127.0430723996527,37.7326513005122],[127.0420126997472,37.7329121001539],[127.0421775998506,37.732101100492905],[127.04096069996,37.7327631000491],[127.0417502990677,37.73258039999391],[127.0410338997841,37.7316743009],[127.0395627989866,37.732137200590195],[127.03806109959339,37.7293956001419],[127.0388115995475,37.7273615997372],[127.0407699996139,37.7267785997275],[127.04134139875609,37.725290000202804],[127.0402535990313,37.7247036996433],[127.0417304992977,37.7235411998164],[127.0415752990222,37.72245619992211],[127.042938999673,37.722845199306],[127.0437971991716,37.7212982006169],[127.0428590990379,37.7211143972405],[127.0450141000076,37.7190569996221],[127.0471828988791,37.718573499863595],[127.04546339888701,37.7177174003405],[127.0460556989238,37.7168129002374],[127.04532489929319,37.715477500805],[127.04262170071149,37.7155353004812],[127.04219879955109,37.7165653001521],[127.0416840989432,37.715934599596],[127.04221529823239,37.710451300808906],[127.0393745955507,37.710192299100804],[127.04090220052241,37.710423898632804],[127.0428503993735,37.709166698730094],[127.0423608004123,37.7097449999088],[127.0436069994348,37.709936699615],[127.0441364991399,37.7083774004629],[127.04224319854251,37.7071457000117],[127.0432729990852,37.706800799274205],[127.043375799447,37.7056764993398],[127.0463040982058,37.7019050003873],[127.0405853941094,37.698037506123896],[127.036436294647,37.6925146008278],[127.0333314977518,37.691867601474804],[127.03531599720719,37.6870746010331],[127.036254896489,37.679697099121796],[127.0331594995844,37.6782523005666],[127.033623699173,37.677014998239194],[127.03808480083269,37.6787093992467],[127.0398485990689,37.678393399562694],[127.0427387984155,37.676375698935004],[127.04269089846339,37.6750263002844],[127.0361046965662,37.6705735026217],[127.0323290993066,37.671087302616705],[127.0298593991932,37.669845500235304],[127.03035129945391,37.669077600496],[127.0288021981049,37.669226700768604],[127.0305320980278,37.6675503004449],[127.0305153980445,37.6653940026012],[127.0278825997575,37.6634601007975],[127.0275506993307,37.6622728007822],[127.0246372998241,37.6603344011368],[127.0239371995964,37.6611847002278],[127.0230035005301,37.6597730016395],[127.0217849017487,37.6605489008636],[127.02108180231821,37.6621164996235],[127.02152320209501,37.6626843054386],[127.016883701109,37.662264103823304],[127.01319650479621,37.663031003056396],[127.00752179769631,37.6704251036317],[127.00542259714881,37.662356796385],[127.0031575989553,37.6583659996416],[127.0079331941797,37.654995303012306],[127.0043586925182,37.649998500180004],[127.0024486944282,37.645358704819806],[127.0034016977065,37.643535299110106],[127.0020728990353,37.6422899003555],[127.00358399963861,37.6427323992733],[127.0053306978919,37.6418934001123],[127.00604769717489,37.638034703971],[127.0040514966349,37.6353394984607],[127.00299369328981,37.6252988039026],[127.00163429336611,37.622182504386004],[126.9990155959848,37.6202497063188],[126.99489300010741,37.620419406149104],[126.99241979247849,37.6217925037656],[126.99396539439199,37.6202871981451],[126.99101949734789,37.6124990019768],[126.9892722982049,37.6118082008747],[126.9910194994246,37.6124989992399],[126.9928362959096,37.610337799567006],[126.9921616965441,37.607011901328804],[126.99367579704361,37.603237500748],[126.9895123002569,37.6000199039056],[126.9846339967655,37.5977587040059],[126.9767603990073,37.5976038028124],[126.97570469802669,37.596177501019405],[126.9766705985382,37.593999601174595],[126.9758900978116,37.5935596998889],[126.9759347978015,37.5919704010962],[126.9749593987769,37.5905895024771],[126.9688915012553,37.591233903432],[126.9686041015427,37.594467100198806],[126.9701006006201,37.594857102026396],[126.96876139979291,37.5951654007995],[126.9658831012685,37.5940320021235],[126.96481330205171,37.597316800537804],[126.9633708002148,37.597641100308095],[126.96174819964921,37.5963719002446],[126.9603119989269,37.5915372012254],[126.9580486011903,37.5916169011457],[126.9558751006826,37.595897800927204],[126.9561999998015,37.597607101276196],[126.95377409994491,37.5969814039526],[126.951161002558,37.6004391004949],[126.94985670035929,37.6053297000052],[126.9482228998625,37.603493200323506],[126.9412271023435,37.6060236024785],[126.94126340172309,37.6106956993696],[126.9434319070172,37.6150201023162],[126.93978680045629,37.6132757033982],[126.9378827023604,37.6152800013939],[126.9364773996471,37.6154812024485],[126.9353337006355,37.6172728006254],[126.9367586047869,37.6201318985663],[126.94023420418,37.622570402746504],[126.9372496071646,37.6263437989731],[126.9339736027047,37.6264879005474],[126.936146300713,37.6278870000125],[126.9340749999628,37.6279136002957],[126.9320863010034,37.6265531025183],[126.9313856017041,37.628822600248796],[126.9319198006176,37.6296393999976],[126.9311441999245,37.62888440122509],[126.9299888010799,37.6295822005273],[126.9298563012124,37.6311630989464],[126.9330693021612,37.6334717982171],[126.9333586015892,37.6350160986901],[126.9323793008993,37.6361562004992],[126.93294930029471,37.636831100075305],[126.9305005010129,37.636192600827],[126.9291983023151,37.6372512997683],[126.9298786022859,37.6388732986665],[126.9332088015646,37.6395333005301],[126.9298785989275,37.6388733023612],[126.9279379008682,37.6399921012424],[126.9253433030767,37.6397888012776],[126.9266933019252,37.6441977973977],[126.9289509005592,37.6439403995086],[126.9271585007101,37.644446800492],[126.9278253002346,37.6460541011043],[126.9254063005857,37.6459678006364],[126.92496850059301,37.6484217002828],[126.9242278000021,37.647836400582705],[126.9217221024274,37.648386600087505],[126.9222803014306,37.651925700134],[126.9206403013339,37.652341900567],[126.9224419000651,37.6538210007413],[126.9196669009466,37.654980601380004],[126.91823690094489,37.6540684040339],[126.9143602976748,37.654331405501495],[126.91125719711839,37.652889102117705],[126.90874299963261,37.6538653011415],[126.9066475017281,37.6531949018119],[126.9014926006012,37.6546837034948],[126.8998694022244,37.6582695999089],[126.9010300004341,37.659618700196205],[126.89821230111829,37.6582304016426],[126.8954591012192,37.6593401016547],[126.8938579998879,37.661248100476705],[126.89348589921221,37.6600160006299],[126.8922345990317,37.6596587994183],[126.89344149934149,37.6598606985009],[126.8937868989961,37.6570683012933],[126.891551799905,37.65778070073431],[126.8914611985211,37.655903800580795],[126.885937898469,37.654186302016896],[126.8870140987018,37.6532851003739],[126.8850274995207,37.6510193000202],[126.8875976993136,37.6497490993352],[126.88743179935051,37.648639100215995],[126.8889961999294,37.649526298872296],[126.8891326998245,37.6484706997431],[126.8920457001589,37.6480647987221],[126.8928485004197,37.6472328983736],[126.89748179899969,37.6482294987414],[126.8970185994629,37.6465156004553],[126.89614829968859,37.6460892002287],[126.8978138997156,37.6463702992394],[126.8986873986123,37.6452532981479],[126.9005323005155,37.6471729997739],[126.90238860032919,37.6473751997492],[126.9009392015636,37.6480033999003],[126.90088300161979,37.6500220978816],[126.90398479851801,37.6488587990449],[126.90462889969311,37.647366699713],[126.9058819992471,37.6486695985372],[126.9078776993877,37.6480748984053],[126.9079006993762,37.6465409998076],[126.9115921956832,37.643608599679],[126.9104600967473,37.6393446013443],[126.9074388988368,37.6336247990068],[126.9113856978878,37.633221495893196],[126.9127508000751,37.6343318985675],[126.9148604979654,37.6342176986817],[126.9180512987278,37.6324799973753],[126.9190659977131,37.6302768995784],[126.9176192991598,37.628686201169096],[126.9166793000998,37.629739400115895],[126.91448360077,37.6295873004919],[126.91445179970549,37.630821700668896],[126.91260769881039,37.628436301127195],[126.9111420981314,37.6286146005001],[126.9126076982753,37.6284362998259],[126.91142389945911,37.626450001812195],[126.9100796990314,37.6259201022309],[126.90881209996071,37.626542902408296],[126.9071369933941,37.6248349014332],[126.9072163996886,37.618478599518404],[126.9074628998459,37.619482399008504],[126.90811769919111,37.619420299070605],[126.9079214996244,37.6175712999428],[126.90660419917201,37.6173488000395],[126.9062154996964,37.6156794994424],[126.90704129887061,37.6154817996401],[126.9071328990766,37.6145059999228],[126.9063103996438,37.6133898000204],[126.9077663999384,37.6130910993282],[126.9093646994645,37.611191999937205],[126.90871419922921,37.610161999074606],[126.9100300998505,37.6111832993786],[126.9101771990331,37.609206300676696],[126.909307699464,37.6076119992643],[126.9105653992082,37.6059833001166],[126.9078658991005,37.6044195003242],[126.9079015991383,37.601563300668204],[126.90651730052261,37.6012349009966],[126.9066273002088,37.6025349000057],[126.9060479999109,37.6024398001765],[126.9031392998837,37.5981527032116],[126.903816299195,37.597440400253504],[126.9029456996971,37.5970506995846],[126.9041722987858,37.59606870013489],[126.90411589884219,37.5950395011641],[126.90198989920431,37.5951090018683],[126.90100699826081,37.5929107001296],[126.9005107982594,37.589715498129294],[126.90159159717861,37.5889010989437],[126.9012210975491,37.586897800947],[126.8989051993295,37.58589420106],[126.89760549916839,37.5840072012283],[126.8957134010605,37.5843186009169],[126.89515750025839,37.585749502267696],[126.8934643004131,37.5846325016269],[126.8917539000298,37.585726201381],[126.89168189914889,37.5841090008361],[126.89065429966669,37.5843495002458],[126.8919540985043,37.5834655004155],[126.8902377002207,37.582181201699804],[126.88915820130019,37.582672201208794],[126.88994370044941,37.5856106003104],[126.88904889868,37.5854125001973],[126.8881686995602,37.5831206024892],[126.8859824017465,37.584141601468204],[126.8857577019379,37.585920200003294],[126.88722700033719,37.587069500388],[126.88565460006089,37.586030402093996],[126.8838072001037,37.5872452011833],[126.8842472977226,37.5850015992956],[126.8826043993655,37.5834155008817],[126.88156719918291,37.5835376004807],[126.8815434000416,37.5829649992491],[126.8839601984656,37.5821531995486],[126.8820971988081,37.580980498903],[126.886253698681,37.5760770973852],[126.8865386984571,37.571324298222],[126.8908786985856,37.5692517972274],[126.890097299367,37.5663370001422],[126.8875792982456,37.5628849005282],[126.8856269984075,37.5628842005296],[126.8847796995137,37.5619704002221],[126.8838538945578,37.553288000356105],[126.8769347009557,37.551835101169],[126.8763350015554,37.5531221998819],[126.8780566041483,37.5537564090713],[126.8746962030468,37.554989209591405],[126.8720612998381,37.554883701500195],[126.87101829891941,37.5535030011214],[126.8696762002615,37.554311400313004],[126.86898740002209,37.5529904005241],[126.86765590032681,37.5535955007923],[126.8675847000072,37.554706800923796],[126.8664779999741,37.553029001431504],[126.86353990169661,37.5538060005424],[126.86338560185091,37.555147399201005],[126.8653117004312,37.555623099626295],[126.8634078007874,37.5591060995518],[126.8644000010015,37.559579901615],[126.862370001561,37.5610049007877],[126.8625232014078,37.5618792999133],[126.8637786001765,37.56200719981219],[126.8604609013265,37.5640083001638],[126.8595211073323,37.5673483053712],[126.8547857010166,37.5668338008419],[126.853086100315,37.5684017004311],[126.85206139997099,37.567438700899196],[126.8512021000485,37.5681266001805],[126.84931880011541,37.5671012006905],[126.848654300039,37.5674864003448],[126.8493655997415,37.5670005001773],[126.8485456999362,37.5664210997665],[126.8495423990681,37.565301500312096],[126.8481067000728,37.564798100214496],[126.847558700642,37.5650897000736],[126.84834720013471,37.5657141004735],[126.8475587002731,37.5650897013277],[126.8459885013338,37.5665707020836],[126.8448742020127,37.5693577000555],[126.8462147006722,37.569957099456104],[126.84769070035,37.5693693004201],[126.84396269998311,37.574913800226994],[126.8427468956718,37.5748340026635],[126.8432637980549,37.5737238006348],[126.8424393988793,37.5727190016396],[126.8410659002528,37.5738128005458],[126.8403688006612,37.57329940085361],[126.8398023001557,37.574194501158196],[126.8385906996456,37.5725291016082],[126.8372262979082,37.5724862990215],[126.8375097981812,37.5704660006676],[126.83670839898261,37.5697299014037],[126.8348488000053,37.5709306001338],[126.8345469997721,37.5689862009133],[126.83334810061359,37.569734100011296],[126.8343272004153,37.5702641000475],[126.833793700265,37.5708700001617],[126.8319233018938,37.5703238007914],[126.831694701631,37.5716642005035],[126.82881159839019,37.5727724020348],[126.8256058983008,37.5721891007728],[126.82517279883061,37.5695051005938],[126.82361960038381,37.5689121011868],[126.82268209866979,37.5699866006482],[126.8218722993762,37.5684970005559],[126.8207902984597,37.568707400271],[126.8191935000565,37.5673637016147],[126.81739310185691,37.567416701561704],[126.8181907011387,37.5696303005124],[126.8167229998446,37.5708814006766],[126.81531910004959,37.5691025008166],[126.8135792998312,37.5691125018189],[126.8141179987165,37.5686431998465],[126.8127610993828,37.5674594002872]]],[[[127.0864898993555,37.3205517004273],[127.0882179989975,37.3187967000375],[127.08654029969759,37.318566400626004],[127.0867630999315,37.3176769992764],[127.0882180004924,37.3187966992578],[127.0898373992834,37.3183001996733],[127.08914619973851,37.317768200079406],[127.0900687000927,37.317363199289304],[127.090733200116,37.319216599635595],[127.0925109993816,37.3192933991363],[127.0936532996549,37.3174083986755],[127.09487470002921,37.3175437995217],[127.09579469964,37.318673598713595],[127.0979622006617,37.317441799603095],[127.10020020112191,37.3187815001928],[127.1004396008825,37.3196763992979],[127.102804700357,37.3204668998147],[127.1017199005049,37.3208591003931],[127.1015911006337,37.322056199196],[127.1038686002348,37.3230268989816],[127.106202901973,37.3207266002737],[127.1055064008304,37.3217719994046],[127.1060413009135,37.323407199731896],[127.1071695005127,37.3240034001006],[127.1065272006274,37.325317999371904],[127.10713970022431,37.3256412997678],[127.10880919889709,37.3254604999374],[127.10838489951341,37.3234339007416],[127.1076693997867,37.324007299459396],[127.1084433001307,37.322687699736],[127.1087003001599,37.3243218990959],[127.11015759996859,37.3233591989613],[127.11215420099471,37.324403299988],[127.11032850073029,37.3248270009058],[127.11070700091861,37.326675900906],[127.10924440055679,37.326380100440204],[127.1087904008224,37.327310400350804],[127.1070941003124,37.327681400598806],[127.10713969975531,37.325641300106],[127.1057344993424,37.325052800037604],[127.10605189902499,37.3241165009739],[127.10458680024891,37.3239890010252],[127.1043296995577,37.3262278002401],[127.1038605995538,37.3245687002373],[127.10225710064431,37.3246467005913],[127.1019654010381,37.3257044002248],[127.1029439000883,37.326640100277],[127.1015121999412,37.3277520006956],[127.097028899688,37.3259121012523],[127.0959410007759,37.3268688002956],[127.09643340027179,37.3278707000916],[127.09369580102431,37.328411401488204],[127.09444959922921,37.3279681001225],[127.09418509925331,37.3268162010671],[127.0925358991603,37.3264439005289],[127.092132499266,37.3252815011218],[127.0896804010771,37.3271879000557],[127.091248600034,37.328103200556804],[127.0874462992731,37.3261474007433],[127.0888731993806,37.325498998532],[127.0896145989557,37.323365800281195],[127.0883934999675,37.3229157007057],[127.08792539926,37.323729300306994],[127.0885398993869,37.3213303002289],[127.0864898993555,37.3205517004273]]],[[[126.79658169934801,37.561461700198905],[126.8010809994952,37.5610990992378],[126.80223929993349,37.5595927991479],[126.80369469908699,37.559325898907595],[126.8037177990639,37.5583227999107],[126.8050387001578,37.5573117993449],[126.8072333005198,37.556459998993404],[126.8068512010293,37.557821499592],[126.8076056002749,37.5588926985208],[126.8090264997057,37.558867999086594],[126.8109317005804,37.5612730992426],[126.81173440049281,37.5611855997264],[126.8102574018253,37.562480499997],[126.8121013006963,37.5631999996087],[126.8120584004286,37.5641377006659],[126.81119729997711,37.565039000733],[126.8109859996106,37.5640550008656],[126.8103935000984,37.5652208004035],[126.8093699996419,37.56506190016211],[126.8085904001331,37.5637333007322],[126.8081836004324,37.564633200369606],[126.8059778999631,37.5650996009343],[126.807191699289,37.5611885003636],[126.8054090010717,37.560401401150706],[126.8060553003732,37.5620084007324],[126.805036501392,37.5621670005738],[126.8035895020259,37.5643506003348],[126.8049269001843,37.5664548999739],[126.8047180003088,37.567665500055696],[126.8040820002513,37.5670516009771],[126.8033958997798,37.567716700942796],[126.8020929989676,37.56638500047389],[126.80182379832189,37.564436301729394],[126.8001116000341,37.5643951017706],[126.79681789916259,37.5624330001926],[126.79658169934801,37.561461700198905]]],[[[127.13428189956771,37.6055503002629],[127.13511339947479,37.6029628993072],[127.13703199861591,37.6025605988088],[127.135125800097,37.6007132992399],[127.13689619959699,37.5993707997036],[127.1378572991532,37.5998511990919],[127.13824149910981,37.5979914997719],[127.13934649964911,37.5980041993549],[127.1397692999859,37.597087799749595],[127.14348960024999,37.597887799010905],[127.1443022004552,37.5974061988422],[127.1445911006842,37.598324299141],[127.146174699918,37.5989992986024],[127.1459958003687,37.599692899410904],[127.14975359898929,37.599711998004],[127.1509099009349,37.598714099309],[127.1498720005172,37.6014187010456],[127.1488978014914,37.6019699004944],[127.1477194010561,37.6060699003842],[127.147795500894,37.6070817997736],[127.1489291003372,37.607838399932],[127.14836749987701,37.6087904007479],[127.1435416004583,37.6089472016006],[127.14229450024061,37.610043000446694],[127.1424498985221,37.609138400187],[127.1410503999216,37.6086456006798],[127.1403739005981,37.609514499810906],[127.1414458004278,37.6105464997504],[127.1410055994129,37.6108680002745],[127.1376389988464,37.6086900007445],[127.13710649936961,37.606950200838],[127.13428189956771,37.6055503002629]]],[[[127.0739199997429,37.316020100102506],[127.0745125994101,37.312672999273495],[127.0767183994175,37.310523600124505],[127.0763750989378,37.309669000529],[127.0748925994513,37.3100253000818],[127.0757689998367,37.3084743996669],[127.078002200826,37.3094820987506],[127.07747380049351,37.309285900447996],[127.07737450059281,37.31081789891601],[127.07881600081281,37.3114264987192],[127.080011799617,37.311233998911696],[127.0801221995148,37.3099829997899],[127.0808141992195,37.3098848995424],[127.0802970000589,37.3091322997294],[127.0821889997732,37.3090651995237],[127.08208819971,37.308505499351],[127.0832953004091,37.3105935000681],[127.08276810093629,37.3113619992996],[127.08487840004709,37.312684398368],[127.085594300211,37.314073899716895],[127.0870516002521,37.3136672998955],[127.0852794008217,37.3156175006934],[127.0834643009801,37.3157566004313],[127.0848768014293,37.3170400001522],[127.0840771999644,37.317002201391],[127.0832087008329,37.318156900236296],[127.08392780033459,37.318792900385596],[127.0832530005412,37.319043300292996],[127.0827890990138,37.3174912013558],[127.07994239969109,37.31647920189361],[127.0787770008565,37.3169691014037],[127.0784677995819,37.3162304011165],[127.0771648008849,37.3162594010875],[127.0760308997896,37.3171744005527],[127.075281499802,37.3159474007657],[127.07461380002489,37.3167090000859],[127.0739199997429,37.316020100102506]]],[[[127.1553704990475,37.6097376002223],[127.15563609986559,37.6087926996136],[127.1561908999032,37.6094674991984],[127.157189098905,37.608646200019706],[127.1557649996399,37.6072874998959],[127.1583004000676,37.6062258998125],[127.1571891001839,37.6086461997994],[127.15908209981741,37.609436199615],[127.1601534999897,37.6087630996745],[127.16321790000731,37.6100913990025],[127.1650253003027,37.609164999680594],[127.16683680169069,37.6118219005267],[127.1654913001754,37.613585100787],[127.16340600040739,37.613583300662],[127.1625622998477,37.614687000741],[127.1616564002977,37.6135509010612],[127.1600638998295,37.6134824002799],[127.1598926998169,37.61263820071],[127.1590433991502,37.6131993016814],[127.1579075996753,37.6118418009618],[127.156399298864,37.6118597013012],[127.1566441991299,37.6105365000481],[127.1553704990475,37.6097376002223]]],[[[127.0413284994171,37.746829499929696],[127.04252009944341,37.7468170994555],[127.0428940998722,37.745585099730796],[127.0441358992266,37.746486399554],[127.0434687998572,37.7453285999621],[127.044653899632,37.7454794995592],[127.04551740012229,37.744279999375706],[127.0480537008591,37.746572199699],[127.0479901007432,37.747480200311095],[127.0467370000719,37.747002100631704],[127.04710270021799,37.748316600388],[127.0450950998,37.7494852002254],[127.0442258997608,37.7493317005459],[127.04509749920099,37.7485095003268],[127.0440451000985,37.7478947009019],[127.0431705000771,37.7489860009978],[127.0413284994171,37.746829499929696]]],[[[127.1676690995662,37.6542170997641],[127.1700601976266,37.6540239990237],[127.16988619843099,37.6527651969356],[127.1714690968481,37.651451698249105],[127.1708299995041,37.648645099777504],[127.17453820038921,37.6470576968271],[127.17782439864611,37.647388794178305],[127.18090910023939,37.6495242939227],[127.1863432993992,37.6475724990337],[127.18532450091519,37.643715998985996],[127.1870785022564,37.6476324981182],[127.1894870016798,37.6490343977269],[127.1895492005554,37.6509250002542],[127.184659800161,37.6553102014133],[127.1846302995706,37.6567129008439],[127.1829836012173,37.6567743007825],[127.1824604002705,37.6578988003054],[127.181714800008,37.656770101049105],[127.1810632006596,37.6572807005385],[127.18141440042649,37.6582620006571],[127.1779483010212,37.658953000106294],[127.1785751997592,37.659915000291896],[127.17591549999631,37.6577835012001],[127.17496550020199,37.6584207001905],[127.1747362999873,37.657635000559],[127.173930000441,37.6582020011355],[127.17299009976861,37.657722500656796],[127.1719862999522,37.658516000362],[127.170064399953,37.6540790012926],[127.1676690995662,37.6542170997641]]],[[[127.2387901984995,37.6528354994194],[127.23952819954829,37.651155698466596],[127.2424088990159,37.6501284995851],[127.24254329869079,37.6492058996605],[127.2438729988795,37.649861299223694],[127.2447816001153,37.6481791997494],[127.2445130003383,37.6493060992554],[127.2452686007736,37.648779000429094],[127.2437107023315,37.6506992985088],[127.24382490221731,37.6517276974804],[127.2472304010386,37.6501234986538],[127.2492482026987,37.652722698397895],[127.2492300000518,37.6538963000256],[127.2483846003471,37.6537559004689],[127.2464094999622,37.6560091004202],[127.24487280047009,37.6559354007031],[127.2450502006876,37.656979400563095],[127.2436366002058,37.6566872008322],[127.2436041993323,37.6576766007569],[127.2425034993262,37.6558402001539],[127.2408544993195,37.655818499987],[127.2410129994348,37.6545978003106],[127.2399745001786,37.6539597002359],[127.2398969995705,37.654961900444306],[127.23998469943339,37.6537424000736],[127.2387901984995,37.6528354994194]]],[[[126.86538059761129,37.6525296998974],[126.8644269986579,37.6517144006253],[126.8653363994988,37.6524245992208],[126.8657338990018,37.6493405993926],[126.8680195997198,37.64811799806979],[126.87055909893229,37.6484623980871],[126.8719756975157,37.6475378990116],[126.87104260109909,37.6454676992931],[126.8785641005643,37.647531999501],[126.8768534010486,37.648007300437904],[126.8799906006788,37.6503268996977],[126.87915500065,37.6500802006917],[126.8779854013173,37.6511638999411],[126.87940679989529,37.6517440994961],[126.87951570007989,37.6525900010191],[126.8728524990523,37.6551587031755],[126.86538059761129,37.6525296998974]]],[[[127.0658958974944,37.2973407992284],[127.0685921996448,37.2977065982247],[127.0685478004134,37.2948976995414],[127.0689728004733,37.2964396992562],[127.0720594009734,37.297060099878905],[127.0723354006974,37.2982327987062],[127.0733963996364,37.297901199037796],[127.0732781007679,37.2969002998533],[127.0737225008571,37.2982072999388],[127.07160770105361,37.298760302302696],[127.0703169979697,37.3010524033115],[127.06998969965089,37.300088700404004],[127.0680548000586,37.299678900233204],[127.065710798937,37.300512401661905],[127.06776829984649,37.2999901997606],[127.0665353002156,37.2988930007594],[127.0652364999001,37.298913300459304],[127.0658958974944,37.2973407992284]]],[[[127.2063601958319,37.6360064003365],[127.2030719999329,37.6328913008879],[127.2043776988909,37.631299999897],[127.2065590004398,37.6331859990703],[127.2091960995245,37.6334971991783],[127.20927320081489,37.6329515985702],[127.20969240031539,37.634241099464795],[127.2122009014617,37.63363579918],[127.2129096004556,37.636258498478796],[127.2143471003425,37.635111799844296],[127.2142005002579,37.6371853005736],[127.21301860015299,37.6381961005049],[127.211107602064,37.6383602003408],[127.2125992011353,37.640045500128096],[127.2124622000958,37.6423493004889],[127.20836389503229,37.6416618056952],[127.2071749951169,37.640427401404],[127.2076316988116,37.6384513988101],[127.2063601958319,37.6360064003365]]],[[[126.8371120994351,37.654299299653196],[126.8383524999274,37.6530032994736],[126.8409833986464,37.6534654989331],[126.84207739755239,37.6521261002725],[126.8399478978255,37.6504012991918],[126.8417261993777,37.6496666985192],[126.8452222032017,37.6504613994805],[126.84557000285389,37.652249997691904],[126.8470091014148,37.6534396965022],[126.8449136009173,37.655924600452195],[126.8452659006239,37.65755450072071],[126.8443916999538,37.6561223008993],[126.8442289001166,37.656909300112304],[126.8438104998332,37.6564316007635],[126.84280140016,37.6570215005475],[126.8396229012683,37.6550850015137],[126.8381270998147,37.6554784001261],[126.8371120994351,37.654299299653196]]],[[[126.97040869811649,37.4015265001479],[126.9704960984539,37.3988974000001],[126.97211969838919,37.3993674994318],[126.9727257001997,37.3979099984691],[126.9749374990039,37.3982028983006],[126.97604750082351,37.396186898232095],[126.9809268028508,37.3991004012141],[126.981045803341,37.402021802059],[126.97850400211681,37.4046011999224],[126.98062420018469,37.404657000715304],[126.98008850035659,37.4052307003144],[126.9785040008031,37.4046012007923],[126.979024000472,37.4060237014277],[126.9785039998693,37.4046012009368],[126.97821809771061,37.4055496025181],[126.9749548985891,37.40333540289161],[126.9706767995065,37.404965000984596],[126.97040869811649,37.4015265001479]]],[[[127.1124949988692,37.667155298577995],[127.1140213998959,37.6656506995674],[127.1150116992356,37.666083099275504],[127.1161460000854,37.665134198636196],[127.1178986004919,37.6653755988963],[127.1189732008912,37.6658688994754],[127.1181558006987,37.667269999431],[127.1194490004616,37.667175099093],[127.1185198006446,37.6688405005912],[127.11891700102359,37.669909999885505],[127.1163048992597,37.670527301816605],[127.1152657000111,37.6687477009947],[127.1150721002047,37.6694308003116],[127.1135117995938,37.6687396005993],[127.11394539943741,37.6681684997767],[127.1124949988692,37.667155298577995]]],[[[126.85069029886449,37.4804894996363],[126.8527971998612,37.4759777997007],[126.8550887013032,37.4778304981048],[126.8597815007841,37.477883399774505],[126.85685740002259,37.4825684009393],[126.8554547997667,37.482667100364],[126.8550763000213,37.481818600949694],[126.8534845998017,37.482129200078006],[126.8536156997944,37.481238300846805],[126.8529280992524,37.481765500620405],[126.85212199986259,37.480711400731295],[126.8517039002931,37.4813033010086],[126.85069029886449,37.4804894996363]]],[[[126.8761752976356,37.4154181998911],[126.87975349030461,37.4126149956445],[126.88170500008799,37.413246198694104],[126.8822315006042,37.4115016985714],[126.88687939879989,37.4129794969685],[126.8889863966929,37.4123035976444],[126.8866845008032,37.4139797011841],[126.8868109006768,37.4158391993246],[126.8876092013948,37.4155823989815],[126.8895060012428,37.4189054991495],[126.8884312002404,37.417597801468204],[126.88742790124371,37.418768500297496],[126.8884170015219,37.4206349008474],[126.88565130346451,37.422809401843296],[126.885551803564,37.4237369009158],[126.8848884991193,37.4225547010262],[126.882969999847,37.4232833001953],[126.8829694994399,37.4221934006788],[126.88176730001591,37.4224097004732],[126.8805033971186,37.421500102291105],[126.87879629966831,37.4160170022152],[126.8761752976356,37.4154181998911]]],[[[126.9585059996537,37.3924725000515],[126.9600886987289,37.3929974989016],[126.960499299386,37.3917754995117],[126.96174139974069,37.3921225989611],[126.9624155996584,37.390971999726],[126.9645795999314,37.390749999756],[126.96524980031319,37.3925550993633],[126.96592630320211,37.3923982009972],[126.9652746037,37.3935434011501],[126.96667120212739,37.395992200174504],[126.9630281004321,37.3970845015643],[126.9600324995965,37.3960676005415],[126.9585059996537,37.3924725000515]]],[[[126.8308340993147,37.634836399533796],[126.8322167004794,37.632629999365],[126.834154700292,37.633868399616],[126.8345130004259,37.6352080999911],[126.8323829998047,37.6364139003074],[126.8308340993147,37.634836399533796]]],[[[127.0326754997968,37.7387182997075],[127.0337568996264,37.7385963997341],[127.0351549999482,37.736843699740504],[127.0351993007154,37.7379862994291],[127.0366075004971,37.738030100013304],[127.0351924007116,37.7382435004653],[127.0350133011905,37.7390920004458],[127.03602530057911,37.7399129000299],[127.034994800825,37.739874900405695],[127.0349329003627,37.7406833012216],[127.0326754997968,37.7387182997075]]],[[[126.9482042994535,37.3895269999529],[126.94805199999381,37.3887468998948],[126.948905399878,37.389117299393504],[126.94920740023261,37.3884944984611],[126.9511997998665,37.3894666987837],[126.9522508006832,37.389053799772],[126.95375440078779,37.3903760002743],[126.9527574999299,37.3915279003136],[126.9512310013757,37.3909784008691],[126.9506449996394,37.3917174008666],[126.9495292996658,37.3899617002776],[126.9483073997518,37.3907467009602],[126.9482042994535,37.3895269999529]]],[[[127.09250679965929,37.2014378995961],[127.0926720999886,37.2004691991259],[127.09478609787459,37.201280098314996],[127.0961343998876,37.2008722990989],[127.0961029000009,37.1999699993943],[127.0977592007062,37.2012797993536],[127.0960489988583,37.203003800423694],[127.0949123000061,37.201358900248],[127.09250679965929,37.2014378995961]]],[[[126.8369081996353,37.4852219000109],[126.83852780026949,37.4850846995517],[126.8389659998313,37.4857888988475],[126.8400224027494,37.4846214016151],[126.83970670012029,37.488218000174804],[126.8378883002625,37.4877556009663],[126.83757009915749,37.4886292005381],[126.8377497993064,37.4869375002956],[126.83718519922489,37.486861299871904],[126.8379998991933,37.4858750001583],[126.8369081996353,37.4852219000109]]],[[[127.1905899993349,37.6068999999992],[127.19171469964931,37.6058409994169],[127.1914980000101,37.604166997724995],[127.1935720998906,37.60375899829],[127.1935113003545,37.601522898092],[127.1938512017941,37.6031247001782],[127.1954137002316,37.604773898529],[127.1983866019477,37.6041342988986],[127.1961922027503,37.6071072027962],[127.19190880246629,37.607832805558296],[127.1905899993349,37.6068999999992]]],[[[127.15036789962271,37.604510398996105],[127.1524222010311,37.6036916981444],[127.15428490043439,37.6051109003088],[127.15036789962271,37.604510398996105]]],[[[127.0421498995172,37.7586200998019],[127.0432656007407,37.758659499619],[127.04299350112859,37.7595964001293],[127.0421498995172,37.7586200998019]]],[[[126.7348256990934,37.5710440987788],[126.73903730046001,37.570784400366904],[126.7360899991488,37.571480000364],[126.7348256990934,37.5710440987788]]],[[[126.8233969993772,37.4924949998434],[126.8238202000915,37.4919284984238],[126.82396470066361,37.4927545999406],[126.8253962016338,37.493155900165796],[126.8246086994788,37.4939655024187],[126.8233969993772,37.4924949998434]]],[[[126.89058589892251,37.466659699946],[126.8919992003914,37.4650176979046],[126.89279710043459,37.4657820996565],[126.8925098006571,37.466538199460004],[126.8933769009634,37.4662136995798],[126.892021700483,37.4676885008079],[126.89058589892251,37.466659699946]]],[[[127.208109499342,37.5868773999063],[127.2091791011141,37.5862803994354],[127.2090897000817,37.5874014000224],[127.208109499342,37.5868773999063]]],[[[126.8460146990323,37.4951476005156],[126.8484767012644,37.4957469992582],[126.8491378011715,37.4963808998101],[126.8460146990323,37.4951476005156]]],[[[127.1192299996379,37.6533152002549],[127.1203499011303,37.6517215003166],[127.1201602011351,37.6536771006766],[127.1192299996379,37.6533152002549]]],[[[127.2846920986853,37.658117400125704],[127.2871447003002,37.6586430007777],[127.28518269991179,37.658863200452096],[127.2846920986853,37.658117400125704]]],[[[127.2006621993648,37.632474599840705],[127.2031394001292,37.631849099347896],[127.2022035005451,37.6327280999647],[127.20269549958111,37.6331355010058],[127.2006621993648,37.632474599840705]]],[[[127.1638197990401,37.650015599965805],[127.16642439962429,37.649962099557904],[127.1675723004334,37.6484113999142],[127.1664244012624,37.649962103085606],[127.1638197990401,37.650015599965805]]],[[[127.0363679995421,37.7426322000481],[127.0373833002137,37.7420847997715],[127.0372558010971,37.743249501497395],[127.0363679995421,37.7426322000481]]],[[[127.107031299581,37.617137901092],[127.1072383999657,37.614831499825904],[127.1084206003735,37.6141622996238],[127.1088552011172,37.6144928008066],[127.1072384012937,37.6148315012611],[127.107031299581,37.617137901092]]],[[[127.1550342990182,37.650370800100895],[127.15703839943481,37.6496286989155],[127.1582147016197,37.650537099907304],[127.1570490005036,37.6512886027362],[127.1550342990182,37.650370800100895]]],[[[127.1211231995313,37.365031800196896],[127.12131909998409,37.364607599411],[127.1215654004582,37.3652084007047],[127.1211231995313,37.365031800196896]]],[[[127.12448690023669,37.575954399524804],[127.12644780024719,37.574680200003],[127.12528780014439,37.5757416001403],[127.12448690023669,37.575954399524804]]],[[[126.80510629903391,37.572571701445696],[126.8074267000073,37.5721400995011],[126.8081894006142,37.5728553009793],[126.8074181004376,37.572731300959504],[126.8067843002797,37.5737529005069],[126.80648919958391,37.572634401396996],[126.80510629903391,37.572571701445696]]],[[[126.8724211998533,37.5091106001497],[126.8729724011275,37.5091739991388],[126.87273020009431,37.5097492002939],[126.8724211998533,37.5091106001497]]],[[[126.9292898998991,37.6424283997356],[126.930876800789,37.642298799318],[126.9303026001908,37.6425002002042],[126.9292898998991,37.6424283997356]]],[[[127.1151767994846,37.6528077998699],[127.11581899968421,37.652240799483],[127.1164862007567,37.652325399788204],[127.1158190003399,37.652240801538504],[127.1151767994846,37.6528077998699]]],[[[127.03541589991191,37.7432205998824],[127.0357822001474,37.7431950995299],[127.03603150013191,37.7433610003196],[127.0357822001545,37.743195100145805],[127.03541589991191,37.7432205998824]]],[[[127.0702875993233,37.4309323997454],[127.0709976006146,37.429791599265],[127.07221480044869,37.4305841000623],[127.0702875993233,37.4309323997454]]],[[[127.1114250991388,37.3330486996579],[127.1117945006737,37.3330368998404],[127.1120257003777,37.334141000562504],[127.1117944994421,37.3330369008696],[127.1114250991388,37.3330486996579]]],[[[126.8686085995716,37.6030171992581],[126.8691802000519,37.603087299882596],[126.8692774000343,37.6030001000629],[126.8691801999586,37.603087300291996],[126.8686085995716,37.6030171992581]]],[[[126.9351977995295,37.5621651002492],[126.93513219997669,37.561858799931606],[126.9352901000984,37.562117900125095],[126.9351977995295,37.5621651002492]]],[[[127.049465299696,37.2898691000157],[127.0501778980143,37.2891058978796],[127.0509755024896,37.2892743978124],[127.049465299696,37.2898691000157]]],[[[127.1145639997942,37.339565099804105],[127.11519159972231,37.339563999677104],[127.1155001001421,37.339202199899006],[127.1151916,37.3395640002524],[127.1145639997942,37.339565099804105]]],[[[127.0848609987632,37.3093679995203],[127.0854217006988,37.3104089005684],[127.0847209994946,37.3095631000129],[127.0848609987632,37.3093679995203]]],[[[126.8115171993468,37.485328199661595],[126.8120076005024,37.4860317008199],[126.8116076990509,37.4859085996815],[126.8115171993468,37.485328199661595]]],[[[127.114251899458,37.671020500593094],[127.11429509946471,37.6706715989393],[127.1146057005793,37.6707259989719],[127.114251899458,37.671020500593094]]],[[[126.7692978981682,37.6023859007685],[126.76973020084449,37.6018550992039],[126.769712200378,37.602357500348695],[126.7692978981682,37.6023859007685]]],[[[126.8678613996314,37.5110726998659],[126.8680336998349,37.5108925994355],[126.8682644001882,37.5109925994871],[126.8678613996314,37.5110726998659]]],[[[127.0392011986627,37.7062570000286],[127.0393232025291,37.7061906980458],[127.0406907011616,37.706385097851395],[127.0393231994929,37.7061907005953],[127.0392011986627,37.7062570000286]]],[[[127.0878843982985,37.469683099926094],[127.0881096984471,37.4691495970879],[127.08871000171081,37.469482797538],[127.0878843982985,37.469683099926094]]],[[[127.1219841984615,37.5846128013439],[127.1221039026612,37.5845240995245],[127.1219842012134,37.5846128031933],[127.1219841984615,37.5846128013439]]],[[[126.94773619813179,37.610189200431],[126.9480518050932,37.610129099257904],[126.94773620271289,37.6101892071471],[126.94773619813179,37.610189200431]]],[[[127.1941737989907,37.542459799510404],[127.1942376989268,37.5423158996543],[127.1942811000266,37.5421999999108],[127.1942377002178,37.5423158999732],[127.1941737989907,37.542459799510404]]],[[[127.31229809829861,37.653164499709604],[127.3126600004438,37.6533281013673],[127.3125185996963,37.653334700512204],[127.31229809829861,37.653164499709604]]],[[[127.0837741996875,37.3102361999664],[127.0838816001328,37.3101319992094],[127.0838816011612,37.3101320003243],[127.0837741996875,37.3102361999664]]],[[[127.08698889986799,37.3218369001632],[127.087068499587,37.3217383997013],[127.0870685004199,37.32173839974],[127.08698889986799,37.3218369001632]]],[[[127.1681793997842,37.6487974995812],[127.16836620122669,37.649076799142904],[127.168366199951,37.649076800624],[127.1681793997842,37.6487974995812]]],[[[126.8128106998163,37.631237599904],[126.8128107005889,37.6312375998565],[126.812810699896,37.631237600892],[126.8128106998163,37.631237599904]]],[[[126.8903728994421,37.4204281990419],[126.89044880118401,37.4205440998993],[126.89027969942319,37.4205441003395],[126.8903728994421,37.4204281990419]]],[[[127.04234739983849,37.7584333000269],[127.0423694999919,37.7584277996964],[127.0423695002171,37.7584277998454],[127.04234739983849,37.7584333000269]]],[[[127.0478903999719,37.7387261000094],[127.0478904000581,37.7387260998865],[127.04791769996,37.7388025000786],[127.0478903999719,37.7387261000094]]],[[[127.1006041991573,37.392876199837204],[127.1006042009168,37.392876199713804],[127.1005538006088,37.3931149009803],[127.1006041991573,37.392876199837204]]],[[[127.1797710995145,37.547424599976196],[127.1798529000402,37.5474298994386],[127.18034030017199,37.547463199956105],[127.1798529004109,37.547429900199795],[127.1797710995145,37.547424599976196]]],[[[126.81257549932589,37.576949401266496],[126.8125755001293,37.5769493992364],[126.81257550062449,37.5769494016906],[126.81257549932589,37.576949401266496]]],[[[126.9206010998216,37.595595599503206],[126.9209046001024,37.5954974999345],[126.9206011001737,37.5955956002149],[126.9206010998216,37.595595599503206]]],[[[126.9439907997424,37.372071400107004],[126.9439104998227,37.37204350013489],[126.9439908000245,37.372071399758106],[126.94399079961549,37.3720714008218],[126.9439907997424,37.372071400107004]]],[[[127.06672069554101,37.4329787967876],[127.06672070000211,37.4329787940071],[127.06672070289021,37.432978797699],[127.06672069554101,37.4329787967876]]],[[[127.1086938996585,37.3282861999984],[127.1086945000037,37.3282482997397],[127.10877740028319,37.3282865000675],[127.1086938996585,37.3282861999984]]],[[[127.10901569968681,37.617298399999804],[127.10901569992001,37.6172983997227],[127.1090157002173,37.6172983999321],[127.10901569968681,37.617298399999804]]],[[[127.1146847997594,37.3386334002374],[127.1146847000415,37.338585899874495],[127.1146848001928,37.3386334004029],[127.1146847997594,37.3386334002374]]],[[[127.11988969927471,37.6691161003156],[127.1198897007836,37.669116099535096],[127.1198897006111,37.6691161005189],[127.11988969927471,37.6691161003156]]],[[[127.1265438992789,37.6567064008387],[127.1265439002205,37.6567063993652],[127.126543900258,37.6567064006359],[127.1265438992789,37.6567064008387]]],[[[127.14758209949929,37.4764925000913],[127.1476586000273,37.476490399895006],[127.1476586002291,37.476490400716806],[127.14758209949929,37.4764925000913]]],[[[126.84499649896469,37.4948542004111],[126.8449964992371,37.4948541988147],[126.84499650060559,37.4948541991236],[126.84499649896469,37.4948542004111]]],[[[126.8699608996925,37.5136187002104],[126.8699609008402,37.5136186992598],[126.86996090026939,37.5136187003897],[126.8699608996925,37.5136187002104]]],[[[126.9527086994009,37.3879110001945],[126.9527087003664,37.387910999633704],[126.9527087002937,37.3879110007935],[126.9527086994009,37.3879110001945]]],[[[127.049559199846,37.7437330999936],[127.0495592000447,37.7437330998195],[127.04955920066391,37.7437330999145],[127.049559199846,37.7437330999936]]],[[[127.0744813992025,37.297526599850094],[127.0744814007421,37.2975265997923],[127.0744814000965,37.2975266005191],[127.0744813992025,37.297526599850094]]],[[[127.1046383996078,37.4951138996726],[127.10470529998241,37.494969799885],[127.1046383998398,37.4951139003373],[127.1046383996078,37.4951138996726]]],[[[127.1099165015696,37.6283302016301],[127.1099164984333,37.62833019977],[127.1099523000825,37.6282019980907],[127.1099165015696,37.6283302016301]]],[[[127.11677709971899,37.3380613002866],[127.1167771000508,37.3380612997055],[127.11677710052699,37.3380612997002],[127.11677709971899,37.3380613002866]]],[[[127.1214025995469,37.3661618998031],[127.1214026000429,37.3661618994363],[127.1214026005204,37.3661618999093],[127.1214025995469,37.3661618998031]]],[[[127.14253269771571,37.6594459008174],[127.1425327000959,37.6594458993548],[127.1425327002937,37.6594459002947],[127.14253269771571,37.6594459008174]]],[[[127.2030110992036,37.409364200933396],[127.20301110038899,37.4093641990756],[127.2030111006237,37.409364200359896],[127.2030110992036,37.409364200933396]]],[[[126.8693925994419,37.4906898991331],[126.86939260049749,37.4906898999865],[126.86939260012599,37.4906899006541],[126.8693925994419,37.4906898991331]]],[[[126.9365399999104,37.5619297999108],[126.93654000011189,37.561929800038],[126.93653999999559,37.5619298001047],[126.9365399999104,37.5619297999108]]],[[[127.0977916996324,37.3170412997675],[127.0977917002179,37.3170412987343],[127.097791700513,37.3170412999119],[127.0977916996324,37.3170412997675]]],[[[127.10641819932539,37.3260859002433],[127.1064182000402,37.3260858996651],[127.10641820048069,37.3260859000257],[127.10641819932539,37.3260859002433]]],[[[127.1075719995823,37.4987044996655],[127.107572000231,37.4987045004113],[127.1075719995073,37.4987045003514],[127.1075719995823,37.4987044996655]]],[[[127.11500279956459,37.6104560002526],[127.1150027998156,37.6104559972635],[127.1150028015839,37.610456000134],[127.11500279956459,37.6104560002526]]],[[[127.1160751998638,37.3380624003996],[127.1160752000375,37.338062399169196],[127.11607520073319,37.3380623997046],[127.1160751998638,37.3380624003996]]],[[[127.1259959995036,37.3786565005312],[127.1259959999953,37.3786564997812],[127.125996000319,37.3786565004951],[127.1259959995036,37.3786565005312]]],[[[127.14240389963551,37.412867300396904],[127.14240390063931,37.412867299329804],[127.14240390070121,37.412867300171904],[127.14240389963551,37.412867300396904]]],[[[127.1897400996655,37.577258800315406],[127.1897400998118,37.577258799512606],[127.1897401001643,37.577258800102804],[127.1897400996655,37.577258800315406]]],[[[127.20136769838861,37.5310219003473],[127.20136769789261,37.5310218970978],[127.20136770069611,37.5310218983335],[127.20136769838861,37.5310219003473]]],[[[126.8105454997726,37.485014100461804],[126.8105454998024,37.4850140995432],[126.8105455003879,37.4850140998405],[126.8105454997726,37.485014100461804]]],[[[126.8825899998017,37.4815900000278],[126.88258999989819,37.4815899996934],[126.88259000024699,37.4815900000881],[126.8825899998017,37.4815900000278]]],[[[126.8905523998407,37.585940199980804],[126.8905524003455,37.5859401992557],[126.89055240009661,37.585940200198905],[126.8905523998407,37.585940199980804]]],[[[126.9364287999387,37.5616077999214],[126.9364288001296,37.5616078001561],[126.9364288000135,37.561607800206595],[126.9364287999387,37.5616077999214]]],[[[127.04807409957249,37.7010894002251],[127.0480740998794,37.7010893998241],[127.04807410010339,37.7010894001664],[127.04807409957249,37.7010894002251]]],[[[127.0723611997435,37.301806399689795],[127.0723612014733,37.3018064006113],[127.0723611997888,37.3018064002314],[127.0723611997435,37.301806399689795]]],[[[127.1320536996713,37.640917300016696],[127.1320537007856,37.6409172996199],[127.1320537000263,37.6409173002868],[127.1320536996713,37.640917300016696]]],[[[127.15029249988001,37.5656860998364],[127.15029250022391,37.5656861000777],[127.1502924996453,37.565686100239404],[127.15029249988001,37.5656860998364]]],[[[127.15342459901649,37.566783300233396],[127.153424600314,37.5667832984468],[127.15342459974839,37.5667833015581],[127.15342459901649,37.566783300233396]]],[[[127.15390719877,37.652911101245095],[127.1539071994531,37.652911099304696],[127.1539072006278,37.652911099771096],[127.15390719877,37.652911101245095]]],[[[127.15887959947531,37.6083610004628],[127.15887960012181,37.6083610000067],[127.1588795998697,37.6083610006358],[127.15887959947531,37.6083610004628]]],[[[127.1685584998684,37.5632462998997],[127.1685585001691,37.563246299861],[127.16855850021031,37.5632463001251],[127.1685584998684,37.5632462998997]]],[[[126.8263834998271,37.555614600498195],[126.82638349975261,37.5556146000306],[126.82638350033311,37.5556145999852],[126.8263834998271,37.555614600498195]]],[[[126.8727128989844,37.474014100381694],[126.8727129000272,37.474014099857],[126.87271290015849,37.4740141000161],[126.8727128989844,37.474014100381694]]],[[[126.8729097999253,37.4888422000071],[126.87290980005581,37.4888421993611],[126.8729098002276,37.4888421993896],[126.8729097999253,37.4888422000071]]],[[[126.8822595998431,37.501797100028895],[126.882259600132,37.5017970998831],[126.8822596000262,37.501797100092],[126.8822595998431,37.501797100028895]]],[[[126.89342049978501,37.4559052999359],[126.89342050000961,37.4559052994293],[126.8934204996961,37.4559053003892],[126.89342049978501,37.4559052999359]]],[[[127.06231239991159,37.6560754999829],[127.06231240002569,37.6560755000033],[127.0623123999816,37.6560755000565],[127.06231239991159,37.6560754999829]]],[[[127.086909199897,37.3148957000675],[127.0869092001764,37.314895699806904],[127.0869092002054,37.3148957001182],[127.086909199897,37.3148957000675]]],[[[127.11303679981201,37.668199900077795],[127.113036799882,37.6681998998302],[127.1130368002441,37.668199899978795],[127.11303679981201,37.668199900077795]]],[[[127.11441020013899,37.3389707001031],[127.1144101998321,37.3389707001072],[127.11441019983039,37.3389706999006],[127.11441020013899,37.3389707001031]]],[[[127.1148632999503,37.3392001000523],[127.1148632999585,37.3392000998701],[127.1148633000506,37.339200100041],[127.1148632999503,37.3392001000523]]],[[[127.117687699827,37.3609718998635],[127.1176877001821,37.360971899775706],[127.1176877000081,37.360971900273],[127.117687699827,37.3609718998635]]],[[[127.1422161994437,37.6412368998509],[127.1422162005368,37.641236897849105],[127.1422162012443,37.641236899942],[127.1422161994437,37.6412368998509]]],[[[127.11486369995811,37.3390765999936],[127.1148637000139,37.3390765999597],[127.1148637000145,37.339076600020995],[127.11486369995811,37.3390765999936]]]]}}]}