{"type":"FeatureCollection","features":[{"type":"Feature","properties":{"interval":15,"stationId":"6033314712"},"geometry":{"type":"MultiPolygon","coordinates":[[[[126.9162341984928,37.4950344997016],[126.9167054978662,37.4924430997452],[126.91799119939141,37.4927986994156],[126.9178946007546,37.4920875990964],[126.91891970014561,37.4933603989222],[126.9201754988898,37.4931704991121],[126.9207891982654,37.4907880998971],[126.9227203998241,37.4905084997545],[126.9227225996659,37.487910800403505],[126.9218710992495,37.48681169986],[126.9228563984081,37.4849260002783],[126.9215607997037,37.484277400926906],[126.92122959936161,37.482685300936],[126.92005899961849,37.4827500993458],[126.9245259995251,37.4804719996582],[126.9250920997537,37.4789628000394],[126.9265101996207,37.4787560994669],[126.9268157010036,37.4777051986564],[126.9282033002965,37.477890799338496],[126.9323795001269,37.4760246980245],[126.9345892989043,37.4759926988262],[126.9349192985743,37.4751645996543],[126.9353564999272,37.4757414991689],[126.9379170002097,37.4749489995829],[126.94097830013109,37.476023398856704],[126.94312050012921,37.4751607999181],[126.9447729988957,37.476809098078796],[126.947410900398,37.4765644983857],[126.9499879003488,37.4770700983031],[126.95042320055191,37.4779022990206],[126.9513558996192,37.4777402991826],[126.9518713990299,37.4728758984278],[126.95493860299061,37.4730103981399],[126.95656210098569,37.475364799462604],[126.9576490998987,37.4756880991393],[126.96017499907191,37.4736191981681],[126.96490380019141,37.4718949987326],[126.9651439007169,37.4728589989583],[126.966453399963,37.472754099120905],[126.9669454004202,37.4719318993411],[126.9666820005941,37.4728678996757],[126.9678320002444,37.4727894996109],[126.9707109001809,37.4747158000722],[126.9699911005606,37.476252600775005],[126.9682464008545,37.476348600346],[126.9639604007375,37.4789332009915],[126.9638323008656,37.479628600296095],[126.9665411020855,37.481973399047],[126.9622649045471,37.482423000441194],[126.9620716024461,37.4854980004599],[126.9612167010382,37.485361400358],[126.9591253006025,37.4904788003079],[126.9570817001625,37.4898833009724],[126.9564148996857,37.4909283002644],[126.9570816991344,37.489883300220704],[126.9558365003796,37.4895442005598],[126.9552823999307,37.490309700104895],[126.95583649936151,37.4895442000713],[126.9548492003488,37.4882093014062],[126.95335380079081,37.4893823002988],[126.95433659983331,37.490439601209104],[126.9528663000684,37.4889271006537],[126.95212360081109,37.4897476998331],[126.95260619974981,37.4899647007002],[126.9510373996265,37.489238901049895],[126.9501475005164,37.4899396003492],[126.95051080020231,37.490362500299504],[126.9497016996919,37.4901835010302],[126.9496294999165,37.4892650006811],[126.9475961997645,37.488142600707306],[126.94095059913609,37.48914460048],[126.9385522000579,37.4878613004338],[126.9379401994435,37.488563400461295],[126.9370943996908,37.4874076003329],[126.9354534002447,37.4882653005177],[126.93422839983809,37.487835500278806],[126.9332653005996,37.4895976996902],[126.9339569003227,37.4904262000607],[126.93326260019161,37.490292700567096],[126.9310848997183,37.492980900568796],[126.9284817004016,37.492578701209105],[126.92805010083319,37.493887099900704],[126.92891810066381,37.493999100072806],[126.9274710001594,37.49529240064469],[126.9249646005478,37.492750201321606],[126.92350670200571,37.493908400163406],[126.9243681003441,37.4961311006259],[126.9226511005068,37.495396700929604],[126.92239500028299,37.496851700411604],[126.9226510985605,37.4953967006988],[126.92056919990391,37.493820300311306],[126.9174450009166,37.495174001113796],[126.9167261016355,37.4963969998908],[126.9177244006372,37.4972364990513],[126.9192536005515,37.4969867997952],[126.9208785012279,37.4982231996146],[126.9209181015458,37.4993510995383],[126.9224784007643,37.499315099557194],[126.9226591013863,37.5004668998508],[126.9209375006308,37.4999035016806],[126.9207887007796,37.5014288001553],[126.9198988006364,37.5017076015677],[126.9173473991736,37.5008591001651],[126.91792019958629,37.500946798837504],[126.91758769983299,37.4997445994034],[126.91819529940409,37.499130000014404],[126.91959419911011,37.4986870996301],[126.9195168991874,37.497540200777],[126.918363900128,37.4974064006333],[126.9170890997494,37.4985481004792],[126.91607579956501,37.496794099609104],[126.9162341984928,37.4950344997016]]],[[[126.9075982989043,37.4863587991809],[126.90880269988729,37.4848439988677],[126.91183719903859,37.4844362992893],[126.9135946008482,37.482880099594105],[126.9141863002565,37.4837283987458],[126.9160932007352,37.4836307992913],[126.91547560100159,37.4846077994466],[126.9165991002529,37.4848195996638],[126.9197431001477,37.4892323999602],[126.9170199007259,37.489434100408396],[126.917380499978,37.491163900084594],[126.914175700396,37.4897921023962],[126.91173709889749,37.490430101019],[126.9111266995079,37.489685601763505],[126.90955820053631,37.4908025010238],[126.9089688997974,37.4885484017871],[126.9074462983658,37.4882097001243],[126.9075982989043,37.4863587991809]]],[[[126.9730861995702,37.4760280998945],[126.9757038008436,37.4732986993548],[126.9760275002823,37.4739192992025],[126.9787190006328,37.4736467995888],[126.9786475007043,37.4744300988055],[126.9815509001136,37.4753624995583],[126.9823498000238,37.476606500033505],[126.9780761993277,37.4801404005711],[126.9759734001437,37.4786101008944],[126.97436450014139,37.478525400897304],[126.9742268985194,37.4768799002487],[126.9730861995702,37.4760280998945]]],[[[126.9310782997472,37.4713967994382],[126.9347374005335,37.4695932995876],[126.9368498004714,37.4707572994676],[126.936997800931,37.4719978998396],[126.93497120081531,37.4734493000852],[126.9351273000623,37.474017700504795],[126.9334058000878,37.474169900649],[126.9322373001483,37.4725682008501],[126.93197529930521,37.4734791001265],[126.9310782997472,37.4713967994382]]],[[[126.8906457987439,37.4962003993522],[126.8929129006857,37.4958984994157],[126.8927050005942,37.4972747992438],[126.8932270000722,37.4972273992912],[126.8944368988623,37.4956405008781],[126.89418290066651,37.4946458994648],[126.8951622013809,37.4957952996848],[126.8944369009884,37.495640501100404],[126.8939800014453,37.4972731994677],[126.8959882001957,37.4989764001001],[126.89456270116729,37.499014600596404],[126.89382409892531,37.499903000651],[126.8923642986791,37.499124200721496],[126.8906457987439,37.4962003993522]]],[[[126.9956283993052,37.480810500529294],[126.99881700008041,37.479693598652396],[126.998679601027,37.481111899432904],[126.9997651023725,37.481688500961994],[126.9964803992723,37.4832788011033],[126.9956283993052,37.480810500529294]]],[[[126.9214733997151,37.5062322000205],[126.92200060021351,37.5044434996544],[126.9229235013929,37.5063190992517],[126.9214733997151,37.5062322000205]]],[[[127.00743589960831,37.491762199878195],[127.00819130022339,37.4919981000692],[127.00769820042969,37.492181100479804],[127.00743589960831,37.491762199878195]]],[[[126.9248726003605,37.5126765005608],[126.9250208999407,37.5120231991247],[126.9260347005565,37.5125795001261],[126.9248726003605,37.5126765005608]]],[[[126.9101919990049,37.5001034991526],[126.9108103008318,37.5000929997175],[126.91072409990029,37.500094500864],[126.9101919990049,37.5001034991526]]],[[[126.9710100997215,37.4756285001951],[126.971224999699,37.4753895997234],[126.97122500053041,37.4753895998214],[126.9710100997215,37.4756285001951]]],[[[126.8912614992493,37.508528999228304],[126.89126150057609,37.5085289991096],[126.8912615006919,37.5085290000616],[126.8912614992493,37.508528999228304]]],[[[126.9172068997658,37.499983900324196],[126.9172068996316,37.4999838990434],[126.91720690029959,37.4999838998004],[126.9172068997658,37.499983900324196]]],[[[126.9326922992488,37.469213798599895],[126.9326922999163,37.4692138003038],[126.9326922990725,37.469213800053],[126.9326922992488,37.469213798599895]]],[[[126.9214516994858,37.503049300130904],[126.92145170009361,37.5030492998817],[126.9214517002881,37.503049300705904],[126.9214516994858,37.503049300130904]]],[[[126.9848903998895,37.475995999930404],[126.9848904008639,37.4759959999569],[126.984890400027,37.475996000099],[126.9848903998895,37.475995999930404]]]]}},{"type":"Feature","properties":{"interval":30,"stationId":"6033314712"},"geometry":{"type":"MultiPolygon","coordinates":[[[[126.8751694977728,37.499973402181304],[126.8773363002956,37.501110197837],[126.8788978012023,37.5009756987792],[126.8804095001195,37.502181998331295],[126.8816940988349,37.5012585992547],[126.881581998947,37.500065100448204],[126.8797102979216,37.498049700897504],[126.8803317993028,37.4877202997287],[126.88112919908761,37.485433800455006],[126.8799515002653,37.4846159012729],[126.8789960992707,37.4860567002523],[126.8793560981252,37.4847761998032],[126.8773676985619,37.4834990998942],[126.8783995973333,37.4812207011735],[126.8757198000131,37.480097802296406],[126.87626779826239,37.4793104994235],[126.87573899879119,37.478133900600106],[126.8746243993464,37.4778588000614],[126.87962159784429,37.4786672975524],[126.88030399902419,37.475701998302995],[126.8825372995986,37.4761500967482],[126.8844807979422,37.473846798413895],[126.8834666022971,37.4764243986913],[126.88541980094999,37.4769783000526],[126.8833477011749,37.476797001219396],[126.8823847021379,37.4789707990456],[126.8833902011324,37.4806065974098],[126.8854678013754,37.4812134973912],[126.88980720048431,37.479341899545],[126.8939915009898,37.4828802985912],[126.8953279007945,37.482872898664],[126.8944200009921,37.4833699997369],[126.89540220000991,37.484560698546204],[126.89701739941789,37.483838798013004],[126.89735999939671,37.4817599999069],[126.8966119995104,37.481519400017504],[126.8972008990855,37.4805074998398],[126.89663929840441,37.4800047996332],[126.8989157999472,37.477488899463296],[126.89992959966139,37.4778172990877],[126.9010913994272,37.4768076994264],[126.9009704996443,37.4761776998717],[126.903562799154,37.4758247991866],[126.90345759990089,37.4749512989478],[126.9053993001378,37.476973599127504],[126.9059957995413,37.4765236995774],[126.905563099937,37.475818499115405],[126.9072496994253,37.476692998415],[126.9092958985422,37.4764131996054],[126.9101447008675,37.4751362986561],[126.9101084010678,37.476317298851896],[126.9116243995518,37.4772264979427],[126.9121303998044,37.4792756978929],[126.9132171987176,37.4784649987036],[126.9132954986393,37.476137401031195],[126.913937499183,37.4757166999103],[126.9126065994952,37.4731574991267],[126.91690349803311,37.473013299622096],[126.91982759922051,37.4708709997429],[126.9204836001234,37.471554399080404],[126.9227101000877,37.470937099142404],[126.9238420992998,37.4719257986858],[126.924735898406,37.4704909001207],[126.9227895995695,37.4693160991869],[126.9232328993875,37.4673733997965],[126.9241393998353,37.467079898972],[126.9239645980583,37.46323869795],[126.9267464012206,37.464843796263395],[126.931677798427,37.463333897431205],[126.9318810982237,37.4615826991824],[126.92987770242111,37.458694799172605],[126.9312707010281,37.4601415977258],[126.93347799882079,37.4603340975333],[126.9341783017147,37.459500198695004],[126.9339325031703,37.461162998438596],[126.9357294013734,37.4629919966096],[126.93792589917689,37.4606623989392],[126.9420822002345,37.462802498853],[126.9413620024057,37.4642438992428],[126.9423221020016,37.4673107995819],[126.94600539996661,37.468423198438096],[126.9468448991271,37.4676923991689],[126.9464714995005,37.466258700602594],[126.94476159901171,37.4662461997178],[126.9463508977094,37.46474739896],[126.9463680976922,37.462461001246396],[126.9449065988611,37.4613963020904],[126.9455057017462,37.4619220975028],[126.94769199955991,37.460200899224],[126.9509070006451,37.4608926996698],[126.95187459993,37.462222499012604],[126.95229099981171,37.461211799886804],[126.9530006001079,37.4621515996297],[126.95338170020929,37.4617248993624],[126.9541923003655,37.4635570981647],[126.9568936985331,37.4619922994336],[126.9577524000309,37.463028399883896],[126.9586824000159,37.462518799538195],[126.9605954003204,37.4649141982431],[126.96421030053901,37.4636722942827],[126.9647360038977,37.465653696674394],[126.970151500395,37.4658745972067],[126.9716618993204,37.4636335990281],[126.9729081005453,37.4655534974385],[126.9743152000474,37.4645734976723],[126.9747018013613,37.465958798297805],[126.9770246017074,37.464603695681795],[126.9800453004451,37.4667566980645],[126.97891290144119,37.466915702044],[126.97829110206301,37.4690709998887],[126.9806033997507,37.4710080979516],[126.9829779973761,37.469993498966204],[126.98522290055689,37.4668220980451],[126.9863224999335,37.4679953995277],[126.98809969983341,37.4673458988961],[126.9884371995754,37.464687501236895],[126.9874359989174,37.4609114995024],[126.9886868988555,37.459392799438305],[126.9878057997366,37.458721900109204],[126.9885778999213,37.4572692999339],[126.99020800114829,37.456525298534004],[126.9885779016484,37.457269300819],[126.9887375013936,37.4599791989672],[126.9935692032369,37.4636874983507],[126.99332910299,37.466292600455205],[126.9944067037376,37.4689298014714],[126.9970105011338,37.471482498918704],[127.00200069819199,37.470281898447006],[127.00578390165279,37.4716088987591],[127.0063786029428,37.4759685982264],[127.007670401651,37.476594497600495],[127.0090671008372,37.4803943985864],[127.0106025993017,37.479639799341],[127.0117849003714,37.481657299500604],[127.0129972001177,37.481156499756],[127.0137828011903,37.4828938997591],[127.0163522998451,37.4839436984483],[127.0181318999896,37.4821004999056],[127.0178916005249,37.4831133993652],[127.0191243009693,37.4838770997148],[127.0190435008429,37.4852088999937],[127.0230030002494,37.4893993989629],[127.02250690033469,37.4903178995196],[127.0245236001487,37.4924442995999],[127.0242366003474,37.4929775994793],[127.0250080995759,37.493249599207296],[127.02567369948869,37.4918121998343],[127.0308425995955,37.4909981988103],[127.0316583001877,37.4901574996747],[127.0325858010849,37.493830999729],[127.0345093998532,37.4949453994219],[127.03632399985439,37.4941908994485],[127.0360018005553,37.4948623993998],[127.03819559943969,37.495531699052904],[127.0399403004316,37.4944071990991],[127.0395795009516,37.4952026000646],[127.0407925007757,37.4957735998125],[127.04119610079489,37.497685299513904],[127.0417898002012,37.497613899585296],[127.0441980005175,37.5016166990098],[127.04885559838219,37.5026937983016],[127.0494256982597,37.5000616994417],[127.0508807987773,37.500557399029795],[127.0511792996646,37.499932098575705],[127.0512694995744,37.497610600897204],[127.04986939947571,37.4952747978577],[127.0538817006998,37.4942089993249],[127.0556433003608,37.4955698997338],[127.05497580161169,37.4963579005304],[127.0566314005182,37.4975181001664],[127.0522407004198,37.4989669001305],[127.05375340060151,37.504263099441104],[127.0553965011177,37.5057813996052],[127.0535158007165,37.5074958002966],[127.052616200322,37.506395101094],[127.05128479957351,37.5077810011107],[127.0500990007593,37.506908701982994],[127.0480845012156,37.5071763018801],[127.0467918005019,37.508445200995794],[127.0456553001068,37.5078893007662],[127.0446112992864,37.5087052004303],[127.0433962996358,37.5075840002216],[127.04389569945569,37.5068539999538],[127.0425895997335,37.5050453000506],[127.0429859995365,37.5036633003581],[127.0423307001918,37.5035239004975],[127.0384198001339,37.5058470006209],[127.0341205008422,37.5068711007716],[127.0328318993417,37.5046300007393],[127.03211249938009,37.5047624003345],[127.03259509937169,37.5037952007923],[127.03111289998459,37.5030321006658],[127.0307463005897,37.5045180001249],[127.0298045003912,37.5043819004501],[127.0296182008214,37.505149700892794],[127.0298044986582,37.5043819001395],[127.0286255998371,37.5039660005554],[127.0246357998882,37.5061456002293],[127.0220080993185,37.5035829998147],[127.0218478993307,37.5016473998644],[127.02077869966729,37.5003886002276],[127.01887620039619,37.500458300632],[127.01699789979331,37.4993731004678],[127.0157179010733,37.5000570997838],[127.0160723002467,37.5015189011339],[127.0141629010453,37.500038101821396],[127.01186000078489,37.5016000011448],[127.0112105997919,37.5031307003811],[127.00999069934521,37.499589300520995],[127.00763500017939,37.4984595011138],[127.0051003003541,37.5010773999425],[127.0051643002901,37.5025750984448],[127.0069885004098,37.5028856984547],[127.0078169001074,37.504385500041195],[127.0055487007389,37.5037437008339],[127.0047470010321,37.506003699637304],[127.0061310003957,37.5063034004056],[127.004180799888,37.5064906009453],[127.002546099056,37.5053926003225],[127.0028806995997,37.5047261995755],[127.0049088989398,37.5046617989266],[127.004550699298,37.503405800182605],[127.0026155984926,37.5033022000935],[127.0025523986011,37.501618899578496],[127.004195398303,37.500701899625305],[127.00379119870719,37.4999174004098],[127.0005548995681,37.499630900149796],[127.0000719995583,37.4991519994195],[127.0014886997339,37.4992284995611],[127.0013354994953,37.497620300175605],[127.0007479000829,37.4973448004511],[127.0004938999148,37.4980858002426],[127.0001001000125,37.4968274006446],[126.99953849943,37.497306700456804],[126.9988633994178,37.4960753008674],[126.9974993997527,37.496141000852],[126.9973640995832,37.494851601314494],[126.99621599943261,37.494785299893394],[126.9967186002109,37.4942109994433],[126.9979681992348,37.494999298692804],[126.9995593983559,37.493778099006],[126.99983479816021,37.4919399003061],[126.9987504992445,37.4907017015443],[126.99765329950729,37.491631301046],[126.9960396005341,37.491433200610906],[126.99005410047859,37.4934399007822],[126.9888990004362,37.492175800835895],[126.9889672007874,37.4935864003209],[126.9869943003233,37.4927822006015],[126.9864009007278,37.4933478004313],[126.9868740009394,37.4945328007946],[126.98540960045,37.49432320097829],[126.9831293999571,37.497117100154696],[126.9817353001924,37.4950427018864],[126.9781874983902,37.4945548018743],[126.9731572988658,37.4912796020085],[126.9746908987235,37.4896118009541],[126.9732996998242,37.4891396008072],[126.9725366997355,37.4898107001852],[126.9731123981704,37.4879376002157],[126.97223279905,37.4863936017597],[126.9681024008907,37.4894638000534],[126.9680020001111,37.490874001055595],[126.96702339864551,37.4894227006253],[126.9645988010963,37.4894043002317],[126.9638200023502,37.4917325005127],[126.9654600020362,37.4932562996911],[126.96304550308211,37.494558602142],[126.9622136028422,37.4977212006271],[126.9599129002938,37.4958176023378],[126.959109701097,37.4974076007478],[126.960484502271,37.4996090018209],[126.95789539990629,37.4973737000509],[126.9591096992497,37.497407599717505],[126.9584506994428,37.496667099801606],[126.95863599957259,37.4949792009545],[126.95779140041721,37.4951528007809],[126.9578890999644,37.4960850001991],[126.9569692004424,37.495873700291],[126.95725610021809,37.496838800154],[126.9559696000385,37.495929300279],[126.95561010044901,37.4977701990521],[126.9573397000815,37.4974236000353],[126.9536195010797,37.499580601584604],[126.9543426008927,37.504641200006304],[126.9524407008746,37.505291401391496],[126.9520962012191,37.5064987001842],[126.9522341010812,37.5072535994293],[126.95325050031809,37.507355500403605],[126.951525299511,37.5080832009374],[126.9501654002775,37.5075873005173],[126.94902709987629,37.5085730010096],[126.9473563997479,37.5081266007387],[126.9458467001407,37.5094110005671],[126.9463368990002,37.5089973997029],[126.9456154997216,37.5080978006025],[126.9446975003075,37.5084446002058],[126.9452532004155,37.511629998759],[126.9479192004632,37.5133078006218],[126.9459162988435,37.5143340011961],[126.943239299921,37.513091100578194],[126.9426760001494,37.513797100180795],[126.9409438001256,37.513271200692195],[126.9392270009524,37.5137152002702],[126.93913020035829,37.5144439002129],[126.9376676000766,37.5130788002582],[126.9373216005244,37.514139100150004],[126.93665420002351,37.5133752007953],[126.9353520013257,37.5139606002099],[126.9353793002539,37.5151853004584],[126.9335278013686,37.5148928009047],[126.9338652010312,37.5167859990115],[126.9364742007052,37.517660398245],[126.9392675002566,37.5171196989096],[126.9387089006685,37.5180098994089],[126.9403632001003,37.5176164997212],[126.9385266012214,37.5189672010074],[126.9391686004261,37.5202773002625],[126.9381424995657,37.519639201734],[126.9372094004988,37.5210626003106],[126.9374963999991,37.522859000255394],[126.934782499636,37.5222610007146],[126.9334313007126,37.5232509008985],[126.9305837006934,37.522204401547],[126.9296529004198,37.5231675018644],[126.9275174013438,37.521850302123696],[126.9272888000079,37.523773601406596],[126.9230790004834,37.5235045014606],[126.9217739998936,37.5246877008919],[126.9209797990552,37.5194849018825],[126.91861089964351,37.5205025012123],[126.9188634978643,37.5189980016372],[126.9172840993872,37.518130902468805],[126.91533000007969,37.5201256007147],[126.91476299979189,37.51956410053219],[126.91238299979851,37.5206959005414],[126.9120358995526,37.5187963003325],[126.9106729990321,37.5188974001961],[126.911443699078,37.518475699837104],[126.9101669991676,37.5157501014262],[126.9084875998681,37.5146486009657],[126.9076999992908,37.5152200011135],[126.9029473007076,37.5124200013869],[126.9032082008436,37.5153646999973],[126.9040056009824,37.516183999506104],[126.9028966012537,37.5165005001554],[126.9049075004392,37.5182138998386],[126.90579600012839,37.5180825997499],[126.9060503008598,37.5196252994131],[126.9079078005343,37.5194599999353],[126.91081520053291,37.5233731002283],[126.90593030189409,37.5239717004066],[126.90823830035339,37.5252203001476],[126.907401000739,37.5251606010102],[126.9058059006517,37.527290400323196],[126.9036990003122,37.5276925007007],[126.9025801012853,37.529269999597695],[126.90729930030611,37.530677400078204],[126.9066791009799,37.532171499160796],[126.9073356012234,37.533103400775104],[126.90507740037809,37.5343952007746],[126.90490460055089,37.5358248993449],[126.9057906000752,37.5365529988672],[126.90653120171531,37.5360770985822],[126.9063324042247,37.5366295073039],[126.9030677998412,37.5386311036075],[126.9044686996111,37.5368622990742],[126.9046881001428,37.5350194003718],[126.90083210130051,37.5374820001014],[126.9003352004048,37.53884390042511],[126.8980471006392,37.5394889009435],[126.8990271987565,37.5385675996833],[126.898738699045,37.5378202004307],[126.89664050020771,37.537607000869905],[126.8964772991112,37.536610701028295],[126.8952544003341,37.537216900422095],[126.8937794012581,37.5400098993528],[126.8943500991963,37.540715301180704],[126.8932241993309,37.5393105013032],[126.891729899249,37.5395813013186],[126.89103849946119,37.538673600903905],[126.8900942004055,37.5392087003688],[126.8902933002031,37.539830800400495],[126.89006759980789,37.5392022000558],[126.8913186999178,37.5363790990516],[126.89306010067,37.536727498484],[126.8939518003585,37.537862698864],[126.89701559866711,37.5328970000929],[126.8952831001405,37.530839701820504],[126.8941318999411,37.5319827015586],[126.89388459946541,37.5308178007346],[126.8923295990618,37.531265400780704],[126.8922440996348,37.530012900690906],[126.8898953996274,37.530350400235605],[126.8913693990386,37.529857800246205],[126.8909982987177,37.5282709014141],[126.8841101986113,37.526521800115894],[126.883310899911,37.5260622999826],[126.88389029933161,37.525161900883],[126.8821041980264,37.5249139022389],[126.88516489879271,37.5211141996911],[126.8853482998887,37.5216035994987],[126.8862237990132,37.520940000162305],[126.8852301996792,37.5204529993058],[126.8867495989079,37.5184294001652],[126.8865422991152,37.5175785010161],[126.8822530998484,37.519110600965796],[126.8831257988186,37.518125399652],[126.8810541981882,37.5156235015537],[126.8787980989231,37.5170210007641],[126.8810541983594,37.515623498462],[126.877974399441,37.5105855993174],[126.87870189958359,37.510719699324],[126.8788236992566,37.5096746998224],[126.8804372998787,37.5088942998751],[126.8804056999103,37.5080272007422],[126.8796027995517,37.5080181002369],[126.8802179992621,37.5066663007129],[126.87943389977049,37.5059887011975],[126.8777359995189,37.5069943004549],[126.8771968998489,37.5058407010281],[126.8763365007093,37.506129300739495],[126.87664120061369,37.5070305004187],[126.8760857998363,37.5062224007488],[126.875069699753,37.5070381002268],[126.8746890990591,37.5051610989833],[126.8758883991856,37.5048912988892],[126.8766173984566,37.5036110001695],[126.8750763978659,37.5027500994046],[126.8751694977728,37.499973402181304]]],[[[126.99555869946231,37.4504252002585],[126.9963602986316,37.44908689866],[126.9960846000948,37.4470939986564],[126.9986829996695,37.4481217985837],[127.001017898524,37.4479475988392],[127.0022716980931,37.4474902987257],[127.0025899996092,37.4459199984227],[127.00405519985449,37.4468415988773],[127.00586589804381,37.4456242000947],[127.0062385988498,37.4418628012381],[127.0048364994279,37.4410336991374],[127.0075685000555,37.4399979993223],[127.00816499945901,37.438201001119296],[127.0066002997952,37.4358147006241],[127.0019773998781,37.4377627004472],[127.0031229983802,37.437214999291605],[127.0038417984446,37.435432399653],[127.0030551998842,37.4331927975008],[127.00741360125531,37.4326409988881],[127.0067721026334,37.4355712981505],[127.0104360026874,37.4342396957988],[127.0096011032298,37.4344306015378],[127.0092717035592,37.438740797227595],[127.0100487054442,37.441041898936405],[127.0129600027971,37.4441875005584],[127.0108987012268,37.4471937018731],[127.00927170035389,37.4458764025426],[127.0089978992627,37.4482924016931],[127.0047964010697,37.4482924008676],[127.0030952006398,37.450584099734],[127.0031709007864,37.452899999939596],[127.0020054019519,37.4541897986498],[127.0054505985067,37.4549567978828],[127.00585080120071,37.454309498271],[127.0067886009216,37.4547941989522],[127.0060435017802,37.4557154013763],[127.00138750294151,37.456948101574],[127.0014639028651,37.4578103007118],[126.9977769983232,37.4566494010012],[126.99784679786211,37.451982402622995],[126.99568479890621,37.451531700597194],[126.9965951993993,37.4515374994377],[126.9962447997497,37.4501673008079],[126.99555869946231,37.4504252002585]]],[[[126.9080711996218,37.548622200564395],[126.90892099928281,37.5485736988637],[126.90888509931871,37.547466199971204],[126.91022670028849,37.5464321994003],[126.9122173995229,37.547312199435304],[126.9116321998911,37.5452802998347],[126.9130917998184,37.5454745990192],[126.9131265003338,37.546416999268196],[126.91421340056719,37.5456390996869],[126.9162091000185,37.5477992986864],[126.9183800004707,37.5479299994087],[126.9171739006536,37.549585400431795],[126.9182687003469,37.5528769000503],[126.91657220006991,37.5524978004584],[126.91511160010741,37.5535580003497],[126.91468020015151,37.5527590007407],[126.9138708999816,37.553496300259496],[126.910750599638,37.5525307002719],[126.9095975997259,37.5514456002331],[126.9102661995383,37.5511703000341],[126.9098620999424,37.550484000720395],[126.9091298997602,37.551098800201196],[126.9090974995076,37.549521600426196],[126.9080711996218,37.548622200564395]]],[[[126.9638774991209,37.5299852000761],[126.9646091994734,37.528974399720305],[126.9658280997808,37.528934199829],[126.9662072003243,37.5271697983364],[126.96713730084251,37.527695199499696],[126.9660367002787,37.5287042000622],[126.96678280046301,37.5295646997818],[126.9675756994095,37.5287327997555],[126.9682546005222,37.5294449993455],[126.9681785002161,37.530998898972],[126.9698948997353,37.5288354989839],[126.9710422003731,37.5301563999608],[126.9700638004563,37.5316256007935],[126.9674886991725,37.530902901954704],[126.9681784991421,37.5309988992418],[126.9677661995544,37.529823900416794],[126.9665407001733,37.5296072002941],[126.96676669975969,37.5301744002357],[126.96627239974849,37.5287967003749],[126.9647861012348,37.5291750999965],[126.9644599006016,37.5304383004531],[126.9638774991209,37.5299852000761]]],[[[126.9212761988258,37.5548967989941],[126.9259881000006,37.554881399419],[126.9258557004149,37.555599499889],[126.92746890018519,37.5557118994776],[126.92718240068001,37.5587689997432],[126.9265449001406,37.559472600172796],[126.9261778997297,37.5588979007811],[126.9245360000662,37.559668300219],[126.9220853000623,37.5592823005385],[126.9228276989902,37.5587215000131],[126.9221604995196,37.5574463006325],[126.92148589965089,37.5578923996561],[126.92191839935579,37.5562043000349],[126.9212761988258,37.5548967989941]]],[[[126.87131359939269,37.5249113003994],[126.8717926995811,37.5240417999625],[126.8727834997798,37.5245033994383],[126.87326779929549,37.5239009000408],[126.87286019948941,37.5229000981754],[126.874521199509,37.5224299993662],[126.8760840001848,37.522457599716205],[126.8761743004783,37.5233404990472],[126.87758710068,37.5229565992326],[126.8784384005442,37.5241338000777],[126.8780757000349,37.524655700407294],[126.8782421997352,37.5236298003962],[126.8771862007912,37.5232586007674],[126.8771593004986,37.524268500187596],[126.8760954009995,37.52441919999929],[126.876813700281,37.525439098995],[126.8779423006148,37.5254823003608],[126.87617130004409,37.5274341001935],[126.8754923995576,37.5259857009947],[126.8741708000378,37.5269962001902],[126.87131359939269,37.5249113003994]]],[[[126.8622026991811,37.4771688002537],[126.8639708987295,37.4758467979676],[126.8633599988882,37.4736295992804],[126.8674258994439,37.4727910983619],[126.8681719006261,37.4739792993755],[126.8702165001142,37.4726721993953],[126.8700398009328,37.4733243992774],[126.8711464015937,37.473860600010504],[126.86990210108071,37.4744428007912],[126.87015770047779,37.4767708994171],[126.872621598798,37.477687498743904],[126.87268730013689,37.4766431997851],[126.8726951006177,37.477535699478196],[126.8735289004419,37.4775700003502],[126.86885670174729,37.477759603448],[126.8683058022982,37.479301801905805],[126.86733089767439,37.4776166006044],[126.86560629939899,37.4774847007363],[126.8644589005369,37.4762855018391],[126.8629143005019,37.4777303001242],[126.8622026991811,37.4771688002537]]],[[[126.9199420994636,37.5478756005004],[126.92123479957279,37.545885799901],[126.922921499984,37.5450599995963],[126.9243244008813,37.5458960000707],[126.923213600868,37.5465964999227],[126.92380090028071,37.5477436987755],[126.92610630080681,37.5475742001606],[126.92573930005291,37.548783200151604],[126.92306999990619,37.5507000005006],[126.9199420994636,37.5478756005004]]],[[[126.97439259882441,37.506243000279795],[126.9780710996279,37.5054133988797],[126.9783233993756,37.504367099926],[126.98159289870159,37.50435229949],[126.9807710995234,37.502933300909],[126.9800009988984,37.50338879997091],[126.98793120063611,37.4986957997461],[126.9807711014812,37.5029333013929],[126.9815929006594,37.5043522999739],[126.9808113001508,37.5065723082724],[126.9780711013287,37.5054134008368],[126.97439259882441,37.506243000279795]]],[[[126.96887099957749,37.523996099559696],[126.97060739960911,37.5209648991735],[126.9724842999109,37.5203652996407],[126.9729699010334,37.5191999993757],[126.9745447009289,37.519707099295],[126.9750381019132,37.5209402993843],[126.9775109996567,37.5216668990937],[126.97964680065189,37.520756498750096],[126.9787554999302,37.522769600179394],[126.97503809923161,37.5209403011223],[126.97302450124519,37.5216151004475],[126.97442960038589,37.5225548999593],[126.97244580097251,37.5225521997751],[126.9722336001463,37.5240852003922],[126.97124729898451,37.523370301810004],[126.96887099957749,37.523996099559696]]],[[[127.0588641992191,37.5074070000094],[127.0598863995082,37.506817599504295],[127.0611994989347,37.5072396991011],[127.0650399995202,37.505195298931895],[127.0675602015768,37.510159800356696],[127.0664228003842,37.5099964006987],[127.0661135001296,37.5108349001617],[127.064388600258,37.5111855017641],[127.0609574998735,37.511085401771496],[127.0605754987792,37.508657400466795],[127.059103099713,37.5086563002652],[127.0588641992191,37.5074070000094]]],[[[126.8617710989725,37.5124168996593],[126.8627828000975,37.5101191998293],[126.8636121998302,37.5124707991138],[126.8639011997449,37.5118597985899],[126.86690130010369,37.512515199817805],[126.8676428008014,37.5146172015758],[126.86304560080201,37.5137955008199],[126.8625902996985,37.514304700720594],[126.862208999004,37.5133833995988],[126.8633995987578,37.5131278999681],[126.8627241994332,37.512052701043295],[126.8617710989725,37.5124168996593]]],[[[126.8509793997109,37.4804070000825],[126.851875299735,37.480151398965496],[126.8536296997189,37.4764104996206],[126.8550887013032,37.4778304981048],[126.8580275995998,37.4788220992217],[126.85831449891731,37.4778423968824],[126.85891770064411,37.4781317998148],[126.8566958008017,37.480355800758396],[126.8570997996458,37.481230701091],[126.8556099003257,37.4821071007201],[126.85430860006339,37.4810413009739],[126.8509793997109,37.4804070000825]]],[[[126.9942047985869,37.430224400641],[126.9943806002829,37.429730899785504],[126.99565050051379,37.430673399716504],[126.99786160029839,37.4332968998648],[126.9974415000835,37.4340387000927],[126.9978615989906,37.433296900760105],[126.9966696994334,37.432045701712205],[126.9935827999366,37.4329030007749],[126.9937532999513,37.432140099792996],[126.9949395994842,37.4321399998929],[126.9942047985869,37.430224400641]]],[[[126.9490636993427,37.5129390000575],[126.94994669833059,37.5109684996026],[126.9510504999775,37.5120345979281],[126.9532808994797,37.510618798158404],[126.95610940058461,37.511064399444],[126.9561909010835,37.512640898697],[126.9571203013825,37.5132001991741],[126.95495740069279,37.514421503498],[126.9497333976246,37.5153151013022],[126.9514368982328,37.51441859955],[126.9507924988772,37.512843601125],[126.9490636993427,37.5129390000575]]],[[[126.9358807994451,37.554647699982795],[126.9369751001465,37.554242999197],[126.9374032007253,37.5548278000844],[126.936016100106,37.5556225001704],[126.9358807994451,37.554647699982795]]],[[[127.0315343998083,37.4840807999644],[127.0338303993785,37.4842679996576],[127.0341133991177,37.4829617985323],[127.0355054977256,37.48188409961],[127.0367265006419,37.4822613994091],[127.03541630088199,37.4831317003713],[127.035888400627,37.4838815002805],[127.03469440080731,37.4853099000959],[127.03326560005159,37.485930800157696],[127.032831499381,37.484549200342094],[127.0315343998083,37.4840807999644]]],[[[126.9611610993996,37.5076859999354],[126.96166280010439,37.506810599663304],[126.96652670032711,37.507161299872],[126.9642489003365,37.5082879010439],[126.9621734003507,37.510890908833],[126.9611610993996,37.5076859999354]]],[[[126.91549049938081,37.528116200286696],[126.91705379920221,37.5286104987359],[126.91868430004739,37.5265373983124],[126.919493700556,37.5267918994266],[126.9176544007968,37.528682799464],[126.9180132001098,37.529679700560806],[126.91593009964019,37.5293644008695],[126.91639519960209,37.5286769005495],[126.91545359983121,37.528990800087],[126.91549049938081,37.528116200286696]]],[[[126.90834429953149,37.555481699934504],[126.9116398000944,37.5550034992635],[126.9116070003608,37.556096699714296],[126.9122295005337,37.5562272001942],[126.9099351995403,37.55706210048],[126.90834429953149,37.555481699934504]]],[[[126.93013479969501,37.547512999813804],[126.93093240013201,37.546553499348605],[126.93156779988959,37.5472305989645],[126.9344876003419,37.547284599993695],[126.932788300138,37.548879300904005],[126.93013479969501,37.547512999813804]]],[[[126.9709725993057,37.5349189986007],[126.9713463989319,37.5329530005667],[126.9720838000105,37.532679899316996],[126.9731579001626,37.5348804999592],[126.9740011003526,37.535091199623494],[126.9709725993057,37.5349189986007]]],[[[126.8514621995271,37.520741899928495],[126.8520261986226,37.519397299352704],[126.8534645999935,37.5189630989559],[126.8545209012843,37.520486099094896],[126.8544289002795,37.5212786006214],[126.8525027002257,37.5211295009818],[126.8520096004959,37.522023000521294],[126.8514621995271,37.520741899928495]]],[[[127.0699171996536,37.5124188005973],[127.07071019949909,37.5096811998021],[127.07066420039699,37.510374399567404],[127.0723364000565,37.5111477997428],[127.073721301179,37.510831699696794],[127.0699171996536,37.5124188005973]]],[[[126.9894955997782,37.4256246998981],[126.99118920073859,37.426189899585594],[126.9912272001061,37.4278022003567],[126.9894955997782,37.4256246998981]]],[[[126.8376211991862,37.4864568992831],[126.8381132995928,37.485538599643796],[126.8395918004306,37.486082698538695],[126.83964560087159,37.487498000527104],[126.8378883002625,37.4877556009663],[126.8383302994195,37.4873055996319],[126.8376211991862,37.4864568992831]]],[[[126.93282669963281,37.5274292000305],[126.9336258006844,37.526757899982],[126.9336964001554,37.5275441000957],[126.93282669963281,37.5274292000305]]],[[[127.0853011994369,37.5114356993448],[127.0857816006676,37.5107508992595],[127.0863130001044,37.5124907001105],[127.0853470989614,37.5124023999927],[127.0853011994369,37.5114356993448]]],[[[127.0533089996198,37.4902167002644],[127.0559966002986,37.4890865990414],[127.0570529018469,37.4917452996772],[127.0545666987033,37.492756700760204],[127.0533089996198,37.4902167002644]]],[[[126.86270719876251,37.5263898999305],[126.86387379917059,37.5250354994691],[126.8649489005721,37.5250641999118],[126.86516330062791,37.5260199003359],[126.8642856001568,37.5265607001516],[126.86270719876251,37.5263898999305]]],[[[126.94171829985501,37.5479176001624],[126.9418176998621,37.547501599733195],[126.9422393004231,37.5477662998887],[126.94171829985501,37.5479176001624]]],[[[127.0111027995754,37.5093619998717],[127.0113665009573,37.5080325985887],[127.0130541010073,37.5085293998335],[127.0111027995754,37.5093619998717]]],[[[126.8819389993897,37.545784200098],[126.88266869936629,37.5448829997806],[126.8820404992358,37.5437063990218],[126.8831001002243,37.544206099885294],[126.8819389993897,37.545784200098]]],[[[127.0204347995589,37.510887599865896],[127.0214678996012,37.5105546987727],[127.0221892004528,37.5113059001317],[127.0204347995589,37.510887599865896]]],[[[127.009639298271,37.5120375993934],[127.011199602048,37.5122950007394],[127.0101341005018,37.5134396011252],[127.009639298271,37.5120375993934]]],[[[126.93773299994429,37.5555282996441],[126.9378536998727,37.5552097999508],[126.9379761005482,37.5552559998147],[126.93773299994429,37.5555282996441]]],[[[126.89058589892251,37.466659699946],[126.8918875984851,37.4654368993025],[126.8925098008557,37.4665381999881],[126.8914673997428,37.4675478005871],[126.89058589892251,37.466659699946]]],[[[126.8555188994368,37.524933200487],[126.8564898006678,37.5245351001008],[126.8562723004506,37.5255949005084],[126.8555188994368,37.524933200487]]],[[[126.97751489956501,37.5025998987964],[126.9776954011935,37.5027631999289],[126.97794580041,37.503288400512005],[126.9776953999043,37.502763200492],[126.97751489956501,37.5025998987964]]],[[[127.0390315996596,37.46969640004539],[127.0392456007605,37.4697617996836],[127.0391864998654,37.469743800425206],[127.0390315996596,37.46969640004539]]],[[[126.9367777998853,37.5556335999227],[126.9369272999962,37.555591499929996],[126.93693010005829,37.5556937002672],[126.9367777998853,37.5556335999227]]],[[[127.0593026973429,37.4862990007544],[127.0593027014351,37.4862989991856],[127.05930269915011,37.4862990031055],[127.0593026973429,37.4862990007544]]],[[[126.9769276993522,37.5235162996252],[126.977252099925,37.5231156995921],[126.977558100553,37.523404999981196],[126.9769276993522,37.5235162996252]]],[[[127.03851619951111,37.4697253998129],[127.0383655996617,37.4695106000277],[127.0385931001922,37.4695713999792],[127.03851619951111,37.4697253998129]]],[[[126.8750306992998,37.546893900162],[126.875340700374,37.5468318994763],[126.875309500584,37.5471044998388],[126.8750306992998,37.546893900162]]],[[[126.90289269868309,37.5636378997701],[126.9029275986482,37.563480599927395],[126.9029422994776,37.5634389992181],[126.9029276002975,37.5634806002994],[126.90289269868309,37.5636378997701]]],[[[127.00887789858321,37.4554986992138],[127.00902780118369,37.4552936992379],[127.0091191013435,37.4556330007483],[127.00887789858321,37.4554986992138]]],[[[126.8678613996314,37.5110726998659],[126.86802490014229,37.5111105000452],[126.8679966992952,37.511147800860506],[126.8678613996314,37.5110726998659]]],[[[126.91692039942089,37.5211333003593],[126.9169203998074,37.521133299501905],[126.9169204004552,37.521133300109604],[126.91692039942089,37.5211333003593]]],[[[126.97143849958181,37.519202599152],[126.9717079002206,37.5191184001132],[126.9714385001547,37.5192026009119],[126.97143849958181,37.519202599152]]],[[[127.0200868997071,37.5162606000452],[127.0200869004624,37.5162605995545],[127.0200869006833,37.516260600155405],[127.0200868997071,37.5162606000452]]],[[[126.866646099432,37.5257993992727],[126.8666461011932,37.5257993997166],[126.8666461001456,37.525799400759695],[126.866646099432,37.5257993992727]]],[[[126.9145518001354,37.520250200118],[126.9145517999599,37.5202501998481],[126.9146188001929,37.520285899966],[126.9145518001354,37.520250200118]]],[[[126.96828999923,37.528292800152904],[126.968290000966,37.5282927987552],[126.9682900004409,37.5282928004328],[126.96828999923,37.528292800152904]]],[[[126.9722815998356,37.544341000588005],[126.9722816001476,37.544340999375805],[126.9722816008031,37.5443410001293],[126.9722815998356,37.544341000588005]]],[[[127.0379818994778,37.4693886007268],[127.03798189932361,37.4693885996668],[127.0379819003962,37.469388600034904],[127.0379818994778,37.4693886007268]]],[[[126.8606279993632,37.5108960000027],[126.8606280000676,37.510895999884106],[126.86062800068511,37.510896000793004],[126.8606279993632,37.5108960000027]]],[[[126.8835365988115,37.5434567000576],[126.8835365995393,37.5434566987552],[126.8835366007139,37.5434566994185],[126.8835365988115,37.5434567000576]]],[[[126.9373768999479,37.555145099834796],[126.9373769001094,37.5551450999648],[126.93737689997971,37.555145100202694],[126.9373768999479,37.555145099834796]]],[[[126.9461310997256,37.556718699989],[126.94613110037051,37.556718699595095],[126.9461311003536,37.556718700014194],[126.9461310997256,37.556718699989]]],[[[126.9734536999345,37.5355786000683],[126.9734536999756,37.5355785998867],[126.973453700187,37.535578600085],[126.9734536999345,37.5355786000683]]],[[[127.010180099155,37.5076835990812],[127.0101800997478,37.5076835985619],[127.0101800998145,37.5076836006404],[127.010180099155,37.5076835990812]]],[[[126.8697495996514,37.514058400120604],[126.8697496002985,37.5140583999894],[126.8697496000088,37.5140584004128],[126.8697495996514,37.514058400120604]]],[[[126.882589999872,37.4815900000469],[126.88258999989819,37.4815899996934],[126.88259000024699,37.4815900000881],[126.882589999872,37.4815900000469]]],[[[126.90074319984889,37.539495100275005],[126.9007431999968,37.5394950997739],[126.90074320022059,37.539495100120405],[126.90074319984889,37.539495100275005]]],[[[126.9398423998435,37.5146865000027],[126.9398424001627,37.5146865000014],[126.9398424000863,37.5146865001796],[126.9398423998435,37.5146865000027]]],[[[126.8642240998888,37.5277099000162],[126.8642241002183,37.527709899002396],[126.8642241003531,37.5277099001706],[126.8642240998888,37.5277099000162]]],[[[126.8822595998431,37.501797100028895],[126.882259600132,37.5017970998831],[126.8822596000262,37.501797100092],[126.8822595998431,37.501797100028895]]],[[[126.96672999960789,37.530630000021],[126.9667299999057,37.530629999792005],[126.9667300000648,37.5306300000353],[126.96672999960789,37.530630000021]]],[[[127.0150454998203,37.5042948002083],[127.0150455005374,37.504294798743594],[127.0150455000702,37.5042948001233],[127.0150454998203,37.5042948002083]]],[[[126.93809159965261,37.513465199871796],[126.93809160005921,37.5134651999806],[126.9380915997544,37.5134652008239],[126.93809159965261,37.513465199871796]]]]}},{"type":"Feature","properties":{"interval":60,"stationId":"6033314712"},"geometry":{"type":"MultiPolygon","coordinates":[[[[126.69519609774801,37.509235699590796],[126.6976551969578,37.508322497757],[126.6994951001732,37.5045667993219],[126.70098779946099,37.506713697637196],[126.70107199979219,37.5033434993889],[126.7029690013263,37.5021807992907],[126.7042487007072,37.5023020999508],[126.70570380070279,37.506684797203704],[126.7088408998532,37.5054393985751],[126.7105190001014,37.5096268979574],[126.7129386988217,37.509451398364],[126.7132741984862,37.507399700415704],[126.71172209938881,37.5071975998382],[126.712210199772,37.5057936996526],[126.7132337994256,37.5057332995253],[126.71274699987049,37.5051815995707],[126.7139080985817,37.502642599402904],[126.71890719722731,37.501093099966596],[126.7189364972248,37.500049199972],[126.7198678995574,37.4997292999958],[126.7190450971415,37.498823300217],[126.7205844985276,37.4980937998775],[126.72013359995239,37.4944828015051],[126.71869409908079,37.495610300343905],[126.7177727997812,37.492360401122305],[126.7163828980727,37.4914214015756],[126.7173736981662,37.4887447003302],[126.71480780035441,37.4868468019851],[126.7133074997052,37.4884412002773],[126.7137181996284,37.4872778004278],[126.712863999059,37.4867505000886],[126.7145898973521,37.4830405013832],[126.7110931008135,37.4801362017092],[126.7095549983693,37.4811676992191],[126.7099974993911,37.480253600074995],[126.7073043994721,37.4769527014221],[126.7081761995825,37.4747921993157],[126.71085760059239,37.4742934993044],[126.71151419993579,37.4754989980989],[126.7132242012444,37.4760050995362],[126.7113172046722,37.478831899691606],[126.7137173012089,37.4818719997599],[126.7153071003092,37.4818266996844],[126.7164262017184,37.4844915974454],[126.7172059009387,37.4848565970804],[126.7222093007136,37.48282399786],[126.722352101271,37.484999298262295],[126.7248945013883,37.485323199665004],[126.724079300845,37.486973299963104],[126.7245919005065,37.4876094999621],[126.72063340086079,37.4889421002875],[126.7209417005525,37.490390598839],[126.7264230993714,37.490070099390195],[126.7266598991212,37.4887808005278],[126.7254584997625,37.48888439913431],[126.7276140988316,37.4867535000852],[126.7293938997829,37.4868268988781],[126.72969430018851,37.4859232992379],[126.7335471001209,37.488699499446604],[126.7356029994269,37.484365499302605],[126.73686139947,37.4846031991352],[126.7381906002194,37.4829604991906],[126.7383741008916,37.483634499095004],[126.7418165998375,37.483254499226],[126.74619820097989,37.4849709997817],[126.7466037012093,37.487180699184606],[126.7451614013789,37.487946000764],[126.74410420205409,37.4907021996406],[126.7465087996495,37.4916293987134],[126.74793479859879,37.4897961003914],[126.74673969941861,37.488919901422896],[126.7476326010164,37.4883577989969],[126.7479321007617,37.4888804986172],[126.7532116999295,37.4878631993365],[126.7536642001704,37.488517199441496],[126.7538583996024,37.4878169998861],[126.7559490004096,37.488413499356],[126.756405100336,37.4878531992603],[126.7581237986173,37.4887552983582],[126.7589995977415,37.486970200143304],[126.7574169991414,37.485962999459495],[126.7587787987017,37.484746800630305],[126.75737679956241,37.4831934981191],[126.7602919994173,37.4807165991544],[126.76118219965949,37.4816729986623],[126.76141079963409,37.480273699920595],[126.76215879940429,37.4804185994265],[126.7618417994858,37.4797107996647],[126.7639054002736,37.4784793987974],[126.76588100082809,37.4794133991104],[126.768479300162,37.4823931978236],[126.7741360994725,37.4763432993914],[126.7739438999659,37.475534099530094],[126.77510579915041,37.475228199242494],[126.774766501023,37.475860099988296],[126.77644769948371,37.4764605996692],[126.77745759792141,37.473822999337806],[126.7793121006265,37.475916896602705],[126.785169600917,37.4736923976299],[126.7860382020977,37.475328197766],[126.7892321002155,37.4769135962659],[126.790665598782,37.475220497959],[126.7912386982089,37.4724049007746],[126.7888774972091,37.471892599429694],[126.7877358967311,37.4693590994359],[126.7884837959429,37.466589299561406],[126.7918252997807,37.4653067984133],[126.796726396362,37.4682696974847],[126.7978205976746,37.4676485953817],[126.7988252976465,37.4623391952249],[126.8022031991998,37.4598933988299],[126.80176379979831,37.4586763998403],[126.8031046007667,37.4586936995715],[126.8037204005097,37.4599439004997],[126.80281810156839,37.4615625017346],[126.80186280032589,37.4611191020937],[126.8008859009064,37.4625360010518],[126.801801202637,37.4638997017494],[126.8012095032287,37.4672205984285],[126.8057316012066,37.470289597593],[126.8055640004661,37.4723098003006],[126.8045418009127,37.473081199903],[126.8060138015808,37.4747646008286],[126.8051289998742,37.474179801582004],[126.8044258005774,37.4746217011401],[126.8035764005175,37.4764749996995],[126.8065809988149,37.4774634986183],[126.8089462995935,37.475968298789496],[126.8091890006343,37.4769765988009],[126.8108815000433,37.475726899733],[126.8131792007993,37.4762814975631],[126.8163470005831,37.4752381990037],[126.8182888999652,37.476394299104],[126.8186107994004,37.4755298990511],[126.8214733982301,37.4751311997761],[126.8216669002378,37.4742528980886],[126.8241307990078,37.4745552983713],[126.824676099908,37.4732416978073],[126.82381680207091,37.475702399081705],[126.8247713011164,37.4766975980865],[126.8311376991998,37.4790031940578],[126.83394079619349,37.4741176981495],[126.8367360964955,37.4738884954335],[126.8382388949927,37.4718264974955],[126.8380994951321,37.467906801415204],[126.83546509776649,37.4666548026672],[126.8388424972395,37.4652464997177],[126.8377844996884,37.4633743997147],[126.840713097025,37.4627550984378],[126.84269789813591,37.461305197253495],[126.84553270057691,37.4608589975023],[126.84913020104031,37.461616496834196],[126.8527967973737,37.4609447975059],[126.85525059750411,37.4572787974709],[126.8595919997454,37.4582603977248],[126.85980140088509,37.4554123987906],[126.8615933997891,37.457870196186605],[126.8653131992867,37.4579177956963],[126.8662454992579,37.45645209606],[126.86921049818959,37.456304195673695],[126.87365339719709,37.452533299018],[126.874847297362,37.4480997996641],[126.87738869896799,37.4441820984546],[126.8800562971591,37.4439404979898],[126.879261698986,37.4411132971275],[126.8800563049275,37.443940498113996],[126.8852400997437,37.4453950966594],[126.8861049988604,37.4422625994521],[126.8876179998379,37.444626197367704],[126.8910898006694,37.4446684968333],[126.89477169783561,37.4424996990805],[126.8953043973029,37.4412129003673],[126.8944500981572,37.438829702750496],[126.8915681001911,37.4393715021303],[126.8884521990543,37.437326102273],[126.8878785994028,37.4360953993905],[126.88845220006941,37.4373260980954],[126.893812598005,37.4341487006589],[126.8940642955118,37.4292691954657],[126.8962044000805,37.431060098638106],[126.8972410990438,37.431111598586604],[126.89862949765539,37.429681300016895],[126.89881309716179,37.428305000006304],[126.897411097253,37.4259444990562],[126.898848998589,37.4238380998643],[126.8958958999274,37.4221404007627],[126.8953566997311,37.4197781018186],[126.8943336999677,37.4200117001046],[126.8948605993116,37.419265100553396],[126.8937567996376,37.4180386002308],[126.8920254011499,37.4175909007283],[126.8930872004692,37.4205719998656],[126.8922352011736,37.4209040000025],[126.8920279002166,37.423914700881696],[126.8903991012096,37.4214863016958],[126.88707550204029,37.421499303153404],[126.88565130346451,37.422809401843296],[126.885416601168,37.4287188032296],[126.88112699474041,37.4274149033021],[126.8776219967159,37.4237912054205],[126.87498929664329,37.422662504438804],[126.8765009974263,37.4208118004014],[126.87381089624719,37.4153092929502],[126.88163869808899,37.4112540953974],[126.8825762002595,37.4116127984603],[126.8838790990166,37.4101425998592],[126.88415929911949,37.4073642988557],[126.8849915000073,37.4069674979471],[126.8845161010597,37.4093534986671],[126.888986400894,37.412303598765604],[126.8911236987567,37.411705399363804],[126.89406659824711,37.408337799038],[126.8942849002778,37.4090457002309],[126.8933640011987,37.409315199961405],[126.8936049009578,37.4107792984973],[126.8948794996832,37.4114301978464],[126.8970841985048,37.409447898982606],[126.8972073991802,37.406998599821705],[126.9000109995375,37.4065185990856],[126.9010674002857,37.4074145990809],[126.9024404989126,37.406353600141905],[126.9015138001621,37.406143299594795],[126.9024404992354,37.4063535993845],[126.9028425988333,37.4055228002153],[126.9014556996268,37.405079798326604],[126.90289229971731,37.4053576987281],[126.903730499989,37.4040918981513],[126.90731399967589,37.4040994984624],[126.90931519961009,37.4015050996555],[126.9116299993285,37.4010801989252],[126.91193889909499,37.3995774998567],[126.9141256990834,37.3997649987774],[126.9147728984362,37.398456700085696],[126.91338059884029,37.3962909003668],[126.91426019888151,37.393650601162],[126.9134544993746,37.393716799629],[126.91426019971391,37.393650599412],[126.9141950000174,37.39279719896],[126.91807300057671,37.393305397081],[126.92003939890249,37.3920703982487],[126.9218405992325,37.3930237985917],[126.9238042989903,37.39211249745421],[126.92417069862391,37.3900652995014],[126.92304539791361,37.38852639963331],[126.9239973986657,37.3846360002003],[126.9230292990132,37.38255920137],[126.9240924981818,37.382181199540796],[126.92319809763069,37.380091996733],[126.9299128997788,37.3797450972817],[126.9310138011807,37.377611798295],[126.9322586013628,37.3778413986776],[126.9324792011422,37.3789484975705],[126.9368682987274,37.3775621988206],[126.93586499973071,37.375234901147905],[126.9347312988901,37.3743643021547],[126.9330088006126,37.3744881020309],[126.9323284997319,37.3723472006879],[126.93120400069249,37.3737127000668],[126.9305992998098,37.373130100100695],[126.9301970998795,37.3709771986977],[126.9331265988193,37.3699009000703],[126.9328207991251,37.3682516017196],[126.93148590046,37.368524801446405],[126.93120779988129,37.3668121005446],[126.9295492998397,37.3662421013244],[126.9269950998654,37.3677725002064],[126.9276884992642,37.365345300763],[126.92537419878619,37.3645849001255],[126.92576869918521,37.3628722006193],[126.9234782993376,37.3617407004761],[126.9234113997999,37.3607542995363],[126.9239019998336,37.3621511994802],[126.9247248993889,37.3606029997325],[126.92435879997069,37.359284700138105],[126.9230538990316,37.359006300320594],[126.9243766989184,37.3579094003416],[126.9227534998554,37.3576570005358],[126.92471879888889,37.356954499503104],[126.9244902953693,37.3510087999572],[126.9214000977119,37.3492898008155],[126.9213025966861,37.3464315018089],[126.91787059898721,37.346726101116],[126.9207075972746,37.3457279991408],[126.9242695981515,37.3402883975751],[126.9244700026084,37.341431398879195],[126.92749000023831,37.3431535977723],[126.9289589010675,37.3424810968572],[126.92749000223871,37.3431536007293],[126.9278575018712,37.346306897576],[126.92901860239131,37.3481111980405],[126.9318992039597,37.3489962996421],[126.9328495028377,37.3511373978275],[126.935566403213,37.3527528977513],[126.9354309038529,37.3542987988854],[126.9376701017145,37.3557554978511],[126.9399321994524,37.3558834977231],[126.9407314986531,37.353655999950604],[126.9423232999133,37.3526099995739],[126.9445088998435,37.3533812989389],[126.9468176000845,37.3555018001115],[126.9442214010638,37.358061000205396],[126.9443584009268,37.3587422995241],[126.946252000481,37.3591173994427],[126.9495387982783,37.357624000067],[126.9494291991244,37.3543444996205],[126.9485725994888,37.353613199763295],[126.9492709987904,37.3531037002728],[126.94909469873771,37.3507048012408],[126.9478225000099,37.350715001230604],[126.9473424998167,37.351596300354096],[126.94455789912311,37.3507068005071],[126.9453770996937,37.3506867994061],[126.9456022994685,37.3487200013729],[126.94202639921001,37.347213400438],[126.9425754995928,37.3469201999846],[126.9413842995765,37.3452088000925],[126.94272489917161,37.344141699287604],[126.9425581998997,37.342956299859395],[126.945959299159,37.3441500980274],[126.9480942006194,37.3423927994964],[126.9478956009916,37.3475156990724],[126.9493645001905,37.3462029997386],[126.9502612003646,37.3472188995662],[126.9497658007259,37.348821198564906],[126.9509743995173,37.3488084985776],[126.95105049988699,37.3474408996083],[126.9509744002291,37.3488084990087],[126.9518750002056,37.3477154995313],[126.9509744011943,37.3488085004679],[126.9515825005862,37.3498897993866],[126.9527884001949,37.3488742997192],[126.95270740017409,37.3503782992978],[126.9532857995957,37.3504986991774],[126.95460800048309,37.3494504993887],[126.9540544010138,37.3501276998657],[126.9545937004745,37.3509436990497],[126.95752950121921,37.352526599639596],[126.9559390011247,37.353215999967205],[126.95696860061139,37.353719999435306],[126.95617850059,37.3552598997976],[126.95674670078749,37.3563608003777],[126.95323639915749,37.3585500016373],[126.9532580982523,37.3562596019608],[126.9506892008212,37.3576025006179],[126.94958630192411,37.3594061988142],[126.9509059006045,37.359820898399505],[126.950095601727,37.3617619998702],[126.9514023004203,37.3630206986115],[126.9523761019925,37.3623294002403],[126.9527988015698,37.364588697981],[126.9542691012781,37.3655724975728],[126.9558096997375,37.365042598102704],[126.9564697008901,37.3660812991688],[126.9575966004964,37.365538999552996],[126.9563442010641,37.367581799847905],[126.9579907004029,37.3679216996563],[126.9577637002677,37.369068999930704],[126.95883410072601,37.3707236000742],[126.9580861999042,37.3712591011205],[126.9547432020831,37.3705282017816],[126.9540333006811,37.3729669005942],[126.9547145005583,37.3740472996597],[126.9567079000752,37.37458329986],[126.9565301003308,37.3757865988463],[126.95717360055471,37.3747415995391],[126.957290900567,37.376056998910705],[126.9579426002109,37.3749930994346],[126.9573167011445,37.3760862991021],[126.9580025009038,37.3768970986998],[126.9598850994304,37.376219799548004],[126.9596776012999,37.3755981991836],[126.9611853003713,37.3760415992996],[126.9608707002542,37.377272299511],[126.96402070026481,37.380344298868096],[126.9651285990124,37.3790247996218],[126.9669051999714,37.3787336996026],[126.9690719007836,37.380111198962],[126.9689499016054,37.3824337983952],[126.972139298416,37.3823728984561],[126.9705729992825,37.3795015995716],[126.972023801646,37.3802311993324],[126.9737849009647,37.3797303988502],[126.9720238021063,37.3802311999429],[126.97213930246019,37.38237289835],[126.97414280045669,37.3837293969935],[126.977099698137,37.3849316955553],[126.9784262002739,37.384003895347405],[126.98271249862111,37.3849800946805],[126.9852505993954,37.3846062991076],[126.9859147006635,37.387058797864],[126.9874999990782,37.3886375962852],[126.99079949823289,37.3875868956975],[126.9921456016219,37.3902909980161],[126.9942506013987,37.3895518993786],[126.9941297993687,37.3905081008048],[126.9917954013851,37.390634200308604],[126.99107770251811,37.393226399419305],[126.991486902964,37.3947389987836],[126.99416600325921,37.396126698464606],[126.9898311025083,37.3965551021333],[126.9921143020638,37.4021540007636],[126.9908563996748,37.4036628004027],[126.98814810238311,37.4020182020473],[126.9855610019341,37.4015653039964],[126.984386800758,37.404080803637605],[126.9836597007027,37.409297798737896],[126.9845321006127,37.408347899370504],[126.9863965987482,37.4111849965334],[126.9883980990231,37.408333898409104],[126.9904529989597,37.409465698245896],[126.9914482001622,37.408500597997005],[126.9935600995463,37.408527197545105],[126.9970554044283,37.412085399047704],[127.0026190988646,37.4154924956406],[127.0067709947127,37.4138288973042],[127.0100650033783,37.4151462988005],[127.0134798999634,37.4147738991729],[127.0134468042428,37.4164985986695],[127.0157392022936,37.4187509994608],[127.0178255002073,37.4189118992999],[127.01833470168229,37.4226014972472],[127.01966630035069,37.4231634966852],[127.0214268985901,37.421920697928],[127.0217838982331,37.4194992003495],[127.02083619731141,37.4189204993669],[127.02225540182731,37.4173022978295],[127.0243674006516,37.419724099265906],[127.0248973019317,37.4231409994565],[127.02322390093771,37.423498101562906],[127.02194710221451,37.424980600080396],[127.0241140016209,37.4252594020571],[127.01651180170461,37.4285273004591],[127.0171662010502,37.429505499480896],[127.01980640059969,37.42940389933489],[127.0233913023436,37.4335323937841],[127.0269284029308,37.4280733968852],[127.027788204817,37.4354974002226],[127.03062990519969,37.4376442015355],[127.0291209038045,37.4409487039719],[127.0214741006433,37.4486209004508],[127.0243540007236,37.4513686991396],[127.0273870996971,37.4521082990776],[127.0294015035239,37.4503723945482],[127.0293284073197,37.452118499390096],[127.03205030459779,37.455804595704],[127.0363742002739,37.4558933956152],[127.0377073993064,37.453812996743295],[127.0428341941796,37.4527490978072],[127.0433234944731,37.450838698506395],[127.0377691991331,37.448979197683194],[127.0433234949404,37.4508386944969],[127.0454052928586,37.4470130983225],[127.04457879368509,37.4402141051215],[127.04079899503061,37.438283000896696],[127.0446165003539,37.434395095209005],[127.0443468006094,37.4354472987396],[127.04587619908,37.436857397329504],[127.047621997566,37.435430498567804],[127.04725259771779,37.4322285973755],[127.0512789974014,37.4349670955786],[127.0548408979841,37.4335890925844],[127.0665257000435,37.434979298240805],[127.0699220000119,37.4341684996747],[127.0723027032596,37.4423862023302],[127.06654980336441,37.4465700030305],[127.0674286024856,37.4511892984112],[127.06836440283969,37.4518404993858],[127.0676926031217,37.4543956010647],[127.0690888014981,37.456213000553696],[127.065361701748,37.4563163012367],[127.0631137009652,37.460027501617404],[127.0595958044223,37.4626240001513],[127.06162410364,37.4689519961506],[127.060862501927,37.469481699712006],[127.0609518018377,37.472155197038504],[127.0653841010628,37.4694233985189],[127.07069539954071,37.4721506964607],[127.0722517032079,37.4719977973541],[127.077111598348,37.4750565942953],[127.0848130014293,37.47474909732129],[127.088619700449,37.4759171965051],[127.0906961991094,37.474487798005796],[127.0915414012236,37.4771739986398],[127.0945594983742,37.477512398464405],[127.09483009993579,37.475552999283195],[127.09560020198171,37.476588598641996],[127.0984484991334,37.4769258983047],[127.0975269990295,37.474244799505804],[127.09923600104061,37.472732299141896],[127.1007711993132,37.4736427992015],[127.1044380001241,37.4723165992025],[127.1033389012519,37.4743523982555],[127.10632580007899,37.4753092979732],[127.10730409913529,37.4725568005287],[127.1062279995401,37.472329600188104],[127.1056311993005,37.4710866002869],[127.1073281996683,37.4715222991072],[127.1075132000015,37.470793798452],[127.1109577005682,37.4733417997899],[127.1098968010613,37.4739391997704],[127.1105826017612,37.4767685991208],[127.11340870065669,37.4783527991513],[127.11503570001841,37.4769173998509],[127.1176505976364,37.477624398233004],[127.11874399728681,37.4766816984144],[127.1150553991291,37.473364099448595],[127.118371697427,37.4722583999558],[127.1170160987254,37.470649700844],[127.1158131990793,37.4712002005851],[127.114198498494,37.4705330988811],[127.11627729866869,37.4695234983894],[127.1168602982807,37.4661116009408],[127.11560369953729,37.4655935014589],[127.11347360068831,37.4659773010191],[127.1131922009117,37.466940900926],[127.1119292007633,37.4668244025898],[127.1113031989261,37.4646268998624],[127.1131267992826,37.4654537988298],[127.1157946976208,37.4629887976055],[127.1173854020346,37.4625112964218],[127.1183520024032,37.4652634986095],[127.120841101611,37.465342198455104],[127.119712301296,37.4655901000678],[127.1205771004312,37.4670202986376],[127.1232439012182,37.4661010982129],[127.1249976994644,37.466956197357796],[127.127031498002,37.4635682000864],[127.12483429995831,37.4613552018291],[127.1237268006259,37.4614238017787],[127.1235516000389,37.462988700495494],[127.1234254986446,37.4614424007624],[127.1220122992046,37.4615285999721],[127.1222527991797,37.4602411991486],[127.1241496972828,37.4591379002519],[127.12430429831561,37.4524706009787],[127.12359169902821,37.451786301663],[127.1223629995423,37.4533254020449],[127.1210428994371,37.451835200522],[127.1222746985226,37.4506542005836],[127.1203435986624,37.4491017007648],[127.1244797962852,37.4468378975581],[127.1239716967933,37.441797402598596],[127.11981930094571,37.442326102069906],[127.1187858999626,37.443956902635406],[127.1182555892726,37.4429702981292],[127.1198030976263,37.4360436012675],[127.12143759923349,37.4354571988473],[127.12257809883509,37.431799399587405],[127.12054589966989,37.4301824000967],[127.1229968001545,37.4295440999469],[127.1221095012924,37.4299375005641],[127.1225781008238,37.4317993987022],[127.1241473992545,37.4313582991433],[127.1245030987648,37.4281665993948],[127.1263106998833,37.427870799569604],[127.12821399742,37.4257381996226],[127.1279540970844,37.4246929994153],[127.12929629965329,37.4237934984215],[127.12967070296921,37.4262297980531],[127.1312850023645,37.4273366979009],[127.1347317987703,37.4283489991417],[127.1360298982687,37.4274428980056],[127.13610630011989,37.4283184989817],[127.1381138005147,37.4278463993292],[127.1384539004061,37.428766799443196],[127.1392456999701,37.428760299439],[127.1394764007242,37.4300630996876],[127.1385583008525,37.4296604006703],[127.1391274017522,37.4314672005878],[127.1382848014551,37.4340872992949],[127.14086639959349,37.436006499003994],[127.1413414003424,37.4354830996061],[127.1424824996197,37.4361173991972],[127.1431752003059,37.4352855001779],[127.1437201006318,37.437572800336],[127.1422204003579,37.4394672003749],[127.14058580084999,37.4397997006547],[127.1401940997066,37.4389311007377],[127.1393049000417,37.4394400008486],[127.13891170063849,37.4412681996695],[127.14010970086879,37.4427138004486],[127.1393951007319,37.4440326009434],[127.1374467006965,37.4441920006429],[127.13797760087449,37.4451775002551],[127.1373542009477,37.4463289002815],[127.1405533002303,37.4508052000673],[127.1384475061777,37.455626000125],[127.1412048034204,37.460779794971195],[127.1446165000087,37.4595287962222],[127.1493471976286,37.4540059971162],[127.1481471995771,37.4512588993034],[127.14999520136061,37.4518034990182],[127.1526124008423,37.455311497201],[127.15657589848581,37.4531734007603],[127.1559834988341,37.4518077993567],[127.15682579872929,37.451581697287196],[127.15678959973489,37.4478552006017],[127.1552223993965,37.4483710013736],[127.153694199166,37.447335000597405],[127.1547323991335,37.44715329995859],[127.1546096992562,37.4457547013572],[127.15312510004159,37.4427616996649],[127.156540400612,37.442542399050204],[127.15784929967509,37.4438841980235],[127.15942970099941,37.4424033994688],[127.1597414007618,37.4440005988001],[127.1618764005962,37.4452590005197],[127.16008960117,37.4462843001303],[127.1604914007126,37.448053899444496],[127.16226070054,37.448124299713804],[127.1632427998375,37.449413999340294],[127.1636252002572,37.448753699308895],[127.164934900448,37.450642400087],[127.16285470088259,37.4513869004709],[127.16322120051609,37.4523789994788],[127.164291601228,37.452474000021304],[127.1642523001291,37.45377440006],[127.1626675006693,37.456128300999104],[127.1603723995112,37.456339000966096],[127.1588194984308,37.4551940997499],[127.15850329874701,37.4536912012528],[127.15657590067441,37.4531734017706],[127.15552390049801,37.4543550003867],[127.1547413012806,37.455288499453204],[127.1556642007267,37.4581709995751],[127.1542706008146,37.4605140016697],[127.1546241986127,37.462243803515605],[127.1482715004778,37.461236702810304],[127.1475026008514,37.4638871003526],[127.1482407008784,37.465404201065304],[127.1455758008837,37.4657128029603],[127.1446804017791,37.4679900006831],[127.1460667006237,37.4693829008945],[127.144121500163,37.4678962001493],[127.1433670008629,37.4683912002283],[127.1436846003992,37.468938800789495],[127.1414552002134,37.469804800188],[127.1405542998642,37.4695893001684],[127.1404805998693,37.468548700992],[127.1393120002057,37.469433800637596],[127.1371915987519,37.469430201764496],[127.13524689881879,37.4678098008449],[127.1334353006304,37.468093100561596],[127.13001389958809,37.4707242030047],[127.1272182003307,37.471195200986294],[127.1267486003409,37.472802900690496],[127.1257667993489,37.4703150002191],[127.1245464005693,37.4700854004487],[127.12439330072239,37.4711212994128],[127.1257756003489,37.4743382989176],[127.1270543013455,37.4740976998526],[127.1257756008892,37.4743383003094],[127.1263787002861,37.4754187992289],[127.1285729998268,37.4752508986994],[127.12961650063039,37.477099599062505],[127.13095629960189,37.475479800019805],[127.1302142993877,37.474826198902704],[127.1324919989847,37.4746124982464],[127.1325462994435,37.4713299989397],[127.13405160189191,37.4712663999283],[127.13401489997929,37.4735666988676],[127.13605630003751,37.4724507994591],[127.1376161000252,37.4746552999976],[127.1355992004467,37.4782005996344],[127.1364284005391,37.4784702999724],[127.1366057007766,37.483167700181106],[127.1350382006579,37.4886092995687],[127.1360904001905,37.4906994998734],[127.1341301009923,37.4937470008084],[127.1362372994934,37.4958691982091],[127.1395893001207,37.495775600307304],[127.1371707014336,37.4975158992937],[127.13867170034631,37.499301300294],[127.1375994998638,37.498362301097096],[127.1363698010935,37.499036000423395],[127.1372344006039,37.5002149996214],[127.136444400759,37.5036648997621],[127.1371693006676,37.5038876002192],[127.1357837007374,37.5048351002338],[127.1363124005016,37.5058199995829],[127.1397029006195,37.5074058011311],[127.1369919033305,37.5097666987702],[127.1387122016483,37.5111623974662],[127.13868240078439,37.5133854002861],[127.13671990100231,37.513921800547095],[127.13681840090379,37.514629599839296],[127.13954550035659,37.516457298334096],[127.14098729891481,37.5151381996532],[127.141484901455,37.511331497928595],[127.1432376002017,37.5155757980611],[127.1446272004692,37.5155748980373],[127.1452843009976,37.5137942993451],[127.14656790117209,37.5152852991758],[127.14810960043499,37.5150688980365],[127.1492629008979,37.5159186002833],[127.14765660085611,37.5187671998723],[127.1483176025082,37.5222838979154],[127.149993802123,37.5236482980856],[127.1517181034149,37.5277717995347],[127.154733601704,37.5316922995652],[127.1564587010908,37.5316898000043],[127.1542230996697,37.5324240033288],[127.1522315003361,37.534725601727104],[127.1497864016007,37.5351886010293],[127.1494965001172,37.5361302006823],[127.1469532998736,37.535774100161596],[127.1479714982241,37.5347269000549],[127.1466900995055,37.5332745015073],[127.1440065006592,37.5345771005642],[127.14185499995011,37.5331926007819],[127.14111440069071,37.5344875994869],[127.144728700634,37.5357684995579],[127.1453051007157,37.5375920998537],[127.1423911006017,37.5421135998582],[127.14368480108661,37.543812299267096],[127.1460379005747,37.543770799860596],[127.146160400979,37.5477244000408],[127.1449707006622,37.5485034999367],[127.1451522006934,37.5496260999384],[127.1465421009691,37.5501994002028],[127.1460608001136,37.5511345005671],[127.1446117015239,37.5507580009475],[127.14432120202339,37.5539967005464],[127.1440375994558,37.5522941007106],[127.14263290086049,37.5523633006414],[127.1426940000303,37.5530430006403],[127.140694199693,37.5516602009167],[127.1387832991216,37.5523894011759],[127.13731230059261,37.5533875001778],[127.1378284011682,37.5548149999048],[127.1364718002323,37.5555465012626],[127.13648630001781,37.5569914011312],[127.1337576013941,37.556559501775595],[127.1325162026355,37.5586037997313],[127.1334144016135,37.5598546008581],[127.13122800018029,37.559582501403995],[127.1309787004296,37.5607218002647],[127.1287981003126,37.5579725024143],[127.12774729993079,37.5597360018306],[127.1276535987591,37.5575844015109],[127.12390139518689,37.556838308906705],[127.1191640920039,37.5473863036682],[127.11426349637391,37.544583003472106],[127.1091007011613,37.5460656002431],[127.1092443010177,37.5472335990751],[127.1104121002253,37.5479104001447],[127.10931310132429,37.5483632996918],[127.1091436006556,37.5511397002708],[127.1059494000306,37.5490564018495],[127.1029869010878,37.5484404015578],[127.1018004022743,37.5488333011649],[127.100990599898,37.551299800651],[127.10080449962149,37.550020701092194],[127.09882859983381,37.5492037005704],[127.0976047010233,37.550488001214404],[127.0966244003219,37.5502300006295],[127.0953472004968,37.5527472006831],[127.0954804005036,37.554426399978794],[127.0944660005791,37.5552052003369],[127.09481630034091,37.5557827003258],[127.09230070076539,37.5556056008597],[127.0912091009007,37.557049200799504],[127.0916355009811,37.558627700162205],[127.0909448005678,37.5585376008445],[127.0905625007025,37.5602715993935],[127.0915166003343,37.5599688003123],[127.08933660144099,37.56171290010781],[127.0883618006766,37.5651462998501],[127.0909367015805,37.5657048994654],[127.0927948011061,37.5692627975349],[127.093998899902,37.5686465981511],[127.09101770185269,37.5695734007312],[127.09192780290279,37.572010600304296],[127.09104430378629,37.5738054985094],[127.0933855014451,37.577478894836005],[127.09599130271779,37.5768064956908],[127.0979507002542,37.5797786999431],[127.0966431011064,37.5801830009291],[127.0970972006523,37.5816078995042],[127.0965071014316,37.5826638009553],[127.09454990048681,37.582754100089105],[127.09593920075531,37.5836551002898],[127.09441750038131,37.5834992011094],[127.0941553006435,37.584513600095],[127.0945018002334,37.5880448000465],[127.09573980054721,37.5902047007889],[127.0920953999519,37.591825800779205],[127.0903591009751,37.593508199688],[127.0917343004118,37.5949895996206],[127.0911498009372,37.5963002987613],[127.09215280055919,37.596808700428596],[127.0906414002655,37.5965391006108],[127.0905222002133,37.5974628002387],[127.08917650054309,37.59793940162],[127.0891198005998,37.5992128003466],[127.088206700035,37.5984663005262],[127.0878280000689,37.5994100005135],[127.0871371997091,37.5993011002559],[127.0864704997301,37.5976060005862],[127.08489870070899,37.597916400281804],[127.0850977993673,37.598771200888],[127.0836981996494,37.597067000655706],[127.0812592994814,37.5970419004327],[127.07932079980081,37.594642200109405],[127.080144299385,37.5947512996094],[127.0807919993284,37.593875400026],[127.0802096998203,37.5931072999384],[127.0810107999727,37.5927136994763],[127.0816743003005,37.5940763995199],[127.0835888983859,37.5933212002751],[127.08310589927561,37.5912836005337],[127.0819843985701,37.590260800102406],[127.08252499830401,37.589857299349596],[127.0820464987772,37.5878247012613],[127.07996949949191,37.5882778005484],[127.0807882991607,37.588279099531604],[127.0807657991832,37.586839700971],[127.07923669978399,37.586565799949305],[127.08203129965949,37.5850072997429],[127.0819891997805,37.5842037000042],[127.0783851995304,37.5810629997939],[127.07964649961579,37.5808818998844],[127.08011109946369,37.5792364000306],[127.0814117997548,37.5788779001231],[127.081081499799,37.5781536006744],[127.07960989976259,37.5780978997809],[127.0801810994815,37.5774976001887],[127.079202399412,37.5763540999674],[127.0794862985321,37.569603298375796],[127.0779945994258,37.5665615003827],[127.07566129907319,37.5650648011219],[127.0753824977113,37.5632386008117],[127.07285059921199,37.5600953021058],[127.0706296002519,37.560699900087506],[127.0729091002356,37.5641657005177],[127.07177590024091,37.5637498005829],[127.07040809999519,37.564940300056],[127.0701532996892,37.5643784007735],[127.0690656007086,37.564774100403405],[127.06824590013339,37.5666149004645],[127.0662424004007,37.5639197005821],[127.066186401115,37.5651715002991],[127.0650293998676,37.5658259005406],[127.06298669990579,37.5658095004657],[127.0623478001198,37.5645133008011],[127.0608684997711,37.565350100465004],[127.0596158994524,37.5644355004188],[127.0586195004488,37.5652268996274],[127.0588619011791,37.567167900853704],[127.0574775011047,37.5672563999506],[127.0583350002448,37.5681421001483],[127.0564581005561,37.5682891001244],[127.05600989955701,37.5692602003884],[127.0550129996287,37.568184200530595],[127.0540763003453,37.5686072001154],[127.0534647005403,37.569379000375996],[127.0538813002937,37.5712804009556],[127.0533225994798,37.5702979008088],[127.0510081011279,37.5709775000092],[127.05142670001989,37.5717669005115],[127.05007660027249,37.5708883005844],[127.04819610001199,37.571965900099805],[127.0480387995038,37.570908800705695],[127.0457664998772,37.570385600830704],[127.04246250051659,37.572391100135995],[127.0422733002698,37.573314599420804],[127.0439871010443,37.574640299633096],[127.0440404002616,37.5761757997684],[127.0461566000409,37.5766086999814],[127.0441743006469,37.5777517997671],[127.0449472005362,37.5793131987266],[127.0463107002478,37.580414099064996],[127.0474361002583,37.5803010998367],[127.0475325004433,37.582002699426894],[127.0499097002608,37.583442999113906],[127.0509738002029,37.5852473003375],[127.0470932995891,37.5855232003417],[127.047277898996,37.584614099919],[127.0464479998259,37.5838723006608],[127.0454977004693,37.5841071002163],[127.046060899935,37.5847438009208],[127.0435302997307,37.585374900818294],[127.0402778999598,37.5812599006828],[127.03948710034851,37.5812404004369],[127.03860760012681,37.5831326003144],[127.0362301012146,37.5838584004555],[127.03652020026979,37.584851001069],[127.03623009978699,37.5838584010982],[127.03529469897549,37.5842783006325],[127.0332159998822,37.5827996007874],[127.03178750066199,37.5829404010251],[127.0323233003712,37.5858219994384],[127.0336762004938,37.586327300126804],[127.0330665000029,37.5875803005054],[127.03176690018749,37.587387800265],[127.0321043001644,37.5882525002074],[127.031205400191,37.588857700176],[127.030362400338,37.5882962006324],[127.02912929983269,37.589717400575594],[127.0286048998246,37.5888080006942],[127.0281739000968,37.5892811008894],[127.0286048995181,37.588808000216304],[127.0282696998533,37.5882261007982],[127.0275777990475,37.588759000182804],[127.02809289900651,37.587843500255396],[127.0268399000665,37.5865338013553],[127.02403930071999,37.5872834015578],[127.02347690128241,37.588606200235],[127.02414300022889,37.589272900170094],[127.0230940004536,37.5888990007697],[127.0222249013227,37.5896861999825],[127.0232953018141,37.5933756005752],[127.0247858003236,37.5941879997628],[127.02274770149009,37.5955734001583],[127.0225030017348,37.5966040991276],[127.02519480211859,37.6008205984898],[127.0260067013067,37.601686597623804],[127.02889589939579,37.6009828991265],[127.02900699928469,37.5998738002356],[127.0282445994164,37.5993241992677],[127.0296956001621,37.599163999644205],[127.0291212006679,37.600757599668505],[127.0307815001895,37.6006427994482],[127.0314494003032,37.6020527994825],[127.0336482007579,37.603209500220196],[127.0321551006542,37.603535700056604],[127.03351430012789,37.6043580999944],[127.0321944003603,37.6049320004307],[127.03263510021809,37.6064345993303],[127.0334133999695,37.6065859003408],[127.031070501868,37.6073206012584],[127.0319852009533,37.6092191993598],[127.0346841009927,37.6095885996297],[127.0350181004258,37.612808999395696],[127.03555470148531,37.6125986000514],[127.0346223004306,37.614713800165696],[127.0350644021525,37.615322799955],[127.0291905999517,37.6190095003129],[127.0291384993932,37.61843000020939],[127.0261400995444,37.6176079002404],[127.0258588996586,37.6163216006571],[127.0246920996479,37.6155904002796],[127.0253354993751,37.614183599041596],[127.0270772995753,37.6137580999957],[127.0272767993758,37.6125806011732],[127.02394429971879,37.611940700191695],[127.02727679913579,37.6125805977515],[127.0285367983835,37.6111115989407],[127.0279066990136,37.608405701646596],[127.0256790000405,37.6090264004908],[127.02539069904161,37.6098614008045],[127.0239362000425,37.6096783008989],[127.0230286991667,37.6107600005791],[127.021366499499,37.6096576014484],[127.02180899915611,37.6083775007735],[127.02044309918459,37.6089100004418],[127.0209556983648,37.6081808003675],[127.0171011999005,37.602902600351904],[127.0135408002959,37.6058319008175],[127.0133565991755,37.604901900419705],[127.01058929982351,37.6050788012467],[127.0110704982813,37.603173600298895],[127.010323699283,37.6021751992839],[127.0113243002757,37.601340499859496],[127.0116556008075,37.6024738990816],[127.0129524995106,37.602720898834605],[127.0136076988554,37.6014360001195],[127.0122242996064,37.600753599851394],[127.0136401994335,37.600455699751095],[127.0113229999705,37.5991670006103],[127.0109166998687,37.5979460008617],[127.0092645982554,37.598407100392905],[127.0094501980698,37.596481502318504],[127.00656269843681,37.5964715009283],[127.00861529751761,37.594597800826804],[127.00804529808761,37.5937792016454],[127.00734439878849,37.5932470021776],[127.00568430044859,37.594042001382604],[127.00478440053861,37.5936357015382],[127.002900400889,37.5948749021129],[127.0026452011442,37.5962830007048],[127.00036459983589,37.5945477009859],[126.9995881004933,37.596454801474195],[126.9968003998596,37.5959236006964],[126.9973851994794,37.5954819002149],[126.9953795994203,37.594312699251304],[126.99609809893239,37.59260210024],[126.9950079996311,37.5927034002872],[126.99642609901589,37.5918081994386],[126.99581229962969,37.5908262004206],[126.9928456998563,37.5910613003255],[126.9929265993351,37.5897255005088],[126.9919669002948,37.5893912008431],[126.9919368995392,37.5900127002972],[126.989232898572,37.582921502656596],[126.98719300061191,37.584929000649105],[126.9851643993838,37.5842361014384],[126.9830293995391,37.585327000436],[126.9798198001013,37.5843068004681],[126.9793513987121,37.5849682997766],[126.9802379993022,37.581921800703704],[126.9774656999856,37.582964300225804],[126.9777016994583,37.581781400546895],[126.9764267007333,37.5817559005724],[126.9766488004477,37.582906799545505],[126.9757167003238,37.5827714005178],[126.9754166995802,37.5837618006565],[126.9749579990518,37.5830084008759],[126.9723452997793,37.584152100213394],[126.9703765003705,37.5838436005366],[126.9686681000736,37.5826237005336],[126.9674169004664,37.582859400855],[126.9660124996292,37.581319400355795],[126.96458349873241,37.577333401367],[126.9627247005912,37.5770263016741],[126.9619682013477,37.5782515004489],[126.96005150111671,37.578303700694],[126.9591352996467,37.579261401072],[126.95618659985199,37.5771379014127],[126.9541088000305,37.578319800547405],[126.95424560035039,37.5807079001745],[126.95241660189721,37.584819699699594],[126.9511054000442,37.5849366008043],[126.95106890072759,37.585928000589],[126.95025419928861,37.586173002729005],[126.9480552000598,37.585330900753604],[126.9471979009171,37.5859923000922],[126.9481334004215,37.5870595009045],[126.94602019980101,37.587358200178095],[126.945437200384,37.586647500888795],[126.94484910097209,37.5871970003393],[126.945296000936,37.5878173003766],[126.9440869005362,37.5880925004182],[126.9431920002517,37.590210400393694],[126.9419910014527,37.5909051996989],[126.9435801999113,37.5922009005233],[126.9424055999478,37.5925888002091],[126.9416262999209,37.591713400314305],[126.94069590003349,37.5926941017981],[126.9394249983581,37.5915252005576],[126.9406475990425,37.5897596003856],[126.9399396986279,37.5890060004034],[126.94082629880499,37.5877843004937],[126.9404946997888,37.5860839998521],[126.94341979972211,37.5857534984901],[126.9437315001493,37.5844228994969],[126.9449610002308,37.585000099647104],[126.9448693000806,37.5864968989741],[126.9456399993099,37.5861977992732],[126.94566999962271,37.5854799996511],[126.9477500992162,37.5846800003818],[126.9459484986645,37.5836437993839],[126.94753040021291,37.583868098958796],[126.94940889839249,37.5820240984203],[126.949497600305,37.5801132971933],[126.9520092999219,37.5788562997338],[126.9521581000689,37.5802003986607],[126.9534062988207,37.5784534004077],[126.95220279948259,37.5769457001701],[126.9537720981439,37.5757755996684],[126.9519671994754,37.5746190995381],[126.9538742991889,37.575281497794606],[126.954571198492,37.5730534000227],[126.95413639867189,37.5722832003949],[126.95209460071369,37.5703076023705],[126.950979299686,37.5709678031325],[126.9483794022859,37.5707090033913],[126.9475854030799,37.573269600830706],[126.94899579950801,37.5748053009846],[126.9435940991979,37.5747702010254],[126.94163210115991,37.5736504021452],[126.9411268016652,37.5751918006038],[126.9391922003705,37.576053701332],[126.9393702004215,37.577901601121795],[126.9387376996919,37.5767472004803],[126.9364839999536,37.5766277016061],[126.93576370067389,37.5776291006047],[126.9360115004261,37.5786119996218],[126.93693960023221,37.5787192994906],[126.9362954004813,37.5797515005821],[126.9311307999921,37.5771861004292],[126.9287808002993,37.5772878006126],[126.9279501015374,37.5831453990643],[126.92899780128751,37.5842141990945],[126.92732290103669,37.5850268001263],[126.9266525011292,37.5878084016512],[126.92548140011509,37.5879868010663],[126.9256212003879,37.5898999004436],[126.9248543008876,37.589930700575394],[126.9241824020862,37.5916384997439],[126.9247551015135,37.5927175986648],[126.9289823019941,37.5927874989633],[126.9296082018115,37.595619199426004],[126.9313828002331,37.595368599839],[126.9325121998899,37.5980749990202],[126.9334914989106,37.597742199353],[126.93388259984751,37.596495499465405],[126.9353196995488,37.596621399437694],[126.93521629970759,37.595691999457],[126.9384607006768,37.5961442989215],[126.9404903003461,37.5953956993625],[126.93859140041181,37.5967009001914],[126.9375355028557,37.603974798920106],[126.9422437036243,37.611614899005296],[126.9378827023604,37.6152800013939],[126.9364773996471,37.6154812024485],[126.9353337006355,37.6172728006254],[126.9367586047869,37.6201318985663],[126.94023420444951,37.6225704010011],[126.9388806983689,37.6235842027596],[126.93606300118661,37.6230087033351],[126.9339736027047,37.6264879005474],[126.9354457005451,37.6278725002601],[126.9311043999717,37.626194202491],[126.9296441995372,37.628963800823904],[126.9287886996981,37.6279913004744],[126.927192198885,37.6278509036363],[126.9267296993033,37.6268814007254],[126.9253333998803,37.6273238004841],[126.92571059908781,37.6268562994162],[126.9245050002934,37.625769000503496],[126.9218532008112,37.627277500222796],[126.9207142019502,37.6301845973157],[126.92421309977641,37.6314862993736],[126.92400620043239,37.6324609995841],[126.9258562002174,37.632105699505196],[126.9253881007902,37.634131599432],[126.9263437998345,37.6349077986558],[126.9270441009062,37.6341192992775],[126.9269847005806,37.634685500190905],[126.9253660005578,37.635372000119496],[126.92600060071989,37.6357892000841],[126.9253705012224,37.635972000392606],[126.9258818012208,37.6386002008588],[126.92534330135,37.639788804409],[126.92320800054401,37.6380456029648],[126.9213858023662,37.640814600195796],[126.923050800661,37.6426147002917],[126.9204446004535,37.6438753006279],[126.9184061004164,37.643834400351004],[126.9185591000128,37.644738400106704],[126.91552749917349,37.642815800139005],[126.9158652988357,37.6413494016054],[126.9149082997927,37.6391517038031],[126.9125831978769,37.6374074019372],[126.914097397932,37.6363640997993],[126.911929999804,37.636007900075604],[126.91135409686899,37.6341704997805],[126.9148604979654,37.6342176986817],[126.9180512987278,37.6324799973753],[126.9194427998289,37.6280335006631],[126.9170874999313,37.6266320006317],[126.9167293995712,37.6270971004917],[126.915725497561,37.6242617026538],[126.9123272990966,37.6243525020975],[126.9125259995426,37.6232506009433],[126.9108385994688,37.62245270105419],[126.9125890989733,37.6201067996789],[126.9116926998697,37.6191685006172],[126.9109508993082,37.619568699877604],[126.9118083997757,37.6169246997866],[126.9112275995964,37.6164619995027],[126.9119356995131,37.6161458997087],[126.91168829968639,37.6152960003312],[126.908579999906,37.615480000442595],[126.9082290995275,37.614932000395804],[126.9095848996477,37.6112727000305],[126.90916749966169,37.6100924010368],[126.9062966990554,37.6085949995323],[126.90751699828449,37.606331401051705],[126.9051800002487,37.605247701250796],[126.901705101031,37.605971305441],[126.9019096989296,37.6036983022995],[126.900522295922,37.6012750019734],[126.9011941947285,37.596977298975396],[126.8998854960372,37.593601702351],[126.8981837972863,37.5931304021419],[126.89960859703709,37.5906997007631],[126.8949385999211,37.5889146023716],[126.8911394013855,37.5898441021649],[126.89007960017861,37.588772303046206],[126.8855446003802,37.5886231011744],[126.88445729982399,37.589300700497205],[126.8843638994433,37.588313398931795],[126.8857154980917,37.5881243991208],[126.8856545981526,37.5860304012148],[126.8820555994878,37.583252199712796],[126.8839601984656,37.5821531995486],[126.8831038993424,37.580783300807],[126.8820971988081,37.580980498903],[126.8850040969581,37.5775470007857],[126.8833209990556,37.5737123987905],[126.8865386978768,37.5713242999432],[126.88424789993931,37.5688202995285],[126.8850417992514,37.5690496992418],[126.8850592001272,37.5670049995923],[126.8859753001848,37.56793849912739],[126.8894642984547,37.56647919995191],[126.8887713991476,37.5646674017637],[126.8875792987489,37.5628849028145],[126.8824903014793,37.5646536024765],[126.8808038000369,37.5660411002084],[126.8799825993057,37.5657626004008],[126.880603399365,37.565120400472395],[126.8790575998388,37.5646081003754],[126.8800653987019,37.564103100495],[126.8746962030468,37.554989209591405],[126.8617874065462,37.564172106764204],[126.8595211073323,37.5673483053712],[126.8642369026165,37.573749398970094],[126.8680292002708,37.5731338995971],[126.8666329997206,37.5732087008156],[126.8623007999638,37.5761795010416],[126.8622805997326,37.5753231992112],[126.86324089877229,37.5754078991265],[126.8642368975802,37.5737494004933],[126.859521102296,37.5673483068944],[126.8558023060148,37.567675706567],[126.8524369013457,37.5697056088433],[126.8491049046777,37.5704670080819],[126.843945800857,37.5751408089109],[126.8348612023493,37.5787932095668],[126.8335961990398,37.5742725019593],[126.83163820011801,37.5749646006846],[126.8285322024945,37.5776775990092],[126.829057899772,37.578842700965204],[126.8264240012821,37.576410402798],[126.8239387016106,37.5771339027071],[126.8217907004611,37.5763544012711],[126.8191715030803,37.5780373995881],[126.8181766013419,37.5804404017863],[126.8168942009732,37.580768501483796],[126.8144506003003,37.583393801175504],[126.8118402990154,37.5834095016962],[126.8101368007189,37.5823112027945],[126.80724620102549,37.5826541042174],[126.8059425990693,37.580160800943204],[126.8047886000435,37.580631400617],[126.8023151011641,37.5793210012117],[126.79917960000991,37.581902400311996],[126.7984297000482,37.5810649011456],[126.79738659882639,37.5819208001005],[126.7984296986404,37.581064900109304],[126.79813849966139,37.5795593993005],[126.7992492996413,37.579892799058506],[126.79951389937669,37.5789520999992],[126.7985494992504,37.5784273004326],[126.7985675998972,37.577286801068304],[126.79744450016919,37.578289100798],[126.7958203993537,37.577875000399295],[126.79908709640529,37.5760174996477],[126.79889969659271,37.5711715044937],[126.7971767953704,37.5697638028177],[126.7988997005788,37.571171499729296],[126.7993937003088,37.5758302957253],[126.80062629941041,37.572519199299805],[126.8025624988191,37.5723998983245],[126.803845399126,37.571147199273696],[126.8033780993776,37.5695627997475],[126.8043332988424,37.5680287006308],[126.802456799468,37.566965500185304],[126.80182379832189,37.564436301729394],[126.8001116000341,37.5643951017706],[126.79681789916259,37.5624330001926],[126.79655049940679,37.5613543996905],[126.8010809994952,37.5610990992378],[126.80223929993349,37.5595927991479],[126.80336079942089,37.559590898642604],[126.8037177990639,37.5583227999107],[126.80657879877239,37.5569428995911],[126.80637989888,37.5561358999228],[126.80723329903789,37.5564599992315],[126.80971429714299,37.5539131004016],[126.81098919956469,37.5510346971854],[126.8140168005834,37.5507353998541],[126.8139400005743,37.5534555992774],[126.8146426998716,37.5539205988124],[126.8164332996511,37.5521561995764],[126.81650689980059,37.549696700103596],[126.8159334999945,37.549526999636896],[126.81698010042419,37.5488078993144],[126.81650690058709,37.5496966997515],[126.8171939999,37.5511957982524],[126.8198447985491,37.5485511001746],[126.8200845982129,37.5476700999921],[126.8188028998994,37.5469177998756],[126.8200845993996,37.547670098899594],[126.82105339981419,37.5465094993971],[126.8207477998079,37.5457652999784],[126.82314319883001,37.5455919996813],[126.8207678005175,37.543230201687805],[126.8197815998713,37.544096100397],[126.8207677982313,37.54323020044011],[126.8204508985482,37.5416534020169],[126.81857009773191,37.541451600582405],[126.8164306993513,37.5379189998892],[126.82039239840951,37.537831997545105],[126.8211193971894,37.5348599993779],[126.8218139997072,37.5349448976627],[126.8226235988976,37.5328989997086],[126.82572099854261,37.530860298628],[126.8263126979509,37.5275368019515],[126.8239379002118,37.5280720012004],[126.8231010987556,37.5275681001769],[126.8243772986213,37.5268493001682],[126.8241027997921,37.5263006996258],[126.8266002998666,37.5258524997589],[126.8302217963658,37.5210990005511],[126.8304714970683,37.5191124970407],[126.8292504982893,37.516351799801406],[126.82984589805139,37.515101600404904],[126.8286675992297,37.5140024015041],[126.8229881030014,37.513530000651],[126.8211258027449,37.519219301341906],[126.8188326008427,37.5196585031835],[126.8170240024021,37.5231110005455],[126.8174842019419,37.5251856984708],[126.81883090059519,37.5260079976485],[126.81991010106461,37.5256331996302],[126.8176444014508,37.5270555004248],[126.8178608013371,37.528215599843],[126.81608760080421,37.528980600481795],[126.8161224000323,37.5305439015032],[126.8118758012143,37.530149002994904],[126.8096516034385,37.5321390010049],[126.81021390034469,37.5355280010098],[126.8098380995817,37.5336581013989],[126.8070522001694,37.5363284019029],[126.80638169880861,37.5342177019767],[126.8042332009571,37.533989002205395],[126.80320320046489,37.532873201413295],[126.799494000642,37.5323995049284],[126.79749629945641,37.5312798008969],[126.7953134001357,37.5318703012028],[126.7956998986027,37.5306536013348],[126.79468099962159,37.528923503064895],[126.7919904005423,37.529669302664004],[126.79239659911231,37.5283509992382],[126.7958217991665,37.527994698733],[126.7979377982714,37.5255966999051],[126.796243599798,37.5231799008248],[126.7958967991719,37.5237194004213],[126.7934328006788,37.522631101109496],[126.7923225005205,37.5236905007884],[126.7903317998353,37.5230403008334],[126.7889916984271,37.5237558001972],[126.7888736985524,37.523223099770206],[126.79033179955,37.523040299280396],[126.7912097986389,37.5208757992979],[126.7938636986875,37.519705699991505],[126.7912140999982,37.5183102004692],[126.7898537985038,37.5187631001925],[126.78985729850409,37.517771200518496],[126.7879913003701,37.5177688005209],[126.7860741013581,37.5197899003687],[126.7846754999983,37.5201536005242],[126.7846774989209,37.5195163006399],[126.78257739852869,37.5195198000024],[126.7823104987867,37.5176705002827],[126.7795304999905,37.5159144007362],[126.77530589999871,37.518425000282],[126.7753107994269,37.5173485007684],[126.7724166996926,37.5179062005594],[126.76930059934669,37.5146808004176],[126.7651421005266,37.5150810009968],[126.7654982003612,37.516270000513096],[126.7647943986307,37.5165787013963],[126.7633809000442,37.5150778028972],[126.7622414986436,37.515079801565605],[126.7626772985892,37.5137792011932],[126.76071749987909,37.5142705008545],[126.76019049968889,37.5122773018079],[126.7576784004336,37.5124409018562],[126.7569957005326,37.5150409015596],[126.7546739992342,37.515915000534896],[126.75368539985439,37.5152961009757],[126.7517700986719,37.516260101908095],[126.75123719902281,37.5147229006836],[126.7492180991067,37.5144959003525],[126.749125799199,37.512930301918104],[126.74722470033771,37.511438303343205],[126.7453117019532,37.5135802013147],[126.7463433004485,37.515313299816405],[126.7471022004458,37.5151365005112],[126.7454195009378,37.5155601007144],[126.745552600684,37.5167600005923],[126.7452057000381,37.514960700488906],[126.74209660018249,37.5152361006417],[126.7407559993586,37.51360240054041],[126.73941599970401,37.5135438001157],[126.7374562000124,37.5120935009303],[126.7351824001395,37.5142865000252],[126.732608101109,37.5147147008369],[126.73277140094571,37.515953799597796],[126.7337521004559,37.51588930024],[126.73214690070981,37.5161442004106],[126.732256597971,37.5171998005825],[126.73137219875379,37.5144680028262],[126.7292074003293,37.5137417035792],[126.7300156987964,37.512319100776196],[126.7282718998123,37.5114517016472],[126.7265319999814,37.5117907010897],[126.72599340052,37.5129915998888],[126.7279039006557,37.513771400219106],[126.7273513012083,37.5165542974362],[126.7283436006438,37.5184784006171],[126.7256268000534,37.5182646005952],[126.725508400003,37.518792600157596],[126.7239802003168,37.5177956008569],[126.72217650013981,37.5179895000773],[126.7217592006496,37.5194483993686],[126.72261430076661,37.5203031997802],[126.72347310077441,37.520066299477804],[126.7239576007104,37.521479400267694],[126.7219008005399,37.521084901054095],[126.7220567990016,37.5228877005817],[126.721900797499,37.5210849015615],[126.71923789686839,37.5210535001984],[126.71894659702309,37.5181882016565],[126.71582119683109,37.518383801679605],[126.715662796708,37.5168263997601],[126.71582120048299,37.5183837977245],[126.71878819735511,37.516629897904096],[126.7214399995755,37.516149999729606],[126.7204340954582,37.5122295002937],[126.71582529791601,37.5119777001538],[126.7154921976028,37.509264201932695],[126.7092990004318,37.5101968013227],[126.7067153013302,37.5128317003416],[126.7052085011202,37.5129218016178],[126.70518560016099,37.5146099015553],[126.7037032984745,37.5148030028704],[126.7024463993091,37.5129217012689],[126.70166329886321,37.5133799009069],[126.7015914988231,37.5125257010711],[126.699943098586,37.5121520002684],[126.6999078984798,37.508935702032204],[126.69519609774801,37.509235699590796]]],[[[127.0927908976864,37.3408280971149],[127.09266609930451,37.3373631996749],[127.09391600039159,37.3369814995116],[127.09369410037209,37.337555199535],[127.0958281993109,37.3376965998329],[127.0949781998176,37.335630999999296],[127.0969721003473,37.3355752995483],[127.0983182994273,37.3331842999877],[127.102860700013,37.3301441991202],[127.10335180080399,37.3309794999851],[127.1023201016122,37.3323981989761],[127.1028140010468,37.3337864000579],[127.104803599135,37.3340847997542],[127.1054281989346,37.3334017998103],[127.104796299396,37.331547200025305],[127.10529250000451,37.3311206998444],[127.10623670041349,37.3318065996885],[127.1065257012665,37.3343714991135],[127.1090099987822,37.3338878995971],[127.1088439986909,37.3330551984961],[127.1094686001592,37.333052598796606],[127.1106918006039,37.3356591993221],[127.11230040215719,37.335561599487995],[127.113936900158,37.3365951999127],[127.1123004012742,37.3355616013174],[127.1117224018522,37.3374167994622],[127.1128697007049,37.3380626988163],[127.1144341997694,37.337027399782194],[127.1151425008386,37.3375767004144],[127.11440830003589,37.3387714000994],[127.1141511995946,37.337480300931304],[127.11286970046001,37.3380627003607],[127.1113039008643,37.3415537011866],[127.1098019012494,37.342512400591694],[127.109937601055,37.3435590998547],[127.11453920039969,37.3430858989287],[127.1160718004185,37.345168399455396],[127.11775010126469,37.3454092998524],[127.1173160004287,37.3464559992028],[127.1190134,37.346456499819205],[127.1183759007435,37.3485133979431],[127.12079490336521,37.3485377987437],[127.1183759013427,37.3485134005157],[127.1181410015642,37.349291999905496],[127.11812760157889,37.3500962998041],[127.1198686003608,37.3510010995187],[127.1200622011665,37.3542862004742],[127.1183418994979,37.3546486011173],[127.1145154001907,37.353382701428295],[127.1139958005757,37.3547788014428],[127.1116373004083,37.3555750004567],[127.111123000448,37.3578933986169],[127.1134918009152,37.359511599741396],[127.11468499972199,37.35994259931039],[127.11468600060351,37.3593723998806],[127.11681930015091,37.3609666998299],[127.1156036012143,37.360972700088],[127.1164378003801,37.3622377988229],[127.117504199804,37.361560099277],[127.11903310089319,37.363447699524905],[127.11776999999569,37.365029900261206],[127.1166265003393,37.3640822004509],[127.1161808007158,37.3656557001485],[127.1167730001241,37.366143299833595],[127.1227651003923,37.3669837997908],[127.1215514001785,37.367615200667004],[127.1206352008706,37.3702063995958],[127.12144570064629,37.3705337999008],[127.12180480034121,37.372178400000905],[127.12084270032089,37.3719781006997],[127.1207624003128,37.3734443005647],[127.11928910030551,37.374694599992495],[127.120405599884,37.3752597996637],[127.1210053005098,37.3746248999143],[127.1196437013782,37.3789735988191],[127.1231466000713,37.3841166984571],[127.1239045003659,37.383428699355505],[127.1235134000705,37.3843791998109],[127.1249955004223,37.3842788995564],[127.1263484994775,37.3858753984788],[127.1271747011767,37.385798899437795],[127.1281127014403,37.3878139976865],[127.1277198993866,37.388163300584104],[127.12707949975099,37.3867728012643],[127.1252463006095,37.3875980000469],[127.1255461999877,37.3887089998395],[127.1260441005152,37.388251700431695],[127.12542260073249,37.390013700054894],[127.1261942000676,37.3905716995367],[127.1251445007661,37.391829700421],[127.12553590050881,37.3936051997494],[127.1264760995686,37.3936703996842],[127.127053499658,37.391698999676706],[127.128501599231,37.392705799255104],[127.12790279910661,37.3907170000196],[127.12849179955961,37.3904369998896],[127.1304011002174,37.3935031994421],[127.1325554009488,37.3922327995583],[127.1326029005047,37.3942118997742],[127.1308102021685,37.395725799458404],[127.132659200952,37.3987307999827],[127.1286712003459,37.3993503004359],[127.1288852999589,37.400837000400706],[127.1284153994569,37.3993385007946],[127.1276097002626,37.399940800192304],[127.1273742996718,37.399271500861595],[127.1215925999203,37.3996688001915],[127.1218515994848,37.3978374002267],[127.1211811000616,37.3967848009035],[127.12012750111519,37.3971620005263],[127.1192133007466,37.401494300790304],[127.1178516015635,37.4026544999953],[127.119914000154,37.4046130998154],[127.11945820033219,37.4058165001172],[127.11539350187469,37.4078772999324],[127.1152713995472,37.4067790002804],[127.1132491010414,37.4068956018118],[127.1128870986357,37.4062525011811],[127.1105327005086,37.406992201369995],[127.10961950015229,37.40568770125],[127.106573697657,37.4071510022354],[127.1064626984723,37.403966901428504],[127.103997800461,37.4034260006672],[127.1037247998645,37.405589902712],[127.1024425989921,37.4064851023906],[127.1016431986715,37.4060292016952],[127.10146279885129,37.4045039006514],[127.1022245992165,37.4039947003474],[127.0994163983596,37.4024683008464],[127.1013613979769,37.3991934994061],[127.0994621998761,37.3974361011635],[127.09880389979729,37.400014700403],[127.0969885991941,37.3977555004234],[127.0985864999699,37.395288999882],[127.1000922999474,37.3955718995373],[127.1002584000835,37.394754399541995],[127.0999242016251,37.3959867003594],[127.101347300255,37.3966808001232],[127.0999242002015,37.3959867012865],[127.09946220066351,37.3974360998371],[127.10332459905929,37.3978419986658],[127.1042811988208,37.3957435000492],[127.105889999472,37.3948992997314],[127.10225409953979,37.3919901001923],[127.1013792996371,37.3885996002015],[127.09903699942069,37.3880800000298],[127.1014686986366,37.387636098914],[127.10230790019659,37.3860267989348],[127.1035655989389,37.386771198190395],[127.1050647974397,37.386067298894304],[127.1063706999075,37.3834350958417],[127.10675669952151,37.3793688999079],[127.1083672984221,37.3789217996752],[127.1076986990907,37.3778105007865],[127.1063191999874,37.377552500388],[127.10654839990039,37.3765201007227],[127.1048664984794,37.3747625021248],[127.10406809768871,37.3724182992456],[127.1058184975406,37.370079999267],[127.1041305985716,37.3683024987153],[127.1053020985625,37.3649670002076],[127.1042371996274,37.3637169014577],[127.10160570128569,37.3637409014346],[127.101403300012,37.3668297015754],[127.1007281994968,37.36288380063],[127.0981175004433,37.363216000720904],[127.0977635999128,37.3638937003833],[127.097144599593,37.3634226002898],[127.09796179984319,37.3625228997306],[127.1007713998451,37.362139396488296],[127.1016010990154,37.362156396471306],[127.10267570056061,37.363756598015605],[127.1048523985844,37.3632808984528],[127.104112496504,37.3599099987177],[127.1047780969758,37.3575651999608],[127.1042438999914,37.3540574020447],[127.0993892985175,37.353480902475404],[127.0972269958971,37.345613800723704],[127.095088098036,37.344193102144395],[127.09650809850679,37.341350700686],[127.0927908976864,37.3408280971149]]],[[[126.7798276986742,37.4378073000058],[126.7808016990406,37.436913600000096],[126.7798510986516,37.4364358000198],[126.7802108996389,37.435884699691],[126.78587929993401,37.4348718973105],[126.7868549989583,37.4336081985742],[126.7886826000946,37.4349184985117],[126.79000309974181,37.434003499035505],[126.79169950186929,37.4352169988886],[126.7910843024478,37.4362963008964],[126.7919938015383,37.4378375993551],[126.79356659979581,37.4381360997386],[126.7935442004291,37.437599999671],[126.7943212004935,37.4387892001791],[126.7914329005937,37.440314800430606],[126.7917809005973,37.441093599794605],[126.7906938001285,37.4433934999961],[126.7917561001823,37.4458077979553],[126.7927121999709,37.443292099318],[126.7948579004928,37.4445733995341],[126.7968720997775,37.4442428997841],[126.7973016001507,37.444990599711396],[126.801175800426,37.4453774987582],[126.80193920020771,37.4470337002373],[126.8008962007643,37.4467659006174],[126.7995270021335,37.4476133997699],[126.8015154025743,37.4535361028827],[126.80009470027291,37.4521406016958],[126.7970590993311,37.452914902029406],[126.79385019894289,37.4562203009888],[126.7922065990167,37.4533095027559],[126.78949400172931,37.4531471029183],[126.7879938019542,37.455034402113505],[126.7874478993938,37.454739000245596],[126.78819279935911,37.452099500436105],[126.7875701994982,37.4519077998455],[126.7888598995035,37.4511457996436],[126.7894939998978,37.4531470985401],[126.7922065971852,37.453309498377706],[126.7919003975781,37.450679400809896],[126.7903133991651,37.4504108010785],[126.7895456994357,37.4494208004788],[126.7899426991243,37.4485129004878],[126.7888787999811,37.4483056006015],[126.7885598001299,37.448922700257896],[126.7872581007087,37.4479781014504],[126.78603559983691,37.448134900752],[126.7875135991323,37.4469445992897],[126.7870052997374,37.445932299774405],[126.7879148995077,37.4462591991887],[126.7892342987958,37.444762400447004],[126.78871599908709,37.4439195009332],[126.7866995999843,37.4442765010062],[126.78621729998041,37.4434854009868],[126.7851532997996,37.4445594010664],[126.7845849000006,37.4427604017882],[126.7822122998108,37.443599900389906],[126.78107019964081,37.4418960005822],[126.7802699993937,37.4419582004735],[126.7809488991327,37.4411779001725],[126.7805945992614,37.4403401003211],[126.77980909974549,37.4405204000482],[126.7805945992128,37.4403400996898],[126.77981509954259,37.4386912000026],[126.781158398663,37.4382477000008],[126.7798276986742,37.4378073000058]]],[[[127.1208082998118,37.413086899961],[127.1218909997638,37.4124389998738],[127.12159509860109,37.4116078995344],[127.12311199951651,37.408615199524],[127.1254548000277,37.407268799316995],[127.1264637996274,37.4075813998891],[127.1268394999919,37.4067066996016],[127.12794340008901,37.4069109992802],[127.12889649913589,37.4062178999733],[127.12853490013791,37.4048947977991],[127.1300058009121,37.4061209992133],[127.128896500685,37.4062179009081],[127.1292085005784,37.4078988995055],[127.1304469995294,37.4082769991264],[127.1297856997516,37.4071197001362],[127.1307947001628,37.4068047992679],[127.13222900004469,37.4085521986373],[127.1338801005074,37.4085524997716],[127.1343824003618,37.4126137996139],[127.1354869001784,37.4133875001761],[127.134383500423,37.4129930007086],[127.134416000391,37.4142999994995],[127.1352265004976,37.41429199999531],[127.1339195002073,37.414969100379004],[127.13441110016629,37.4157707001356],[127.1329503998197,37.4144389011409],[127.1311055999152,37.4144110005538],[127.1305965004091,37.4158173995815],[127.1320777018511,37.416730400057496],[127.1300375005947,37.4168703018996],[127.1291543014782,37.419100800801104],[127.12839510052251,37.4191144009542],[127.1262702996329,37.4178089000117],[127.12597869912601,37.4152839008165],[127.1243376002033,37.4163108003942],[127.1208082998118,37.413086899961]]],[[[127.0871084996337,37.3181766998712],[127.0882180004924,37.3187966992578],[127.0900310997039,37.3180756994658],[127.090607499932,37.3192970996148],[127.096168699266,37.318609798777395],[127.0974761997824,37.3177231991584],[127.0979923002508,37.318920899721604],[127.1002002001601,37.3187814995971],[127.1019900005144,37.320495799264805],[127.1010370010686,37.3250969001264],[127.102391900552,37.326641199998896],[127.10061059990909,37.3274860002549],[127.09925239956459,37.3263088022025],[127.097028899688,37.3259121012523],[127.09444960027051,37.327968101931496],[127.09418509925331,37.3268162010671],[127.0925358991603,37.3264439005289],[127.0921324990589,37.3252815009928],[127.0903803992908,37.3255401999503],[127.0900625996086,37.324457501033],[127.08887320079799,37.3254989999915],[127.0906019003406,37.3261538001301],[127.08968039944591,37.327187901623596],[127.089707599576,37.3263080002777],[127.088382399772,37.326219899923196],[127.08961459877891,37.3233657995499],[127.0889352994582,37.3222673006484],[127.0879633990997,37.3226894003509],[127.0885398993869,37.3213303002289],[127.0874822994199,37.320663000158206],[127.0885398998744,37.321330298371],[127.0888597995545,37.319892299809],[127.0874652998208,37.3196404005275],[127.0882179989975,37.3187967000375],[127.0871084996337,37.3181766998712]]],[[[126.7167974994781,37.53057910057559],[126.7178669996234,37.530213999661804],[126.7180310998315,37.5288227980089],[126.7207666989917,37.5279559997315],[126.7206749999378,37.527380899475794],[126.7215198993823,37.5279645990439],[126.72240789987079,37.5268730985848],[126.7225086011658,37.5279758996327],[126.7263470007625,37.528236799541],[126.7284024002893,37.5302005995665],[126.72775039944331,37.5311541008418],[126.72599600055639,37.5307449000952],[126.72581510058231,37.5325800012439],[126.7225667016518,37.5340531004274],[126.7233661008599,37.5363712991418],[126.7252111998136,37.536333599257595],[126.7247305008386,37.5373631992965],[126.7261307001542,37.5373234000214],[126.7254990007286,37.539101800636196],[126.7239767005417,37.539832700110296],[126.7245322005042,37.540738700480496],[126.7226697001728,37.5422649002272],[126.72265489983049,37.541260101006],[126.7209155998759,37.5417054000848],[126.7213597991082,37.5400744012736],[126.7191077001053,37.5397707010196],[126.7187817996309,37.5381304003581],[126.72042289972511,37.5376853990416],[126.7204497997015,37.536732399875696],[126.7217543997225,37.5363995995582],[126.7225709988581,37.5345049000069],[126.7210633992029,37.5340493996951],[126.72108689957331,37.5326030007325],[126.719472201188,37.5305411027944],[126.7173367000062,37.5311304002609],[126.7167974994781,37.53057910057559]]],[[[127.075703099569,37.6034294999452],[127.0765852999237,37.603529299528695],[127.07684599984431,37.6027152995718],[127.07742779990899,37.603328299560104],[127.0777699997095,37.6015600006965],[127.0761168996549,37.601213099773005],[127.0799068999567,37.5993945993084],[127.0800460998899,37.5986720996122],[127.0810182001231,37.600307299580194],[127.0816489004149,37.5999688002058],[127.0814078004659,37.6011659994967],[127.083543000087,37.601860100019906],[127.0827058005738,37.603887300636295],[127.0785419999747,37.6064526001315],[127.0785679994683,37.605503900635306],[127.075703099569,37.6034294999452]]],[[[127.1028657995204,37.3223307005642],[127.1045868000304,37.323988999231595],[127.1048059983535,37.3217831989111],[127.1055063995189,37.321771997992],[127.1060413009135,37.323407199731896],[127.1071695005127,37.3240034001006],[127.1065272006274,37.325317999371904],[127.10713970022431,37.3256412997678],[127.10880919889709,37.3254604999374],[127.10838489951341,37.3234339007416],[127.1076693997867,37.324007299459396],[127.1084433001307,37.322687699736],[127.1087003000123,37.32432189906],[127.1100524001052,37.323844799514404],[127.1107119001818,37.3247120992938],[127.11177789911581,37.3245649994409],[127.1109462007458,37.323614298243506],[127.111777900662,37.3245650005291],[127.1103285003946,37.3248270013407],[127.10972870099441,37.3262664999012],[127.1106769000301,37.3266667000092],[127.10972870007251,37.3262665005538],[127.1081272003399,37.3272357003748],[127.1068753000197,37.325365600381694],[127.1057344993424,37.325052800037604],[127.10605189902499,37.3241165009739],[127.10458680024891,37.3239890010252],[127.1042690000607,37.325197601030204],[127.102921699994,37.3242001001861],[127.1041586988888,37.324068299538304],[127.1028657995204,37.3223307005642]]],[[[127.0475037995303,37.578201400811],[127.0482089998998,37.5792684986802],[127.0497715000605,37.578547899331696],[127.051333400049,37.5808775998567],[127.0518827004957,37.5804042997479],[127.0524490001361,37.581117599249296],[127.05286559999651,37.5804112994949],[127.0517711000938,37.5810137003922],[127.05246500004979,37.5820108000645],[127.051304700646,37.582676500587695],[127.0505947997783,37.5821816002516],[127.0512454997009,37.5807637001411],[127.0498733990687,37.579025300881895],[127.0488075001346,37.578914200993],[127.0484799994958,37.580690000739594],[127.0475037995303,37.578201400811]]],[[[126.9430156988812,37.3212189997499],[126.9453197991827,37.320844199204004],[126.9458981986043,37.320052199996],[126.9455298001259,37.318401099024406],[126.94917429729199,37.3184190986864],[126.94942670001531,37.3170547976328],[126.9530992003148,37.318328499543696],[126.9525339004781,37.3193950003019],[126.9529768000352,37.3204496992472],[126.9543885008049,37.3211034005554],[126.95195149973671,37.321021602112204],[126.9508333008549,37.3222086009252],[126.951574102817,37.323743900371895],[126.9495155014653,37.3235502021136],[126.9487206004116,37.3250869015993],[126.9483535987776,37.323657700632296],[126.9465084000404,37.3238263003427],[126.9455645996218,37.321962600731],[126.9441276005537,37.3224328000331],[126.94447750020251,37.3233787002562],[126.9432430997771,37.323174700246305],[126.9430156988812,37.3212189997499]]],[[[127.02147999978109,37.6250399999539],[127.0276201001891,37.6225349992187],[127.0300095004989,37.627374000154106],[127.0282747001847,37.6272117004949],[127.0262866011944,37.629382701053004],[127.024959199332,37.6289390005506],[127.0240687002225,37.6296361998534],[127.0248820004363,37.6300417003907],[127.0241685001747,37.629855900764206],[127.02315469957611,37.6274299004613],[127.0215857995665,37.6264775996748],[127.02201289952899,37.625178500161894],[127.02147999978109,37.6250399999539]]],[[[126.69726379901171,37.4716301001974],[126.69900639929661,37.466935399665296],[126.69957499989519,37.467454599123805],[126.70052100008749,37.4669012994441],[126.70082620132669,37.4681766992874],[126.70294609920681,37.467903099561],[126.7028803999665,37.4665420998598],[126.7041615001457,37.467721199322],[126.7063032993085,37.4663125998303],[126.7059876000723,37.4652136998156],[126.70794649937311,37.4657405990639],[126.7081580000239,37.464664999581096],[126.7101700009417,37.466772600268],[126.7098982002031,37.4681229011649],[126.7080779007023,37.4681648011642],[126.70796970040091,37.472280300728],[126.7051244007237,37.473487801063804],[126.70527660057151,37.4746161999354],[126.7017108003899,37.4766779018498],[126.7019535995496,37.4754066008734],[126.7001375984546,37.475458800542896],[126.698570200022,37.4743376016641],[126.6976537988397,37.4751684007326],[126.69726379901171,37.4716301001974]]],[[[127.0749113988643,37.3120803993814],[127.0767183994175,37.310523600124505],[127.07637509966021,37.3096689993485],[127.0772190002548,37.3095466997392],[127.07737450059281,37.31081789891601],[127.07881600081281,37.3114264987192],[127.0800118001104,37.311233998748996],[127.0824037012205,37.3089725999157],[127.0817208006062,37.3096544999702],[127.0832953004091,37.3105935000681],[127.08276810093629,37.3113619992996],[127.08448750027159,37.3153554998567],[127.08326580093751,37.3159870005267],[127.0840772007996,37.3170022000378],[127.0832086985942,37.3181569006901],[127.07994239969109,37.31647920189361],[127.0787770008565,37.3169691014037],[127.0784677995819,37.3162304011165],[127.0771648008849,37.3162594010875],[127.0769874997179,37.316999201199195],[127.0757861992973,37.316452100260996],[127.0743725996145,37.3154612992663],[127.0752205995839,37.3149239995957],[127.0749113988643,37.3120803993814]]],[[[126.9106284996674,37.6512875001131],[126.91344409846931,37.6503204983442],[126.91399629853329,37.6486129997167],[126.9112536987102,37.646546900851995],[126.9124565996192,37.6442935000395],[126.9135914006094,37.644759698713905],[126.9147194000425,37.6436771997395],[126.9159210006596,37.6458062990382],[126.9185253007691,37.6462472001114],[126.91795160134279,37.6476330987255],[126.9192420013632,37.64853749937971],[126.917379800785,37.649260500576695],[126.91809510036751,37.6503623003359],[126.917381200327,37.650528900744696],[126.91705160017479,37.6493820011613],[126.9156808015456,37.649544400998906],[126.9153025999077,37.651980100659806],[126.9139239002675,37.6515287008579],[126.913290999954,37.6525749003714],[126.9134440972429,37.6503205010911],[126.9106284996674,37.6512875001131]]],[[[127.0543790996478,37.5889129996986],[127.0555561002606,37.587367599195304],[127.05676320020861,37.5871335996296],[127.0586226999148,37.5884770995604],[127.05926859926889,37.5882671997703],[127.0586064998908,37.5878229997838],[127.059647699999,37.587841499386705],[127.0606399004408,37.5886160002112],[127.0603298007509,37.5891708996563],[127.061207700053,37.5891941997285],[127.0603116006818,37.5896876000267],[127.06051500047839,37.5902588994554],[127.0610711004486,37.589808399719004],[127.0612687004195,37.590918600011804],[127.05885310009299,37.590407500804496],[127.05815459937679,37.5917755006313],[127.0568991996961,37.5903748006356],[127.05469169924491,37.589884799736],[127.0543790996478,37.5889129996986]]],[[[127.1415069991621,37.4935451007658],[127.1434753992484,37.492076600333796],[127.1432149000625,37.4902316998645],[127.1436856006049,37.491399699198105],[127.14481270057101,37.4908381998305],[127.1458019005854,37.4920861992284],[127.146987400219,37.491470799566905],[127.14759260069549,37.492909499785],[127.14544139949619,37.4957956003691],[127.1423983993007,37.495012600707604],[127.1415069991621,37.4935451007658]]],[[[127.023482999397,37.6377637999762],[127.0237931998556,37.6359557998964],[127.0243171998774,37.636557099341495],[127.0280509003962,37.636309100045196],[127.0273674998893,37.639833500787304],[127.0239263001272,37.6391122005909],[127.0235320999248,37.639619200705],[127.0240165994008,37.638727300035896],[127.023482999397,37.6377637999762]]],[[[126.6703521986823,37.5064387993996],[126.672863099935,37.5039908991745],[126.6777843002714,37.50683939919929],[126.6784584995972,37.5056165004222],[126.6773959996636,37.5053635000118],[126.6783317001311,37.504541799809296],[126.67875020131879,37.507482199947596],[126.6759845000943,37.5063344015894],[126.6731366986026,37.5087197006021],[126.6703521986823,37.5064387993996]]],[[[127.0755944996682,37.6111390003016],[127.0756120997788,37.609678999749796],[127.078087499715,37.6088706993933],[127.0782296001841,37.6081513989797],[127.0786507004938,37.609792899225],[127.0806202003416,37.6111798000547],[127.0792829002769,37.6112857008142],[127.0786700000265,37.61252910022],[127.0778319004966,37.612170600612195],[127.0779648998895,37.61327110008],[127.07693429974411,37.613114600722504],[127.0772620995033,37.6123264007084],[127.0755944996682,37.6111390003016]]],[[[127.034894599481,37.592017999955004],[127.0363500993226,37.5905165000898],[127.0356861996602,37.589265400000905],[127.0371100003222,37.5882320995818],[127.03822770026949,37.5893123005821],[127.0372281007855,37.5903145998306],[127.0386818007,37.591551000461806],[127.03654810064191,37.5924349002883],[127.0365265003174,37.593107100091196],[127.034894599481,37.592017999955004]]],[[[126.8918569995039,37.6529976997096],[126.89392149925091,37.651366498732],[126.8960580992657,37.6517164992077],[126.89652189954789,37.650534598863],[126.8960581005919,37.6517164994794],[126.89799989973,37.6518374993649],[126.89883950107489,37.653939499638],[126.8976432997996,37.655041600678395],[126.8957172997393,37.6554973002827],[126.8952765995411,37.6547613009748],[126.8943737995323,37.6556572008827],[126.8918569995039,37.6529976997096]]],[[[126.9029422950303,37.3098614972727],[126.9026477962355,37.3072803994266],[126.90329059986041,37.3066760992528],[126.9039755004791,37.3068950997951],[126.9037287005905,37.3081831994174],[126.90672780443779,37.3082978981649],[126.9070794034912,37.3093131010671],[126.9058401006491,37.309064400385196],[126.90571440117719,37.3108047995664],[126.9075402002957,37.311228299567304],[126.9066883016987,37.3134047986264],[126.9086458028136,37.3142488992927],[126.9090340022946,37.315365801465305],[126.9045662995465,37.3153667009982],[126.9062913982923,37.3131005001284],[126.9048455997381,37.311515901713],[126.9037935006507,37.3116370016674],[126.9042547990319,37.3104679010852],[126.9029422950303,37.3098614972727]]],[[[126.6770725988973,37.465631999630396],[126.6771848009856,37.4665279987886],[126.68295530073651,37.4649891004646],[126.6816353010981,37.465673500986],[126.6818341000566,37.4667522003635],[126.6812871992244,37.4668078996014],[126.6818340994046,37.4667521996595],[126.6816352994663,37.4656735006148],[126.6792545012571,37.46580380060551],[126.6797747000293,37.4688461001657],[126.6789839999235,37.468305200283304],[126.6796649991891,37.468226299371096],[126.6792544995996,37.465803801793605],[126.67718480166931,37.4665280010694],[126.67727929940939,37.467211801756],[126.6770725988973,37.465631999630396]]],[[[126.9116792954857,37.3265813015015],[126.9136038968999,37.3243607992692],[126.91709090100831,37.322488298288704],[126.9181185012418,37.3228610981054],[126.9184573005766,37.325138199636],[126.9225196027713,37.3307941987124],[126.9241864007644,37.331849001131495],[126.9236807993134,37.3321385007699],[126.9241863983733,37.331848999660295],[126.9225196000401,37.3307942007151],[126.9202709017979,37.3318963001462],[126.9211409003221,37.334699300707896],[126.9199929005847,37.3333230014889],[126.9149715957875,37.3339423039374],[126.9158825977793,37.3312922024495],[126.91541749824441,37.329963403778294],[126.9116792954857,37.3265813015015]]],[[[126.9689337991646,37.3008606992758],[126.9695120998711,37.299978899447396],[126.9694418001943,37.3007829997478],[126.9711498984862,37.300870399660404],[126.9702112994654,37.2999047994824],[126.9713707992661,37.2991907995696],[126.97134319983931,37.2983597998046],[126.9731001011175,37.299513799435196],[126.974315501226,37.2994016010501],[126.9742954001022,37.301695700587004],[126.9720838996803,37.3021537008062],[126.9711498996946,37.3008704006474],[126.96963820120631,37.301038500479294],[126.96959679963871,37.301640800586604],[126.9689337991646,37.3008606992758]]],[[[126.863361799589,37.302460099305996],[126.8652562999919,37.3003686997842],[126.86686900035069,37.3008179991563],[126.8669121004573,37.301629099406696],[126.87035440187239,37.301823202532],[126.86692340084291,37.3019476007141],[126.8662140001764,37.305093000499596],[126.8650383995746,37.3047563000131],[126.863361799589,37.302460099305996]]],[[[127.0665352987012,37.2988930000203],[127.0660882998597,37.2980432995296],[127.0685921996448,37.2977065982247],[127.0686914998563,37.2954472994504],[127.0689728004733,37.2964396992562],[127.0720594009734,37.297060099878905],[127.0723354006974,37.2982327987062],[127.0731191005659,37.2981369010888],[127.0716077009249,37.298760302432896],[127.0703169979697,37.3010524033115],[127.06998969965089,37.300088700404004],[127.0665352987012,37.2988930000203]]],[[[127.0631325995957,37.5950416001984],[127.0644077999953,37.5947368999092],[127.0655057002505,37.5957617003171],[127.0637697998585,37.5961214004109],[127.0631325995957,37.5950416001984]]],[[[127.07448309921719,37.6186545998963],[127.0747299999259,37.6173399992041],[127.0759565004107,37.6173283997353],[127.0747989003311,37.617777900073],[127.0760751998981,37.618791500315],[127.07448309921719,37.6186545998963]]],[[[126.8418099987551,37.6127236000629],[126.84440530085351,37.6129871002915],[126.8433385006056,37.6129594010604],[126.8431949998749,37.6139786001766],[126.8431378994554,37.612807100267794],[126.8418099987551,37.6127236000629]]],[[[127.0409453997783,37.6010632998449],[127.0426215999968,37.601650399509396],[127.0423068002715,37.6026861002392],[127.04229049991419,37.602172500555305],[127.0414500995281,37.602657900027296],[127.0409453997783,37.6010632998449]]],[[[126.7261570989439,37.542835200430495],[126.7284098993137,37.542401999043406],[126.7283367005588,37.541414998597],[126.7291697011508,37.5442648000714],[126.7279553994759,37.544789600449704],[126.7278929990421,37.5439330004706],[126.7269142996538,37.5439628004531],[126.7261570989439,37.542835200430495]]],[[[126.8518874986446,37.3093909991139],[126.8529469002259,37.3084486996212],[126.8542364030672,37.3101499013225],[126.8518874986446,37.3093909991139]]],[[[127.151538799687,37.494117799951596],[127.1529958001537,37.4941421998548],[127.15436740106709,37.4960136003876],[127.1526511999506,37.496176500497896],[127.151538799687,37.494117799951596]]],[[[126.8709160989366,37.6504470002038],[126.8736539002115,37.650373299936],[126.87112689905739,37.6511848019744],[126.8709160989366,37.6504470002038]]],[[[127.1531053990102,37.5548144999562],[127.15421050009951,37.5542524995615],[127.15553370080191,37.5552422999557],[127.1553238992869,37.5558185001548],[127.1555222997402,37.555286700261405],[127.1531053990102,37.5548144999562]]],[[[127.0068704993823,37.612640399829594],[127.0084599995402,37.611689999870606],[127.0078033997692,37.6108906996635],[127.009269000266,37.6112955985576],[127.0084600012821,37.6116900004692],[127.0084519002186,37.613531900334195],[127.0068704993823,37.612640399829594]]],[[[126.7348256991401,37.5710440987457],[126.7380736003286,37.570666600304],[126.7360899991488,37.571480000364],[126.7348256991401,37.5710440987457]]],[[[127.0346345998641,37.588274300046805],[127.0357879003983,37.588349900217295],[127.03510549991731,37.588651500256496],[127.0346345998641,37.588274300046805]]],[[[126.9984471996713,37.2656364001547],[126.99907830011159,37.2653040998932],[126.99971000120259,37.2661600000063],[126.9984471996713,37.2656364001547]]],[[[126.9879864997288,37.2842786000857],[126.9884924009282,37.2835225992226],[126.9886810002281,37.2846518001244],[126.9879864997288,37.2842786000857]]],[[[127.1450895994448,37.439836299880206],[127.14823010077231,37.4409408991196],[127.1468801001244,37.4404580004208],[127.1468165001002,37.4406048004152],[127.1468800996749,37.4404580002438],[127.1450895994448,37.439836299880206]]],[[[126.70851409938331,37.4838820999212],[126.7106721004068,37.483574699101396],[126.7109654009766,37.484009500414196],[126.70851409938331,37.4838820999212]]],[[[126.7383422991694,37.5448898997316],[126.7389326003875,37.5450842990507],[126.7392050005167,37.5457226007944],[126.7383422991694,37.5448898997316]]],[[[126.78690469859889,37.408828799356],[126.78748279969321,37.4076733975984],[126.78909220025889,37.4072400001774],[126.78850610203321,37.4097750007203],[126.78690469859889,37.408828799356]]],[[[126.8163424977767,37.6166111989969],[126.82091890210499,37.6154452992895],[126.8186825022453,37.6161667017151],[126.8199541998186,37.618680601531096],[126.8163424977767,37.6166111989969]]],[[[127.118841099705,37.4327580997913],[127.1189490002182,37.4317061990818],[127.1211105002115,37.4326303003065],[127.118841099705,37.4327580997913]]],[[[127.0704651994499,37.45814699942569],[127.0709278000244,37.4568726991757],[127.0724285028634,37.457735397445695],[127.0704651994499,37.45814699942569]]],[[[126.6555581980296,37.4669847008187],[126.65622410020761,37.466991299756195],[126.6563171009078,37.4678324007448],[126.6555581980296,37.4669847008187]]],[[[127.0340680996174,37.64859650007379],[127.0346832004061,37.6482695992149],[127.0347738006705,37.6484209003239],[127.0340680996174,37.64859650007379]]],[[[127.0666785996746,37.6019155999777],[127.06717259953771,37.6016872000092],[127.0671642002843,37.601080199934195],[127.067172600435,37.6016872003073],[127.0666785996746,37.6019155999777]]],[[[126.82238739882949,37.6108194999885],[126.8237868991815,37.6090604991919],[126.8234076997026,37.6084696989398],[126.82447450327989,37.6108660019965],[126.82238739882949,37.6108194999885]]],[[[127.08512379974471,37.3148304003595],[127.08559429963249,37.314073899042796],[127.0862910007606,37.313924099743204],[127.08512379974471,37.3148304003595]]],[[[127.0501778980143,37.2891058978796],[127.05097550198731,37.2892744009464],[127.0507531990419,37.2894443022601],[127.0501778980143,37.2891058978796]]],[[[127.07265479976209,37.6254536999003],[127.0729968002695,37.6254054996825],[127.07307540021989,37.6256307000901],[127.07265479976209,37.6254536999003]]],[[[126.9351977995295,37.5621651002492],[126.93513219997669,37.561858799931606],[126.9352901000984,37.562117900125095],[126.9351977995295,37.5621651002492]]],[[[127.1020146994999,37.3950737998748],[127.1023890001935,37.394367698758295],[127.1036085006298,37.3945650001502],[127.1020146994999,37.3950737998748]]],[[[126.9309863995547,37.374825000004],[126.9313804006673,37.3743470998067],[126.9318682007191,37.3749890002572],[126.9309863995547,37.374825000004]]],[[[127.0829345992416,37.598290900068704],[127.0832874003971,37.5984422002337],[127.0831142006186,37.5985866010941],[127.0829345992416,37.598290900068704]]],[[[126.71352589959409,37.4909745999854],[126.7142613000864,37.490495199746995],[126.71424530021031,37.491000501996496],[126.71352589959409,37.4909745999854]]],[[[127.1226738993268,37.3698189003318],[127.1228108008754,37.3697784005322],[127.12263160027551,37.3699437010701],[127.1226738993268,37.3698189003318]]],[[[126.6759770997486,37.5174627992853],[126.6766959002039,37.5174274995399],[126.6767626010123,37.517873699951004],[126.6766958993001,37.5174275003484],[126.6759770997486,37.5174627992853]]],[[[126.8668331992181,37.2996201007221],[126.86699230025471,37.2996218994819],[126.8672075008252,37.2998361001602],[126.8668331992181,37.2996201007221]]],[[[127.066396799314,37.3003033002091],[127.0669617999688,37.3002904998865],[127.06706460070369,37.300118599871595],[127.0669618004424,37.300290501308204],[127.066396799314,37.3003033002091]]],[[[127.0702875993233,37.4309323997454],[127.07089880009879,37.4306103991812],[127.0712508004687,37.430513900023],[127.07089880015549,37.4306104012191],[127.0702875993233,37.4309323997454]]],[[[127.0496742994061,37.581413799982],[127.0498107002224,37.5815815001815],[127.0497180996811,37.581468000629],[127.0496742994061,37.581413799982]]],[[[127.0502461996287,37.5721236000441],[127.05051839983071,37.5719404995322],[127.050552200166,37.571972199879],[127.0502461996287,37.5721236000441]]],[[[127.0848609987632,37.3093679995203],[127.0848610013935,37.3093679996932],[127.0847210003218,37.3095631008932],[127.0848609987632,37.3093679995203]]],[[[126.7829683969595,37.471428600094406],[126.7830642004255,37.4713936966093],[126.7830148001934,37.4720974001409],[126.7829683969595,37.471428600094406]]],[[[126.92269379992031,37.400835799979305],[126.9227879000354,37.4005827999461],[126.9227357999907,37.4008739001284],[126.92269379992031,37.400835799979305]]],[[[127.05701669946271,37.5693967000759],[127.0570167006547,37.569396699775],[127.05702169960361,37.5694570003882],[127.05701669946271,37.5693967000759]]],[[[127.0910527996827,37.597726499975],[127.09160870066229,37.5978450003821],[127.0910528002922,37.5977265011428],[127.0910527996827,37.597726499975]]],[[[127.1206293994748,37.4055775994251],[127.1206272004801,37.4054174995554],[127.1206294007113,37.405577600288],[127.1206293994748,37.4055775994251]]],[[[127.08377419981879,37.3102361998928],[127.0838816001328,37.3101319992094],[127.0838816011612,37.3101320003243],[127.08377419981879,37.3102361998928]]],[[[127.1532188988979,37.521548900184996],[127.1533409002287,37.5212990991848],[127.1532189025254,37.5215489035741],[127.1532188988979,37.521548900184996]]],[[[126.7111330997633,37.4856739002562],[126.71104069976249,37.4855410992854],[126.71116570162509,37.4856385997589],[126.7111330997633,37.4856739002562]]],[[[126.72897259987471,37.4855952996674],[126.7292578001483,37.4855672997874],[126.72897260010231,37.4855953001125],[126.72897259987471,37.4855952996674]]],[[[126.8263795992992,37.524383199981706],[126.8263796009157,37.524383199400404],[126.8263796000873,37.524383201228204],[126.8263795992992,37.524383199981706]]],[[[126.86619639827491,37.5763958019527],[126.8664074999078,37.576147199328],[126.86629550080711,37.576311500593405],[126.86619639827491,37.5763958019527]]],[[[127.05157059995021,37.5853994000987],[127.0515655001304,37.5854432999584],[127.05156030002121,37.5854875000229],[127.05157059995021,37.5853994000987]]],[[[127.0648035996147,37.597496300085204],[127.0648036004694,37.5974962999814],[127.064890500496,37.5976394003565],[127.0648035996147,37.597496300085204]]],[[[127.1386873990261,37.474261299515504],[127.1386874004819,37.474261299542405],[127.13869149982429,37.4743255008301],[127.1386873990261,37.474261299515504]]],[[[127.1519159994711,37.5369244992934],[127.1519160006516,37.5369244995282],[127.1520435005747,37.5372271007734],[127.1519159994711,37.5369244992934]]],[[[126.8686085995716,37.6030171992581],[126.8686086005102,37.6030171991742],[126.8686086004771,37.6030172005147],[126.8686085995716,37.6030171992581]]],[[[126.9939363995621,37.392133899179],[126.9946906006473,37.3924107000493],[126.9946905997603,37.3924107011119],[126.9939363995621,37.392133899179]]],[[[126.8063002982466,37.381449501051705],[126.80630029886261,37.3814494980231],[126.8063003006313,37.3814494990346],[126.8063002982466,37.381449501051705]]],[[[126.8232752996887,37.5308444995253],[126.8233726005492,37.530916999469504],[126.8233725998869,37.5309170007179],[126.8232752996887,37.5308444995253]]],[[[127.06672069554101,37.4329787967876],[127.06672070000211,37.4329787940071],[127.06672070289021,37.432978797699],[127.06672069554101,37.4329787967876]]],[[[127.0735028995299,37.297706899232104],[127.073502900181,37.2977068996698],[127.07355290002519,37.2978679000825],[127.0735028995299,37.297706899232104]]],[[[127.0777058993283,37.5718479000555],[127.077705901195,37.5718479001407],[127.0777058994139,37.5718479009276],[127.0777058993283,37.5718479000555]]],[[[127.1146847997594,37.3386334002374],[127.1146847000415,37.338585899874495],[127.1146848001928,37.3386334004029],[127.1146847997594,37.3386334002374]]],[[[126.7061109997615,37.481758900781806],[126.7061110008688,37.4817588987742],[126.70611100149131,37.4817589007108],[126.7061109997615,37.481758900781806]]],[[[126.72651039982969,37.519790799828],[126.7265103999539,37.5197907994215],[126.72651040065469,37.519790800059106],[126.72651039982969,37.519790799828]]],[[[126.8089474995713,37.6317545998859],[126.808947500683,37.6317546001694],[126.80894749988221,37.6317546011367],[126.8089474995713,37.6317545998859]]],[[[126.84507479813671,37.455908098415],[126.84507480103481,37.4559081024532],[126.845074795759,37.455908102650604],[126.84507479813671,37.455908098415]]],[[[126.92269799904079,37.3569793998616],[126.9226979998525,37.3569793988783],[126.92269800028329,37.3569794004806],[126.92269799904079,37.3569793998616]]],[[[126.9305497994382,37.369075799899896],[126.93054980010419,37.3690757995566],[126.93054980068949,37.369075800682495],[126.9305497994382,37.369075799899896]]],[[[126.9562475995273,37.3506489994206],[126.9562476013946,37.3506489998912],[126.95624760065219,37.350649000784195],[126.9562475995273,37.3506489994206]]],[[[127.01132369957871,37.6010750000831],[127.0113237000165,37.601074999412404],[127.01132370027631,37.601075000125],[127.01132369957871,37.6010750000831]]],[[[127.0764007997498,37.6188588000022],[127.0764007997896,37.6188587996382],[127.0764008002438,37.6188588000503],[127.0764007997498,37.6188588000022]]],[[[127.1046383996078,37.4951138996726],[127.10470529998241,37.494969799885],[127.1046383998398,37.4951139003373],[127.1046383996078,37.4951138996726]]],[[[127.1211231995313,37.365031800196896],[127.1211232000078,37.3650317995784],[127.1211232001837,37.365031800566896],[127.1211231995313,37.365031800196896]]],[[[127.1214025995469,37.3661618998031],[127.1214026000429,37.3661618994363],[127.1214026005204,37.3661618999093],[127.1214025995469,37.3661618998031]]],[[[127.14987499853349,37.4414942998486],[127.1498750006037,37.44149430053],[127.149798500372,37.4416234009518],[127.14987499853349,37.4414942998486]]],[[[127.2030110992036,37.409364200933396],[127.20301110038899,37.4093641990756],[127.2030111006237,37.409364200359896],[127.2030110992036,37.409364200933396]]],[[[126.7391375995634,37.515373500455304],[126.73913760037,37.5153734994224],[126.7391376004311,37.5153735002891],[126.7391375995634,37.515373500455304]]],[[[126.76973019941529,37.6018550984492],[126.76973020084449,37.6018550992039],[126.76973020070629,37.6018551004099],[126.76973019941529,37.6018550984492]]],[[[126.79677799964891,37.5812023000949],[126.7967780001816,37.5812022991959],[126.79677800029211,37.5812022999719],[126.79677799964891,37.5812023000949]]],[[[126.83900699845199,37.3157884006998],[126.8390069999533,37.3157883990242],[126.839007000656,37.3157884000679],[126.83900699845199,37.3157884006998]]],[[[126.9365399999104,37.5619297999108],[126.93654000011189,37.561929800038],[126.93653999999559,37.5619298001047],[126.9365399999104,37.5619297999108]]],[[[127.07617999964829,37.5947673002859],[127.0761799998174,37.594767299687604],[127.07618000030439,37.5947673003252],[127.07617999964829,37.5947673002859]]],[[[127.10641819932539,37.3260859002433],[127.1064182000402,37.3260858996651],[127.10641820048069,37.3260859000257],[127.10641819932539,37.3260859002433]]],[[[127.1075719995823,37.4987044996655],[127.107572000231,37.4987045004113],[127.1075719995073,37.4987045003514],[127.1075719995823,37.4987044996655]]],[[[126.7021557996759,37.4572225002864],[126.7021557999514,37.4572224996049],[126.7021558006585,37.4572225000181],[126.7021557996759,37.4572225002864]]],[[[126.7393238994733,37.517174799371396],[126.7393239003044,37.5171747991682],[126.7393239008051,37.5171748004838],[126.7393238994733,37.517174799371396]]],[[[126.7917016993526,37.441930600211],[126.7917017000891,37.4419305999642],[126.7917016999455,37.4419306004737],[126.7917016993526,37.441930600211]]],[[[126.80632459806189,37.4638553994417],[126.8063246006365,37.4638553987927],[126.8063246004707,37.463855400539],[126.80632459806189,37.4638553994417]]],[[[126.8825899998017,37.4815900000278],[126.88258999989819,37.4815899996934],[126.88259000024699,37.4815900000881],[126.8825899998017,37.4815900000278]]],[[[126.9364287999387,37.5616077999214],[126.9364288001296,37.5616078001561],[126.9364288000135,37.561607800206595],[126.9364287999387,37.5616077999214]]],[[[126.9982650997616,37.2671372002876],[126.9982651004137,37.2671371991482],[126.9982651007157,37.2671372000584],[126.9982650997616,37.2671372002876]]],[[[126.9982399997585,37.2655242998199],[126.9982400000784,37.265524299862605],[126.99824000000389,37.265524300046],[126.9982399997585,37.2655242998199]]],[[[127.0617737995392,37.590347699556105],[127.061773800361,37.590347699772906],[127.06177379999569,37.590347700052405],[127.0617737995392,37.590347699556105]]],[[[127.08731349958869,37.3203981004231],[127.08731349917639,37.3203981001536],[127.0873134999726,37.3203980997698],[127.08731349958869,37.3203981004231]]],[[[127.1204313997545,37.4299121000787],[127.1204314004224,37.429912099788204],[127.1204314000489,37.4299121001156],[127.1204313997545,37.4299121000787]]],[[[126.7107677993805,37.4657361003225],[126.710767799607,37.4657360994887],[126.7107678001249,37.4657360999569],[126.7107677993805,37.4657361003225]]],[[[126.7165303005322,37.493886700133494],[126.7165303,37.4938867001228],[126.7165303000027,37.493886699593],[126.7165303005322,37.493886700133494]]],[[[126.7308649987513,37.543006000230996],[126.73086499947789,37.543005999260096],[126.7308650001406,37.5430059997992],[126.7308649987513,37.543006000230996]]],[[[126.7964663996663,37.581487200495],[126.7964663999605,37.58148719981],[126.7964664003036,37.581487199984394],[126.7964663996663,37.581487200495]]],[[[126.8822595998431,37.501797100028895],[126.882259600132,37.5017970998831],[126.8822596000262,37.501797100092],[126.8822595998431,37.501797100028895]]],[[[126.9874468006651,37.405749399669496],[126.98744679998251,37.405749400362495],[126.9874467993921,37.405749400327394],[126.9874468006651,37.405749399669496]]],[[[127.04072229994959,37.602228500139205],[127.0407222999425,37.602228499939805],[127.0407223001491,37.602228500030705],[127.04072229994959,37.602228500139205]]],[[[127.1336714996891,37.3983071997499],[127.1336715003668,37.398307200171395],[127.13367150002061,37.3983072000815],[127.1336714996891,37.3983071997499]]],[[[126.8050489988508,37.536528800515896],[126.8050490001413,37.5365287996656],[126.805049000146,37.5365288001171],[126.8050489988508,37.536528800515896]]],[[[126.8548302996365,37.309054599938804],[126.8548303002978,37.309054599694605],[126.8548302999335,37.3090546003193],[126.8548302996365,37.309054599938804]]],[[[127.11486369995811,37.3390765999936],[127.1148637000139,37.3390765999597],[127.1148637000145,37.339076600020995],[127.11486369995811,37.3390765999936]]]]}}]}