{"type":"FeatureCollection","features":[{"type":"Feature","properties":{"interval":15,"stationId":"6041673025"},"geometry":{"type":"MultiPolygon","coordinates":[[[[127.0276820997728,37.586246599991206],[127.02768210043861,37.586246599603605],[127.02768210000531,37.5862466001371],[127.0276820997728,37.586246599991206]]],[[[127.0287265989608,37.5863795000042],[127.029443200182,37.5860324992438],[127.0299390001814,37.5863946000085],[127.0287265989608,37.5863795000042]]],[[[127.0350660998285,37.5919103001077],[127.0363500993226,37.5905165000898],[127.0356861996602,37.589265400000905],[127.0372516003671,37.588520199605995],[127.0376895003241,37.589471100674096],[127.0364987007294,37.589651100663495],[127.03635010087801,37.5905164997981],[127.0372861007275,37.590430399714805],[127.0377441007316,37.5912512000125],[127.0361678001354,37.592555000527796],[127.0359286997825,37.591640600635095],[127.0350660998285,37.5919103001077]]],[[[127.0351054996908,37.588651499699594],[127.0352069996892,37.5886065997004],[127.0352070006223,37.5886066001179],[127.0351054996908,37.588651499699594]]],[[[127.03769219938839,37.6024057003119],[127.0395669996287,37.6009821999228],[127.0392889997807,37.6002909995656],[127.0401174993153,37.5998131997445],[127.0395551989829,37.5991133991362],[127.0412232991022,37.598835798925],[127.04123829998831,37.5981834996037],[127.0429046004304,37.599200399822],[127.0428493007829,37.602201599604804],[127.0476532001761,37.6058577987027],[127.0503359000266,37.6046641995428],[127.05304060115981,37.605231095185296],[127.05529799993309,37.6072579989354],[127.0561921990389,37.607255898937495],[127.056399001004,37.60629769808],[127.05755280008519,37.6076207993732],[127.059092300126,37.6060143992465],[127.0595873999239,37.6068248996015],[127.0616698001879,37.6068447997882],[127.0607465004386,37.607257699839195],[127.0615597003827,37.607390099915406],[127.0633662002091,37.6111444997464],[127.0649387998907,37.6116962994523],[127.0659201003296,37.611004699410906],[127.0674370996939,37.6127029981263],[127.0691803001578,37.6118217992142],[127.069992499996,37.612912699209005],[127.07056390015299,37.6109157983867],[127.07281229790459,37.6105977987047],[127.0723279003579,37.6080713990066],[127.0755658997155,37.6058616997284],[127.0750076998249,37.6049131999787],[127.075499799382,37.604452800172496],[127.07402089969489,37.6038181004909],[127.07397839985,37.6007115997325],[127.07470859956379,37.6012447993764],[127.07461859988379,37.6001976998486],[127.076135399977,37.5995157994116],[127.0766115996232,37.600055099685996],[127.0770094002577,37.598140499363],[127.0794454997301,37.5981807996865],[127.0792147997614,37.5976309995928],[127.08049600012549,37.5969567995197],[127.081508200668,37.598696699662895],[127.0827660001686,37.5987611995297],[127.08382130040529,37.6010443992502],[127.0851771002679,37.601043599994696],[127.0838213013634,37.6010444001754],[127.0842842009059,37.6019981993492],[127.0852013999887,37.6016100997373],[127.0856953001275,37.602431699734595],[127.08509430027439,37.6033317001594],[127.08370410089421,37.603425700179805],[127.0833767016418,37.6051485011744],[127.08193320073079,37.605257200264],[127.0817224004588,37.6066522997082],[127.0820413010703,37.6082160999214],[127.0831651015483,37.608993800105],[127.0827788020444,37.611190900607],[127.0841844019789,37.6126760006969],[127.0843172019395,37.614778600023804],[127.08586770038899,37.6161387986636],[127.0878039984527,37.616210498591904],[127.0887647000318,37.6149932977415],[127.09135130059249,37.6164913976872],[127.09575960021199,37.615001199999],[127.0950368002737,37.6168554016787],[127.09203920025921,37.617649401055395],[127.0926179020067,37.6209958014211],[127.0917691028555,37.6226165998003],[127.0943282025883,37.6242321009552],[127.0916941003763,37.6255601005755],[127.0881820009979,37.6252426002151],[127.08665860345471,37.6269147022675],[127.0856314980776,37.6267190003947],[127.0841264993294,37.624705402192504],[127.0820012999021,37.624284802313696],[127.0804535002915,37.6257522003531],[127.0806471000215,37.627412500281295],[127.07703809996259,37.6290287013096],[127.0768426998301,37.630319300428994],[127.0723393012306,37.6290938019483],[127.0707654016662,37.632962299872204],[127.0720580026787,37.6336904005126],[127.0712971006635,37.633461901081404],[127.07068060128,37.6350723994709],[127.07188000115109,37.635140000425],[127.0723004000273,37.6392277006348],[127.0712889001545,37.6398529001089],[127.0712669997593,37.6389110007595],[127.0705573997439,37.6398970010875],[127.06932590029619,37.63938950137],[127.0688311994418,37.640547901260604],[127.0666627005414,37.640439800905305],[127.0656718995974,37.6412252003156],[127.0661160987466,37.640231900360305],[127.0653219995407,37.6396233009689],[127.0644955990244,37.6404406000094],[127.06394559954249,37.6395042998711],[127.0652084990811,37.638855199479],[127.0639047985602,37.6366069011824],[127.06377309882551,37.6331809992531],[127.06428199967151,37.6335071996366],[127.0651506987237,37.6320407986699],[127.0669670987299,37.6327048986064],[127.0673754983215,37.631688499622804],[127.0688674987378,37.6312134998553],[127.0681492964089,37.6293831986424],[127.0696704980534,37.6262025995605],[127.06763220009171,37.624328101435],[127.0669256987842,37.6255709010641],[127.066732099751,37.6239755004947],[127.065676499452,37.6239226026491],[127.0628405997781,37.6206745016901],[127.0612591013596,37.621455600908995],[127.0616342009845,37.6227739995906],[127.060840300303,37.6242633006131],[127.05950079953149,37.6247716004542],[127.05842059942701,37.6225797001008],[127.0591669998704,37.6212065997711],[127.0599139998465,37.6227839987368],[127.06109049867001,37.6221169994038],[127.06132169894249,37.6207404000465],[127.0612591009119,37.621455599041695],[127.0628405996853,37.6206744994518],[127.0641699995391,37.6169300003897],[127.0624022995854,37.6166329009607],[127.06320189921469,37.6143036006156],[127.06092860024219,37.6138435015098],[127.0588300009561,37.6147200017858],[127.0605202984479,37.6140210001538],[127.05822960045191,37.6123272008478],[127.0574768995686,37.6136214008108],[127.0579809988561,37.6125592009346],[127.0563199997736,37.6115100015897],[127.05353910067379,37.6131552010425],[127.05340000066779,37.6142700000621],[127.0546413003145,37.614986400194496],[127.0524491999802,37.6151581004558],[127.0523441979711,37.6118483008381],[127.0486265999082,37.6099022002356],[127.0478416000291,37.6103302008193],[127.046959199998,37.609061500950304],[127.04537269776701,37.609630100715094],[127.0469591992632,37.609061499354205],[127.0472385993516,37.607065600500896],[127.0451838008021,37.607511800230796],[127.04502959989041,37.6082082003244],[127.0434586997426,37.604655700361],[127.0397772998962,37.6042409001331],[127.03974569988729,37.6036249006009],[127.0390751990519,37.6037898005618],[127.0396573990513,37.603158900085695],[127.03769219938839,37.6024057003119]]],[[[127.0552569998833,37.6781437000979],[127.0552570001507,37.6781436996343],[127.0552570001506,37.6781437001176],[127.0552569998833,37.6781437000979]]],[[[127.055997799808,37.6643233002437],[127.05836139953439,37.6630695996923],[127.05767000078791,37.6636800997635],[127.0592011011306,37.664667799821196],[127.0590694010184,37.6651881005978],[127.055997799808,37.6643233002437]]],[[[127.0573319998263,37.654329499789505],[127.0577796000954,37.6531324997397],[127.0584734994015,37.6538305990416],[127.06037069957381,37.6526246984825],[127.06171830009079,37.652895499148],[127.062001600534,37.6540891984518],[127.0634388031845,37.654073198564],[127.063314500923,37.6555490004939],[127.06258110064961,37.6559098000371],[127.0631719000639,37.6562666000139],[127.0624929998943,37.6562337005678],[127.062258000071,37.6550777009597],[127.0613773995571,37.6568623007941],[127.0616832988457,37.654954200401995],[127.06065229987671,37.6546426007136],[127.0602514004412,37.6561184006373],[127.0577280992275,37.655184400340005],[127.0581219991243,37.6547639998042],[127.0573319998263,37.654329499789505]]],[[[127.0577549990951,37.6332994009811],[127.0586889989582,37.6330159000175],[127.0583024004089,37.6323480983402],[127.05871740026451,37.6343382000329],[127.0577549990951,37.6332994009811]]],[[[127.05937469812491,37.6436214986383],[127.0607653007233,37.6441080972512],[127.0642689001112,37.6415019997631],[127.0646935003767,37.643391798596404],[127.067174003566,37.6442526010374],[127.065543700247,37.648477901108805],[127.0637267001933,37.6472122007728],[127.06270190121809,37.6477955001895],[127.06271599989749,37.6491051008916],[127.06164009952431,37.648922801221104],[127.062498996831,37.6476822006578],[127.05974639958359,37.645115003224994],[127.05937469812491,37.6436214986383]]],[[[127.0595166994343,37.6579314989639],[127.0595167001169,37.657931498443396],[127.0595167004177,37.657931500310596],[127.0595166994343,37.6579314989639]]],[[[127.0611586994973,37.651627600331196],[127.061244000044,37.6516159997843],[127.0615062003029,37.6516597003838],[127.0611586994973,37.651627600331196]]],[[[127.06231239991159,37.6560754999829],[127.06231240002569,37.6560755000033],[127.0623123999816,37.6560755000565],[127.06231239991159,37.6560754999829]]],[[[127.0811138994605,37.5944988998982],[127.0867297001221,37.5917153998642],[127.08676720033209,37.5926967992338],[127.0895325001854,37.5939096994654],[127.0890966006707,37.5952071999743],[127.0900960005454,37.5964537000854],[127.0884264997802,37.5975889008774],[127.0862296999227,37.5961803008961],[127.0843587989888,37.597453500269204],[127.0811138994605,37.5944988998982]]],[[[127.0841709997281,37.5877677004659],[127.08834800002779,37.5857572998154],[127.09048680123979,37.5876562998354],[127.0907188005747,37.5890878001209],[127.0882070003423,37.589168600920104],[127.0883692999228,37.5905267003242],[127.0868493999415,37.5908809005835],[127.0841709997281,37.5877677004659]]],[[[127.0866356999082,37.580959999906696],[127.08737309941739,37.5807759996645],[127.087464099301,37.5795426988013],[127.0900732003964,37.5802431996474],[127.0886008004664,37.582279300645006],[127.0866356999082,37.580959999906696]]],[[[127.0867937994077,37.573759999152],[127.08697520036169,37.5739553002539],[127.0867937997363,37.5737600002141],[127.0867937994077,37.573759999152]]]]}},{"type":"Feature","properties":{"interval":30,"stationId":"6041673025"},"geometry":{"type":"MultiPolygon","coordinates":[[[[126.9899784995318,37.572566299990896],[126.9904564004354,37.572111400068096],[126.9903851003219,37.5725629003257],[126.9899784995318,37.572566299990896]]],[[[126.99088999990839,37.5703289000805],[126.9922501995089,37.5692800996725],[126.99221560043519,37.569996099325095],[126.9934368003311,37.570462400120896],[126.991850000203,37.5714800006607],[126.99088999990839,37.5703289000805]]],[[[126.9909803999541,37.5725564999932],[126.9909804000866,37.5725565000011],[126.9909804000261,37.5725565000591],[126.9909803999541,37.5725564999932]]],[[[126.9914267994219,37.5662521005671],[126.9914268006566,37.5662520995892],[126.9914268005153,37.5662521006372],[126.9914267994219,37.5662521005671]]],[[[126.9937883995735,37.53450630047],[126.9944907005191,37.5344927994914],[126.9944347008838,37.5350060000841],[126.9937883995735,37.53450630047]]],[[[126.9941682994147,37.561369599885296],[126.9942200001074,37.5612399995675],[126.9944833002233,37.561475000341],[126.9941682994147,37.561369599885296]]],[[[126.995710999528,37.5668886999251],[126.99780009948111,37.566392198898804],[126.99823070004,37.565216899516],[126.9999627001173,37.567146599524],[127.0004729001125,37.566815700052],[126.9979243003249,37.568986600791405],[126.995710999528,37.5668886999251]]],[[[126.99877089989809,37.570929700014],[127.0001604998809,37.5693930997169],[127.00105120010521,37.5696135987752],[127.00154420010979,37.5683775997588],[127.00479570025941,37.571131499254896],[127.0067241995404,37.570337099383806],[127.00707400067141,37.571179999752],[127.0088565995968,37.5709794995287],[127.0092786992871,37.5701277002752],[127.0084247993706,37.569692000213806],[127.00963749975399,37.569624999914204],[127.0082375000961,37.5668977006508],[127.0072475993976,37.567325400745304],[127.0044271000598,37.5660404005955],[127.00229679998709,37.5665380002419],[127.0015567997266,37.5658769999396],[127.0017070991815,37.5641130995647],[127.0024841996469,37.563899399513694],[127.0019893993845,37.562985099519096],[127.0044852000594,37.5617004994383],[127.00769069936639,37.561782099662004],[127.0089201993901,37.5599020993345],[127.0084622999299,37.5585355998118],[127.0095424988497,37.5579172004302],[127.008699199693,37.5574999008475],[127.0058895001981,37.5593031007665],[127.0053982000893,37.5605604005625],[127.0039365994228,37.5589789006093],[127.00567319983891,37.5589047997261],[127.00537010014199,37.557989400641496],[127.0045600999571,37.5581847001709],[127.00537009956089,37.5579893998694],[127.00482439948361,37.5574648992896],[127.0068465997094,37.558807298753194],[127.00917499956189,37.5568491001807],[127.0086734000635,37.555875301154494],[127.0075370997065,37.5563807010932],[127.0061023992527,37.5552282012745],[127.0069571992859,37.554727299729606],[127.0063167991611,37.5519958006113],[127.0072705991747,37.5513392001572],[127.0069345993784,37.550159200538204],[127.0051463999651,37.5495520002169],[127.0053244993717,37.548301899980196],[127.0045569000844,37.547554100633896],[127.0029730995931,37.5475446001394],[127.0042211000232,37.547101599551496],[127.0053244999072,37.5483018989759],[127.007071000128,37.5467304998786],[127.0089175010955,37.5485192995268],[127.0073886004783,37.5477714004126],[127.00851440018559,37.5513841994772],[127.0101024998149,37.5510232987302],[127.0098944002629,37.5520063993795],[127.013455800835,37.551673399296696],[127.015027201218,37.5531843000116],[127.0136150013075,37.5556377999582],[127.0140678008547,37.5563260992699],[127.0157208002031,37.5560309993098],[127.0166149010629,37.5575651999997],[127.0190891006759,37.5579914995622],[127.0188600012079,37.559140000045296],[127.0200315003538,37.5597201997045],[127.0201034005693,37.562438899323894],[127.0229795010422,37.563460199926],[127.0220614016279,37.5644711997287],[127.0237854002198,37.5648780996888],[127.0242942002081,37.5658530000035],[127.02290040043,37.5695118999661],[127.0237762001549,37.5721955995046],[127.0268366000316,37.5728865992528],[127.0267792004277,37.573833499041896],[127.029941199614,37.57522909934],[127.030635100699,37.574577500019195],[127.0312914004047,37.5755434995978],[127.03305299971339,37.5755868995834],[127.0350663008378,37.5739693987646],[127.0363804010061,37.576047898711096],[127.0374406005525,37.5755944992323],[127.04017689969031,37.577342199385896],[127.04066729958339,37.576273299589],[127.0421528001193,37.576587499405],[127.0416702003337,37.5773269997816],[127.043269999404,37.57835999854041],[127.0439599990577,37.5774931992748],[127.04358189976041,37.5763133003566],[127.0428390996558,37.576380900103594],[127.0432056997163,37.5757133993598],[127.0466226005542,37.5763928999015],[127.0441743006469,37.5777517997671],[127.045509501049,37.5799745995045],[127.0474361002583,37.5803010998367],[127.0475325004433,37.582002699426894],[127.0505156009848,37.584481199645],[127.0528971001997,37.5846155995859],[127.0533545000243,37.5835816998743],[127.0547090997255,37.583252899531395],[127.0555725001352,37.5846508989711],[127.0559670997406,37.5837872998347],[127.05848599997441,37.5840349996833],[127.0585640003046,37.5852897991322],[127.0596558995557,37.5841649998481],[127.0617290000942,37.5839195997008],[127.06273500029221,37.5857124992781],[127.0651654011856,37.5874204993122],[127.06457480128161,37.5881425998425],[127.0682277997795,37.5900576995325],[127.0686558002875,37.5885580997583],[127.06874650059531,37.5898423001841],[127.0674379001856,37.5914804997009],[127.0709654985833,37.5920681985873],[127.0737615992016,37.5878286997399],[127.07367409928911,37.5860052015634],[127.07238699910421,37.5875694989927],[127.0777052988174,37.5827090006144],[127.0753799993875,37.5814307012078],[127.0759959999389,37.5807611998156],[127.0755598999098,37.5799291001235],[127.07487070022721,37.579972099943696],[127.07510480001501,37.5812261000445],[127.0740861998156,37.5813926003489],[127.0746426990542,37.579891599525304],[127.073712299875,37.5792705997104],[127.0757779000718,37.5787876990925],[127.0762745001668,37.57785169953549],[127.0757779004832,37.5787876997338],[127.0780790002778,37.5801056994708],[127.07838520003,37.5810629994301],[127.07944529902541,37.579428099984604],[127.0792535993708,37.5775384001999],[127.0784768980859,37.5771167002153],[127.07967759782339,37.575133299851096],[127.079462797985,37.574095400766],[127.07573669985919,37.5721853998917],[127.0794862985321,37.569603298375796],[127.0769134993991,37.5648935005202],[127.0759600997012,37.5650894999753],[127.075837499545,37.563004300234304],[127.07285059921199,37.5600953021058],[127.0716804003822,37.5607085014926],[127.0706633002182,37.5602516005358],[127.0709797002889,37.5613681008759],[127.0698960002665,37.5609193003287],[127.0702985000607,37.5616780008318],[127.0698569000962,37.5609692008576],[127.0691185008346,37.5616439001829],[127.0684728005928,37.5637744009997],[127.06798409994481,37.562950201032805],[127.0667955005059,37.5644723009983],[127.0649482006344,37.5633940009124],[127.0613342996072,37.5633966009936],[127.0610280989893,37.5621815007905],[127.0593812988852,37.5624557005249],[127.0591230983316,37.5609686005493],[127.0599518991587,37.560586400305496],[127.0594380989988,37.5602149989119],[127.06106320011021,37.5601594983049],[127.0621867995046,37.557136399021495],[127.0629359001866,37.558403098934],[127.0637500011934,37.5579603974457],[127.0649429011094,37.5593991973393],[127.0680642988714,37.5579626979779],[127.0681107005597,37.5601841980323],[127.0696147998771,37.5594917995013],[127.0710441999443,37.5607265994552],[127.07271469886051,37.558950599396205],[127.07056799810239,37.556987501228996],[127.07100839892469,37.5548533997627],[127.0722601993168,37.5541694999219],[127.0724821992395,37.5529965004578],[127.0713499995138,37.5530039004437],[127.0712411996888,37.5516361004474],[127.0687048996191,37.550811500135204],[127.0676440002489,37.548957701012704],[127.066418400275,37.5495339010079],[127.065680199434,37.5488128005874],[127.0655062997564,37.548134899133004],[127.0670686991728,37.5475178999475],[127.066507499553,37.5469298001802],[127.0670982998591,37.546035699750696],[127.068008699585,37.5460409998119],[127.0680851997036,37.544489500103694],[127.0639553998238,37.5422637000581],[127.06643129948111,37.5385631001228],[127.0659246996209,37.537119100110196],[127.06724459957509,37.5373334994426],[127.0680734994389,37.5356535001914],[127.06706799940561,37.534697801122995],[127.06613989974099,37.535541200431595],[127.0665701989003,37.5346918997533],[127.06450640048129,37.5332067009577],[127.0638368994361,37.5339601997279],[127.0637162991456,37.532621699584],[127.0647808990341,37.5323511000505],[127.0634377994732,37.5312767998976],[127.0642407006009,37.5312467996495],[127.0647903002867,37.53230299882],[127.0668192993037,37.5304235997602],[127.0655531994241,37.529526800028],[127.0671302995329,37.5302902986914],[127.06822800037381,37.5289855996063],[127.06969190028839,37.52939960019],[127.0699959007716,37.5309755992691],[127.07195179980499,37.5303654991523],[127.0705122011251,37.5316768996378],[127.0709473014505,37.5328050995478],[127.0695970015768,37.5336570996272],[127.0693294008537,37.5350385997528],[127.0707888005259,37.536260899042404],[127.0726129009683,37.5364757996909],[127.07201000144991,37.5386229984947],[127.07410489935499,37.537823399294304],[127.073687199894,37.537062699104],[127.07427480002279,37.5369764997511],[127.0759249000634,37.5376447994727],[127.0764871996703,37.5388413987485],[127.0771247001752,37.538157999954905],[127.07523260196251,37.54056599957],[127.07564140012299,37.5412965002473],[127.0746560009257,37.541073600323195],[127.0785020004145,37.5429854992953],[127.0786659002038,37.5454724993831],[127.080076899696,37.54526739886],[127.07997620152871,37.5440622993001],[127.0801368023271,37.5464210987866],[127.07706570053871,37.5464062019289],[127.07521730106231,37.5491870003002],[127.0752624010172,37.5510716984155],[127.076950499843,37.5503421993219],[127.0779714003304,37.5527042990755],[127.0792195008152,37.5516204981024],[127.08047310042821,37.55314179914],[127.0836094993032,37.552675399025],[127.0873492985723,37.5507486983503],[127.0871844987371,37.5489745001245],[127.0864211994416,37.548746699710804],[127.0873039994363,37.5481280989956],[127.0886514998699,37.5489364990296],[127.0897314994493,37.548149298637895],[127.0898660004156,37.5490124987585],[127.0908482994333,37.549149398621594],[127.0932212997573,37.5486785994848],[127.0934839003765,37.5503261994605],[127.0941037009007,37.5500584996612],[127.09400960067721,37.5514271009575],[127.0926757007321,37.5523553009072],[127.092847900974,37.5536239001518],[127.09090089939079,37.554339301123],[127.0898116000321,37.553691901382095],[127.0891945006492,37.5550052000688],[127.0890252010248,37.5592570997129],[127.0905625012884,37.5602716000095],[127.09040590037169,37.561415700405],[127.08933660144099,37.56171290010781],[127.0883618006766,37.5651462998501],[127.0909367015805,37.5657048994654],[127.0927948011061,37.5692627975349],[127.0943216995792,37.5681954986022],[127.0951046011013,37.5684785002198],[127.0947789997612,37.5698584006754],[127.093713399157,37.5689723013323],[127.09101770185269,37.5695734007312],[127.0919278009426,37.572010598294],[127.0963982021252,37.5731109993759],[127.0959913025321,37.5768064956804],[127.097433003962,37.5789490972558],[127.1003506010444,37.579637296567604],[127.1025279004803,37.5789278997135],[127.1012169014236,37.5792462004744],[127.0994822033383,37.581694399010004],[127.1012560000569,37.5838475999867],[127.0997742008359,37.5856122998561],[127.1005887000214,37.5868988985695],[127.1011010002608,37.5860082989701],[127.10321690088011,37.5875179997347],[127.1034079003009,37.5898028003122],[127.1009244005312,37.593000499701304],[127.10216110044111,37.593649599829],[127.1014255006593,37.5965928003029],[127.10172080043199,37.597486699744394],[127.1025881003285,37.5974230001303],[127.1033116001823,37.600464900030396],[127.10130270031881,37.6010486001968],[127.10163110025911,37.6015747999903],[127.10068940045309,37.6023159997248],[127.1028010998201,37.6025376995129],[127.1033145003906,37.6016342997275],[127.1044305997277,37.602492999827604],[127.10608570051109,37.6014593996452],[127.1062263001141,37.6021926994758],[127.1082924002331,37.600974199557804],[127.10962340050061,37.6016558003748],[127.1080284006178,37.6023887998941],[127.10969940014999,37.602527799722296],[127.1092715003671,37.603260300080805],[127.1100106996279,37.6036145997265],[127.1109176992299,37.6035012994346],[127.1106140003676,37.6027833994401],[127.1132022004704,37.6078291006815],[127.1111927007903,37.6070023011336],[127.1110812988423,37.608630201199404],[127.1093145004599,37.6084037010737],[127.10740710150411,37.610829900907795],[127.106995201916,37.6129748987628],[127.1095157003101,37.6129403009859],[127.10590480032981,37.6144949004661],[127.1061905004175,37.6152143007391],[127.1048436003547,37.6146547004249],[127.1030161019914,37.6158086010858],[127.103417801346,37.6177936004417],[127.10486590200189,37.619561599717095],[127.1022222041014,37.6189684016757],[127.1039116029519,37.620212101613205],[127.1023793044842,37.623794498030804],[127.1028429033551,37.6253701011772],[127.1055035985553,37.6272448064424],[127.09909070460891,37.6294172041586],[127.09728659675271,37.6334250093511],[127.0939789971125,37.6296194115909],[127.0901132984503,37.629182211769105],[127.08319130236069,37.636627904167],[127.0849363006157,37.6406428001521],[127.0836299002907,37.641199000539004],[127.0836674001974,37.6418856004812],[127.0830081006582,37.6412347011349],[127.07645000503089,37.644448001886396],[127.0772598034514,37.6478995003484],[127.07975000145771,37.650600000487096],[127.0780150017865,37.6509939006323],[127.0783322012973,37.651898100537],[127.07589630009589,37.653718701322596],[127.07473020091291,37.6565454003645],[127.0751302006108,37.6581627989071],[127.07689979884121,37.658346898722996],[127.0768234002977,37.6572014984296],[127.0768998012457,37.6583468979811],[127.0799137025061,37.661201800266],[127.0801610007805,37.6625331030493],[127.0780127007308,37.6632770025506],[127.077749500994,37.665928599899004],[127.0767089004513,37.664509601237405],[127.07563670107831,37.6648896010319],[127.0757040981644,37.6657673026991],[127.07148240017749,37.6653096006103],[127.0701991007204,37.6662854001833],[127.0707800001673,37.666990000331296],[127.07010400047601,37.6663701007699],[127.0700392014181,37.6674754004313],[127.0668544006592,37.6692429021354],[127.065890601623,37.671172300206],[127.0661719005999,37.672498101409],[127.0632104035614,37.6731876007195],[127.0633912033806,37.6757041982029],[127.0654091019302,37.6780647987026],[127.0659758028944,37.6806218005486],[127.0639297017011,37.6797420047483],[127.0608115048193,37.6824196020707],[127.060911301019,37.683874504467504],[127.0554447002379,37.6881402009022],[127.05556049977619,37.6889884005766],[127.0554446997473,37.6881402008402],[127.05324310089931,37.687879901097396],[127.0532496999907,37.688623201215705],[127.05104450219591,37.6893673004716],[127.0510767021637,37.690755899083],[127.0532436007145,37.690876200858895],[127.0497168013385,37.690986700961105],[127.0486338997986,37.6921988026689],[127.0472033989355,37.6914444017287],[127.045179900959,37.6922352009379],[127.04537780016919,37.696774400903806],[127.04258739947551,37.6961623003046],[127.0417465977,37.6908346032287],[127.0388367975995,37.6898258026888],[127.0380253976654,37.686646500377],[127.041101498883,37.6853335945919],[127.0428279995377,37.682785098919894],[127.0416075983769,37.6802771996483],[127.04147429925021,37.6779097005664],[127.0439940996513,37.675384299010695],[127.0440379996074,37.6734918009032],[127.0427494985224,37.672917600351795],[127.0425956983384,37.671817000593094],[127.0409470994498,37.6718235006515],[127.040954898779,37.6705566003291],[127.0373243992292,37.6691951002838],[127.0377421988613,37.668826499926],[127.0362875994699,37.6672160002971],[127.0366242989369,37.6652981000528],[127.0388591996176,37.6644321992624],[127.03920169965791,37.662749399761104],[127.0420238992653,37.6616028996933],[127.04199389965879,37.6607450999347],[127.0444127989941,37.660583598705],[127.04486709853981,37.6586857006029],[127.0426665007404,37.657042402246205],[127.04291489978979,37.659232801306395],[127.0416753991124,37.6580568004035],[127.0380468995802,37.6573079005298],[127.03891139924261,37.6553574006148],[127.03731829985209,37.6545647007974],[127.0367944999437,37.6554749006637],[127.0357967999154,37.65425460098],[127.03437419875961,37.6544586007763],[127.0337463998267,37.6527504009261],[127.0305964999629,37.6522444012222],[127.0300110996203,37.6528847003062],[127.0295652987279,37.6514779006293],[127.02659839942349,37.6493602993412],[127.02876979982351,37.646740398989095],[127.028555299145,37.6453349998974],[127.0287698005423,37.6467403991844],[127.03009950017771,37.647137899497594],[127.03222149919611,37.646211600122],[127.0314606996193,37.6449294011297],[127.02918889978929,37.644398200599],[127.0302075996056,37.643757800036305],[127.0298719993695,37.6421682003589],[127.0292635999779,37.6416196009075],[127.02533310012839,37.6419918005431],[127.0251855999658,37.641153500688304],[127.0223863999372,37.642183600494],[127.0225566995003,37.6405551002708],[127.0203095999245,37.6400084002574],[127.01946389978731,37.637646700036896],[127.02039139962059,37.6371746996975],[127.0198033996639,37.6356604998546],[127.0219900991704,37.6346468994837],[127.02249379965211,37.6336161990747],[127.0261245997298,37.6343149996827],[127.0283293991516,37.6336608967748],[127.0313953003791,37.635776899515506],[127.0305803001545,37.6368773000303],[127.03068230030149,37.639719499976096],[127.02967590082051,37.640409900015804],[127.03072450046051,37.6406167999316],[127.030883400317,37.6421986997523],[127.0330102996112,37.6439391987086],[127.0331149997438,37.642361099348605],[127.0365781002553,37.6425215989471],[127.0371965008107,37.6438069992723],[127.0382580008512,37.643177199598796],[127.0387588000107,37.6444084994915],[127.04085360073951,37.644869899623906],[127.0397374005111,37.6459314999802],[127.04066140126041,37.6469144998675],[127.04129130063049,37.6473473994346],[127.0419938005098,37.6465444000232],[127.0416730017518,37.6484497992284],[127.0432700001548,37.6484799991982],[127.0450291984376,37.6452356995304],[127.0435084999583,37.643631801134305],[127.0429271998742,37.6441926003809],[127.04233089968639,37.642727201622805],[127.0398491999784,37.6425828010269],[127.04047719908459,37.642251199048395],[127.0402228989585,37.6409173996164],[127.0427706985287,37.6421723981014],[127.04594320186699,37.6381171974848],[127.04689270068211,37.6386995994238],[127.04776360046499,37.6381966003508],[127.0465980016635,37.6395296991361],[127.0474912007703,37.6409979976678],[127.0485779991864,37.6386997992747],[127.0502176975467,37.6375336004409],[127.0512871968327,37.63409880116269],[127.0505339965582,37.632314301622195],[127.0509259986146,37.6298221012789],[127.04992089783471,37.6277078999142],[127.0504743998369,37.6286774985653],[127.0518046985066,37.6274854997573],[127.05081999881921,37.6249600000139],[127.0495799997432,37.6241900002729],[127.0496542994954,37.6226149013272],[127.0486905004592,37.6223144016277],[127.04783999959949,37.623200003376496],[127.0463933984402,37.6222008029359],[127.0420865004548,37.6223388013914],[127.0423519992755,37.621194500589],[127.0407270995443,37.621183401057],[127.0418118971252,37.618861201691395],[127.0409900978178,37.6165492038646],[127.0379822996733,37.6159390997209],[127.0391011990842,37.615519999591996],[127.0383963995691,37.614068600436106],[127.0369540980988,37.613947300932196],[127.0355546998181,37.6125986011324],[127.0339780998724,37.6137639003932],[127.0335999998169,37.6126680004121],[127.0317468005357,37.612157900418],[127.0319060002393,37.6136753001038],[127.0308018004133,37.6135046007357],[127.0312230001005,37.614402500067996],[127.0301353005442,37.6145162005993],[127.03003709989031,37.6153815003594],[127.0289800995553,37.6150802003961],[127.0298979994148,37.613683000583],[127.0284979987788,37.6124873000933],[127.0289883995763,37.6115408000009],[127.03130429889791,37.610596999793195],[127.0298712996525,37.610037900392804],[127.0301236997896,37.6090317002209],[127.0264610998466,37.605686400105505],[127.0241895997538,37.60563290070851],[127.0244731994561,37.6043033002536],[127.0233290993057,37.6044220001879],[127.02433619942859,37.6020579996219],[127.0270594989472,37.6020101996764],[127.0291211991705,37.6007575993518],[127.027228199785,37.598519100100894],[127.0277621988934,37.5975024998056],[127.02824169962929,37.5980745994262],[127.0285971006472,37.5973554988373],[127.0318061979827,37.5978340980423],[127.0322386975502,37.5956598002166],[127.0308542989126,37.5950823990862],[127.03274089814019,37.594817299206504],[127.03255869832239,37.5934666005572],[127.03053630002289,37.5912010026141],[127.0285284012385,37.5919733021953],[127.02801479984039,37.5934791011339],[127.0265601012951,37.5933729012401],[127.0270161004904,37.5952765004339],[127.0232953008564,37.593375601233404],[127.022695801542,37.597025998705696],[127.0218163004417,37.597956099971],[127.022623200449,37.59867410091729],[127.0203251998994,37.5989744003963],[127.01981930010679,37.597383201409805],[127.0194602002639,37.5987779003366],[127.0179904003466,37.5992811004947],[127.018572900079,37.600588099160106],[127.0211269007275,37.6009828998538],[127.0211180011611,37.6024147015605],[127.01780630125711,37.6030345997602],[127.0181421016933,37.6045283002939],[127.0172012015152,37.606729201851195],[127.0153947000207,37.6082953003904],[127.0152080997964,37.607470200509404],[127.013512501492,37.6074731005065],[127.0137725001121,37.608969000940405],[127.0132377994775,37.608923300425104],[127.0125831001322,37.607565701782704],[127.01176730094801,37.6076556016928],[127.01130070141461,37.6089575003909],[127.0132984006584,37.6110931000069],[127.011871300686,37.612353300796904],[127.0119962001788,37.614378600643704],[127.0112660999271,37.6148557005923],[127.0098799005436,37.6135854012558],[127.0087120017115,37.6140185008227],[127.0092438017129,37.6154748007009],[127.0087293997428,37.6167328006342],[127.00871199905261,37.6140185013879],[127.0062352015294,37.6139570014494],[127.0050736995012,37.616215400826],[127.0055365991311,37.6147881011511],[127.0045937986601,37.613359800964496],[127.0033608995808,37.6138451005167],[127.0036276994468,37.6122579013943],[127.00255479888379,37.612018299934306],[127.00443339950209,37.6110386993455],[127.00636749986519,37.6086318991185],[127.00770160014561,37.6080783997458],[127.0088345993729,37.6086733993848],[127.00913119895979,37.607542200258294],[127.0069159997321,37.6066853001714],[127.0085734991405,37.604248000377595],[127.0078323998816,37.6033975012281],[127.0070672999381,37.604068200242],[127.0070540988297,37.602409100548805],[127.00647699800821,37.6023038993836],[127.007703799852,37.5995633993104],[127.0109166995766,37.5979459985621],[127.01123729913171,37.594989300110804],[127.0104461989857,37.5945974993704],[127.0113239981969,37.5928932008878],[127.00771489942619,37.5906294007946],[127.0053329997113,37.5904449006616],[127.00498399970769,37.5914183006225],[127.0029773988989,37.5910313002356],[127.00377519872,37.5897223009027],[127.0018679993851,37.5882902997677],[127.0038031985912,37.587892599746404],[127.00247089935971,37.5867899000469],[127.0030587003071,37.5864419997269],[127.0026696006914,37.5869529998141],[127.00380319992269,37.5878925990376],[127.006068699911,37.5870327991596],[127.0071833001371,37.5850215994561],[127.0082439999428,37.5863628990562],[127.01098319971099,37.5854425991406],[127.0111587997565,37.5825906000697],[127.01008399981721,37.5830615000797],[127.0100899997152,37.5823416002938],[127.00934339925581,37.582342600089795],[127.0095968991563,37.5770466999493],[127.0082746994467,37.5754564000508],[127.0087259998794,37.5728287006244],[127.0071299001492,37.573620300433305],[127.0072100993435,37.5725122999177],[127.0057066999953,37.5711670003896],[127.0039109999001,37.5719070006513],[127.0036664994219,37.570992000096496],[127.00272270036571,37.5709723001162],[127.0019592011292,37.5714421996463],[127.00205220039969,37.5736536007402],[127.001508799846,37.5720422013989],[127.00035659928021,37.5726977003055],[126.9997090996703,37.5710644005872],[126.99877089989809,37.570929700014]]],[[[126.99931289949181,37.582614699825],[127.0004447992842,37.581652199596],[127.0019837986859,37.5817548992183],[127.00258669974079,37.5804449997195],[127.0038468007165,37.5817521995804],[127.0029663004233,37.5817633008633],[127.0035229005929,37.583370800241596],[127.00260130073609,37.5840743003004],[127.0010922992396,37.5842618998346],[126.99931289949181,37.582614699825]]],[[[127.0006139986764,37.538261500958995],[127.0025997006818,37.5378634996872],[127.0018745008286,37.5411177003509],[127.00126989743309,37.5406532995012],[127.0017415991956,37.5388602999857],[127.0006139986764,37.538261500958995]]],[[[127.0021276994412,37.580022499975996],[127.0021277000169,37.5800224997027],[127.0021277002116,37.5800225004284],[127.0021276994412,37.580022499975996]]],[[[127.0103242987218,37.6194362001159],[127.01179589951559,37.6200525990735],[127.0116866997244,37.6191065994026],[127.01270170042439,37.619178799667],[127.0132868998794,37.6205267990481],[127.0142273989389,37.6196199999549],[127.01349959960001,37.6188728994496],[127.0144618994893,37.618673898991396],[127.0146782000574,37.6194747995946],[127.0160721993307,37.618663798498304],[127.0167844008466,37.6197659991386],[127.01855840078251,37.619897099904],[127.0185556005706,37.6208672000842],[127.0185583997911,37.6198971004921],[127.017229200832,37.6199741004003],[127.0171359999892,37.6216049008396],[127.0145814999979,37.621496900359396],[127.0143638000633,37.6208319007917],[127.0134105996627,37.622345800241696],[127.0117958983776,37.6200525997965],[127.0103242987218,37.6194362001159]]],[[[127.0154638981101,37.5482302004691],[127.0164803002231,37.5469488993542],[127.0162074003638,37.5485987999781],[127.0154638981101,37.5482302004691]]],[[[127.0172527998265,37.5415508000966],[127.01725280040759,37.5415507999096],[127.01725280017959,37.541550800266904],[127.0172527998265,37.5415508000966]]],[[[127.01761559926099,37.55340339991],[127.0182285004976,37.5540985992734],[127.0190338996922,37.5537617996102],[127.0188758999689,37.5529134992827],[127.021379400094,37.5527267987104],[127.022125601611,37.5552783007062],[127.0198711999649,37.5570217002121],[127.018964999367,37.5560629007138],[127.01941499913839,37.5552888000539],[127.01761559926099,37.55340339991]]],[[[127.0181512997154,37.6272836997499],[127.0181976000242,37.626824399761],[127.0181726003662,37.6270727000221],[127.0181512997154,37.6272836997499]]],[[[127.01894589972221,37.6219149999992],[127.02002619949761,37.619684699608904],[127.02105350086829,37.6194397997138],[127.0219911008594,37.6205447998062],[127.0219402001117,37.621847000342505],[127.0205987996366,37.6226819002389],[127.01894589972221,37.6219149999992]]],[[[127.0197030994738,37.6051565002028],[127.0197031001323,37.605156499665696],[127.019703099998,37.6051565003399],[127.0197030994738,37.6051565002028]]],[[[127.0212610993369,37.6249938998619],[127.02783390030531,37.6225859992251],[127.0275744006653,37.6232030999212],[127.0298446006709,37.625490999293696],[127.0293429003712,37.62674169963449],[127.0300095004989,37.627374000154106],[127.029429700476,37.627331900404],[127.0297019000687,37.6278752005275],[127.0282747001847,37.6272117004949],[127.0262866011944,37.629382701053004],[127.024959199332,37.6289390005506],[127.0240687002225,37.6296361998534],[127.0248820004363,37.6300417003907],[127.0241685001747,37.629855900764206],[127.02246339980391,37.6278334004318],[127.0227633993667,37.6270501001793],[127.0215857995665,37.6264775996748],[127.02201289952899,37.625178500161894],[127.0212610993369,37.6249938998619]]],[[[127.0266977992564,37.5649322000094],[127.0273911999274,37.5635362994906],[127.0298008005234,37.5637322987809],[127.0307437004477,37.562790299575305],[127.0317481008763,37.5634618998843],[127.0301877002001,37.5658879004796],[127.0266977992564,37.5649322000094]]],[[[127.0282355994028,37.5567633005063],[127.031312800544,37.5572881008061],[127.03069719997801,37.5581174002316],[127.0282355994028,37.5567633005063]]],[[[127.033519499656,37.548935900245496],[127.0335194998685,37.5489358998394],[127.0335195001862,37.5489359000175],[127.033519499656,37.548935900245496]]],[[[127.0359669997841,37.5612082001254],[127.035967000125,37.5612081998515],[127.03596700017219,37.5612082001956],[127.0359669997841,37.5612082001254]]],[[[127.03631759982031,37.561556799998996],[127.03834820008021,37.5601708994703],[127.0375145008619,37.5629810006943],[127.03711839954428,37.56207100123201],[127.0366258994003,37.5623865004531],[127.0368269995778,37.5613558005455],[127.03631759982031,37.561556799998996]]],[[[127.03783679956139,37.5739869000013],[127.0380489992578,37.5736206993529],[127.03845060024011,37.5738924995967],[127.03833779997389,37.5742429006711],[127.03783679956139,37.5739869000013]]],[[[127.0386615997249,37.5627184999972],[127.0388339000861,37.562672599952],[127.03877440006609,37.562942200186],[127.0386615997249,37.5627184999972]]],[[[127.0409819993493,37.5172040000747],[127.0415543002369,37.5165003993572],[127.0422501015375,37.5173126002787],[127.0414259007102,37.5171328003214],[127.04103809983299,37.5179324004335],[127.0409819993493,37.5172040000747]]],[[[127.0411524998919,37.565526099933],[127.04381080061,37.5649077992357],[127.04529050039149,37.5676755002858],[127.04426880029109,37.5670030008493],[127.0428550981972,37.5674641017305],[127.0411524998919,37.565526099933]]],[[[127.0468632996823,37.711651499947905],[127.046863300612,37.711651500689904],[127.0468632996837,37.711651500693904],[127.0468632996823,37.711651499947905]]],[[[127.0469501998669,37.724425299907],[127.0470411000083,37.7243960998383],[127.047090300756,37.7243936002186],[127.0470410999895,37.7243961001143],[127.0469501998669,37.724425299907]]],[[[127.0471074997719,37.7104565000167],[127.04806239968491,37.7098734991332],[127.04710889940719,37.7084713997951],[127.04762790004119,37.7083959994602],[127.04858680009019,37.7099038989346],[127.04974520039251,37.7101253001836],[127.0478700998689,37.711083500494304],[127.0471074997719,37.7104565000167]]],[[[127.0482089992948,37.5792684989329],[127.0500069004194,37.5788374997807],[127.0488075001346,37.578914200993],[127.0484800000578,37.5806900009568],[127.0482089992948,37.5792684989329]]],[[[127.0489032994288,37.5890778999819],[127.0492393002248,37.5891144000901],[127.0491858996858,37.5891556004539],[127.0489032994288,37.5890778999819]]],[[[127.0491904995685,37.587440399700895],[127.0491905004364,37.587440399791696],[127.0491905003784,37.5874404004002],[127.0491904995685,37.587440399700895]]],[[[127.0494798995688,37.568966700404495],[127.05105899845789,37.5666946991511],[127.0496647982597,37.5655769988963],[127.0503626989723,37.564309198581995],[127.0506774000669,37.5650923993573],[127.0515534002195,37.5641095995759],[127.05459960008861,37.5640424989608],[127.0543382004533,37.5650137993686],[127.0556524007598,37.5645309996599],[127.05615490000369,37.5664165001912],[127.0545753001398,37.5661421005037],[127.0538073001188,37.566837000487],[127.0538361001689,37.56905600069901],[127.05258120005901,37.5682388005003],[127.0506522002315,37.5693699004393],[127.0494798995688,37.568966700404495]]],[[[127.0496742994061,37.581413799982],[127.0498107002224,37.5815815001815],[127.0497180996811,37.581468000629],[127.0496742994061,37.581413799982]]],[[[127.0499783991895,37.5189131998114],[127.05179009997441,37.5177406987241],[127.0543605995542,37.517718798899],[127.05439510008209,37.518973799874196],[127.0554376004126,37.5198326999242],[127.0543951003517,37.5189738009134],[127.0510037994586,37.5206802010188],[127.05109209937261,37.519068301165],[127.0499783991895,37.5189131998114]]],[[[127.0504863995467,37.5819231998398],[127.0512185993215,37.5816976000311],[127.0506488998338,37.5798239997901],[127.0524490004166,37.5811175992937],[127.0517711000938,37.5810137003922],[127.0521912001345,37.5819048001735],[127.05129750000721,37.5825801000964],[127.0504863995467,37.5819231998398]]],[[[127.05215129884161,37.6977132004234],[127.0531843997923,37.6973694989352],[127.0533123002627,37.698284999093396],[127.0542374001979,37.697640798597405],[127.0573268016461,37.6992798000743],[127.05753770256919,37.7007506991626],[127.05616650092911,37.700758800821504],[127.0554951988654,37.7020980012623],[127.0536623994275,37.700416400752104],[127.0533122989727,37.698285000570095],[127.05215129884161,37.6977132004234]]],[[[127.05222229977079,37.5692383002782],[127.05222229986279,37.5692382998827],[127.0522557002414,37.569218499959],[127.05222229977079,37.5692383002782]]],[[[127.0559281984324,37.7030788002815],[127.05592820023449,37.7030787999765],[127.05592820034269,37.7030788010015],[127.0559281984324,37.7030788002815]]],[[[127.0564771986908,37.544379200387404],[127.0564771997733,37.544379199501],[127.0564772006921,37.5443792005003],[127.0564771986908,37.544379200387404]]],[[[127.0615715991045,37.5332699993438],[127.0622653996699,37.533024099439096],[127.06239220088081,37.533297100390996],[127.0615715991045,37.5332699993438]]],[[[127.06231239991159,37.6560754999829],[127.06231240002569,37.6560755000033],[127.0623123999816,37.6560755000565],[127.06231239991159,37.6560754999829]]],[[[127.0641494998285,37.5301520999816],[127.0643069006493,37.5300025995596],[127.0643069006185,37.530271900163406],[127.0641494998285,37.5301520999816]]],[[[127.06484069954891,37.534755300128],[127.06491300055751,37.534666899778294],[127.06493450013201,37.5347521000957],[127.06484069954891,37.534755300128]]],[[[127.0654833998155,37.5351499998758],[127.0654833999871,37.5351499992952],[127.0654833999978,37.5351500002736],[127.0654833998155,37.5351499998758]]],[[[127.06950139930359,37.5905369001313],[127.0695345002006,37.5904386995787],[127.06950140004739,37.59053690011859],[127.06950139930359,37.5905369001313]]],[[[127.0763157986336,37.670971200023295],[127.0769630981433,37.669223701432706],[127.0764499999771,37.6674039996653],[127.0785537998282,37.6674584992792],[127.0804035002259,37.6686721990349],[127.08165590005031,37.6683875987952],[127.0834358009553,37.6701548997698],[127.0814922007018,37.6728928004513],[127.0794465004343,37.6733267005749],[127.0782950993036,37.6731112002455],[127.0763157986336,37.670971200023295]]],[[[127.1009384996631,37.5461113999055],[127.1015933996765,37.5449707996332],[127.103306599248,37.545467199102895],[127.1036470999316,37.543598599611805],[127.1038398002395,37.5448818997634],[127.1049021998986,37.5452471993327],[127.1056901012743,37.5446107997125],[127.1053974011754,37.5459296998216],[127.1061451002334,37.54671780008],[127.1038417003772,37.5461415012124],[127.10367840000691,37.5472410007931],[127.10300549978899,37.5460562009144],[127.1025032001727,37.5469287009126],[127.1019115994374,37.5457034006686],[127.1009384996631,37.5461113999055]]],[[[127.1072383993696,37.6148315011219],[127.1072384014076,37.614831499546504],[127.1072384012937,37.6148315012611],[127.1072383993696,37.6148315011219]]],[[[127.12293419905251,37.5387036995147],[127.1232978997833,37.5380984993704],[127.12439280046229,37.5382721000456],[127.12293419905251,37.5387036995147]]],[[[127.1411079991947,37.6042251998228],[127.1423417000996,37.603841599396006],[127.1428347996065,37.6029499002877],[127.14183439956089,37.6024392002128],[127.1427782998983,37.6018089997872],[127.1453075995475,37.6026492992285],[127.14626029948879,37.6019040985562],[127.1467064007974,37.6032267998535],[127.146356799741,37.6048001007403],[127.14400940049791,37.6042408007837],[127.1418553998402,37.6050898005452],[127.1411079991947,37.6042251998228]]],[[[127.1605123996232,37.6091919996181],[127.1612084998402,37.6090592996668],[127.1614196012539,37.609408100402206],[127.1605123996232,37.6091919996181]]]]}},{"type":"Feature","properties":{"interval":60,"stationId":"6041673025"},"geometry":{"type":"MultiPolygon","coordinates":[[[[126.8430656996272,37.613631999907504],[126.8431378986721,37.612807099916495],[126.8444053009737,37.6128150999907],[126.84357630083049,37.6126206002904],[126.8430656996272,37.613631999907504]]],[[[126.8465127993214,37.5321147997629],[126.84674199966841,37.531751899371805],[126.8469895004349,37.5313543992652],[126.84674200050951,37.5317519011024],[126.8465127993214,37.5321147997629]]],[[[126.8538234995143,37.524708099097],[126.8564727000839,37.5229930995482],[126.8590878011908,37.525407199689994],[126.85839620025111,37.5248503010547],[126.8580136005296,37.525822300533704],[126.8554943003737,37.526983700442905],[126.8538234995143,37.524708099097]]],[[[126.86084839918999,37.5263231000035],[126.86173649957401,37.5248016999551],[126.86414959905291,37.524122499533],[126.8653132997403,37.5228395996204],[126.865740100775,37.5246508982516],[126.86908750001591,37.5254363994816],[126.8711778991431,37.5231498991068],[126.87300959934001,37.5228779981975],[126.8737871985624,37.5219957990797],[126.8733589001852,37.520951899461],[126.8758800002002,37.520944299603094],[126.8808711001484,37.5238951000755],[126.8784474998773,37.5241859009151],[126.8779423003825,37.5254822996187],[126.8789197012426,37.5269379002663],[126.87697920083009,37.5275077012674],[126.87642370016411,37.5285408007192],[126.8757462997122,37.527616201068696],[126.87439019981649,37.5285758001367],[126.8743407997679,37.5278509005947],[126.8717522994249,37.5271201003903],[126.8703672998448,37.525653300250404],[126.8666461001456,37.525799400759695],[126.865740100338,37.5246509004212],[126.8648223010125,37.527183399382295],[126.86600690096711,37.5273950998681],[126.86412150035899,37.529098900637],[126.86084839918999,37.5263231000035]]],[[[126.8652440998996,37.5124746999648],[126.86528700002769,37.5124089997363],[126.8656459002924,37.512479900114904],[126.8652440998996,37.5124746999648]]],[[[126.8659083992084,37.550435300419494],[126.8659083995814,37.5504352995795],[126.8659084001587,37.550435299905295],[126.8659083992084,37.550435300419494]]],[[[126.8669611989678,37.6019036995441],[126.8683921999075,37.602241599837896],[126.86951310010451,37.601176799780596],[126.87077600118651,37.602367600317],[126.86913880078251,37.6033793001421],[126.86909720082829,37.6050117005367],[126.8683876002047,37.605417701672295],[126.8673396972637,37.6046125993482],[126.8681801994401,37.602275300464704],[126.8669611989678,37.6019036995441]]],[[[126.8729397995424,37.5469494999931],[126.8751221006782,37.545667699381504],[126.87631330034041,37.546330299820504],[126.8765540005552,37.5474149006024],[126.8729397995424,37.5469494999931]]],[[[126.8783004988124,37.5020506006058],[126.878901200412,37.5022245003932],[126.8786800005884,37.5039399987262],[126.8813106006156,37.5017734999858],[126.880165900574,37.5027869998591],[126.882673200808,37.505011200093996],[126.88031880026699,37.503413001685104],[126.8798102995311,37.5051889007305],[126.8783004988124,37.5020506006058]]],[[[126.8803200995686,37.5137204991059],[126.88243749961619,37.5127707993209],[126.8831511001202,37.5140707985204],[126.88381870168331,37.513735500983806],[126.8821552008976,37.5151708002385],[126.88265899995271,37.5159847002509],[126.8803200995686,37.5137204991059]]],[[[126.8806455995485,37.5452954997072],[126.88254229952119,37.544341100035496],[126.881276298345,37.5427282005801],[126.8818644008845,37.542073299616],[126.8812763010718,37.5427282007861],[126.8831001002243,37.544206099885294],[126.8812564010992,37.5466383011794],[126.8806455995485,37.5452954997072]]],[[[126.8811832999416,37.5238303000537],[126.8829903988563,37.52264309871391],[126.8847681998124,37.519513499244106],[126.8852302006456,37.5204529990672],[126.88607910089671,37.5203241990339],[126.8863621009594,37.5215800991963],[126.88747430096319,37.5214036992067],[126.8888820996962,37.522453798785],[126.88960849896979,37.5220443991944],[126.88959059898771,37.5209606002782],[126.8907899988163,37.5197536006863],[126.8895474998756,37.51969179956],[126.8919832982656,37.519384199482396],[126.8920521981967,37.5170363018303],[126.89034559882451,37.5159077005578],[126.8912143988578,37.5149999005482],[126.89068919885099,37.5143064005422],[126.8912116991545,37.51342389938],[126.8928653995264,37.5122255991543],[126.893945699968,37.512162499792105],[126.893850700433,37.5128301994513],[126.8973487005753,37.5126716993449],[126.89900520048961,37.515531298683996],[126.9022830004933,37.5162585994247],[126.9024142004824,37.5175568989436],[126.90332109957549,37.5179152985852],[126.9039806989159,37.5177070987934],[126.9042657996647,37.5149982998718],[126.9053451989136,37.5151298997472],[126.9051395991192,37.5134796013975],[126.9007008990951,37.512117100670295],[126.90261479971349,37.512911698488494],[126.9041042990163,37.510708999609996],[126.9031848000977,37.509462399118895],[126.90477939951259,37.5096899993225],[126.9052468992859,37.5089586996901],[126.9067930990338,37.509103198975396],[126.90940119982281,37.507804899115094],[126.9124492998155,37.5076625994822],[126.9118655006901,37.5085924001246],[126.9127924997631,37.509782798934204],[126.91338669944061,37.5093575994085],[126.9142376004265,37.510002499505596],[126.9146672011814,37.5115606996691],[126.9187138995857,37.512278198691696],[126.9195393991188,37.510836599798395],[126.91886759871299,37.5104307984759],[126.9200884974921,37.5089702999364],[126.918743598837,37.507069701837004],[126.9200036991473,37.5072831992223],[126.9204331987178,37.5061508003547],[126.9193478998031,37.506004400501105],[126.9185274997257,37.5040772000062],[126.91928639923391,37.5045825987061],[126.9203330981872,37.5040817992069],[126.9198987986215,37.5017076015811],[126.91728449884589,37.5015703016035],[126.9162334999274,37.5000005011684],[126.9131343007611,37.5000538003434],[126.9127780011672,37.5021128025617],[126.91242419977681,37.5008754012415],[126.9102998000379,37.5020941009956],[126.908057800937,37.5001480024911],[126.906365898932,37.5009567008886],[126.9061767996916,37.5002041994146],[126.9081980999894,37.498116799719696],[126.9091969001603,37.499256099351996],[126.9100419993152,37.499198299409805],[126.9102537001308,37.498175798782796],[126.9113590990254,37.498224498734096],[126.91173689990599,37.4990908989581],[126.9127692021556,37.4984913999793],[126.9138712010925,37.5000372991432],[126.9155249994387,37.500012599167896],[126.9160123995771,37.4984303999946],[126.91717919915551,37.4981735993692],[126.9169089995985,37.4971695998814],[126.9223158997331,37.496696199474805],[126.9226780004799,37.497263299063],[126.9242904992845,37.4969820993097],[126.9243680993452,37.4961310995227],[126.9256831994403,37.4967306996478],[126.9258911985192,37.4953584003618],[126.9283713005468,37.494474599524494],[126.928459800596,37.4961795985827],[126.9300180000388,37.4947844994414],[126.9320744002959,37.495369399633404],[126.9316187004131,37.497985499475796],[126.93407220018861,37.498378199812095],[126.9334988004451,37.4984611002889],[126.9340643003464,37.499946799338396],[126.9378183995914,37.50024169866089],[126.9384510993406,37.4990458996164],[126.9412807996613,37.4981006994576],[126.9411337999281,37.496591199353496],[126.9439532998487,37.4960677993278],[126.9439481001861,37.496761499265496],[126.9471021993816,37.496638199706396],[126.9474020990697,37.4939281013141],[126.946669699322,37.4922079003305],[126.94411699956221,37.4929515994448],[126.9468908997232,37.4919423984231],[126.9467660002035,37.4927153996122],[126.9478672991022,37.493578598749],[126.9487488988347,37.4922282988087],[126.9501084991721,37.4922638996368],[126.949517699667,37.4913728000044],[126.9505107988828,37.490362500851205],[126.9501474997061,37.4899395990701],[126.95256140030439,37.490798399396304],[126.9533643995014,37.489836200358496],[126.95217959991659,37.4881621998397],[126.9531413998928,37.4888939991132],[126.953800201049,37.4883386998706],[126.95414460070461,37.4896810985282],[126.95519799965119,37.4896154985938],[126.9568146000699,37.4873409998525],[126.9614412985465,37.489560699357895],[126.9622548989618,37.485719399642],[126.9645176975539,37.485957899540104],[126.9668119954529,37.482864199558804],[126.9665410957238,37.481973400449604],[126.9631629991019,37.481084001339],[126.9624236986529,37.4800787005561],[126.9581779993462,37.478390900939004],[126.9595230991423,37.4779233999516],[126.9589862994069,37.476683099993906],[126.9605747994885,37.4770649987884],[126.960727299336,37.475437300416104],[126.9596109994294,37.475537699362995],[126.95983200018861,37.474807999583],[126.960621599856,37.475399499337904],[126.9610499994276,37.4741766005608],[126.9601600989139,37.4740762004828],[126.96176830016951,37.4730869997709],[126.9622056000353,37.4737776990748],[126.96325819987,37.473297699095504],[126.9667872003084,37.473922799444196],[126.9682570001754,37.4755046991674],[126.9689291010323,37.4751405000202],[126.9677904013105,37.4767974998971],[126.9697685002042,37.4778122990583],[126.9720046990195,37.4742944989743],[126.9732297995437,37.473847999097295],[126.9734492992422,37.4721652996664],[126.97455979918999,37.4716325986942],[126.9751362999125,37.4728454986367],[126.9765473992335,37.4726534986764],[126.9764896992913,37.4709463003007],[126.97733599894039,37.4705417999552],[126.9768123995723,37.469870498350296],[126.97862979966129,37.4715412975297],[126.9829779973761,37.469993498966204],[126.9832747998431,37.4710464986311],[126.9848792997776,37.4695702997891],[126.98522289564539,37.466822100470104],[126.9863224999335,37.4679953995277],[126.98809969983341,37.4673458988961],[126.9884371995754,37.464687501236895],[126.9874359988906,37.4609115005692],[126.9886868988555,37.459392799438305],[126.9878057997366,37.458721900109204],[126.9882453992238,37.4581947986294],[126.9887375013936,37.4599791989672],[126.9935692032369,37.4636874983507],[126.99332910299,37.466292600455205],[126.9920384992408,37.4685549027589],[126.9901123989209,37.4682016015249],[126.98691940133361,37.469173401034105],[126.98687659991471,37.470051401332604],[126.9857046996172,37.4686289013325],[126.983274801921,37.4710464992427],[126.9857053003744,37.472919397576405],[126.9867913013742,37.4713839991024],[126.9895242987826,37.474894396166796],[126.991503299776,37.4742005971132],[126.9910048000487,37.4754108009338],[126.9887913022622,37.4758250005196],[126.9893190017345,37.478610997733604],[126.9924097986437,37.4796569966876],[126.995468798221,37.4793514973263],[126.9982423992022,37.477117896551306],[126.99976240260389,37.474400597343106],[127.0015529008134,37.4748253969183],[127.0032521991141,37.4740317977119],[127.0028892011208,37.475950098474996],[127.00455600182259,37.4764987994698],[127.0044283015471,37.478147098768204],[127.0061927004193,37.4792474990925],[127.0069208993622,37.4773826996776],[127.00876239959989,37.4782600986038],[127.00994330043851,37.47719089963179],[127.0102392001426,37.4781617986609],[127.0170647047573,37.475000698010305],[127.01792210558311,37.476366699808096],[127.017362402261,37.4789684008165],[127.0187457008777,37.4807072990776],[127.0215232002255,37.479823499344405],[127.0209421009662,37.4804229996107],[127.02186090004739,37.482710897322804],[127.0240335019735,37.4804233990405],[127.02520719991699,37.483181199402594],[127.0271905001229,37.4837784995985],[127.0287000986133,37.482525000852],[127.0277160990599,37.4796662996893],[127.0289437983101,37.4785731004763],[127.0288143990059,37.47677139952879],[127.0309468993594,37.4715025000285],[127.0299498991086,37.470920600852],[127.03118669864031,37.4700189007407],[127.0308731989148,37.4685372997001],[127.0294688999358,37.4676474002247],[127.0297605986473,37.4667731986754],[127.0304717995657,37.467110199041],[127.0317755982619,37.4659809001703],[127.03186289850619,37.464208299919406],[127.0330584982617,37.463942198678],[127.0341918995867,37.4619960995628],[127.0355715999404,37.4633044998712],[127.0374379997795,37.4614658985555],[127.0403546000641,37.463498999653],[127.0419828005213,37.4618284997158],[127.0409843013208,37.4629840989797],[127.0418117004934,37.4645728973909],[127.0434919005153,37.4650151977059],[127.04509469927261,37.4635679989979],[127.04493789970829,37.462407299923406],[127.0439214997061,37.46199970001],[127.0451908991423,37.4619135996229],[127.04553360045,37.4608096988136],[127.0483621007436,37.4621339993615],[127.04637170030139,37.4612262016266],[127.0456829017922,37.4646264996201],[127.0465971023156,37.4681599978035],[127.0495632002701,37.471049299477095],[127.0491392008245,37.4720958992257],[127.0498487008169,37.4744410999888],[127.0487747995775,37.4742865009987],[127.047815300537,37.4751995000857],[127.0480112000603,37.476814400523004],[127.0453210000488,37.476883200835104],[127.0447785005913,37.4780155997027],[127.0454074010028,37.4787435001864],[127.0446487006019,37.4782831007967],[127.04378670122429,37.479790699762106],[127.04466010104,37.4807755993221],[127.0465596999111,37.4797019996002],[127.0467395000863,37.4806214991257],[127.0481342989754,37.4799129998918],[127.04755629942309,37.4785312998879],[127.05072280060361,37.4772616995618],[127.0532226001521,37.478203499556],[127.0520702001739,37.4794415001177],[127.052355099889,37.480258399300794],[127.0548087990867,37.481847998312396],[127.05764279728089,37.4798790992463],[127.0555199994037,37.478201300924106],[127.0540826996172,37.478789700228],[127.0536476998061,37.4779226995612],[127.0546365992923,37.477047399858996],[127.0541077996908,37.476722099385],[127.0568443002114,37.4767872993138],[127.0563241006987,37.4772363998199],[127.0568740001488,37.477755099301206],[127.0581595997633,37.4763878995912],[127.0582170029539,37.479580997518006],[127.06111580005509,37.480680296418704],[127.0627051984657,37.4779543991446],[127.0654296999013,37.4777348980513],[127.0650907017015,37.4789552988287],[127.07018909660309,37.4825540952299],[127.06761490202379,37.4775613974563],[127.0701890984539,37.4825540950361],[127.0726320034935,37.4840603981706],[127.0784874993784,37.482814599261594],[127.0791653987005,37.481525500550696],[127.07845239941351,37.4806569014193],[127.076862099771,37.4811974997346],[127.080474000162,37.479691997564],[127.0819478993531,37.4804137968582],[127.0862732994845,37.4790287965081],[127.08698850113511,37.4794715003077],[127.0842864028462,37.481388799151496],[127.08527640185619,37.4834877970525],[127.08815990403,37.4836291977071],[127.0861706012731,37.4858303024666],[127.0862008008747,37.4878569018698],[127.08520010018829,37.4874510023167],[127.0827554006253,37.489699299695395],[127.0860833000833,37.4956710999268],[127.08415560090451,37.4952599021313],[127.0823950996161,37.496759001913595],[127.0831326988765,37.495259100058],[127.0805930995977,37.4944495012508],[127.0784617008393,37.494853300718404],[127.0772269020741,37.4969574986142],[127.0785985007025,37.4976064979652],[127.0784578002921,37.4989341015493],[127.0745987006097,37.4977076010834],[127.0736379009594,37.4989803996247],[127.0745258004104,37.5032230969929],[127.07725840007781,37.5040975965035],[127.0808434979064,37.501934898548505],[127.0800271987227,37.499845400638],[127.08128900037539,37.4990128992295],[127.08125160035401,37.499691499838896],[127.0837004001281,37.5005416983787],[127.0863932983001,37.5006900972678],[127.0973634975215,37.4969399977402],[127.0968737000851,37.4908747014792],[127.09615790080089,37.4921233002306],[127.09687369902511,37.4908747011118],[127.09599469990411,37.4907072012793],[127.09510809918551,37.4919747001743],[127.09599469694241,37.490707201065604],[127.0961589967099,37.4875566978469],[127.0954001974687,37.4847840006196],[127.0925676976269,37.4849531005534],[127.09456830058231,37.4824105977062],[127.0931659017097,37.484424698409],[127.0955399997254,37.4843799986907],[127.10127179959301,37.4807742971058],[127.1030282994549,37.481564098891],[127.1029462993338,37.480251699932296],[127.1056737002706,37.4795444996408],[127.10566490078779,37.482456397356295],[127.1078431012033,37.483521298228396],[127.1077086006096,37.4886707975346],[127.1098474984707,37.4880929981124],[127.1090856001051,37.4859173987716],[127.11106270051961,37.4877262979955],[127.1123878991944,37.4855417001801],[127.1144439990574,37.4847484993966],[127.11482429867709,37.4840808000643],[127.1135366979137,37.4830967990304],[127.11406050022549,37.4823174962162],[127.11380060049501,37.483239399748],[127.1166719980354,37.483360899221],[127.11786649852421,37.4814285988087],[127.116581397873,37.479354698935204],[127.11841539961381,37.479882498506605],[127.11912719965859,37.479352198417004],[127.1196383991474,37.4771017006675],[127.1184386996581,37.477836800112],[127.11874399728681,37.4766816984144],[127.12125359833651,37.4742002970482],[127.1227121968779,37.471150800097696],[127.1198672998365,37.4686717001579],[127.12000069980371,37.467727799971],[127.1249976994644,37.466956197357796],[127.1270947999367,37.4649389986292],[127.13043900022619,37.4683349996396],[127.1321366990324,37.4686212988901],[127.13256510045659,37.4679635994602],[127.1324626002473,37.468707099298],[127.13305199996971,37.467988399435406],[127.1312933005619,37.4700675002747],[127.1272182003307,37.471195200986294],[127.1267486003409,37.472802900690496],[127.1257667993489,37.4703150002191],[127.1245464005693,37.4700854004487],[127.12439330072239,37.4711212994128],[127.1257756003489,37.4743382989176],[127.1270543013455,37.4740976998526],[127.1257756008892,37.4743383003094],[127.1263787002861,37.4754187992289],[127.1285729998268,37.4752508986994],[127.12961650063039,37.477099599062505],[127.13095629960189,37.475479800019805],[127.1302142993877,37.474826198902704],[127.1330505999736,37.4746786996356],[127.1322233006947,37.4781761995988],[127.13323200041211,37.4783861995895],[127.1350070007105,37.481392900170306],[127.1337860008165,37.4826454011037],[127.134495600083,37.4838122003122],[127.1330059008266,37.4840400000828],[127.1337686004354,37.484166300704395],[127.1331202011598,37.4879160982668],[127.13405610001419,37.4868447993887],[127.1352175001539,37.4873448992798],[127.13532209976759,37.4862429998958],[127.1367055988116,37.4855868000525],[127.13752789993889,37.4828055997546],[127.139739399937,37.4809033996233],[127.1394195005946,37.4814435996139],[127.1404134001124,37.482178399384104],[127.142114600026,37.4819487996346],[127.1426662000046,37.4833290987333],[127.1489987001253,37.4839328997261],[127.150103800395,37.485679699369],[127.15177199959709,37.4852916998194],[127.1518790993987,37.4845456972596],[127.1542895994585,37.4845197969008],[127.1542482005306,37.4864923002922],[127.152815100612,37.4861058003377],[127.1527099007172,37.4870942993492],[127.1537658003575,37.4871126997433],[127.1550888001079,37.4892445982811],[127.15595330032339,37.486852899573805],[127.15910809997939,37.486540299714605],[127.1612376005021,37.4885422988745],[127.1622636021241,37.487732602235305],[127.161890702497,37.489992799975106],[127.1602121024107,37.4921089996828],[127.1624565001663,37.4923705994212],[127.1630248027373,37.493546801741],[127.16111810464399,37.4964304988573],[127.1616827040794,37.4975238977639],[127.16103440005851,37.5009160009734],[127.15894580053539,37.5018604001532],[127.15987770043789,37.503630700137904],[127.1593161004356,37.5031069009978],[127.1565087012866,37.5037037012555],[127.1546918002227,37.5018166011143],[127.153893399797,37.5025971007545],[127.1532828004076,37.5019859013657],[127.15100270134491,37.5044321009114],[127.1489927991834,37.504373300260596],[127.1493246979761,37.5028366011552],[127.1484228988779,37.5019430020488],[127.1470601992578,37.5019754016981],[127.1458587004593,37.502726000947504],[127.14553200170221,37.5045683003988],[127.14393870231841,37.5061942016557],[127.14420730204981,37.5077522000977],[127.146749202067,37.5110168988216],[127.1488456004513,37.510816799326],[127.14674920160411,37.5110169006473],[127.1465313020133,37.513308299797096],[127.14810960043499,37.5150688980365],[127.1495453989992,37.5151867979186],[127.1500998986646,37.513962198126805],[127.1503759013625,37.5144725997843],[127.14954540101209,37.515186800093105],[127.15039830077221,37.515800599645196],[127.1499389009996,37.5173665000178],[127.1506537019285,37.5187809999899],[127.150092700812,37.519162700365506],[127.150825801291,37.5201993015346],[127.149993802123,37.5236482980856],[127.1510777010391,37.5265600951738],[127.1536101015229,37.5301216971848],[127.1555939007962,37.5300975987929],[127.154733601704,37.5316922995652],[127.1564587001633,37.531689799425806],[127.1569047021497,37.532633701097],[127.1544373051542,37.5323049025343],[127.15712410193031,37.5345103992203],[127.1588085021343,37.537217699243],[127.1582056005394,37.5396220005479],[127.15327160547339,37.5402637999061],[127.15676160198339,37.546079394090505],[127.1593045994404,37.540968899201005],[127.1601238994515,37.5412901983754],[127.15744890385581,37.5459042969648],[127.1599975013072,37.546247196621906],[127.16073610189069,37.5482798986828],[127.1621639012472,37.5491126985326],[127.1659359996014,37.5476204986376],[127.1670383009799,37.5444637001937],[127.16700760101061,37.5457166989407],[127.1691688000001,37.5456404996798],[127.1691012008797,37.5465682997107],[127.1701489006364,37.5468047998491],[127.169101201097,37.546568300714895],[127.1691028016792,37.5488716992377],[127.17095360018061,37.5484821993889],[127.1725977996996,37.549972798998596],[127.17335010004469,37.549122199802696],[127.17374340032981,37.5510762995862],[127.17492369969689,37.551744398877695],[127.176081700734,37.5507716991605],[127.1771192003719,37.5517864991089],[127.1732511021145,37.556199399994],[127.17443930092631,37.557203198990194],[127.1766339987316,37.5570014991919],[127.17799479990829,37.553917998754],[127.1782297007836,37.5546664990402],[127.17934889966439,37.5546617990449],[127.1806180991388,37.55222650063531],[127.17969409958131,37.5514498000336],[127.18061809933981,37.5522264990596],[127.1815962001495,37.5512738998925],[127.18186440163079,37.555600098874],[127.1844955000517,37.5555362990089],[127.1860990006262,37.5597999981281],[127.18728229974191,37.559868498254],[127.1872391997167,37.5581216999751],[127.1912376995583,37.556555099521795],[127.19120029979071,37.555881699694304],[127.1924945001246,37.5554624998792],[127.19217960124921,37.5562190000241],[127.1934966999321,37.5571379991051],[127.1940456001412,37.5556578999002],[127.19568359998989,37.5568088981331],[127.1971777994359,37.5552372992068],[127.1991228991701,37.5545748997087],[127.1994111988818,37.5534454008382],[127.1986065996864,37.553218901064696],[127.1981595994077,37.5541558006206],[127.1973880993207,37.553746100369096],[127.19795329843049,37.5502148998058],[127.1978081985756,37.5492430007777],[127.1966838995683,37.548832699694195],[127.19768229911979,37.548951499496305],[127.19858499904359,37.547482799140596],[127.1995619002452,37.5493701987338],[127.2013664984406,37.548930599173396],[127.2022116982684,37.5474502975895],[127.2019433985367,37.5445147005251],[127.2009864992493,37.5444787002825],[127.2019949988627,37.543389000613296],[127.20122939904411,37.5430826005055],[127.2010379996088,37.5417791000205],[127.2042890003456,37.5370844999158],[127.20690570003869,37.5377936994228],[127.2067470001592,37.538444599548],[127.2076289000264,37.5377194997091],[127.21204140043851,37.5393341996837],[127.2115019003991,37.542081699935],[127.2124769001308,37.5426049005195],[127.2115019001626,37.5420817006926],[127.2116531006871,37.5429647004014],[127.2104869010777,37.5445550006616],[127.2099210003959,37.5440956006426],[127.20932979988041,37.5458124005626],[127.2074936996342,37.5454197004362],[127.2054636997805,37.546205500462],[127.2046284999838,37.545486701173495],[127.20221170182721,37.547450300124304],[127.2035803004586,37.5487240988505],[127.20488159966479,37.5483643989583],[127.20489309983991,37.5471730995306],[127.2051806003805,37.5483290993567],[127.2071958993788,37.5486873995539],[127.207066900055,37.5476987997609],[127.20900550047891,37.5492762998582],[127.2094475004415,37.5509010991006],[127.210615900347,37.5508618996427],[127.2103739012629,37.5530588999722],[127.209388100194,37.5528906006522],[127.20784060085779,37.5544420006044],[127.2086295010335,37.5558482004773],[127.20736140019359,37.55695450125231],[127.2046740005179,37.5577362006534],[127.203501599715,37.5559796006441],[127.20070299982561,37.5569662001354],[127.2004492999996,37.5563537003949],[127.1998406999637,37.556797400751904],[127.19940889968309,37.556063100794105],[127.1976377009927,37.5559539013419],[127.1969868020501,37.5577394007598],[127.1984182006187,37.559621198878006],[127.2000451999927,37.5590847984497],[127.2006279005565,37.5596038994873],[127.20112930084811,37.5625007005439],[127.1974044002301,37.568683800505],[127.1969898002729,37.5681204005328],[127.1962001000986,37.5692498007538],[127.1945563001794,37.568382800692],[127.1940921004562,37.569031100152095],[127.1947934001266,37.5697883000286],[127.18960010055561,37.570965300274196],[127.1891029998846,37.571945200170504],[127.1879955994325,37.570669100266905],[127.1886747992377,37.5702437993491],[127.18810999980249,37.5695002000927],[127.18685429974099,37.5691694999311],[127.1872065997311,37.5673048007097],[127.1850844999015,37.5669470000695],[127.18441569937,37.5659385997627],[127.185691299829,37.5656611998867],[127.18629689972221,37.5630716002756],[127.1855274991571,37.5633059001955],[127.1847328991876,37.5620665010685],[127.18367040004989,37.562961300576795],[127.1823138990636,37.561825300734505],[127.1802609011166,37.5614845010753],[127.1801966011809,37.5629312996285],[127.18189410054039,37.563825700113405],[127.1804320005638,37.5632953005315],[127.1807310003485,37.564305300320804],[127.17895760005091,37.5648950003861],[127.178677900118,37.563785201063496],[127.1781711994267,37.56487340113971],[127.17894319886891,37.5615929009687],[127.1765989990968,37.5624535010219],[127.1787578979626,37.5610812004231],[127.17827279844771,37.5597418017625],[127.1754232005443,37.557498303967996],[127.1727930031942,37.562027599626504],[127.174692101121,37.564123799983896],[127.1729397005497,37.5648821007723],[127.1694480010275,37.563786201366206],[127.1671069994803,37.5650481020214],[127.1673056984224,37.5636266015889],[127.16631149941661,37.5626990025165],[127.1643077014204,37.5626762025393],[127.1624150020416,37.563009702967705],[127.1616238028328,37.5656772003002],[127.1596390004063,37.5655103013255],[127.15899850051339,37.566383801197595],[127.1567722987624,37.565393801138704],[127.15644050005561,37.562913301220696],[127.15571299806071,37.5639192011354],[127.1547888989848,37.5627120023426],[127.1519815994577,37.5620344030392],[127.1485801006775,37.5640752011092],[127.1484019000982,37.565606200279795],[127.147317001228,37.5663045003535],[127.1430426026123,37.5628965036991],[127.1420378036171,37.565387801207805],[127.1412258997283,37.563892700789495],[127.1388127010497,37.5625559016981],[127.13647210033301,37.5637617013835],[127.1348011007922,37.5633676015117],[127.1347710008223,37.565015499863804],[127.133748699243,37.5647580011698],[127.12767809306139,37.5615666047691],[127.12390139518689,37.556838308906705],[127.11510870397959,37.5613228044222],[127.1159712002172,37.565651201512395],[127.1133419971045,37.565637500529704],[127.1128463976001,37.5624309037363],[127.1087396017069,37.560898605268605],[127.1054252047953,37.5641680023472],[127.1043380058825,37.5696255968896],[127.10734450636049,37.573115896573796],[127.1123836013214,37.5756894940002],[127.1151648985401,37.5720347976549],[127.11504039921729,37.5709732977965],[127.118131099714,37.568288499018],[127.1173390017796,37.5687432002971],[127.12072210288669,37.5698545993988],[127.1210017026513,37.5717625992316],[127.12367830011169,37.573095598033206],[127.1252252998685,37.5711482995377],[127.1240423016873,37.5729615990064],[127.1261858003698,37.5723966990621],[127.1269466006258,37.5742662986439],[127.12817189980859,37.5732658989645],[127.1288826998277,37.5744439985588],[127.1298520007178,37.574382599383696],[127.1266365019902,37.5748673019047],[127.1251650009296,37.5769448039693],[127.121773102191,37.578958702769704],[127.1222593017048,37.5832117985166],[127.126065299476,37.5819382995744],[127.12642280314991,37.5826528009475],[127.1243837003814,37.582884201164404],[127.1221039026612,37.5845240995245],[127.1280034003391,37.588328499167304],[127.1303370999945,37.586831799410795],[127.1319962996987,37.5875761995433],[127.1337643987454,37.5857390993395],[127.1360323991677,37.5856192973908],[127.138305599862,37.5844663986804],[127.1388612996768,37.583375599026695],[127.1394949004942,37.5846964992484],[127.1405987995904,37.5839273981382],[127.1424679018448,37.5846629966241],[127.143038300413,37.587176798986704],[127.1441606987356,37.5857205994928],[127.146081098679,37.585763398732695],[127.1469373978227,37.5841680003281],[127.14665510069351,37.582906198221096],[127.1468977001979,37.583999799109904],[127.148038000929,37.583673499122604],[127.15136440017801,37.5863210977861],[127.15255020084989,37.584670800225],[127.150052702102,37.589092300256496],[127.1513990007557,37.590758198590606],[127.1523898997648,37.58965879969],[127.1538598982948,37.589617899730904],[127.15399019940989,37.5853042995915],[127.1547579015877,37.587912598240905],[127.15978750026109,37.5887558993525],[127.15994860037331,37.5900669985813],[127.1614187005514,37.5905960977419],[127.1635808983892,37.5895993987386],[127.16246000085549,37.588014500019],[127.1635230019464,37.588740700071206],[127.1641553013949,37.5920318981837],[127.165196200354,37.5932297969858],[127.1688384009862,37.5941598006041],[127.1688831004954,37.595602000167396],[127.16805780070369,37.5960964000603],[127.169198500322,37.596836399886904],[127.169162800254,37.598018000204405],[127.168703400035,37.5975912007525],[127.1676735999571,37.5991816003023],[127.16737839942161,37.597413702274096],[127.1635992013118,37.596420703363805],[127.1598548046429,37.600891498984204],[127.1614158039885,37.6044264962142],[127.1654177012339,37.605073496768],[127.1675376001358,37.604132297834504],[127.1695172981561,37.6047618972049],[127.1720460993688,37.6009438996584],[127.1739494999241,37.5999833992407],[127.1745385005918,37.6000095009582],[127.1740792010511,37.601234999732704],[127.1752664004375,37.6022664998086],[127.1741058006513,37.6030754007337],[127.1751256996314,37.6048574989516],[127.1783801015219,37.6038230987175],[127.179028299886,37.6053787994463],[127.1810190994231,37.603543396969],[127.1831135011499,37.6029255963686],[127.1847954007365,37.6048280984137],[127.1873389981929,37.604642998598806],[127.18783289769901,37.601111202130596],[127.18387129844581,37.5979757987721],[127.1850674994388,37.596723598050396],[127.1850243994819,37.5950467997272],[127.1887514988695,37.5947664996625],[127.1891020989619,37.5928724993832],[127.18948250137069,37.594248998405895],[127.1914503005111,37.5949429992714],[127.1942463994083,37.593931499319],[127.1952862961061,37.5915366916633],[127.20003799750981,37.590114291838205],[127.2042684955649,37.587661493470605],[127.21183019603839,37.5800623933666],[127.2190379998042,37.577161199662896],[127.21919150072999,37.5782765993315],[127.22122780016839,37.5800041000903],[127.217576700011,37.580890500489105],[127.21597630161139,37.5838472975323],[127.2168121007756,37.584397596982],[127.218721801218,37.5835071973444],[127.21967370157431,37.5861315989655],[127.22269970030881,37.5873379988788],[127.2245221027193,37.5890007986538],[127.2231030017274,37.5891202008192],[127.2210804012786,37.5911359014436],[127.220811001548,37.592663199916295],[127.2213862009728,37.5930052995742],[127.2206905008032,37.593302101718905],[127.2193142998506,37.593035701388004],[127.2200941990834,37.5920483008865],[127.2191478000298,37.591301101633704],[127.216728602449,37.59166360127119],[127.2144890005649,37.596468000879],[127.21301130011011,37.5958749009288],[127.21247240064899,37.596566100237595],[127.21350660366531,37.600537401810904],[127.21209950087669,37.6050813007179],[127.2094004015521,37.6029061043566],[127.2065081044444,37.603340603922106],[127.2036928068771,37.607021500771204],[127.2036920021621,37.6125201015196],[127.2000288032955,37.611289402245596],[127.1960769998764,37.6156743015177],[127.1943742007369,37.6157929019066],[127.1961315982435,37.6156154977756],[127.2000287943463,37.6112894021017],[127.1959621984129,37.607100106291],[127.19190880246629,37.607832805558296],[127.19108200329309,37.6088602045309],[127.1906141004266,37.6127612005783],[127.187175200627,37.6119491014979],[127.18474229844709,37.613037900456604],[127.1839689999074,37.6114823988975],[127.18513030026119,37.6105902988034],[127.1864145992248,37.6114253986792],[127.1871723997905,37.6101862990268],[127.1871752008533,37.6119490982574],[127.1905158992453,37.6123738982554],[127.1902040995571,37.6098578007715],[127.1885344998536,37.608751000852095],[127.18696249842901,37.6080353013584],[127.1827199009247,37.6090794009465],[127.18057640114901,37.611617700241496],[127.1799221017646,37.6163008993933],[127.1817548003406,37.6170939990277],[127.1832991005127,37.619541200337004],[127.1797219999502,37.6180572004698],[127.1784977995002,37.6199319005612],[127.1778758001222,37.618704801788304],[127.17524039811721,37.6176107021483],[127.17734609938279,37.6177043995368],[127.1784536983621,37.615518298975495],[127.17813939867641,37.6131574013364],[127.1757152011006,37.613290201203604],[127.17399350121029,37.615620800349404],[127.1750496989252,37.616302000827694],[127.1727776995567,37.6151238010171],[127.171065700226,37.615705900747905],[127.1696000010925,37.6148664013147],[127.1685450021475,37.6173205988605],[127.1705511011194,37.619466600468805],[127.1679604024639,37.619658202969305],[127.16727170315261,37.622304500323],[127.1689072015171,37.6246925979349],[127.1713273010225,37.6244656996693],[127.1703811005396,37.625960800296504],[127.1696395003138,37.6255296004727],[127.1660936000215,37.6266831002574],[127.1654659002414,37.623787602955],[127.1639881019355,37.6255763026252],[127.1610348997129,37.6262051018501],[127.1605990001488,37.627649100406096],[127.1602759000546,37.627062300122],[127.15931969818959,37.6276772021966],[127.15859159914889,37.627182599993695],[127.159319700114,37.627677199360704],[127.1600527998757,37.626443400415],[127.1551210999271,37.6260403007444],[127.15477349978771,37.6271397005171],[127.15389229981619,37.626677100302004],[127.1539166990014,37.625200100115],[127.15296619992519,37.6242432003098],[127.1518383009976,37.625466100016595],[127.1524479002694,37.6260427007248],[127.1510625000858,37.6267888001384],[127.1493133995604,37.6231195005491],[127.14810219981419,37.6235620000971],[127.1481411,37.622784799713195],[127.1488642992768,37.6232426992553],[127.1498178983232,37.622619199878805],[127.1491514989896,37.6214147010833],[127.1469731008998,37.6223738001732],[127.1473376002266,37.623243900125296],[127.1459277001087,37.6235782003847],[127.1448352998748,37.6231966008674],[127.1443042995769,37.623846100921504],[127.1436661002151,37.6227427020249],[127.14200300187821,37.6227595020081],[127.1423916010848,37.625338502590196],[127.1408850985475,37.620454104775106],[127.137946396241,37.6182889066905],[127.1328776013098,37.620484004495395],[127.13236670060901,37.6218093032436],[127.1280862010793,37.618670404235],[127.1222612069043,37.6248326980727],[127.1273919036407,37.628195895984604],[127.1304823005503,37.628098896081596],[127.1322927052201,37.6304111993175],[127.130482299561,37.628098902587595],[127.1284298016135,37.629071501615],[127.1266256034177,37.632279498407],[127.12984800399799,37.6361793993396],[127.1341087998675,37.6376831987592],[127.1317242999057,37.6369225036029],[127.1298745017555,37.6402890002364],[127.1315303000997,37.6408211997042],[127.1304261014877,37.6416225001636],[127.1317795001343,37.6424902992958],[127.1333416994976,37.6413442991929],[127.1325547006645,37.6433021991119],[127.1330650001542,37.644343898070204],[127.1370917978573,37.6439397988393],[127.138866897988,37.6382756033321],[127.1371469973837,37.6374554026701],[127.1378696995515,37.6352406994151],[127.1395932986556,37.6357641987959],[127.14090560000609,37.634495299633095],[127.1423002004737,37.6365802983794],[127.1446893029005,37.6380798988738],[127.1484865991032,37.6380725988811],[127.1484238994714,37.6358705007261],[127.1477863996138,37.635923400032105],[127.1484586018902,37.6356987985083],[127.1486943018038,37.6370584995571],[127.1507014027125,37.6377989997374],[127.1480841037322,37.642250000018194],[127.1482354035809,37.6443234979447],[127.1525825011032,37.643604698582195],[127.1532241016404,37.6455813996744],[127.15128970308261,37.6499374977416],[127.15350880081739,37.6503521989038],[127.1523858009745,37.652186200029604],[127.1526772006831,37.6541561980596],[127.1539071994531,37.652911099304696],[127.1547370997979,37.6538375988446],[127.1558223987126,37.653511799170396],[127.157048997486,37.6512886013936],[127.1550342990182,37.650370800100895],[127.1567005001659,37.647793798104004],[127.1574961005708,37.6480920997707],[127.15647320123179,37.64854420004141],[127.15768460165759,37.648821800130904],[127.1582147016197,37.650537099907304],[127.157049001676,37.6512886007578],[127.1586102001148,37.6530051990412],[127.1607257999321,37.6507699000369],[127.1607514991888,37.6498013993696],[127.16123520040809,37.650431600620195],[127.15847070119709,37.653209102062796],[127.1570490005036,37.6512886027362],[127.1558142017384,37.6535667004581],[127.1574193022485,37.6546828005891],[127.1558142007148,37.6535667017679],[127.15584670020719,37.6554237001495],[127.1558141998291,37.6535667018654],[127.15473710035151,37.6538376014039],[127.15390719983121,37.6529111014997],[127.1517009997314,37.6554946010061],[127.1485639016516,37.6548241013258],[127.1468983033172,37.6568531992967],[127.1466047022751,37.6589212017196],[127.1471637017161,37.661118699522106],[127.14878180015559,37.6626378002481],[127.1471637010949,37.6611187013248],[127.14032939942909,37.660406202381],[127.1377767961303,37.6565595012406],[127.1382495985268,37.6552370005576],[127.1359272008492,37.6515002042944],[127.13180150190709,37.653540301439804],[127.133244600464,37.655377199602896],[127.1326840010621,37.6568996008707],[127.1263620003916,37.660437299479796],[127.127156399946,37.6613758991016],[127.128609400299,37.6610403998493],[127.1270138004184,37.6625203005202],[127.127156399624,37.661375900163506],[127.12643730034311,37.661344300195104],[127.1260900003659,37.6625784002243],[127.1276413997908,37.6639152991252],[127.12883769937771,37.663348399636895],[127.1285708008597,37.6627111992486],[127.1289408007644,37.6652354003269],[127.1273659995198,37.6641879033951],[127.125456801429,37.6668272007558],[127.1272573008991,37.6678051028874],[127.1224579056985,37.6699877007048],[127.1197746101308,37.6750586023064],[127.1153585000673,37.6790532019047],[127.11291200105819,37.6774773022609],[127.1111263993366,37.6803930003117],[127.1091063976701,37.6774234980521],[127.1112193955571,37.676456099019504],[127.1084823982941,37.6724047030709],[127.1068860990455,37.673066902383205],[127.1032360026956,37.6698538055963],[127.1006251053065,37.6709664044837],[127.0992519066797,37.67911869633139],[127.1020563035128,37.680688506307305],[127.0993502997465,37.6799840043007],[127.0944013046955,37.6811220031627],[127.0964010026958,37.6858265984581],[127.0959332040278,37.688907403454095],[127.0884702032489,37.6901774079611],[127.0826532007881,37.6953120017644],[127.0813733003366,37.697429300340005],[127.0817421003279,37.6987509000227],[127.08110460144711,37.6998164000562],[127.0830225003665,37.701552299937305],[127.0820842008841,37.7011917008003],[127.0803424020837,37.70237290098],[127.0808035039943,37.7058619977264],[127.0795445000217,37.7071378037223],[127.0751763019248,37.704829706548],[127.07195090177791,37.7126685053031],[127.06892260059489,37.706230406399904],[127.0644511010389,37.706344209038996],[127.0608438046462,37.7130400023432],[127.0616917037983,37.7174398979433],[127.0639309018305,37.7192904965402],[127.0685524006254,37.7188915939109],[127.0677022013408,37.722360203163994],[127.0683596006834,37.725996799527394],[127.0734748014904,37.7270167987767],[127.0715063019393,37.7275584008692],[127.071678302866,37.7296804009151],[127.069684198932,37.7313056041736],[127.06729219925249,37.7289141029161],[127.0635692029755,37.7298299020003],[127.0637159028288,37.7328997989304],[127.06484060258529,37.7341252004789],[127.0673471000788,37.734692099911996],[127.07076220065541,37.7377336996421],[127.06879049924791,37.7384572016608],[127.0665119009892,37.737848700505204],[127.0661280003293,37.738749902523004],[127.0626602037971,37.7404266008463],[127.0628389036184,37.7427431985297],[127.0663514001059,37.7430409982319],[127.06763930060009,37.7422920996907],[127.06891850073319,37.745010197851],[127.0710604019331,37.7464702973187],[127.072975500018,37.7468600969289],[127.07674140010771,37.7456657979455],[127.07354580380641,37.7476110993755],[127.0749307024215,37.7500489969376],[127.07664339906759,37.7503266999908],[127.078778198574,37.748539898446694],[127.0816606000085,37.750302499289596],[127.0829882998772,37.749495699474494],[127.0825862004964,37.7511541992855],[127.0835675000768,37.7521371985176],[127.0852299985489,37.7492129998286],[127.0820999991733,37.7468715007173],[127.0804209990242,37.743160600211205],[127.0788442995627,37.7420846997071],[127.0816124990617,37.741164899407],[127.0820468997011,37.739623499481],[127.0845778993448,37.7378454996112],[127.08160989999881,37.7351665998919],[127.0845324004569,37.7358739996597],[127.0849821003425,37.736759399196394],[127.0865324987937,37.7356019002754],[127.0855567997694,37.735088500788805],[127.0855611997864,37.7328074005989],[127.0847148996817,37.7321345000165],[127.0860549000747,37.7328813992012],[127.08665139967809,37.7319648996152],[127.0875391993751,37.7324103991833],[127.0881507990157,37.731599099579995],[127.08718610042689,37.730837798748404],[127.0895469003826,37.7321496985493],[127.0909201004908,37.7320285989167],[127.088979900732,37.7326452004749],[127.0886714010405,37.7338007993193],[127.0913877004578,37.7343208995414],[127.0918391016084,37.7363200994481],[127.0906563008572,37.7354366010577],[127.08761180127901,37.7364122004563],[127.0900393004117,37.7380686993801],[127.09165780055119,37.7382150991213],[127.0908636004121,37.7391309998897],[127.091156500415,37.7400289999002],[127.0894531002443,37.7415242002755],[127.0900569005335,37.7446986001643],[127.0895705000312,37.745198000531204],[127.08902929954341,37.7437799006606],[127.08773000057069,37.7459282014805],[127.0865381002173,37.7448074011668],[127.0848057010253,37.7461041006261],[127.08466130116969,37.7470643996658],[127.0857727014052,37.7474121003051],[127.0845562006526,37.7484058000269],[127.0852299999788,37.7492129992197],[127.0882469008034,37.749825699465504],[127.0855818018493,37.749425300498295],[127.08362480122119,37.7524281031027],[127.08387970096629,37.754561600969204],[127.08252060232539,37.756446499084305],[127.0841307007818,37.7584704001286],[127.0835060006558,37.7589657003621],[127.07838370014281,37.7596081007513],[127.0789495997824,37.7586412000049],[127.077614298917,37.7582100008404],[127.0771777993535,37.7571866018638],[127.0757902007411,37.7571000019504],[127.0748361016952,37.7584472006032],[127.073956400038,37.757269000406204],[127.07376470033209,37.757750201152895],[127.0732875993539,37.7556144024817],[127.07040050020761,37.7569137002575],[127.0695923000651,37.7560200005923],[127.06878349866109,37.756905600828105],[127.06759989984471,37.7560768016569],[127.0645304020479,37.7562090024811],[127.0641920996128,37.755201401166694],[127.0581433978233,37.7552602036826],[127.0581071977288,37.7538313006833],[127.05641709941891,37.7522193022953],[127.05304690278909,37.752989301525304],[127.0499675027763,37.756567702976895],[127.0495540027686,37.7654856960559],[127.05219100367319,37.7655719965234],[127.0555827036919,37.7671369949841],[127.05548180089589,37.7712196978766],[127.0566967020805,37.774090400851],[127.05465410164899,37.775907701752494],[127.0545099017932,37.7787054989547],[127.0561755015149,37.7791973998224],[127.0543002988063,37.7788501033557],[127.050227602879,37.780370701835096],[127.049931801279,37.782781201590105],[127.0469233002581,37.7841289009067],[127.0453557004324,37.7833081007969],[127.0445341999452,37.784345600242105],[127.0431039978329,37.783250699727205],[127.0431680985905,37.7796280013383],[127.0414449003137,37.7787571022092],[127.0404208013378,37.7797852011811],[127.0405853998508,37.7823686004203],[127.0402753994289,37.7797811018088],[127.0388698008345,37.779054702535205],[127.0377331992106,37.7798303039056],[127.0372407968573,37.7775770008544],[127.0319658965325,37.7746802034036],[127.0323716993541,37.772891700322205],[127.0312222989968,37.7732192996405],[127.0311142980628,37.771207998837],[127.0344525986685,37.7687970998056],[127.03389629578699,37.7675021958764],[127.0348895951761,37.7642134983946],[127.03232439774129,37.7613223012858],[127.0272096998186,37.76182070088],[127.0247551990859,37.7601273004898],[127.0261349988112,37.7607038987463],[127.02655419970121,37.759051299317306],[127.0293062973617,37.7590287991284],[127.0276070994195,37.7554946997478],[127.02981429914699,37.755372399284],[127.0296085995694,37.7543376996239],[127.0330006995941,37.7512110997541],[127.0328166997781,37.7499273010379],[127.0310778998048,37.748141601096194],[127.0291421991838,37.748977700883295],[127.02861469971131,37.7484441014169],[127.02799569931271,37.7497768011027],[127.02860839978379,37.7471032002868],[127.0270192005126,37.7461502009279],[127.0243405990731,37.7463155001619],[127.0250844987482,37.7451634996814],[127.02180049925269,37.742307700183595],[127.0252484986037,37.742183198949],[127.0277789994515,37.740333598252],[127.02788149934901,37.738365800219796],[127.02639739891909,37.7365557007456],[127.0273282952432,37.7329581993765],[127.0269847955867,37.7312013011334],[127.0243584963664,37.7267426002766],[127.02534469814141,37.726703198562],[127.02596559752051,37.724622100643096],[127.0251022984104,37.723921601096094],[127.0256862973243,37.7210644971304],[127.0281111951456,37.719753098312495],[127.0286371946196,37.7110439070217],[127.02370909491731,37.710651405310905],[127.02483929731589,37.7104358942763],[127.0273482948069,37.7074293972828],[127.0262441972444,37.700064902723504],[127.0204755023687,37.7003692027717],[127.01843630144421,37.702693404627404],[127.0176311990128,37.7013770006422],[127.0226168967319,37.6998271993163],[127.02093289841591,37.6961569029866],[127.01907969950351,37.6965091031504],[127.0193464986114,37.6941805019348],[127.0171269968357,37.6941026017576],[127.0160629945111,37.6889214968866],[127.017757094861,37.688755194402106],[127.0210846915334,37.6860467971105],[127.02192239017509,37.6766169025834],[127.01415159794591,37.674835304365],[127.0052181053858,37.674056805548304],[127.00380580460819,37.6758564041551],[127.0005826942498,37.671500002636],[126.9988631951319,37.665643605210704],[126.99950249460251,37.658026303748706],[126.9973685930284,37.6542273010582],[126.9987477988541,37.6555024986075],[127.0000124968644,37.6533608968176],[127.0043586925182,37.649998500180004],[127.00290149397539,37.645694504484],[127.00000779411971,37.641043999746],[127.0006803934471,37.640061300728696],[127.0004801916654,37.63362729854],[126.9948156973299,37.6298506023167],[126.9842424986484,37.626715009303595],[126.9836413955771,37.6253820018128],[126.9848982975571,37.6255580942816],[126.9869919970976,37.6175640989237],[126.983599397922,37.615905597757596],[126.9852718968551,37.614187598620504],[126.9853146933047,37.6071437019651],[126.9861328952666,37.6059247958398],[126.9858843955151,37.5980129037517],[126.9831165982829,37.5976288041358],[126.9826048994328,37.5963825015508],[126.9809666957937,37.5954789021249],[126.982279398885,37.5934318993032],[126.9798672965981,37.5898771013668],[126.9806608987097,37.585494000115396],[126.9793513987121,37.5849682997766],[126.9792078000166,37.5832898003896],[126.9754166995802,37.5837618006565],[126.9749579990518,37.5830084008759],[126.9732932003652,37.5836735001154],[126.9730950016727,37.5873184990148],[126.9755424020885,37.5896346979942],[126.9752920007785,37.590237800813995],[126.97554239902139,37.589634700702895],[126.9733440012198,37.5879335024041],[126.9713120032518,37.5884607018769],[126.9698574002894,37.590912903753],[126.9660884988292,37.5885288006634],[126.9668177970675,37.5867195000187],[126.9659410979442,37.5847606019776],[126.9647932979204,37.5838181015647],[126.9611550002016,37.5840366026036],[126.9612613984778,37.5823620005727],[126.9599074998317,37.5819746009601],[126.9567812009455,37.5875378012333],[126.9536875002501,37.589904600876395],[126.9533852990423,37.5883027018806],[126.9515706998697,37.5895712017707],[126.9491157009084,37.5889885008929],[126.9490886005257,37.5910807998172],[126.9509347002769,37.5922677998488],[126.9512213006596,37.594669400286904],[126.94949620092879,37.5952539013248],[126.9491388009679,37.597070301262995],[126.9482248004674,37.5967335009346],[126.9463212001452,37.5984957003973],[126.9425119011197,37.596366202477995],[126.940571100632,37.601226400265205],[126.9381406020668,37.6000709017278],[126.9373149020184,37.6079369000786],[126.9405366007672,37.6109555000406],[126.9399219003457,37.6107077009665],[126.9385866012002,37.6124832007925],[126.9349776014998,37.6147026007786],[126.9343369021405,37.616418199063],[126.93583990024081,37.6179046002418],[126.93423960018549,37.6183425001919],[126.935213600841,37.6192907996928],[126.9341889999145,37.6210695008228],[126.93344580028341,37.6215340003835],[126.93278699986851,37.6207314005992],[126.9308019992156,37.6207697011156],[126.9271184997808,37.6242903003506],[126.9249331997737,37.6241497005885],[126.9248730993207,37.6230249005302],[126.9238536003402,37.6232046003505],[126.9221074003113,37.625590800402996],[126.9212364004655,37.6252360003651],[126.9206419004861,37.626002700670604],[126.9193427997854,37.6259144006979],[126.9192806998135,37.6251775005786],[126.9187818997955,37.6255109006364],[126.9167634999001,37.6238670004936],[126.9164161999865,37.6243451002972],[126.91594909877,37.621872700283795],[126.9144329002862,37.6213999007566],[126.9137552997779,37.6224525007527],[126.9125079995388,37.6217532004456],[126.9139408994822,37.619765198685],[126.9137911995662,37.6169420997308],[126.9148167995686,37.615451400169896],[126.9142876996892,37.6145031009185],[126.9120494998287,37.6142429006289],[126.9113909993383,37.612154499943806],[126.91347999967931,37.6097835998764],[126.9136586997403,37.6074864994329],[126.91538780002121,37.6060041998545],[126.92075129998041,37.6077022990255],[126.9217242995435,37.6074108994714],[126.92130089977441,37.6065484996395],[126.9223531996106,37.6052030992407],[126.92405379989519,37.6052288998801],[126.92387129971941,37.6044713998565],[126.9247986994418,37.6041910001256],[126.9230671999217,37.6030374002885],[126.9233566994991,37.6024198000097],[126.922459499448,37.601589700037195],[126.9230937997271,37.6020718992227],[126.9232117996091,37.6006531006415],[126.9222907999567,37.6002932998045],[126.923636499568,37.6007440997651],[126.9241022991022,37.6000245004847],[126.9233820996544,37.599683999733905],[126.92528380034341,37.5982208989447],[126.92617250025201,37.5991619991582],[126.92806399916621,37.5991090990166],[126.929244699126,37.595447498022],[126.9326764997645,37.5952273988992],[126.9332535992284,37.5904309993599],[126.9343652986659,37.5892000995117],[126.93381359921759,37.587454801257],[126.93266249966581,37.5872423002092],[126.9332681993121,37.586618200244494],[126.9324710996387,37.5863587000216],[126.9346489990183,37.5856403004038],[126.9346902005972,37.5844172990294],[126.93602580028829,37.5848745987646],[126.9366016997124,37.583132200507],[126.9360692992181,37.5833685000782],[126.93542029978,37.5812626997357],[126.9367224005171,37.5809097995868],[126.9372939003682,37.5826347993619],[126.939429700362,37.580512398511004],[126.94099270082779,37.58030629761279],[126.9422410008699,37.5817355979229],[126.9434656996452,37.5798927997657],[126.94437339974141,37.5813880983825],[126.9458037988385,37.5802202992177],[126.9451599997291,37.5794273993665],[126.9467717981173,37.579468599325295],[126.9458726986278,37.5743466012119],[126.943594098038,37.5747701988802],[126.9475853995922,37.5732695984015],[126.9485451994057,37.5696246000432],[126.9473293006216,37.5688017008661],[126.94514729996621,37.569116700601406],[126.9449058999813,37.567375501700695],[126.9427770000899,37.56672250047],[126.939888199998,37.567729200163605],[126.9399223998695,37.5668724007174],[126.93971290003681,37.5684425000897],[126.9375948000016,37.5681998018159],[126.9381759997742,37.5675256999492],[126.9373383998196,37.566181500153895],[126.937003199781,37.5668770008636],[126.9359517001388,37.5659139010739],[126.9347054000978,37.566836800430494],[126.9342264996388,37.5652931005489],[126.9321049007422,37.565765200513304],[126.9324988003483,37.566705899572604],[126.9315653002931,37.5678445006231],[126.930921900088,37.5670339005819],[126.9298792002705,37.5676430002978],[126.9277554002873,37.5671628007153],[126.9276300999433,37.566524300733995],[126.9272060999002,37.5672014004005],[126.9253301005661,37.5668204007469],[126.92429550057889,37.5685544005015],[126.92453330024189,37.5696905005322],[126.9230423014887,37.5702119004117],[126.9238365013987,37.571806499174],[126.9228846000815,37.572257799986005],[126.9228523997878,37.5732905003224],[126.9188871004665,37.5714062024992],[126.9165896008944,37.5712333034635],[126.9134692001249,37.572976002304195],[126.9109298995845,37.5711258010706],[126.9101935003209,37.5714788007176],[126.91335599940669,37.567543699854],[126.9128947998679,37.5663925010052],[126.91022739988459,37.5677752002682],[126.9091904000416,37.5670943006277],[126.9089302003207,37.5689025003464],[126.90731570007969,37.568377400820104],[126.90667620047181,37.5695947001264],[126.9072680002315,37.5702737003605],[126.9066582004994,37.569983900468294],[126.9056638008462,37.571234500160706],[126.9065911004915,37.571784899905396],[126.9059745008133,37.5742548980735],[126.9074084031295,37.5756043985574],[126.90711780112099,37.578396699253496],[126.9083292001951,37.5794406998678],[126.90809000045,37.581259099709996],[126.91099799998601,37.5826006987639],[126.9118467002013,37.581596099242],[126.9136958002206,37.582122599368596],[126.9143025008252,37.5816096000405],[126.9136045007769,37.582917100024304],[126.9148060005335,37.58355860017701],[126.9131858003759,37.5879074999455],[126.9139390007724,37.5886958002146],[126.9134753005583,37.589334899967696],[126.9137269003067,37.5902112990913],[126.91624400003,37.5908126996724],[126.91693960068751,37.5919154998892],[126.91471610077971,37.5952443997139],[126.9160538001298,37.5954671999786],[126.91493050086859,37.5960271000963],[126.9152540005451,37.5972305988928],[126.91656799923109,37.5969018992215],[126.91855870021641,37.599679799444694],[126.91905940065469,37.599192799947396],[126.9190004001058,37.6005111007039],[126.91676869996161,37.5996204002125],[126.91814600036899,37.600960800030805],[126.91602419996819,37.6021822002442],[126.91393889972241,37.6010421004837],[126.9135882993348,37.5997384003379],[126.9125421995015,37.5999318004166],[126.9115376996652,37.5981745000382],[126.914113399398,37.5966855999066],[126.91437689955009,37.594608700484805],[126.9118940995473,37.594462100344],[126.9095826995088,37.592982300247],[126.91150429857541,37.5915449992142],[126.9106326997613,37.590185299991504],[126.91309859932329,37.5883993998669],[126.9127032997186,37.5877884004779],[126.9104343998337,37.587063200763104],[126.9095037001904,37.5877817004485],[126.905440899515,37.586587400236496],[126.90490679929,37.581740700804],[126.9029789005612,37.5821389005476],[126.9023244006615,37.5835556007916],[126.89952409971869,37.5811712019536],[126.89800790086039,37.5824065011241],[126.8988044000304,37.5835651005965],[126.89800790027479,37.5824065014275],[126.89380609945391,37.5832081002363],[126.8940395994984,37.582407100378894],[126.8924017978359,37.581016001165196],[126.8930218984159,37.5806139997465],[126.8916693989693,37.579291400413304],[126.8922090989451,37.5785235002603],[126.89136039922509,37.577756200455205],[126.8919731000605,37.5752733977203],[126.8934122002937,37.5754033988393],[126.8949209998799,37.574145099600706],[126.8973424997604,37.574227499775],[126.8982907988121,37.573701800300704],[126.8982594994278,37.5727833999022],[126.9012655985342,37.5716972995701],[126.90140659839321,37.5703305009369],[126.8995566994684,37.569520700488],[126.8975149015004,37.566813702964694],[126.8956458012437,37.5677479019249],[126.8943088994076,37.5671813004041],[126.8953761993143,37.566726699839194],[126.89445519997929,37.565944399326696],[126.8956054003489,37.5666551992818],[126.897297499557,37.5656367998296],[126.8962297999786,37.5627916015603],[126.8936297003395,37.56306520154],[126.892877299745,37.5620215998805],[126.8958694997745,37.5617809992439],[126.895723799415,37.5595676987568],[126.8965283997367,37.560238698978196],[126.8982031994798,37.559526299937104],[126.8979980987406,37.5589508994985],[126.9000510992739,37.558751099673906],[126.90048449921511,37.5582418996418],[126.898954799324,37.5561039998575],[126.8987697997493,37.554468899840906],[126.9002285997152,37.5540596990813],[126.90310899882721,37.551207499212595],[126.9023901968803,37.549694294645796],[126.9040745003307,37.5499227984888],[126.9075008997622,37.5468731995026],[126.9026517990707,37.54219229988951],[126.9018985998239,37.5393747027071],[126.90293129975501,37.5375823993272],[126.9041697993499,37.5373940987754],[126.9049627998681,37.5352325001587],[126.9034261999076,37.535479300149696],[126.90083210130051,37.5374820001014],[126.90074320022059,37.539495100120405],[126.8992953010534,37.5389412005311],[126.8964613006701,37.5406263017099],[126.8956074003347,37.5400845004379],[126.8947534006872,37.5416883014496],[126.89435009896239,37.540715300878205],[126.8931054989378,37.541325700960805],[126.8925550986971,37.5406137006427],[126.8888835998917,37.5402249005803],[126.88992279967569,37.539585099921],[126.8919075997768,37.5352069995998],[126.89306010067,37.536727498484],[126.8943557993743,37.5360800991314],[126.8953618987111,37.533154300387],[126.8951038992489,37.530923600368304],[126.8915703999731,37.5301562003029],[126.8911416994368,37.5273755004463],[126.88971280018289,37.525924701498894],[126.8878304001869,37.527872500485],[126.88331089994409,37.526062300051],[126.88389029933161,37.525161900883],[126.8821041980264,37.5249139022389],[126.8811832999416,37.5238303000537]]],[[[126.8832313995262,37.5061587997697],[126.88357229990889,37.505561199544005],[126.883974000555,37.5058797994077],[126.8832313995262,37.5061587997697]]],[[[126.8833162997887,37.4158600000491],[126.8840532020091,37.416945799134304],[126.88426770162259,37.4175817006233],[126.8840531999367,37.4169458007247],[126.8833162997887,37.4158600000491]]],[[[126.8835365988115,37.5434567000576],[126.8835365995393,37.5434566987552],[126.8835366007139,37.5434566994185],[126.8835365988115,37.5434567000576]]],[[[126.8846895994514,37.541341599834006],[126.8846896007389,37.5413415979735],[126.8846896020747,37.5413416005141],[126.8846895994514,37.541341599834006]]],[[[126.8857254992065,37.512855599345],[126.88592250028411,37.5127865993898],[126.8860128001955,37.5128914003935],[126.8857254992065,37.512855599345]]],[[[126.88743169940659,37.4862682002041],[126.88743169942839,37.486268199665595],[126.88743170038329,37.486268199501296],[126.88743169940659,37.4862682002041]]],[[[126.8898163994797,37.5114071999246],[126.8898164010108,37.511407199232],[126.8898164001374,37.5114072011466],[126.8898163994797,37.5114071999246]]],[[[126.8900334989129,37.5055354004524],[126.8918439991254,37.505748199504296],[126.8926162013918,37.5046816998875],[126.89305020077991,37.5070851978728],[126.8958485000267,37.5076559994667],[126.8958035004746,37.508480900221905],[126.89343650150731,37.508068900693395],[126.89161059942761,37.509523200831495],[126.89195339942161,37.508590600255495],[126.8901955986142,37.5077287994753],[126.8900334989129,37.5055354004524]]],[[[126.8921054986582,37.49696199929841],[126.8934690009679,37.496910498729996],[126.89404250078749,37.4979679004121],[126.8927761995881,37.4986227005015],[126.8921054986582,37.49696199929841]]],[[[126.8940671995962,37.6532640996358],[126.8958777011505,37.652522900221804],[126.89527820078551,37.653837200151095],[126.8940671995962,37.6532640996358]]],[[[126.8952028993421,37.4918419001679],[126.8960075002658,37.4916496998265],[126.8968891001361,37.4928925993856],[126.8976502998751,37.4921144995461],[126.8972905005982,37.4931427995426],[126.8981520005064,37.4936818003134],[126.8971075001657,37.49302870066241],[126.8967965996988,37.4937508008745],[126.8966837989803,37.4927669013076],[126.8952028993421,37.4918419001679]]],[[[126.9008054997866,37.5398813998887],[126.9008245002792,37.5398724998805],[126.9008054999597,37.5398814001689],[126.9008054997866,37.5398813998887]]],[[[126.9087811989189,37.4855564992894],[126.9087812010664,37.485556500666505],[126.90878120037661,37.485556501252],[126.9087811989189,37.4855564992894]]],[[[126.9091113996729,37.5312461004299],[126.9091114005997,37.5312460991006],[126.9091114010819,37.531246099608],[126.9091113996729,37.5312461004299]]],[[[126.91286769904991,37.647074600397005],[126.91297779940989,37.645476799166],[126.91354110012911,37.6461864986463],[126.91554069975179,37.6457954989057],[126.9173168006966,37.6478114004766],[126.9159908008974,37.6481606009176],[126.91515870148281,37.6504647011798],[126.9135778999443,37.6505634009355],[126.91399629853329,37.6486129997167],[126.91286769904991,37.647074600397005]]],[[[126.9148604978903,37.6342177001142],[126.9190538999804,37.631698998984994],[126.91805130140621,37.6324799996799],[126.9184756009541,37.6332903993628],[126.9202786000359,37.6336900988804],[126.9208969998146,37.6322639996279],[126.92310490048669,37.6332635997528],[126.9219982006536,37.6328569003155],[126.9228207001801,37.634594299406906],[126.92372049928031,37.634159199841996],[126.9237345000377,37.6331133999367],[126.9236712005501,37.6356391012212],[126.9225916016297,37.6364228004375],[126.9238895019923,37.6379199006803],[126.9213858006045,37.640814600447],[126.9217381002522,37.6413469999146],[126.9212789004039,37.6408711005426],[126.91828990001841,37.6425916003841],[126.9159277999375,37.64043940091],[126.9149082957584,37.6391517017291],[126.9158869981864,37.6385788981379],[126.9148604978903,37.6342177001142]]],[[[126.9174449989993,37.4951739992048],[126.9191815997381,37.4935536998067],[126.9185649006052,37.4943494995958],[126.9198496001219,37.494328599807204],[126.9174449989993,37.4951739992048]]],[[[126.9193336999093,37.630733399995094],[126.9194195005844,37.6307374997611],[126.9194195006259,37.630737500690906],[126.9193337001752,37.6307334009309],[126.9193336999093,37.630733399995094]]],[[[126.9198351996223,37.6318863002736],[126.9198681001773,37.631762799665594],[126.91983520057319,37.631886299708896],[126.9198351996223,37.6318863002736]]],[[[126.9215671988412,37.6313443002509],[126.9216096000518,37.631362699928594],[126.92166880049331,37.631384500813006],[126.9216095998937,37.6313627007763],[126.9215671988412,37.6313443002509]]],[[[126.92330269897519,37.492998100156704],[126.92388559983111,37.4917368993292],[126.92496460084179,37.4927501998744],[126.92330269897519,37.492998100156704]]],[[[126.9293004991808,37.484232499776596],[126.92978170003241,37.4833019996865],[126.9307003003336,37.484255300206],[126.9296170006449,37.484892700489404],[126.9293004991808,37.484232499776596]]],[[[126.9315044995185,37.621495600303305],[126.9316723996617,37.6213448998085],[126.93167240059739,37.6213449001079],[126.9315044995185,37.621495600303305]]],[[[126.9351321996018,37.5618588000138],[126.9352901000984,37.562117900125095],[126.9351977995295,37.5621651002492],[126.9351321996018,37.5618588000138]]],[[[126.9364287999387,37.5616077999214],[126.9364288001296,37.5616078001561],[126.9364288000135,37.561607800206595],[126.9364287999387,37.5616077999214]]],[[[126.9365399999104,37.5619297999108],[126.93654000011189,37.561929800038],[126.93653999999559,37.5619298001047],[126.9365399999104,37.5619297999108]]],[[[126.93809159965261,37.513465199871796],[126.93809160005921,37.5134651999806],[126.9380915997544,37.5134652008239],[126.93809159965261,37.513465199871796]]],[[[126.9396919995762,37.4824510010329],[126.9404522996339,37.480970599521896],[126.94149429970851,37.4811634997821],[126.9411337994206,37.4806600996732],[126.9420168999369,37.4802786992704],[126.9424805007158,37.4811668992726],[126.9448750002962,37.481983599971],[126.9412417999464,37.4837343005796],[126.9396919995762,37.4824510010329]]],[[[126.94047919959449,37.5176449001983],[126.9405673999679,37.5173452996856],[126.94067890013389,37.5170507995027],[126.94056740005841,37.5173453000126],[126.94047919959449,37.5176449001983]]],[[[126.9490902992029,37.4815708002111],[126.9522134991424,37.4781891995511],[126.956410201114,37.4799142994156],[126.9553882007134,37.483163500806306],[126.95383319980401,37.4839449008936],[126.9529530000915,37.4831304007182],[126.9508480991895,37.4833005002082],[126.95054019867291,37.481549900806094],[126.9490902992029,37.4815708002111]]],[[[126.95821609958121,37.5052723001232],[126.95829640030419,37.5054242997068],[126.9583941004235,37.5056540001549],[126.9582963995009,37.5054242999712],[126.95821609958121,37.5052723001232]]],[[[126.96781829961641,37.5915330999269],[126.9681185006437,37.5911952998865],[126.9680282008633,37.591389399844495],[126.96781829961641,37.5915330999269]]],[[[126.9807467996893,37.6119055997112],[126.9807468010171,37.6119056008155],[126.98074680007231,37.6119056004356],[126.9807467996893,37.6119055997112]]],[[[126.9989876992352,37.4494980004517],[126.9989876996953,37.4494979986238],[126.9989877011198,37.4494979996591],[126.9989876992352,37.4494980004517]]],[[[126.99942729841949,37.454076397906],[127.0008695977803,37.452823199122896],[126.9999446990903,37.4506715995621],[127.0005610000571,37.4513624975026],[127.0030952000874,37.450584099543],[127.00490550092421,37.4481417990389],[127.0030952006398,37.450584099734],[127.0031709007864,37.452899999939596],[127.0016964036143,37.4552252003838],[127.00111179955191,37.4555282010903],[126.99942729841949,37.454076397906]]],[[[127.00585079810651,37.4543094985301],[127.00585080185941,37.4543094994369],[127.0058507995998,37.4543095006473],[127.00585079810651,37.4543094985301]]],[[[127.005900099475,37.4347278992352],[127.0069493012157,37.4363563018447],[127.0059533976378,37.436067001431304],[127.005900099475,37.4347278992352]]],[[[127.0059485991398,37.443162199938705],[127.00874690005601,37.4416890999655],[127.0080385006787,37.443102100473595],[127.0090947003659,37.4444947005769],[127.0077329004933,37.4442348007941],[127.0081093008886,37.4457923025001],[127.0063552997612,37.446254500317],[127.0063793992508,37.4451360996221],[127.0070822991809,37.4452535988484],[127.00791059835261,37.443893900208096],[127.0063752998879,37.4427707013313],[127.0059485991398,37.443162199938705]]],[[[127.01016749962359,37.4442505996987],[127.01016750023699,37.444250599064],[127.0101675009479,37.4442505996699],[127.01016749962359,37.4442505996987]]],[[[127.01102469962709,37.444631800030606],[127.01102470009069,37.4446317992887],[127.01102470061659,37.4446318003342],[127.01102469962709,37.444631800030606]]],[[[127.0255434992036,37.7559455992339],[127.0255435014831,37.75594559929689],[127.0255622998351,37.7560510004721],[127.0255434992036,37.7559455992339]]],[[[127.02694779798401,37.7522136994646],[127.0273372999767,37.751344399878704],[127.02737279993559,37.751261099618404],[127.0273372998774,37.751344400473],[127.02694779798401,37.7522136994646]]],[[[127.0443959994771,37.8187824997465],[127.0451548987182,37.8177925007365],[127.0446572996048,37.8168489993228],[127.0455656003935,37.8170280987119],[127.0462973996617,37.8159668997731],[127.04688229926619,37.8133210981618],[127.04947559952859,37.8121323983391],[127.05091359791341,37.8095682983679],[127.05213949884319,37.809654199593695],[127.0517935004729,37.8087715979204],[127.0537932997303,37.8087328977561],[127.0537263003542,37.8099072988457],[127.05519819888231,37.8093065994464],[127.0548656008609,37.8084959968496],[127.0583948000352,37.8113993988173],[127.0595683003954,37.810289797472],[127.0607635015424,37.8103915003075],[127.0585897007073,37.8125745005242],[127.0602153016655,37.8163280951664],[127.0657459043196,37.8128925967604],[127.0659448013439,37.816748799047296],[127.06749960057411,37.8177514999564],[127.0667532015121,37.8188624018501],[127.0682318000604,37.820850400012596],[127.0658099998361,37.8217635042027],[127.06402229780211,37.8209577031953],[127.0613891004353,37.8238652002878],[127.06293620270989,37.8252313007349],[127.0608789975604,37.825899503113696],[127.0588936971462,37.8229965016175],[127.05773929830059,37.822485802128206],[127.0504757999827,37.8219426020246],[127.04975619981751,37.8231092011953],[127.04915289965909,37.8222251005256],[127.0471237006777,37.8227941008247],[127.047537099169,37.8218374995097],[127.0485114990341,37.8220162994166],[127.0483219992248,37.8210608002556],[127.0470044991676,37.8205650000432],[127.0462499998449,37.8190906002739],[127.0444694998458,37.819388500901],[127.0443959994771,37.8187824997465]]],[[[127.0457043992326,37.8207393997509],[127.04570440032711,37.8207393996893],[127.0457043997649,37.8207394005913],[127.0457043992326,37.8207393997509]]],[[[127.0478903999719,37.7387261000094],[127.0478904000581,37.7387260998865],[127.04791769996,37.7388025000786],[127.0478903999719,37.7387261000094]]],[[[127.0488319983724,37.453585999526105],[127.0506224966489,37.4526110992051],[127.0507749959585,37.451406397441204],[127.05254579418771,37.449517299330296],[127.0524027988333,37.442221096891195],[127.0532782048513,37.441555196205],[127.0575137010209,37.443128194934395],[127.0619481004086,37.439167198167],[127.06332880810889,37.4427551006878],[127.060989703758,37.4436515036503],[127.06026350382321,37.4460724019471],[127.063356201233,37.4484778015447],[127.0584834041438,37.4519174007154],[127.0606023020196,37.4546071012269],[127.05870660053259,37.452890002968],[127.0570736990373,37.452615702112304],[127.05487690074159,37.4544012009941],[127.0547801996912,37.4535879007659],[127.0521911001627,37.4551600006222],[127.0503171996775,37.454446000943996],[127.0513920992085,37.453136900377196],[127.05062249978761,37.452611100507],[127.0488319983724,37.453585999526105]]],[[[127.0521572980748,37.8912746004287],[127.05289190052531,37.8906677991379],[127.0541892993773,37.8913777996751],[127.0547537999245,37.8886544989936],[127.0567176004205,37.8886152989513],[127.056810702107,37.8898791999457],[127.060094800437,37.8898235985927],[127.0602510004177,37.8912159990342],[127.0616567004957,37.8910067991973],[127.0623733023569,37.8923122008613],[127.0607893001372,37.8924005025514],[127.0578315011037,37.8960973011875],[127.0565703000818,37.8961976013408],[127.05532999716989,37.895744900329795],[127.0550858969494,37.8933342008595],[127.05225099978429,37.8934132007805],[127.0521572980748,37.8912746004287]]],[[[127.05269749980499,37.4799078998049],[127.05269750057029,37.4799078997497],[127.05269749987549,37.479907900271],[127.05269749980499,37.4799078998049]]],[[[127.05398439861291,37.900435098258605],[127.05796750228241,37.9005733985439],[127.05798060311919,37.9015816987243],[127.0597948018802,37.9027922014251],[127.05802580021819,37.9040598034642],[127.0568338990261,37.903385001525],[127.055809999078,37.9041200008383],[127.0541051994572,37.9033000005197],[127.0557309986815,37.9029860991748],[127.0556212991219,37.9014157001861],[127.05398439861291,37.900435098258605]]],[[[127.05608789923319,37.912998600034605],[127.0577155006926,37.9130564000298],[127.0562758998981,37.9139707013786],[127.05608789923319,37.912998600034605]]],[[[127.05907289806031,37.8446161991885],[127.0605273010668,37.8432690990575],[127.0609465010952,37.8455183000282],[127.06250820059999,37.8468977008363],[127.0615505005141,37.8468873002899],[127.0615168001231,37.8476307002648],[127.06028649978231,37.8461225006659],[127.0597546992696,37.8467610003098],[127.05907289806031,37.8446161991885]]],[[[127.06231239991159,37.6560754999829],[127.06231240002569,37.6560755000033],[127.0623123999816,37.6560755000565],[127.06231239991159,37.6560754999829]]],[[[127.0884685989743,37.7476730005557],[127.08846860005269,37.7476729998116],[127.08846860008259,37.7476730012651],[127.0884685989743,37.7476730005557]]],[[[127.097690898309,37.4808392997397],[127.09769090045451,37.4808392983909],[127.0976908984185,37.4808393015677],[127.097690898309,37.4808392997397]]],[[[127.1046383996078,37.4951138996726],[127.10470529998241,37.494969799885],[127.1046383998398,37.4951139003373],[127.1046383996078,37.4951138996726]]],[[[127.10579489875231,37.3684246999697],[127.1078588990428,37.3683807994449],[127.1084129996425,37.3661044995088],[127.1083296008228,37.368263999260705],[127.1096085995624,37.368431899447394],[127.10981870009641,37.3676208997801],[127.1100238005928,37.3686566994683],[127.10579489875231,37.3684246999697]]],[[[127.10698119980121,37.3960766000395],[127.1090838973991,37.394889900003704],[127.10965799896469,37.3923653002241],[127.1112239998295,37.3912652984348],[127.1135609009407,37.3917704993273],[127.1149922009742,37.3955488997044],[127.1149803009793,37.3963252003792],[127.11295590133,37.3971577996915],[127.11296610015559,37.398316800151605],[127.11165099956189,37.3971555008255],[127.1096906999972,37.3979123007501],[127.1094489984298,37.3963493020743],[127.10698119980121,37.3960766000395]]],[[[127.1075719995073,37.4987045003514],[127.1075719995823,37.4987044996655],[127.1075720002314,37.4987044998756],[127.1075719995073,37.4987045003514]]],[[[127.108823099177,37.3500297001529],[127.109013500717,37.350029699341],[127.1088231003312,37.3500297001087],[127.10882309988729,37.350029701255],[127.108823099177,37.3500297001529]]],[[[127.1140311995429,37.611282300338296],[127.1140311997551,37.6112822994552],[127.114031200718,37.6112822996699],[127.1140311995429,37.611282300338296]]],[[[127.115689499713,37.664787999263204],[127.1156895005419,37.664787998982405],[127.11568950009931,37.664788000121],[127.115689499713,37.664787999263204]]],[[[127.1164119995544,37.3947922004611],[127.1164119997043,37.394792198492695],[127.1164120002307,37.3947922000213],[127.1164119995544,37.3947922004611]]],[[[127.1199702992197,37.3948926991725],[127.12014539938829,37.394592998942],[127.1204312005547,37.394955500870005],[127.1199702992197,37.3948926991725]]],[[[127.1228469994277,37.4510246996295],[127.1245140962509,37.4466106977853],[127.12613039858789,37.4448686993901],[127.1257788989394,37.443853000405795],[127.12686209984109,37.4432599999822],[127.1237529998099,37.439488198219],[127.12573159903849,37.439385898487],[127.126335300433,37.4375314993961],[127.12890340013,37.4371870993213],[127.1314181005681,37.4408390996266],[127.12818920052379,37.441578400525295],[127.12880699984089,37.4424709008309],[127.1274752998571,37.4426352008226],[127.12693180026949,37.443805599635894],[127.13008690027209,37.4457726999282],[127.1318890009173,37.4490220002702],[127.1293770995908,37.448271500842594],[127.128726000001,37.4490698001189],[127.1273746003358,37.448870200487505],[127.12816190037799,37.4507597999831],[127.1291545994723,37.4501495005845],[127.12834649971191,37.4495233998342],[127.1295892000594,37.4500574000188],[127.1280487999298,37.4520621009937],[127.1244452005305,37.450339301685204],[127.1228469994277,37.4510246996295]]],[[[127.1262071995142,37.453045999987204],[127.12672210051299,37.4526828992105],[127.12644760024071,37.4533617001423],[127.1262071995142,37.453045999987204]]],[[[127.12792689912061,37.4332446001318],[127.1291843997863,37.4323153999632],[127.1293923000708,37.430603099448795],[127.1311531006628,37.4325784002572],[127.12891500036551,37.43400720115871],[127.12792689912061,37.4332446001318]]],[[[127.1320536996512,37.640917299757],[127.1320537007856,37.6409172996199],[127.1320537000263,37.6409173002868],[127.1320536996512,37.640917299757]]],[[[127.134444198671,37.4744510003232],[127.1345868000212,37.4748008002803],[127.13446479867041,37.4748221000241],[127.134444198671,37.4744510003232]]],[[[127.13487809981129,37.4857035001295],[127.1348781000098,37.4857034993654],[127.1348781006391,37.4857034999358],[127.13487809981129,37.4857035001295]]],[[[127.13555579843401,37.4654096008433],[127.137385699202,37.464895597959895],[127.13780899877871,37.4632788995766],[127.1364531975295,37.4611129983567],[127.13857019977391,37.460064695551694],[127.1446850002353,37.461315898594],[127.149444097602,37.456780199387495],[127.1493471976286,37.4540059971162],[127.1518121982562,37.4555539981767],[127.1530774003773,37.4551607973517],[127.1522196013199,37.4571063010636],[127.1539379002597,37.4594527003641],[127.1483022991695,37.458371102075404],[127.1447742009653,37.4614279999509],[127.14528580045369,37.4618629995159],[127.1443709009661,37.4622852002032],[127.1440859009599,37.464256500088794],[127.1450808004949,37.4646287003336],[127.1438603996171,37.4649523007017],[127.1425110009735,37.4634908012643],[127.14275940021841,37.4668736002386],[127.14037779948269,37.4666716002658],[127.13982079971369,37.4655925996532],[127.14121509883499,37.465776299690305],[127.1404864995636,37.464310701155895],[127.1399619992649,37.4645816003082],[127.1405541993033,37.4633896006035],[127.1388137009352,37.4640806999696],[127.1388533007803,37.465820900231996],[127.1375109003653,37.466378400665306],[127.13555579843401,37.4654096008433]]],[[[127.136186698837,37.5657826997997],[127.1364229001878,37.5658690999003],[127.1366138005378,37.5659422001709],[127.1364229000507,37.5658691005178],[127.136186698837,37.5657826997997]]],[[[127.1431599998178,37.4669805001317],[127.1437480007265,37.4668541987849],[127.1439642016116,37.4671040986087],[127.1431599998178,37.4669805001317]]],[[[127.1455765997604,37.4622513002371],[127.1455765999351,37.4622512997547],[127.1455766004455,37.4622512999118],[127.1455765997604,37.4622513002371]]],[[[127.14813959877709,37.441065799954195],[127.14813960026889,37.441065800277094],[127.148139599958,37.4410658008321],[127.14813959877709,37.441065799954195]]],[[[127.15220609978,37.5215872992997],[127.1532188992294,37.5215488996617],[127.153073098913,37.5211498997371],[127.15334090109971,37.5212991003413],[127.1532189025254,37.5215489035741],[127.15220609978,37.5215872992997]]],[[[127.1534158989321,37.656259899865304],[127.1534159016727,37.6562598989816],[127.153908900651,37.656803600361705],[127.1534158989321,37.656259899865304]]],[[[127.15482039949211,37.5675464998859],[127.1550935018776,37.5673248000965],[127.15482040110261,37.5675465010616],[127.15482039949211,37.5675464998859]]],[[[127.1552565998037,37.6274455999108],[127.1557252996668,37.6274222996161],[127.1561378998678,37.6273598995062],[127.1562854003681,37.6273599001087],[127.1561378995966,37.627359900583],[127.1557253000092,37.6274223005206],[127.1552565998037,37.6274455999108]]],[[[127.155814698795,37.4445463012084],[127.15823850084469,37.4449788999079],[127.1574957002916,37.4461672005464],[127.155814698795,37.4445463012084]]],[[[127.1560450996307,37.4459949002657],[127.1560451000868,37.4459948998078],[127.1560451009167,37.445994900592105],[127.1560450996307,37.4459949002657]]],[[[127.1581486991452,37.4524903002455],[127.1589517987087,37.4522559990642],[127.1589342997388,37.4493246994468],[127.1614422006555,37.4502850997966],[127.16182370083,37.452440499922105],[127.1606345010567,37.4531851997396],[127.1608749001539,37.453757100354494],[127.16031809913619,37.4524521010215],[127.1581486991452,37.4524903002455]]],[[[127.15887959947531,37.6083610004628],[127.15887960012181,37.6083610000067],[127.1588795998697,37.6083610006358],[127.15887959947531,37.6083610004628]]],[[[127.1614401992961,37.6490308998058],[127.1615103998289,37.6488389989725],[127.1614402007161,37.6490309008336],[127.1614401992961,37.6490308998058]]],[[[127.1617278994391,37.650110299478804],[127.1617279004284,37.6501102997542],[127.1617279001334,37.6501103004369],[127.1617278994391,37.650110299478804]]],[[[127.1628598987834,37.6499814010704],[127.16642439962429,37.649962099557904],[127.1671713970815,37.6478493953926],[127.1682150011036,37.6480941974412],[127.168366199951,37.649076800624],[127.1675723003086,37.6484114001655],[127.1664244013039,37.649962099088604],[127.16768680063039,37.653047696653104],[127.16988619843099,37.6527651969356],[127.1714690968481,37.651451698249105],[127.17033409898451,37.648422597112805],[127.17453820038921,37.6470576968271],[127.17782439864611,37.647388794178305],[127.18090910023939,37.6495242939227],[127.1817567993917,37.6493548940921],[127.1852672958812,37.6446061988408],[127.1851516961634,37.643678997582995],[127.1870769999981,37.6421735984826],[127.1893349019961,37.6457506996402],[127.1903645009665,37.645882899507995],[127.1893349017197,37.6457507007933],[127.1894870016798,37.6490343977269],[127.1925695006835,37.6483496000448],[127.1919374012073,37.6505662016278],[127.1878974000709,37.6518350055903],[127.1856871022812,37.6568349005904],[127.1876737001987,37.6577010001901],[127.18568710129719,37.6568349015109],[127.18647219987089,37.6587082001824],[127.1850518010974,37.6579681011418],[127.1832503012163,37.6589276011115],[127.1806258002959,37.6585093005547],[127.1801135982978,37.6620051037197],[127.1767606998692,37.6611805003729],[127.1766067998396,37.6602391007184],[127.1747250997423,37.66027540011731],[127.17452019994721,37.6594515009412],[127.17359530087211,37.6595541008386],[127.1734401010273,37.6603762000165],[127.17422069981241,37.6606454019398],[127.172659899615,37.660297900739806],[127.17161889891109,37.6613767002115],[127.1720140998426,37.6602150008627],[127.16826349914699,37.6583638011227],[127.1719384985276,37.6588779985695],[127.170064399953,37.6540790012926],[127.1678236021938,37.655334700036896],[127.1679732976103,37.656346500210596],[127.1664243985784,37.6499621012576],[127.1628598987834,37.6499814010704]]],[[[127.16388349892969,37.654586199867296],[127.165152100092,37.6544439991226],[127.1652084012203,37.6545146997529],[127.16388349892969,37.654586199867296]]],[[[127.1685584998684,37.5632462998997],[127.1685585001691,37.563246299861],[127.16855850021031,37.5632463001251],[127.1685584998684,37.5632462998997]]],[[[127.17596349973779,37.6022713002628],[127.17623770081781,37.601498199701],[127.17627490042409,37.6023937002042],[127.17596349973779,37.6022713002628]]],[[[127.17695949988429,37.639856699472006],[127.177177201245,37.6396090990642],[127.177862103453,37.6401093011527],[127.17695949988429,37.639856699472006]]],[[[127.1788908990122,37.552374000298],[127.178890900866,37.5523740004878],[127.1788909001224,37.5523740013327],[127.1788908990122,37.552374000298]]],[[[127.183656299695,37.7102733000838],[127.1851613982618,37.706384999394295],[127.1885908984641,37.7057965991542],[127.1890253997842,37.7065764987765],[127.1900889987206,37.7048841004689],[127.18937889715909,37.7021236017477],[127.1875770989609,37.7016086022627],[127.1861108985935,37.7027750010498],[127.18563989561589,37.701353899946604],[127.18750919918459,37.698148099017295],[127.1889210001272,37.6999248990848],[127.19106039962669,37.6982653997935],[127.1911719014204,37.6971301984972],[127.1948468996279,37.6971198995497],[127.19461630090561,37.6984348988736],[127.1959888005259,37.6985238991731],[127.19725600084979,37.6974706993991],[127.1990759006323,37.6985469993489],[127.19729670068119,37.6988771011736],[127.1972514007265,37.700102699948005],[127.1976261003518,37.7009509990997],[127.1990827999093,37.7002173995937],[127.1993611006969,37.7016473992352],[127.20020940076141,37.700872600101896],[127.19930930104239,37.7016907012372],[127.200414201291,37.707029799409604],[127.200250200336,37.7077271009573],[127.1994179011683,37.7075260011584],[127.19970530064691,37.7102902003938],[127.19687610000899,37.7117262004181],[127.1963924000508,37.710602600803504],[127.1959877000391,37.7118240003401],[127.195636199638,37.710720700291205],[127.1900689994455,37.7078068028407],[127.1880385005155,37.7110993002056],[127.18733060001449,37.711286200213806],[127.18617819995531,37.709230901188704],[127.1850985000352,37.7105501002575],[127.183656299695,37.7102733000838]]],[[[127.1840705988021,37.6165794998075],[127.18561730218491,37.6162535971934],[127.1854822985689,37.6165365018046],[127.1840705988021,37.6165794998075]]],[[[127.1944452996495,37.7192213997645],[127.1944684998528,37.719115099763606],[127.1944452998591,37.7192214005371],[127.1944452996495,37.7192213997645]]],[[[127.19509139925759,37.721174700125395],[127.1962410998608,37.720901399196705],[127.1976171990197,37.7180292998849],[127.1970499998155,37.7172018994015],[127.1988642994332,37.7179612992658],[127.20070469932661,37.7171865992171],[127.200771700061,37.7151208988598],[127.2026239982087,37.7159181980625],[127.2039764009894,37.714823496249004],[127.20677120051471,37.7146470963024],[127.208730300505,37.7158232002917],[127.2077067011415,37.716732100419705],[127.2065925003779,37.7163388003702],[127.20664190061419,37.7181765988326],[127.20967800092819,37.718851398911795],[127.2089718012257,37.7212804000621],[127.20939870013409,37.7232070004137],[127.2084347004061,37.7235225000324],[127.20920740054589,37.7241047996456],[127.2081912004832,37.7242565000883],[127.20888210041879,37.7258691999199],[127.20812219996151,37.726082500157794],[127.2079553997878,37.725318300564396],[127.2072825999607,37.7263598003227],[127.2060442999063,37.7255169007714],[127.2043757999101,37.7268607013697],[127.2030791998159,37.726475403113795],[127.2028945977269,37.7241539010726],[127.1992367982344,37.7224452018647],[127.19671149837761,37.7230055026252],[127.1952655992498,37.7223673996544],[127.19509139925759,37.721174700125395]]],[[[127.1972655994701,37.6324345964109],[127.2000477016954,37.6322312963301],[127.20336789985241,37.6292117993403],[127.2061719014552,37.6320054994014],[127.20760110002601,37.6315986998082],[127.209273201544,37.632951599011],[127.2121194989981,37.633606398515596],[127.2143659046839,37.6324946939271],[127.21797830225749,37.6361536997722],[127.21321930214201,37.6389282010021],[127.2142829014884,37.6404237001119],[127.2137329020384,37.6423978981377],[127.2161918019441,37.64305930091],[127.20836389380969,37.6416618032736],[127.2007035001013,37.6423665009557],[127.2071749992683,37.6404273968341],[127.2076316988116,37.6384513988101],[127.20617149669809,37.6353442994377],[127.2043472985223,37.6338141009679],[127.2022766002309,37.6341413010676],[127.20146849938651,37.633452901295804],[127.1998464996203,37.6348228004558],[127.1988486997852,37.6346148998811],[127.2000428993101,37.633722300140704],[127.1972655994701,37.6324345964109]]],[[[127.20723429997899,37.6149392999923],[127.20725520000421,37.6149469998986],[127.2074486039811,37.6146058957125],[127.20725520046891,37.6149470009918],[127.20723429997899,37.6149392999923]]],[[[127.2082007998317,37.5479583000159],[127.2082008002518,37.547958299507094],[127.2082008001084,37.547958300249995],[127.2082007998317,37.5479583000159]]],[[[127.21024919983641,37.5486372001762],[127.2114716005251,37.549355999123],[127.2114533000744,37.5499510000805],[127.21024919983641,37.5486372001762]]],[[[127.2199839998524,37.5389166005772],[127.22087000018661,37.539181299627],[127.2211750004691,37.541042899553304],[127.2218572000657,37.540993900261995],[127.2200153001515,37.5410460006953],[127.2205454994781,37.539575600564],[127.2199839998524,37.5389166005772]]],[[[127.22261589954499,37.539854499729294],[127.224365699211,37.54064689874],[127.2249740994416,37.5383253994652],[127.22608240034559,37.539827799939594],[127.2247489001814,37.5395953006957],[127.2243657001422,37.540646900028],[127.2232188009954,37.5405273003094],[127.223250400212,37.541413199556004],[127.2243091001988,37.5411285995463],[127.2240304999348,37.5415544003543],[127.2232503995469,37.541413200248],[127.22261589954499,37.539854499729294]]],[[[127.2345389987366,37.652038900915],[127.23592049945721,37.6521007986616],[127.2360304993472,37.6505630001994],[127.2353923994438,37.6505240992319],[127.2358765005913,37.648877899481604],[127.23757309953771,37.6502586985982],[127.2385145000832,37.648584099021704],[127.23859500014781,37.6492176993807],[127.24044629921221,37.649278898603],[127.2399469006074,37.6495246001928],[127.240458300096,37.6511397985776],[127.2424088990159,37.6501284995851],[127.2415701989275,37.6476336997769],[127.2439774996248,37.64701329938],[127.2440306993845,37.6455407995418],[127.245079301734,37.6455043973335],[127.24529650004739,37.6479381980667],[127.2466913011927,37.6466978989174],[127.247297699816,37.648819797852],[127.2485687994207,37.648303498705296],[127.24929180102099,37.6493714988879],[127.25021300202451,37.6492272975793],[127.2492482026987,37.652722698397895],[127.253175000629,37.6537995999332],[127.2505369009306,37.655592400242],[127.24878600002499,37.6542523008941],[127.2481208006902,37.655177699968704],[127.2483072004234,37.6571953005352],[127.2469229009219,37.658097099699596],[127.2470642007298,37.6593371001478],[127.2465000003938,37.658328301059804],[127.2444421005968,37.6584273016735],[127.2434744999901,37.6608618005395],[127.24278589996621,37.6596282008115],[127.2414129995392,37.659262999798706],[127.24361409762601,37.657293700191296],[127.2397164995952,37.657202000557795],[127.2398277994404,37.655801500050906],[127.2387323005359,37.654682701169705],[127.2359205005864,37.652100804166096],[127.2345389987366,37.652038900915]]],[[[127.2532975997907,37.6532084998896],[127.2532976001903,37.6532085000538],[127.2532975999759,37.653208500118396],[127.2532975997907,37.6532084998896]]],[[[127.2823054995508,37.6578400000828],[127.28374669915729,37.6574417993589],[127.28626160063871,37.6579943982767],[127.2876971005694,37.6593665989325],[127.28938130101571,37.659166599820196],[127.2856949999593,37.6602630015252],[127.2846920998259,37.658117400597405],[127.2823054995508,37.6578400000828]]],[[[127.2898517991152,37.657402300539005],[127.2899110992751,37.6570877991723],[127.29002220115329,37.657144000010604],[127.2898517991152,37.657402300539005]]],[[[127.3090169991669,37.6531293007409],[127.30901699982729,37.6531292988603],[127.30901700063579,37.6531292994405],[127.3090169991669,37.6531293007409]]],[[[127.3120574953867,37.6547773022673],[127.31229809828801,37.6531644995823],[127.3145463996118,37.6518487997266],[127.3145667007264,37.6527605993728],[127.3156349016821,37.6530100007638],[127.3145667018278,37.6527606018334],[127.31310380329069,37.6546953998986],[127.31333870159871,37.6553731049475],[127.3120574953867,37.6547773022673]]],[[[127.4426501989125,37.5136479985999],[127.4429329008822,37.5135065997904],[127.4426501999487,37.5136480008342],[127.4426501989125,37.5136479985999]]],[[[127.4736559988515,37.5054548009795],[127.4759937998523,37.5060224982022],[127.4771117016083,37.504627299073505],[127.4759938021513,37.506022498908],[127.4774491006255,37.507530000358805],[127.4751172009716,37.507284002008],[127.4736559988515,37.5054548009795]]],[[[127.4832381983186,37.4966755987025],[127.4834394981173,37.4955382998398],[127.484727298124,37.4953443995724],[127.48499339549049,37.4938863957095],[127.4909404987242,37.4868805956432],[127.4939165967928,37.484636996142],[127.4971692003398,37.485020898589205],[127.49904499945889,37.4829015994692],[127.5002132002197,37.4831017997698],[127.5014518012724,37.4852572999309],[127.50054380057,37.4856432998303],[127.5024436032578,37.4869185997901],[127.5019570013726,37.488678900098996],[127.503390201204,37.490749299021395],[127.5048268007243,37.490512199399596],[127.5033902012874,37.490749300119695],[127.5038581001437,37.4938626997253],[127.5044034005974,37.493791301124],[127.50303960066779,37.4963689001121],[127.50027830180481,37.4978372004875],[127.50129240039449,37.4994757005721],[127.50087599980661,37.498774500913],[127.49854580138,37.4987694013412],[127.4984298988885,37.500104703729804],[127.493918798398,37.497504303370505],[127.49095220136459,37.4969281039467],[127.4898987978231,37.4976444055714],[127.4849869984934,37.4978998013841],[127.48363520011479,37.4960345004072],[127.4832381983186,37.4966755987025]]]]}}]}