{"type":"FeatureCollection","features":[{"type":"Feature","properties":{"interval":15,"stationId":"6046634739"},"geometry":{"type":"MultiPolygon","coordinates":[[[[127.0656520998152,37.5422771997885],[127.0664399998421,37.5420096997669],[127.06637789990421,37.541293000483606],[127.0658543999659,37.5416888999439],[127.06923779932819,37.5366833985762],[127.0716376993566,37.5385443984482],[127.0751090004089,37.5386850997496],[127.0737625001645,37.540469900346096],[127.0741448003082,37.5412774999007],[127.0732833000733,37.541361700338804],[127.0742037001363,37.5423040001305],[127.0723560008533,37.5432754998584],[127.0731314005887,37.5449358994043],[127.075155599362,37.545008099064],[127.0767527999074,37.5434763995201],[127.0774763005039,37.544990398879904],[127.0790337007392,37.5450261991012],[127.0790129999145,37.5467018001978],[127.0782750987906,37.5456571007491],[127.07697980008591,37.5454761009301],[127.07521730106231,37.5491870003002],[127.0752624010172,37.5510716984155],[127.076950499843,37.5503421993219],[127.0779714003304,37.5527042990755],[127.07921950000859,37.5516204980103],[127.08047310042821,37.55314179914],[127.0836094993032,37.552675399025],[127.0852976009895,37.554070598989306],[127.08660059968649,37.5535635994963],[127.0875742987128,37.5525561005038],[127.0865800993882,37.5522788002754],[127.08759859994791,37.54874129960751],[127.0876429002253,37.5493214994693],[127.0918587006372,37.5491944997247],[127.09229370064939,37.5502899996281],[127.09318130047569,37.5504246002243],[127.0923774010552,37.5506861006159],[127.0926757007321,37.5523553009072],[127.0904231994205,37.5539045011695],[127.0871449003026,37.5544466004599],[127.0862825004096,37.5571950996231],[127.087144400856,37.5576266996309],[127.08584040021499,37.5578612007336],[127.0854956001544,37.559358099725394],[127.08641230011021,37.5600745993852],[127.08693150005841,37.558936199637195],[127.0888152008236,37.5604951997608],[127.0893047023066,37.5633640010568],[127.0883618006766,37.5651462998501],[127.0891860006695,37.5662525989007],[127.0911694022302,37.5667779988379],[127.09279480120409,37.5692627993838],[127.0938121009669,37.5689859008725],[127.09101770185269,37.5695734007312],[127.09192780290279,37.572010600304296],[127.09104430378629,37.5738054985094],[127.0933855014451,37.577478894836005],[127.09599130271779,37.5768064956908],[127.097433003962,37.5789490972558],[127.1012169014236,37.5792462004744],[127.0986675008147,37.579962001732405],[127.09794270153951,37.5807421009523],[127.0981078000964,37.5821058001509],[127.0965071016971,37.5826637995929],[127.0971387008894,37.5853461010711],[127.0962039002449,37.5867431002297],[127.095239600675,37.5865357004495],[127.0951061004311,37.587777000366806],[127.09412970016879,37.5873269006775],[127.0931102011883,37.5882096997947],[127.09449490021841,37.589934900047304],[127.0881653003329,37.5924724001086],[127.08971790064119,37.5933751001331],[127.0903855001632,37.5946932994861],[127.08998180040021,37.5957837998611],[127.0908464000827,37.596325900030195],[127.0889090004155,37.5972071004651],[127.08917650054309,37.59793940162],[127.08777960007801,37.5988394000041],[127.08791769904501,37.5971946001688],[127.08683550012721,37.596273901089496],[127.0850300000338,37.5966800000334],[127.0853820002563,37.5972257999119],[127.08492000010669,37.5968400001285],[127.08458280027051,37.5979472004293],[127.0826333000289,37.596056600797],[127.0820441997007,37.596483500180994],[127.0820606992437,37.5953866004379],[127.08061239981771,37.5950209000638],[127.0810706002041,37.5938753994784],[127.08336999860481,37.5938999996963],[127.0842262988796,37.591403299880305],[127.0830216000843,37.5895101017735],[127.08252499830401,37.589857299349596],[127.0820464987772,37.5878247012613],[127.0813000995236,37.5879106011754],[127.0799628999046,37.5848536011476],[127.0789684993417,37.5848129008125],[127.07886999893789,37.5829334013512],[127.07789249991541,37.583076001208596],[127.0775229995298,37.584063400241895],[127.0777052988174,37.5827090006144],[127.0755598996457,37.579929099874],[127.0780790002778,37.5801056994708],[127.07838520003,37.5810629994301],[127.07944529902541,37.579428099984604],[127.0792535993708,37.5775384001999],[127.0784768980859,37.5771167002153],[127.07967759782339,37.575133299851096],[127.0797424973773,37.5731903995851],[127.07890089821889,37.571988600786895],[127.0777058993283,37.5718479000555],[127.0790178986355,37.5718766997431],[127.0794862985321,37.569603298375796],[127.0763095998735,37.5645671000474],[127.07737739971981,37.563068099493],[127.0771522999449,37.561594800966304],[127.07432399848881,37.561428402092794],[127.0726959989844,37.5600303006782],[127.071733199311,37.560411000315604],[127.07271469886051,37.558950599396205],[127.0717270993037,37.558181599154295],[127.0731350991167,37.5567379001533],[127.0724650994767,37.5561777992993],[127.0745769989804,37.5547549998631],[127.07294539931479,37.5542231999463],[127.07363629938061,37.550427400396394],[127.0712895011336,37.549696300928304],[127.071123299385,37.5506170002064],[127.0709428992414,37.5497177005728],[127.0687684999079,37.5494469006557],[127.0688315989633,37.5483182004444],[127.0675414001026,37.5485668003909],[127.06920029963861,37.546885099344294],[127.0692050995531,37.545811799405605],[127.0700240996601,37.5458556997691],[127.0700928995472,37.544310900681],[127.0696622998783,37.5431112006246],[127.0656520998152,37.5422771997885]]],[[[127.0609598984831,37.561207200816895],[127.0622328991491,37.5587237998267],[127.06175379987981,37.5582448995863],[127.0637500011934,37.5579603974457],[127.0649429011094,37.5593991973393],[127.06737739867489,37.558383898354606],[127.06811070093781,37.5601841996962],[127.07003710045319,37.5606284998501],[127.0685534005651,37.5608311008128],[127.0679841004887,37.562950200824204],[127.0666118003039,37.5631167004385],[127.0664068002413,37.5639107003486],[127.0659971996644,37.562140700939004],[127.0642407007075,37.5623442010498],[127.06411490015451,37.5632112005719],[127.0630679000838,37.562505101240205],[127.0625646997168,37.563079900537296],[127.0610280989893,37.5621815007905],[127.0609598984831,37.561207200816895]]],[[[127.07684599966281,37.602715299826],[127.07742779990899,37.603328299560104],[127.078082499397,37.6022318000247],[127.0771119998459,37.601553699380794],[127.078639899881,37.601141399713306],[127.0787852000098,37.600303799944896],[127.07951769981659,37.6005794997644],[127.07984780002779,37.599700999855806],[127.0824111004634,37.602476500074104],[127.0787407001614,37.6053679001721],[127.0782450995103,37.6034237009344],[127.0773713003841,37.603636100722],[127.07684599966281,37.602715299826]]],[[[127.0507333996402,37.5680360008211],[127.0504198998375,37.564999299501196],[127.0535256996582,37.5648436991751],[127.0537696999981,37.5657604996751],[127.0550178003998,37.5649928998929],[127.05532050053269,37.5656962995577],[127.05376970010781,37.5657605003213],[127.0528065004799,37.5682716003091],[127.0522579995848,37.5678623009315],[127.0513928995206,37.568648900287],[127.0507333996402,37.5680360008211]]],[[[127.06371629879659,37.532621700198],[127.064156999658,37.5329544994471],[127.0647808990341,37.5323511000505],[127.0643423997025,37.5318652993449],[127.0647903002867,37.53230299882],[127.0671302995329,37.5302902986914],[127.0684678004008,37.5313299990435],[127.0699959012097,37.530975600043796],[127.069067601049,37.5312688007563],[127.0688606007364,37.5331198005373],[127.0681551004158,37.5322434011577],[127.06773030046139,37.5340986003499],[127.0673969997043,37.533338900789396],[127.0654905990158,37.533203400003295],[127.0660860988993,37.532736899949704],[127.0647903001951,37.5323030003836],[127.0644421993947,37.5331604007998],[127.06371629879659,37.532621700198]]],[[[127.07604019975079,37.6105904998049],[127.0779744001131,37.6094441994265],[127.0792748003491,37.6109413999594],[127.07743090013379,37.6120402001681],[127.07604019975079,37.6105904998049]]],[[[127.1019115992909,37.5457034004741],[127.103306599248,37.545467199102895],[127.10366119969781,37.5446732991375],[127.1056720001167,37.544806400085896],[127.1049022004952,37.545247200682496],[127.1051123001407,37.546301901333806],[127.1019115992909,37.5457034004741]]],[[[127.0424904992395,37.5658395995804],[127.0433436995035,37.5663870990879],[127.0444231010018,37.565558898136096],[127.04458100098199,37.5665628002059],[127.0435370001775,37.5672209011652],[127.0424904992395,37.5658395995804]]],[[[127.05241219906921,37.5191449991648],[127.0528265006825,37.518541499687096],[127.0524863005088,37.519767700326604],[127.05241219906921,37.5191449991648]]],[[[127.0753063994641,37.6182092002534],[127.07530639980081,37.618209199789305],[127.07538720014159,37.61822270037219],[127.0753063994641,37.6182092002534]]],[[[127.0660337997509,37.529425799933],[127.0660338001264,37.5294257999568],[127.0660338000892,37.529425800758],[127.0660337997509,37.529425799933]]],[[[127.06958759992061,37.5600790998999],[127.069587600196,37.5600790998594],[127.06958760007191,37.560079100212505],[127.06958759992061,37.5600790998999]]],[[[127.0375466999836,37.562001600499904],[127.03754669957169,37.5620016000694],[127.0375467001397,37.562001599717505],[127.0375466999836,37.562001600499904]]],[[[127.12392439954921,37.5384133001315],[127.12392440046841,37.5384132998588],[127.12392439996471,37.538413300173104],[127.12392439954921,37.5384133001315]]]]}},{"type":"Feature","properties":{"interval":30,"stationId":"6046634739"},"geometry":{"type":"MultiPolygon","coordinates":[[[[126.9896636993947,37.566760900432],[126.9899628993546,37.5647896995405],[126.9935737997658,37.5657918992535],[127.0000621991683,37.562277099873704],[127.00098239995509,37.5610942996305],[127.0013739011509,37.5625041996993],[127.0029495999173,37.5629506992629],[127.00281099942639,37.5603990994723],[127.00539329906789,37.5605109995817],[127.00487819979939,37.559038199767606],[127.0060550000174,37.5590013998212],[127.0060875999938,37.5600695991242],[127.0080577991858,37.5578645996093],[127.0089640997246,37.552123699538804],[127.0122537001818,37.552823499713405],[127.0114564010888,37.553774100194],[127.0121599003853,37.555024998943104],[127.0149224996912,37.5555959986403],[127.0168765993686,37.5533133998825],[127.0163915992255,37.5523247996603],[127.0172134994983,37.5501690998482],[127.0183430998637,37.5498788994942],[127.017705599707,37.548555400418294],[127.0155898001701,37.5488305001325],[127.014290800113,37.5509701006764],[127.01339469941031,37.549708600165005],[127.0142826992913,37.550003098696195],[127.0150523985216,37.549076799622505],[127.016283000107,37.546228499679295],[127.01710510086009,37.547302098564],[127.02148130000191,37.547015898565895],[127.0227894006719,37.5481889995314],[127.0258518999281,37.5483615996784],[127.0260955003416,37.5494510989583],[127.0277976000272,37.5497659985055],[127.0292463988591,37.547565498421996],[127.0307073997882,37.5477131983226],[127.0335195001862,37.5489359000175],[127.0332286016217,37.5508161995524],[127.0354248998633,37.5512989998202],[127.035947301971,37.550682998536196],[127.03760080047331,37.5533603985237],[127.0419446977406,37.5512665980429],[127.04171969802181,37.5493029996196],[127.0405729992341,37.547934900633],[127.0388604998421,37.5488333002791],[127.0383598996386,37.5483410000805],[127.0390967992286,37.5478454999714],[127.0389778997944,37.5461805011576],[127.036297099845,37.5440680999633],[127.0388157985726,37.5422809002263],[127.0391953996304,37.5405782993307],[127.0395417005988,37.5411808979243],[127.0422705993292,37.538783699317406],[127.0425241990756,37.538165299935805],[127.0414266997779,37.5379019000011],[127.0428564992157,37.5313979997789],[127.0423174997547,37.5306994004775],[127.0384558999047,37.5305957014618],[127.0365839001894,37.531835601206204],[127.0357457989368,37.5304061008264],[127.0345687001139,37.530723100509405],[127.0334203989079,37.5292694004094],[127.0325000998282,37.5292495004293],[127.0326938988504,37.5276019994415],[127.0352776994646,37.524625900118195],[127.0344894001977,37.521788700977005],[127.0337584997912,37.5219486004528],[127.032659800641,37.520610000802996],[127.02805939945391,37.521831300555604],[127.0268442996273,37.5213166004473],[127.0260732999399,37.5197999005315],[127.0224697003073,37.5212128004067],[127.0205234004729,37.520818000572],[127.02030569997879,37.52176760058369],[127.0182450000727,37.5213658006183],[127.0175553997782,37.522357300825405],[127.0182802993803,37.5209312005534],[127.0162638997589,37.5210570000705],[127.0170215997706,37.5179060998022],[127.016019799709,37.515162700461694],[127.01458139987619,37.5150128009213],[127.0139210989021,37.5157274013997],[127.0135704984683,37.5146426014427],[127.0102188996671,37.5149484002209],[127.0106358987966,37.5145647995652],[127.0098088996236,37.5136514004786],[127.0079679996018,37.513899100426805],[127.0096392997315,37.5120376001095],[127.0082215996887,37.509918601512396],[127.0069076988279,37.511240700120304],[127.0059126992128,37.509130799327004],[127.00678169979301,37.5098273990692],[127.0076216992334,37.5075597007781],[127.00559079898379,37.506290300753705],[127.0026534989988,37.506453202226105],[127.002546099056,37.5053926003225],[127.0010810000909,37.5055640010428],[127.0006349998432,37.504927600257304],[127.00241369790031,37.5022164002144],[127.00089669969199,37.5009144995421],[127.005164299936,37.5025750985023],[127.0065710988833,37.5019369990829],[127.0046337998889,37.4998713010459],[127.00379119870719,37.4999174004098],[127.0046924006102,37.4996312990205],[127.0051650003265,37.5008488991579],[127.0072667004159,37.501004899273596],[127.00802230051829,37.504341799142296],[127.0088569996836,37.503819299664805],[127.00910540023379,37.5045746991384],[127.0098535994856,37.5044521992609],[127.0112106007274,37.5031307002363],[127.0108020007107,37.5045217999492],[127.012055601595,37.505407299820604],[127.0099279004145,37.5062455015235],[127.0099946003478,37.508323999445004],[127.0133163995144,37.508010898501105],[127.01299690106451,37.5086332997296],[127.0150845990673,37.5091277989463],[127.0156113995665,37.5069285980194],[127.0174479977299,37.5067203982276],[127.0182672987452,37.504547099020705],[127.0172995992686,37.5029205999273],[127.01847790005759,37.503988599366],[127.0193422991932,37.503617599737],[127.0188638990271,37.5031931993852],[127.0202513993855,37.5010878995487],[127.0215473996312,37.5022709992408],[127.0214921995594,37.500642899421706],[127.0225893001577,37.500310399674795],[127.02351719967601,37.5010230997189],[127.02459759896841,37.500232600016],[127.0238087990772,37.499985599899404],[127.0239896998119,37.4969758003339],[127.0225748993711,37.496343399805],[127.02423349972369,37.4966958992367],[127.0247790994138,37.4952434004631],[127.0227611999811,37.494839899865106],[127.02380409994021,37.4940316998355],[127.02496450020439,37.4951678993486],[127.0257501000817,37.4934572993986],[127.0280193995472,37.4943001986613],[127.0283082000089,37.4924155998871],[127.0303659997513,37.492933099792204],[127.0306305010388,37.491916599941305],[127.031215500559,37.4947534988228],[127.0326281011658,37.4957223997947],[127.031332501102,37.4989288993972],[127.03200170082559,37.4992091002563],[127.0289525011116,37.5006385003921],[127.0295244002976,37.5019192996095],[127.0307415000325,37.5029891987893],[127.0314373001759,37.5023811996339],[127.03196680062831,37.5045874992077],[127.0361686006553,37.5036229995187],[127.035961300578,37.5049958987399],[127.0389605995931,37.5072961991717],[127.0417857998381,37.5062730989536],[127.0430160995619,37.504966699704596],[127.0423438997814,37.5023608995351],[127.0441979995215,37.5016166988352],[127.04885559838219,37.5026937983016],[127.0494256982597,37.5000616994417],[127.0508807987773,37.500557399029795],[127.0511792984788,37.499932099655105],[127.0506584979161,37.497060300712704],[127.048266298891,37.495171300695404],[127.04873779848519,37.4941916992382],[127.04986939929171,37.4952747980576],[127.0538816993883,37.4942089993079],[127.0545666987033,37.492756700760204],[127.0531033988537,37.4919996008442],[127.05292879836071,37.4904811013679],[127.0519735987848,37.490033699253],[127.053828599116,37.4887421995999],[127.0553432995092,37.4894442992371],[127.05629520035039,37.4881279989254],[127.0571299995156,37.4888499982034],[127.0604287008277,37.485069199451196],[127.0593027014351,37.4862989991856],[127.0607291011821,37.4868895005557],[127.05930269915011,37.4862990031055],[127.057130001186,37.4888500007524],[127.0565127018033,37.4909429986594],[127.0584486012186,37.492374600567196],[127.05740449965491,37.4927811004708],[127.0578660991011,37.4920958004635],[127.0570528999143,37.491745300813996],[127.0545815021826,37.493533899588705],[127.0560168007473,37.494285298837305],[127.0565875002144,37.4968882998236],[127.0580569007589,37.4979358003355],[127.0556495999947,37.4986825004337],[127.05365790022151,37.4980299012699],[127.0530125008669,37.498358800941],[127.0537949002373,37.4994604006994],[127.05305699991399,37.4992221012746],[127.0521354008356,37.5002226002741],[127.054037900317,37.5035995001047],[127.05375340060151,37.504263099441104],[127.0553965011177,37.5057813996052],[127.0545244004888,37.5072400008341],[127.0535157997642,37.50749580026],[127.052616200322,37.506395101094],[127.05128479957351,37.5077810011107],[127.0500990007593,37.506908701982994],[127.0480845012156,37.5071763018801],[127.0467918005019,37.508445200995794],[127.0456553001068,37.5078893007662],[127.0442799015413,37.509270299780994],[127.04777569949,37.5109644984939],[127.0501829993825,37.5112238985912],[127.0529553996779,37.5095333998211],[127.0532933998478,37.5101339992155],[127.0544782998637,37.5090850991577],[127.0554559002324,37.5093725991168],[127.05580159993029,37.5085272998778],[127.0554559004357,37.5093725991646],[127.0568696005988,37.5098374999475],[127.0563167010495,37.510305899712996],[127.0574586012244,37.511832498598096],[127.06233140141741,37.5135606974186],[127.0618239014284,37.5145351993464],[127.06361230041371,37.5144167996772],[127.0638662002806,37.516338499670105],[127.06293260149789,37.5181060997241],[127.0649692001462,37.5181981000759],[127.06381430005311,37.519161400787304],[127.06279709939109,37.5185605008778],[127.06138460080359,37.519001300437],[127.0612629005211,37.5203759995256],[127.0621017008052,37.5200124005387],[127.0614257005352,37.5215249001072],[127.0591598028011,37.5231685984635],[127.0641962037041,37.5209762981903],[127.06666320131619,37.5289816994946],[127.0767162999497,37.5268038999657],[127.0817867995719,37.5267108920935],[127.0831034010668,37.5276734000756],[127.0829733005788,37.5315162993821],[127.0856794000083,37.5318285988475],[127.0863106005914,37.5309718993675],[127.0872260008243,37.5324495993293],[127.090227898723,37.532466399393996],[127.09190820446831,37.5309909908507],[127.0942459998913,37.5330554993212],[127.1019130995203,37.5237252998934],[127.10029729903499,37.5220019002871],[127.1014843998696,37.5224037986792],[127.10228449934209,37.5201457004669],[127.10145729926671,37.5197703002857],[127.10228449942299,37.5201456992184],[127.1035465991844,37.518432000428994],[127.10268599968421,37.517741899880996],[127.1053999991107,37.5174999981324],[127.1062561982545,37.515979199653195],[127.1057233986934,37.51474420006],[127.1044380993001,37.5146108985817],[127.10572339902801,37.5147441985463],[127.1074282000905,37.5133049998116],[127.1083350999327,37.5155589989194],[127.10872840031601,37.5146343987915],[127.1124585996961,37.5137685985853],[127.11334859957489,37.515190098393596],[127.11630789930159,37.5140212997167],[127.11706679966261,37.5152396986148],[127.11835019963239,37.514784298570206],[127.1194621006709,37.5167570997749],[127.11830000058241,37.5164186005468],[127.1168464007091,37.5183622997965],[127.1166836011071,37.5201392012],[127.11537510073319,37.519749601115095],[127.1146285014798,37.5206939001708],[127.1155198001177,37.5220961001852],[127.111922399471,37.520554101018696],[127.11242589830711,37.5176826019596],[127.1103604992899,37.5167280026158],[127.1086891993051,37.5164774026074],[127.10676150123281,37.5190435000413],[127.1048259012528,37.5191895001722],[127.104854601047,37.5206152996826],[127.1068628990387,37.520881699416194],[127.1070573995364,37.5201522995883],[127.10686290079299,37.520881699604494],[127.1076595012256,37.520987400192205],[127.1066875007432,37.5215423004107],[127.1048237008726,37.520882800303],[127.1047351012167,37.5233246010344],[127.1033417001407,37.5216675016046],[127.10148440034891,37.5224038010593],[127.1014778014161,37.5244329008792],[127.0946393012654,37.5326937007111],[127.0993125998706,37.5374810994764],[127.1001931001969,37.5377501996498],[127.10136920096089,37.5366138990684],[127.0998061007294,37.538264600289395],[127.1066957048305,37.5429255933665],[127.10954410388739,37.5436036958225],[127.113763999891,37.5398519996317],[127.1139299995119,37.53520999942],[127.1152906992455,37.533517599622506],[127.1151208996364,37.5311120000688],[127.1159284989992,37.5304431001189],[127.1154844994432,37.5296341009279],[127.1142242996664,37.5300186001422],[127.1158879995547,37.529339800103905],[127.1146122993288,37.5279503002282],[127.1171252986441,37.5251321993996],[127.1167433993851,37.524399099014694],[127.11726660013849,37.5242281992597],[127.11921869969281,37.5271754977491],[127.123923900284,37.5256785989138],[127.12428730160481,37.5269121988375],[127.1254541006774,37.5273115987726],[127.1263785016305,37.526429298824894],[127.1270791014242,37.5274131985405],[127.1282681002352,37.5274374985162],[127.1303721995059,37.5253601989633],[127.1311557983491,37.522726000832],[127.1299184995864,37.5207933027647],[127.130230398639,37.5195366010941],[127.1286993001107,37.519035101580805],[127.1283398999348,37.5203051001451],[127.1264573984473,37.518807100385494],[127.124806898453,37.5158135019624],[127.125940699143,37.5158454988283],[127.1273828987135,37.5132890008393],[127.1265823988658,37.5122718004906],[127.1251389996151,37.5122967001612],[127.1247500998047,37.510851801306096],[127.1239309995871,37.511877400649006],[127.1205005994645,37.5104882002143],[127.122314997945,37.5095358996141],[127.1219306996383,37.5073265994374],[127.123572700319,37.507407298991],[127.1246774992142,37.5064490999492],[127.1238746995339,37.5056854992892],[127.1245015996394,37.5055804990135],[127.1249043997272,37.5014436997111],[127.1262357987823,37.5005336996212],[127.126219600185,37.4992681993129],[127.1279301998312,37.5001130979945],[127.1315233006026,37.5000100000762],[127.1305700005858,37.500894400226],[127.1313597003534,37.502023700003804],[127.1309237002837,37.504165000166],[127.1288656006876,37.5055970001143],[127.1311183003798,37.506152599694],[127.13032410109909,37.507231699268395],[127.13072060109731,37.5087074991076],[127.1299588010091,37.509494699733494],[127.1299069007508,37.5114168990435],[127.13268810004939,37.5114009997395],[127.1318030007247,37.5121960998007],[127.1324800000477,37.5125964994003],[127.13364059963801,37.5122180994549],[127.1338901999996,37.5112987994345],[127.1356804007811,37.512435099581495],[127.1373347005644,37.515610199669],[127.1362204011206,37.5167439995636],[127.1371516998974,37.517066300257305],[127.13579080020699,37.5166670004069],[127.134149602528,37.517654600321],[127.1335493031817,37.5201137991674],[127.1371504024882,37.5230439984239],[127.1392775008659,37.528031696672],[127.1405435995998,37.527681697022004],[127.1408238993195,37.524585000118705],[127.1411136998154,37.525346899212],[127.1449980002471,37.526508800071205],[127.1421503019682,37.5273458004222],[127.143593601199,37.528724599889195],[127.142578900691,37.528681600572],[127.1425623009944,37.5305179006301],[127.1440752006449,37.5344779005698],[127.14265970088209,37.534365700908005],[127.14266380095519,37.535743599774705],[127.1416805011308,37.5364932997311],[127.1429658007947,37.5367257992729],[127.14337060193449,37.5380391995529],[127.1414484011232,37.5395101998715],[127.1413513002519,37.540963000709795],[127.1405813998864,37.5397184012984],[127.137274500804,37.542881100281],[127.1342321001744,37.541949800645796],[127.132759600359,37.54237530080071],[127.1327371006056,37.5445475991319],[127.1379787003959,37.5459057993684],[127.1367731004836,37.5512855995845],[127.13739550077679,37.5510241000668],[127.1376310008033,37.552408899737],[127.1357012000048,37.5543911002694],[127.1351815000887,37.554036600626205],[127.1337236008895,37.5550846999903],[127.1337576013941,37.556559501775595],[127.13236090015529,37.556403602200206],[127.1305451016111,37.558605200272105],[127.12841319933409,37.5581116016244],[127.1289183994614,37.5574272998424],[127.12789820011271,37.555774901668805],[127.1258792005335,37.5572894018059],[127.1259437988798,37.556446800661],[127.1245604993409,37.5565559002824],[127.1224420914633,37.552919002222104],[127.1229682985859,37.5487584985973],[127.12175299951299,37.5460902008589],[127.1209148003512,37.546298700650404],[127.121056200498,37.5469883003675],[127.11426350412371,37.544583002165204],[127.1091007011613,37.5460656002431],[127.1092443010177,37.5472335990751],[127.1104121002253,37.5479104001447],[127.10931310132429,37.5483632996918],[127.11116800799611,37.5510544963318],[127.1106976006209,37.5547866024012],[127.107991796433,37.55365720326451],[127.1040455991624,37.554861101989296],[127.1022936997622,37.5564285016033],[127.09970369888171,37.5529238025047],[127.09739879971019,37.5535221008995],[127.09504510104719,37.5555421010952],[127.0969278049465,37.5635443999243],[127.0962059041593,37.5686982996006],[127.0985623018029,37.5694923988065],[127.0993951009701,37.5724335958653],[127.1027499004994,37.5717620965895],[127.1043380058825,37.5696255968896],[127.1043154030291,37.5716141015018],[127.1031536041909,37.572205600910294],[127.1020837052608,37.5772690958468],[127.10491160243289,37.578555794560096],[127.1077941995503,37.576745296370596],[127.1120524003312,37.5762347994547],[127.11328660002009,37.5786868974901],[127.1144081025984,37.5789841973611],[127.1132865997494,37.5786869021089],[127.1121080004367,37.580710802106296],[127.1078027021031,37.5830372022293],[127.1073475002055,37.5876420005267],[127.1040970013693,37.5872527010117],[127.10343180203449,37.589736298528095],[127.1052505038448,37.5906566012426],[127.1039414013392,37.591785101990205],[127.10340590103719,37.596217300373],[127.1014255006593,37.5965928003029],[127.101720800205,37.5974866995656],[127.10298860054681,37.5970631004229],[127.1039293003616,37.59960690013],[127.10377750051211,37.6018669997559],[127.1055935998538,37.601596799846504],[127.1060263999711,37.6007154998697],[127.1082923997359,37.600974199519506],[127.108108099992,37.6001632998628],[127.1099020007225,37.601169999105004],[127.1098494002746,37.6022500997805],[127.1109816003144,37.6022234998202],[127.1132022004704,37.6078291006815],[127.1111927007903,37.6070023011336],[127.1110813002171,37.6086302001547],[127.1099236013748,37.6098295989553],[127.111502200328,37.6090748000936],[127.1099306004463,37.60984660248],[127.10851960039159,37.609575302162405],[127.1050783997607,37.6117538012473],[127.1049717988766,37.6110929010713],[127.1036210974973,37.6109069998841],[127.1026037995496,37.6089435997169],[127.10401809963311,37.609908098942],[127.10565079800041,37.606815602034494],[127.10411329831629,37.6047469002358],[127.100980600239,37.602695300684104],[127.0993929001807,37.6037789007713],[127.098603499991,37.6031785004827],[127.0978389000546,37.6048132001884],[127.0964974000414,37.604105500445506],[127.0954884000346,37.6045925007026],[127.0938886002521,37.6035057010714],[127.09333920080151,37.6046995998775],[127.094345300803,37.6053536999931],[127.0940652010831,37.60599679935],[127.0953198006974,37.606416700595],[127.0930063003351,37.6070376007023],[127.09196200008749,37.6065336007792],[127.09139560028599,37.607450200324],[127.09041209958619,37.6052785027892],[127.0878570021413,37.606272701795],[127.0874111001716,37.6075447011431],[127.0856569012022,37.6062527024871],[127.0847134021457,37.609098799640996],[127.0854752013839,37.6097871989526],[127.087015099844,37.6089225998172],[127.0879851016441,37.6093444020037],[127.0863811015234,37.6103176017571],[127.0861633017412,37.613372898701805],[127.09135130059249,37.6164913976872],[127.09493090022329,37.615758099882],[127.0945437004204,37.6168073000156],[127.0920392001293,37.6176494011391],[127.0926179020067,37.6209958014211],[127.0917691028555,37.6226165998003],[127.0943282025883,37.6242321009552],[127.0916941003763,37.6255601005755],[127.0890647001782,37.6247130003631],[127.08665860345471,37.6269147022675],[127.0856314980776,37.6267190003947],[127.0841264995826,37.6247054024083],[127.0835029008945,37.6282124009071],[127.082108099956,37.6285576002172],[127.082288999661,37.628002100502705],[127.08143010051991,37.627911600593194],[127.0810311009189,37.6284055000993],[127.0820016003147,37.6297390002388],[127.0809464004524,37.6293747007487],[127.08037569959811,37.6314899005313],[127.0785000003794,37.631818100376194],[127.0774926997937,37.6330164001264],[127.07564309982939,37.631067800354394],[127.07356990027239,37.631042100817005],[127.07286170098061,37.631850200008905],[127.0720580026787,37.6336904005126],[127.0754400004494,37.6365136000877],[127.07536370082549,37.6387113981273],[127.0771401057792,37.6381066025793],[127.0706173011978,37.642551300531004],[127.0707400002254,37.645290001935805],[127.0666345033855,37.6454372023028],[127.065964004056,37.6486485990914],[127.0681098019102,37.649961997778],[127.0695769004431,37.6492013985386],[127.0681098010609,37.6499619998691],[127.0690296005959,37.650401100080806],[127.0634225010379,37.649260801743],[127.0626135018469,37.649996701007105],[127.06280730165311,37.6517740992297],[127.0641291024942,37.6520776005596],[127.0634388031845,37.654073198564],[127.0644879021354,37.6551885974486],[127.0665418000815,37.654651097986104],[127.0670719010144,37.655440200144604],[127.0666162006441,37.6570714006132],[127.0650948004929,37.657454800748795],[127.06423750031871,37.6560429005424],[127.0644671005685,37.6586243996785],[127.0631098999391,37.658169801043506],[127.0626445007182,37.6596604003799],[127.0620474995832,37.6588630011846],[127.06131219949181,37.6597160003458],[127.0602359002593,37.6586196005674],[127.0587610006137,37.6598252001364],[127.05991110050559,37.6613209004777],[127.0587706000461,37.6614283007335],[127.0578958009209,37.6627618993999],[127.05900670007999,37.6636437990997],[127.06062469938071,37.6635554989488],[127.06101320011811,37.6623822995413],[127.0619769015577,37.6651877990564],[127.0634371003714,37.664797300155996],[127.0618209005943,37.6663223001125],[127.0618027992674,37.6655103005069],[127.0604396006306,37.665420000597194],[127.06082140035879,37.6667854005996],[127.05670780149289,37.6658099007883],[127.0572196009811,37.6671743994238],[127.0587240001507,37.666683999955],[127.0584530012293,37.6680086006101],[127.0576423999958,37.6673263002675],[127.0550928996689,37.667309500281604],[127.0555575998802,37.6665914995472],[127.0570739994166,37.667151599459494],[127.0559466002354,37.6651401009057],[127.0548627000424,37.6660536003901],[127.0534812996784,37.6657782999462],[127.0542278996699,37.6656668991864],[127.0546386993226,37.6629928994739],[127.05577179959481,37.662645399119],[127.0562727997183,37.661337699756096],[127.05893319962969,37.6606421999308],[127.0577412993221,37.6593944996334],[127.0574935980547,37.6574650986444],[127.0595166994343,37.6579314989639],[127.06069259894099,37.6567556996192],[127.0600529990542,37.655578800042],[127.0551602000553,37.6546730003068],[127.0545772987256,37.6539608002522],[127.0554741000422,37.6518649985139],[127.05861969725579,37.650818699415304],[127.0593299976434,37.6483399994624],[127.05657239822419,37.6473560988885],[127.05717079913349,37.642850099688296],[127.060360400138,37.6408543989167],[127.0606251000025,37.639745999841004],[127.061589599038,37.639874899712105],[127.0608778990878,37.6392209990791],[127.060578199729,37.6361512999185],[127.0622508981048,37.6345520013581],[127.0625985997568,37.632434100009796],[127.0611560997287,37.6317035010488],[127.06068459981181,37.6323278001878],[127.0600546986566,37.6308354998528],[127.0636135002914,37.6306583999036],[127.06227270032319,37.6320118000607],[127.0637962987996,37.633107798964694],[127.0651506987237,37.6320407986699],[127.0653047988378,37.6305766986939],[127.0626619990537,37.6250595993615],[127.0633954992232,37.6235564988081],[127.06618039666019,37.6223716983028],[127.06685849598209,37.620030500644],[127.06603769785539,37.617241400979196],[127.0641699995391,37.6169300003897],[127.0657762995485,37.616306999620896],[127.0657814995433,37.6155215004064],[127.0644792999372,37.6160180001869],[127.0632848998122,37.6142692994074],[127.0646252003136,37.6125616991346],[127.06772979940119,37.6126091982201],[127.0671682004582,37.6136257998618],[127.0693084004955,37.6133005995437],[127.07204689889511,37.6148951994153],[127.0726234982864,37.6134139001133],[127.0708365993302,37.6131112998349],[127.0727736977173,37.612054900244],[127.0704292993303,37.6112845000784],[127.07281229790459,37.6105977987047],[127.0726954984895,37.6065583005139],[127.07079320039179,37.60486220221],[127.07026570069009,37.6074467004658],[127.06943100010399,37.6073140011375],[127.0703596987413,37.606730899409],[127.0699912991102,37.6048409011476],[127.0673586999388,37.6054111001232],[127.06725179995469,37.603695000633],[127.06659250006349,37.6042211004511],[127.065962699495,37.6033495004198],[127.06521019994669,37.6036165003143],[127.0653534994154,37.6016908004416],[127.0640573996874,37.6016932000006],[127.06404879968619,37.600865399998504],[127.0650881994096,37.6008702994954],[127.0663632992413,37.5994844000534],[127.0627579996604,37.5944606000963],[127.06439859939701,37.5940064995742],[127.06530810006089,37.592813499839096],[127.0652657002875,37.5936138993097],[127.0677811001931,37.5945866999137],[127.06711560025349,37.595588799689104],[127.0682524001735,37.5971303984784],[127.0711949995167,37.5977819997683],[127.0709544997363,37.5953757004518],[127.0671446998831,37.5916999998645],[127.0683603999402,37.5926765992281],[127.0685643998195,37.591913099703],[127.0709654985833,37.5920681985873],[127.0733301987877,37.5884785995396],[127.0715836996782,37.58542160061],[127.07027240037159,37.5865932001776],[127.0698683017306,37.5892058998336],[127.0691156007156,37.589590700072606],[127.06950139930359,37.5905369001313],[127.0672888994999,37.58711130118979],[127.0677880999258,37.587629899903],[127.0673537000301,37.585963600999],[127.06601000005661,37.5854217004741],[127.0658210982015,37.585962000680105],[127.0675300995908,37.5849903001672],[127.0654076990481,37.584342200361405],[127.0665651989647,37.583417100454],[127.0650165997837,37.578070500337105],[127.0625935996844,37.579149700594904],[127.0637057995796,37.5776634004567],[127.0633477994613,37.576785199844004],[127.06466859925361,37.576025696895805],[127.0644391999866,37.5717055008349],[127.0634616999384,37.5714813000245],[127.0638885993704,37.5704163998158],[127.0632726999863,37.5697419004903],[127.0607719005612,37.5701227024609],[127.06011080122231,37.5719523006313],[127.0608533001013,37.5729244999184],[127.0625858007665,37.5729437999872],[127.061332601231,37.5730290002476],[127.0614092000655,37.574163800411],[127.0609972991852,37.5734197005264],[127.0593004001807,37.573288800365],[127.0588361013365,37.5752344002739],[127.0577699007888,37.5754884003905],[127.05828150028361,37.5762961002486],[127.05595650022349,37.5773394007635],[127.05437489993,37.5764413009193],[127.05250200025111,37.5774824004776],[127.0519352990433,37.576932700646],[127.05079899933949,37.5773890008662],[127.0499570996259,37.576342001223196],[127.0483746002114,37.5772068002451],[127.0467789001312,37.5765608005688],[127.0450333998206,37.5770615000938],[127.04500309938611,37.5755869004784],[127.0419753999511,37.5753552007403],[127.04251319972511,37.5742451000844],[127.04139410015871,37.5733298003417],[127.03833779997389,37.5742429006711],[127.0381332000186,37.5749256004794],[127.0359040991622,37.572734001235396],[127.0352855996818,37.5729125003607],[127.0350293997675,37.5720648999297],[127.0359815994093,37.5724478993031],[127.03602339936751,37.571485100265896],[127.0336740000174,37.5702254004441],[127.0294066997792,37.571077301169495],[127.0288583000325,37.5695079007256],[127.0279850995683,37.5700930006379],[127.0242991999829,37.5690769002442],[127.02197699996941,37.5707458014224],[127.01992250035951,37.5705906013236],[127.0189842999676,37.571998800070304],[127.0176191991384,37.570113399977394],[127.0177983989592,37.5692363008545],[127.0158618997894,37.5696972002374],[127.0148265005221,37.568273001337495],[127.0116512000176,37.5680001009881],[127.0099014002641,37.568626500022404],[127.0111098001169,37.5699925993704],[127.0108827006648,37.571554699451],[127.0115941000749,37.571816300133904],[127.0087260000665,37.5728287006622],[127.0067076997272,37.5710800999938],[127.0090229995428,37.5708064995964],[127.0092786992871,37.5701277002752],[127.0084091996278,37.5698033002043],[127.0091663992584,37.5697098999821],[127.0083649998201,37.5692717997425],[127.0090595994369,37.568370600281],[127.0083472995994,37.568356599871905],[127.0083335995195,37.5675485003145],[127.0066452006605,37.5680707006213],[127.0066164999898,37.5689311003418],[127.004750700608,37.567464800855106],[127.0036297995252,37.5675256019966],[127.00235980021179,37.5689298004758],[127.0029495993215,37.5676854009709],[127.0015442002211,37.5683776005216],[127.00182020001489,37.5693471000155],[127.00035840050029,37.5694828004894],[127.0004688002628,37.5701652001607],[126.9976997999764,37.5718256005568],[126.99600619930109,37.5705641998712],[126.9976069999269,37.5702317998153],[126.99792429949619,37.5689866007266],[126.9955413003704,37.568753700673604],[126.99494039955161,37.569768700315194],[126.99374929932401,37.56829420011589],[126.99401159946859,37.567160000258504],[126.9919420989066,37.5668892999299],[126.9910810998073,37.5655409007979],[126.9898152010732,37.5658055005333],[126.9896636993947,37.566760900432]]],[[[127.05228509903921,37.589408500363795],[127.0525903998495,37.5872389998129],[127.0531306998245,37.587886399584704],[127.0536895995962,37.5862316000041],[127.05591060041401,37.585417499477195],[127.0566878003481,37.5867176990878],[127.0571826000815,37.5858143999173],[127.05935890010261,37.5870433987851],[127.06001309944841,37.586026099802396],[127.0608269005845,37.5863482999132],[127.06437150025009,37.5908427999713],[127.0637505004196,37.590673700387306],[127.0636643999701,37.591453200858496],[127.0634576999525,37.5903448001189],[127.0625666000765,37.590220000222004],[127.0623119004657,37.591295299756496],[127.0630677003019,37.5921376003094],[127.06089260038391,37.5909512007186],[127.06075630045879,37.592159900975595],[127.05819440013241,37.5932203003619],[127.05600869925891,37.592476300234004],[127.05563169963591,37.5914420012683],[127.05416819946291,37.5920147006796],[127.0536747997928,37.5908658009333],[127.05260029965379,37.591540800069595],[127.05233010005331,37.59043899906511],[127.0534573994661,37.5906550989468],[127.0534942994292,37.5892953003066],[127.05228509903921,37.589408500363795]]],[[[127.0410121993077,37.5795177991959],[127.0408798995055,37.5786043999786],[127.04294999912321,37.578769998846695],[127.04402450008291,37.5775637998613],[127.045509501049,37.5799745995045],[127.0474361002583,37.5803010998367],[127.0478847004274,37.5823758993281],[127.0499097005021,37.583442999606206],[127.0464213997431,37.5836451002597],[127.04631420006,37.581188000738294],[127.04502430046449,37.5811414006142],[127.0444115006881,37.5826695002468],[127.04498580035401,37.5832492003375],[127.0434408999422,37.583101000537496],[127.0418265994898,37.5808913004066],[127.0420177988901,37.5800675996499],[127.0410121993077,37.5795177991959]]],[[[127.140190199542,37.6039634998906],[127.1423417000996,37.603841599396006],[127.1425461997514,37.6023636005246],[127.14123729976001,37.6017945004689],[127.1421852993945,37.6015144997354],[127.14441549955329,37.6023475991186],[127.146548099201,37.6014864989738],[127.1462169003584,37.6033005991811],[127.1471131999517,37.6026133996318],[127.1467064007974,37.6032267998535],[127.1475552004615,37.6037775003702],[127.14609780162161,37.605540400529506],[127.1462177993171,37.604652200271],[127.14400940049791,37.6042408007837],[127.1416956001005,37.6056350007453],[127.140190199542,37.6039634998906]]],[[[127.0313426988275,37.4840451998507],[127.0315203001267,37.483220599428606],[127.03214600005249,37.4843694989094],[127.03350179983049,37.484718199741806],[127.0342984991631,37.484095999343104],[127.0341133993482,37.4829618004773],[127.0328242988227,37.4824835001657],[127.0328600012014,37.4812994974503],[127.03736840087501,37.4816704998026],[127.0362983006968,37.4835030003073],[127.0374929002418,37.484846600065595],[127.03645799962679,37.485660200798996],[127.0355017000496,37.4854058008447],[127.0341785999412,37.4862951008095],[127.0337758995413,37.4855422005463],[127.0326995997464,37.4867270005562],[127.0313426988275,37.4840451998507]]],[[[127.053426299347,37.6101107000182],[127.0539426000689,37.6091616996819],[127.0560015997667,37.609407199565396],[127.05711220024301,37.6085993997002],[127.0573862001594,37.6096540994921],[127.0589120003503,37.6090224996657],[127.0593473005074,37.6102648003881],[127.0584317011238,37.6114217998243],[127.05954300030281,37.6115007007053],[127.05822960045191,37.6123272008478],[127.0563199997736,37.6115100015897],[127.0540594006685,37.6125505011699],[127.0536164993683,37.6111925998108],[127.0542680991682,37.6106262999969],[127.053426299347,37.6101107000182]]],[[[127.0258815995745,37.5260330995945],[127.0285990999431,37.5250148995192],[127.02996280040601,37.5265080994254],[127.0307460008509,37.5276784999715],[127.0291416999019,37.530229100266],[127.0279051011385,37.5298150006801],[127.0272995994339,37.5310450999519],[127.026481899606,37.5291542001401],[127.0270938995729,37.5282044001185],[127.0258815995745,37.5260330995945]]],[[[126.9870072997717,37.5725959003029],[126.9878098997459,37.5725785996981],[126.9877070998875,37.5718026994354],[126.9889968997702,37.5719997993838],[126.9894268994062,37.5706448997027],[126.9907045000282,37.571547599450504],[126.9921216000353,37.5707302997869],[126.9935033008221,37.572297700355],[126.9921426004312,37.5725987011689],[126.99206220051161,37.5739340998335],[126.9909782003146,37.5744485007977],[126.9890529999127,37.5741513004706],[126.9870072997717,37.5725959003029]]],[[[127.0969879992642,37.5127785999629],[127.0990859004394,37.5130058978766],[127.1008146997521,37.5109649999411],[127.10181869996869,37.5109247997908],[127.10033380061161,37.5120566001748],[127.1012784996669,37.512369399861996],[127.1014642001599,37.5118111995737],[127.10139400095309,37.5133883987469],[127.1028294995176,37.5133190988162],[127.1031734005992,37.5143560002351],[127.1021589006783,37.514025800963395],[127.1015722002064,37.5152352012228],[127.1013109999666,37.5137120010468],[127.0993550007552,37.514454301265594],[127.0991750997278,37.5134865002858],[127.0969879992642,37.5127785999629]]],[[[127.0144638996416,37.540758999961],[127.016319699615,37.540564999623804],[127.0164294997339,37.5387085992651],[127.0160960006462,37.5399613991938],[127.0186300994163,37.5405689996049],[127.0182349005263,37.5399748993058],[127.0186301007971,37.5405689999927],[127.0178939009552,37.5410401002114],[127.01953310108901,37.541506200497004],[127.0165154995714,37.5438058004257],[127.0144638996416,37.540758999961]]],[[[126.99037629921489,37.486647499761],[126.9916383004269,37.4870314993215],[126.991551900535,37.4883441988965],[126.9925342995526,37.487997799242905],[126.9925817993858,37.4859041997501],[126.9936125007032,37.4863235989061],[126.9950087003774,37.4855111994273],[126.9969208007011,37.4888277002252],[126.9962137004261,37.488469200767696],[126.9942078999114,37.48942550140411],[126.9928574999997,37.4888702014561],[126.9921345993925,37.4900382010049],[126.99037629921489,37.486647499761]]],[[[127.0476531996312,37.6058578003393],[127.05070950011229,37.60552659972],[127.04967740110199,37.6061588003936],[127.0507770002029,37.607643700078995],[127.0498476002874,37.608305400531],[127.0489937000834,37.6069860007222],[127.0474392999017,37.6072765006592],[127.0476531996312,37.6058578003393]]],[[[127.1049836986906,37.505340199455496],[127.10485779945441,37.5043570991015],[127.1060607992299,37.5040530992836],[127.1061567004899,37.505042199512395],[127.1071063995402,37.5049118996427],[127.1078337993349,37.5038461988868],[127.1089973005612,37.5063605002747],[127.1069667000633,37.5056322004369],[127.105524599872,37.507040700379996],[127.1049836986906,37.505340199455496]]],[[[127.05189919988689,37.6787877000206],[127.053291998691,37.678646099397305],[127.0551326000023,37.6754848996805],[127.0566616004471,37.6760436993163],[127.0568253007307,37.677024399526104],[127.057691300725,37.676831300087805],[127.0554454002377,37.6806340004958],[127.05527089933899,37.679532401113796],[127.05189919988689,37.6787877000206]]],[[[127.0321977996964,37.578026900121095],[127.034191800006,37.5764870997602],[127.0346922998075,37.5771560992177],[127.03481119940189,37.576396599228104],[127.0369495008109,37.5781248001149],[127.0361201982107,37.579004601000996],[127.0321977996964,37.578026900121095]]],[[[127.1330551989829,37.4966997991951],[127.1376552009491,37.4967485000611],[127.1355030002723,37.499545000377594],[127.1339075000528,37.4985681007574],[127.1330551989829,37.4966997991951]]],[[[127.14109859942141,37.5454542004558],[127.14206779963901,37.545228299049796],[127.1424976002756,37.544090098996996],[127.1428658002352,37.5450410989078],[127.14504830102099,37.545456100060406],[127.1448800011347,37.546480000049506],[127.1433100008535,37.5469800007512],[127.1433214998811,37.5478111008659],[127.1431639994455,37.546952800446],[127.1425666992731,37.547089399854194],[127.1430190988377,37.5463322004039],[127.14109859942141,37.5454542004558]]],[[[127.1101132994085,37.510601999216],[127.11184340007149,37.508651099453104],[127.11147580093069,37.5099977995515],[127.1131549992515,37.509775099774195],[127.11310570100251,37.508877999066506],[127.1142330005277,37.509798300001],[127.1132188001622,37.511932001474804],[127.11220210041631,37.510280101892505],[127.1109798002567,37.5113943013223],[127.1101132994085,37.510601999216]]],[[[127.0386839985895,37.4705824008145],[127.0383655996617,37.4695106000277],[127.03905599962451,37.4691227984586],[127.03912149997059,37.4697238995388],[127.0399185000763,37.468469499662795],[127.0395681002302,37.4703266005579],[127.0386839985895,37.4705824008145]]],[[[126.98146559915261,37.5660292003471],[126.9826477994138,37.5659057998293],[126.982436399874,37.564990699504506],[126.9835363009456,37.5660899007149],[126.982699600023,37.56687200063],[126.98146559915261,37.5660292003471]]],[[[127.14327199938559,37.4934722003134],[127.14386119962741,37.492038299918896],[127.1445824003983,37.4929108992917],[127.14516380035,37.492430299809],[127.1445961001394,37.4938464003514],[127.14327199938559,37.4934722003134]]],[[[127.0853011994369,37.5114356993448],[127.0857816006676,37.5107508992595],[127.0865984001333,37.5127927003238],[127.0853470989614,37.5124023999927],[127.0853011994369,37.5114356993448]]],[[[127.0613000998496,37.508778500070996],[127.06376209929431,37.507542899019896],[127.0639065005152,37.5089473996583],[127.06491390093639,37.5087631002907],[127.0645813005615,37.509419700170405],[127.06300250025049,37.509452101366996],[127.0624817992824,37.5085602006601],[127.0613000998496,37.508778500070996]]],[[[127.04604999938229,37.6895600005446],[127.0458919001953,37.689078199647795],[127.0473238003104,37.6892030001302],[127.04604999938229,37.6895600005446]]],[[[127.0060105992211,37.547704699573096],[127.0072880002388,37.547220700207],[127.00685530068449,37.548137500520404],[127.0060105992211,37.547704699573096]]],[[[126.9753749994727,37.5716163999979],[126.9766864991365,37.571610899346204],[126.97690110017521,37.5702796000007],[126.97705090022899,37.57201620057],[126.9753749994727,37.5716163999979]]],[[[126.98059599921241,37.484888500147996],[126.981974700027,37.4843831996395],[126.98301120008031,37.4855148009054],[126.9822659000583,37.4859059004627],[126.9815433999849,37.4852299009246],[126.98111879935061,37.4862810001694],[126.98059599921241,37.484888500147996]]],[[[127.035361199289,37.5001157000968],[127.0376801007267,37.5009243996056],[127.0365348991702,37.5010872008828],[127.035361199289,37.5001157000968]]],[[[127.0132831995573,37.4935587005551],[127.0138462997259,37.4928446992835],[127.0158305005782,37.493741700181104],[127.01369109967911,37.4943611007508],[127.0132831995573,37.4935587005551]]],[[[127.04121529941851,37.601254899811],[127.0422788003396,37.6015824995773],[127.04171880034569,37.6023773003864],[127.04121529941851,37.601254899811]]],[[[127.07772659816601,37.5119652001614],[127.0786338004669,37.5116212996744],[127.0780639008767,37.5126409012657],[127.07772659816601,37.5119652001614]]],[[[127.1601474996556,37.6097779995461],[127.1614196011661,37.609408099452004],[127.1610218002357,37.610021600379206],[127.1601474996556,37.6097779995461]]],[[[127.1439939986034,37.5519059000622],[127.1437970992362,37.5507770997653],[127.1441200000374,37.5522900003501],[127.1439939986034,37.5519059000622]]],[[[127.1018296997944,37.5113716000133],[127.1021097999997,37.5110502998492],[127.1023249005157,37.5114200001315],[127.1018296997944,37.5113716000133]]],[[[127.0657162970426,37.4895863985594],[127.0659767987089,37.4890795978183],[127.06685830083671,37.4892567000699],[127.0657162970426,37.4895863985594]]],[[[127.0982564997346,37.515733400185105],[127.0983202002478,37.5151091992604],[127.09850330070691,37.5158401006525],[127.0982564997346,37.515733400185105]]],[[[127.0522530984942,37.664388899869095],[127.0529415004637,37.663656799944796],[127.0529013004584,37.6643964001873],[127.0522530984942,37.664388899869095]]],[[[127.0634059998949,37.5925379001018],[127.063758100236,37.5929627001209],[127.0634953996799,37.5929187004694],[127.0634059998949,37.5925379001018]]],[[[127.0484799991572,37.580690000438],[127.04860720020031,37.5797720991421],[127.0484800010498,37.5806900001364],[127.0484799991572,37.580690000438]]],[[[127.05482119982851,37.6457970998399],[127.0550711001152,37.645651999914996],[127.0550213002258,37.6458974000532],[127.05482119982851,37.6457970998399]]],[[[127.112251399203,37.4992980996537],[127.11268270029359,37.4988290997719],[127.1123960000221,37.499343600300904],[127.112251399203,37.4992980996537]]],[[[127.0246829994818,37.576141200209705],[127.0254271007584,37.5762268992975],[127.0253831999827,37.5763397008368],[127.0246829994818,37.576141200209705]]],[[[127.0148657987848,37.504503100724804],[127.0149974005855,37.5042104988279],[127.0148925995167,37.504986101563105],[127.0148657987848,37.504503100724804]]],[[[127.0226801986736,37.494599900327096],[127.0227274003926,37.4944396995432],[127.0226935001176,37.4945694001563],[127.0226801986736,37.494599900327096]]],[[[127.0496742994061,37.581413799982],[127.0498107002224,37.5815815001815],[127.0497180996811,37.581468000629],[127.0496742994061,37.581413799982]]],[[[127.071282700187,37.5105939002107],[127.0709719996853,37.5105498999539],[127.0713706010728,37.5106066001546],[127.071282700187,37.5105939002107]]],[[[127.05356569980859,37.6529448999613],[127.05359060010561,37.653083900140295],[127.0534646998758,37.6531203999996],[127.05356569980859,37.6529448999613]]],[[[127.0373203996809,37.548287599313],[127.0375333004269,37.5485548002537],[127.0373203994233,37.5482876005123],[127.0373203996809,37.548287599313]]],[[[127.0618159998182,37.62288399989],[127.0619913006274,37.6229277994368],[127.0619808000898,37.6229481001322],[127.0618159998182,37.62288399989]]],[[[127.00192009930201,37.5824838007634],[127.00193659885869,37.5823409999468],[127.00193660053539,37.582340999424],[127.00192009930201,37.5824838007634]]],[[[127.0020872998715,37.5689110999649],[127.00209890017219,37.5687788998774],[127.0020873001427,37.568911100131004],[127.0020872998715,37.5689110999649]]],[[[127.03802039989789,37.549168200051],[127.0380825004112,37.5490882997388],[127.03802040064369,37.549168200911296],[127.03802039989789,37.549168200051]]],[[[127.0627511997639,37.5933879998834],[127.06309430007761,37.5935168998964],[127.063094300122,37.5935169003263],[127.0627511997639,37.5933879998834]]],[[[127.1117511996363,37.500041600193],[127.1117512007718,37.5000415997046],[127.1117512005922,37.5000416005533],[127.1117511996363,37.500041600193]]],[[[126.9854889989741,37.576516400800706],[126.9854889997805,37.5765163987868],[126.9854890009797,37.5765163993563],[126.9854889989741,37.576516400800706]]],[[[127.001929500038,37.56889749988],[127.00180600013971,37.5688988001262],[127.0018055999597,37.5688874000118],[127.001929500038,37.56889749988]]],[[[127.0238917994954,37.575916999967696],[127.0238918002034,37.5759169992672],[127.023891800273,37.5759170004339],[127.0238917994954,37.575916999967696]]],[[[127.0250437994043,37.530732199355306],[127.02504380024881,37.5307322002581],[127.0250437996403,37.5307322001578],[127.0250437994043,37.530732199355306]]],[[[127.05807769941279,37.4848535007346],[127.05802469964401,37.484785099489606],[127.0580777012953,37.4848534991763],[127.05807769941279,37.4848535007346]]],[[[127.0379818994778,37.4693886007268],[127.03798189932361,37.4693885996668],[127.0379819003962,37.469388600034904],[127.0379818994778,37.4693886007268]]],[[[127.00783919990151,37.491889100204105],[127.00783919996171,37.4918890998078],[127.00783920035211,37.491889100109],[127.00783919990151,37.491889100204105]]],[[[127.0626220998464,37.6138611000538],[127.0626221000548,37.6138610995138],[127.0626221005798,37.6138611004425],[127.0626220998464,37.6138611000538]]],[[[127.1223955986794,37.5054548005113],[127.1223955991268,37.505454799444905],[127.12239560101301,37.5054547995199],[127.1223955986794,37.5054548005113]]],[[[127.0111852997501,37.5306123001003],[127.01118530033219,37.530612299357],[127.0111853015295,37.5306123007107],[127.0111852997501,37.5306123001003]]],[[[127.0194165997335,37.522405999887596],[127.0194166002096,37.52240600013759],[127.0194166001127,37.522406000343295],[127.0194165997335,37.522405999887596]]],[[[127.0620875992684,37.578240199967006],[127.0620876004958,37.578240200072806],[127.0620876001361,37.5782402004576],[127.0620875992684,37.578240199967006]]],[[[127.0624257000654,37.595471100053],[127.06242569986361,37.595471099989595],[127.0624257000274,37.595471099889394],[127.0624257000654,37.595471100053]]],[[[127.09541549972491,37.6053490997368],[127.095415500109,37.6053491001303],[127.0954154997328,37.605349099997696],[127.09541549972491,37.6053490997368]]],[[[127.03806689989331,37.5485673002412],[127.03806689993161,37.5485672998542],[127.03806690011321,37.5485673000365],[127.03806689989331,37.5485673002412]]],[[[127.06231239991159,37.6560754999829],[127.06231240002569,37.6560755000033],[127.0623123999816,37.6560755000565],[127.06231239991159,37.6560754999829]]],[[[127.07396039947561,37.6610861994014],[127.0739604001601,37.6610862001519],[127.0739603999815,37.6610862000095],[127.07396039947561,37.6610861994014]]]]}},{"type":"Feature","properties":{"interval":60,"stationId":"6046634739"},"geometry":{"type":"MultiPolygon","coordinates":[[[[126.8496149996593,37.4807962000973],[126.8506902992138,37.4804894992095],[126.8504081996103,37.4795295992581],[126.8521751987986,37.477726300315304],[126.8519545997993,37.4764699998742],[126.85278439971681,37.4768566994887],[126.8526583996599,37.4756784992671],[126.8550887013032,37.4778304981048],[126.8622026989314,37.4771687976792],[126.8639708987295,37.4758467979676],[126.8630941995457,37.473817099802396],[126.86409999989279,37.4726655996465],[126.8649757996578,37.4732618994316],[126.86546779985851,37.472352699142405],[126.8674258990457,37.472791098851204],[126.8668697996147,37.4711529996264],[126.8680868004193,37.4715009997412],[126.8674259007983,37.4727910993061],[126.8708344998888,37.4716404996704],[126.8711464007799,37.473860598848],[126.8730382003748,37.4738937998954],[126.86990210108071,37.4744428007912],[126.87015770047779,37.4767708994171],[126.8735236002343,37.4759866993054],[126.8757389993515,37.4781338983273],[126.8769604989007,37.4778932979024],[126.87879959996259,37.47503429941],[126.8825372995986,37.4761500967482],[126.8848771009928,37.4729459977436],[126.8857637003752,37.4751156990892],[126.88541980064939,37.4769782982328],[126.8863698011706,37.4770308980967],[126.8868432002588,37.4786046990191],[126.890291499933,37.4788868991426],[126.8931171010413,37.480374300167504],[126.89348770067069,37.48232179822],[126.89701740034259,37.4838387979212],[126.89625200123021,37.4847205995014],[126.8972916001906,37.485317198904795],[126.8987194998579,37.483822599846405],[126.89996029981221,37.485399598883504],[126.9009100996184,37.4850258995737],[126.90071209945411,37.484250699832494],[126.9018971001221,37.4841763998175],[126.9008070006145,37.4852942001506],[126.9011897002318,37.4857786996661],[126.9027397998898,37.485195499930505],[126.90287380014969,37.4841934993221],[126.9038211992023,37.4844477990678],[126.9056130990729,37.4816240990442],[126.90616349993401,37.4821915988396],[126.9076099989043,37.481227499195406],[126.90955869843661,37.481594598941804],[126.9098036983789,37.4808696990879],[126.912581798791,37.480769499305204],[126.91283089929951,37.479865999409704],[126.9150561001079,37.4787782994271],[126.9162895006625,37.4797447998614],[126.9161929007591,37.480669198937],[126.919397997554,37.480832998773195],[126.920001699723,37.4782485998694],[126.9200046008491,37.4809477973693],[126.9227500981036,37.4802987980183],[126.9258131981709,37.4775926994538],[126.924219000094,37.4757230993089],[126.9268641988577,37.476131099135706],[126.928104998465,37.474899697250905],[126.9292735003378,37.4758016994577],[126.93117959966439,37.4756745989734],[126.9325063983376,37.474049200598806],[126.9309049987063,37.4735588017006],[126.93107829872649,37.4713968007592],[126.9297839994785,37.471077199729905],[126.93323579937281,37.4701169994006],[126.9332422993663,37.4690242004934],[126.9326922992488,37.469213798599895],[126.93397759993651,37.4686045997196],[126.9379215999863,37.470161499633505],[126.9389365005784,37.4708573999478],[126.9386995003865,37.4717836995381],[126.9399628004526,37.4715128993723],[126.9417703998097,37.4724473992435],[126.94346180020689,37.4759862989016],[126.9447729988957,37.476809098078796],[126.947410900398,37.4765644983857],[126.9513558996192,37.4777402991826],[126.9520139986767,37.4743691008977],[126.9507790982996,37.4730724994702],[126.9518713990299,37.4728758984278],[126.953533297368,37.470855900447795],[126.9500685990294,37.467764300069696],[126.9515746002543,37.467812499497704],[126.9523551999068,37.469939698089],[126.9537161985458,37.470337397691296],[126.9578834957586,37.4685551986163],[126.9578773999017,37.4635846995891],[126.9583428001597,37.4646352998924],[126.9600237005717,37.4653376995765],[126.9588783011796,37.4663733992968],[126.9600976007627,37.4682039999645],[126.95371620421301,37.4703374008129],[126.9562774016518,37.4741764969738],[126.9585636995612,37.471955998838396],[126.96096799907559,37.4733340977805],[126.96207339824869,37.472514798523996],[126.9626974976246,37.4696182014206],[126.9611891996068,37.4681196986672],[126.96306769772829,37.4674141993727],[126.9622083996767,37.4644811998554],[126.96421030053901,37.4636722942827],[126.9647360038977,37.465653696674394],[126.9684725001612,37.4660854962426],[126.97107650372459,37.4621143966046],[126.9743626030439,37.4622457970737],[126.9760631022544,37.4642565959742],[126.9800453004451,37.4667566980645],[126.97891290144119,37.466915702044],[126.97829110206301,37.4690709998887],[126.9806033997507,37.4710080979516],[126.9829779973761,37.469993498966204],[126.98522289564539,37.466822100470104],[126.9863224999335,37.4679953995277],[126.98809969983341,37.4673458988961],[126.9884371995754,37.464687501236895],[126.9874359989174,37.4609114995024],[126.9886868988555,37.459392799438305],[126.9878057997366,37.458721900109204],[126.9922611956211,37.4535594021874],[126.9890020925601,37.4490224002423],[126.9903535951192,37.4442587997392],[126.9914109993994,37.4451236984709],[126.99453269653729,37.4435197992051],[126.9928626992568,37.440329800101104],[126.9935683985511,37.4377943026366],[126.9908589973054,37.435183002868904],[126.9885764995879,37.4358206022313],[126.9854058978751,37.433709301471396],[126.9844866991819,37.4257087001156],[126.98358000008861,37.424710301114004],[126.98248179818741,37.4247577010311],[126.9835799987611,37.4247102995239],[126.983129998995,37.423368696862],[126.9845770975479,37.4229187973119],[126.9856117974412,37.4203730969758],[126.9883972997934,37.418213299447],[126.9901495003662,37.4187145992722],[126.9895282002157,37.419832399811995],[126.9910263003064,37.4194275996184],[126.99302089992311,37.420943899483994],[126.9948068999102,37.420344899032706],[126.9951459007429,37.4225922990342],[126.9961643003858,37.4235902988028],[126.9993190010512,37.423182999424604],[126.99970330081389,37.425426699603804],[127.0008698996473,37.4263129987175],[127.0058667003398,37.4264064994753],[127.0078831983233,37.428199997681794],[127.009729499219,37.426667398317896],[127.0128539012221,37.4283649994392],[127.01403760076599,37.427952700100796],[127.01610680106,37.429387502078],[127.0107567009525,37.4300654003241],[127.0097647019445,37.4316980986914],[127.01043600127319,37.4342396961498],[127.0128309002925,37.4359683940701],[127.0144235986998,37.435739494299],[127.0162224998895,37.4345700999689],[127.0170471001357,37.432407499092996],[127.0162225013441,37.4345701001077],[127.0175202000464,37.4358115988662],[127.01849540028991,37.4349967997872],[127.018475202128,37.4364763018379],[127.01659910400409,37.437023601290605],[127.01782110278211,37.441856196458],[127.0191890041574,37.4416731033343],[127.01629850467691,37.444045600978804],[127.0129600027971,37.4441875005584],[127.0115612036692,37.4458157017505],[127.0121255034375,37.449066798949495],[127.016611404777,37.4534217954278],[127.01694070142291,37.4552607996863],[127.0188115021957,37.4555928028461],[127.0175589006783,37.4585517008691],[127.016350797793,37.4576899015199],[127.01297720116659,37.4573801018297],[127.0058475064104,37.4623663998264],[127.0081222041357,37.469623992568806],[127.01667359558431,37.4696352925575],[127.0184588938385,37.4646533974782],[127.020926398266,37.4636412990787],[127.0192325990046,37.459990499430305],[127.02144130115501,37.4604640994311],[127.0217722008241,37.4618085980866],[127.0232517993445,37.460236199659],[127.0231839998213,37.4591894991346],[127.0245197993485,37.4587668992993],[127.0243818994864,37.4562323018339],[127.02258909730331,37.45709029837],[127.02438190300519,37.456232295876006],[127.0276246997624,37.4522340998742],[127.0291798990232,37.4527203991401],[127.0291417997513,37.452132799273905],[127.0366481003657,37.4515085990477],[127.0377073993064,37.453812996743295],[127.0428341941796,37.4527490978072],[127.0377691991331,37.448979197683194],[127.0433234949404,37.4508386944969],[127.0454052928586,37.4470130983225],[127.04457879368509,37.4402141051215],[127.04079899503061,37.438283000896696],[127.0419274009304,37.4356355922495],[127.0451879997824,37.4339982956058],[127.0472525996687,37.4322285980229],[127.0473565995647,37.4307968994546],[127.04868040414459,37.430545695627806],[127.05484090488841,37.4335890960934],[127.0665257000435,37.434979298240805],[127.0699220000119,37.4341684996747],[127.0703289004803,37.4346430000039],[127.0699190008902,37.435791698855205],[127.0723027032596,37.4423862023302],[127.06654980336441,37.4465700030305],[127.0674286024856,37.4511892984112],[127.06836440283969,37.4518404993858],[127.0676926035705,37.4543955999553],[127.07081430044879,37.4554602988906],[127.0724285030203,37.457735400091195],[127.0693069992345,37.4579931012059],[127.0695616991879,37.4573656003854],[127.0680395990701,37.4558296017234],[127.065361701748,37.4563163012367],[127.0640789021742,37.461644903397],[127.06086000315811,37.4610822016931],[127.0595958044223,37.4626240001513],[127.06162410364,37.4689519961506],[127.0653841010628,37.4694233985189],[127.07069539954071,37.4721506964607],[127.0722517032079,37.4719977973541],[127.077111598348,37.4750565942953],[127.0798557979429,37.4747412935878],[127.08467109439549,37.472542094839795],[127.0848130014293,37.47474909732129],[127.088619700449,37.4759171965051],[127.0906961991094,37.474487798005796],[127.0915414012236,37.4771739986398],[127.0945594983742,37.477512398464405],[127.09483009993579,37.475552999283195],[127.09561479915111,37.476223998612205],[127.0973696991868,37.4749954987551],[127.097830999196,37.4732618004318],[127.0959511990447,37.4735755006405],[127.0967103995752,37.473109899377],[127.0979552021071,37.472565296971],[127.1030900992023,37.4732373980921],[127.10490369990079,37.470291699220496],[127.10954889851419,37.4706504981731],[127.1101107001552,37.4716886980058],[127.11269249757339,37.469414200280305],[127.1119291979009,37.46682440059],[127.1098053000248,37.4668243005901],[127.1076458995407,37.465232803302804],[127.1072915996713,37.4647449996625],[127.1081575993664,37.4639209996528],[127.1116126996504,37.46375719742711],[127.11339370003171,37.4621373986416],[127.11579469763069,37.462988797790196],[127.1173853960301,37.462511298083],[127.1194199939955,37.4589331016612],[127.1194880992765,37.4572667966526],[127.1208687010366,37.4588186965516],[127.1241496977556,37.4591378962324],[127.12430429831561,37.4524706009787],[127.12359169902821,37.451786301663],[127.1223629995423,37.4533254020449],[127.1210428994371,37.451835200522],[127.1222746985226,37.4506542005836],[127.1203435986624,37.4491017007648],[127.12076499921501,37.4443960044258],[127.1187858999626,37.443956902635406],[127.1182555892726,37.4429702981292],[127.1198030976263,37.4360436012675],[127.119091398338,37.4340937032174],[127.117438899256,37.4329930992106],[127.11826499905719,37.4329440992188],[127.1201087003586,37.4289887994849],[127.12038600032079,37.4298050997262],[127.1229968001545,37.4295440999469],[127.1221095012924,37.4299375005641],[127.1225781008238,37.4317993987022],[127.1241473992545,37.4313582991433],[127.12387869938121,37.4294939003455],[127.12563399827671,37.4253608005712],[127.1292962987903,37.4237934989477],[127.1284621996244,37.4218081009331],[127.1289449001647,37.421602999826995],[127.1326399011571,37.4242828978319],[127.1312850023645,37.4273366979009],[127.1360298982687,37.4274428980056],[127.13610630011989,37.4283184989817],[127.13986820050019,37.428169798702],[127.1408070003253,37.428924299630395],[127.1402006013261,37.4297506994279],[127.14087960136331,37.4320549974977],[127.1420145007913,37.4327707969743],[127.14298119982459,37.432923196821896],[127.1444874983183,37.4307555989895],[127.1437780990277,37.429902099843],[127.1445420006802,37.4299448991293],[127.1455543006214,37.4340580979516],[127.1498893004479,37.4357563988353],[127.15002170081179,37.4374624992899],[127.1507948014878,37.437920500008595],[127.1502148011441,37.4399671985001],[127.15317829818059,37.441106397360905],[127.1560316004209,37.4395376968569],[127.1582252982272,37.437928598466],[127.15829319861841,37.434931798185],[127.15814920054369,37.4363723987255],[127.1593073993855,37.435716799381105],[127.1647048001495,37.4365659993441],[127.1668241000723,37.438642799155595],[127.1667385004061,37.4411335993367],[127.1676975004449,37.4422419001684],[127.16720500111789,37.4432573992311],[127.1702812026416,37.4477654995747],[127.1696340002636,37.4472122014119],[127.1687758998123,37.4485546006811],[127.1673627005935,37.4477592013122],[127.16729270066351,37.448999800071604],[127.1664170008882,37.4493320006075],[127.16815170015049,37.4509150986908],[127.1694225004751,37.4502811983429],[127.170391201724,37.4518499987756],[127.1727083002816,37.4526109997934],[127.1728678001112,37.4534898000293],[127.1713061008213,37.45342870071941],[127.17037260175479,37.4555443986037],[127.17146150041171,37.4566045011796],[127.1687088007407,37.4583308003746],[127.16940510015661,37.4598674996029],[127.1684428006041,37.460056200189996],[127.1686067006313,37.462138400527],[127.1655496994835,37.4620862003378],[127.1650545999786,37.460555001869],[127.1632644008056,37.4625901004308],[127.1635578000656,37.4633552014351],[127.1632643995396,37.4625901007609],[127.1610566996119,37.4633327026794],[127.1590272012554,37.4623816033181],[127.1571618031208,37.4637244019753],[127.15539560051471,37.4632007021467],[127.1532369026734,37.465759399588],[127.1533068003543,37.467568999674],[127.154359501297,37.4683615006817],[127.1535371993081,37.4697266021559],[127.15180430092299,37.469793702100695],[127.1522953003887,37.4721461997885],[127.1516813002282,37.472968200111694],[127.15095010044111,37.4727880003923],[127.15068470020739,37.4739651005237],[127.1487145000406,37.4739996003347],[127.14864720042979,37.4748953996809],[127.1496670001297,37.475400400245],[127.1483890997026,37.4757150002593],[127.147154299497,37.474165700732],[127.1460788005725,37.4752625996351],[127.1469860997726,37.476582899628696],[127.1491763003244,37.4765067991241],[127.1504773998367,37.4773457995041],[127.1507620001238,37.4759214999347],[127.1516585002673,37.477194499685005],[127.1526141019064,37.4770354985806],[127.1517593000813,37.4807617003621],[127.1502062010716,37.4814976003077],[127.1495365017413,37.483066698738604],[127.1507867004911,37.4842556975496],[127.1557761979719,37.4844768969437],[127.1591741003926,37.4830530979871],[127.1677512012006,37.4847620960337],[127.1701544051539,37.4825208969041],[127.16835660759949,37.4860355990904],[127.170578204737,37.4897826996812],[127.1737121016031,37.4906016988622],[127.1709570990284,37.493165902372404],[127.1701034992707,37.4896550031022],[127.1630248027373,37.493546801741],[127.16111810464399,37.4964304988573],[127.1641657019353,37.500151199787695],[127.16345820258829,37.5018966982554],[127.1652032008433,37.503649096503],[127.16798489965929,37.503979295872895],[127.1697205055457,37.5027932970062],[127.1679232025984,37.504089002072604],[127.1684700011086,37.5063641006579],[127.1678977998135,37.5040823028358],[127.1648679028434,37.5068225000956],[127.1677705007521,37.507317400561696],[127.1643164007815,37.507019502521096],[127.1636113014866,37.5088793006613],[127.1645819016033,37.5109600019439],[127.163189699887,37.5119531001658],[127.1623116989853,37.5107218021942],[127.1598728005043,37.510260003793405],[127.1580534023237,37.5143512997021],[127.1603882999888,37.515721798331604],[127.1615379024977,37.51446819848071],[127.1613998022856,37.515851900737005],[127.1598150013392,37.5161003027459],[127.15901010214411,37.5183926004536],[127.16167330383351,37.5203337010216],[127.1597021018686,37.5204914012393],[127.15745030412039,37.522253499477195],[127.1597477007835,37.5262912007299],[127.1593746970154,37.5255911032994],[127.1559899004002,37.525174503716],[127.15513300125711,37.527306501584],[127.1555939007962,37.5300975987929],[127.15662199976809,37.5311155977749],[127.1602527002785,37.529942097079],[127.1593668017382,37.5328886983121],[127.1605774020413,37.5357329964104],[127.1628874026655,37.537016299744295],[127.1606744023701,37.5389222005186],[127.1616398014047,37.541479797960996],[127.1692154951136,37.540961897196],[127.1710925000852,37.5394073997403],[127.1695247018075,37.5406414012376],[127.1700196013126,37.5425878992911],[127.1733903004799,37.543142398086204],[127.17446029971711,37.544143398753704],[127.1759487000631,37.5422887999288],[127.17505820159279,37.5437458997272],[127.1774835010353,37.547314898913704],[127.18034030017199,37.547463199956105],[127.1774835000588,37.54731490049841],[127.1767356008067,37.5480625997507],[127.1762728010631,37.5493450002296],[127.1776498008601,37.5509236994889],[127.17965739961,37.551096599673],[127.1807498994031,37.5496408994877],[127.1799855993006,37.5488855994318],[127.1815614001556,37.5500822994296],[127.18232569939131,37.5497532997586],[127.1827222989664,37.5476579006016],[127.1812748990781,37.547551600312495],[127.1833748996666,37.545897198275796],[127.1860729000147,37.5469441993544],[127.1856950007782,37.548025900032],[127.18714490043881,37.5494449990734],[127.1887706001268,37.5481830998819],[127.1886612011904,37.5500293986878],[127.1908045004939,37.5521385993759],[127.1919674993309,37.551443200071304],[127.19148789944,37.5497113998493],[127.192931399526,37.5498194993188],[127.1929064995509,37.5489912001471],[127.19218889982031,37.5488091004978],[127.1923959997317,37.547819300796704],[127.1914637001439,37.548177600348104],[127.1903039992829,37.5471782994678],[127.1918432999021,37.547708199604806],[127.1922179995274,37.5469643003487],[127.19133329914389,37.5469362001052],[127.1922733998546,37.5450557999947],[127.1922346002151,37.5462381988254],[127.1935554988942,37.5458317992318],[127.1936223002758,37.543672299548895],[127.1941863002586,37.5448867994546],[127.1964649993921,37.5440385998806],[127.1964755993815,37.543468300450904],[127.19477379983589,37.543635499977704],[127.1958395997013,37.5425228997057],[127.1949958995296,37.541336899976095],[127.19570539847669,37.5391944990956],[127.1968872985056,37.5383505986691],[127.19580089950459,37.536760799423],[127.1966300995009,37.536739599907996],[127.19650820022609,37.5361091990233],[127.1982733993036,37.5365878987703],[127.1978849998888,37.5328235999012],[127.1990595994982,37.533007400070204],[127.1998047999515,37.53148379988539],[127.202065399205,37.532154399605105],[127.202203399067,37.5312807004788],[127.20136769789261,37.5310218970978],[127.2019547001091,37.5308267985286],[127.2041726008028,37.5327747991085],[127.2049359000395,37.5346388972444],[127.2071727002127,37.536031095932906],[127.2096700994461,37.5329852986593],[127.2163308009922,37.5329838988062],[127.2167989017852,37.536774196575706],[127.22021549836859,37.53547989787],[127.22125099978939,37.5342598975027],[127.227629299656,37.5337070990844],[127.2285912000572,37.533983599993],[127.2285684002394,37.535365699131],[127.2298328046037,37.5350404985443],[127.23276920166731,37.536146597438204],[127.2340243009976,37.539708899791904],[127.23055359915449,37.537709400777395],[127.2296644999937,37.5379442005088],[127.2299631023461,37.5415322992104],[127.2316864006228,37.542975197767504],[127.2329732009909,37.541948599463396],[127.2326050001795,37.5430429002026],[127.2307440003668,37.543748900800196],[127.22962940067279,37.5429131013573],[127.2270641018388,37.5440745008729],[127.2275070003937,37.5453982004937],[127.2260221001894,37.5453075007117],[127.2256440004441,37.5463037004274],[127.22211780035401,37.5467078001923],[127.221603400337,37.5474461005669],[127.2187924990033,37.5470983010271],[127.2176067996724,37.546108801623],[127.2159496005446,37.5471105009345],[127.2162895002047,37.549528698516305],[127.2176684996107,37.5481833995484],[127.2185793003552,37.549194800840304],[127.2152554003178,37.5505144013786],[127.2127391007508,37.5531141006092],[127.2124659012148,37.554697101079],[127.2034462018929,37.562427802616405],[127.2039725010344,37.5693291003796],[127.2025870020118,37.5708842027052],[127.2026858009105,37.5732646011924],[127.1996773966118,37.572367701664504],[127.2006499984919,37.5704586999487],[127.19918889898099,37.569965900329],[127.19915189881631,37.5691733009862],[127.1977360999223,37.5693439004755],[127.19621740082009,37.5701840010455],[127.1945307003901,37.5756654008771],[127.1908291000806,37.5758154003812],[127.18719779977961,37.577374900223504],[127.1866822997172,37.5762343009467],[127.1859837998195,37.5770444002387],[127.1848378999541,37.5763923007122],[127.1849745998682,37.575354600895395],[127.1813593998326,37.5743441000041],[127.1808047995261,37.5730885998227],[127.18215259940469,37.5731286996449],[127.18198029984681,37.5717356004201],[127.1810185997572,37.5724479003044],[127.1806399999607,37.5711679005995],[127.179155799913,37.570827500458],[127.17808249975751,37.5717074008446],[127.1784354997098,37.5700802002519],[127.17737370039491,37.5691115011065],[127.1763673989881,37.5704190012196],[127.1752843997562,37.5691966007145],[127.1713921994565,37.570245901862705],[127.1720355995222,37.5683812006779],[127.17054249773929,37.5677769994806],[127.17190139936599,37.567064898549],[127.1723972989867,37.5655441994511],[127.1694480010275,37.563786201366206],[127.16151939828231,37.5675019021455],[127.1595119002898,37.567581402066004],[127.1587574010443,37.5695881000593],[127.15768110009981,37.5698597005359],[127.1581321994335,37.5692755005334],[127.1572426003231,37.568602901206],[127.1565686001085,37.569716101625],[127.1542491992457,37.5679349005261],[127.1565685993065,37.5697160989805],[127.1572425986804,37.5686029000052],[127.15697109895191,37.5674213011868],[127.15482039949211,37.5675464998859],[127.1569710985636,37.5674212991112],[127.15644050005561,37.562913301220696],[127.15571299806071,37.5639192011354],[127.1547888989848,37.5627120023426],[127.1511847002546,37.5621201029535],[127.1485801006775,37.5640752011092],[127.1484019000982,37.565606200279795],[127.147317001228,37.5663045003535],[127.1430426026123,37.5628965036991],[127.1416350045008,37.5667664067728],[127.13734050026619,37.5670273075368],[127.1354218020829,37.5740042006573],[127.1362911012136,37.5749218997396],[127.1350851003681,37.5747323010603],[127.1342586011946,37.576104299688296],[127.13449460241479,37.5785693999553],[127.136905801326,37.5795874000368],[127.1349955019557,37.5799116006224],[127.1354004017493,37.5825714993419],[127.1368365003132,37.5829410989723],[127.13679700029,37.5848866981643],[127.138305599862,37.5844663986804],[127.13964580004179,37.5824278979201],[127.14003880015039,37.583628598436995],[127.1424679018448,37.5846629966241],[127.1447601004313,37.5844960972215],[127.14665510069351,37.582906198221096],[127.15136440017801,37.5863210977861],[127.15255019922209,37.584670797978795],[127.15136440154721,37.5863210999407],[127.1521547007569,37.589348796913],[127.1540202988913,37.5875913986704],[127.15399019940989,37.5853042995915],[127.1560492009361,37.5853548999619],[127.1544752018704,37.5853980007555],[127.1547579015877,37.587912598240905],[127.1578409005255,37.5886417981248],[127.16004860045109,37.5881083979015],[127.15994860037331,37.5900669985813],[127.1612116991102,37.5904971981511],[127.16239089810881,37.5875600984498],[127.16331550161149,37.5880334980982],[127.1641553013949,37.5920318981837],[127.165196200354,37.5932297969858],[127.1691101024783,37.5938018990142],[127.16863260074379,37.5950378000179],[127.16971460052011,37.595676399737],[127.1700579004935,37.5970641000254],[127.16967300034871,37.5984391003135],[127.16873840081489,37.5983437003699],[127.1673158995475,37.5996121007502],[127.16737839942161,37.597413702274096],[127.16359920089849,37.596420703455],[127.1598548046429,37.600891498984204],[127.1614158039885,37.6044264962142],[127.1654177012339,37.605073496768],[127.1675376001358,37.604132297834504],[127.1695172981561,37.6047618972049],[127.17369859955379,37.5990114993277],[127.1754172005395,37.5999538983633],[127.1738796012507,37.6008318001359],[127.17474440038589,37.6018489991187],[127.1778304002427,37.601624600055004],[127.176227200268,37.6017378004585],[127.1755215000569,37.6031355005509],[127.17410580072371,37.6030754000187],[127.1751256996314,37.6048574989516],[127.1783801015219,37.6038230987175],[127.1789143009877,37.6048250977155],[127.1831135011499,37.6029255963686],[127.1855318987315,37.6032417960524],[127.1866177976456,37.5996533996408],[127.18387129867841,37.597975799616],[127.1850674972496,37.5967236000243],[127.1845047985964,37.5946611989181],[127.1887514988695,37.5947664996625],[127.1886110990099,37.593213601215396],[127.1874819990126,37.5932534001638],[127.1891020989619,37.5928724993832],[127.18948250137069,37.594248998405895],[127.1914503005111,37.5949429992714],[127.1942463994083,37.593931499319],[127.1948050989715,37.5927375003669],[127.1938410979534,37.5921261999571],[127.20003799750981,37.590114291838205],[127.20388129487391,37.5879497938936],[127.21183019603839,37.5800623933666],[127.2184117923774,37.576766592743596],[127.2183010005384,37.577417499478706],[127.21948280068169,37.5768765991034],[127.2196506002709,37.5787378988702],[127.2220589009027,37.5796364001806],[127.2218275005174,37.580271702058695],[127.2205958993391,37.579739900863],[127.217576700011,37.580890500489105],[127.21597630161139,37.5838472975323],[127.2168121007756,37.584397596982],[127.218721801218,37.5835071973444],[127.21967370157431,37.5861315989655],[127.2222113004823,37.5865833984479],[127.2251349028641,37.5893335990934],[127.2231030017274,37.5891202008192],[127.2210804012786,37.5911359014436],[127.220811001548,37.592663199916295],[127.2219314995622,37.5932468017742],[127.21649220267271,37.5922165022072],[127.2144890005649,37.596468000879],[127.21312140193251,37.596803700543305],[127.2137627034092,37.6003116020367],[127.21209950087669,37.6050813007179],[127.2094004015521,37.6029061043566],[127.2065081044444,37.603340603922106],[127.2036928068771,37.607021500771204],[127.2036920021621,37.6125201015196],[127.2000288032955,37.611289402245596],[127.1960769998764,37.6156743015177],[127.1943742007369,37.6157929019066],[127.1961315982435,37.6156154977756],[127.2000287943463,37.6112894021017],[127.1959621984129,37.607100106291],[127.19190880246629,37.607832805558296],[127.19108200329309,37.6088602045309],[127.1906141004266,37.6127612005783],[127.187175200627,37.6119491014979],[127.18055370113301,37.6147728009214],[127.1799221017646,37.6163008993933],[127.1817548003406,37.6170939990277],[127.1838117994188,37.6198782013729],[127.1804798011549,37.6185764012231],[127.17981620062281,37.6199180016118],[127.1785042007522,37.6204870014521],[127.1778758001222,37.618704801788304],[127.17524039811721,37.6176107021483],[127.17734609938279,37.6177043995368],[127.1784536983621,37.615518298975495],[127.17813939867641,37.6131574013364],[127.1757152011006,37.613290201203604],[127.17399350121029,37.615620800349404],[127.1750496989252,37.616302000827694],[127.1727776995567,37.6151238010171],[127.171065700226,37.615705900747905],[127.1696000010925,37.6148664013147],[127.1685450021475,37.6173205988605],[127.1705511011194,37.619466600468805],[127.1679604024639,37.619658202969305],[127.16727170315261,37.622304500323],[127.1689072015171,37.6246925979349],[127.1713273010225,37.6244656996693],[127.17020940056061,37.626299601163105],[127.1694772007711,37.625576301875796],[127.166872303376,37.6264512010009],[127.1659236030987,37.62820150704],[127.16398809695299,37.625576302993196],[127.1608427000984,37.6282959002736],[127.1577404998702,37.6271763002512],[127.1585981990229,37.6270399995993],[127.15774899957489,37.6260201003318],[127.1557162007229,37.6260377003628],[127.1567537006393,37.6274275],[127.155735999987,37.6284644007197],[127.1543525999993,37.6268369008721],[127.1534455991961,37.6273106002402],[127.1539166990014,37.625200100115],[127.1531501997412,37.6243231002299],[127.15221600059239,37.6247677999549],[127.1524479002694,37.6260427007248],[127.15126629987131,37.6270921003781],[127.150110300523,37.6254603010688],[127.14984149929779,37.6265504009268],[127.1497948986778,37.6248510003465],[127.1462392000248,37.623244500472],[127.1423915968187,37.625338501567995],[127.1408850985475,37.620454104775106],[127.1379464014862,37.6182889069403],[127.1328776013098,37.620484004495395],[127.13236670060901,37.6218093032436],[127.1280862010793,37.618670404235],[127.1222612069043,37.6248326980727],[127.12842980205251,37.629071499027404],[127.1266256034177,37.632279498407],[127.12984800399799,37.6361793993396],[127.1300277016023,37.640752399773],[127.13153030038349,37.6408212009649],[127.1304261014877,37.6416225001636],[127.1317795001343,37.6424902992958],[127.1333416994976,37.6413442991929],[127.1325547006645,37.6433021991119],[127.1330650001542,37.644343898070204],[127.1370917978573,37.6439397988393],[127.138866897988,37.6382756033321],[127.1382252989217,37.637739399716004],[127.1401540994392,37.6368079989562],[127.1427530021984,37.6390860013848],[127.1422162001299,37.6412369001518],[127.1427529989069,37.6390860020018],[127.1405643010956,37.6387164023714],[127.14012380153609,37.6403502007376],[127.14115430119179,37.6439691974195],[127.1432454991006,37.643651697737],[127.14315530030521,37.6415497996291],[127.1443842990762,37.644195696983196],[127.1469509980004,37.64402079645],[127.14808409686731,37.6422499982208],[127.148518900104,37.6380766991926],[127.1494746023417,37.640608301659896],[127.1480841037322,37.642250000018194],[127.1481134041698,37.6462232974907],[127.1531151000506,37.6454395999501],[127.15128970308261,37.6499374977416],[127.15350880081739,37.6503521989038],[127.1523858009745,37.652186200029604],[127.1526772006831,37.6541561980596],[127.1539072008299,37.652911100926495],[127.1526771996708,37.654156201969],[127.1500420014706,37.6526713019875],[127.1468983033172,37.6568531992967],[127.1466047022751,37.6589212017196],[127.14379480127829,37.6600159006423],[127.1430667995618,37.6590931997075],[127.1437948003336,37.6600158990872],[127.14460369952471,37.659696299406804],[127.1449318991783,37.658020700482204],[127.14119729875691,37.6570781025833],[127.1382460966223,37.657429505903096],[127.1382495985268,37.6552370005576],[127.1359271977814,37.6515002034799],[127.13180150144309,37.653540301836905],[127.13015250158199,37.6535397018821],[127.1299468017877,37.6560328993889],[127.1309370998935,37.6562690003823],[127.1299468003608,37.6560329008244],[127.128457800671,37.6573234004436],[127.12599489940739,37.6564753008987],[127.12397659934531,37.6530280003935],[127.1237809988977,37.6517417006799],[127.1256201991662,37.6492158004528],[127.1242427996199,37.6481258008382],[127.1237146998664,37.6487537001781],[127.121397300769,37.647526201637405],[127.12120690095941,37.6490670000966],[127.1200436011999,37.6503102002085],[127.1183402005653,37.6503592008048],[127.118382500523,37.6521111990528],[127.12058320061959,37.6514942994943],[127.120160199961,37.6536771017277],[127.1188678997776,37.653570100283304],[127.1173969993238,37.6495808004588],[127.1152447009652,37.64979979977149],[127.115063699403,37.6510041007827],[127.1115867993814,37.650725400123896],[127.1114303997506,37.6498901990196],[127.11260919975089,37.6506413990238],[127.113254099106,37.650174399490794],[127.1126260996931,37.6487724998412],[127.1135924002183,37.6490849991046],[127.11407869973199,37.647656600533],[127.1108232995264,37.6463872014236],[127.1107658992701,37.644461099653704],[127.1086916013444,37.642577601537205],[127.1066639017097,37.644853400330604],[127.1053441981946,37.6447186019253],[127.1031298949343,37.6425518025412],[127.1038448954349,37.641932098778696],[127.103911795368,37.63769080302],[127.0972866019932,37.6334250072858],[127.0940393040249,37.6427761023169],[127.09450290356129,37.6456154994775],[127.0935817003509,37.6475599050329],[127.09358990034269,37.6522134003794],[127.09079410286489,37.6514456012355],[127.0936847023775,37.6546276017558],[127.0920480040142,37.657501698881696],[127.0958514002108,37.6594587969246],[127.0986467005735,37.6589727995375],[127.09785200093181,37.6592520000084],[127.09703020169431,37.661614900168594],[127.097751905693,37.662719504936604],[127.0970200036051,37.663575607390804],[127.09646340416171,37.6701797007867],[127.0944491048028,37.6737071054116],[127.0960096033407,37.679204400779604],[127.09245489917521,37.6843478029303],[127.08505870263531,37.6827929032679],[127.0825696019037,37.6858708011888],[127.0779110019293,37.6867627016655],[127.0758404025856,37.6905747001529],[127.0780344003483,37.6909525003563],[127.07294440347529,37.694519901403304],[127.0741313035268,37.700227001217996],[127.0722018024821,37.701476901143906],[127.0689226030283,37.7062304064381],[127.0644511010389,37.706344209038996],[127.0608438046462,37.7130400023432],[127.0612392042508,37.7158229995602],[127.06109409950301,37.714381800629795],[127.057371103226,37.712108802902804],[127.0518277037512,37.714518600717696],[127.0522593033196,37.7176195976167],[127.0568577987211,37.719717195519095],[127.0590381017643,37.7218459987804],[127.06074630005611,37.7211360994903],[127.0592570014638,37.7219329005885],[127.0594144004477,37.7238251993521],[127.0598627003529,37.723316599858194],[127.06041500046841,37.723837699887994],[127.0593884005394,37.724449299980705],[127.06076469978699,37.7262317989548],[127.06132860005229,37.7249565996748],[127.0612249008026,37.725903199579996],[127.0630946009134,37.7265996992141],[127.0612301002841,37.7261683005424],[127.0615830004139,37.7281175003974],[127.06025800056021,37.7269693011536],[127.0593214011281,37.727587500837],[127.0595296009199,37.7288402995842],[127.0604173009195,37.729055800552196],[127.058617400541,37.7300519004715],[127.05791190025559,37.7316420009016],[127.0568150003576,37.731646600904696],[127.0568058003668,37.7328787996725],[127.0583538999899,37.7338319994849],[127.0584408000836,37.733329099592396],[127.05838780041181,37.7346698994506],[127.0590791018178,37.7344253999046],[127.0605513006823,37.735754700108004],[127.05775130193331,37.7388795013573],[127.0587305000557,37.7412614999435],[127.0601315012413,37.742158200252],[127.0598440001306,37.7449502999887],[127.0604093000876,37.7456677000598],[127.0592473007267,37.7467396000482],[127.0596001006861,37.7472404002402],[127.05771490000029,37.747980200059004],[127.05818239853191,37.7464586993675],[127.0576167990975,37.744983200843],[127.0567893998188,37.7451165006357],[127.0540100000895,37.7466060001745],[127.0523920001771,37.7460099008985],[127.04878289983061,37.748496900391],[127.04776770013689,37.748500100570205],[127.0467370000719,37.747002100631704],[127.0465692007179,37.749277400157894],[127.0439866997328,37.7498776005268],[127.04509749920099,37.7485095003268],[127.0440451000985,37.7478947009019],[127.0436183996292,37.7490600009238],[127.042715499857,37.7490230009533],[127.04132849932911,37.746829500171195],[127.039861800555,37.7467854004257],[127.0392383004798,37.747993500888796],[127.03986179923899,37.746785401067],[127.034495799962,37.7476226007519],[127.0339052995565,37.7466107004853],[127.0310660998105,37.7460831004181],[127.0309835994984,37.7446423004739],[127.0291149994176,37.7420363000418],[127.030075497806,37.7391911991746],[127.0295425968548,37.7376134989422],[127.0305673007728,37.736518797548996],[127.0299007011743,37.737325899409704],[127.03179999927501,37.7382524984831],[127.032505998569,37.7363837003519],[127.03216469924469,37.7342392991822],[127.03331729873669,37.7342048989963],[127.03360909926161,37.732939599077305],[127.0347535993459,37.7324914994644],[127.0337423980652,37.7278203022153],[127.0323347970002,37.7275999003896],[127.0337438982325,37.7224646960163],[127.03585710036761,37.7231393976745],[127.0389715000728,37.7227423989519],[127.0418969981693,37.7183549011595],[127.0375166994826,37.716466199854],[127.0385074995407,37.7167279992223],[127.04020079843589,37.7156123994463],[127.03857860008449,37.7133263008312],[127.0363044006949,37.7132829030373],[127.0356602981975,37.7159961012943],[127.0336393969261,37.708826699862605],[127.031579295769,37.7073931000363],[127.0328224977,37.7030222005126],[127.02909889714529,37.6990683009966],[127.0303199936146,37.6937451980611],[127.0272261967084,37.688757003049304],[127.0235951970859,37.688552200207],[127.02692929415541,37.6851189009279],[127.0291199952415,37.6792832961922],[127.0280212963402,37.676585698889795],[127.0298361994663,37.677062296847105],[127.03160799795121,37.6744234992423],[127.0308672981853,37.670749799331006],[127.0288021981049,37.669226700768604],[127.0305320980278,37.6675503004449],[127.0305153980445,37.6653940026012],[127.0294087991511,37.6646591033361],[127.0274225998283,37.6651127024202],[127.0259069986263,37.6612453009072],[127.0233999981232,37.6617400009443],[127.0221337996511,37.660255300293606],[127.0216244974785,37.657277800625],[127.019720899018,37.6562880997896],[127.0208894984481,37.652603901362305],[127.0188299005077,37.6511537028125],[127.0165828005962,37.6548883003674],[127.01681330053779,37.656898899969704],[127.0158804007179,37.6567695005605],[127.0157720005743,37.6584647999052],[127.01474070045231,37.6581615008054],[127.0138007005789,37.6597630004121],[127.0131894013337,37.6619312993236],[127.0148723020114,37.661850300413796],[127.01194060605211,37.6644360016514],[127.0097894996228,37.6629388002652],[127.01059669958279,37.6626708000342],[127.00990790010741,37.6621216996265],[127.0105966997795,37.6626707991518],[127.0110447999831,37.6619945992255],[127.0124197995747,37.6621571997437],[127.0137428996257,37.6600582002539],[127.0106487982074,37.6587047023098],[127.01025199827109,37.6492359000606],[127.0089815996206,37.6472639006254],[127.0084597993145,37.6475137003265],[127.0096908995927,37.6461301001826],[127.0089427994719,37.645585100037096],[127.00976849944631,37.6452034001147],[127.00920579975471,37.6445848006184],[127.0086598998015,37.6449891005544],[127.00828199965909,37.644010899942295],[127.0091925995537,37.6412830007211],[127.0078885989827,37.6409812013939],[127.00604769717489,37.638034703971],[127.0069274993783,37.6378916998035],[127.0069089993968,37.6364886012066],[127.0052778987736,37.6360420992974],[127.0088548994977,37.631948897074096],[127.0098938984587,37.628120600902406],[127.0081908972402,37.6272587001143],[127.0072901967601,37.6241576998491],[127.004511299539,37.6219697020371],[127.0027512002425,37.623448001850804],[126.99901559587741,37.6202497001697],[126.9952432996497,37.62017320024621],[126.9975208964905,37.61382159867],[127.0002390988716,37.610493299573],[126.99822690088381,37.609185400880904],[126.99613289872771,37.609684299575996],[126.99817259890041,37.6064150999404],[126.9982466999664,37.60420299973],[126.9999597008192,37.606068198117306],[127.001185899593,37.605605498580005],[127.0023929983859,37.6044077997777],[127.0036126971662,37.600301803883696],[127.0021004986784,37.5994819047036],[126.99820670257219,37.6008327033528],[126.9974115000273,37.602274502754],[126.9943576993181,37.6003466028909],[126.9911903988363,37.6015249022311],[126.98427979887819,37.596476500905105],[126.98562479805129,37.5942809015659],[126.985408396871,37.5921530012789],[126.9834042988751,37.5903590030729],[126.9811643998023,37.5927351027438],[126.9759347978015,37.5919704010962],[126.97458519915111,37.5905088025578],[126.96985740387889,37.5909129021537],[126.965687900226,37.592963500425505],[126.9673082988322,37.5921584002037],[126.96574869935361,37.5908679003177],[126.9660884988292,37.5885288006634],[126.9611550002016,37.5840366026036],[126.9598920996702,37.5849029012275],[126.9559360021032,37.590900799288],[126.9561626019799,37.5915648008608],[126.9512213006596,37.594669400286904],[126.9525595003186,37.5964222005197],[126.9519743999236,37.5960656008615],[126.951682200303,37.5985588007968],[126.9507066004725,37.5988699008157],[126.9506735004875,37.5997253007138],[126.9493992010652,37.599714200579704],[126.94916650005881,37.601118300624506],[126.9485453995312,37.6013037009791],[126.9474794999081,37.5995790018659],[126.94419599880621,37.6010937037562],[126.9412374999656,37.5989707025209],[126.94020740079951,37.6017986997914],[126.9403912011409,37.602894900097105],[126.9415643014379,37.6036167012332],[126.94039120001469,37.602894902161104],[126.9376256027803,37.6043698006862],[126.9422437036243,37.611614899005296],[126.93978680045629,37.6132757033982],[126.9367567007075,37.6130756020872],[126.9358486016156,37.6143195008433],[126.9369058009769,37.615554999725],[126.9353337006355,37.6172728006254],[126.9367586047869,37.6201318985663],[126.93606300118661,37.6230087033351],[126.9316564001896,37.6241207016842],[126.9305060005984,37.6258117003825],[126.9281574999833,37.627111300112205],[126.9247984002918,37.6262725008936],[126.9226644010725,37.627500300605504],[126.9218845018524,37.6309552971505],[126.92607720111499,37.6314871963637],[126.9283846005595,37.6336597997961],[126.92835100012091,37.6348764006768],[126.9270566014153,37.6352654002878],[126.9270786005877,37.6362482010597],[126.9253705012224,37.635972000392606],[126.9258818007111,37.6386001977644],[126.92777379989249,37.6378623994455],[126.92775070212791,37.6383675005058],[126.9271026013174,37.6394590016074],[126.92534330135,37.639788804409],[126.92320800054401,37.6380456029648],[126.9213858023662,37.640814600195796],[126.92373570090669,37.6428704009564],[126.9234464000631,37.6434654005052],[126.9230507990898,37.642614701114404],[126.9216289005117,37.6430270007021],[126.9214782999821,37.644523600492],[126.9204446004535,37.6438753006279],[126.9188285010264,37.645045200126695],[126.91934070051421,37.6462579989139],[126.92041380076651,37.6464250990352],[126.9192944007166,37.646358601261696],[126.91871570086211,37.651251300818],[126.91589540079019,37.651959601197596],[126.9152608014248,37.6530851000721],[126.9126827972483,37.653458705404],[126.9135054981957,37.6522018000028],[126.9134440982571,37.6503205018841],[126.91029589897269,37.6514006005777],[126.91344409846931,37.6503204983442],[126.91399629853329,37.6486129997167],[126.9113775002861,37.6466522014308],[126.9099638990101,37.6473988993004],[126.9112536988061,37.646546899620695],[126.91128649983351,37.6448238997949],[126.91470099596569,37.642954797925995],[126.9149082957584,37.6391517017291],[126.91083059739249,37.635798998152],[126.9113856978878,37.633221495893196],[126.9127508000751,37.6343318985675],[126.9155487996685,37.6339487969191],[126.9180512987278,37.6324799973753],[126.9192716983476,37.628696599989595],[126.9178394997798,37.6275258011604],[126.9171465998044,37.628068500697196],[126.9163005969859,37.627588799326695],[126.915725497561,37.6242617026538],[126.9123272990966,37.6243525020975],[126.9116640992669,37.6226416012812],[126.9108386000924,37.622452701470095],[126.9099601971768,37.6238872009477],[126.9110722996638,37.6167448002128],[126.9079241994474,37.6163752000714],[126.9070096993007,37.6134786999111],[126.9093646994645,37.611191999937205],[126.90871419922921,37.610161999074606],[126.9100300998505,37.6111832993786],[126.9101771990331,37.609206300676696],[126.9087975999741,37.6076917991845],[126.9128742992402,37.6045020999442],[126.9124131993715,37.6034247001019],[126.9096501995006,37.6020244000134],[126.9096078996194,37.6009882003662],[126.9088193999542,37.601010200496496],[126.9079687998239,37.59936360060129],[126.90724979970071,37.599479499874],[126.90831569975741,37.59882379989],[126.9080767995212,37.59696689976],[126.90880439956089,37.5964956997885],[126.9093124996004,37.5936501005207],[126.9075047994959,37.593347399902996],[126.9086836992267,37.5930537992879],[126.90729289895211,37.5904818000896],[126.910159799107,37.5898730993928],[126.9096940996926,37.588230199844396],[126.9104343990693,37.587063200718504],[126.9060989994172,37.586973200197804],[126.9054554995173,37.5842931998545],[126.9064057990232,37.5817715001154],[126.9053759000531,37.580806601080305],[126.9006392003705,37.5797929006172],[126.9002813003805,37.5807312998666],[126.9011197004368,37.5812986999526],[126.9002246990181,37.582334100790696],[126.89987319936961,37.581382801742],[126.8978825001811,37.580749401577805],[126.8969113994164,37.5784443015745],[126.8938522008703,37.5801576009486],[126.893138099071,37.577918100605395],[126.89388640003,37.576233599648],[126.8996376995372,37.574882598966205],[126.8992969998779,37.5730820007668],[126.89836269956321,37.5727507998292],[126.9012655985342,37.5716972995701],[126.90140659839321,37.5703305009369],[126.9002455994849,37.569275700282],[126.8995566994684,37.569520700488],[126.8967957992853,37.5663423008385],[126.8998501993098,37.5652324988275],[126.90030279885721,37.5638595002005],[126.89878739946231,37.5622162997451],[126.8990908997726,37.5611531004104],[126.8969718007222,37.5616684000463],[126.89752279990141,37.5622917005957],[126.89697180010481,37.561668400857705],[126.8957455987301,37.5620557998074],[126.8959179999403,37.560870199264194],[126.8966748001267,37.5617574998591],[126.8995955001626,37.5604455992806],[126.902651599409,37.560659299475894],[126.90304779909239,37.5583883001854],[126.90100029941651,37.5547250998516],[126.9008802990635,37.5529279002131],[126.90280369876551,37.551467698997],[126.90193619927079,37.5504200998692],[126.9023901968803,37.549694294645796],[126.9040745003307,37.5499227984888],[126.907579099684,37.546494699881094],[126.9037013034173,37.5429679034095],[126.9013407001304,37.5428735007371],[126.9017224991497,37.542081800792495],[126.9006024990514,37.5405379005926],[126.899142399629,37.5408953007381],[126.8975782998954,37.5400456019584],[126.8947534006872,37.5416883014496],[126.8943500987554,37.5407153006104],[126.8950374990323,37.539362700998495],[126.893779399046,37.5400099009537],[126.8932241993309,37.5393105013032],[126.891729899249,37.5395813013186],[126.890948499495,37.5385445998945],[126.8914216999026,37.539245299820095],[126.8926706987825,37.538631900465596],[126.8909747998018,37.5373708000933],[126.8937300983527,37.5352115002512],[126.8928501988342,37.534140800666],[126.8934667989106,37.5327458005633],[126.8923295995493,37.531265401168504],[126.8911782995798,37.5315212007303],[126.8905088996608,37.5303826003829],[126.88940949912539,37.5306126000497],[126.89040799927449,37.5301039999514],[126.8909982987177,37.5282709014141],[126.8841101986113,37.526521800115894],[126.883310899911,37.5260622999826],[126.88389029933161,37.525161900883],[126.8827901003325,37.524809201225],[126.8824645977283,37.525790701405505],[126.8808288993017,37.5239219032309],[126.87855710157349,37.525843101309704],[126.8789197001141,37.5269379016435],[126.87697920083009,37.5275077012674],[126.8764237013856,37.5285408002343],[126.87755280105651,37.5291004005961],[126.8769810005436,37.531100000926],[126.8727132999197,37.5298525001093],[126.8727694996943,37.5288471002638],[126.8703765994013,37.528394400688605],[126.8700100997409,37.5268004000257],[126.8680737003523,37.5263592006838],[126.86747420040551,37.5296329002318],[126.8660754004644,37.5297496004965],[126.8639294999391,37.5315466008389],[126.86215269905419,37.529206300297],[126.8606332999426,37.5292277003065],[126.85925010064389,37.5280919009434],[126.85711750131141,37.5287654005107],[126.8563484005049,37.5280559010158],[126.8536694994846,37.5283413002678],[126.852303200086,37.5274688004832],[126.8504666996755,37.5239561999324],[126.8516193995673,37.5242207993492],[126.852395399306,37.5227579998444],[126.85382969970101,37.5226985995077],[126.8561063996988,37.5209282986527],[126.8582785999116,37.5217241994438],[126.8583754014062,37.5211891001606],[126.8604470002055,37.5242170987874],[126.8615678994929,37.5226678993751],[126.865053600214,37.5224599992025],[126.8661404008569,37.5210806983424],[126.8655746014189,37.5222063995021],[126.8676185995804,37.524442798143504],[126.86923709863481,37.523438398680504],[126.868921699697,37.5220670993396],[126.8694040998524,37.5234137986615],[126.8696313996212,37.521244400054],[126.8717375997904,37.5189712996053],[126.8762377998669,37.5191551992235],[126.8793639019915,37.5214089988704],[126.8817089997748,37.5213465989574],[126.8836082985468,37.5207221995511],[126.883556098599,37.5198620004113],[126.8821014994685,37.5200763997039],[126.88355609869701,37.519861999248604],[126.8831257989508,37.518125398461706],[126.88544999976091,37.5177492985967],[126.88565750088479,37.5185945989839],[126.88674959979271,37.5184293991491],[126.8885865988816,37.5167423995596],[126.88864579966571,37.5136727000123],[126.88777689985801,37.512599898781296],[126.8917138989478,37.5132092989538],[126.8913709996672,37.510922699432],[126.8923918000041,37.5113798992995],[126.8944396994824,37.5105614993721],[126.8959520992552,37.5111685990033],[126.8961749992802,37.509686700121705],[126.8934365004856,37.508068901864696],[126.8923285006303,37.509672700272404],[126.89161059942761,37.509523200831495],[126.89195339942161,37.508590600255495],[126.8901955986142,37.5077287994753],[126.8900334994642,37.5055354009672],[126.8883624990031,37.5061472007645],[126.88814239979911,37.504542299635894],[126.88926549887299,37.5043901988381],[126.88911139932151,37.500699601414],[126.8882149990704,37.500336601168996],[126.887700699835,37.4985255998797],[126.88844089986621,37.498047999798295],[126.8882301999431,37.497107400516],[126.8868532984599,37.4969298993392],[126.8874177993108,37.4952403002973],[126.885648599545,37.493930300185],[126.8856435998906,37.4919066012084],[126.8840843014499,37.4922226008924],[126.8839545006343,37.493445800296406],[126.883297599471,37.4933538005967],[126.8802275974616,37.490899999625],[126.8803029990996,37.4882009994156],[126.8794452997317,37.4874426996786],[126.88034719937001,37.4876321996871],[126.8804934992237,37.487025300294],[126.878266798875,37.486308999482695],[126.8770501994287,37.4847435007449],[126.8775643984367,37.4828573002902],[126.8757014998787,37.4824645005671],[126.8744582994327,37.4788801003821],[126.8726216012694,37.4776875015747],[126.86885670174729,37.477759603448],[126.8677311999159,37.4809568033968],[126.8673308975836,37.477616601177495],[126.8643350002299,37.4781123006726],[126.8642067996321,37.4787754005226],[126.8605655999549,37.477657900581995],[126.85849970038839,37.4798461008624],[126.8586227017281,37.4807845038694],[126.85558090002591,37.4829311009453],[126.854716400029,37.4819191009489],[126.8532862996472,37.482207200245696],[126.85212199986259,37.480711400731295],[126.8517039002931,37.4813033010086],[126.85066159949609,37.4811422002848],[126.85069029901959,37.480489500553794],[126.8496149996593,37.4807962000973]]],[[[127.090707099095,37.337603898976596],[127.09326329915271,37.3358250996134],[127.0969721003473,37.3355752995483],[127.09776169955771,37.3346691004545],[127.09672739983331,37.3341100002779],[127.0967391997367,37.333153599525005],[127.0977455989771,37.333171999570595],[127.0991555001025,37.3311376997152],[127.1028737003956,37.3292643990196],[127.10284880075541,37.3309082994706],[127.1060364001844,37.3309188997086],[127.10579410016099,37.3316644996395],[127.10695940057549,37.3319725995787],[127.1077921997427,37.333484998066304],[127.1094686001592,37.333052598796606],[127.1099380006259,37.334189598517],[127.1117812994553,37.334173499733],[127.1117945000133,37.333036899178104],[127.1117813004047,37.3341734997996],[127.1125606001289,37.3341339000134],[127.1105219004278,37.3342413003135],[127.1106918006039,37.3356591993221],[127.11503380086211,37.335219499297104],[127.11481110067639,37.337024500054795],[127.11537940055959,37.339079999382],[127.1160914008173,37.3392061003009],[127.1145640000052,37.339565100246],[127.1160913995508,37.3392060998951],[127.114683200043,37.338062500397896],[127.11440829983229,37.3387714000999],[127.1141511995946,37.337480300931304],[127.11286970046001,37.3380627003607],[127.1113039008643,37.3415537011866],[127.1098019012494,37.342512400591694],[127.109937601055,37.3435590998547],[127.1120594997298,37.343829999453796],[127.1160988000228,37.3419392987617],[127.11471080013959,37.3432885000871],[127.11593399891639,37.3446767986988],[127.1160844003014,37.343245499710704],[127.1160718004185,37.345168399455396],[127.1200212031291,37.3464562980873],[127.120794903524,37.348537799411105],[127.1199562016348,37.353350200727],[127.121228700249,37.35476040233301],[127.1145154001907,37.353382701428295],[127.1139958005757,37.3547788014428],[127.1116373004083,37.3555750004567],[127.111123000448,37.3578933986169],[127.1139147996091,37.357998798728396],[127.1144070001763,37.3592529982889],[127.1167771002754,37.359635798936196],[127.11632370051359,37.3602820995011],[127.117504199804,37.361560099277],[127.1178698004656,37.360747599796206],[127.1175042009077,37.3615601000365],[127.1185610007154,37.3618200992969],[127.1180609013906,37.3627512997665],[127.11903310089319,37.363447699524905],[127.1177639007732,37.3654071005719],[127.11844870008841,37.366162599816406],[127.1206443003052,37.3667703991946],[127.1214026000429,37.3661618994363],[127.1213603998874,37.3668300996675],[127.1239284007563,37.367143200356004],[127.1241912002085,37.3679796003852],[127.1230768997841,37.367971400417204],[127.123515699388,37.367512600338095],[127.12232850001749,37.3668997009084],[127.1211517005782,37.3685283997538],[127.12312440014199,37.368606899881605],[127.1243836004031,37.3700048998939],[127.1235798004809,37.369256200838905],[127.1236076003644,37.3704910010379],[127.121678700421,37.3718652002819],[127.1219783005453,37.373721099680395],[127.12093340058169,37.3747564997827],[127.1221203012213,37.3753276998019],[127.120545800706,37.376126699696],[127.12107450183201,37.376968401769005],[127.1196437013782,37.3789735988191],[127.1222551008836,37.3800455001246],[127.12174640147151,37.3824814000924],[127.1231466000713,37.3841166984571],[127.1239045003659,37.383428699355505],[127.1235134000705,37.3843791998109],[127.1249955004223,37.3842788995564],[127.1263484994775,37.3858753984788],[127.1271747011767,37.385798899437795],[127.1304011002174,37.3935031994421],[127.13289259954941,37.3914897993294],[127.1335042005487,37.3917911002727],[127.13212420098341,37.3930145009716],[127.1326029005047,37.3942118997742],[127.13187880088509,37.3942046003482],[127.1329786997852,37.3951841993686],[127.1332751003997,37.3945731007361],[127.1315023010469,37.3972934002918],[127.13265919989,37.3987307988544],[127.1339662995609,37.3974103997221],[127.1343398007009,37.397960099418896],[127.1310230031275,37.400348899891],[127.1296861013427,37.402290301086694],[127.12902249959801,37.4013713006812],[127.1285725999581,37.4024785002363],[127.1284153994569,37.3993385007946],[127.1266913999979,37.400963200445396],[127.12541309999891,37.3996612012394],[127.1235758018362,37.3996610012396],[127.1237066007403,37.4012200011158],[127.1228787991338,37.4010769004762],[127.1235797997175,37.4010799998701],[127.1231963995967,37.3992973007152],[127.1217595010336,37.399303500709],[127.12162990028071,37.400550200352995],[127.1215128997258,37.3998603004365],[127.1197423007857,37.399836500324],[127.11875600108931,37.4039127998956],[127.1208537997749,37.4042023996202],[127.1205494001408,37.404734299683504],[127.1215274005015,37.4047298995537],[127.1215366002601,37.4055636004895],[127.12117980036909,37.4064877009644],[127.11934480048319,37.405955200110604],[127.11816680021529,37.408207100393696],[127.1149195001539,37.4083798005655],[127.1147963999875,37.4090615002839],[127.114988499302,37.4075486011588],[127.1128870986357,37.4062525011811],[127.106573697657,37.4071510022354],[127.1064626984723,37.403966901428504],[127.103997800461,37.4034260006672],[127.1037247998645,37.405589902712],[127.1024425989921,37.4064851023906],[127.10002489932059,37.406438101246806],[127.1003140994424,37.4051553010276],[127.09933649891211,37.4057224009945],[127.0996988986334,37.404471900796],[127.0990215987544,37.403718999595704],[127.1013613979769,37.3991934994061],[127.0994621998761,37.3974361011635],[127.0986012016053,37.4004177001506],[127.09726790040311,37.4006423009395],[127.0963222994789,37.3982312011757],[127.0979974989244,37.39637169832881],[127.0981966997337,37.3947425991834],[127.100417799336,37.3938935999987],[127.099761499989,37.392713399201696],[127.1006042009168,37.392876199713804],[127.0999242016251,37.3959867003594],[127.101347300255,37.3966808001232],[127.0999242002015,37.3959867012865],[127.09946220066351,37.3974360998371],[127.10332459905929,37.3978419986658],[127.1042811988208,37.3957435000492],[127.105889999472,37.3948992997314],[127.1046313000788,37.39375480072891],[127.10201470001489,37.3950738003692],[127.1026199991739,37.3929810992013],[127.1013792996371,37.3885996002015],[127.0994880002411,37.388175200536],[127.0992915000114,37.389732200317496],[127.0991067994965,37.3884785003785],[127.09720659910761,37.388412200353095],[127.0975834999108,37.3875373999548],[127.0984576992941,37.388109799287804],[127.10010530050509,37.3865500988404],[127.1019215986888,37.386315599074905],[127.102504499943,37.3849615982897],[127.1063706970338,37.3834350979084],[127.1062781988377,37.379276799496],[127.10587479924109,37.377880800892],[127.1051205996759,37.3780937991838],[127.1057174992162,37.3758836013882],[127.10406809768871,37.3724182992456],[127.1058184975406,37.370079999267],[127.10413059892561,37.3683025010422],[127.1053020985625,37.3649670002076],[127.1042371996274,37.3637169014577],[127.10160570128569,37.3637409014346],[127.10141530024259,37.3684051011304],[127.0983125990531,37.364642401227904],[127.096292198738,37.3634805003162],[127.0970925008143,37.3618020941542],[127.1016010990154,37.362156396471306],[127.10267570056061,37.363756598015605],[127.1042371989991,37.3637168980553],[127.1048523985844,37.3632808984528],[127.10464219879461,37.3605171012166],[127.101396699256,37.357506301055295],[127.1017220992622,37.3542228030971],[127.0993892985175,37.353480902475404],[127.0981198968027,37.3498226048327],[127.0930121977114,37.3493268029417],[127.0972269958971,37.345613800723704],[127.095088098036,37.344193102144395],[127.0928896983197,37.345172101627796],[127.0935024989908,37.3432681997675],[127.0926546993606,37.342681499704796],[127.0927908993899,37.340828101470905],[127.090707099095,37.337603898976596]]],[[[127.074173598503,37.3096190999346],[127.0760352993453,37.3090175002827],[127.0756057000048,37.308141299610405],[127.078002200826,37.3094820987506],[127.07747380049351,37.309285900447996],[127.07737450059281,37.31081789891601],[127.080011799617,37.311233998911696],[127.0801221995148,37.3099829997899],[127.0808141992195,37.3098848995424],[127.0802969997428,37.309132300095705],[127.0816081995117,37.3090710995858],[127.0815711000141,37.307978599657396],[127.0832953004091,37.3105935000681],[127.08276810093629,37.3113619992996],[127.08487840004709,37.312684398368],[127.085594300211,37.314073899716895],[127.0874384002998,37.3133626997638],[127.0873750002953,37.315163400001204],[127.08642429984751,37.314603400704705],[127.0852794007296,37.315617499816604],[127.0848768014293,37.3170400001522],[127.08585700044911,37.318034899157304],[127.0867631006256,37.317676999286505],[127.0882180004924,37.3187966992578],[127.0898373992834,37.3183001996733],[127.08914619973851,37.317768200079406],[127.0900687000927,37.317363199289304],[127.09138470012711,37.319204399263796],[127.0925109993816,37.3192933991363],[127.0936532996549,37.3174083986755],[127.09490389935871,37.317065499306295],[127.09616869942161,37.3186097986152],[127.0974761997824,37.3177231991584],[127.09742409978409,37.3168087991383],[127.098304700008,37.3169531987978],[127.0980955005284,37.317900199144695],[127.0990342998713,37.3176356994966],[127.099061301299,37.3186762997023],[127.10020020112191,37.3187815001928],[127.1019900002293,37.320495799023405],[127.1025044016157,37.319760599842304],[127.1048060002193,37.3217831979808],[127.106202901973,37.3207266002737],[127.1055064008304,37.3217719994046],[127.1060413009135,37.323407199731896],[127.1071695005127,37.3240034001006],[127.1065272006274,37.325317999371904],[127.10713970022431,37.3256412997678],[127.10880919889709,37.3254604999374],[127.10838489951341,37.3234339007416],[127.1076693997867,37.324007299459396],[127.1084433001307,37.322687699736],[127.1087125999981,37.3233818990656],[127.1109461998403,37.323614298701706],[127.1109275007645,37.322314999542805],[127.1110013020631,37.3237291986035],[127.11215420099471,37.324403299988],[127.11032850073029,37.3248270009058],[127.11070700097521,37.326675899647796],[127.1116761006346,37.3272009000688],[127.10924440055679,37.326380100440204],[127.1087904008224,37.327310400350804],[127.1078663006008,37.3272378003727],[127.10906059992551,37.3283540004813],[127.10786629954019,37.3272378010424],[127.1070940998614,37.3283469009705],[127.10713969975531,37.325641300106],[127.1057344993424,37.325052800037604],[127.10605189902499,37.3241165009739],[127.10458680024891,37.3239890010252],[127.1038874004189,37.326467900548295],[127.1042046994297,37.3249929002465],[127.1029135005009,37.3245146002914],[127.10237020050289,37.327761700452406],[127.1005196988801,37.3277409008194],[127.09925239956459,37.3263088022025],[127.097028899688,37.3259121012523],[127.0959410007759,37.3268688002956],[127.0967052021118,37.327962300549004],[127.0955783991417,37.3289150009846],[127.09444960027051,37.327968101931496],[127.09369579959201,37.3284114009817],[127.0925358989189,37.326443900206904],[127.0896804010771,37.3271879000557],[127.0908558999016,37.327868199375395],[127.0911813001609,37.3273716999744],[127.091248600034,37.328103200556804],[127.0883850998131,37.3271943019755],[127.08744629841449,37.326147399155104],[127.0888731993806,37.325498998532],[127.0896145989557,37.323365800281195],[127.0883934999675,37.3229157007057],[127.0879253995399,37.323729300386894],[127.08697389995861,37.323140100458005],[127.0874822994199,37.320663000158206],[127.0863814996839,37.3208373002825],[127.0861948995869,37.3199058999961],[127.0879210992743,37.3191389999617],[127.0861102993188,37.3186483003511],[127.0848768006709,37.3170400011278],[127.0837941997227,37.3193363010636],[127.0830471993953,37.3191449002371],[127.0827890990138,37.3174912013558],[127.08159000021291,37.317088001759],[127.0796334975912,37.3183728010157],[127.07877699941831,37.3169691009045],[127.0780496999234,37.3173469005675],[127.0771648006813,37.3162594011248],[127.0761716000453,37.3176616001592],[127.0739453996594,37.3165178006718],[127.0745203991269,37.3134399002875],[127.0735993995565,37.3134853997368],[127.0749113990113,37.3120803998661],[127.0737756989009,37.3114617980919],[127.07537459884661,37.3117252988564],[127.074173598503,37.3096190999346]]],[[[127.1199118977446,37.4126416009487],[127.12019619955639,37.411142299641405],[127.1215950987468,37.4116078991994],[127.12275939758251,37.4099011009062],[127.12107779973549,37.408594299952796],[127.1227624993295,37.409221599022004],[127.124716298336,37.408104900049196],[127.1243155992822,37.4071121988663],[127.12853490013791,37.4048947977991],[127.1353715002802,37.4085573000009],[127.1338801005636,37.4085525002687],[127.13387110057259,37.4094479993732],[127.13595860019889,37.4096589993385],[127.1358488004776,37.4122080999679],[127.13645030088881,37.413321699512],[127.13742840053361,37.4132276999251],[127.1363371008553,37.4145658005573],[127.1350231005119,37.4145921007935],[127.1354367001898,37.4158987004223],[127.1339288013081,37.416787901915406],[127.1310893003883,37.4168928018817],[127.1306428008362,37.419083599983],[127.1291543014753,37.4191008003829],[127.12891760059959,37.42006860115],[127.1273346996097,37.4197816008938],[127.123576800097,37.4167270007436],[127.12351909945879,37.415639600896796],[127.1202833991629,37.4142053007019],[127.1199118977446,37.4126416009487]]],[[[127.1638197990401,37.650015599965805],[127.16642439962429,37.649962099557904],[127.1681652000498,37.6481506999435],[127.168366199951,37.649076800624],[127.1675723003086,37.6484114001655],[127.1664244013039,37.649962099088604],[127.16768680063039,37.653047696653104],[127.16988619843099,37.6527651969356],[127.1714690968481,37.651451698249105],[127.1708299995041,37.648645099777504],[127.17453820038921,37.6470576968271],[127.17782439864611,37.647388794178305],[127.18090910023939,37.6495242939227],[127.1817568021725,37.6493548974529],[127.18634329789751,37.6475724994511],[127.18515169866811,37.6436789949777],[127.1870785022564,37.6476324981182],[127.18986130083191,37.649512299404996],[127.1901046024715,37.6511792029371],[127.1878973977897,37.651835004999896],[127.18465980094551,37.6553102014961],[127.1842009008509,37.6575568004113],[127.1828237005487,37.6574674005302],[127.1827467003626,37.65837690052],[127.181714800008,37.656770101049105],[127.1810632006596,37.6572807005385],[127.1820141004919,37.6584620002915],[127.1787979001716,37.658540100519204],[127.1779483010212,37.658953000106294],[127.1791439002561,37.6594775998768],[127.1783344003866,37.6602069004092],[127.1773220000699,37.658322700970096],[127.17591549999631,37.6577835012001],[127.1751675000093,37.6586112007084],[127.1747362999873,37.657635000559],[127.1719384977592,37.658878000122805],[127.170064399953,37.6540790012926],[127.16785039746121,37.6555216006049],[127.1664243985784,37.6499621012576],[127.1638197990401,37.650015599965805]]],[[[127.4867806955278,37.492041696419705],[127.4909404987242,37.4868805956432],[127.49427749969419,37.4856351992956],[127.4962684989755,37.486379099014],[127.49601599922799,37.4855229998701],[127.4971692003398,37.485020898589205],[127.498913200725,37.4858264992311],[127.5002759002969,37.4878705994327],[127.50134360027519,37.4877632994043],[127.50008430018269,37.4879556001157],[127.49995040047091,37.489100799900605],[127.5008756001469,37.490308898892],[127.5024119003394,37.490699799973605],[127.5015613009932,37.490758300516006],[127.501191900778,37.4923645005048],[127.50204400054079,37.493319500114],[127.5018145001046,37.4944772001123],[127.501111400532,37.4941531005233],[127.4997180016035,37.4966547002085],[127.4976757007319,37.4976196009741],[127.4975062002968,37.498461300216306],[127.49720829967839,37.4975903007146],[127.4950260991686,37.4984317036594],[127.493918798398,37.497504303370505],[127.49095220136459,37.4969281039467],[127.4898987978231,37.4976444055714],[127.4873550997822,37.496097600677],[127.4857921998456,37.4961998002075],[127.48622399934331,37.4955386001289],[127.4855557996181,37.4946769002262],[127.4863272991939,37.4938350996471],[127.48587769964351,37.492873200609],[127.4853844950994,37.493410896185],[127.4867806955278,37.492041696419705]]],[[[127.1061059982458,37.6626986972057],[127.1127792963452,37.6626370970165],[127.1154154992123,37.657885699722804],[127.1187954976309,37.6585963987252],[127.1196592006932,37.657184299139196],[127.1225373997007,37.657810899530205],[127.1250610003585,37.6590788994671],[127.122808001039,37.662136100006094],[127.1266007008315,37.6633419996985],[127.125456801429,37.6668272007558],[127.1272573015824,37.6678051011382],[127.1224579056985,37.6699877007048],[127.1197746101308,37.6750586023064],[127.11779969755881,37.675032004021205],[127.11291200105819,37.6774773022609],[127.1120977989712,37.6771763997432],[127.1124467987726,37.6746974017587],[127.10874770247169,37.6723322041239],[127.1068860963499,37.6730668967869],[127.11017489795661,37.6701085996863],[127.1106200975114,37.6686840011109],[127.10603999740489,37.6649005027556],[127.1061059982458,37.6626986972057]]],[[[127.1863990992186,37.7083684999102],[127.1866182996946,37.7075231994997],[127.18697590011689,37.7081179992098],[127.1886948994271,37.7073757001055],[127.1900889987206,37.7048841004689],[127.18937889715909,37.7021236017477],[127.1875770985338,37.7016086011664],[127.1883787995056,37.6999735993413],[127.190447099672,37.701678998995895],[127.192240399628,37.7000033999388],[127.1918742998997,37.6991303996716],[127.1934667008565,37.699791198737],[127.1938339002884,37.7008813989818],[127.19510059992001,37.6998332994906],[127.1948321003172,37.701647699091005],[127.19633570009151,37.6997692998969],[127.1970438001605,37.7007170001082],[127.1963227000729,37.7002311007975],[127.19547220092339,37.7011281999004],[127.1979989005529,37.7028768994974],[127.1973153010269,37.703494599626396],[127.19828640171801,37.7047580994138],[127.1971168008971,37.7049156003806],[127.19769650066871,37.706853800363795],[127.1959790017942,37.70806030016],[127.197588300171,37.70933750021],[127.1962141980116,37.709808200131],[127.1942678999579,37.7068011031381],[127.1915838987984,37.7086408039228],[127.18899909950281,37.707454401980506],[127.1877834007185,37.708530900904],[127.1857953991217,37.7088290004141],[127.1863990992186,37.7083684999102]]],[[[127.1968477998083,37.7195810001451],[127.1986805997317,37.7196324996317],[127.2004516992246,37.7182458999455],[127.199686300345,37.7176268987768],[127.20126929999871,37.7178641996785],[127.20151819956999,37.716716399408604],[127.2036683978032,37.7151808974001],[127.203592901332,37.7160503995389],[127.20566610092641,37.7167146996241],[127.2066419030015,37.7181766007516],[127.20721160127289,37.7211332999308],[127.2070743002107,37.7230842000381],[127.20615400050019,37.7237000001704],[127.2066599004783,37.7242507000668],[127.2028945977269,37.7241539010726],[127.2025762999787,37.7220540005318],[127.2014422996209,37.7227620002455],[127.1968477998083,37.7195810001451]]],[[[126.869145299793,37.5473272001859],[126.8722108995007,37.544070299938504],[126.8736029000377,37.5431815994819],[126.875555800101,37.5438138989674],[126.8759464997344,37.542892698864605],[126.87697890004159,37.5442322989451],[126.8783208999326,37.5439784989251],[126.8788105002562,37.5457026991356],[126.88031809987599,37.545791699211],[126.88084830026699,37.5466601000177],[126.8790312009415,37.5490401014357],[126.8760200996759,37.5500289012555],[126.8728292998543,37.5481387005932],[126.8724934999436,37.5488142004301],[126.8720099002104,37.547731300665504],[126.87100200014581,37.5485106006879],[126.8701650996583,37.548306400243504],[126.87067999925209,37.547615699957305],[126.87008739960861,37.5470061004144],[126.869145299793,37.5473272001859]]],[[[127.2372896986308,37.6522548998459],[127.2384776997864,37.6504883989057],[127.2404583009665,37.6511397985738],[127.2424088990159,37.6501284995851],[127.2426548000627,37.6484874995162],[127.2445129983913,37.6493060991492],[127.2433282994173,37.6480160994845],[127.2455700997738,37.647898898106],[127.2437107023315,37.6506992985088],[127.24382490221731,37.6517276974804],[127.2472304010386,37.6501234986538],[127.2492482026987,37.652722698397895],[127.2492818006647,37.6539219000984],[127.2463717001914,37.6564293009872],[127.2458144001244,37.6555114009129],[127.24487280047009,37.6559354007031],[127.2450502006876,37.656979400563095],[127.2436366002058,37.6566872008322],[127.2435722999762,37.6584445006174],[127.2425034993262,37.6558402001539],[127.2408490999932,37.656087300330405],[127.2410129994348,37.6545978003106],[127.24031259978919,37.6542075003393],[127.23985999996779,37.6554108003907],[127.23998469943339,37.6537424000736],[127.2372896986308,37.6522548998459]]],[[[127.06491589957041,37.298935900199595],[127.0658958988785,37.2973407977623],[127.0685921996448,37.2977065982247],[127.0684556990267,37.294527699363705],[127.0689728004733,37.2964396992562],[127.0711978007418,37.297231999415004],[127.0732530001492,37.2968013993569],[127.0737225002063,37.2982072998213],[127.0745795993492,37.298146099882494],[127.07455450015601,37.297181899974],[127.0736850005405,37.299225701260504],[127.07160770105361,37.298760302302696],[127.070134602398,37.3006128005804],[127.0727016000974,37.3014256996464],[127.0721499999863,37.3020378047908],[127.0699380983486,37.300856503507404],[127.06998969965089,37.300088700404004],[127.0680548000586,37.299678900233204],[127.065710798937,37.300512401661905],[127.0677796998351,37.299706700044105],[127.06491589957041,37.298935900199595]]],[[[127.2000269991629,37.6323153009778],[127.2016521008304,37.632640396999896],[127.2039819003874,37.630960099790705],[127.2065590004398,37.6331859990703],[127.2121194996405,37.6336063976828],[127.2126293008326,37.6347446995701],[127.2146896003146,37.634956099916295],[127.2144363005774,37.6362374987457],[127.2158015008995,37.6360783002251],[127.2149830006682,37.6373910002305],[127.2145858999779,37.6365572008509],[127.2134770009814,37.6373202004387],[127.2124622000958,37.6423493004889],[127.2091678988502,37.6418850071308],[127.20717499404681,37.6404273991833],[127.2076316988116,37.6384513988101],[127.20617149669809,37.6353442994377],[127.2030719999329,37.6328913008879],[127.2043776988163,37.631300000616505],[127.2032685999254,37.6311970007195],[127.2022035005451,37.6327280999647],[127.20269549958111,37.6331355010058],[127.2000269991629,37.6323153009778]]],[[[126.8912230988667,37.6528508002849],[126.8901048999933,37.652438999741804],[126.8926421992653,37.652551599171105],[126.8931621987453,37.6519045998181],[126.8920018995556,37.6511419987566],[126.89316220001021,37.6519045981939],[126.8945958997052,37.651252499392896],[126.8960580992657,37.6517164992077],[126.89643029890651,37.6507277001148],[126.89534999853949,37.6502715995938],[126.896653799416,37.6505556988419],[126.8975364998824,37.649209299647104],[126.8981528002096,37.651174699585496],[126.89942410205501,37.6513633004927],[126.9004367015843,37.6537208000033],[126.89877590077161,37.6541620009214],[126.89764220007521,37.6563330001921],[126.89542300011509,37.656476401590005],[126.8943738001844,37.655657200703104],[126.8939060998808,37.6565399005284],[126.8931188994551,37.6561703991895],[126.893786599235,37.6554529999326],[126.8933847996368,37.6541152012704],[126.8920818993812,37.6547884001821],[126.8918569996061,37.6529977019728],[126.8912230988667,37.6528508002849]]],[[[127.0702237993406,37.7501659997389],[127.0721819996309,37.750042899128495],[127.07217209964081,37.7491954999759],[127.07289230004321,37.7492583996669],[127.0733593002632,37.749884000190704],[127.0725959005582,37.750901599591096],[127.0740458002927,37.7514423002542],[127.0725959004662,37.7509016012071],[127.07191709994129,37.751852800163],[127.0715651998504,37.7501768004978],[127.0705177002162,37.750626500558205],[127.0706013999728,37.7513144000692],[127.0702237993406,37.7501659997389]]],[[[126.8772402983422,37.5012207990876],[126.87912530097479,37.5011595985953],[126.8795360008735,37.502715499466504],[126.8811875993414,37.5016740988392],[126.8804604002795,37.5033254993206],[126.8827978006834,37.5056795994256],[126.8849991002091,37.505526298758596],[126.8853443003718,37.5069523002577],[126.8840977004823,37.506193700465],[126.88267259893381,37.507092200143504],[126.8833687993888,37.5057417001868],[126.88228259953709,37.5059968004078],[126.8825360989965,37.504954300185],[126.88031880026699,37.503413001685104],[126.8798103002713,37.5051889004411],[126.87868000045741,37.5039400012431],[126.8779107990772,37.5046035007989],[126.8786799984329,37.5039399987164],[126.8783004988124,37.5020506006058],[126.8772402983422,37.5012207990876]]],[[[127.0606441993517,37.748713700190805],[127.06115539954371,37.747964499225105],[127.0645645994903,37.748783598985405],[127.06486579983071,37.7475060998632],[127.06548169971461,37.7475476991522],[127.0645646005729,37.7487835995932],[127.06783950085341,37.7497701002095],[127.064562700734,37.7499883013039],[127.0636354999589,37.7515764001136],[127.0613217000589,37.7495616007946],[127.06103729982,37.7499764002664],[127.0606441993517,37.748713700190805]]],[[[126.8439617993115,37.5322408003644],[126.8441317996125,37.531177799623],[126.8450167991378,37.5308503999607],[126.8441939993636,37.530415399529204],[126.8466748998173,37.5305721995197],[126.8471959994062,37.5291085994415],[126.8476631998342,37.5301744992833],[126.8483259003145,37.5291961995104],[126.8499536005379,37.5311305992485],[126.8487481998156,37.533398401128004],[126.847218500796,37.5332362006775],[126.8470520003669,37.5339849001314],[126.84621370063621,37.5336846006478],[126.8451231001944,37.5345575003323],[126.8439617993115,37.5322408003644]]],[[[126.97040869811649,37.4015265001479],[126.9705088985509,37.3987992987954],[126.97211049877279,37.397866298346095],[126.9737177992076,37.39799909838],[126.9738669990584,37.3964942998848],[126.97604750082351,37.396186898232095],[126.9780668010929,37.3969776989231],[126.9793541999703,37.3962448994821],[126.9815298004289,37.3980410995347],[126.98067310156131,37.4045338007503],[126.9794960008893,37.4074514030338],[126.9789332999207,37.407549002756404],[126.9785039998693,37.4046012009368],[126.97821809771061,37.4055496025181],[126.9749548985891,37.40333540289161],[126.9706767995065,37.404965000984596],[126.97099769842009,37.4037809999135],[126.9702702991866,37.4024068008558],[126.96929939925239,37.4027746002113],[126.97040869811649,37.4015265001479]]],[[[126.9585059996537,37.3924725000515],[126.9588176003657,37.391899099543906],[126.960540299345,37.3921239991632],[126.96057999944479,37.3912104998423],[126.9625488005686,37.390718199737904],[126.9637074998337,37.3913057994956],[126.9647529001243,37.3904016997596],[126.96445020072301,37.391239199977804],[126.96524980031319,37.3925550993633],[126.96592630320211,37.3923982009972],[126.9652746037,37.3935434011501],[126.96667120212739,37.395992200174504],[126.9652786000854,37.3969645023122],[126.9630281004321,37.3970845015643],[126.9600324995965,37.3960676005415],[126.9585059996537,37.3924725000515]]],[[[126.948046099585,37.3885701000963],[126.9540704007328,37.389801300372305],[126.9531748998807,37.391695900271],[126.95123100048741,37.3909784011613],[126.9506449996394,37.3917174008666],[126.94989779968701,37.390522000668994],[126.94801869950841,37.3905163003862],[126.948046099585,37.3885701000963]]],[[[126.83654349848081,37.4852327987414],[126.83852780026949,37.4850846995517],[126.8389659998313,37.4857888988475],[126.840220699362,37.4843652976116],[126.8395918018,37.4860827012211],[126.84085320042969,37.488032700449],[126.8367914999361,37.4883140008533],[126.8378882991679,37.4877555994775],[126.8377497993064,37.4869375002956],[126.8364504996978,37.486922299950706],[126.8379998991933,37.4858750001583],[126.83654349848081,37.4852327987414]]],[[[126.8693713988175,37.6511274005919],[126.87086119964309,37.649960099485604],[126.8707303998287,37.6492226992397],[126.8748450012147,37.6500240997125],[126.87430609958369,37.6515020007409],[126.8693713988175,37.6511274005919]]],[[[126.8529440988294,37.5622268990368],[126.8547241993412,37.5613508997149],[126.854593499714,37.5600048994662],[126.8554672004641,37.5609614992404],[126.8566131006369,37.5604735993735],[126.85546720073391,37.5609615001757],[126.85623220009829,37.5621875001435],[126.8529440988294,37.5622268990368]]],[[[127.04166709985739,37.758421999986204],[127.0430017000337,37.7581504999046],[127.04299350112859,37.7595964001293],[127.04166709985739,37.758421999986204]]],[[[126.8387489996975,37.5411983000259],[126.841517899929,37.5402486990274],[126.84097080103159,37.5415025998633],[126.8421822002094,37.5423052003752],[126.8411949997262,37.541932801041895],[126.8392653002032,37.542862400636594],[126.8398368991376,37.5422948002928],[126.8387489996975,37.5411983000259]]],[[[126.8895924993177,37.4664170005173],[126.8905858993657,37.4666596989247],[126.8919992003914,37.4650176979046],[126.8933769009634,37.4662136995798],[126.8912102004642,37.4681349022592],[126.891467398621,37.4675478002735],[126.8895924993177,37.4664170005173]]],[[[127.2846920986853,37.658117400125704],[127.28728320098331,37.6585811997179],[127.28518269991179,37.658863200452096],[127.2846920986853,37.658117400125704]]],[[[127.0837741996875,37.3102361999664],[127.0850427992412,37.3104562992],[127.0848609993286,37.3093679983155],[127.08625450060609,37.3090612001817],[127.0851753002493,37.3105784002765],[127.0837741996875,37.3102361999664]]],[[[126.8580633996075,37.493889300045396],[126.85862150129749,37.49430020077],[126.8580824000307,37.494504900136306],[126.8580633996075,37.493889300045396]]],[[[126.8708402982337,37.4950374991798],[126.8709739000518,37.494326599719],[126.8720010005916,37.4953481994467],[126.8711619003587,37.495252400729],[126.8710658995284,37.496231000375104],[126.8708402982337,37.4950374991798]]],[[[127.1550342990182,37.650370800100895],[127.1554116992225,37.6492931988528],[127.1582147016197,37.650537099907304],[127.1570490005036,37.6512886027362],[127.1550342990182,37.650370800100895]]],[[[126.8686085995716,37.6030171992581],[126.8694299013461,37.6028622995053],[126.8690857002602,37.6035319005836],[126.8686085995716,37.6030171992581]]],[[[127.0702875993233,37.4309323997454],[127.0709976006146,37.429791599265],[127.0726635006847,37.4306463997138],[127.07104990075611,37.4305528009356],[127.0710542997308,37.4318295011854],[127.0702875993233,37.4309323997454]]],[[[127.0772134997502,37.7545710001102],[127.07758120084969,37.7540774985832],[127.0785504003328,37.7542960980458],[127.0772134997502,37.7545710001102]]],[[[127.1151767994846,37.6528077998699],[127.1155032008438,37.651723799095],[127.1164862007567,37.652325399788204],[127.1151767994846,37.6528077998699]]],[[[126.8423790995588,37.6532948007048],[126.8425556999279,37.6529545993896],[126.8427842002662,37.653192599787495],[126.8423790995588,37.6532948007048]]],[[[127.1211231995313,37.365031800196896],[127.1215580000399,37.364601599391],[127.1215654004582,37.3652084007047],[127.1211231995313,37.365031800196896]]],[[[126.9351977995295,37.5621651002492],[126.93513219997669,37.561858799931606],[126.9352901000984,37.562117900125095],[126.9351977995295,37.5621651002492]]],[[[127.049465299696,37.2898691000157],[127.0506016999665,37.2890248972824],[127.0522645007251,37.290598900704396],[127.0507531986169,37.2894443007388],[127.049465299696,37.2898691000157]]],[[[127.1248384997425,37.6613864995902],[127.1251541994268,37.661056199920495],[127.1251120995199,37.6606687999894],[127.1253480001991,37.6605930999076],[127.1248384997425,37.6613864995902]]],[[[126.9439907997424,37.372071400107004],[126.9442284001438,37.371597199700496],[126.9442547020211,37.3720175004972],[126.9439907997424,37.372071400107004]]],[[[126.9913081996621,37.5272595998151],[126.99172930014551,37.527219199914896],[126.9916874002308,37.527538300299504],[126.9913081996621,37.5272595998151]]],[[[127.1895630998425,37.5775659000083],[127.18992219962969,37.5771336996377],[127.190223800527,37.5771296001088],[127.1899222002566,37.577133700117194],[127.1895630998425,37.5775659000083]]],[[[127.1941737989907,37.542459799510404],[127.19438550014,37.541938999374],[127.1944555003612,37.542289099668],[127.1941737989907,37.542459799510404]]],[[[126.836319999307,37.5492730996622],[126.8363200004728,37.5494325009254],[126.8361639995068,37.5493599000008],[126.836319999307,37.5492730996622]]],[[[126.8816940988349,37.5012585992547],[126.8825138010519,37.5006674002361],[126.881811200115,37.5013469004124],[126.8816940988349,37.5012585992547]]],[[[126.89320549980039,37.4558412001427],[126.89342050000961,37.4559052994293],[126.8934491003866,37.455913899839196],[126.8935179003178,37.455934399818695],[126.89320549980039,37.4558412001427]]],[[[127.0827010995656,37.7527463995029],[127.0827228005776,37.7527355999703],[127.0827011003571,37.7527464013216],[127.0827010995656,37.7527463995029]]],[[[127.1165177997146,37.3435591999557],[127.116515800006,37.343514999724896],[127.1167209002062,37.3435006998908],[127.1165177997146,37.3435591999557]]],[[[127.12101249924771,37.3634657004911],[127.1211185998073,37.363313899649505],[127.12128150051069,37.3634535000017],[127.12101249924771,37.3634657004911]]],[[[127.12922569886001,37.3840079995715],[127.129840200599,37.384228399693995],[127.1295448999746,37.3843232006277],[127.12922569886001,37.3840079995715]]],[[[127.1840705988021,37.6165794998075],[127.18561730218491,37.6162535971934],[127.1854822985689,37.6165365018046],[127.1840705988021,37.6165794998075]]],[[[127.20723430002509,37.614939299906304],[127.20725520000421,37.6149469998986],[127.2074486039811,37.6146058957125],[127.20725520046891,37.6149470009918],[127.20723430002509,37.614939299906304]]],[[[127.0186434995495,37.657605600624095],[127.0188776004751,37.657219599230295],[127.0187372003658,37.6576951002077],[127.0186434995495,37.657605600624095]]],[[[127.1731229990044,37.4536978004503],[127.1733803000384,37.4527997996231],[127.1731230011395,37.4536977997487],[127.1731229990044,37.4536978004503]]],[[[127.1235554999561,37.6578506999184],[127.12395880047539,37.6576704992562],[127.12395880012869,37.6576705005925],[127.1235554999561,37.6578506999184]]],[[[126.95236199971839,37.387791199903205],[126.9527086997255,37.387910999751305],[126.953155000167,37.388064300056506],[126.9527087002937,37.3879110007935],[126.95236199971839,37.387791199903205]]],[[[127.1921002957019,37.6173290961179],[127.1923631015942,37.617277299508295],[127.1921002981212,37.6173291028714],[127.1921002957019,37.6173290961179]]],[[[127.31229809829861,37.653164499709604],[127.3126600004438,37.6533281013673],[127.3125185996963,37.653334700512204],[127.31229809829861,37.653164499709604]]],[[[126.8232347996272,37.491751299421196],[126.8238202008081,37.4919285007667],[126.82373600022869,37.4919509008037],[126.8232347996272,37.491751299421196]]],[[[126.88266869924189,37.5448830002861],[126.8827803997619,37.5448581994829],[126.8831001002243,37.544206099885294],[126.8827804011852,37.5448582020209],[126.88266869924189,37.5448830002861]]],[[[127.0767946999173,37.7537537000632],[127.0767628996919,37.7537437998729],[127.0769606000031,37.7538054008758],[127.0767946999173,37.7537537000632]]],[[[126.9638469998615,37.5931548001124],[126.9640185998785,37.5930782998492],[126.9639904000128,37.5928723998912],[126.9640186005744,37.5930783006484],[126.9638469998615,37.5931548001124]]],[[[127.0428756993143,37.761135699680594],[127.0429321000249,37.7611631000363],[127.0429010000242,37.761148000234996],[127.0428756993143,37.761135699680594]]],[[[127.1169903994287,37.653735700208095],[127.1169903997867,37.6537356995989],[127.1171093004719,37.6537188997361],[127.1169903994287,37.653735700208095]]],[[[127.1966725987673,37.6171619024256],[127.1967503994611,37.6171417986264],[127.1969573006697,37.6170913998335],[127.1966725987673,37.6171619024256]]],[[[127.04234739983849,37.7584333000269],[127.0423694999919,37.7584277996964],[127.0423695002171,37.7584277998454],[127.04234739983849,37.7584333000269]]],[[[127.0478903999719,37.7387261000094],[127.0478904000581,37.7387260998865],[127.04791769996,37.7388025000786],[127.0478903999719,37.7387261000094]]],[[[127.0825235993256,37.3084152992045],[127.08252360075811,37.308415299419],[127.0825797000508,37.3084644002654],[127.0825235993256,37.3084152992045]]],[[[126.8898163994797,37.5114071999246],[126.8898164010108,37.511407199232],[126.8898164001374,37.5114072011466],[126.8898163994797,37.5114071999246]]],[[[126.9105169996075,37.5332893999021],[126.9105169998768,37.5332893990093],[126.9105170011007,37.5332893999537],[126.9105169996075,37.5332893999021]]],[[[126.9314492992773,37.4692823000371],[126.93144929997139,37.4692822989985],[126.93154870012319,37.4692986000264],[126.9314492992773,37.4692823000371]]],[[[126.9546741996919,37.596231299972],[126.9546742012009,37.5962312996665],[126.9546742013388,37.5962313005585],[126.9546741996919,37.596231299972]]],[[[127.062155799648,37.727246300328694],[127.0621627007432,37.727024999681994],[127.0621558013852,37.7272463002475],[127.062155799648,37.727246300328694]]],[[[127.06672069554101,37.4329787967876],[127.06672070000211,37.4329787940071],[127.06672070289021,37.432978797699],[127.06672069554101,37.4329787967876]]],[[[127.0854660993681,37.3208422999092],[127.0854661003747,37.3208422992386],[127.0854661001218,37.320842300426804],[127.0854660993681,37.3208422999092]]],[[[127.0919330992432,37.4733978999755],[127.09193310122201,37.473397900252],[127.0919331003697,37.4733979008941],[127.0919330992432,37.4733978999755]]],[[[127.1146847997594,37.3386334002374],[127.1146847000415,37.338585899874495],[127.1146848001928,37.3386334004029],[127.1146847997594,37.3386334002374]]],[[[127.1237002991417,37.3806330009383],[127.1237003000773,37.3806329999936],[127.12371880068221,37.3806657012799],[127.1237002991417,37.3806330009383]]],[[[127.20408369955109,37.4092578004663],[127.2040836998029,37.4092577997975],[127.2040837003224,37.4092577999899],[127.20408369955109,37.4092578004663]]],[[[126.8803577997024,37.528813200074005],[126.8803578003867,37.5288131999341],[126.8803578001469,37.5288132004205],[126.8803577997024,37.528813200074005]]],[[[126.8965795994546,37.581516400319295],[126.8965795998666,37.5815163985951],[126.8965796008099,37.5815163999716],[126.8965795994546,37.581516400319295]]],[[[126.9126050995737,37.5319285002258],[126.91260510016609,37.5319284994204],[126.91260510055429,37.531928500357196],[126.9126050995737,37.5319285002258]]],[[[127.1046383996078,37.4951138996726],[127.10470529998241,37.494969799885],[127.1046383998398,37.4951139003373],[127.1046383996078,37.4951138996726]]],[[[127.11677709971899,37.3380613002866],[127.1167771000508,37.3380612997055],[127.11677710052699,37.3380612997002],[127.11677709971899,37.3380613002866]]],[[[127.1379910991586,37.5827606991527],[127.13799110058359,37.5827606994629],[127.13799110017649,37.5827607003861],[127.1379910991586,37.5827606991527]]],[[[127.14253269771571,37.6594459008174],[127.1425327000959,37.6594458993548],[127.1425327002937,37.6594459002947],[127.14253269771571,37.6594459008174]]],[[[127.2030110992036,37.409364200933396],[127.20301110038899,37.4093641990756],[127.2030111006237,37.409364200359896],[127.2030110992036,37.409364200933396]]],[[[127.47520349916961,37.50584659997],[127.4752035006426,37.5058465983781],[127.4757385007433,37.506194900762395],[127.47520349916961,37.50584659997]]],[[[126.8787007999085,37.529775999920496],[126.87870080017301,37.5297760000308],[126.8787007999389,37.529776000256795],[126.8787007999085,37.529775999920496]]],[[[126.88315109972861,37.5140708002522],[126.8831511001202,37.5140707985204],[126.8831511006676,37.5140707996647],[126.88315109972861,37.5140708002522]]],[[[126.9365399999104,37.5619297999108],[126.93654000011189,37.561929800038],[126.93653999999559,37.5619298001047],[126.9365399999104,37.5619297999108]]],[[[127.04448529976571,37.774419000101105],[127.0444852998019,37.774418999272605],[127.0444853005103,37.7744189995848],[127.04448529976571,37.774419000101105]]],[[[127.0621212996825,37.7277153998596],[127.06212130141971,37.727715399778404],[127.0621213006427,37.7277154009261],[127.0621212996825,37.7277153998596]]],[[[127.0797389997422,37.3087649006176],[127.07973900017821,37.308764899663],[127.0797390006169,37.3087649000968],[127.0797389997422,37.3087649006176]]],[[[127.10641819932539,37.3260859002433],[127.1064182000402,37.3260858996651],[127.10641820048069,37.3260859000257],[127.10641819932539,37.3260859002433]]],[[[127.1075719995823,37.4987044996655],[127.107572000231,37.4987045004113],[127.1075719995073,37.4987045003514],[127.1075719995823,37.4987044996655]]],[[[127.1140311995429,37.611282300338296],[127.1140311997551,37.6112822994552],[127.114031200718,37.6112822996699],[127.1140311995429,37.611282300338296]]],[[[127.1156894997506,37.6647879998471],[127.1156895005419,37.664787998982405],[127.11568950009931,37.664788000121],[127.1156894997506,37.6647879998471]]],[[[127.1160751998638,37.3380624003996],[127.1160752000375,37.338062399169196],[127.11607520073319,37.3380623997046],[127.1160751998638,37.3380624003996]]],[[[127.1241382997263,37.3685974000283],[127.1241383002614,37.368597399767395],[127.1241383000053,37.3685974004026],[127.1241382997263,37.3685974000283]]],[[[127.1370145989714,37.5770870990294],[127.1370146002947,37.5770870988067],[127.1370146001907,37.577087100011],[127.1370145989714,37.5770870990294]]],[[[127.1522006990375,37.6285006999944],[127.152200700441,37.62850069905009],[127.1522007010211,37.6285006997092],[127.1522006990375,37.6285006999944]]],[[[127.15413799888961,37.4711120007834],[127.1541379998699,37.4711119992415],[127.1541379999958,37.4711120006504],[127.15413799888961,37.4711120007834]]],[[[126.87138659988179,37.4984449003381],[126.87138659980519,37.498444899881],[126.87138660026129,37.4984448994813],[126.87138659988179,37.4984449003381]]],[[[126.8825899998017,37.4815900000278],[126.88258999989819,37.4815899996934],[126.88259000024699,37.4815900000881],[126.8825899998017,37.4815900000278]]],[[[126.9364287999387,37.5616077999214],[126.9364288001296,37.5616078001561],[126.9364288000135,37.561607800206595],[126.9364287999387,37.5616077999214]]],[[[127.0865320998518,37.3215891000659],[127.0865321001234,37.3215890998506],[127.086532100236,37.321589100277194],[127.0865320998518,37.3215891000659]]],[[[127.09212089958599,37.328601600083],[127.0921209000371,37.3286015997663],[127.0921209005741,37.3286016004514],[127.09212089958599,37.328601600083]]],[[[127.1090351998197,37.3315114988591],[127.10903520068379,37.331511499992494],[127.1090352003056,37.3315115003397],[127.1090351998197,37.3315114988591]]],[[[127.1320536996713,37.640917300016696],[127.1320537007856,37.6409172996199],[127.1320537000263,37.6409173002868],[127.1320536996713,37.640917300016696]]],[[[127.1383026003259,37.4270014001742],[127.1383025998297,37.4270014002207],[127.13830259986061,37.4270013980899],[127.1383026003259,37.4270014001742]]],[[[127.15029249988001,37.5656860998364],[127.15029250022391,37.5656861000777],[127.1502924996453,37.565686100239404],[127.15029249988001,37.5656860998364]]],[[[127.15342459901649,37.566783300233396],[127.153424600314,37.5667832984468],[127.15342459974839,37.5667833015581],[127.15342459901649,37.566783300233396]]],[[[127.1544721997576,37.471026399963],[127.1544722002481,37.4710263999595],[127.1544721998114,37.471026400119],[127.1544721997576,37.471026399963]]],[[[127.15887959947531,37.6083610004628],[127.15887960012181,37.6083610000067],[127.1588795998697,37.6083610006358],[127.15887959947531,37.6083610004628]]],[[[127.1685584998684,37.5632462998997],[127.1685585001691,37.563246299861],[127.16855850021031,37.5632463001251],[127.1685584998684,37.5632462998997]]],[[[127.1911244998758,37.5763943998896],[127.1911245001043,37.5763943997574],[127.1911245000035,37.5763944001838],[127.1911244998758,37.5763943998896]]],[[[127.2190780997077,37.5484277999744],[127.2190781000445,37.5484277998353],[127.2190780999051,37.5484278002875],[127.2190780997077,37.5484277999744]]],[[[126.8688926995333,37.5273110997319],[126.8688926999227,37.5273110996682],[126.8688927000501,37.527311100252],[126.8688926995333,37.5273110997319]]],[[[126.90085859963541,37.555467300428695],[126.90085860009111,37.5554672996649],[126.9008586001846,37.55546730004129],[126.90085859963541,37.555467300428695]]],[[[126.9211863998593,37.5957486999489],[126.9211863999996,37.5957486997668],[126.9211864000622,37.5957487001408],[126.9211863998593,37.5957486999489]]],[[[126.9448001996939,37.469226000464396],[126.9448001998298,37.4692259993642],[126.9448002002341,37.4692260000801],[126.9448001996939,37.469226000464396]]],[[[126.9664387995154,37.3909871001546],[126.96643880000411,37.390987099771095],[126.96643880013971,37.3909871000441],[126.9664387995154,37.3909871001546]]],[[[127.0488595997787,37.2906139001029],[127.0488596005105,37.290613899569195],[127.0488596009355,37.290613901090495],[127.0488595997787,37.2906139001029]]],[[[127.06231239991159,37.6560754999829],[127.06231240002569,37.6560755000033],[127.0623123999816,37.6560755000565],[127.06231239991159,37.6560754999829]]],[[[127.09535659962991,37.33411],[127.0953566000094,37.334109999746204],[127.0953566003132,37.3341100005253],[127.09535659962991,37.33411]]],[[[127.11441020013899,37.3389707001031],[127.1144101998321,37.3389707001072],[127.11441019983039,37.3389706999006],[127.11441020013899,37.3389707001031]]],[[[127.1148632999503,37.3392001000523],[127.1148632999585,37.3392000998701],[127.1148633000506,37.339200100041],[127.1148632999503,37.3392001000523]]],[[[127.1570663992792,37.5853264008271],[127.1570664000648,37.5853263998219],[127.1570664009952,37.5853264007556],[127.1570663992792,37.5853264008271]]],[[[126.93809159965261,37.513465199871796],[126.93809160005921,37.5134651999806],[126.9380915997544,37.5134652008239],[126.93809159965261,37.513465199871796]]],[[[127.11486369995811,37.3390765999936],[127.1148637000139,37.3390765999597],[127.1148637000145,37.339076600020995],[127.11486369995811,37.3390765999936]]]]}}]}