{"type":"FeatureCollection","features":[{"type":"Feature","properties":{"interval":15,"stationId":"6046634708"},"geometry":{"type":"MultiPolygon","coordinates":[[[[127.0631560985596,37.6243405000806],[127.0633954992232,37.6235564988081],[127.06618039666019,37.6223716983028],[127.06680329923441,37.6191356981057],[127.0682421990022,37.6196451976581],[127.0697646974797,37.6176494996538],[127.0677536997929,37.6157534004653],[127.0663048995936,37.6167009000333],[127.06508089987369,37.614124599981494],[127.06648079969479,37.6145843993515],[127.06661399992011,37.613853299877704],[127.06761880000761,37.6137503997372],[127.06708930072621,37.6141519998611],[127.06859880008321,37.6156272997239],[127.0709047000277,37.6143121995945],[127.07204689889511,37.6148951994153],[127.0728458979907,37.6126224004889],[127.0729748997109,37.6075966994813],[127.07498439965491,37.607136499160106],[127.0761823994839,37.6052472001576],[127.07422029965119,37.6033860001659],[127.07424209983671,37.6023309999465],[127.07613400037499,37.603732199325805],[127.07808249938769,37.6022318001038],[127.0777699997095,37.6015600006965],[127.0737949996591,37.601495900128704],[127.0759276001334,37.5997973997633],[127.07748039943439,37.599640099405605],[127.0773020997073,37.5984376997028],[127.0794454997301,37.5981807996865],[127.0803161001799,37.597238599718196],[127.08222590036439,37.5988003998835],[127.0814727005318,37.5992019999156],[127.0837607004659,37.6004070998875],[127.0842842009172,37.6019981996119],[127.0851299004559,37.6019555999655],[127.08535240052231,37.603035399607],[127.08370410089421,37.603425700179805],[127.0833521000246,37.604970300178195],[127.0825131001509,37.6047384007828],[127.0813310002601,37.6058591001551],[127.0810731006514,37.607421199857896],[127.0831651015483,37.608993800105],[127.0827788014056,37.611190901485095],[127.08358870059571,37.613008799667206],[127.0818117016484,37.614807200879],[127.082334800912,37.6176556994094],[127.0834963999291,37.6173433999243],[127.08352220006971,37.618262499076],[127.0872125999799,37.6186826995114],[127.0870776005332,37.6196696991327],[127.0879958002623,37.6188222995075],[127.0870776005513,37.619669700249204],[127.08713200016639,37.6214746000692],[127.0845487012645,37.620692801391],[127.0818685020879,37.6239105003044],[127.0830699001712,37.6273328996026],[127.0834559003688,37.6268978976953],[127.0850300001092,37.6279700000621],[127.082108099956,37.6285576002172],[127.082288999661,37.628002100502705],[127.08143010051991,37.627911600593194],[127.08135450070961,37.6293361994386],[127.0823163010232,37.6299778004207],[127.08177860048481,37.6309523004863],[127.0775043013642,37.633198200318105],[127.07777230019501,37.6337530002518],[127.0738423008944,37.6318591023439],[127.0720580015718,37.6336904018593],[127.0712971006635,37.633461901081404],[127.07068060128,37.6350723994709],[127.07188000115109,37.635140000425],[127.0707134014595,37.636374000067704],[127.0710756010973,37.6376579987837],[127.0724717018293,37.6379381990422],[127.0719969000169,37.6391441008235],[127.07072580054121,37.6383603005507],[127.0705573997439,37.6398970010875],[127.0681004007308,37.6397300008179],[127.06600089906931,37.6413139006743],[127.0661160987466,37.640231900360305],[127.0641000989718,37.6391609993048],[127.0652084990811,37.638855199479],[127.0645999993048,37.6380499985569],[127.0656181993098,37.638259998639],[127.0653278996001,37.6364378004612],[127.0641577981165,37.6360988000415],[127.06347939919951,37.634582400183],[127.0653047988378,37.6305766986939],[127.0643348998077,37.6284002008704],[127.0638296996733,37.6291451013602],[127.0625463988634,37.6270849999526],[127.0633368993537,37.625875500671],[127.0626619990537,37.6250595993615],[127.0631560985596,37.6243405000806]]],[[[127.0814632002111,37.5945908994855],[127.0840502995386,37.594079799241406],[127.0846157994111,37.592967799032095],[127.0865197001654,37.592430599436],[127.0876762000923,37.592956399532596],[127.08746720051681,37.5936402993761],[127.0882406003725,37.5935090996367],[127.08858720022121,37.594699499307],[127.08922230022931,37.5942790998344],[127.0898505006717,37.596971700491096],[127.08802539998301,37.5975499008335],[127.0862296999227,37.5961803008961],[127.08402310012849,37.596388100115796],[127.0836981996494,37.597067000655706],[127.0814632002111,37.5945908994855]]],[[[127.0845718997375,37.5878058999877],[127.0882802993628,37.5861051995454],[127.0901702007109,37.5884276001917],[127.0882070003423,37.589168600920104],[127.0881830000727,37.590273800217496],[127.0872246999293,37.5907421001081],[127.0854240997809,37.5889860003604],[127.0854638996058,37.5879975003036],[127.0845718997375,37.5878058999877]]],[[[127.0538761993694,37.609240999551],[127.058776299653,37.6091519994499],[127.0584317009156,37.611421798843004],[127.0590977007481,37.6117805004255],[127.0570416997954,37.6121463013475],[127.0563199997736,37.6115100015897],[127.0553424007512,37.612440700659],[127.0541341993594,37.611858300590704],[127.0538761993694,37.609240999551]]],[[[127.05741549936201,37.6535880998439],[127.06171830009079,37.652895499148],[127.06314090126219,37.6548618003103],[127.062258000071,37.6550777009597],[127.06166329971411,37.6566925001698],[127.0616832988457,37.654954200401995],[127.06065229987671,37.6546426007136],[127.06017359946,37.656105500269405],[127.0580147001125,37.655101900449395],[127.05829599911449,37.6543018997959],[127.05741549936201,37.6535880998439]]],[[[127.0476531996312,37.6058578003393],[127.0503068002928,37.605647599912096],[127.04889900067231,37.6067909001352],[127.04990200063881,37.6071735996291],[127.04970370007999,37.608111100102],[127.0489937000834,37.6069860007222],[127.0474556997829,37.6071718998937],[127.0476531996312,37.6058578003393]]],[[[127.0597463996283,37.6451149985065],[127.06243289905571,37.6429106984486],[127.06366599916049,37.643261898758],[127.0640745999277,37.642363499122304],[127.0646935003767,37.643391798596404],[127.067174003566,37.6442526010374],[127.065543700247,37.648477901108805],[127.0637267001933,37.6472122007728],[127.06210560050789,37.6491623008344],[127.0624989990707,37.647682201166],[127.0597463996283,37.6451149985065]]],[[[127.0873931994484,37.5808883999457],[127.0881119001067,37.5799880989014],[127.0896043003552,37.5804607999673],[127.08857740002341,37.581757300522],[127.0873931994484,37.5808883999457]]],[[[127.05685319949771,37.6640331000971],[127.0576700003551,37.6636800993875],[127.0591787010653,37.664748400073904],[127.05685319949771,37.6640331000971]]],[[[127.0413130993207,37.6016352994306],[127.04197070008169,37.6016470993669],[127.04186630042419,37.6020702001023],[127.0413130993207,37.6016352994306]]],[[[127.0625385997904,37.656044699992705],[127.0625202004353,37.6561248000947],[127.0624929998943,37.6562337005678],[127.0625201998179,37.656124799954],[127.0625385997904,37.656044699992705]]],[[[127.0899951982752,37.616933199148995],[127.0901494012019,37.6170165994748],[127.0905949014443,37.6176505999988],[127.0899951982752,37.616933199148995]]],[[[127.0617806008381,37.6228401995244],[127.0619913006274,37.6229277994368],[127.061815999604,37.622884000286],[127.0617806008381,37.6228401995244]]],[[[127.0923160990352,37.6169127995786],[127.0923161003983,37.61691280011],[127.0923160997231,37.6169128007366],[127.0923160990352,37.6169127995786]]],[[[127.0867937997363,37.5737600002141],[127.0867937994077,37.573759999152],[127.086793800526,37.5737599998742],[127.0867937997363,37.5737600002141]]],[[[127.05613679986101,37.664312300011],[127.0561368002141,37.6643122998179],[127.0561368008028,37.664312300488795],[127.05613679986101,37.664312300011]]],[[[127.06336030019,37.6142459999193],[127.0633603000437,37.614246000825204],[127.0633602997368,37.6142459994307],[127.06336030019,37.6142459999193]]],[[[127.0623123999816,37.6560755000565],[127.06231239991159,37.6560754999829],[127.0623124000166,37.6560754999619],[127.0623123999816,37.6560755000565]]],[[[127.070885299802,37.6135341002283],[127.0708852999513,37.6135340995772],[127.0708853000422,37.6135341002892],[127.070885299802,37.6135341002283]]]]}},{"type":"Feature","properties":{"interval":30,"stationId":"6046634708"},"geometry":{"type":"MultiPolygon","coordinates":[[[[127.0096592995956,37.5715951999587],[127.0133403995882,37.5692646997912],[127.013745799096,37.567934100017204],[127.0128392000026,37.567733800217496],[127.0124040999445,37.5665692996133],[127.01529309910849,37.5630252001612],[127.0126405001384,37.5613554008081],[127.01165590022049,37.5618677007916],[127.01111299953489,37.561169799768],[127.0118192993472,37.559480299445795],[127.0125522009039,37.558160299237095],[127.01420760089121,37.5597366983567],[127.0153953006041,37.5586125997383],[127.01586260074511,37.5594746990324],[127.0152219009893,37.5604397993351],[127.0162971010081,37.5599513004989],[127.0154889004765,37.5609495007588],[127.0158112001856,37.563445599325505],[127.0177278000623,37.5636819990396],[127.0179554003718,37.564985999232995],[127.0187491000777,37.564358299773104],[127.0204040002677,37.566192799587306],[127.0196472007531,37.566202600202594],[127.0203965006736,37.56662860001],[127.0196439007486,37.566619200241696],[127.0189159005913,37.5683850001797],[127.0168200009784,37.568080001156304],[127.0160898017086,37.569563899672396],[127.01675760104081,37.570090799145504],[127.01777870001969,37.569589299647],[127.0190763993931,37.570806699094796],[127.01953110048349,37.570013599732306],[127.0202820016644,37.571914200254],[127.0192279007317,37.5732893998754],[127.01986310043789,37.5733480001424],[127.0199386007983,37.574660000261304],[127.0193502999937,37.5739882003056],[127.0176948002662,37.5757150000422],[127.0175446004164,37.576774798982406],[127.0188341003199,37.577759100902405],[127.0171814007891,37.5775782002671],[127.01686600085209,37.5788887992281],[127.0178762009071,37.57958979923],[127.02196719947541,37.5793721994791],[127.02301010010979,37.5785256997593],[127.0230348005807,37.5797257989356],[127.0253788002066,37.579170998601406],[127.0276247000138,37.5801309985114],[127.0298070994288,37.579232399604905],[127.0304467000144,37.577891399909795],[127.0311052001536,37.5811292987483],[127.0316292008523,37.5800058992678],[127.0337519003379,37.580675999683095],[127.0338924001874,37.582035398617705],[127.0384416999681,37.5816439992243],[127.03849480014459,37.5808660999332],[127.0385457000962,37.5816418992205],[127.0391213999728,37.5812330995647],[127.04169610002529,37.5836378993788],[127.0416574003751,37.5843863992361],[127.04368890049781,37.5848569999937],[127.0454350005293,37.5867907001396],[127.0431653009327,37.588364600158],[127.0442900000688,37.5894860990128],[127.0457675006153,37.589353299783596],[127.046988401104,37.592364499911],[127.0461307999458,37.59302190018369],[127.0453574007192,37.5924725007331],[127.0443799997245,37.594251801268],[127.0432324008721,37.5937993017205],[127.042089702064,37.5970842994499],[127.042448300605,37.5984329997567],[127.04365409939919,37.5991684990212],[127.0443470020254,37.5976501979037],[127.0479019024606,37.604093000114],[127.0530405973219,37.6052310989759],[127.0558119983884,37.6040996963167],[127.0555151986852,37.6010916993247],[127.0562248003895,37.6016422990555],[127.05688750021591,37.6010312994702],[127.0570752001457,37.6021182989898],[127.057654899995,37.6011389997142],[127.05900009931041,37.6019648988244],[127.06049969905679,37.5993296991805],[127.0621607993103,37.5987542998553],[127.0608599000079,37.5973928002389],[127.05891559989861,37.596819500239604],[127.0599606994763,37.5960249993961],[127.05937059979709,37.5951781996418],[127.0617675999539,37.5941874993905],[127.0631713999598,37.594658299692696],[127.0633334998748,37.5940005000325],[127.0603418997722,37.591622400305496],[127.0593827002019,37.5917261006127],[127.0590551998465,37.592782800309],[127.05690679970559,37.5924387001252],[127.0546092999809,37.5904834008512],[127.0540580994095,37.5913343004648],[127.0530068994358,37.5889173994914],[127.054096599593,37.5865193997122],[127.0558167000515,37.586562899681],[127.0558010001096,37.585903799513694],[127.0566878004882,37.5867176991865],[127.05771770025059,37.586235499016],[127.0581719004528,37.5869375993862],[127.0607547005842,37.5869003999486],[127.0630980003597,37.5902356001092],[127.06240890023419,37.5904476999943],[127.0624547004674,37.592156699331994],[127.06400989951871,37.5913524996292],[127.06362139983631,37.5906373997074],[127.0655336001645,37.5922024989143],[127.0672007999697,37.5913731995262],[127.0678230000651,37.591872599969],[127.06695740081881,37.5926058995607],[127.0681205002994,37.59382479929],[127.06915789973799,37.5923977998689],[127.0685643998195,37.591913099703],[127.0709654985833,37.5920681985873],[127.0737615992016,37.5878286997399],[127.0736740983199,37.5860051995241],[127.07696849955421,37.5840476992757],[127.0777052988174,37.5827090006144],[127.0753799993875,37.5814307012078],[127.0760014999334,37.5805492000276],[127.0750074000905,37.579730800185],[127.0751047995429,37.5812261000847],[127.0740663000138,37.5793981994667],[127.0762185001513,37.578228899688796],[127.0757779004832,37.5787876997338],[127.0763895997722,37.579620499198],[127.0780790002778,37.5801056994708],[127.07838520003,37.5810629994301],[127.07944529902541,37.579428099984604],[127.0792535993708,37.5775384001999],[127.0784768980859,37.5771167002153],[127.07967759782339,37.575133299851096],[127.07946279803821,37.574095400889],[127.0768431998217,37.572728700495496],[127.07661069928321,37.5713601000503],[127.0794862985321,37.569603298375796],[127.0757668973778,37.5639349007485],[127.0753762997746,37.5620336008262],[127.07285059921199,37.5600953021058],[127.0716804003822,37.5607085014926],[127.0706633002182,37.5602516005358],[127.0708987002269,37.561237399985906],[127.0698960002665,37.5609193003287],[127.0701885002546,37.561435100015096],[127.0698569000962,37.5609692008576],[127.0667955005059,37.5644723009983],[127.066051198897,37.5638838995101],[127.06661179904981,37.563116699963004],[127.0659971996644,37.562140700939004],[127.0642407007075,37.5623442010498],[127.0644439003308,37.5636831004745],[127.06315169950321,37.5637453002817],[127.0610280989893,37.5621815007905],[127.0592873984632,37.5620644999805],[127.0592218999012,37.5614494995191],[127.0594430005089,37.562024098562304],[127.060959898992,37.5612071993792],[127.06163359985199,37.557831199322806],[127.0637500011934,37.5579603974457],[127.0649429011094,37.5593991973393],[127.0680642988714,37.5579626979779],[127.0673774009155,37.5583838997357],[127.06811070093781,37.5601841996962],[127.07002000155519,37.5597799985668],[127.0710441999443,37.5607265994552],[127.07271469886051,37.558950599396205],[127.07103079846111,37.5573359016572],[127.07248219932029,37.552996500206696],[127.0713499992842,37.5530038999834],[127.0722065994317,37.552337699666204],[127.0719971996411,37.551342400661504],[127.0706419002881,37.5516614004221],[127.0701842996365,37.550290500547305],[127.0686686996553,37.5505804003663],[127.0663780991282,37.5483032998316],[127.068374799609,37.5456416000787],[127.0683908999241,37.5441760000771],[127.06426299977049,37.5425583998344],[127.06655689985739,37.5374030994945],[127.0679284001451,37.536443599209896],[127.0689531991203,37.5368017988517],[127.0682498998236,37.535436000217494],[127.06450640048129,37.5332067009577],[127.0638368994361,37.5339601997279],[127.0637162991456,37.532621699584],[127.0647808990341,37.5323511000505],[127.0640448999568,37.531210199431996],[127.0647903002867,37.53230299882],[127.0668192993037,37.5304235997602],[127.0661601999628,37.5293826008012],[127.065461299516,37.5296346999201],[127.0659996004127,37.529358099546705],[127.0671302995329,37.5302902986914],[127.0694624002226,37.5296940994778],[127.0705122011251,37.5316768996378],[127.0709473014505,37.5328050995478],[127.0686883006411,37.5352241998144],[127.0693562999731,37.536650198388394],[127.0707049006098,37.536018299285004],[127.07191330008351,37.536699198425104],[127.0711166010297,37.5369536001708],[127.0716377005086,37.53854439858],[127.07410489935499,37.537823399294304],[127.0738613997198,37.5370208991458],[127.0764872005193,37.5388413990983],[127.07543850130381,37.539308499952],[127.0753796018155,37.5408220993139],[127.07465600086121,37.5410736006644],[127.0755125001193,37.541985300005],[127.0743875004463,37.5432544997972],[127.0761085995991,37.5436443994556],[127.0759258996115,37.5425568999239],[127.0774929998901,37.5424364993593],[127.0784382010565,37.5433275998652],[127.0781910006787,37.5449693998862],[127.08007690234159,37.545267399851],[127.08013680176961,37.54642110130921],[127.077065701424,37.5464062011093],[127.0759580002887,37.5475801016893],[127.0752624010172,37.5510716984155],[127.076950499843,37.5503421993219],[127.0779714003304,37.5527042990755],[127.07921950000859,37.5516204980103],[127.08047310042821,37.55314179914],[127.0848496987338,37.5521510979596],[127.0852860001922,37.552835798923994],[127.0873492985723,37.5507486983503],[127.0867346995738,37.5485256992452],[127.09294040027021,37.5488977999007],[127.09365700128619,37.550648900159295],[127.092847900974,37.5536239001518],[127.0885577006368,37.5540819009233],[127.0879265007719,37.5577009004606],[127.08913390091499,37.5585463002645],[127.08909540103461,37.5596287999068],[127.0905625012884,37.5602716000095],[127.09040590037169,37.561415700405],[127.08933660144099,37.56171290010781],[127.0883618006766,37.5651462998501],[127.0891860006695,37.5662525989007],[127.0909367015805,37.5657048994654],[127.0927948011061,37.5692627975349],[127.0943217007829,37.568195500283004],[127.09381210072809,37.568985901547904],[127.09101770185269,37.5695734007312],[127.0914565014139,37.5711234991811],[127.09192780276939,37.5720105994009],[127.0963982021252,37.5731109993759],[127.0959913025321,37.5768064956804],[127.097433003962,37.5789490972558],[127.1003506010444,37.579637296567604],[127.1025279004803,37.5789278997135],[127.1012169014236,37.5792462004744],[127.099482200973,37.581694401762604],[127.0991886012666,37.5833159001411],[127.1006846006772,37.584045100933295],[127.09918860108071,37.5833159018974],[127.0984007018686,37.584080301133],[127.1005887000214,37.5868988985695],[127.1011010002608,37.5860082989701],[127.1023869018739,37.586588898233],[127.1016143009002,37.5870002998655],[127.1027626004239,37.587723399816305],[127.10301870035141,37.5900317002183],[127.1009244005312,37.593000499701304],[127.1015015006596,37.5934963001533],[127.1005880007812,37.593591400233],[127.1017830002984,37.594569700048],[127.1010446004516,37.5950049001766],[127.1010400003198,37.597384599588395],[127.1026955003382,37.5986562000291],[127.10292610029511,37.600224900277304],[127.10083040029541,37.6011424004513],[127.1002269999626,37.602294300394995],[127.0981686005202,37.6018726003508],[127.0988045003057,37.6031066006098],[127.09815320021269,37.602384300815494],[127.0974245000247,37.6040594000852],[127.0956605008369,37.603801100304395],[127.095523000338,37.6052950994124],[127.0963780005426,37.6056116999144],[127.09551350049699,37.6056038006347],[127.09512610089111,37.6083247986869],[127.0956172004,37.6086568983548],[127.09708270002581,37.606968499866504],[127.0987762999369,37.6098525982511],[127.0995699003563,37.6095608990574],[127.104839101254,37.6130011004462],[127.10456109905749,37.6138720009998],[127.1038820999892,37.6122302004031],[127.10166250043271,37.612991201133006],[127.1022997004402,37.6173219002262],[127.1003559996421,37.617993300522805],[127.0988922998584,37.6144879019352],[127.0959453009103,37.6156769008515],[127.09503680181881,37.616855399673],[127.098435700315,37.6181555982675],[127.0980644006539,37.6195676989786],[127.09925840220859,37.620336699590204],[127.0980644006744,37.6195677012972],[127.0970240007698,37.6200252010176],[127.0946246013418,37.6224168994021],[127.0943282021374,37.6242320978957],[127.0969165001907,37.6251872973374],[127.0989703993123,37.6232151981133],[127.09890280104071,37.6248337997492],[127.0998450000985,37.6247501998328],[127.0996603009405,37.6264082994656],[127.0971052014114,37.6259833011744],[127.0962596013524,37.6278539021398],[127.09310440087461,37.6273967022227],[127.0909957995574,37.6288658001328],[127.090029499023,37.6278343991249],[127.091501398337,37.6276998987878],[127.09147849835989,37.6258008006869],[127.08917990065851,37.62545770103],[127.08873800134981,37.62681340200891],[127.0866586034292,37.6269147019076],[127.0851392049741,37.6280321011501],[127.0828584072549,37.632462896719304],[127.08387810004251,37.6411806005574],[127.07645000503089,37.644448001886396],[127.0772598034514,37.6478995003484],[127.07975000145771,37.650600000487096],[127.0780150017865,37.6509939006323],[127.0783322012973,37.651898100537],[127.07589630009589,37.653718701322596],[127.07473020091291,37.6565454003645],[127.0751302006108,37.6581627989071],[127.07689979884121,37.658346898722996],[127.0768234013221,37.6572014991265],[127.0768998012457,37.6583468979811],[127.0799137000703,37.661201795165],[127.0801610007805,37.6625331030493],[127.0780127007308,37.6632770025506],[127.0776374011061,37.665773200054396],[127.0767089004513,37.664509601237405],[127.07563670107831,37.6648896010319],[127.0757040981644,37.6657673026991],[127.0722065997598,37.6649919007008],[127.06994180063819,37.6665295006105],[127.0700392014181,37.6674754004313],[127.0668544006592,37.6692429021354],[127.06610310130361,37.6719695002374],[127.0632104029615,37.6731875993105],[127.06282830179191,37.679537597787004],[127.0651904021489,37.677784398983],[127.0659758028944,37.6806218005486],[127.0639297017011,37.6797420047483],[127.0608115048193,37.6824196020707],[127.060911301019,37.683874504467504],[127.0554447002379,37.6881402009022],[127.05324310089931,37.687879901097396],[127.0532496999907,37.688623201215705],[127.05104450219591,37.6893673004716],[127.0508460002093,37.691058900888905],[127.0497168013385,37.690986700961105],[127.0486338997986,37.6921988026689],[127.0472033989355,37.6914444017287],[127.045179900959,37.6922352009379],[127.04537780016919,37.696774400903806],[127.0444468988036,37.694686001261196],[127.0430014995859,37.6958705002918],[127.04206219738441,37.6945374995258],[127.0417465977,37.6908346032287],[127.0388367975995,37.6898258026888],[127.0380253976654,37.686646500377],[127.041101498883,37.6853335945919],[127.0423139976705,37.6827270971984],[127.04386029954071,37.6826576991488],[127.0443731990278,37.6819366998698],[127.0434247994549,37.6815093002537],[127.04355189962699,37.679787300006],[127.04297529964869,37.679753999404305],[127.0452590984924,37.6788382000499],[127.04457749948341,37.676730699362],[127.045265499821,37.6770153990118],[127.04617739890911,37.6758853001419],[127.0460467995892,37.674482899693004],[127.0495893990493,37.673343199078495],[127.05017639945,37.6698413007446],[127.0480213002245,37.6693381007194],[127.0480717980506,37.667854500327195],[127.0460551000673,37.6669831011986],[127.0442666993545,37.6705189005896],[127.0428171995504,37.6698854007008],[127.0426353994795,37.6686196008044],[127.03949049937489,37.667157000464506],[127.0409409995074,37.667292599545505],[127.04092249961349,37.6660727995811],[127.0427549999598,37.6639304997631],[127.043080501254,37.6651809990398],[127.04540060006069,37.6642189986799],[127.0452968010829,37.6651666990945],[127.0480718008892,37.6678544982184],[127.0505637991386,37.667217898571494],[127.0517006980017,37.665425300364106],[127.0507472989551,37.664258001531394],[127.04860650035451,37.6642070018659],[127.0460907993743,37.6627568001025],[127.0467588001585,37.6618701985545],[127.0485857989343,37.662198099086694],[127.0488468991678,37.6605995992326],[127.0515309989855,37.658619800446594],[127.04842860008459,37.6570779018044],[127.0458806010762,37.6569754014901],[127.0449306994821,37.659492601091],[127.04486709853981,37.6586857006029],[127.04266649971929,37.657042401492],[127.0418217993967,37.658610200569896],[127.04111539954809,37.6572895009504],[127.0381516999186,37.6571632000368],[127.0392522992153,37.656624799868105],[127.0385601997641,37.6547747001488],[127.0346875998753,37.654409900949496],[127.0337463998267,37.6527504009261],[127.0301131998979,37.652230400654304],[127.0272172993811,37.649032400327904],[127.0283325991058,37.646731899006596],[127.031584599833,37.646977599356],[127.03222149919611,37.646211600122],[127.030050099544,37.6442082998881],[127.031069400131,37.6423804995705],[127.0330102996112,37.6439391987086],[127.0333179002424,37.6425799998512],[127.0332190009635,37.6442729988145],[127.0347260994564,37.643633499454],[127.0342124996285,37.6425554993565],[127.0365781002553,37.6425215989471],[127.0371965008107,37.6438069992723],[127.037982000276,37.6436028995743],[127.0396439003438,37.6453602994129],[127.04031359983601,37.644840099398905],[127.0397374005111,37.6459314999802],[127.04129130063049,37.6473473994346],[127.0420029008481,37.646887299908],[127.0416730017518,37.6484497992284],[127.0432700001548,37.6484799991982],[127.0450291984376,37.6452356995304],[127.04622449889199,37.6445930997415],[127.04522589989061,37.6430371012975],[127.0445546989538,37.6443085993232],[127.0466148979793,37.6413253999829],[127.0501763004335,37.6411144990313],[127.0509925998284,37.6420698984966],[127.0525146983063,37.6419948985716],[127.05356929838791,37.6404253989458],[127.0525262001051,37.6390528992722],[127.05393269876251,37.6389683993288],[127.0537840986884,37.6375057992401],[127.0549499975022,37.6359778000472],[127.053630698788,37.632955099673794],[127.0546784988272,37.6321006004461],[127.05268799881651,37.6284244000537],[127.0541120985334,37.628349899305604],[127.0543325983129,37.6271742004813],[127.0526503999951,37.6261650014905],[127.0521689004766,37.62713550052],[127.05196859920039,37.625727600770496],[127.05509809956659,37.6263674989801],[127.0575997983114,37.6251719995196],[127.0578475980636,37.6226805020111],[127.05613679977441,37.622750501941105],[127.0564126980222,37.621381601504396],[127.05455269988221,37.6201745027115],[127.0539012994169,37.6205589019984],[127.0534817978502,37.619458702124],[127.0509369997425,37.6188454023714],[127.0503440003205,37.6210269005662],[127.0485653999593,37.6212536003921],[127.0490499994063,37.6207659001538],[127.0484777996925,37.6199098008492],[127.0452482003771,37.6201974009943],[127.0440546997557,37.6195495004544],[127.0437914999401,37.6158912002903],[127.0417104000034,37.614163300695004],[127.040237099072,37.61429910055389],[127.0404714992786,37.6121100005751],[127.039468199155,37.6117227001004],[127.0404714994409,37.612109999149],[127.0409340986126,37.610694399721],[127.04051519894661,37.6092891009384],[127.0390228999764,37.60844810146509],[127.0382784007209,37.60852320139],[127.0388624001093,37.610335200236705],[127.0382783989387,37.60852320032],[127.03671780009151,37.6080633009257],[127.03546860066051,37.610591900512105],[127.0357313991215,37.609778800446804],[127.03249269972821,37.6093668002518],[127.033168497902,37.608151599169],[127.03256609855809,37.606709200491],[127.0301302994876,37.6062370004942],[127.0288363995146,37.6017497000038],[127.02990129974971,37.6018474997357],[127.02982709929411,37.6009547998028],[127.03071679910329,37.600641400133],[127.0304300997798,37.5991809000305],[127.0316339994279,37.598696699833695],[127.0311901985987,37.598056897819504],[127.03274089811339,37.594817300265106],[127.03255869832239,37.5934666005572],[127.03053630002289,37.5912010026141],[127.0285284012385,37.5919733021953],[127.0280319006061,37.5930366011455],[127.0267796997804,37.5928804004925],[127.0262083999198,37.5919331001259],[127.0253641003262,37.5922741010955],[127.02618349988761,37.591771100009105],[127.0248047000626,37.5901556004991],[127.02217620111911,37.5908644025112],[127.02098860064599,37.5904552005465],[127.02099320047911,37.595756200807294],[127.0191544006649,37.5966931006901],[127.016212200171,37.5964912006537],[127.0146798993749,37.597574900232296],[127.0145545996597,37.5965928008359],[127.0133641992731,37.5959667003932],[127.014849598655,37.5951877997575],[127.01234820032451,37.592931701930404],[127.0115717995371,37.593354300815804],[127.0106432991269,37.590441599741496],[127.0141079988897,37.590357699270996],[127.0142040987936,37.5895350000937],[127.0129861995432,37.588686599858605],[127.0132871993237,37.5876343002547],[127.01257599925249,37.587559399930406],[127.0129125992327,37.585615099474495],[127.0132272000295,37.586484898833405],[127.01403999921669,37.5864699988483],[127.0162050972988,37.5854622992312],[127.0146054988984,37.582971301722196],[127.01105389945249,37.5802680999916],[127.0127241990258,37.5784434996015],[127.01140449946419,37.5771866999953],[127.0124968997153,37.576937699467805],[127.0135437994544,37.5734033004576],[127.0106230996648,37.573673300714105],[127.0116991990482,37.5729714995429],[127.0116689990784,37.5719502005642],[127.0096592995956,37.5715951999587]]],[[[127.02007519943429,37.63884039937],[127.02062769970341,37.635635099365004],[127.02126749971609,37.635822099531495],[127.0210197998298,37.6350452994562],[127.0227240997697,37.6345161991],[127.0232597998168,37.6335456990814],[127.0245650002388,37.634206399750695],[127.0243038002441,37.635195099151495],[127.0250293997744,37.634238699718395],[127.0283293991516,37.6336608967748],[127.0310762005675,37.6360520000175],[127.030211400679,37.636003100183906],[127.0305803001688,37.6368773004947],[127.0296984006041,37.637012000056096],[127.0304569003129,37.6382263997963],[127.02967590082051,37.640409900015804],[127.03017200048609,37.6413928999102],[127.0288002001578,37.6419239007379],[127.0239609998518,37.6411967006127],[127.0228865998725,37.642211700691995],[127.0225566995003,37.6405551002708],[127.0208369999364,37.6400375005366],[127.02007519943429,37.63884039937]]],[[[127.1013953995852,37.6029645997307],[127.1033239997225,37.6019942997915],[127.10394120021459,37.6025639997935],[127.10340900071179,37.6035537991834],[127.1046034995173,37.603729299007895],[127.104735499941,37.6024284998954],[127.106010299576,37.6016048996351],[127.1062263001141,37.6021926994758],[127.1090249002164,37.6014645994652],[127.1080284006178,37.6023887998941],[127.1109176996963,37.6035012992821],[127.1117032007828,37.605141400278804],[127.11128670064089,37.6062083999171],[127.11257230136789,37.6073027997505],[127.1110984001873,37.606694400182406],[127.1110813002171,37.6086302001547],[127.1093145004599,37.6084037010737],[127.1074070995881,37.610829902145],[127.1067514985082,37.6099254010716],[127.1036591999619,37.6105249003821],[127.10565079800041,37.606815602034494],[127.10411329831629,37.6047469002358],[127.1013953995852,37.6029645997307]]],[[[127.0499039989363,37.5651423990114],[127.0502573985829,37.5645004996533],[127.0506774000669,37.5650923993573],[127.0555593994586,37.5644548992606],[127.05578370037121,37.5661043003122],[127.0537170000903,37.5659361009009],[127.0530504007569,37.5668540999829],[127.053727100199,37.5673660999579],[127.0529144002775,37.567987700156806],[127.053450599868,37.5687226004372],[127.05258120005901,37.5682388005003],[127.0515902000172,37.5690022004651],[127.0510891998243,37.5683242006117],[127.0501519999839,37.5690221004265],[127.0510589986058,37.5666946988823],[127.05067739910909,37.565092400263495],[127.0499039989363,37.5651423990114]]],[[[127.0096066992335,37.6014591013942],[127.01080010001169,37.6021737989709],[127.01197379994291,37.6012384998383],[127.0116556008075,37.6024738990816],[127.0129524995106,37.602720898834605],[127.0137353987277,37.602059499496],[127.0125745998284,37.6007928000267],[127.0148238002329,37.600031599288],[127.01586710044289,37.6016102985797],[127.0176126011772,37.6023367996589],[127.0152037008265,37.6044230005488],[127.0156504001791,37.6050036002757],[127.0134592003775,37.606043900605506],[127.0133565991755,37.604901900419705],[127.011234399808,37.6057303003873],[127.01058929982351,37.6050788012467],[127.0110704982813,37.603173600298895],[127.0096066992335,37.6014591013942]]],[[[127.02173069974931,37.625102899937104],[127.0245704992407,37.6248247993383],[127.0245895999735,37.6238950994903],[127.0274260004079,37.6230223995636],[127.02833550036469,37.6248284997497],[127.0291876007066,37.6250455993202],[127.029562500447,37.627204000169996],[127.0282747001847,37.6272117004949],[127.0262866011944,37.629382701053004],[127.0241539999147,37.6294235002127],[127.0237086994572,37.6275705004147],[127.0218858997346,37.6264875006291],[127.02173069974931,37.625102899937104]]],[[[127.0422125994338,37.5792896998302],[127.04294999912321,37.578769998846695],[127.0462636000907,37.580568199903404],[127.047436100141,37.580301099749796],[127.0473448002037,37.5816613996757],[127.0483832005107,37.582502300018405],[127.0475563999843,37.5828451002886],[127.046991799658,37.581573500294894],[127.04502430046449,37.5811414006142],[127.0444114998285,37.5826695004505],[127.04464999919331,37.581920000313794],[127.04288579974049,37.5810345003016],[127.0432737988414,37.5802069996275],[127.0422125994338,37.5792896998302]]],[[[127.100992599609,37.5462491997677],[127.1013952997902,37.545098999618304],[127.103306599248,37.545467199102895],[127.1033589994755,37.5438107992015],[127.1038398002395,37.5448818997634],[127.10578870123621,37.5448922995269],[127.1051123001407,37.546301901333806],[127.1030054995489,37.546056200853904],[127.1022320000364,37.5468555000504],[127.1019115994374,37.5457034006686],[127.100992599609,37.5462491997677]]],[[[127.0763157986336,37.670971200023295],[127.0779719998628,37.6676819989447],[127.0819778999826,37.668924699712896],[127.0821077004342,37.670056499088304],[127.0829708002519,37.6702938002283],[127.08082250100169,37.672923000835894],[127.0782951000604,37.673111200657104],[127.0763157986336,37.670971200023295]]],[[[127.1420923990511,37.6044436996679],[127.1428347996065,37.6029499002877],[127.1422497999113,37.6024386996367],[127.1432170996107,37.6019977996003],[127.14444619996931,37.6029594993881],[127.144501100354,37.602386599491204],[127.1459411003192,37.6023419995621],[127.1462169004895,37.6033005999262],[127.1453697001652,37.6045623003609],[127.14234170032,37.603841600402205],[127.1420923990511,37.6044436996679]]],[[[127.02256849895751,37.5752423997809],[127.0234060999243,37.5745012985116],[127.0246830001238,37.5761411995376],[127.0261766009029,37.5764564003725],[127.0226505001303,37.576627101046306],[127.02256849895751,37.5752423997809]]],[[[127.02913689936109,37.6121159003714],[127.030168799355,37.6114317989989],[127.0302882009323,37.6123429992763],[127.0317468002538,37.6121578997694],[127.03149810023389,37.613762000096],[127.03023060068979,37.6135540006956],[127.0301353005442,37.6145162005993],[127.0292784997016,37.6147398003404],[127.0298979994148,37.613683000583],[127.0291588998698,37.6134712005771],[127.02913689936109,37.6121159003714]]],[[[127.053312298839,37.698284999428196],[127.0542374001979,37.697640798597405],[127.055948000664,37.6985086996473],[127.05494590107301,37.6985160002645],[127.0547416012773,37.6997913989891],[127.0573268016461,37.6992798000743],[127.0571565003906,37.7007917002324],[127.05616650092911,37.700758800821504],[127.0554951988654,37.7020980012623],[127.0536623994275,37.700416400752104],[127.053312298839,37.698284999428196]]],[[[127.03346169988501,37.578009700053606],[127.034984301433,37.5768617998704],[127.0351611009591,37.5782953007093],[127.03346169988501,37.578009700053606]]],[[[127.05023149982769,37.518752200015705],[127.0528264989636,37.518541499199195],[127.0533814003122,37.517723398971],[127.0533478008463,37.5187812997796],[127.0543951008537,37.5189738006836],[127.0529951005074,37.520094301349495],[127.05023149982769,37.518752200015705]]],[[[127.00575259942839,37.5885828999831],[127.00647990043011,37.5880952991976],[127.00631230037051,37.588596100231996],[127.00575259942839,37.5885828999831]]],[[[127.0092908995926,37.5549459989835],[127.0102499991723,37.5541199998951],[127.00953919971471,37.553207799398706],[127.0114564011541,37.55377409988],[127.0108499007541,37.5551913001478],[127.0092908995926,37.5549459989835]]],[[[127.0417081984138,37.5661373001402],[127.04173000008821,37.565419999821806],[127.0444231010018,37.565558898136096],[127.04496920032129,37.567462900212604],[127.0417081984138,37.5661373001402]]],[[[127.0068704993823,37.612640399829594],[127.0078498992076,37.612030899512604],[127.0078033997692,37.6108906996635],[127.0099099005645,37.611368900104104],[127.0084600012821,37.6116900004692],[127.0084519002186,37.613531900334195],[127.0068704993823,37.612640399829594]]],[[[127.0367137998597,37.562054500052405],[127.0375467001397,37.562001599717505],[127.0375805001243,37.562502000177304],[127.0367137998597,37.562054500052405]]],[[[127.1233629995712,37.5385821001216],[127.1234735998399,37.538544799597],[127.12439280046229,37.5382721000456],[127.1234736004155,37.5385448000416],[127.1233629995712,37.5385821001216]]],[[[127.0361523997451,37.5782279998983],[127.03645230029119,37.5781189001933],[127.0362341999889,37.5783027002999],[127.0361523997451,37.5782279998983]]],[[[127.04103979937759,37.5170254000091],[127.0413670007691,37.5173054001488],[127.0409819995694,37.5172040005898],[127.04103979937759,37.5170254000091]]],[[[127.05753639957871,37.600454899941],[127.05751719959791,37.6000827003132],[127.0575442000451,37.599481099900096],[127.0575172001718,37.6000827004288],[127.05753639957871,37.600454899941]]],[[[127.0484799991572,37.580690000438],[127.0484800001272,37.5806899990821],[127.0484800010498,37.5806900001364],[127.0484799991572,37.580690000438]]],[[[127.0528809997279,37.5880133000069],[127.0531306999614,37.587886399535805],[127.0532001000786,37.5879577999112],[127.0528809997279,37.5880133000069]]],[[[127.07135619984939,37.5305175005019],[127.0713712005806,37.530551099814396],[127.07146870041039,37.530769900447005],[127.07135619984939,37.5305175005019]]],[[[127.1610744995297,37.6092568999631],[127.1611294997687,37.6091719995523],[127.1612085001362,37.609059299792],[127.1611295000756,37.6091720002703],[127.1610744995297,37.6092568999631]]],[[[127.0050320997262,37.5647302005353],[127.00549049945019,37.5646842997493],[127.00577870046679,37.564630599901],[127.00549049965329,37.5646843008436],[127.0050320997262,37.5647302005353]]],[[[127.01134019956221,37.6004874006707],[127.01134020049051,37.6004874001176],[127.01132369994271,37.6010750001181],[127.01134019956221,37.6004874006707]]],[[[127.0376398999062,37.561373999842104],[127.0377008999265,37.561345799943695],[127.03768689999569,37.5612887999307],[127.037700900035,37.561345800141],[127.0376398999062,37.561373999842104]]],[[[127.024562199781,37.629950800669306],[127.024562199729,37.629950799538804],[127.0246166001884,37.629965500050794],[127.024562199781,37.629950800669306]]],[[[127.0622653993062,37.533024100245896],[127.0622931002198,37.533084799734894],[127.06239220031101,37.533297100723296],[127.0622930992785,37.5330848001852],[127.0622653993062,37.533024100245896]]],[[[127.104401098615,37.6148672009414],[127.104401100244,37.6148671992377],[127.1044011010148,37.6148672008973],[127.104401098615,37.6148672009414]]],[[[127.05239789936441,37.6380136990182],[127.05247250022269,37.6380891002081],[127.05239789924241,37.638013700570404],[127.05239789936441,37.6380136990182]]],[[[127.02526329957091,37.6037369991745],[127.02526330056321,37.6037369992914],[127.0252633001255,37.603737000251904],[127.02526329957091,37.6037369991745]]],[[[127.02900629958701,37.645536200193305],[127.02900629997191,37.645536199461],[127.0290063007253,37.645536199689204],[127.02900629958701,37.645536200193305]]],[[[127.0143536989332,37.620162800364],[127.0143537003534,37.6201627995312],[127.014353700136,37.620162800662506],[127.0143536989332,37.620162800364]]],[[[127.0070313998239,37.5480096001279],[127.0070314000445,37.5480095998495],[127.00703140027261,37.5480096001345],[127.0070313998239,37.5480096001279]]],[[[127.02440489994949,37.5750449000016],[127.02440489996049,37.575044899916],[127.0244049004746,37.575044899786604],[127.02440489994949,37.5750449000016]]],[[[127.06231239991159,37.6560754999829],[127.06231240002569,37.6560755000033],[127.0623123999816,37.6560755000565],[127.06231239991159,37.6560754999829]]]]}},{"type":"Feature","properties":{"interval":60,"stationId":"6046634708"},"geometry":{"type":"MultiPolygon","coordinates":[[[[126.883310899911,37.5260622999826],[126.88499899930159,37.5258011992976],[126.8841659992183,37.5245987996882],[126.8850082994538,37.5244697987577],[126.8854277999678,37.522994699871],[126.8858391009577,37.5238935994358],[126.8868318005281,37.5234782997614],[126.88952000041101,37.5250999994859],[126.8928858987359,37.522381500195],[126.8928371010269,37.5217094987014],[126.89306960109981,37.523169598474304],[126.89459929957009,37.5242082974356],[126.8959231982462,37.522585299058605],[126.8954025997837,37.5212733990755],[126.8967646006368,37.5225623987117],[126.8981354999584,37.5226566994605],[126.9035803985784,37.5190106001361],[126.90337059906871,37.5182107000691],[126.9035804004497,37.5190105991481],[126.9059243999849,37.5178324996987],[126.90691010089171,37.519038399574],[126.9086804991213,37.5184441001683],[126.9078699996352,37.5171281001596],[126.90933459937709,37.5171762990781],[126.9099578988477,37.5156969004214],[126.90497499797229,37.5133750990449],[126.9063397995097,37.511669399741706],[126.90748549963081,37.5118617993425],[126.9073113998049,37.5111806000237],[126.9085852996918,37.5113736993972],[126.9088284994489,37.5107045995536],[126.9103656001794,37.5105921995566],[126.9121411004543,37.5124356998178],[126.9113838008014,37.513702700281904],[126.9125713018634,37.5163143003117],[126.91420330011739,37.5175345993039],[126.9152627000365,37.5177845991099],[126.915718999501,37.5167482998581],[126.9149261996643,37.5156468993405],[126.915890299543,37.514726599685204],[126.9186481989458,37.5138895987947],[126.91924640057931,37.5140147998444],[126.91868620063839,37.5151495006525],[126.9193300999945,37.5169246988773],[126.9200025999089,37.5167956992962],[126.9233185987368,37.5140573999989],[126.92254589960001,37.5133352994276],[126.9247312989072,37.5112303002832],[126.9241325991565,37.5096621010283],[126.92297439978461,37.5099492008898],[126.9226334994446,37.509054998962895],[126.92526459955151,37.508788096994294],[126.9259407003165,37.5109087976136],[126.9266165023349,37.5109960986446],[126.926591200446,37.5127055994245],[126.9295099011698,37.5140636991421],[126.92913060213249,37.516966198034396],[126.9302342010289,37.5181942968063],[126.933130300485,37.517244599649196],[126.9323186009759,37.5194967989286],[126.93328670095539,37.5200798989789],[126.93262230070121,37.5201328006818],[126.9320040007185,37.52280609860539],[126.932551600594,37.523146098504895],[126.934353598792,37.5213329003181],[126.9341265996963,37.5207063997049],[126.93435359987909,37.5213328993126],[126.9359915999644,37.5206626993398],[126.9377082004343,37.521373198266],[126.94123640034249,37.5205462995346],[126.9413419005066,37.5225507996756],[126.9506568911916,37.5296867925396],[126.95218030026109,37.529381698240705],[126.9532008998571,37.5300211997703],[126.9534972989441,37.5281020995203],[126.9550972006949,37.5274527991033],[126.9579426978494,37.5318428947132],[126.95654539924669,37.525794400761704],[126.95795699894079,37.52421970033],[126.9570252994763,37.523635999426006],[126.9579626994491,37.523375498842704],[126.9593586980272,37.5211622973723],[126.9618906005961,37.5202487994882],[126.965770096754,37.5205427991811],[126.9689243000292,37.5191301979616],[126.96980719919631,37.5168811001913],[126.9651209038826,37.5094379076345],[126.9610049015192,37.5115603081636],[126.96031169929921,37.5104017012318],[126.9589449991405,37.510173799431094],[126.96003869863169,37.509688399409804],[126.9590730995191,37.507186298970204],[126.95976520112191,37.506292297437895],[126.9617672002129,37.506473897456004],[126.9625856018595,37.5057945974343],[126.9651038003959,37.506789499189296],[126.9668762001474,37.5055483994145],[126.97087809843089,37.516393191213005],[126.97311039913019,37.5155713911695],[126.9732169990236,37.5065228002181],[126.9701148989297,37.5064554001679],[126.9705651992453,37.5019766000118],[126.9729014998813,37.5007981992856],[126.9730889996234,37.4993609993095],[126.975107099482,37.500436398980895],[126.9761937994037,37.4994809990903],[126.9771553999433,37.5007064994532],[126.978182600328,37.500497899635796],[126.9783832001274,37.5013827987509],[126.9800486987838,37.500771499111096],[126.9793198979035,37.498246800329],[126.9805124982077,37.4971903994927],[126.9792883994318,37.4944873021958],[126.97809549848219,37.4957453006838],[126.9781874983902,37.4945548018743],[126.9770168995608,37.4935056029235],[126.97157339995209,37.490786300381906],[126.9701468006496,37.492439402032204],[126.9662893012069,37.4920076009398],[126.9624211999772,37.4954400001667],[126.9599129002938,37.4958176023378],[126.959109701097,37.4974076007478],[126.960484502271,37.4996090018209],[126.95789539990629,37.4973737000509],[126.9591096992497,37.497407599717505],[126.9584506994428,37.496667099801606],[126.95863599957259,37.4949792009545],[126.95779140041721,37.4951528007809],[126.9578890999644,37.4960850001991],[126.9569692004424,37.495873700291],[126.95725610021809,37.496838800154],[126.9559696000385,37.495929300279],[126.95561010044901,37.4977701990521],[126.9573397000682,37.4974235999419],[126.9568670009369,37.498274800544294],[126.9555146014802,37.4979788013912],[126.95361950282211,37.4995806008793],[126.95469920174239,37.501165199294704],[126.9550048022913,37.503712699658],[126.9536060003363,37.5048142001991],[126.9538170001253,37.5068434981698],[126.95515770040011,37.506268598717],[126.95593370117591,37.506740701864004],[126.9551577002165,37.5062686009846],[126.9538170015572,37.5068435004097],[126.9527606006352,37.5087772018665],[126.94890340114901,37.509582600853705],[126.9482320017147,37.5118399991285],[126.9495284004183,37.5126460983224],[126.9503944995522,37.512275098693394],[126.9502525007755,37.5110262989364],[126.9520587010618,37.5123850984651],[126.9542220005812,37.5116495996352],[126.9549292001485,37.512563999357],[126.9552352007009,37.512098199268294],[126.95587800010709,37.513915600019395],[126.9535596013978,37.51275300166849],[126.95310400185339,37.5146102998112],[126.9497333976246,37.5153151013022],[126.9475760000259,37.5133928013248],[126.9452265995332,37.5142628012673],[126.9432517997316,37.5161910005449],[126.9420184993945,37.515853300028404],[126.94320189930751,37.5160695989724],[126.9440775995676,37.5152959984021],[126.94340889975139,37.5131289005404],[126.9426760001494,37.513797100180795],[126.9392270009524,37.5137152002702],[126.93913020035829,37.5144439002129],[126.9383625999079,37.513099600264795],[126.9376676000766,37.5130788002582],[126.9373216005244,37.514139100150004],[126.9359292994227,37.513223000737604],[126.93297579888,37.5132577004333],[126.93403269885741,37.5121762010507],[126.9334325985162,37.5114727001304],[126.937005398858,37.5096930996224],[126.936918799016,37.508398200468804],[126.93488139913869,37.5075916007852],[126.9341435993351,37.5063919009581],[126.9322924971041,37.5070866999486],[126.9328573964467,37.5060867984785],[126.93203409726999,37.5033737011916],[126.92545559879211,37.5032188004202],[126.92484949935519,37.5021025007431],[126.92315600023531,37.5018426007119],[126.9220079998953,37.5040865000836],[126.9205351979851,37.5032753000134],[126.9198987986215,37.5017076015811],[126.91728449884589,37.5015703016035],[126.9162334999274,37.5000005011684],[126.9131343007611,37.5000538003434],[126.9116592003056,37.501806300698696],[126.9102998000379,37.5020941009956],[126.909230799764,37.5005378021013],[126.9073589988178,37.4998299003743],[126.908804899686,37.4987547991188],[126.9100419993152,37.499198299409805],[126.9102537001308,37.498175798782796],[126.91089270041931,37.499149199198],[126.91272000004919,37.4989499995414],[126.9138712010666,37.5000372997912],[126.9155249994387,37.500012599167896],[126.91746549929651,37.4971800994727],[126.9212876999239,37.4967338993616],[126.9242173992707,37.497582999471],[126.92725899930481,37.4944502993431],[126.9276304007884,37.4959370987834],[126.928459799959,37.4961795985409],[126.9294689995868,37.4950999996623],[126.9319013000442,37.4955782999552],[126.9317080009239,37.4986792993431],[126.93294020025361,37.4978994994646],[126.9327683007305,37.498770099691],[126.9349009002245,37.5007715994249],[126.93609200033771,37.4998204992176],[126.9378183995914,37.50024169866089],[126.9399654996606,37.499063299502204],[126.9406748000467,37.4997453992479],[126.9419959992848,37.4974803006204],[126.94145629939379,37.497042100063304],[126.9438408002934,37.4962951997318],[126.94815099895119,37.4979848986533],[126.9490034980987,37.4963654002728],[126.9475124992296,37.4957464002912],[126.946669699322,37.4922079003305],[126.9448186995623,37.4930990004477],[126.94580889859411,37.4920797999141],[126.9468909006927,37.4919423990946],[126.9467660002035,37.4927153996122],[126.9478672991022,37.493578598749],[126.9487488988347,37.4922282988087],[126.951075799617,37.4916923997338],[126.9504633992383,37.4903019998815],[126.95256140030439,37.490798399396304],[126.9530822997835,37.490295799898895],[126.9526244998089,37.4885164995815],[126.95519799965119,37.4896154985938],[126.956744699183,37.4876225997088],[126.9614412985465,37.489560699357895],[126.9622548989618,37.485719399642],[126.9645176975539,37.485957899540104],[126.96681199533151,37.4828641998867],[126.9665410957238,37.481973400449604],[126.9604269997329,37.479707500380705],[126.9627483998995,37.4757561995309],[126.9634876009482,37.4769996990145],[126.9647109009086,37.4765226990315],[126.9677530000374,37.4799693968281],[126.97221189979281,37.474520199774304],[126.97479399976581,37.4725457990868],[126.9765473992335,37.4726534986764],[126.9764896992913,37.4709463003007],[126.97733600095509,37.4705417985292],[126.97862979966129,37.4715412975297],[126.9829779973761,37.469993498966204],[126.9832747998431,37.4710464986311],[126.9849241007806,37.4692633993655],[126.983274801921,37.4710464992427],[126.985705301086,37.472919398464605],[126.9871306011763,37.4719622990989],[126.9895242987826,37.474894396166796],[126.991503299776,37.4742005971132],[126.9913502019417,37.4751104004436],[126.9907245002803,37.474566500844304],[126.9887913022622,37.4758250005196],[126.9893190017345,37.478610997733604],[126.9911100999434,37.4793574969871],[126.995468798221,37.4793514973263],[127.0011416012247,37.474706497037204],[127.004182800306,37.4769608996283],[127.0044641010453,37.479005200444405],[127.0065862007525,37.4816932996533],[127.0105414985256,37.4808165995778],[127.0106082996309,37.479511598650205],[127.0131002001932,37.4783423992432],[127.0161594003864,37.479324098533],[127.01736240055969,37.4789683973983],[127.02037130057079,37.482691997731],[127.02186090004739,37.482710897322804],[127.02333179857649,37.4814064986272],[127.02599839999631,37.483798099234605],[127.0271905001229,37.4837784995985],[127.0287000986133,37.482525000852],[127.0277160990599,37.4796662996893],[127.0289437983101,37.4785731004763],[127.0288143990059,37.47677139952879],[127.03077019919881,37.4737128996507],[127.0309468993594,37.4715025000285],[127.0302540995729,37.4709391998204],[127.0311996985883,37.469172399064995],[127.0297605986473,37.4667731986754],[127.0304717995657,37.467110199041],[127.0342299982306,37.4645499999552],[127.0325147988054,37.4640589985612],[127.0342751005485,37.4619623990112],[127.0355715999404,37.4633044998712],[127.0371526002854,37.4617176997482],[127.03645100069009,37.4625566993399],[127.03808240044519,37.4619531987326],[127.0393775008116,37.4633291997054],[127.040984300812,37.4629840987313],[127.0418117004934,37.4645728973909],[127.0434919005153,37.4650151977059],[127.04509469927261,37.4635679989979],[127.0451908995986,37.4619136003079],[127.0444745998586,37.4619665995699],[127.0462832004648,37.4610070987132],[127.04836210145001,37.4621340016611],[127.04637170030139,37.4612262016266],[127.0456829017922,37.4646264996201],[127.0465971023156,37.4681599978035],[127.0491440023326,37.4702782985261],[127.04871270081999,37.4731030992467],[127.04948230036639,37.4741972002439],[127.0472224007557,37.4745077005365],[127.0476424003688,37.4765722002422],[127.0464446001563,37.475773500606806],[127.04378670122429,37.479790699762106],[127.0446460018285,37.4814326996217],[127.04697449950001,37.4828222982321],[127.0487998990563,37.4818279993821],[127.0488557991871,37.4805923999123],[127.04751449952161,37.478816599915504],[127.05095680036959,37.477533199290306],[127.05273029972949,37.478683598976296],[127.0532226001521,37.478203499556],[127.0520702001739,37.4794415001177],[127.052355099889,37.480258399300794],[127.0548087990867,37.481847998312396],[127.0576427971793,37.4798790993533],[127.0555199994037,37.478201300924106],[127.05411119932579,37.4783204998523],[127.05475250001301,37.4766111998949],[127.0568740001488,37.477755099301206],[127.05837120279969,37.4773182997807],[127.0582170029539,37.479580997518006],[127.06111580005509,37.480680296418704],[127.0627051984657,37.4779543991446],[127.0647352988354,37.4792566981517],[127.0654296999013,37.4777348980513],[127.0650907017015,37.4789552988287],[127.0726320033134,37.4840603990426],[127.0751340008114,37.4848463982566],[127.07723339905449,37.482636099874604],[127.0784874993784,37.482814599261594],[127.0791653987005,37.481525500550696],[127.0784523990697,37.480656898693],[127.080474000162,37.479691997564],[127.0819478993531,37.4804137968582],[127.0869885010201,37.479471498680105],[127.0842864028462,37.481388799151496],[127.08527640185619,37.4834877970525],[127.08815990403,37.4836291977071],[127.0861706012731,37.4858303024666],[127.0862008008747,37.4878569018698],[127.08520010018829,37.4874510023167],[127.08371990030581,37.4888788012027],[127.0837151991224,37.4870847998616],[127.0827449979369,37.486810100559],[127.082235898446,37.4853369020322],[127.0801208005611,37.4843903029788],[127.07873240194951,37.4876836996854],[127.08218870123271,37.4889235003835],[127.0850636003924,37.4950704992132],[127.0860272001394,37.4955612000367],[127.08415560090451,37.4952599021313],[127.0823951014334,37.4967590021614],[127.0831326988765,37.495259100058],[127.0805931005501,37.4944495011451],[127.0784617008393,37.494853300718404],[127.0772269013716,37.496957500649],[127.0774874011111,37.498801498805],[127.0784578002921,37.4989341015493],[127.0745987006097,37.4977076010834],[127.0736379009594,37.4989803996247],[127.0745258004104,37.5032230969929],[127.07725840007781,37.5040975965035],[127.0808434995687,37.5019348981533],[127.0802654004011,37.4995018992367],[127.0811825001065,37.4992597997531],[127.08177480034891,37.5019157977015],[127.08230329982041,37.5018526977646],[127.0837004001281,37.5005416983787],[127.0863932983001,37.5006900972678],[127.0973634975215,37.4969399977402],[127.0968737000851,37.4908747014792],[127.09615790080089,37.4921233002306],[127.09687369902511,37.4908747011118],[127.09599469990411,37.4907072012793],[127.09510809918551,37.4919747001743],[127.09599469694241,37.490707201065604],[127.0961589967099,37.4875566978469],[127.0954001974687,37.4847840006196],[127.0925676976269,37.4849531005534],[127.09456830058231,37.4824105977062],[127.0931659017097,37.484424698409],[127.0973431979222,37.483564799505906],[127.0999087996303,37.4812014985476],[127.1030282994549,37.481564098891],[127.1036600992862,37.4800362002155],[127.10563050069901,37.4797168999478],[127.10566490078779,37.482456397356295],[127.1078431012033,37.483521298228396],[127.1077086006096,37.4886707975346],[127.1096109987072,37.4884197977856],[127.1090856001051,37.4859173987716],[127.11106270051961,37.4877262979955],[127.11298049940231,37.4851962994168],[127.1135981008459,37.485929498819],[127.1152815991624,37.4858079989405],[127.1164891983351,37.483716600364204],[127.11492539978201,37.4829926995892],[127.118257499609,37.4839440974845],[127.119358599302,37.4819848984337],[127.1214145989629,37.4816046991765],[127.1221965986282,37.4804498996142],[127.1216170975101,37.4782715010807],[127.1227934988934,37.476219698171604],[127.1243341998647,37.4757436997602],[127.1254783972513,37.4741698987221],[127.1270542990702,37.4740976991582],[127.1257756008892,37.4743383003094],[127.1263787002861,37.4754187992289],[127.1285729998268,37.4752508986994],[127.12961650063039,37.477099599062505],[127.13059580113419,37.476542199322395],[127.1302526004337,37.4783538001239],[127.1315340001436,37.479675299709896],[127.1307983002597,37.4795631001473],[127.1315850001389,37.4805316001034],[127.13081280065511,37.4805875002411],[127.1313587007272,37.4816356004162],[127.12827040084761,37.484200199674795],[127.1300885003591,37.4852712997454],[127.1294217008652,37.4857380996997],[127.1306968003812,37.4863522997585],[127.1314388001824,37.4880560991323],[127.13248830077,37.4873458994574],[127.1342489998929,37.4883239989717],[127.13481390037519,37.4870276995562],[127.1346950005045,37.488311799205995],[127.1356960995335,37.4881779993368],[127.13559199987981,37.486419899284904],[127.1394194995807,37.4814435987456],[127.1421076999624,37.482363999635794],[127.1426662000046,37.4833290987333],[127.1487664000564,37.4841023998876],[127.150103800395,37.485679699369],[127.1539854001357,37.4848095998046],[127.1542482005306,37.4864923002922],[127.1527215000936,37.485634700471095],[127.1523670004481,37.4862129998928],[127.1550888001079,37.4892445982811],[127.1568016992576,37.4874274000709],[127.1562924007113,37.4869650993722],[127.15967760022359,37.4869323994134],[127.161237601026,37.4885422991903],[127.161890702497,37.489992799975106],[127.1602121024107,37.4921089996828],[127.16245650072601,37.492370599985804],[127.1607413022835,37.4938768996699],[127.1604824025424,37.4950988984479],[127.1616827040794,37.4975238977639],[127.1611132000827,37.5004380004746],[127.15894580053539,37.5018604001532],[127.1593161003081,37.5031069011945],[127.15754869896001,37.5030000007037],[127.1569915995171,37.5022296014741],[127.15572120052751,37.503314101016194],[127.1546918002227,37.5018166011143],[127.153893399797,37.5025971007545],[127.1532828004076,37.5019859013657],[127.1510026998782,37.504432101497905],[127.1493334997393,37.504264600015496],[127.14932469974809,37.502836601443505],[127.1484228988779,37.5019430020488],[127.1470601992578,37.5019754016981],[127.1454682000638,37.503666300902],[127.14332400148491,37.5032124013234],[127.1443535004554,37.5051892993465],[127.1448940023402,37.5049715999955],[127.14393870231841,37.5061942016557],[127.1456041013658,37.509792998140604],[127.146749202067,37.5110168988216],[127.1488456004513,37.510816799326],[127.14674920160411,37.5110169006473],[127.1465313020133,37.513308299797096],[127.14810960043499,37.5150688980365],[127.1503759013625,37.5144725997843],[127.1492629008979,37.5159186002833],[127.1501462006796,37.5196144005849],[127.1483104025154,37.521349898849394],[127.1483176025082,37.5222838979154],[127.149993802123,37.5236482980856],[127.1517181034149,37.5277717995347],[127.154733601704,37.5316922995652],[127.1564587010908,37.5316898000043],[127.1544373024674,37.532304900328796],[127.1554268016973,37.5358872986231],[127.1565242005999,37.5362019983084],[127.1570040016811,37.5378930004699],[127.1545571036485,37.5388451007769],[127.15327160493399,37.5402637993582],[127.156761602543,37.5460793948895],[127.1558601006557,37.5464625999431],[127.15649760031589,37.549149597875],[127.1577932990202,37.549483897540696],[127.1608261999099,37.5484953997845],[127.1612780004469,37.5490043007423],[127.1603838013215,37.5506774991159],[127.1621003996049,37.5511267986666],[127.16506309895979,37.5505865990593],[127.16587649938259,37.5489605995417],[127.1666651992584,37.5491940992927],[127.1668385001478,37.5480021996415],[127.1685656005524,37.549714499542404],[127.1700776003168,37.5530334983351],[127.1744726990594,37.5535347980511],[127.17492370093659,37.551744399729095],[127.1752707014798,37.5537186007732],[127.1732511021145,37.556199399994],[127.17443930092631,37.557203198990194],[127.1789370990117,37.5578074976167],[127.17934889888079,37.554661800004695],[127.18001520041079,37.5546627993585],[127.1802427014208,37.5563334992502],[127.1823112003002,37.5568744000123],[127.1830369995744,37.5587508981358],[127.1847606001938,37.5594993000445],[127.1829268016881,37.5590935015241],[127.1814260019855,37.560068901528396],[127.1812729006346,37.5610793006732],[127.1791433992708,37.5616476011861],[127.17764319907731,37.558722802781496],[127.1754232005443,37.557498303967996],[127.17358630240089,37.560809800844304],[127.1721138995823,37.560647801820295],[127.17157430050591,37.5625665003299],[127.16800310040061,37.5619059008215],[127.1609171997639,37.5635465005705],[127.1574770006958,37.5624817010649],[127.15696539980691,37.5644822009116],[127.15644050005561,37.562913301220696],[127.1519815994577,37.5620344030392],[127.1493547999028,37.5635736016108],[127.1510700982337,37.5614018009777],[127.1489863003175,37.558843603535905],[127.1474384011417,37.5609400031352],[127.14304259897091,37.5628965019135],[127.14364369801329,37.5588727024192],[127.1399924016646,37.5560290052629],[127.1348011007922,37.5633676015117],[127.1347709998376,37.565015500708704],[127.1336670000817,37.5637441010139],[127.12767809306139,37.5615666047691],[127.12390139518689,37.556838308906705],[127.11510870397959,37.5613228044222],[127.1159712002172,37.565651201512395],[127.1133419971045,37.565637500529704],[127.1128463976001,37.5624309037363],[127.1087396017069,37.560898605268605],[127.1054252047953,37.5641680023472],[127.1043380058825,37.5696255968896],[127.10734450636049,37.573115896573796],[127.1123836013214,37.5756894940002],[127.1151648985401,37.5720347976549],[127.11504039921729,37.5709732977965],[127.1173389997077,37.5687431988413],[127.11668730268269,37.5691131003107],[127.1175724017976,37.5723591970646],[127.1196215997484,37.5718138976099],[127.12008609971569,37.570040199348604],[127.1210016997204,37.571762598092],[127.12367830011169,37.573095598033206],[127.1261858003698,37.5723966990621],[127.1269466006258,37.5742662986439],[127.12817189980859,37.5732658989645],[127.1288826998277,37.5744439985588],[127.1298520007178,37.574382599383696],[127.1262066999893,37.5750814003124],[127.1251650009296,37.5769448039693],[127.121773102191,37.578958702769704],[127.1222593017048,37.5832117985166],[127.1256799007429,37.582297100355696],[127.1221039026612,37.5845240995245],[127.12319760214889,37.587806098446805],[127.12464770335569,37.587445300883196],[127.1264226015808,37.5911057972227],[127.1288350991683,37.590623497704996],[127.1297069982964,37.5890751992533],[127.1290420989613,37.588230000098505],[127.1303370992168,37.5868317997207],[127.1319962996987,37.5875761995433],[127.1339008997291,37.5856613988662],[127.13461579976031,37.5866073989887],[127.1346278992994,37.5854665983196],[127.1360323991677,37.5856192973908],[127.138305599862,37.5844663986804],[127.1388612996768,37.583375599026695],[127.13904220033551,37.5846951988993],[127.14180760250511,37.5845077967793],[127.14380540012071,37.587822098468195],[127.1452369986891,37.5866835996067],[127.1441606987356,37.5857205994928],[127.146081098679,37.585763398732695],[127.1468976978624,37.5839998004963],[127.148038000929,37.583673499122604],[127.1513644011858,37.5863210983497],[127.150052702102,37.589092300256496],[127.1513990007557,37.590758198590606],[127.1523898997648,37.58965879969],[127.1538598982948,37.589617899730904],[127.15399019940989,37.5853042995915],[127.1547579015877,37.587912598240905],[127.15978750026109,37.5887558993525],[127.15994860037331,37.5900669985813],[127.1614187005514,37.5905960977419],[127.1635808983892,37.5895993987386],[127.1625181005473,37.5882772000365],[127.165196200354,37.5932297969858],[127.1681098000655,37.594760799179106],[127.1687683003044,37.594045999841],[127.1682757000193,37.5952592007326],[127.16658900146881,37.5951407009557],[127.1659834020744,37.596730199366206],[127.16737840067941,37.5974136986827],[127.1690206001779,37.596808500027905],[127.1677903990096,37.598624801063],[127.16737839942161,37.597413702274096],[127.1659834001717,37.5967302029737],[127.1635992013118,37.596420703363805],[127.1628068016909,37.5970708028049],[127.1598548046429,37.600891498984204],[127.1614158039885,37.6044264962142],[127.1654177012339,37.605073496768],[127.1675376001358,37.604132297834504],[127.1695172981561,37.6047618972049],[127.17082419897079,37.6025332987343],[127.1739494999241,37.5999833992407],[127.1740792010511,37.601234999732704],[127.1752664004375,37.6022664998086],[127.1741058006513,37.6030754007337],[127.1751256996314,37.6048574989516],[127.1783801015219,37.6038230987175],[127.1788389000754,37.605376199448905],[127.1827758982432,37.6049564985869],[127.1831135011499,37.6029255963686],[127.1847954007365,37.6048280984137],[127.1873389981929,37.604642998598806],[127.18783289769901,37.601111202130596],[127.18387129844581,37.5979757987721],[127.1850674994388,37.596723598050396],[127.1865216985027,37.5966999983468],[127.1864739985504,37.594812500234305],[127.18755880119271,37.5947971999693],[127.1876258011257,37.596681798084695],[127.1888226999288,37.5966627981037],[127.1894970992544,37.5944709002956],[127.18861109960051,37.593213599669795],[127.1914503005111,37.5949429992714],[127.1942463994083,37.593931499319],[127.1952862961061,37.5915366916633],[127.20003799750981,37.590114291838205],[127.2042684955649,37.587661493470605],[127.21183019603839,37.5800623933666],[127.2190379998042,37.577161199662896],[127.22061530043261,37.5796980000665],[127.217576700011,37.580890500489105],[127.21597630161139,37.5838472975323],[127.2168121007756,37.584397596982],[127.218721801218,37.5835071973444],[127.21967370157431,37.5861315989655],[127.2213398999707,37.5880692992208],[127.22269970030881,37.5873379988788],[127.2231030017274,37.5891202008192],[127.2210804012786,37.5911359014436],[127.220811001548,37.592663199916295],[127.2213862005453,37.5930053002415],[127.2198810992965,37.592821800113],[127.2200941990834,37.5920483008865],[127.2191478000298,37.591301101633704],[127.216728602449,37.59166360127119],[127.2144420017409,37.5959263017911],[127.21275559990329,37.5961817000941],[127.2144419997511,37.5959262975297],[127.21463169929079,37.5908892017874],[127.2123419987233,37.5902173009138],[127.21093999956969,37.5906714006823],[127.2104733000364,37.5894924018613],[127.2074504030593,37.5903822009715],[127.2077381027848,37.5917491997063],[127.2067236020961,37.5932263020311],[127.2026828026743,37.592714102738704],[127.203641101716,37.5953635000893],[127.2023084031052,37.597200698328905],[127.2059552015217,37.6018918948707],[127.2077953996815,37.601261595501],[127.2124045047674,37.6031015992467],[127.2119555989969,37.6049132023495],[127.2094004015521,37.6029061043566],[127.2065081044444,37.603340603922106],[127.2036928068771,37.607021500771204],[127.2036920021621,37.6125201015196],[127.2000288032955,37.611289402245596],[127.1960769998764,37.6156743015177],[127.1943742007369,37.6157929019066],[127.1961315982435,37.6156154977756],[127.2000287943463,37.6112894021017],[127.1959621984129,37.607100106291],[127.19190880246629,37.607832805558296],[127.19108200329309,37.6088602045309],[127.1906141004266,37.6127612005783],[127.187175200627,37.6119491014979],[127.18474229844709,37.613037900456604],[127.1839689999074,37.6114823988975],[127.18513030026119,37.6105902988034],[127.1864145992248,37.6114253986792],[127.1871723997905,37.6101862990268],[127.1871752008533,37.6119490982574],[127.1905158992453,37.6123738982554],[127.1902040995571,37.6098578007715],[127.1885344998536,37.608751000852095],[127.18696249842901,37.6080353013584],[127.1827199009247,37.6090794009465],[127.18057640114901,37.611617700241496],[127.1799221017646,37.6163008993933],[127.1817548003406,37.6170939990277],[127.18310789920399,37.6193427008499],[127.18163990016919,37.6176699017831],[127.1788086996891,37.6190426008893],[127.17524039811721,37.6176107021483],[127.17734609938279,37.6177043995368],[127.1784536983621,37.615518298975495],[127.17813939867641,37.6131574013364],[127.1757152011006,37.613290201203604],[127.17399350121029,37.615620800349404],[127.1750496989252,37.616302000827694],[127.1727776995567,37.6151238010171],[127.171065700226,37.615705900747905],[127.1696000010925,37.6148664013147],[127.1685450021475,37.6173205988605],[127.1705511011194,37.619466600468805],[127.1679604024639,37.619658202969305],[127.16727170315261,37.622304500323],[127.1689072015171,37.6246925979349],[127.17084250022121,37.6246214997546],[127.1703811005396,37.625960800296504],[127.1696395003138,37.6255296004727],[127.1660936000215,37.6266831002574],[127.1654659002414,37.623787602955],[127.1639881019355,37.6255763026252],[127.1610348995641,37.626205101444],[127.1603931002059,37.6271007005484],[127.15774899957489,37.6260201003318],[127.15389229981619,37.626677100302004],[127.1539166990014,37.625200100115],[127.15296619992519,37.6242432003098],[127.1518383009976,37.625466100016595],[127.1524479002694,37.6260427007248],[127.1510637998837,37.6265705002015],[127.1497948986778,37.6248510003465],[127.1491514989896,37.6214147010833],[127.1456233000675,37.6235762003867],[127.14200300187821,37.6227595020081],[127.14242470001051,37.625182600151504],[127.1408850985475,37.620454104775106],[127.1379464014862,37.6182889069403],[127.1328776013098,37.620484004495395],[127.1319760990729,37.6216779018519],[127.1285390995471,37.6187581999122],[127.1297737994224,37.6189354969851],[127.13147829771789,37.6173523985682],[127.1317722974239,37.6119615039591],[127.122075206011,37.6131087055617],[127.1175711021491,37.6165607036895],[127.1160876017235,37.6232874992177],[127.1175092003019,37.6244945980106],[127.1181015016187,37.6226706975795],[127.1206140074722,37.6225337961366],[127.1222612069043,37.6248326980727],[127.12842980205251,37.629071499027404],[127.1266256034177,37.632279498407],[127.12984800399799,37.6361793993396],[127.1300277016023,37.640752399773],[127.13153030038349,37.6408212009649],[127.13024109967411,37.6415256000966],[127.1298744997698,37.6402890001905],[127.1271017025426,37.639552600926905],[127.128546301098,37.6411735993059],[127.1282423008153,37.6424927997271],[127.1271851010312,37.642649399900705],[127.1283980999491,37.6433482993879],[127.1295501999341,37.6419054997012],[127.1317795001343,37.6424902992958],[127.13328920005249,37.6419535993907],[127.1325547006645,37.6433021991119],[127.1330650001542,37.644343898070204],[127.1370917978573,37.6439397988393],[127.13886689935839,37.6382755994638],[127.14056430020149,37.6387163992176],[127.1411797000209,37.6378450995453],[127.14012380153609,37.6403502007376],[127.14115430119179,37.6439691974195],[127.1432454991006,37.643651697737],[127.14315530030521,37.6415497996291],[127.1443842990762,37.644195696983196],[127.1469509980004,37.64402079645],[127.1487795016813,37.6393931992286],[127.1494746023417,37.640608301659896],[127.1480841037322,37.642250000018194],[127.1481281049425,37.646595998911],[127.1505449025257,37.649866995640004],[127.1534134999468,37.6505900016258],[127.1523858002914,37.652186201970004],[127.1496168012177,37.6530986019109],[127.1468983033172,37.6568531992967],[127.146604704685,37.6589211988384],[127.1446037004694,37.6596963009619],[127.14463989938581,37.6574784006604],[127.1382460966223,37.657429505903096],[127.1382495985268,37.6552370005576],[127.1359272008492,37.6515002042944],[127.13180150144309,37.653540301836905],[127.13015249979429,37.653539702493205],[127.1297789998044,37.655960600542],[127.1271604996039,37.6557914002802],[127.1275131996934,37.6541343001385],[127.1252330996118,37.6538413009616],[127.1242172995637,37.651409300332396],[127.1256271991592,37.6490189006497],[127.1242427996199,37.6481258008382],[127.1237146998664,37.6487537001781],[127.121397300769,37.647526201637405],[127.12120690095941,37.6490670000966],[127.1200436001936,37.6503102008719],[127.12068239900951,37.6489318011986],[127.11960950008239,37.6489566011738],[127.11795330042919,37.6513600007512],[127.1182278998444,37.649971900603894],[127.114410800209,37.6483861008074],[127.1137806004951,37.6494946999211],[127.1147700004662,37.6501033000457],[127.1132540996704,37.6501744002438],[127.1126260996931,37.6487724998412],[127.1135924002183,37.6490849991046],[127.11407869973199,37.647656600533],[127.11183579985969,37.6467752007778],[127.1126798990264,37.646649099548696],[127.1109831998401,37.6457573006299],[127.1100359983376,37.6441148010692],[127.10780990056371,37.6431698020142],[127.1066639017097,37.644853400330604],[127.1053441981946,37.6447186019253],[127.1031299004089,37.6425518040921],[127.10057110296769,37.647740898903],[127.1028019015821,37.6479582005364],[127.1005711012585,37.647740901487104],[127.0939326080734,37.6525927978872],[127.1006812013248,37.6543621961178],[127.1020032018027,37.6560759997902],[127.1011504027012,37.658536698232396],[127.1032146010299,37.659961697435996],[127.1048480042765,37.660033899619705],[127.10694280218169,37.6628344968191],[127.1127792963452,37.6626370970165],[127.1148290998361,37.6595412993836],[127.1159359997637,37.6602277984399],[127.1159595004669,37.6582923990292],[127.1187954976309,37.6585963987252],[127.12253740031849,37.6578108997899],[127.1224192005794,37.6596962985892],[127.1236609997425,37.6592673994033],[127.1235976004899,37.6584802997827],[127.1232839003344,37.6599534994098],[127.1241453002495,37.6596866996351],[127.122808001039,37.662136100006094],[127.1256819005219,37.663212799742695],[127.1242002010112,37.6638154998875],[127.124632400579,37.6667128969901],[127.125456801429,37.6668272007558],[127.1240869027359,37.667480600136095],[127.1235757045807,37.6694679012246],[127.11842580134879,37.6726572024014],[127.11779969755881,37.675032004021205],[127.11570809928651,37.6738682027786],[127.1128095992133,37.677419401633195],[127.1135039987914,37.676452600781495],[127.1127669993308,37.6750586021178],[127.1084823982941,37.6724047030709],[127.1106200975114,37.6686840011109],[127.1092427986751,37.6670184024612],[127.1015341019108,37.661008506647605],[127.09872450472041,37.6617835058726],[127.0970200064249,37.6635756040805],[127.10062510267261,37.6709663979974],[127.1038046030815,37.669274203792696],[127.1006251053065,37.6709664044837],[127.0992519066797,37.67911869633139],[127.1020563035128,37.680688506307305],[127.0993502997465,37.6799840043007],[127.0944013046955,37.6811220031627],[127.0964010026958,37.6858265984581],[127.0959332040278,37.688907403454095],[127.0933748983442,37.68941850872],[127.0916300968401,37.6872781028993],[127.0876940007762,37.6860608041166],[127.0858741025961,37.6885962015812],[127.08440350648249,37.6939338047081],[127.0823755010658,37.6962628008136],[127.082093599904,37.6948208014657],[127.07784340382901,37.6963980002141],[127.08154210013029,37.6971756994364],[127.08074840059051,37.6984590996454],[127.0814048003373,37.6988962998546],[127.08110460144711,37.6998164000562],[127.08273320065581,37.7012944001952],[127.0803424020837,37.70237290098],[127.0807918047175,37.7058976089415],[127.0795444975566,37.7071378042399],[127.0751763019248,37.704829706548],[127.07195090177791,37.7126685053031],[127.06892260059489,37.706230406399904],[127.0644511010389,37.706344209038996],[127.0608438046462,37.7130400023432],[127.0616917037983,37.7174398979433],[127.0639309046215,37.7192904996011],[127.0630082027379,37.719712701605005],[127.0624760032701,37.7222057991119],[127.0650163001979,37.7266229986357],[127.0683595993426,37.7259967963634],[127.0671526002893,37.7264231015418],[127.0667507006912,37.7286480993168],[127.0675347002215,37.7282254996151],[127.06986860047171,37.7290555016425],[127.0635692029755,37.7298299020003],[127.0641128007278,37.7337683003569],[127.0650385018666,37.735713500215304],[127.0669233007403,37.7370288002141],[127.0662941995611,37.7373295005108],[127.0643945010091,37.7358032017604],[127.0637687010557,37.7379580004853],[127.06208800134951,37.7381944002876],[127.0628389036184,37.7427431985297],[127.0650003998511,37.7454328991332],[127.06822680058521,37.745970299268706],[127.06831350104021,37.747318799838204],[127.0694477999677,37.7477766994267],[127.0693897999759,37.747025699920705],[127.07016110030571,37.7470777995319],[127.0710508002525,37.7487053990112],[127.0725696988336,37.7477365000152],[127.0720123009812,37.746623297165705],[127.0729755037659,37.7468600988057],[127.0749307024215,37.7500489969376],[127.076879601194,37.7506250002252],[127.07603610059,37.7526343996067],[127.0784308988858,37.7526606991832],[127.07772330031091,37.7515700995811],[127.0790522998309,37.7546564976854],[127.079945799219,37.751497300195894],[127.07948289991221,37.7510531994851],[127.0829983995878,37.7522562988979],[127.0850093024218,37.7500267998968],[127.08362480122119,37.7524281031027],[127.08387970096629,37.754561600969204],[127.0819991002126,37.7535673022851],[127.08104180116989,37.756036199816194],[127.08155050083741,37.7562342003578],[127.0800861996516,37.7572007003081],[127.0775837997792,37.755147800589405],[127.0755898998884,37.7545768016245],[127.07479049943571,37.755472400372604],[127.0746405997824,37.754350300387095],[127.07178830002239,37.7530784007682],[127.070465299702,37.7533396011187],[127.069551199917,37.7545857001242],[127.0685353997882,37.7529133009668],[127.0667362005498,37.7528388004891],[127.06718500006279,37.753404599971105],[127.06638350034,37.7535297003852],[127.0633354968136,37.7518003023678],[127.0597523997637,37.7525845003619],[127.0607332990662,37.7517263006795],[127.0583399009322,37.7512325007896],[127.05304690278909,37.752989301525304],[127.0499675027763,37.756567702976895],[127.0495540027686,37.7654856960559],[127.0513315008595,37.7659132996587],[127.04793390045481,37.7656565010376],[127.04772010066861,37.7679931987009],[127.0523976015332,37.7714431974554],[127.053634800296,37.7709396979589],[127.05336920146391,37.7733415995659],[127.0548211012748,37.7733498003251],[127.04935240309311,37.7765283008055],[127.05089600154949,37.7781456991881],[127.0522645002063,37.7779769999088],[127.0496656007597,37.778458300994295],[127.0501677002285,37.7796200999743],[127.0485319004794,37.7809394009449],[127.0459231008317,37.7795016022339],[127.0458894972145,37.78243070082],[127.0414448989609,37.7787571007852],[127.03851710118721,37.7791355024544],[127.0400634971773,37.7770816004954],[127.03836759799731,37.7731322023023],[127.0359640976189,37.7740097012419],[127.03594429758,37.771803399952006],[127.04031789993391,37.7696127985528],[127.04219509782921,37.7669287001655],[127.0387467008012,37.76717990024],[127.0371266008318,37.7683234004471],[127.0375417989293,37.7689614016866],[127.0367389984396,37.7681192987347],[127.0387466983077,37.7671798998365],[127.0376490994053,37.763146003870396],[127.0358371012173,37.764261402755004],[127.03551399958121,37.765666900904996],[127.03232439774129,37.7613223012858],[127.0287437982845,37.761684001016704],[127.03119699840771,37.7585180005186],[127.02938599916101,37.7556544999448],[127.0321264995823,37.755243700098404],[127.0314746990271,37.7525264998629],[127.03298409951789,37.7513261000285],[127.0328166997781,37.7499273010379],[127.0310778998048,37.748141601096194],[127.0291421991838,37.748977700883295],[127.02842489957081,37.7483790013978],[127.02996259990131,37.748216500053196],[127.02961719930481,37.7469774006395],[127.0283689995587,37.7471365005905],[127.02891289900559,37.746055800382],[127.02500189977161,37.7430938999276],[127.0277789994515,37.740333598252],[127.0295959982855,37.7403652980005],[127.030075497806,37.7391911991746],[127.0295425968548,37.7376134989422],[127.0300936963037,37.7367893997663],[127.0272288953426,37.7334701988645],[127.0314093955754,37.7334214977798],[127.0318075951772,37.7300356011657],[127.02789229736611,37.726776301132595],[127.02968269871299,37.7269083982143],[127.0289850992035,37.724268699984606],[127.0306801973914,37.7205136993897],[127.0281111951456,37.719753098312495],[127.0286371946196,37.7110439070217],[127.0275184957383,37.7107157073499],[127.0273482948069,37.7074293972828],[127.03052249692641,37.7035348002918],[127.0262441972444,37.700064902723504],[127.0226169008717,37.6998272029612],[127.0176311990128,37.7013770006422],[127.0226168967319,37.6998271993163],[127.02093289841591,37.6961569029866],[127.01907969950351,37.6965091031504],[127.0193464986114,37.6941805019348],[127.0171269968357,37.6941026017576],[127.0160629945111,37.6889214968866],[127.017757094861,37.688755194402106],[127.0210846915334,37.6860467971105],[127.02192239069569,37.676616906540396],[127.0205739935776,37.6714894033459],[127.0179926961589,37.6660874087479],[127.01069050346109,37.6662115086238],[127.0060533991647,37.6716477024091],[127.0039109970448,37.6714942000179],[127.004877796078,37.6709332005789],[127.005987192876,37.6654058002378],[127.0054225934406,37.6623568032868],[127.0025713962918,37.6587418069018],[126.99950249460251,37.658026303748706],[127.00192279758541,37.6581441972934],[127.00793319207929,37.654995298365606],[127.0043586925182,37.649998500180004],[127.00290149397539,37.645694504484],[127.00000779411971,37.641043999746],[127.0006803934471,37.640061300728696],[127.0004801916654,37.63362729854],[127.00356379271969,37.6292151999862],[127.00299369328981,37.6252988039026],[126.9944093943319,37.6264522020183],[126.9924197963215,37.621792506678],[126.9866148982834,37.6189374066207],[126.9883673970521,37.614475799536],[126.9874771979423,37.6126829013289],[126.98874589721319,37.609904802403804],[126.9897691963637,37.6039255019993],[126.9895122966206,37.6000199059049],[126.9858843955151,37.5980129037517],[126.9829614990762,37.597525500407805],[126.98646099894741,37.5928546992983],[126.9877045977038,37.5926436995093],[126.986656398752,37.589019803133205],[126.9842475011609,37.589835302317695],[126.9839543984971,37.588425901353396],[126.9832017992497,37.5882250015543],[126.9801393997279,37.588775101102],[126.9806608987097,37.585494000115396],[126.9793513987121,37.5849682997766],[126.9792078000166,37.5832898003896],[126.9754166995802,37.5837618006565],[126.9749579990518,37.5830084008759],[126.97291040054421,37.5838731000906],[126.9733440021984,37.5879335017012],[126.9713119985454,37.588460702452196],[126.96935049952751,37.5878905018643],[126.9663486975366,37.5859576007806],[126.9647932979204,37.5838181015647],[126.96150829964671,37.5839142001224],[126.961345498562,37.582162599811994],[126.9589747009328,37.5805263014483],[126.957503500423,37.5825092019724],[126.9549554028687,37.5840884007625],[126.95464080150171,37.5868254012543],[126.9517965017283,37.5865170015453],[126.9491157000484,37.588988501398],[126.9479434003978,37.5916869999865],[126.9485904010447,37.593158699395296],[126.9469257006256,37.5951547008],[126.9462569997835,37.5955291004696],[126.94567529981181,37.5946860003708],[126.9452742997415,37.595265700187],[126.94536099968491,37.5942504998583],[126.9462572990203,37.5940167000116],[126.94562959942441,37.5933026006065],[126.9440242998341,37.5938515007455],[126.9431910006674,37.5933529012441],[126.9423486015098,37.5939781006189],[126.9434486002597,37.5952974006031],[126.9406431002463,37.5955745012256],[126.93859140041181,37.5967009001914],[126.9376320004523,37.6047138006268],[126.9366270007974,37.605318500272304],[126.9371817004207,37.605722900030706],[126.9363140003665,37.6055643002641],[126.9366132000548,37.6062126004166],[126.934291201183,37.6070428002677],[126.9337370010166,37.6118347002284],[126.9347875003514,37.6121439995754],[126.9346507009828,37.6128834001203],[126.9322391000437,37.6147706006328],[126.9300800994876,37.6150627002793],[126.9299437996821,37.613880800946795],[126.9262113999936,37.6148801006912],[126.924901498574,37.6130706002975],[126.92534569851999,37.6120627008636],[126.9245925997856,37.6077695997382],[126.9255204001239,37.607451299778404],[126.92529730057349,37.6080871996386],[126.9261000997707,37.6083542993715],[126.92790269997981,37.6058277994245],[126.9294910994018,37.6061834995106],[126.9329368991956,37.604340300278594],[126.9320919000406,37.6025051021138],[126.9304080001677,37.6044578003242],[126.9292949003952,37.60307740162],[126.9271856000662,37.6033977004246],[126.92714649922101,37.6014833008984],[126.9262801997709,37.601300899125796],[126.92714649988531,37.6014832991632],[126.9291455999203,37.5983257980566],[126.9303537014811,37.597585299151696],[126.9325121993226,37.598074998662],[126.9324020997789,37.597095199133],[126.93444549928459,37.596403499557404],[126.934923899916,37.595148999793196],[126.93648609990029,37.595575698965],[126.9377400991775,37.5939561003329],[126.93633729934851,37.5928567003271],[126.93678749848,37.5916727993517],[126.93573339931541,37.5902376004988],[126.9348125998471,37.59028110008],[126.9356902986798,37.589732999692],[126.9356905999575,37.5866449996759],[126.9370224003239,37.5868498997284],[126.93739819989861,37.5876595996161],[126.9402834993356,37.5859360990549],[126.9400128996062,37.5848978000932],[126.93888679971771,37.5848535003745],[126.93895589947769,37.5838165996363],[126.9401632991617,37.5840842991009],[126.94207179861509,37.582140299135396],[126.9443099998048,37.5813591984114],[126.9446130021349,37.5830276983347],[126.9459485007994,37.583643797718594],[126.9492116985897,37.5822828981615],[126.9498025973321,37.5773065996156],[126.9475699987684,37.576157498177004],[126.95066529692009,37.574100299169295],[126.9509792974001,37.5709677997412],[126.9526216975565,37.5699810983121],[126.9531328970453,37.5684282998649],[126.951066199112,37.5663980018952],[126.9488869012913,37.566567301725904],[126.948068299909,37.565130801548996],[126.9466935994815,37.566408600094306],[126.9480682975675,37.5651307998936],[126.9425050996259,37.5637610007475],[126.94192460011449,37.5643260002833],[126.9403924999764,37.562848100525294],[126.9392579002366,37.5630775001136],[126.93936910012539,37.5638621993289],[126.9404777002686,37.563640301211805],[126.93869210019629,37.5647198001531],[126.9389941001846,37.5654319002531],[126.9378827998861,37.5654818003866],[126.93787519980859,37.5641393002554],[126.93718319972591,37.564823400324904],[126.9340764999509,37.563920400055004],[126.9348223994474,37.563520000010996],[126.9336824003088,37.5620219007996],[126.9334030003379,37.5629036007148],[126.9320770999816,37.5633032004998],[126.9299695003194,37.5630123004922],[126.9283805998232,37.5645753003514],[126.9231337998205,37.5642695004777],[126.92223200009059,37.565118300348004],[126.9210356003367,37.5645141004594],[126.9205272005016,37.5651441002522],[126.92180690088281,37.5666626005194],[126.9203783008784,37.5685367999914],[126.920943300345,37.569744200305905],[126.91961809978909,37.5708313002705],[126.91853260013801,37.5700036008445],[126.9162931991589,37.5706755006531],[126.913964799499,37.569811799970495],[126.9163272994553,37.5685035998506],[126.9156394985763,37.567897599981805],[126.9164266992861,37.5672375004324],[126.9151328991657,37.5661979999556],[126.9170541996217,37.5661649992258],[126.9173327001141,37.5651593993135],[126.92000219959719,37.5646449999444],[126.9197914994056,37.5626553011177],[126.9180026998818,37.563856200287994],[126.917219399666,37.5631433003772],[126.91731969970809,37.560984600713795],[126.9158020001054,37.5593113006794],[126.91138700022381,37.5597271013886],[126.9112037004071,37.561099000016696],[126.910145300233,37.5614849005525],[126.9072645003555,37.5613337002942],[126.9078263012833,37.5642304991977],[126.9087212005675,37.5645847000133],[126.9080807009522,37.565624900303305],[126.90715410086639,37.565456400391],[126.90696680010501,37.5661551008068],[126.90549180078229,37.56567150012],[126.9062587001234,37.5662363002498],[126.9039195002203,37.5670419006953],[126.9025798000126,37.565927701412704],[126.9007722005408,37.5669698012262],[126.90086240045059,37.5686012995947],[126.9021767991362,37.5697485984474],[126.9030847995076,37.5688185985218],[126.9025992011856,37.569283300546104],[126.9031635005939,37.5702910005273],[126.8995432999834,37.572912601119604],[126.9012655985342,37.5716972995701],[126.90140659839321,37.5703305009369],[126.9002455994849,37.569275700282],[126.8995566979582,37.569520697293],[126.900862398351,37.568601297893096],[126.9007721984412,37.5669697995246],[126.89830979920511,37.566282700531005],[126.8998501993098,37.5652324988275],[126.90030279885721,37.5638595002005],[126.8992008997522,37.5617113998966],[126.9037030995748,37.560827799875],[126.9034633997925,37.5602848999077],[126.9046935995663,37.5594376000939],[126.9020971994278,37.553972500392604],[126.90278859985409,37.5541634994406],[126.9049099992426,37.552079999746894],[126.9045509995235,37.5498292000936],[126.9056852991018,37.5493717995634],[126.90726839643291,37.5462717966961],[126.9084402000129,37.5454098997802],[126.9095846988684,37.5456904994996],[126.9105570957753,37.5439333926961],[126.9113656000405,37.5450819997438],[126.91262119951091,37.5453036994312],[126.91300989993091,37.5442963999337],[126.9144354993334,37.544027699726804],[126.91390419797631,37.5436936914356],[126.9183330994249,37.543480099316696],[126.9191704985446,37.5425981921831],[126.9252661003846,37.5439585942647],[126.9284726973102,37.542229195946405],[126.9321079936749,37.5416509965246],[126.92934049644239,37.531586306589304],[126.9247193994399,37.5329133003347],[126.92557239917869,37.531519600235505],[126.92508699950321,37.530921900578],[126.9237036989069,37.5313630991964],[126.9252271987825,37.5298793992414],[126.92360550006539,37.5275448016026],[126.9223228002139,37.527092301817596],[126.9219504005863,37.5285424003675],[126.9213742995053,37.5281812014532],[126.9202968005828,37.529277400356996],[126.9197684011112,37.530767598866795],[126.9208212000843,37.5314201007325],[126.91976840042399,37.5307676015302],[126.9167585007741,37.530951700432205],[126.9156674999347,37.531933000163505],[126.9165901990331,37.5308554006075],[126.9158704997528,37.5304080010549],[126.9147696000072,37.5309344001963],[126.9144592998814,37.529996200672],[126.9136869997606,37.5307860003706],[126.91404129926579,37.528164801552],[126.9135073997997,37.5282763014405],[126.9129892986332,37.5266711993315],[126.91418180080909,37.5260780993371],[126.9154905002496,37.5281161995339],[126.9187316988843,37.5248498007663],[126.9179723993642,37.5245717004231],[126.918402898978,37.522713200988896],[126.9169157994543,37.522181300713],[126.91692039942089,37.5211333003593],[126.91861089837471,37.5205025002983],[126.9188634978643,37.5189980016372],[126.9172840993872,37.518130902468805],[126.9140168997492,37.5209773007704],[126.9120395994245,37.521306300835796],[126.91226359928831,37.5195754014009],[126.91075240079951,37.5206359003404],[126.909942400974,37.52146980043],[126.91081520053291,37.5233731002283],[126.9086289005737,37.5238192005264],[126.90792380097791,37.5244185003952],[126.9087759005203,37.525039199996804],[126.90814000012,37.526170801343206],[126.9064501000791,37.5263200009179],[126.9058058998809,37.5272904006465],[126.902792499979,37.5263568000422],[126.90157680037021,37.5243415010253],[126.8995637999205,37.523663902266],[126.89881170049459,37.5253498006081],[126.8990748002329,37.52703549968739],[126.8996121002199,37.5268897997405],[126.89829310045171,37.5274354006334],[126.8982158999319,37.5293124001021],[126.89529139968181,37.5286929014025],[126.8939521995929,37.5269580002126],[126.89042279929,37.5250272008975],[126.8888652008476,37.5252032007215],[126.88768170112161,37.5270984998192],[126.88835780019599,37.527577900838295],[126.8852715998418,37.5269175005864],[126.88499899911119,37.52580120072059],[126.883310899911,37.5260622999826]]],[[[127.18687169960529,37.5632886997971],[127.18818619999601,37.5612635998034],[127.1895629995669,37.5613764996983],[127.1898296995508,37.5600861001939],[127.1891420996252,37.560121500137704],[127.18988370013909,37.5594134989676],[127.19125230009641,37.558687399903796],[127.19122430034321,37.55990039925349],[127.1925064996202,37.5606431987491],[127.1933681988739,37.5589587998671],[127.1946116998291,37.5593966997992],[127.1956846999002,37.5580359989736],[127.1992397008873,37.564897399869],[127.19849359996111,37.5658088003056],[127.1983134999818,37.5649838007584],[127.19594019994979,37.5669235005639],[127.1920387996259,37.5681212002491],[127.19262819974931,37.5671466000791],[127.191667600456,37.5668797004372],[127.1909371994644,37.567868901246804],[127.18955389918541,37.567396999765],[127.18954979949659,37.5662576004629],[127.1882211998673,37.5656762002214],[127.18887569938259,37.5645821004521],[127.18687169960529,37.5632886997971]]],[[[127.4867806955278,37.492041696419705],[127.4909404987242,37.4868805956432],[127.49274819971379,37.4876466991671],[127.4927960011206,37.4865071981298],[127.4962684989755,37.486379099014],[127.4960159996527,37.485522999385],[127.4966342998885,37.4870607995685],[127.4980195994665,37.4860879002512],[127.49732189984731,37.485806799214096],[127.4986186999944,37.485791398755],[127.4978971006624,37.4869675996234],[127.4985298011461,37.487822999371296],[127.50015410011291,37.487948800122496],[127.4985298007315,37.487823000324596],[127.4980055006969,37.489736300152195],[127.4992122994901,37.4902732996152],[127.49956730038309,37.4893531997476],[127.4995974007089,37.4905273993832],[127.5011411000241,37.4906549997665],[127.5003722004775,37.4915948999352],[127.501327901394,37.4920559998598],[127.50018920118609,37.493080100012],[127.5010750006771,37.4936293997835],[127.4999109006612,37.494776100649105],[127.4997180016035,37.4966547002085],[127.4950260991686,37.4984317036594],[127.49095220136459,37.4969281039467],[127.4898987978231,37.4976444055714],[127.4876148995224,37.4963017004729],[127.4876073997345,37.4943964001124],[127.4869585999726,37.4933496003706],[127.4863272991437,37.4938351005711],[127.4867806955278,37.492041696419705]]],[[[127.1676690995662,37.6542170997641],[127.1700601976266,37.6540239990237],[127.16988619843099,37.6527651969356],[127.1714690968481,37.651451698249105],[127.1708299995041,37.648645099777504],[127.17453820038921,37.6470576968271],[127.17782439864611,37.647388794178305],[127.18090910023939,37.6495242939227],[127.18411739981191,37.6479213988864],[127.1855236008105,37.649810099055706],[127.186787099547,37.6496279992378],[127.18680790252701,37.6471807985699],[127.188988000499,37.649188399846],[127.1886569014477,37.651147100032105],[127.1878974000709,37.6518350055903],[127.185890798769,37.6515794037308],[127.1832890013708,37.65527560003461],[127.1837787008811,37.655434499875696],[127.1828237013772,37.6574674000894],[127.1823553000818,37.6565122012454],[127.181714800008,37.656770101049105],[127.1806258002959,37.6585093005547],[127.1795277999916,37.6583451005528],[127.1790030997948,37.6572214013187],[127.1781811997671,37.6584597004933],[127.1747362999873,37.657635000559],[127.172058199226,37.6579177995138],[127.1742374010522,37.657269398394696],[127.1766361994942,37.6580623984997],[127.17728679884361,37.6569727995893],[127.1768673987752,37.6555382996818],[127.1793081975183,37.652026400923],[127.1771039997225,37.6517556011938],[127.1761450995634,37.6503546004413],[127.1739577007262,37.6508847020418],[127.172880000031,37.6500900006158],[127.1720541008569,37.6507711999346],[127.17266930062159,37.6511725004395],[127.1725954004592,37.653959701023304],[127.1717989997333,37.6526657004475],[127.1698862016461,37.652765200348],[127.1707338005504,37.6557977016339],[127.170064399953,37.6540790012926],[127.1676690995662,37.6542170997641]]],[[[126.91613069967809,37.6201771995227],[126.9171352994531,37.6197558988691],[126.91768309955731,37.6162457001595],[126.9188348997845,37.6164306999717],[126.9181340993198,37.6153574992909],[126.9185683002068,37.6160165994879],[126.91944360042639,37.6152885993455],[126.9245865003994,37.6157630992937],[126.9252940002082,37.617411199772],[126.9260096005997,37.617249199754404],[126.9251240006608,37.6183381997681],[126.9260098003254,37.6212419000819],[126.92522030014571,37.6208717006347],[126.9250801001061,37.6216225002166],[126.9245244003116,37.621265800593406],[126.923324199962,37.6222496004167],[126.9186223996972,37.6221651006518],[126.9171353000261,37.6197559009668],[126.91613069967809,37.6201771995227]]],[[[127.19813859930679,37.7197682998997],[127.20076449968721,37.71880379944211],[127.2035929000755,37.7160503991305],[127.20433649969449,37.7178555995112],[127.204936899892,37.7169858995645],[127.2051727001443,37.717984799590006],[127.20605640011709,37.717817099287096],[127.2044888007148,37.7185502000018],[127.20697370054961,37.7217025003902],[127.2061915002765,37.7221125005355],[127.2060884000019,37.723629100110294],[127.20575910026699,37.7231275005408],[127.2043788002944,37.7239193002303],[127.2034888004666,37.7229193008288],[127.2028946002321,37.7241539016961],[127.2025762999787,37.7220540005318],[127.2004653994226,37.721935201108195],[127.19813859930679,37.7197682998997]]],[[[126.89416299969581,37.578144799735895],[126.8951075993569,37.5771914999277],[126.8945878996065,37.5768791996808],[126.8952066000842,37.577249299189596],[126.89869989938009,37.575500999404206],[126.89949760037051,37.5762477990575],[126.9011026998157,37.575082699362504],[126.9023328001138,37.577580499594205],[126.9032779992885,37.5767030003918],[126.9027719991151,37.5762812990819],[126.90414440066411,37.5758680995973],[126.9038517009461,37.5775151006453],[126.90496920092,37.5795847006156],[126.9045034000216,37.580399200281406],[126.9020341998722,37.5805651002974],[126.9004410005687,37.5798658005443],[126.9003283998239,37.581499200154404],[126.8978825001811,37.580749401577805],[126.8969113994164,37.5784443015745],[126.8947160005756,37.5786327005251],[126.8946148001077,37.5796248014814],[126.89416299969581,37.578144799735895]]],[[[127.2010687990519,37.550260199688594],[127.2035906005495,37.5493941993264],[127.2030845010233,37.5500007996247],[127.20421689989091,37.5513118983136],[127.2071517001061,37.550443898424696],[127.2077932002932,37.5513055995362],[127.2082300001353,37.5509419999099],[127.2059163005781,37.553801900341604],[127.2066040006258,37.5543103996525],[127.2058927001576,37.5550810003308],[127.2028528994243,37.5518056012853],[127.2017659002834,37.55253150031],[127.2019688002602,37.553969700327805],[127.2013504995105,37.5532797007506],[127.2002883998765,37.5542278999951],[127.2011025992955,37.5531614000627],[127.20062489966939,37.552043499664606],[127.2017754996011,37.5514924994104],[127.201588799885,37.5503847002242],[127.2006435003832,37.5508439005352],[127.20020239992219,37.5501704000094],[127.2010687990519,37.550260199688594]]],[[[126.8972974988444,37.535611600571805],[126.8980654996236,37.5342433992992],[126.8991594994471,37.5347936984327],[126.9009831987124,37.5342586989403],[126.9011772985183,37.5332224999765],[126.8990329998669,37.530908999502],[126.89964600031341,37.5307078988408],[126.9003059001449,37.5321213991269],[126.902084900557,37.5312243981101],[126.9039314005426,37.5318701985999],[126.9050805005222,37.5312113990219],[126.9064943003129,37.5321170991331],[126.90507740037809,37.5343952007746],[126.9054448003458,37.5366034999495],[126.9041697996646,37.5373941001926],[126.9046881001428,37.5350194003718],[126.8999973998139,37.5382833005113],[126.89959239943481,37.537365601202],[126.898738699045,37.5378202004307],[126.8991218994185,37.536863000302496],[126.8976351996016,37.5366054002062],[126.8972974988444,37.535611600571805]]],[[[127.0828307996338,37.7428984999796],[127.0854115987069,37.7426080990328],[127.0856163001853,37.740804499462705],[127.0872244002465,37.7430171003922],[127.0860063002793,37.7428611004916],[127.08580940047621,37.7435361998165],[127.0868463002469,37.7438738002823],[127.084105800302,37.7436184005864],[127.0838377999602,37.744382800270294],[127.0841057997316,37.7436184003286],[127.0832978999672,37.743847500079],[127.0828307996338,37.7428984999796]]],[[[127.0482473988826,37.8184561990736],[127.04838389998861,37.817490299583405],[127.0516138991079,37.81701059970651],[127.0528324991449,37.8132697999025],[127.0524438984697,37.8125235970447],[127.0540577990452,37.812704999892304],[127.0571067995112,37.810794399246596],[127.05709380056561,37.8121617995201],[127.0577720004232,37.811879399884305],[127.0585399007571,37.8135093995893],[127.0594400024408,37.8136112978832],[127.0602153043768,37.8163281014503],[127.0642859005789,37.8182541997164],[127.06311530130581,37.8201145990163],[127.06411650119999,37.8208942008284],[127.0631778008445,37.8201550008027],[127.0609080004502,37.8235388016584],[127.0524465995394,37.821891703679604],[127.0524761992714,37.820635700856194],[127.0504655986873,37.8215016007235],[127.0493874995731,37.820830501096],[127.0502457989669,37.8206876997236],[127.0496080996046,37.8187366016747],[127.0482473988826,37.8184561990736]]],[[[127.1870696991859,37.7082697007368],[127.1888289999006,37.7073137996408],[127.1900889987206,37.7048841004689],[127.1890051999158,37.7010029989219],[127.190447099672,37.701678998995895],[127.1907672011012,37.700973298968904],[127.19262409961631,37.7011850988183],[127.1932085995801,37.699862399772904],[127.1938339005139,37.7008813994772],[127.1945777004251,37.700514399394905],[127.1948321003172,37.701647699091005],[127.1954722008505,37.7011281991029],[127.19653440040051,37.7018659995284],[127.1963906004739,37.702879799216895],[127.1973153009156,37.7034946011875],[127.1957469012968,37.7041431004298],[127.1971168011141,37.7049155997665],[127.1952101024864,37.7062861005677],[127.1958643003499,37.708326801481405],[127.1942678999579,37.7068011031381],[127.1915838987984,37.7086408039228],[127.189174899327,37.707465301969606],[127.1870696991859,37.7082697007368]]],[[[127.12350829920389,37.471083800067],[127.1245171997315,37.4692818004404],[127.1231838984208,37.4691817994874],[127.1257554992746,37.469203798544704],[127.1261627989829,37.467515299456004],[127.1270348993725,37.4671247985615],[127.1281213009195,37.4673941996042],[127.1266145001843,37.4679149005207],[127.12690570028019,37.4694011996924],[127.1286737000345,37.4694486996885],[127.1290344009596,37.4704798996579],[127.1304537014015,37.470293000049196],[127.1272182003307,37.471195200986294],[127.1267486003409,37.472802900690496],[127.1257667993489,37.4703150002191],[127.1245464005693,37.4700854004487],[127.12350829920389,37.471083800067]]],[[[127.2063601958319,37.6360064003365],[127.2030719998135,37.6328912998178],[127.2043812999964,37.632930898369096],[127.2052119000807,37.6320493991818],[127.2065590004398,37.6331859990703],[127.2126293001219,37.634744699180295],[127.2129096004556,37.636258498478796],[127.2144363005774,37.6362374987457],[127.21110760191101,37.6383601998359],[127.2125992005724,37.640045498655496],[127.212669901063,37.6416931007048],[127.2117774999512,37.641166600694795],[127.2113516998902,37.6417529002097],[127.2114039998379,37.641196800765805],[127.20836389503229,37.6416618056952],[127.20717499404681,37.6404273991833],[127.2076316988116,37.6384513988101],[127.2063601958319,37.6360064003365]]],[[[127.2387901984995,37.6528354994194],[127.23952819954829,37.651155698466596],[127.2403186001397,37.6522360989037],[127.24162859882969,37.6523501987896],[127.2425390979192,37.6514568996829],[127.2427229998203,37.649496299709604],[127.2445129988153,37.64930609871],[127.24382490221731,37.6517276974804],[127.2472304010386,37.6501234986538],[127.2492482026987,37.652722698397895],[127.2436140993224,37.6572937011398],[127.24174909947801,37.655839099995504],[127.24149199973509,37.6545998012348],[127.2399745001786,37.6539597002359],[127.239932699412,37.6544637999118],[127.23992839914659,37.6525877005122],[127.2387901984995,37.6528354994194]]],[[[127.20472339954851,37.54252059994511],[127.20653749952609,37.5415310997395],[127.2059769998734,37.5400783996898],[127.2085182002974,37.540805199599504],[127.2074215000099,37.5432206006154],[127.20472339954851,37.54252059994511]]],[[[126.9151343994473,37.6123172999977],[126.91640859959419,37.6096293995041],[126.9194725002656,37.6098717000286],[126.9193911005447,37.611358199944696],[126.9178110005734,37.613383400374595],[126.9151343994473,37.6123172999977]]],[[[127.1090838973991,37.394889900003704],[127.10965799896469,37.3923653002241],[127.1112239998295,37.3912652984348],[127.11314730032,37.3918641997776],[127.1141476019687,37.394027299257594],[127.11386140051171,37.3961139994206],[127.1149803009793,37.3963252003792],[127.1122579000684,37.397156000647804],[127.112257000021,37.3978037000896],[127.1104916007294,37.3962099008914],[127.1096906999972,37.3979123007501],[127.1094489984298,37.3963493020743],[127.1075419998403,37.3961805018834],[127.1090838973991,37.394889900003704]]],[[[126.9167397985429,37.6367560992098],[126.9181234000139,37.634437699624996],[126.9199449001061,37.635480299219594],[126.92060410056061,37.634652999901704],[126.92013500055221,37.6354122996179],[126.92089320169839,37.6355334008894],[126.9188865004529,37.6372993011255],[126.91874560047299,37.6391628006582],[126.91863209991659,37.6375474003377],[126.9167397985429,37.6367560992098]]],[[[127.0506224982095,37.4526111009749],[127.0507749959585,37.451406397441204],[127.0525457949028,37.449517296588894],[127.0524027988333,37.442221096891195],[127.0532782048513,37.441555196205],[127.0575137010209,37.443128194934395],[127.0598314987031,37.4404216976409],[127.06332880810889,37.4427551006878],[127.060989703758,37.4436515036503],[127.0602635030927,37.4460724024054],[127.0601507032055,37.4474150010628],[127.06261900197019,37.4490596009629],[127.0584834041438,37.4519174007154],[127.0603621021107,37.4545479986663],[127.0587066015881,37.4528900018328],[127.0570736990373,37.452615702112304],[127.0542195997238,37.4539534006793],[127.0530784001116,37.4527913016015],[127.05262439917419,37.454335400738096],[127.0506857993089,37.454566400823595],[127.0513920992085,37.453136900377196],[127.0506224982095,37.4526111009749]]],[[[127.1384968988888,37.4641619007337],[127.140554199009,37.463389599733496],[127.13941100040469,37.461739400693],[127.1386750987517,37.4621331006402],[127.13951619909561,37.4616831984751],[127.1408859005502,37.4629092987252],[127.1424403002318,37.462348700092],[127.1416582998762,37.463922401681],[127.1405541993033,37.4633896006035],[127.1384968988888,37.4641619007337]]],[[[126.8937618996329,37.514841800186396],[126.8972942007951,37.5174447994924],[126.8959795007078,37.5171433016841],[126.89522270029501,37.5191960008912],[126.89372299894619,37.519154498054],[126.8946446986521,37.517273699566694],[126.8937618996329,37.514841800186396]]],[[[126.9085840995801,37.584334000065],[126.9090556995609,37.583358499352805],[126.9103266001189,37.584353099223],[126.91127999972481,37.5838399994744],[126.9113046005368,37.584693900145496],[126.9092891000679,37.5852585004599],[126.9085840995801,37.584334000065]]],[[[126.98788369826529,37.4627706003607],[126.9881783005592,37.4611806987985],[126.9889542997832,37.4622149977642],[126.9905744003638,37.4622448996209],[126.9904697001092,37.465765800482],[126.9878109996086,37.4661179999576],[126.98846669954591,37.466082499841896],[126.98788369826529,37.4627706003607]]],[[[126.8733988994564,37.524415700357196],[126.87390570040779,37.523807798876604],[126.87609540106389,37.5244191998493],[126.8754923995576,37.5259857009947],[126.8751562993292,37.5249690010993],[126.8732294001596,37.5249344007278],[126.8733988994564,37.524415700357196]]],[[[127.1262396997804,37.4487011999459],[127.1269312997682,37.4470313996452],[127.1278357006267,37.447980800043005],[127.1269981003765,37.4479235009467],[127.1269357004948,37.449606600791306],[127.1262396997804,37.4487011999459]]],[[[127.0854782995038,37.736435300324096],[127.0871272009724,37.735863399292],[127.08823300051131,37.7374535997128],[127.0872436009675,37.7375876001853],[127.0881935000564,37.738137900047],[127.08631179970041,37.7379187008228],[127.0854782995038,37.736435300324096]]],[[[127.1070780989907,37.3685314998945],[127.1096085995624,37.368431899447394],[127.1097352004971,37.3678616996582],[127.1100238005928,37.3686566994683],[127.1070780989907,37.3685314998945]]],[[[126.89569179893809,37.4921480004865],[126.8956219990079,37.4921017005328],[126.8976683004837,37.4933782003036],[126.89569179893809,37.4921480004865]]],[[[127.0550718971791,37.8930768003364],[127.05600249965201,37.8916526997728],[127.0576143017634,37.8925422999094],[127.0567715007065,37.8935158008569],[127.05607749971671,37.8925235007446],[127.0550395007547,37.8924792007889],[127.0550718971791,37.8930768003364]]],[[[127.1550342990182,37.650370800100895],[127.15681029889241,37.650516599320206],[127.15703839943481,37.6496286989155],[127.1582147016197,37.650537099907304],[127.1570490005036,37.6512886027362],[127.1550342990182,37.650370800100895]]],[[[126.9154841998931,37.598840100156096],[126.9154785999352,37.5981896997231],[126.9157865002919,37.59822279958],[126.9154841998931,37.598840100156096]]],[[[126.9219561995172,37.5057739004583],[126.9222533998463,37.5050621996336],[126.92292350039119,37.5063191012744],[126.9219561995172,37.5057739004583]]],[[[127.28518269962429,37.6588632003731],[127.2856296985264,37.6580744992685],[127.2864231016459,37.6581881987295],[127.28518269962429,37.6588632003731]]],[[[126.892307398853,37.5380805001564],[126.8938240004411,37.5380757002094],[126.8929532987766,37.5389388006425],[126.892307398853,37.5380805001564]]],[[[127.1195897993157,37.6522312989327],[127.1205306020707,37.6528606996672],[127.120160199961,37.6536771017277],[127.1195897993157,37.6522312989327]]],[[[127.16463949918031,37.6501061999094],[127.16642439962429,37.649962099557904],[127.1674852003957,37.6488929996839],[127.1664244012624,37.649962103085606],[127.16463949918031,37.6501061999094]]],[[[127.2016520994221,37.6326403999549],[127.2029759002927,37.6320946991023],[127.2022035005451,37.6327280999647],[127.20269549958111,37.6331355010058],[127.2016520994221,37.6326403999549]]],[[[127.0590728984075,37.844616201597496],[127.0605273010668,37.8432690990575],[127.06048430028879,37.844939100215],[127.0594826981942,37.845275301123394],[127.0590728984075,37.844616201597496]]],[[[126.8966747991947,37.5617575000235],[126.8968665003318,37.561625998722995],[126.89780850039,37.5615892996132],[126.8966747991947,37.5617575000235]]],[[[127.1491904993118,37.4572376002061],[127.1497421997019,37.4573563994238],[127.15001500009349,37.4569486994506],[127.1507889014307,37.4572216998846],[127.1491904993118,37.4572376002061]]],[[[126.9351977995295,37.5621651002492],[126.93513219997669,37.561858799931606],[126.9352901000984,37.562117900125095],[126.9351977995295,37.5621651002492]]],[[[127.0884298997987,37.7337382995588],[127.0887467003906,37.7341301001938],[127.088486799842,37.7341585999646],[127.0884298997987,37.7337382995588]]],[[[126.9913081996621,37.5272595998151],[126.99172930014551,37.527219199914896],[126.9916874002308,37.527538300299504],[126.9913081996621,37.5272595998151]]],[[[126.92923369983859,37.5649517002023],[126.9295022998279,37.5647683997589],[126.9295648001385,37.5648719998071],[126.92923369983859,37.5649517002023]]],[[[126.93424089978531,37.5173551995947],[126.9342919001204,37.5173612996414],[126.93441679999549,37.5173740996286],[126.9345914001739,37.5173936005216],[126.9344168003485,37.5173741005411],[126.93429190047341,37.517361300553894],[126.93424089978531,37.5173551995947]]],[[[127.08447479975709,37.7448510001681],[127.0845863998214,37.7447874994173],[127.08470980047859,37.7447567998234],[127.08458639989851,37.7447875002879],[127.08447479975709,37.7448510001681]]],[[[127.1840705988021,37.6165794998075],[127.18561730218491,37.6162535971934],[127.1854822985689,37.6165365018046],[127.1840705988021,37.6165794998075]]],[[[126.91386239969749,37.6478990999657],[126.9139339999052,37.6478172999376],[126.9140372002457,37.6478789998486],[126.91386239969749,37.6478990999657]]],[[[126.89161059942761,37.509523200831495],[126.891995999379,37.508904799941305],[126.8927893999857,37.5078040996326],[126.89199600033251,37.5089048007679],[126.89161059942761,37.509523200831495]]],[[[127.176251899452,37.6020931999819],[127.1762271994767,37.601737800337304],[127.17623770081781,37.601498199701],[127.176227200268,37.6017378004585],[127.176251899452,37.6020931999819]]],[[[127.11623829926491,37.6521049996188],[127.1164862007567,37.652325399788204],[127.1163873997715,37.652359101420195],[127.11623829926491,37.6521049996188]]],[[[126.9135569993198,37.5916305996939],[126.91372580068979,37.591592500095395],[126.9135570001489,37.5916306005261],[126.9135569993198,37.5916305996939]]],[[[127.0023797981812,37.4515342998282],[127.0030805008182,37.4513523997275],[127.0026500995478,37.451641100989306],[127.0023797981812,37.4515342998282]]],[[[127.1532188988979,37.521548900184996],[127.1533409002287,37.5212990991848],[127.1532189025254,37.5215489035741],[127.1532188988979,37.521548900184996]]],[[[126.86504899928,37.5260369001071],[126.8651633009148,37.5260198990522],[126.86516330062791,37.5260199003359],[126.86504899928,37.5260369001071]]],[[[126.9527912997866,37.4813854000471],[126.9527592999482,37.4813018998498],[126.9527913001174,37.4813854003067],[126.9527912997866,37.4813854000471]]],[[[127.1361866991571,37.5657827006297],[127.1361867004585,37.5657826995333],[127.1364229000507,37.5658691005178],[127.1361866991571,37.5657827006297]]],[[[126.8686085995716,37.6030171992581],[126.8686086005102,37.6030171991742],[126.8686086004771,37.6030172005147],[126.8686085995716,37.6030171992581]]],[[[126.94886679974941,37.5689472997113],[126.9489822004534,37.5688239996151],[126.94886680044371,37.568947300195],[126.94886679974941,37.5689472997113]]],[[[127.0478903999719,37.7387261000094],[127.0478904000581,37.7387260998865],[127.04791769996,37.7388025000786],[127.0478903999719,37.7387261000094]]],[[[127.1483883997527,37.623242999862505],[127.1484526996884,37.623106999391],[127.1484540004103,37.6232428999998],[127.1483883997527,37.623242999862505]]],[[[127.1852672958812,37.6446061988408],[127.1852673004027,37.6446061991946],[127.18526730108081,37.6446062018073],[127.1852672958812,37.6446061988408]]],[[[127.0476433994849,37.8203108994713],[127.047643400092,37.8203108987691],[127.0476434006085,37.820310900273704],[127.0476433994849,37.8203108994713]]],[[[127.0567071996647,37.9018149989898],[127.0567850005462,37.9018015999773],[127.056707199965,37.9018150008204],[127.0567071996647,37.9018149989898]]],[[[126.9016460998226,37.5748525002138],[126.9016461003702,37.5748524988251],[126.9016461006179,37.5748524999088],[126.9016460998226,37.5748525002138]]],[[[127.0527556998784,37.4546357997723],[127.0527429000275,37.454570699768],[127.052755700459,37.4546358009458],[127.0527556998784,37.4546357997723]]],[[[127.0698144008048,37.726672200632805],[127.0698143991534,37.7266722001482],[127.0698144019503,37.7266721998945],[127.0698144008048,37.726672200632805]]],[[[127.1199702992197,37.3948926991725],[127.12014140000399,37.394972099620894],[127.12014140084449,37.394972100853394],[127.1199702992197,37.3948926991725]]],[[[127.20744859984691,37.6146059002483],[127.2074486039811,37.6146058957125],[127.2074486020257,37.614605900706],[127.20744859984691,37.6146059002483]]],[[[126.8912614992493,37.508528999228304],[126.89126150057609,37.5085289991096],[126.8912615006919,37.5085290000616],[126.8912614992493,37.508528999228304]]],[[[126.9365399999104,37.5619297999108],[126.93654000011189,37.561929800038],[126.93653999999559,37.5619298001047],[126.9365399999104,37.5619297999108]]],[[[126.977312199366,37.5433676998903],[126.9773121998509,37.5433676990612],[126.9773122003664,37.543367700778795],[126.977312199366,37.5433676998903]]],[[[127.05269749980499,37.4799078998049],[127.05269750057029,37.4799078997497],[127.05269749987549,37.479907900271],[127.05269749980499,37.4799078998049]]],[[[127.1075719995823,37.4987044996655],[127.107572000231,37.4987045004113],[127.1075719995073,37.4987045003514],[127.1075719995823,37.4987044996655]]],[[[127.1140311995429,37.611282300338296],[127.1140311997551,37.6112822994552],[127.114031200718,37.6112822996699],[127.1140311995429,37.611282300338296]]],[[[127.1156894997506,37.6647879998471],[127.1156895005419,37.664787998982405],[127.11568950009931,37.664788000121],[127.1156894997506,37.6647879998471]]],[[[127.1276228995767,37.4399975003004],[127.1276229000542,37.4399974997271],[127.1276228999326,37.439997500339],[127.1276228995767,37.4399975003004]]],[[[126.89878739991771,37.5622163006716],[126.89878739946231,37.5622162997451],[126.8987874002442,37.562216299745806],[126.89878739991771,37.5622163006716]]],[[[126.9364287999387,37.5616077999214],[126.9364288001296,37.5616078001561],[126.9364288000135,37.561607800206595],[126.9364287999387,37.5616077999214]]],[[[126.9398423998435,37.5146865000027],[126.9398424001627,37.5146865000014],[126.9398424000863,37.5146865001796],[126.9398423998435,37.5146865000027]]],[[[127.0401231998902,37.7773878999728],[127.04012320003899,37.777387899745],[127.0401232000928,37.7773879000613],[127.0401231998902,37.7773878999728]]],[[[127.15390719877,37.652911101245095],[127.1539071994531,37.652911099304696],[127.1539072006278,37.652911099771096],[127.15390719877,37.652911101245095]]],[[[127.1557252996668,37.6274222996161],[127.1557253002804,37.6274222994438],[127.1557253000092,37.6274223005206],[127.1557252996668,37.6274222996161]]],[[[127.15887959947531,37.6083610004628],[127.15887960012181,37.6083610000067],[127.1588795998697,37.6083610006358],[127.15887959947531,37.6083610004628]]],[[[126.9329983996939,37.6184614004891],[126.9329984001011,37.6184613997273],[126.9329984003716,37.6184614002604],[126.9329983996939,37.6184614004891]]],[[[127.06231239991159,37.6560754999829],[127.06231240002569,37.6560755000033],[127.0623123999816,37.6560755000565],[127.06231239991159,37.6560754999829]]],[[[127.1047052999331,37.4949698001441],[127.10470529998241,37.494969799885],[127.104705300101,37.4949698000269],[127.1047052999331,37.4949698001441]]],[[[127.1257051995927,37.4488225003406],[127.1257051987746,37.448822498015396],[127.1257052001403,37.4488224998645],[127.1257051995927,37.4488225003406]]],[[[127.1422161994437,37.6412368998509],[127.1422162005368,37.641236897849105],[127.1422162012443,37.641236899942],[127.1422161994437,37.6412368998509]]],[[[127.1592482993433,37.6271785000041],[127.1592483001854,37.6271784998594],[127.1592483000714,37.6271785004987],[127.1592482993433,37.6271785000041]]],[[[126.93809159965261,37.513465199871796],[126.93809160005921,37.5134651999806],[126.9380915997544,37.5134652008239],[126.93809159965261,37.513465199871796]]]]}}]}