{"type":"FeatureCollection","features":[{"type":"Feature","properties":{"interval":15,"stationId":"6152750623"},"geometry":{"type":"MultiPolygon","coordinates":[[[[127.0682163988414,37.3173099996064],[127.068154199815,37.3161949994723],[127.0697314995173,37.3158057994492],[127.0704750996706,37.3140794994862],[127.0706038000947,37.3146729994886],[127.07141349963331,37.314386799702504],[127.0723403987489,37.3133544005331],[127.07013809721529,37.3106104000271],[127.0712203001811,37.3104873968745],[127.0721270992743,37.308063899298],[127.07429380001021,37.3056286978337],[127.0744774998265,37.3037644996979],[127.07487960011801,37.3046739992496],[127.0760966007922,37.304582099392],[127.0768979003149,37.3061019984289],[127.0780135003416,37.305289399325396],[127.08045919988551,37.307115498681405],[127.0809293998766,37.306226799105],[127.0825547982512,37.306038999292795],[127.0829835997078,37.3047846996478],[127.0834557000616,37.3055121996629],[127.0845701997813,37.3043645995992],[127.0858025006089,37.3053366],[127.0851897004116,37.3052509006969],[127.0856226999786,37.3066039993438],[127.0877532001736,37.3058764991225],[127.0870486004236,37.3061734999269],[127.08818510075821,37.3081719986399],[127.089864101472,37.3078868994851],[127.089934500566,37.3093772003526],[127.0879121009645,37.311299900575904],[127.0885205003561,37.3122366996391],[127.08970760032929,37.3123146995916],[127.0902593007724,37.313888999792404],[127.09187560008779,37.3140544998708],[127.0917500999723,37.3147520002793],[127.09089880082361,37.3142490007823],[127.0914928003445,37.3160525011885],[127.0901614016759,37.316652500588496],[127.0914869003504,37.3182100990309],[127.09138470012711,37.319204399263796],[127.0925109993816,37.3192933991363],[127.0936532987665,37.3174083992292],[127.0955699995737,37.3167990989839],[127.0969354988987,37.318288498677504],[127.0974241005855,37.3168087989668],[127.09863439967829,37.3169743987766],[127.099061301299,37.3186762997023],[127.10020020112191,37.3187815001928],[127.1004396008825,37.3196763992979],[127.1022193002752,37.3195191995296],[127.1031617009584,37.3202815993213],[127.1023862000623,37.3228949000139],[127.1031550010037,37.3241396999286],[127.1029439000883,37.326640100277],[127.1014533993804,37.3284476016741],[127.1015121995308,37.327752000580496],[127.0983109005061,37.3260601024512],[127.0955783991417,37.3289150009846],[127.09444960027051,37.327968101931496],[127.09369579959201,37.3284114009817],[127.0927480997988,37.3265064009123],[127.0913985000563,37.326403300247506],[127.091248600034,37.328103200556804],[127.0883850998131,37.3271943019755],[127.0874462992731,37.3261474007433],[127.0879115979492,37.3256269996755],[127.0871853988282,37.3240363004517],[127.0879253990071,37.323729299868795],[127.0868278998176,37.323210200291996],[127.08648989935091,37.320551699529204],[127.0854290998726,37.3189994006569],[127.084348200354,37.319315000482106],[127.0854661003793,37.320842300136704],[127.0841610019411,37.3227038013448],[127.0832285989241,37.3213045016597],[127.08135639999081,37.3216330016134],[127.0813014991859,37.320992700648794],[127.079601199945,37.3225867000995],[127.0776748998651,37.322355300297595],[127.0793325983239,37.3221691996538],[127.07858259907391,37.3206143012087],[127.0759666973361,37.3206686037544],[127.0748097995465,37.3175367008279],[127.0740380003183,37.3172857010789],[127.0727693990472,37.3193264002347],[127.0725352990993,37.318110100818096],[127.071434199771,37.3183365002663],[127.0706596000156,37.3161633011709],[127.0697873001378,37.3161182013343],[127.0686317004452,37.317604899814896],[127.06935720016,37.317773600501205],[127.0682163988414,37.3173099996064]]],[[[127.0949824998215,37.3396963998934],[127.0963162994742,37.3389425993687],[127.0967000996942,37.337277899334595],[127.09634800059591,37.3381664001237],[127.0972300997192,37.3391606993469],[127.0977676991816,37.3388344996731],[127.0977696995842,37.3370455995312],[127.09933879842289,37.336164799963],[127.0993399984217,37.3352995993695],[127.1009984983485,37.3353082990103],[127.101013798352,37.3342417989507],[127.10281399850969,37.3337863994129],[127.10281340111891,37.333197498176794],[127.1049850003633,37.334565199787],[127.1038809009516,37.3349256998796],[127.1042039000634,37.3363101002517],[127.1028042005258,37.3361840008056],[127.10193000139999,37.3375961993934],[127.1028328016968,37.339070700594],[127.10260220069681,37.3415937991228],[127.10505660087959,37.3426319994283],[127.10440730061771,37.3435790004152],[127.1023935998129,37.3430511008012],[127.1007349992771,37.344950300810304],[127.1005467996839,37.3427339020401],[127.09805730067379,37.3428456013052],[127.0972546998509,37.342131600460405],[127.0968773989804,37.3428771008019],[127.0977952991719,37.3415129998693],[127.09678789959409,37.3411948000122],[127.09708899955349,37.339831700796],[127.0957973005847,37.3406086005984],[127.0957583998806,37.3392966009352],[127.0949824998215,37.3396963998934]]],[[[127.1074038995842,37.3515340008888],[127.1083882003222,37.3517791995055],[127.10977719937709,37.35060819953021],[127.1097304994238,37.3493707007677],[127.1088230991787,37.3500297005316],[127.10958189881049,37.3468900998241],[127.1088385003588,37.3458408988309],[127.11242970026221,37.348137299714296],[127.112054000375,37.3498476993446],[127.1136549002386,37.3491965995886],[127.11405640120189,37.3508269002208],[127.1128635005689,37.3505692004895],[127.1134093003134,37.3514408004082],[127.1110434004803,37.3506292005792],[127.11159810001679,37.352022499731696],[127.11211450024611,37.3516386000799],[127.1114741000832,37.3524327003135],[127.1110370995532,37.3513198004813],[127.10912330021439,37.351311700348695],[127.1083721009951,37.3523144004488],[127.1078600001554,37.351777800648904],[127.10756209942599,37.3523080001148],[127.1074038995842,37.3515340008888]]],[[[127.1059545998287,37.367822498892004],[127.1060688004967,37.368425999398596],[127.1078039990977,37.3684237994019],[127.1078497990581,37.3667270005418],[127.1071921993809,37.3665422995672],[127.1084130007413,37.3661044995845],[127.1083296008228,37.368263999260705],[127.1096085995624,37.368431899447394],[127.1092225999298,37.367614499910204],[127.1099114002114,37.3672946996895],[127.1099373002677,37.3697042003975],[127.1080429004458,37.3686783018744],[127.1070606994851,37.3700518008758],[127.10707679895471,37.3686454008314],[127.1057961987118,37.3686427999798],[127.1059545998287,37.367822498892004]]],[[[127.0665352987012,37.2988930000203],[127.0660882998597,37.2980432995296],[127.0685921996448,37.2977065982247],[127.0686914998563,37.2954472994504],[127.0700216007958,37.297458299196606],[127.0731191005659,37.2981369010888],[127.0716077009249,37.298760302432896],[127.0703169979697,37.3010524033115],[127.06998969965089,37.300088700404004],[127.0665352987012,37.2988930000203]]],[[[127.1030575990031,37.350190500469],[127.1063544002603,37.349420099213305],[127.1077488002279,37.3476748000017],[127.1079768000609,37.3486918007535],[127.1044586019164,37.3500761997978],[127.1065083005907,37.350072399793405],[127.10630280004719,37.3514196001985],[127.1063538983902,37.3505886010975],[127.1030575990031,37.350190500469]]],[[[127.0504709989943,37.289241100628],[127.05017789856379,37.289105899938406],[127.0509755024896,37.2892743978124],[127.0504709989943,37.289241100628]]],[[[127.066396799314,37.3003033002091],[127.0669617999688,37.3002904998865],[127.06706460070369,37.300118599871595],[127.0669618004424,37.300290501308204],[127.066396799314,37.3003033002091]]],[[[127.1089387994146,37.3533988994251],[127.1101497007481,37.35340449988681],[127.1087586992275,37.3534012006973],[127.1089387994146,37.3533988994251]]],[[[127.1060353992967,37.3525073996072],[127.1063927005954,37.3523123001105],[127.1064356005552,37.3525042002985],[127.1060353992967,37.3525073996072]]],[[[127.0917068997185,37.3286846001443],[127.0921209005741,37.3286016004514],[127.0917885009411,37.3287812007124],[127.0917068997185,37.3286846001443]]],[[[127.1109932995415,37.394729698986296],[127.11132380064109,37.3946554999945],[127.1112378000298,37.394814101116495],[127.1109932995415,37.394729698986296]]],[[[127.11164329925539,37.3685464995781],[127.1116433002524,37.3685464994022],[127.1116433007343,37.368546500057],[127.11164329925539,37.3685464995781]]],[[[127.0735028995299,37.297706899232104],[127.073502900181,37.2977068996698],[127.0735029001135,37.2977069001475],[127.0735028995299,37.297706899232104]]],[[[127.09269729987369,37.3289583997379],[127.0926973004504,37.3289583994777],[127.0926973003598,37.328958400343],[127.09269729987369,37.3289583997379]]]]}},{"type":"Feature","properties":{"interval":30,"stationId":"6152750623"},"geometry":{"type":"MultiPolygon","coordinates":[[[[127.03629389876791,37.2999712993185],[127.03612009894171,37.298735700554104],[127.0382046993376,37.2989553995836],[127.0383570989824,37.2976033007485],[127.0372059992912,37.2966447008533],[127.0359178999357,37.2970278001899],[127.0358338984578,37.2961630983729],[127.03682220032691,37.295393098259],[127.0386881989222,37.2968131969991],[127.0415544976225,37.295320197993696],[127.0404700980907,37.290316900332],[127.0420612976692,37.2884029010349],[127.04205299821069,37.2862706990077],[127.0443839001838,37.2846578995159],[127.0452304002138,37.284933900035796],[127.044337600768,37.285690699514305],[127.045214599891,37.2864242987807],[127.0464668000023,37.2851966996858],[127.0469067999972,37.2864894984763],[127.0487834981205,37.2855744993913],[127.04690769964911,37.282789899749],[127.04752260014129,37.2836751996334],[127.0479808002831,37.2833209999575],[127.0481300000933,37.2846523989883],[127.0490685994659,37.2847842985922],[127.0510365974979,37.2828202005563],[127.050342498939,37.2800113006534],[127.0497145993585,37.2800784999776],[127.0520913998319,37.279815399140695],[127.0546389047511,37.283826397538704],[127.0589494004406,37.2835507978143],[127.0594553999346,37.282158099206995],[127.0600791042267,37.2824810992214],[127.0597861005772,37.2832887997185],[127.0617722017054,37.285623598539004],[127.0617960007035,37.288219399393306],[127.0627778997216,37.2887423988703],[127.06377390000421,37.2875191995009],[127.06588679848001,37.2879728985649],[127.0684535001025,37.2859742989242],[127.0696274009908,37.2861421992244],[127.07102890054401,37.2872803000596],[127.0705106005863,37.288114099516704],[127.0725441001624,37.290995597417904],[127.0742246019632,37.2896621956839],[127.0774387002296,37.2894531977866],[127.07650540170721,37.291644197923],[127.0787919002684,37.291833497371904],[127.07827860097021,37.2922400998737],[127.0798330004276,37.295166198896496],[127.0831865019569,37.2938484972343],[127.0876177008668,37.2982807969727],[127.0895574006107,37.2982765976815],[127.0937213987776,37.3020522963761],[127.0947120013636,37.3016700992084],[127.09657500056821,37.3031759996675],[127.0962325004627,37.3040663999884],[127.0930678030266,37.3053056991039],[127.09133610431891,37.3073719997293],[127.09369250196251,37.3098485972527],[127.09535200030301,37.3098467972545],[127.0979910994981,37.3058093999725],[127.0986910997341,37.30667299942041],[127.0992189014782,37.3055611988041],[127.1009774000256,37.306340998322206],[127.1018088997063,37.3085517977746],[127.1024592018628,37.3079234997843],[127.10332120124309,37.3119258973013],[127.104961302812,37.311894098467704],[127.1048694003296,37.3128093020676],[127.1018305033685,37.3146588002181],[127.10247750272151,37.3165616983152],[127.1052364999625,37.3159026989742],[127.1054704004448,37.3181574976394],[127.1084375005505,37.3195698987453],[127.108608400157,37.3205302990399],[127.1100759992203,37.3205254990534],[127.11012560119761,37.3195964997823],[127.1112487000745,37.3209164984623],[127.1119881016718,37.3193292002874],[127.11371610183481,37.3209090000016],[127.1131489006243,37.324391299315],[127.11411240062999,37.324112298749405],[127.1157353002956,37.3250877999493],[127.11430180042481,37.3309211997778],[127.11521900017159,37.3306291996241],[127.116675701247,37.3315233999919],[127.1143002002933,37.3332356005992],[127.1127669010363,37.3330262001716],[127.1136138008438,37.333884601164996],[127.1127669000476,37.333026200898196],[127.11230040215719,37.335561599487995],[127.11365290080471,37.3363669986826],[127.1144830005508,37.3356386995808],[127.113652900662,37.3363669998497],[127.1147959003933,37.3364753999973],[127.11537940055959,37.339079999382],[127.1160914008173,37.3392061003009],[127.114683200043,37.338062500397896],[127.11440829983229,37.3387714000999],[127.1141511995946,37.337480300931304],[127.11286970046001,37.3380627003607],[127.1113039008643,37.3415537011866],[127.1098019012494,37.342512400591694],[127.109937601055,37.3435590998547],[127.11453920039969,37.3430858989287],[127.11609879885701,37.3419392999626],[127.1148315988041,37.3416839006876],[127.1161204998455,37.3403931998938],[127.1175904001361,37.340373999558594],[127.1165156016333,37.3422908002359],[127.11909260073391,37.3435028988514],[127.120794903524,37.348537799411105],[127.1236126007063,37.349875898073],[127.12367860398611,37.3509554023279],[127.1202882002938,37.3593602004192],[127.1178639994361,37.3596966000442],[127.12120949749561,37.3582105981914],[127.1212286974764,37.354760401641606],[127.12006219840751,37.3542862010408],[127.1155900022498,37.353990301775596],[127.1121420999035,37.3552929007388],[127.1110183005527,37.3565294999808],[127.111123000448,37.3578933986169],[127.1159562008209,37.3598665997692],[127.11903310089319,37.363447699524905],[127.1177639007732,37.3654071005719],[127.11729039961361,37.3645323003406],[127.1166537002503,37.3648560000169],[127.1161808007158,37.3656557001485],[127.1167730001241,37.366143299833595],[127.12028690066259,37.3662040997609],[127.1235157002902,37.3675125997331],[127.12232850001749,37.3668997009084],[127.1215514001785,37.367615200667004],[127.1206352008706,37.3702063995958],[127.1214457003283,37.3705337994571],[127.1236236999513,37.3690551996321],[127.1236862003745,37.3703105997845],[127.1220920008151,37.3704346005792],[127.12180480034121,37.372178400000905],[127.12084270032089,37.3719781006997],[127.1207624003128,37.3734443005647],[127.11928910030551,37.374694599992495],[127.12020950019951,37.376076399828605],[127.1192439008446,37.379325000650205],[127.1202734001359,37.3807858998803],[127.1197794006084,37.3823850984926],[127.1219462000952,37.3820625996365],[127.1231466000713,37.3841166984571],[127.124153600483,37.3836111996256],[127.1233080002759,37.3840916000985],[127.1247879001839,37.3846432997529],[127.1243287008985,37.3849605997278],[127.12541259981461,37.3863736983147],[127.126668299646,37.3857155986453],[127.1273802006669,37.3865110012594],[127.1259546999011,37.3867567008882],[127.12378359998469,37.3886886002554],[127.1214348007519,37.3887485012205],[127.11996959992061,37.3871773000699],[127.1206030994841,37.3868697999907],[127.1197329997059,37.384005199928396],[127.1208734994596,37.3839317995479],[127.1197794003124,37.3823851004349],[127.1185457000578,37.3821217010842],[127.11671369881921,37.3830416003841],[127.11644199972591,37.381866800246094],[127.1156438993356,37.381717200713695],[127.11370080127871,37.381873900557004],[127.1133539001907,37.3828515009094],[127.1137007999083,37.381873899474805],[127.1156438979652,37.381717199631495],[127.11434129829331,37.3802563003345],[127.1130298996047,37.3795980009928],[127.1116418009495,37.3809186000554],[127.1104487005182,37.380294000571496],[127.11106549857939,37.381272002593],[127.1104486974241,37.3802940027191],[127.1062781971263,37.3792768020667],[127.1058108997769,37.3777668996024],[127.10654839940679,37.3765201007149],[127.1048664984794,37.3747625021248],[127.10406809768871,37.3724182992456],[127.1058184975406,37.370079999267],[127.1041305985716,37.3683024987153],[127.1053020985625,37.3649670002076],[127.1042371996274,37.3637169014577],[127.10160570128569,37.3637409014346],[127.1015897011125,37.3668297001881],[127.1004927009226,37.3668968015083],[127.1005160980447,37.3637078002291],[127.0990651994956,37.3629960009409],[127.09767639968929,37.3642770015933],[127.0966643994606,37.3632511998241],[127.09780499928749,37.3622534995486],[127.0991579979345,37.3623735994285],[127.10042849666401,37.358476703325394],[127.0986520984404,37.356453805348295],[127.0991643987424,37.3529176030387],[127.09492259752291,37.354655302442396],[127.0930121977114,37.3493268029417],[127.0901973997932,37.3498956024898],[127.0880039005474,37.3481542023273],[127.0861478987569,37.350339000306995],[127.086969499137,37.3477948007255],[127.0860733991754,37.3455650990261],[127.0893243972748,37.342613997287195],[127.0892727974312,37.3378109004629],[127.0869910997129,37.3374064008674],[127.0866872000168,37.3380936001802],[127.08461920208481,37.3383654999083],[127.0840865007154,37.339820500433],[127.0841467989249,37.3381477007616],[127.08236009895,37.3388121000843],[127.08522889999391,37.3354480997271],[127.08606710020379,37.3364162993048],[127.0868891993817,37.3360343996867],[127.0871441994405,37.3333569997278],[127.0895404992866,37.3335137990232],[127.0895328992942,37.331260101276904],[127.0889208987608,37.331727801138605],[127.088088699593,37.3301316027348],[127.085695700889,37.330389802695],[127.0847141001074,37.329700901410696],[127.08231760250389,37.330885600226004],[127.0824363023852,37.3322440988675],[127.08131989999019,37.3326505062459],[127.0781378986569,37.3322813006441],[127.0770878989466,37.3295044003492],[127.0762383997961,37.3291383007153],[127.07339519978399,37.3309583030206],[127.0716265996539,37.3292098008811],[127.07018619986559,37.3305600004559],[127.06856339987971,37.3287543006516],[127.0670478000031,37.328995300198706],[127.06732699911241,37.3283904003515],[127.066283599288,37.327816899982004],[127.0671062995807,37.3277684999606],[127.066136398945,37.326754399863596],[127.0670705992753,37.325842999510996],[127.0685998001749,37.3260457994345],[127.0690160999394,37.3272224987725],[127.06996959937659,37.325581499978],[127.0669712019197,37.3220511030946],[127.0654310009149,37.3215397038143],[127.06209439973571,37.3221513012878],[127.060697101133,37.322735700703404],[127.0605030003689,37.3240802006248],[127.0601040000587,37.3234053009803],[127.058156499367,37.3232906003482],[127.0579180999019,37.3226860998831],[127.05911859942191,37.3227825997111],[127.05906039935891,37.3210146007872],[127.0585192991397,37.3198795010456],[127.05645879792161,37.3190933009075],[127.0583509991578,37.3172548997003],[127.0565753996147,37.3142015999847],[127.0578069985859,37.3143035996771],[127.06032769561641,37.3110608010798],[127.0634399949418,37.3041079983595],[127.0639660976676,37.301076997780896],[127.0624442992342,37.2988015985058],[127.0647724986178,37.298825797743405],[127.0658958974944,37.2973407992284],[127.06477439861591,37.2951031014661],[127.06388199689151,37.2952589989833],[127.0647340990998,37.2949676991199],[127.0641401987846,37.292363800530396],[127.06097760057911,37.2916807011288],[127.06041660041569,37.2917393004855],[127.0607785999949,37.292481301761],[127.0577837011887,37.2928318017546],[127.0568798009635,37.2957165998836],[127.05716220068109,37.2975730980271],[127.0606852009485,37.2984314004265],[127.05929339997431,37.2984147003569],[127.0588941996616,37.2992076010362],[127.05732880000349,37.2987364002511],[127.056418098974,37.2996224014178],[127.0558486966813,37.2983385003715],[127.05654959862039,37.2972374004226],[127.05395650026409,37.2946133008357],[127.05039860062949,37.298465001039],[127.0492810999601,37.297858100344],[127.0476774004312,37.3017301004569],[127.0483837991622,37.2991752006709],[127.0446560000198,37.3007681007503],[127.04167080178391,37.3009520014698],[127.0403537020679,37.3024956030968],[127.0381093006806,37.3034180045403],[127.0391673984189,37.3027736991882],[127.03629389876791,37.2999712993185]]],[[[127.10159959961,37.3975808001856],[127.10332459905929,37.3978419986658],[127.1042811988208,37.3957435000492],[127.105889999472,37.3948992997314],[127.10225409953979,37.3919901001923],[127.1034846993696,37.3902212984523],[127.1051518014588,37.393000299582795],[127.1068285999492,37.3938877997869],[127.1086226981551,37.392589401085296],[127.1084880982287,37.389188301661804],[127.1060424983942,37.3871798031],[127.10641269995801,37.385736997698096],[127.1080726994246,37.3866855988573],[127.1082752992783,37.3853540001207],[127.107607199341,37.3852318004921],[127.1084115996624,37.3846749985492],[127.109476700177,37.386711298532404],[127.1105401002458,37.3846787993275],[127.11161820049489,37.384456099119504],[127.1124707996461,37.385250399209895],[127.1128669000907,37.384678199664904],[127.1135134996422,37.3859667988542],[127.1142068989488,37.3852063996146],[127.1136269001109,37.384558399729],[127.1165869002825,37.3867901999916],[127.115796500496,37.3883824998617],[127.11778310160129,37.388802598767796],[127.1215684010405,37.3915152996164],[127.1205583007437,37.3914944014764],[127.11991960095901,37.3927866004609],[127.12079080095279,37.394083400058896],[127.119553901432,37.395885699939804],[127.12012750111519,37.3971620005263],[127.1193461008211,37.400565200992204],[127.1166843001684,37.4026981001172],[127.11661219930001,37.4019169005466],[127.1134030007497,37.4016141003775],[127.1129750011777,37.4025458994457],[127.1138656006851,37.4032750008538],[127.1128610999454,37.4042564007749],[127.1119668996738,37.4032068011296],[127.11083609957831,37.40412040098779],[127.1077272987354,37.403401200565696],[127.1077302987308,37.4016738015403],[127.106104199669,37.401628601577904],[127.1052642998431,37.4028078004064],[127.1057302988611,37.4009597006562],[127.1046535999378,37.3998395017764],[127.1036976988417,37.4009207999986],[127.10159959961,37.3975808001856]]],[[[127.037262699661,37.469102800133],[127.0374810002979,37.4677449997931],[127.03798670008361,37.4693089982428],[127.03905599962451,37.4691227984586],[127.03972200019379,37.466614099578],[127.04209880021851,37.4679230986312],[127.0414124006787,37.469070599398705],[127.04238860079779,37.470292800536],[127.0403850002142,37.4727273006209],[127.03855219937489,37.4734556001855],[127.0393130993559,37.471963400726],[127.03853879873469,37.4716691997277],[127.03837809964921,37.4694235001148],[127.037262699661,37.469102800133]]],[[[127.04298139920421,37.305908700166405],[127.04525499998209,37.304958897236105],[127.0471664991471,37.3026015995001],[127.0500843980617,37.3023143995696],[127.0509667015633,37.2998323988776],[127.0500844011369,37.3023143996053],[127.051020600054,37.3028238005734],[127.0494030009594,37.3042365003069],[127.0504806003445,37.3053848998747],[127.0516728991522,37.3053272999323],[127.05160210379,37.3047403962998],[127.05181290015881,37.3064798011696],[127.0504805999828,37.3053849016835],[127.04771700176241,37.3074055023592],[127.0454880997098,37.307734701044495],[127.0442303988809,37.3071122006201],[127.0453499984181,37.3059768003501],[127.04298139920421,37.305908700166405]]],[[[127.12676819879471,37.395214799611495],[127.1268571995344,37.3938849998574],[127.1279934996372,37.3945655996753],[127.12850210109191,37.3927543997278],[127.1294545014018,37.393973499834104],[127.1282643012799,37.3959633993341],[127.1302575000416,37.3981163002899],[127.128419399454,37.399034200116105],[127.1289121990183,37.3975132999589],[127.1282642988586,37.3959634000817],[127.12676819879471,37.395214799611495]]],[[[127.0313426988275,37.4840451998507],[127.03350179983049,37.484718199741806],[127.0342984991631,37.484095999343104],[127.0341133991177,37.4829617985323],[127.0367304010076,37.481760299222195],[127.03541630088199,37.4831317003713],[127.0364608003543,37.4848170000365],[127.03520170030001,37.4845229008829],[127.0344329997456,37.485814600480495],[127.0331012994392,37.485879400438],[127.0333561992241,37.4853416002259],[127.0313426988275,37.4840451998507]]],[[[127.0507749964964,37.4514064004098],[127.0530016995441,37.450448799068496],[127.0546860978597,37.4481191013982],[127.055861197417,37.44309519846],[127.06076020001241,37.4434526996241],[127.05954390144579,37.4437543998971],[127.0601507032055,37.4474150010628],[127.0575400008706,37.4500027997933],[127.0586263040009,37.4523613002715],[127.0559177997936,37.4516521009068],[127.053169201611,37.452220701367196],[127.0507749964964,37.4514064004098]]],[[[127.1283245984427,37.4125216999416],[127.12846180051349,37.4111595988323],[127.12954040095029,37.412340400961995],[127.1283245984427,37.4125216999416]]],[[[127.02766819948799,37.4961675010126],[127.0282928004502,37.496284099559],[127.0279146000792,37.497064900283696],[127.02766819948799,37.4961675010126]]],[[[127.0358632995579,37.4682072996057],[127.036563700415,37.468567500350396],[127.0357318999344,37.4688509000781],[127.0358632995579,37.4682072996057]]],[[[127.1207457995438,37.3749393999841],[127.1211062996095,37.374359999900506],[127.121212800227,37.374433999787804],[127.1207457995438,37.3749393999841]]],[[[127.1211231995313,37.365031800196896],[127.1211309998915,37.3646101993562],[127.1215067000587,37.3650346001738],[127.1211231995313,37.365031800196896]]],[[[127.03631899982241,37.470178200009],[127.0368354001026,37.470022799580505],[127.0370442002293,37.470426600970306],[127.03631899982241,37.470178200009]]],[[[127.1249954999526,37.3842788999637],[127.12512730069871,37.3843723999818],[127.1251116001156,37.3843910002974],[127.1249954999526,37.3842788999637]]],[[[127.0277226994335,37.4974535997265],[127.0277227002711,37.497453599895],[127.0277227001033,37.4974536003645],[127.0277226994335,37.4974535997265]]],[[[127.1146847997594,37.3386334002374],[127.1146847000415,37.338585899874495],[127.1146848001928,37.3386334004029],[127.1146847997594,37.3386334002374]]],[[[127.1148620997019,37.3395638000013],[127.1148627000512,37.339381399859704],[127.1148621003295,37.3395638002526],[127.1148620997019,37.3395638000013]]],[[[127.11537939953449,37.3392018000393],[127.1155001001609,37.3392022001941],[127.1153793998122,37.3392018003622],[127.11537939953449,37.3392018000393]]],[[[127.1208583997743,37.3949576000188],[127.1208353997973,37.3949536000228],[127.1208584005097,37.3949575996605],[127.1208584001275,37.3949576008679],[127.1208583997743,37.3949576000188]]],[[[127.0419791994026,37.306256299957404],[127.0419792003807,37.306256300062],[127.0419791999596,37.3062563005474],[127.0419791994026,37.306256299957404]]],[[[127.1167770999342,37.3380612999399],[127.11677710052699,37.3380612997002],[127.11677709971899,37.3380613002866],[127.1167770999342,37.3380612999399]]],[[[127.1214025995469,37.3661618998031],[127.1214026000429,37.3661618994363],[127.1214026005204,37.3661618999093],[127.1214025995469,37.3661618998031]]],[[[127.10739999975709,37.3247500005434],[127.1074000002822,37.324749999354005],[127.1074000001361,37.3247500006623],[127.10739999975709,37.3247500005434]]],[[[127.11531189923879,37.4038646002642],[127.11531190032319,37.4038645995881],[127.1153119004992,37.4038646004397],[127.11531189923879,37.4038646002642]]],[[[127.1160751998638,37.3380624003996],[127.1160752000375,37.338062399169196],[127.11607520073319,37.3380623997046],[127.1160751998638,37.3380624003996]]],[[[127.06704189852361,37.329492499986],[127.0670419000787,37.3294924997399],[127.067041900182,37.3294925011171],[127.06704189852361,37.329492499986]]],[[[127.068999699775,37.3255646999156],[127.06899970034651,37.3255646999948],[127.06899969995581,37.3255647004303],[127.068999699775,37.3255646999156]]],[[[127.11441020013899,37.3389707001031],[127.1144101998321,37.3389707001072],[127.11441019983039,37.3389706999006],[127.11441020013899,37.3389707001031]]],[[[127.1148632999503,37.3392001000523],[127.1148632999585,37.3392000998701],[127.1148633000506,37.339200100041],[127.1148632999503,37.3392001000523]]],[[[127.11486369995811,37.3390765999936],[127.1148637000139,37.3390765999597],[127.1148637000145,37.339076600020995],[127.11486369995811,37.3390765999936]]]]}},{"type":"Feature","properties":{"interval":60,"stationId":"6152750623"},"geometry":{"type":"MultiPolygon","coordinates":[[[[126.91623349929151,37.5000005000121],[126.9172068996316,37.4999838990434],[126.91882939953221,37.4973603989274],[126.92220190010481,37.4977350997252],[126.92246390049719,37.498889399517104],[126.9240409996063,37.499279099453304],[126.9242173992707,37.497582999471],[126.9252436998798,37.4967829995955],[126.9262391003413,37.497889698369704],[126.9277111988692,37.4970945991648],[126.9267975997828,37.496045900213495],[126.92747100094779,37.495292399428095],[126.9300691002901,37.4968839992163],[126.9310658003884,37.4962635996613],[126.9317080009239,37.4986792993431],[126.9331483004627,37.4992979007234],[126.9331507004009,37.5015949989168],[126.93405729949431,37.5007005998112],[126.93444989999331,37.5015826992667],[126.9357281991727,37.5016164991551],[126.9365824999769,37.500444199529596],[126.9385350991835,37.501055799420406],[126.9381799998507,37.5003696999252],[126.94056999980589,37.5002653995662],[126.94285309924429,37.498071500654305],[126.9421521002291,37.4975818997741],[126.9481509990021,37.497984899544],[126.9490034980987,37.4963654002728],[126.9475124995897,37.495746400891804],[126.94676599922569,37.492715399823],[126.9478672991022,37.493578598749],[126.94913800014261,37.492130699769994],[126.9495090005995,37.4933143989495],[126.95077649933201,37.492918699345196],[126.9512413996672,37.4914554994483],[126.9533537995125,37.4893822995448],[126.95414459960101,37.489681099136796],[126.9548491988964,37.4882093006086],[126.9525988995458,37.4873969005843],[126.9520962000834,37.4880019001603],[126.95196599977,37.4869916005235],[126.948964200274,37.4861711006774],[126.94885499983519,37.486717300391206],[126.94567990075831,37.4850810010071],[126.94488000066809,37.4868897008509],[126.9425857998533,37.486216100943],[126.9420953002034,37.4871016006678],[126.9404540998786,37.487324600562104],[126.9368257998534,37.485700300605195],[126.93421070069519,37.4854531007345],[126.9342208999373,37.4863897004388],[126.93045480060101,37.487603800694004],[126.9304726013471,37.4891275998821],[126.93000440057101,37.4887653007174],[126.9290766006786,37.4903870003373],[126.9284321000592,37.4900717009817],[126.92702890122169,37.491300699928296],[126.9267918016899,37.492505200073495],[126.924170401342,37.4928687012031],[126.9235067009037,37.4939084018118],[126.92155679957571,37.493265100064804],[126.9238855990292,37.4917368995991],[126.9237166998326,37.491066099333096],[126.9249646005451,37.492750198765],[126.9258063997033,37.4926245988906],[126.92606599943801,37.4900046005838],[126.9248369994703,37.490041400013006],[126.9262094992321,37.4898829991912],[126.9272158986764,37.4877944997485],[126.9238470990812,37.4855519009452],[126.92384779954911,37.4841868999333],[126.9229192996362,37.483270999339204],[126.927060799524,37.4821045992404],[126.92650419938839,37.4806248997751],[126.9302028999455,37.4792545996295],[126.9326539985283,37.4770750003552],[126.9323795001269,37.4760246980245],[126.93254970102309,37.476675899444494],[126.93464299994629,37.4763162996764],[126.9367030001003,37.4774294995859],[126.9375156996884,37.4790305993448],[126.9373305997691,37.478178799835305],[126.9384841995036,37.4780397996472],[126.9383376996392,37.4771377997384],[126.9395701999036,37.4780483994238],[126.940334300397,37.4769285995501],[126.9404433011221,37.4779842990521],[126.9423765000832,37.4791508997799],[126.9430485994111,37.479077799853],[126.9431670996778,37.4777486998485],[126.9445181002549,37.477351999457106],[126.9444649003007,37.4794567992941],[126.9451013996642,37.4793937993571],[126.9478387991075,37.477306599748296],[126.947410900398,37.4765644983857],[126.9513558996192,37.4777402991826],[126.9520139992249,37.474369098907694],[126.9530471988242,37.473481899394],[126.9535011003386,37.475796598720905],[126.954032699807,37.474738199779296],[126.9544011002839,37.4756678988974],[126.9575477987296,37.4748273993491],[126.9585636995612,37.471955998838396],[126.9612988990232,37.473172297866505],[126.962697499111,37.4696181988088],[126.9645911992082,37.4706913982947],[126.96491119932,37.4691791967678],[126.96812529997409,37.470087099162804],[126.9685398002164,37.4694247996512],[126.97005230045191,37.4722801986983],[126.97092379958039,37.4721396988388],[126.9712494992036,37.4694767004283],[126.97021049896249,37.468537599875596],[126.97097309850119,37.467933599188505],[126.9728053982008,37.468936298106],[126.9769630003339,37.4674271978196],[126.9806033997507,37.4710080979516],[126.9829779973761,37.469993498966204],[126.9832747998431,37.4710464986311],[126.9848792982386,37.4695703001073],[126.98522289564539,37.466822100470104],[126.9863224999335,37.4679953995277],[126.98809969983341,37.4673458988961],[126.9884371995754,37.464687501236895],[126.9874359988906,37.4609115005692],[126.9886868988555,37.459392799438305],[126.9878057997366,37.458721900109204],[126.9882453992238,37.4581947986294],[126.9887375013936,37.4599791989672],[126.9935692032369,37.4636874983507],[126.99332910299,37.466292600455205],[126.9920384992408,37.4685549027589],[126.9901123989209,37.4682016015249],[126.98691940133361,37.469173401034105],[126.98687659991471,37.470051401332604],[126.9857046996172,37.4686289013325],[126.983274801921,37.4710464992427],[126.985705301086,37.472919398464605],[126.9871306011763,37.4719622990989],[126.9895242987826,37.474894396166796],[126.9924179009585,37.4735787986708],[126.99273450028059,37.4740203006318],[126.9910048000487,37.4754108009338],[126.9887913022622,37.4758250005196],[126.9893190017345,37.478610997733604],[126.99240980128,37.479656997020804],[126.995468798221,37.4793514973263],[126.9982423965709,37.4771178987405],[126.9974445973687,37.47366920218921],[126.9941244998565,37.4741353008601],[126.99395479955909,37.4736043993921],[126.9941245005555,37.4741352989459],[126.99584299883699,37.473462899618305],[126.9956535983375,37.472537798697],[126.9977559003884,37.47106629933489],[127.0027497013637,37.4698725987923],[127.0026085015456,37.4707246987968],[127.00578390165279,37.4716088987591],[127.0102835002007,37.4742048981919],[127.01433779612171,37.4729862967856],[127.0174507948071,37.4686499935428],[127.01853319372469,37.4654796967131],[127.0189821951616,37.462669296540504],[127.0175588965849,37.4585517006581],[127.0184179003936,37.4592349963578],[127.0210071988852,37.458438897021395],[127.0243818999721,37.4562322951364],[127.0252436991103,37.4513075000612],[127.0247369003407,37.4511611993471],[127.0273870986161,37.4521082992146],[127.0288931005084,37.4514066989657],[127.0293284001272,37.452118498290695],[127.0366480928075,37.451508598900595],[127.0369022960231,37.4466623982582],[127.0382638946615,37.445335599585],[127.035429893691,37.4411109998377],[127.0358295948003,37.4391796984645],[127.03260519518301,37.435719999777405],[127.0337533996578,37.4347089999061],[127.0433638989293,37.4278112966749],[127.05484090488841,37.4335890960934],[127.0685263984594,37.4349170981019],[127.0707850988258,37.4330148976629],[127.0702875993233,37.4309323997454],[127.07161219918801,37.4290566002122],[127.0681134014975,37.427481803196],[127.0667206998485,37.4329788002413],[127.0681989994715,37.426621600657995],[127.0666251977663,37.4266263998644],[127.0687683025801,37.4253546930926],[127.0752233981361,37.4244846943103],[127.07197930296779,37.4249974004287],[127.0747704005844,37.4260345992976],[127.0769935983612,37.4302479950842],[127.0810144005246,37.4315979018972],[127.07905340089471,37.430477603964],[127.0760572038909,37.434575199866394],[127.0699190041818,37.4357917034657],[127.0723027032596,37.4423862023302],[127.06654980336441,37.4465700030305],[127.0674286024856,37.4511892984112],[127.06836440154979,37.45184049776],[127.07152810039429,37.4495198983919],[127.0724525010986,37.4502072993238],[127.0727299008429,37.452454498898405],[127.07648740116251,37.452426799048595],[127.0772881004334,37.4548077997925],[127.0752919011385,37.455181101411],[127.0752767002467,37.4586933995444],[127.07996649992769,37.459727299588195],[127.08152130151791,37.4588034993471],[127.081215301027,37.4605975993421],[127.0825695006762,37.4610105010533],[127.0819331987499,37.4615279020151],[127.08121529904619,37.46059760207],[127.0785306996982,37.4626922003349],[127.07874539948351,37.4615224015047],[127.0751493979477,37.4595885019827],[127.07232500077211,37.460290201281005],[127.0716223003036,37.4607558028191],[127.0710549006282,37.4639926001856],[127.06854149771159,37.4591990058429],[127.0640789021742,37.461644903397],[127.06162410364,37.4689519961506],[127.0648396012022,37.4693512038566],[127.06095180299249,37.472155203184],[127.0607412032031,37.474204201135],[127.0654296999013,37.4777348980513],[127.0650907017015,37.4789552988287],[127.07018909660309,37.4825540952299],[127.0676148986495,37.477561397845896],[127.06864300099569,37.4775901974275],[127.07018910077379,37.4825540973749],[127.0726319983309,37.484060395868596],[127.0758150970489,37.480898097799894],[127.0752377995757,37.4774453986381],[127.0775220995895,37.479349895706704],[127.0781203982599,37.474868494217],[127.088619700449,37.4759171965051],[127.08722590127641,37.4764501001898],[127.0890794011445,37.4785318983764],[127.0908916993322,37.4783679985403],[127.091541399501,37.477173998720296],[127.0945594983742,37.477512398464405],[127.09483009993579,37.475552999283195],[127.09560020198171,37.476588598641996],[127.0995805001282,37.4777619978276],[127.10148769923391,37.4774094986144],[127.1041634985861,37.4754686991143],[127.10333890052429,37.474352398243504],[127.10632580007899,37.4753092979732],[127.1069528002494,37.473234899740405],[127.1081756006091,37.473517699217005],[127.1069889017523,37.475616799520594],[127.11135870205,37.477167301185496],[127.1112523021564,37.4796872986655],[127.1097692016812,37.483148998978194],[127.1123827990676,37.4846130975141],[127.1140792003728,37.482799799648504],[127.11238280076371,37.484613099845895],[127.112980500166,37.4851962992627],[127.1144439990574,37.4847484993966],[127.1144634999885,37.48302789942041],[127.1166719980354,37.483360899221],[127.115887498173,37.4806502016673],[127.1165276977583,37.4795313990023],[127.1143104998463,37.4782018999231],[127.1165813981436,37.479354698497104],[127.11482479957259,37.4769660993684],[127.1176505976364,37.477624398233004],[127.11874399728681,37.4766816984144],[127.11670789967859,37.47428330020951],[127.1153912997552,37.4737629007186],[127.1138473998071,37.4748152002099],[127.11305249949899,37.4735511997884],[127.1144444997993,37.4722582993386],[127.1157986999428,37.472214199279506],[127.1170160987254,37.470649700844],[127.1158131990793,37.4712002005851],[127.1141984997372,37.4705331007728],[127.1149459990543,37.4679129012233],[127.11313559955691,37.467803101611096],[127.11192919790051,37.4668244008818],[127.11130179848301,37.4649553012629],[127.1097270000578,37.4652963009219],[127.1091996993516,37.464696899975],[127.1116126996504,37.46375719742711],[127.1145562988374,37.464001398136],[127.1173853960301,37.462511298083],[127.1194199939955,37.4589331016612],[127.11793829236521,37.4561133988949],[127.11874848974139,37.446592300881896],[127.1182555892726,37.4429702981292],[127.1198030976263,37.4360436012675],[127.119091398338,37.4340937032174],[127.1170416999161,37.4321976000044],[127.1182706986871,37.4305248016772],[127.115671295905,37.428674001025904],[127.11232149925479,37.4276913020086],[127.1110337959372,37.4281862016777],[127.10858449786781,37.4225109050492],[127.10841139953739,37.420280101431196],[127.10708720060559,37.4201209015206],[127.1062380992022,37.4215917009529],[127.1052163995183,37.4209506006714],[127.1083571979794,37.417741896521],[127.1088931974434,37.414705899557],[127.10592310012599,37.4100291005742],[127.1032990001174,37.4095027004621],[127.1021287021088,37.4122092012838],[127.1010162032213,37.4129375005555],[127.10179530244221,37.415980697512296],[127.10320900082361,37.4165452995991],[127.1020873017628,37.417630000271004],[127.10232910150461,37.419604899343106],[127.1035009008016,37.4206380990438],[127.103346798931,37.422393202443004],[127.1011145992456,37.422578801451095],[127.1019900987384,37.4218470002877],[127.10147039925809,37.4203950017397],[127.0965432024537,37.4177930027396],[127.09429039527461,37.418036203877],[127.09243269600991,37.416254001596705],[127.09340829635559,37.4121607985741],[127.0914071983567,37.4101352005997],[127.09292219997981,37.4087578999025],[127.0929832005422,37.409722899188196],[127.0943057992196,37.4090144998966],[127.0918251010741,37.4066855018615],[127.0894644001196,37.4087090019149],[127.0857773962514,37.4070944036437],[127.08542679712349,37.398620902169],[127.0844275973419,37.3974617022331],[127.080891297471,37.397877002463105],[127.08408029791819,37.396879998479605],[127.08317689882159,37.3935159018437],[127.0800637998975,37.393132800249994],[127.08062339922999,37.392836199997696],[127.08011479973861,37.3919163009176],[127.0786354004191,37.392085200212094],[127.0784470006075,37.3931635991337],[127.0795240003294,37.3931730996608],[127.07959579928651,37.3941848011411],[127.0795434989887,37.39342950046181],[127.0784815000507,37.3934832004081],[127.07694979965669,37.3921496007867],[127.0775711995268,37.3910933003876],[127.0768419996479,37.391135400019],[127.0775426995766,37.390346299731],[127.0768534997058,37.389363099912195],[127.07809230045649,37.3907932991266],[127.0798601997272,37.3910451996749],[127.07949159905719,37.3888486010713],[127.07774669950001,37.3891372000971],[127.0780986989806,37.3877947000774],[127.0794915985993,37.388848598821006],[127.08110019699069,37.3875563001133],[127.0864299943049,37.3688522046165],[127.0796281959234,37.371040801225405],[127.0771127956937,37.3664776012205],[127.0806275937345,37.3601099043888],[127.0799608944012,37.359329005169705],[127.0700749018324,37.360290402202],[127.0677943010202,37.3617295004208],[127.067728501086,37.3624467997035],[127.0693445000869,37.3635626999593],[127.0681356000981,37.3639658005965],[127.0668868965934,37.3636941998994],[127.06671679844199,37.3618422992948],[127.0690159986713,37.3613777995705],[127.06755100013629,37.358919302028994],[127.0662283989304,37.3579280032091],[127.06351569862889,37.3599909002322],[127.066228397114,37.357928001313304],[127.0637735995686,37.3563345998665],[127.06567869928601,37.357382898804296],[127.065539499304,37.3562852990946],[127.0693857007607,37.355474399529996],[127.0713954001247,37.3583339960245],[127.07743149436641,37.354707499462506],[127.0787177952163,37.3518487998739],[127.0779432966826,37.3493354005791],[127.0795308960261,37.3447401026041],[127.06959530028361,37.3429288054578],[127.0669988006472,37.344322304996],[127.064064998037,37.3478804039394],[127.0628154983765,37.3458889030404],[127.0583158989483,37.346821500752895],[127.0569558990078,37.3442710014057],[127.0571677990923,37.3428913012563],[127.05478340147671,37.34435759979],[127.0554712004925,37.3452285004482],[127.0543578999948,37.345128800027595],[127.0547833989052,37.344357600137],[127.0527602966981,37.342153899495],[127.0523238971345,37.338979802669094],[127.04891860053979,37.3375834040655],[127.0465530992346,37.3389523023172],[127.0444135981564,37.3349519066858],[127.0416225992235,37.333917400788096],[127.0423546997747,37.3342524994104],[127.043601998441,37.3333194995133],[127.044101997941,37.3313830014498],[127.0412468006038,37.3290114037744],[127.0378019994389,37.328617800478305],[127.0352787950745,37.3171447012075],[127.02803889903039,37.310623704386],[127.02766779776161,37.3090719041199],[127.0241726011426,37.313846000488496],[127.02438809834679,37.313093800873794],[127.022058900676,37.3122953016723],[127.0215237999692,37.3142279025534],[127.02011449874631,37.3139898005046],[127.0205478985848,37.3134628994754],[127.0195081984684,37.312557499867594],[127.02139839701279,37.307688802904],[127.0132453990332,37.304251801271],[127.0126697992639,37.3034859987347],[127.0136639982697,37.302643099577594],[127.01242959913381,37.3004772994179],[127.013170198858,37.2990697002832],[127.01198649853501,37.2966750002393],[127.01307689925831,37.2971974990076],[127.0134938989098,37.2966202994941],[127.0123486990674,37.293723801217205],[127.0139195993327,37.292553599928794],[127.0132008988074,37.2887661000144],[127.0139960995295,37.2887865997589],[127.0150099991727,37.2869713001651],[127.014073400009,37.2868343986927],[127.01570379952089,37.284863699496],[127.0176046993014,37.2851601989309],[127.0182955995545,37.282954600092594],[127.0179944998556,37.2818509011963],[127.01686939986381,37.281735599875596],[127.01883479984659,37.2809617991826],[127.0191231000654,37.279650399665904],[127.0207277994616,37.2795069993559],[127.0206802994808,37.2758726005476],[127.0199399996756,37.2752704988174],[127.0213886013283,37.2738167972895],[127.0255212997309,37.2720541988],[127.0261933998425,37.270145299599704],[127.0278397995549,37.2696512993544],[127.0275615000736,37.2689709997908],[127.0287828995196,37.2700501987336],[127.0311815005063,37.2703892998753],[127.0309236010279,37.2726682980572],[127.0336283993703,37.271339198996],[127.033981699017,37.269235701099504],[127.0324712984083,37.2663285004062],[127.0360090995748,37.265553998852],[127.0369577996994,37.262511999903],[127.03902749899841,37.2614483988659],[127.0396785000123,37.2613119997817],[127.0395756000255,37.2622412995253],[127.0400279999957,37.2613343998334],[127.0437994004396,37.262071199378504],[127.04899620013431,37.2609167998151],[127.05011889901161,37.262355898376],[127.0515003014356,37.2627008000243],[127.05082420161419,37.263314100897105],[127.05166200077639,37.265668498542695],[127.0553492979154,37.2639355992207],[127.0543452989194,37.2626107005456],[127.0555152994146,37.2620198989682],[127.0580722992201,37.2624803977501],[127.05652660249899,37.263324900674604],[127.0565322024934,37.2656645983349],[127.0588095002161,37.2662703977291],[127.0603860986395,37.2644983995011],[127.06078319897951,37.2626186990705],[127.0612770001491,37.2640716992758],[127.0623725990535,37.2644559988915],[127.0626878990641,37.262918199187],[127.0645665991894,37.263582897992606],[127.06553680033551,37.2621586983151],[127.0648114009697,37.264318100114394],[127.0667508990302,37.2645693998631],[127.0666308999243,37.2636275994093],[127.0673073004661,37.265926298094094],[127.0698995002776,37.2666600986697],[127.0720028002264,37.2653136997806],[127.0710469010139,37.2663218997584],[127.0719246001362,37.2678974981828],[127.0735911984696,37.2676569984233],[127.0753652966955,37.2659205001598],[127.07618479672739,37.2619122990413],[127.0750047979074,37.2606194003342],[127.0724431004691,37.2598459011077],[127.0718403997616,37.2607299001335],[127.0710733996637,37.2558102013286],[127.0691600993821,37.257057601989004],[127.0694302989284,37.2558008013914],[127.06499529969531,37.2545852002007],[127.06492499907951,37.2519268000416],[127.065839100106,37.2523162991987],[127.06790969998,37.2507547991013],[127.0689598998074,37.251258798902704],[127.0694716996491,37.2494851004585],[127.06590229999891,37.2461770996075],[127.0701813004399,37.2476256990575],[127.0715163000662,37.2468743991172],[127.0751728996032,37.2475341990291],[127.07574970000961,37.246363899581496],[127.07595710086619,37.247618899387696],[127.07845350058659,37.248648699504194],[127.0768001013786,37.2515931991593],[127.077666700168,37.252502100176],[127.0769569006345,37.253639500659496],[127.0774568001346,37.2546432996557],[127.0802283003549,37.252760098984005],[127.0807611005311,37.2545694987339],[127.0837793006589,37.2553641989057],[127.0846948003679,37.2565109990079],[127.0857078025049,37.2559363001857],[127.0838481013313,37.2580203000679],[127.0839898016236,37.2602668009991],[127.0814897008406,37.2608410019529],[127.0809576013727,37.262321500472396],[127.0822182003434,37.2639352996882],[127.08333159923,37.26367839994511],[127.0831249002488,37.263154499928596],[127.0835091005174,37.2662232006947],[127.0827214999983,37.265243300621805],[127.0824421010547,37.2670219999984],[127.0815411999754,37.2670314008665],[127.0814773000035,37.2662189008129],[127.0804236996156,37.2663306003068],[127.079466299865,37.264511501255896],[127.0782909008268,37.264226901540795],[127.0774181005104,37.266773700196204],[127.077186399954,37.2656616013153],[127.0753652993513,37.2659205014533],[127.07285400087491,37.2679981001424],[127.0735280002009,37.2690571990833],[127.07596650086451,37.2694326001969],[127.0745883004295,37.2695010002822],[127.073991801026,37.2711159986672],[127.0774502988852,37.2721312982082],[127.0780379013107,37.270411299852],[127.0774503012722,37.2721312988729],[127.0781712014337,37.2737510987135],[127.0809829994899,37.2739931984654],[127.082047599786,37.273086799013704],[127.0828735011552,37.2732298988944],[127.08304150030409,37.274774199611706],[127.0848136010815,37.2742074999253],[127.0828083001451,37.275476500970605],[127.0819103001337,37.2744305002242],[127.08134800069601,37.275499699155],[127.0820708000625,37.2751284995157],[127.0820171001854,37.2768315006381],[127.0794418001355,37.2779826005747],[127.0784759029186,37.2848024957975],[127.0804320036729,37.2880553969939],[127.08540839986131,37.2887330993211],[127.086764505063,37.2899821941694],[127.086289105269,37.2919457995199],[127.08986160169651,37.2951195963461],[127.0959998977919,37.2939315988247],[127.09604369733009,37.289366300769295],[127.0932592985682,37.289638594513],[127.09716749830349,37.2883285940232],[127.0969226985483,37.2826990996527],[127.09804720061129,37.2824014997914],[127.0989215997369,37.2827784994144],[127.0986850003222,37.2834168996979],[127.0993157998364,37.2832073999279],[127.09996869914781,37.2827231000674],[127.0988650001893,37.2810475988402],[127.0999687003422,37.2827230971939],[127.1019511983597,37.2817146982023],[127.1016239988578,37.2798280976273],[127.1040085983986,37.279224897944204],[127.1042813981258,37.277204999964106],[127.10233209907909,37.274945100673094],[127.10475579912631,37.2720669000137],[127.1020902988468,37.2704971995966],[127.10274709985521,37.2689686991486],[127.1033930000956,37.2696987987502],[127.10427439921419,37.2692870991619],[127.1052486986884,37.2659419006445],[127.1042361984436,37.2642099009269],[127.1032038994759,37.2642279009089],[127.1050218990646,37.263538100171395],[127.1042618997152,37.2615067005176],[127.1022174981356,37.262137598387305],[127.1042618994622,37.261506698679895],[127.10492939879471,37.260227999958595],[127.1043783993457,37.2590568011298],[127.1018233969258,37.2579123994455],[127.103570098736,37.2573111987727],[127.1036340986836,37.2553425982939],[127.1062147999049,37.255145298971804],[127.10813160045939,37.2576081996348],[127.10733340085571,37.2587396994169],[127.10955400125991,37.2591313988799],[127.1095822012317,37.2605559974553],[127.111417102381,37.2618934972227],[127.1128793020185,37.2645420963466],[127.1162471063013,37.266337293543806],[127.1141711020301,37.2702895004638],[127.1150729011283,37.271861298892],[127.1228821005154,37.2689920984987],[127.12594759744991,37.2701592973315],[127.12737809958,37.2682033993249],[127.1323214010712,37.2663426976601],[127.1335357998568,37.2645578994449],[127.13631099708161,37.2641750998277],[127.1367431011582,37.263331799044],[127.1383252020356,37.2638392987711],[127.1411375022704,37.2671859007802],[127.1380904017361,37.2680887013766],[127.1384190002275,37.2717993991875],[127.1411057984094,37.273930296876706],[127.1446631023685,37.2750710982656],[127.1486362005262,37.2743636987694],[127.1494476005589,37.2764188004061],[127.1463186020115,37.2780911019521],[127.1451143002058,37.2778920007617],[127.1441475009035,37.2794643004884],[127.14319159902499,37.2795000011664],[127.1409753972375,37.274736000857395],[127.1375324998655,37.272240999931],[127.1383177990802,37.2714946006774],[127.13805319839051,37.2705950004829],[127.1365798998638,37.2706370004409],[127.13543420012101,37.2694739007404],[127.13467299996171,37.2699197002635],[127.1327421996818,37.2681830007418],[127.1315542008698,37.269141799783],[127.1352858007329,37.270948700758],[127.13237890164301,37.2726181018021],[127.13159810242381,37.2740939003263],[127.1325123001298,37.275210700959704],[127.12986580032701,37.275622700792],[127.1297278999512,37.2749197003547],[127.1291827989337,37.2765028001483],[127.122589704171,37.2739577031181],[127.12110530681039,37.2792149995625],[127.1212846066311,37.2874297913477],[127.1263292052396,37.288928396144],[127.1267585021044,37.289836099066605],[127.1259737978767,37.2888745023737],[127.1222334016171,37.289394201853995],[127.1222534002522,37.2904322010724],[127.1200219007105,37.2892646022495],[127.1188120019204,37.2903440011701],[127.1193758013566,37.2921054994086],[127.1209974010456,37.291980699213504],[127.1224721005386,37.2929002999867],[127.12099740082199,37.29198070128621],[127.1212096006098,37.2932621000048],[127.12235160090451,37.2940582992602],[127.12101390088449,37.2964826990214],[127.1217838013042,37.296410600007704],[127.1186678019353,37.2973914010699],[127.11900800159509,37.2994755989857],[127.1236042002425,37.300820299707595],[127.1229938006757,37.3025589995457],[127.1239243997451,37.303514098590604],[127.1251384020879,37.3031081010239],[127.12297440010191,37.3066363006314],[127.12241109823509,37.3066832009727],[127.1225022971086,37.3044181005629],[127.12184859776231,37.303903401077605],[127.118856900754,37.3038248011562],[127.1150716045393,37.3049940999869],[127.1142924063538,37.3112017964541],[127.1162401044061,37.3169387907171],[127.11939440521951,37.317975997466505],[127.1268190981456,37.3169110986634],[127.1265148984498,37.3151961003784],[127.1271566007592,37.3145728949348],[127.127255601657,37.3154382996515],[127.1294197047744,37.3164420989697],[127.1322812047944,37.319400699823],[127.1317297055342,37.3201682996239],[127.1345716026923,37.3276738921183],[127.1378556015147,37.327949893358],[127.1411965036403,37.3293755959202],[127.138607604628,37.3301192011647],[127.13922850400711,37.334566196717695],[127.1412165044094,37.3348953983224],[127.1356258024791,37.334483003063696],[127.13705470105019,37.3394452981014],[127.13778100236661,37.3386153995336],[127.13650290484169,37.3423169022864],[127.1388625024821,37.3491921954111],[127.1423082990363,37.3499673946359],[127.14438630261229,37.3514354973524],[127.143881801386,37.3523330004426],[127.144827801396,37.3539575005009],[127.14448740079101,37.3556716011623],[127.14355230172609,37.3557737010602],[127.1416850035704,37.3579364995047],[127.14108670409121,37.3598236035007],[127.142011903166,37.364866298458004],[127.1451968000214,37.365689699335896],[127.144368501248,37.366809999937104],[127.145344200414,37.3679872005789],[127.1442937011062,37.3689263998166],[127.1488881002999,37.3716862001702],[127.1482326015647,37.374392999736195],[127.1457434017988,37.37679000128],[127.1434122040818,37.381251596923796],[127.14615060205149,37.383337796352],[127.148370099832,37.3832562964335],[127.1511155999504,37.3809646988756],[127.1512175004961,37.3800025998102],[127.1514801006921,37.381499898840104],[127.1539769016609,37.3824294973033],[127.155187104511,37.3840636007866],[127.1540126003288,37.3850433010825],[127.1541189005127,37.3864882005076],[127.15244249892751,37.3850562032095],[127.1472320032146,37.3869073023917],[127.1413861051429,37.3908833023837],[127.14312000332879,37.3951799984273],[127.1450900013585,37.3955199984703],[127.1462491014242,37.3948056988343],[127.1480729027565,37.396313098217604],[127.1496505030108,37.403501497245095],[127.1506366020247,37.4033987973478],[127.149769100762,37.4042744995218],[127.1508548996762,37.404507299289],[127.1509422002329,37.4038251999046],[127.15052610058079,37.4055250989773],[127.1525020007884,37.4044928988515],[127.1535025005822,37.4056550998353],[127.1534391002184,37.407160699582796],[127.1546519004538,37.406822199823104],[127.1498644024873,37.4089011020558],[127.1502581020936,37.4127182982386],[127.1520384017437,37.4139272992056],[127.1509393015008,37.4147382999623],[127.15218910019,37.4167551002731],[127.151066901283,37.416986300127796],[127.15308930152821,37.418813899914504],[127.1519594010675,37.4184431004769],[127.1522185999593,37.419228201628],[127.1467094036992,37.425942299203705],[127.149343601065,37.4267554983905],[127.1521888012,37.4244984989214],[127.150791001869,37.427052102092794],[127.15243650022349,37.430198098946796],[127.150861300909,37.4324354009397],[127.1503372016409,37.4345916996031],[127.1508335011446,37.436752397442405],[127.1527761029984,37.4363343958791],[127.1560316004209,37.4395376968569],[127.1582252982272,37.437928598466],[127.158149200144,37.436372398559406],[127.1603057999399,37.4372425989993],[127.1617205003228,37.436631599325096],[127.16174980030969,37.437363599262795],[127.1642778003168,37.4373112997856],[127.1640227006032,37.4378069999313],[127.16594850031859,37.4385009999122],[127.1656211004118,37.4398981993178],[127.1669887004269,37.4428624992727],[127.1655573015456,37.443037400387],[127.1692840001494,37.446007899742796],[127.1696340015685,37.447212197797306],[127.1674026013733,37.4476174009372],[127.1664170008757,37.4493319996678],[127.1696521007391,37.4516942001558],[127.1671044011832,37.4548689998918],[127.1682136002721,37.4553815994915],[127.1679993003691,37.456023100434706],[127.16555460054849,37.4573394002196],[127.16584710085499,37.4585079008403],[127.1634110998533,37.4598063027838],[127.1622203000166,37.4591087008581],[127.1590272012554,37.4623816033181],[127.1562954996148,37.4636573016901],[127.1546241975717,37.4622438036217],[127.15125930024631,37.4665343005183],[127.149711600987,37.4664845003261],[127.15000170072341,37.4682009001824],[127.1480802009462,37.4699444020772],[127.14523150059159,37.4705597019105],[127.1443891007842,37.4717168010145],[127.14323690009361,37.4709217015472],[127.1410590000864,37.4724081012504],[127.1408086000409,37.473511900617],[127.1390068992627,37.4723581002425],[127.13907689850261,37.4717039006074],[127.1340516016438,37.471266400372095],[127.13757610013741,37.4740513997254],[127.13809620009731,37.478664100033406],[127.1363508016145,37.4800059990688],[127.13602500041131,37.481859401612795],[127.1337860008165,37.4826454011037],[127.1343772002253,37.4837779999711],[127.13205810076019,37.4844424002764],[127.13302480057361,37.485005100113405],[127.1306968009244,37.4863523008361],[127.13104390050569,37.488319700237696],[127.12931090060569,37.487593701687395],[127.12850400141261,37.488089901191195],[127.12756750130019,37.4913974997298],[127.1288600005213,37.4928319987864],[127.130812500153,37.4921000991464],[127.13103030026481,37.493518199787694],[127.1326787007692,37.4943081999964],[127.1314809006076,37.4989320994754],[127.13301579973229,37.4999046988711],[127.133960299523,37.499325499137896],[127.1336537000968,37.4980288987321],[127.1351664006042,37.4994339988635],[127.1341726004023,37.501467999644],[127.13461000058,37.5047599998],[127.13384240025121,37.5065726011213],[127.1322060003032,37.5076467012622],[127.1317471000708,37.5069596008555],[127.1304857997618,37.5075157004732],[127.12736769968879,37.5070278005362],[127.12845659840691,37.5058555006929],[127.1273512995122,37.504729601818795],[127.1261661006974,37.505515101033296],[127.1263661006904,37.506923900640096],[127.1246775016763,37.506449101094],[127.1257212004649,37.5086365996559],[127.12679370007339,37.5082945997547],[127.1306577003035,37.510460399456],[127.13139820111101,37.509737199171695],[127.1329327997558,37.5102457989506],[127.1340152001269,37.5092440998115],[127.13388980254521,37.510733299018796],[127.1355268009082,37.5123666973854],[127.1364615022507,37.5120165991458],[127.13681840090379,37.514629599839296],[127.1380910018111,37.5155239992674],[127.13897850056699,37.5189400975172],[127.1434784990389,37.5168318995276],[127.1442845004389,37.5172658997527],[127.1413172015493,37.5183505996531],[127.14002190285049,37.5213254009152],[127.14045190242051,37.522950799289795],[127.1376755024679,37.5249225997811],[127.1378681022753,37.525599399104294],[127.1392775008659,37.528031696672],[127.1444831000304,37.5270984996732],[127.1461006000846,37.522721599723994],[127.1481089011165,37.5276450980568],[127.15056129943251,37.5261698974784],[127.1527399023931,37.528721598584895],[127.149063002881,37.5300000000366],[127.15015920043311,37.5327185001075],[127.1496693997666,37.5317411010468],[127.1484629995857,37.5321219001104],[127.149669398879,37.5317410996365],[127.14866929987909,37.530471500906096],[127.145287599708,37.531172700518],[127.1437445994603,37.529146200377596],[127.1424953997777,37.5300164003904],[127.1425239994624,37.528695001136],[127.14147959987099,37.5307782005651],[127.1405867002275,37.5305535008421],[127.1405239999712,37.531328300881995],[127.1395480004661,37.531545800704],[127.1390104008415,37.5336856999531],[127.1372997003903,37.5344958011242],[127.1370253005748,37.535922101536],[127.135820001223,37.5364700011229],[127.13633010042689,37.5377653008975],[127.1352284995624,37.5380516005655],[127.1350589994003,37.536808201266304],[127.1339023998124,37.5379310005939],[127.1324119986479,37.536026301397],[127.1299834009612,37.5365301006147],[127.12927800005009,37.538360301158804],[127.12680159991359,37.5381151006251],[127.1246343996154,37.542089500716806],[127.1228379998832,37.5408751005967],[127.1220386001158,37.5411156005667],[127.1220140998803,37.5402783006963],[127.1202995998398,37.540880900278495],[127.1205125992295,37.5398696007866],[127.1193835997973,37.5398930009147],[127.1195304998719,37.539158199500804],[127.1219038990081,37.5392940994834],[127.1213751996178,37.5372507008973],[127.1197375997636,37.537519600563904],[127.1213718986934,37.5365309001333],[127.1205838994814,37.5358848007794],[127.12085959983,37.534960500192696],[127.1194399996924,37.5336200011533],[127.1174335002737,37.5341969012599],[127.11657149969261,37.533672400159],[127.1170239989045,37.5305054999376],[127.1158879995547,37.529339800103905],[127.1169431992132,37.5284022988697],[127.1172923988983,37.5256641007743],[127.1181283007832,37.525569299355304],[127.11921869969281,37.5271754977491],[127.12281230022711,37.5265343994203],[127.1217543012936,37.527549199376004],[127.12307099997689,37.5283432985819],[127.1238781001648,37.5270732994806],[127.125454100438,37.5273115984381],[127.1250300004641,37.5289299992111],[127.1262045010943,37.528383400080806],[127.1250644019174,37.5299494991176],[127.1258138010845,37.5317966996884],[127.1252541000706,37.5333806001468],[127.12374590070121,37.532984500561],[127.12422980043159,37.534111100077695],[127.1233410001264,37.535113599980505],[127.1246704002546,37.536437199839405],[127.1268454000482,37.536382499690404],[127.1274757003401,37.5347155995417],[127.1307748996773,37.5316558993296],[127.1304557999964,37.5300170009685],[127.1284432992324,37.5297857994336],[127.12971979893891,37.529436798876496],[127.1301048995152,37.5265778990127],[127.1309014994707,37.526415198945],[127.1310021996744,37.525169299298305],[127.1329130987877,37.5229955005305],[127.1318856992701,37.5211014016246],[127.1288693994202,37.5206307028868],[127.1272689010207,37.5223837011338],[127.1257442008488,37.5208742016773],[127.12422770041161,37.5210518004833],[127.1249978999068,37.5201073990852],[127.12576750048399,37.5207027988191],[127.12796039829111,37.519802999718905],[127.1264573984473,37.518807100385494],[127.1248068999556,37.5158135019971],[127.12237639916499,37.5180496006654],[127.12229729904129,37.5150736007421],[127.1209097004289,37.5144726013431],[127.1199868006953,37.5148139010834],[127.1205535001055,37.516913500395404],[127.11772690176369,37.5177962002236],[127.1170250029233,37.5195343006288],[127.1177907021576,37.5213391988239],[127.1163437007368,37.5213561012866],[127.1158634008192,37.522655100143204],[127.1165598003826,37.5234168009601],[127.115509499524,37.5225816007283],[127.1147216988346,37.5230758006811],[127.1141846992535,37.5217271013981],[127.11132670020301,37.523070801672],[127.11105569947239,37.5247449010885],[127.10898710154099,37.524834400999005],[127.1081634998531,37.5257548019915],[127.1071525996159,37.5247655013564],[127.1063048989175,37.525863300397496],[127.1059517994553,37.524359001497],[127.10376870067991,37.5242208011971],[127.1028939015547,37.5253121001058],[127.1042599027157,37.52664270430169],[127.09590470633671,37.5334048021913],[127.0978477034498,37.5357416007742],[127.100680200689,37.536971899642],[127.0991832012068,37.5369575004425],[127.0984694009804,37.539366802593804],[127.09756330068821,37.5391461001777],[127.0960690005478,37.5416238012654],[127.0939506002401,37.541926400680104],[127.0941443996072,37.5408647009269],[127.0929755994555,37.541854900461296],[127.0905943003694,37.539971701441004],[127.0888939010261,37.5403697011503],[127.0888944001271,37.5416020005599],[127.08392619978319,37.5421336006219],[127.0824812994492,37.5415883999892],[127.0830351979741,37.5399551008413],[127.08133879967049,37.5384403023561],[127.0803451004359,37.5388864018467],[127.0802036005774,37.5405722001609],[127.0789295005141,37.5406690005701],[127.0799674015375,37.5422046011578],[127.0789165005782,37.542280800912],[127.0784639010308,37.5435403996524],[127.07997620152871,37.5440622993001],[127.0800769019545,37.5452673990897],[127.0824639013446,37.5452076999211],[127.0789275009438,37.546899600833605],[127.077065701424,37.5464062011093],[127.07521730106231,37.5491870003002],[127.0752624010172,37.5510716984155],[127.0769504993291,37.550342199145],[127.0779714003304,37.5527042990755],[127.0792195008152,37.5516204981024],[127.08047310042821,37.55314179914],[127.0814829000876,37.5525484991464],[127.08285339998581,37.553784198884],[127.0840273002388,37.5533264990713],[127.08707130095411,37.5543346992052],[127.086474100218,37.5561154007028],[127.08542200093389,37.556510100271396],[127.0865609004876,37.5575713006373],[127.08418370051089,37.5592498002391],[127.0846563007271,37.5599129001794],[127.0840066002865,37.5611750999431],[127.0860763003803,37.5622819996725],[127.08620410050321,37.5634244989941],[127.08709000068511,37.5626700000757],[127.08790590026909,37.5652805983837],[127.0887714010841,37.5655339996193],[127.08871050028671,37.5675830003941],[127.08682880038491,37.5700740000106],[127.08850670033219,37.5746409992946],[127.0892226009796,37.5746264990614],[127.0898040012403,37.575946197859295],[127.0890165005058,37.575591400540404],[127.0887768000471,37.5769503005671],[127.0888356997237,37.5763454005692],[127.08735829996931,37.5768965004008],[127.08511949987471,37.5758240004415],[127.08432289998801,37.5762166004127],[127.0834076994243,37.5749918997793],[127.0844380991993,37.5734537998134],[127.085614299526,37.573809199375496],[127.084484599405,37.5722877002124],[127.08536499967569,37.569731600484694],[127.0848278002129,37.5691449010714],[127.0830931998639,37.569472700968795],[127.0827660000419,37.568647200860404],[127.08241580039211,37.5692644002432],[127.08147329975169,37.5689126000863],[127.0824157993902,37.5692643992615],[127.0824395993664,37.5680575004684],[127.0786249008614,37.5680136015897],[127.07882029928321,37.5657898986793],[127.08035239960189,37.564249899875],[127.0797367997619,37.561634501045994],[127.0783812002142,37.5621195003812],[127.0777596001182,37.5609514006406],[127.0771522999449,37.561594800966304],[127.0745731997508,37.56104530038311],[127.0743170000462,37.5600399003838],[127.0726959989844,37.5600303006782],[127.07324349976311,37.5598149999394],[127.0722958992793,37.5583309000159],[127.0736418997118,37.5557689993066],[127.0734302999107,37.554009200539205],[127.0709299997042,37.552083500903805],[127.0697962999016,37.552336300798004],[127.0701133994556,37.551899300235604],[127.0689229994456,37.551171600216705],[127.0677587000791,37.5511474004553],[127.06672780038019,37.5493880009631],[127.06558840019859,37.5499870009891],[127.06608049933659,37.5491669006119],[127.0646879994149,37.5485655995137],[127.0652243988918,37.5481178994455],[127.06475619878191,37.5450737012599],[127.0638456993383,37.5444224011894],[127.0628158989424,37.5448644011599],[127.06246989894,37.5441181011729],[127.0555038999064,37.5471379008966],[127.0562806990981,37.5454259014478],[127.0555966996689,37.545621401027],[127.05408180085071,37.5470160999952],[127.0544243004713,37.5487209002998],[127.05388289978261,37.5483344010515],[127.05164210110779,37.549572600743495],[127.0523328005464,37.5508812997582],[127.0503154024538,37.551196601638],[127.0503262024779,37.5546651987177],[127.05118760146911,37.5559824000091],[127.04955240010399,37.5562156005983],[127.0499101991324,37.5557856997651],[127.0486422000981,37.5541889009361],[127.04773570005841,37.5560555001035],[127.0463214998722,37.5570101003778],[127.0451935002879,37.556728700487604],[127.0452468003908,37.557910600169],[127.0440025001991,37.5580321001548],[127.0457642006958,37.5608260998522],[127.0469524003574,37.5609058000866],[127.0452067010736,37.5621330997513],[127.0483741000543,37.562916999557096],[127.0489724002116,37.5623739998101],[127.04884030049469,37.5641537987374],[127.05036269976789,37.5643091985909],[127.05138759972739,37.5624979992319],[127.0531680992398,37.5635559989859],[127.0555059000067,37.5623952995066],[127.0577635001732,37.562993999874],[127.056467500483,37.5632963004854],[127.0578736003846,37.5645156003051],[127.0571282005931,37.568090400241005],[127.0566997996619,37.567470300751296],[127.0543839000377,37.56834260038],[127.0533226005443,37.5702979009392],[127.05268409967309,37.5699077004478],[127.0500392003099,37.570911600561104],[127.0507491992845,37.5700143002057],[127.0491200000011,37.5694203002682],[127.049159699889,37.5685919007793],[127.0486984998233,37.5701866003083],[127.0462672007072,37.568534201235],[127.0426175003229,37.5711309008477],[127.04206079897361,37.5707023003088],[127.0427372985555,37.5703680995897],[127.04105230024051,37.569194600763204],[127.0399309006459,37.5696994001601],[127.0408003004925,37.5701699997878],[127.0403630006714,37.5707497002614],[127.039653399684,37.569768700767995],[127.0383690009684,37.569992500544195],[127.0377330999367,37.5710180005707],[127.0375219996601,37.5702055008971],[127.0343170006045,37.5693604006873],[127.0333226000932,37.5709940999585],[127.0322031999748,37.5706904005689],[127.0305447000895,37.5724308009432],[127.0294066999012,37.571077301123196],[127.0267085998707,37.5709562000693],[127.0249189996942,37.569720500647605],[127.0234038999903,37.570887000207],[127.0210219009245,37.570699101469096],[127.020158800656,37.57223960065431],[127.0193353002354,37.5718848007339],[127.0179651003868,37.572795300848604],[127.0175275996639,37.571216001595],[127.0165636996185,37.5711762996419],[127.01752759931709,37.5712159996184],[127.0168734993087,37.570589200229],[127.0177983989592,37.5692363008545],[127.0160898006678,37.5695639005269],[127.0158324999349,37.5707708005318],[127.01373769960269,37.5680434012213],[127.0095519003769,37.5708438005935],[127.00819839959699,37.569270800634996],[127.0083335995195,37.5675485003145],[127.0066452006605,37.5680707006213],[127.00670960001459,37.5698222005149],[127.0066190990526,37.56885660022569],[127.004470400068,37.567472402003396],[127.0020532001175,37.567726500207996],[126.9978161999965,37.5707439000835],[126.9972359998174,37.570477999771704],[126.99792429949619,37.5689866007266],[126.9955413003704,37.568753700673604],[126.9933421004888,37.57262270095519],[126.9921426004312,37.5725987011689],[126.9910657999124,37.5741567002918],[126.9901747996108,37.5731266005953],[126.990706999571,37.5728886000932],[126.9895102991981,37.572557199986996],[126.99028479980309,37.5719381998978],[126.9894268994062,37.5706448997027],[126.992264999604,37.5691086993932],[126.9924367994322,37.5681812003207],[126.9919027989781,37.567276700347904],[126.9895844000278,37.568003600321696],[126.98734519981409,37.5660709000533],[126.9884164994922,37.5662391989756],[126.98880479978699,37.564627699981806],[126.9901418993842,37.564053699873405],[126.9903160987414,37.5627675001821],[126.9882812997907,37.561197999807696],[126.9916876991605,37.559453099519295],[126.9930637995831,37.5574782996542],[126.9981482000546,37.559488099720205],[126.9986061007073,37.561000299667505],[127.0004447997717,37.5612768990443],[127.00055359966291,37.559939300381906],[126.9991841996746,37.5591996003279],[127.000376999666,37.5578279995759],[126.9999707992651,37.557070499983],[127.0023252993891,37.5551552990021],[127.00237509978639,37.5535547993766],[127.0035527003695,37.554943198554],[127.0045413993808,37.5535487999484],[127.0040546981835,37.5517153995278],[127.0051114997566,37.549768899556895],[127.00745639925539,37.5495550998327],[127.0075397989779,37.548657899787],[127.0060105992211,37.547704699573096],[127.007071000128,37.5467304998786],[127.0080539002569,37.5477718997841],[127.0070523003363,37.547805499965904],[127.00851440018559,37.5513841994772],[127.0104832994341,37.550745199008304],[127.0102222003175,37.549617498467896],[127.012459099662,37.5494893998808],[127.0126841994228,37.5486516004665],[127.0109056993081,37.548118099590106],[127.0116904995357,37.5435929002821],[127.0101283985075,37.5425304007349],[127.0096331979121,37.5405226006129],[127.01257119907879,37.537283199056795],[127.0123902004288,37.5390119993035],[127.0131553005851,37.5387840994523],[127.0137723002225,37.539970099536696],[127.0155803996661,37.5404043995687],[127.016429498969,37.5387086005075],[127.0160407989743,37.538019999670105],[127.0201214942982,37.537420798766],[127.0208889985318,37.5297236990806],[127.0198601995745,37.5275340012585],[127.01642580141919,37.526705800838904],[127.0124065003083,37.5278878034352],[127.0115213011935,37.5292123021107],[127.0074152983525,37.5279398999389],[127.0110192986458,37.5213738992283],[127.01003299976071,37.520504000044205],[127.0102327995609,37.5184777020705],[127.0079280946802,37.5191792059839],[127.0070535953067,37.51874280603],[127.0030453953418,37.5141234067652],[127.0007890975981,37.5131705077181],[126.99604699849121,37.5153343031506],[126.9950602973204,37.5125834046002],[126.99179119841699,37.509110207359605],[126.9853333988917,37.5064730006469],[126.98559759893931,37.5049780018238],[126.9822523015825,37.5043262026445],[126.9808113001508,37.5065723082724],[126.9780711013287,37.5054134008368],[126.97439260055731,37.5062430094559],[126.9756016988895,37.505883099784995],[126.9756618988293,37.5050204006477],[126.97440110009009,37.50363750203061],[126.9721374023538,37.5056941999739],[126.9726334005836,37.5061749003479],[126.9673902034879,37.5079641084291],[126.95822150126509,37.5134634040206],[126.9532014000657,37.515338700041504],[126.9521128993755,37.5147816004233],[126.9499715996385,37.5151897014171],[126.9473580005452,37.5166173004638],[126.9497333978685,37.5153150994025],[126.9475760000259,37.5133928013248],[126.9460374003492,37.5144054016236],[126.943239299921,37.513091100578194],[126.94220000021829,37.5141000008068],[126.9409438001256,37.513271200692195],[126.9392270009524,37.5137152002702],[126.93913020035829,37.5144439002129],[126.9383625999079,37.513099600264795],[126.9376676000766,37.5130788002582],[126.9373216005244,37.514139100150004],[126.9359292994227,37.513223000737604],[126.93185579940729,37.5136910013096],[126.9319332993677,37.5124766990832],[126.9334325985162,37.5114727001304],[126.9327493999705,37.511057699695805],[126.9338888998505,37.5102458994174],[126.9360086989111,37.510434799146],[126.93586339952961,37.5093154995576],[126.9370053989294,37.5096930991739],[126.9360751000184,37.506663501684905],[126.9348814003715,37.5075916012785],[126.93491779856089,37.5068166005334],[126.9328573964467,37.5060867984785],[126.9325170997914,37.5036728991173],[126.9337554992413,37.5028049998785],[126.93300139893279,37.5014832004979],[126.93187370006049,37.501359100622004],[126.9318723991617,37.5019419005709],[126.93065889998219,37.5011777013179],[126.9294003012408,37.5020562004394],[126.9301503993433,37.502840400463796],[126.927672100683,37.502147300689494],[126.92596109951319,37.5028095008023],[126.9248218993088,37.5013306007803],[126.9228271993475,37.5012979013003],[126.9225175990507,37.5003599012242],[126.9209375006308,37.4999035016806],[126.9207887007796,37.5014288001553],[126.9198988006364,37.5017076015677],[126.9185819999383,37.5016564016323],[126.91623349929151,37.5000005000121]]],[[[127.24024419782971,37.401813000893796],[127.2420850998751,37.4014124982647],[127.2426373993228,37.4003132993639],[127.2405073994228,37.3950982999664],[127.2409439998225,37.3942608996397],[127.24338159897451,37.393927098916],[127.2426683996877,37.392594100249],[127.2421415986877,37.3928226996435],[127.2446053984679,37.3914164993396],[127.2454578995586,37.389347199184],[127.2467700000377,37.389069099284804],[127.2504005999116,37.3914300977765],[127.2508894994227,37.389768699437894],[127.2527210002055,37.3896421985528],[127.2519369011745,37.390240599742995],[127.25217670093471,37.391442098541496],[127.2546518996738,37.3904140990185],[127.25606000148021,37.3907354990629],[127.2577441001677,37.3932202969871],[127.2598732041783,37.3935226973857],[127.26068940367361,37.3945100984212],[127.26088200413629,37.3969090040684],[127.25801560210509,37.3966745038065],[127.25695690316381,37.400754499726496],[127.261158201464,37.403123099192705],[127.26244850142861,37.4065174989757],[127.26414560044681,37.4063447003027],[127.262816899965,37.4079335005559],[127.2609927010828,37.4070436010947],[127.2614622007055,37.408673099958804],[127.26077830079029,37.4087059005199],[127.2606865999269,37.4096167005597],[127.2603824999516,37.4086975008832],[127.2592609004472,37.4099813010626],[127.2582736006967,37.4098220010861],[127.2580935000835,37.410850100510196],[127.2565093998457,37.4106482005133],[127.2544846992355,37.4086967016918],[127.2518047999587,37.4105841005672],[127.2504034013601,37.410503300648],[127.2496218005305,37.4114955011298],[127.2497363995791,37.4104678010075],[127.2483033999187,37.4114125010896],[127.2457025943163,37.4102578991305],[127.2481654993677,37.410938399364],[127.2484715990616,37.4095008008016],[127.2447051959656,37.4034688017374],[127.2429773976934,37.403111602094604],[127.2420850985685,37.4014125016037],[127.24024419782971,37.401813000893796]]],[[[127.0895317993358,37.201419299480996],[127.09049949937331,37.1995224989565],[127.0920440989905,37.2005023983039],[127.0925163985182,37.199595199211096],[127.091792399987,37.198318999431095],[127.0931552006116,37.1983349986715],[127.0926607011197,37.1995950988303],[127.0959019990455,37.198307300120305],[127.09636089981879,37.196846998744796],[127.0984912002053,37.1985454000023],[127.0990830996121,37.200173398545594],[127.0998471006723,37.1999567977044],[127.1014875002996,37.2016771999107],[127.09843690026099,37.20360260088351],[127.0984195000038,37.2046632001323],[127.0984368995458,37.203602600971806],[127.0973804006023,37.2035640010104],[127.0963977008731,37.2048344012382],[127.0926684999991,37.204973200229794],[127.0895317993358,37.201419299480996]]],[[[126.919686899366,37.5196584000607],[126.92629080024291,37.5172738975609],[126.9271414993922,37.514980899853896],[126.9263928001984,37.5136574990481],[126.9282813010789,37.5135815995979],[126.92742510219959,37.5151633994361],[126.9315230010212,37.519004698940904],[126.9307630995322,37.518529001526204],[126.92751740175319,37.5218502992658],[126.92914320001489,37.5247274017034],[126.9281729009852,37.5248309015999],[126.9272888000079,37.523773601406596],[126.92643219966169,37.524642701686],[126.9254512001306,37.5242624019442],[126.9245312005721,37.5255226010241],[126.9226045001121,37.5243388015172],[126.9212696997695,37.524534801177495],[126.9214232995393,37.5236459006442],[126.9209405994347,37.524277801289],[126.9214232990289,37.5236459000135],[126.92025859926589,37.523044900342505],[126.919686899366,37.5196584000607]]],[[[126.96848579942639,37.522426799241195],[126.9692733997381,37.5228105989107],[126.9696863993251,37.5216256000957],[126.9730956991171,37.519458800304704],[126.9728413010464,37.518935199402],[126.97323110102131,37.5197375993586],[126.9745447009289,37.519707099295],[126.9750381018237,37.5209402991877],[126.97695130044009,37.5203245996364],[126.9768134003543,37.5214529993076],[126.9775109996567,37.5216668990937],[126.9801480005532,37.5209012994207],[126.9781111000194,37.523386200245795],[126.97692769987721,37.5235163005906],[126.9786091993077,37.5227897000663],[126.97503810128211,37.520940301083996],[126.97302450124519,37.5216151004475],[126.97442960038589,37.5225548999593],[126.97244580097251,37.5225521997751],[126.9722335979982,37.524085201095104],[126.97124729898451,37.523370301810004],[126.9686832005698,37.524266001825495],[126.9696233988251,37.523567399988394],[126.96848579942639,37.522426799241195]]],[[[127.2890523984102,37.37860529901889],[127.2894789979836,37.376582501041696],[127.288324699922,37.375651599802495],[127.2904780997771,37.377076697166004],[127.29239350037291,37.3765947993245],[127.2938785988878,37.3775539983653],[127.29607919668719,37.376515499403794],[127.2963167964496,37.375037500881795],[127.2950689976974,37.3730919028274],[127.2931265952018,37.3732287986609],[127.2947000930746,37.3707390999894],[127.2963116988009,37.3722446980502],[127.300583098982,37.3706773981723],[127.3009157986493,37.3696195992301],[127.30454760242681,37.3689433985067],[127.3050510030678,37.3698313988112],[127.3042842025913,37.3716152028077],[127.30110259950469,37.3733729028023],[127.30065209974029,37.3724683005998],[127.2990297003726,37.3733586001401],[127.2978403017555,37.3769505011048],[127.2981534023913,37.379471700795],[127.2978275996471,37.3778082021058],[127.2961398013349,37.3795485003655],[127.3001648973098,37.383194996719],[127.3013924009635,37.383053896506404],[127.3013394020197,37.383957001211606],[127.29892129855611,37.384609101721196],[127.2966362990043,37.380408103178496],[127.29312349982419,37.3822172008238],[127.2928093969018,37.3791175025584],[127.29129889841231,37.378137503538404],[127.2890523984102,37.37860529901889]]],[[[127.1906713968906,37.4192763002045],[127.1924887999892,37.4122588998857],[127.19335369942931,37.4139287981912],[127.1948327979502,37.4119872001328],[127.19307329968109,37.4114099002379],[127.19618279302391,37.4067987978994],[127.2000709987201,37.405678098319704],[127.2018475993942,37.4014252989666],[127.2049795003633,37.4076182951811],[127.2113582998679,37.4059557962708],[127.2130616991676,37.4050990968377],[127.2140657981635,37.4033790985577],[127.2159358987586,37.402946396217196],[127.2168629004066,37.406003296739],[127.2177835994859,37.4029307998115],[127.2205946013146,37.4019034992778],[127.221031699479,37.4030723026789],[127.2168629036478,37.4060032997479],[127.21886930495799,37.408914897861],[127.2170476015977,37.4110240004395],[127.2162230051256,37.4119239059864],[127.2152356001911,37.4110190008718],[127.2131283005584,37.4115296033901],[127.20780240588431,37.415915699003996],[127.2081915054952,37.416536598383104],[127.205914901545,37.4193069995314],[127.2080694014775,37.4200656030604],[127.204638299914,37.4200109098474],[127.1955332002846,37.4161421067673],[127.1906714051464,37.4192763036331],[127.1905438026638,37.4200611037481],[127.1906713968906,37.4192763002045]]],[[[126.9638774991209,37.5299852000761],[126.96560889987671,37.5287631998288],[126.96594249960229,37.527339599338596],[126.96797980127319,37.527194898896596],[126.9682900013402,37.528292799526604],[126.9675154005501,37.528930700179],[126.9682546005222,37.5294449993455],[126.9681785002161,37.530998898972],[126.9702459994418,37.528330699405],[126.9714153009716,37.5301171998856],[126.9706990001949,37.5319767002175],[126.9686313003652,37.5307389011844],[126.9674886991725,37.530902901954704],[126.9681784991421,37.5309988992418],[126.9677661995544,37.529823900416794],[126.9665407001733,37.5296072002941],[126.9664450995587,37.5304442003725],[126.96602089998291,37.529171601645096],[126.9647861003199,37.529175101678106],[126.96445989958309,37.5304383008836],[126.9638774991209,37.5299852000761]]],[[[126.9087811989189,37.4855564992894],[126.91122659996131,37.4866686992706],[126.91227589942359,37.485466599389305],[126.9139366001017,37.485343999485096],[126.9158841003243,37.4871247995834],[126.9154772002842,37.4883017992778],[126.9164027003634,37.4879102998417],[126.9168866002854,37.4890880001617],[126.9156255985501,37.4895062002859],[126.9147111994645,37.48781850197361],[126.91074449958191,37.489463600073],[126.9114278989777,37.4884871999871],[126.9096031993657,37.4884406001078],[126.9099583991994,37.4865561002524],[126.9087811989189,37.4855564992894]]],[[[127.0508756997433,37.2455852997981],[127.0520828996826,37.2446343997593],[127.0530156996323,37.2453810992422],[127.0530504986685,37.243415198948504],[127.0554271003709,37.2413115987213],[127.058461801367,37.2415054988587],[127.0583822026359,37.2435660988859],[127.0615453013836,37.2440337998819],[127.0612559018332,37.244487400774496],[127.0631360006123,37.246123399885505],[127.0613857006195,37.2462156004197],[127.0618700006526,37.2471309000584],[127.06109930041559,37.246974800436796],[127.0587972989368,37.250119500980496],[127.0574835993214,37.2488148010952],[127.05669590010909,37.2492735006365],[127.0530896995231,37.246978900696305],[127.0529532985985,37.245808700529196],[127.0508756997433,37.2455852997981]]],[[[127.0858167989918,37.580004498977004],[127.0865676994136,37.5797886996046],[127.08627949957041,37.578767899198205],[127.08692159969969,37.5796900987794],[127.08821859922341,37.578889499089904],[127.0891753994435,37.5796373989277],[127.0902714001387,37.578742099491],[127.092046600257,37.5806234000166],[127.0883710999926,37.583573100567605],[127.0884850996471,37.5829245004349],[127.0878193999693,37.5831940001399],[127.0861820997804,37.581907700451005],[127.0865438987792,37.5808667006644],[127.0851389995261,37.5809950000532],[127.0858167989918,37.580004498977004]]],[[[127.0442323997384,37.5809838998639],[127.04476660018061,37.5798997994134],[127.0470797003394,37.5801340993615],[127.0475325004433,37.582002699426894],[127.0489375005317,37.5831226004153],[127.0475406995066,37.583133700133295],[127.04631420006,37.581188000738294],[127.0442323997384,37.5809838998639]]],[[[127.0609598984831,37.561207200816895],[127.0622235995302,37.5583303999145],[127.0642076995423,37.5599345980258],[127.0667290993232,37.5587680979704],[127.06854350058181,37.5607170993181],[127.0694585002401,37.5606072999685],[127.0672030997126,37.5627817007735],[127.06394660029409,37.5616660006782],[127.06243929945589,37.5626013005919],[127.0610280989893,37.5621815007905],[127.0609598984831,37.561207200816895]]],[[[127.0393852988504,37.2512034004386],[127.0398071996424,37.2492770990455],[127.04102100146,37.2504955988339],[127.0430236002646,37.2508190992558],[127.0436359006471,37.2499492988728],[127.04316180106669,37.25124230146],[127.0438242007126,37.2528929002526],[127.0423973997839,37.2541290002794],[127.04340309829051,37.2531039993575],[127.0415577996584,37.251685100977106],[127.0402095010067,37.2522380004242],[127.0394957997972,37.254497300347495],[127.0402834995733,37.253561599547],[127.0398054000514,37.2524853006233],[127.0391795995033,37.252808699961605],[127.0398053991874,37.2524853001338],[127.0393852988504,37.2512034004386]]],[[[126.98022709948489,37.5658659999943],[126.9825569995888,37.5654301994878],[126.9821844000897,37.5640570998877],[126.98423800002661,37.5652012997588],[126.9844819012966,37.5668047999852],[126.98273800019659,37.56798120062],[126.98022709948489,37.5658659999943]]],[[[127.1494874997315,37.266213599316],[127.1531441987127,37.2667723982609],[127.15317710119929,37.2657693988329],[127.1553172003453,37.2668545995504],[127.1553265003038,37.268028901505296],[127.1545419010884,37.268032401501806],[127.1547982002614,37.26986930089431],[127.1534092004993,37.270901300251396],[127.153582500454,37.2720531002657],[127.15261330051389,37.27136530079],[127.1505133002594,37.272470500912],[127.1494048997883,37.2721194002533],[127.1498176983293,37.2702047013428],[127.1510934987145,37.26898160069889],[127.15064529865579,37.2664018001776],[127.1494874997315,37.266213599316]]],[[[126.9318625980892,37.5273659995654],[126.9329474995608,37.5273367995037],[126.9341870989428,37.5257388988432],[126.9351603005782,37.5262442992913],[126.9351690999155,37.5275138007898],[126.93340930160369,37.5289511996923],[126.9325344998785,37.527525200694],[126.9314636998917,37.5287680001672],[126.9318625980892,37.5273659995654]]],[[[126.9001699998944,37.53465460017],[126.9013340992712,37.5328207991544],[126.9020809002367,37.533566298762494],[126.9052447003906,37.5322632001198],[126.9054553004318,37.533075500034],[126.9033538999799,37.5355234001056],[126.9001699998944,37.53465460017]]],[[[127.0059485991398,37.443162199938705],[127.0082099000494,37.4410414993967],[127.0088029008465,37.4416545994776],[127.0080451007249,37.4429998000044],[127.0081893005279,37.4439362996394],[127.0091838006584,37.444094299646004],[127.0080778002225,37.444288200638006],[127.0084117002327,37.445791300105604],[127.0063552997612,37.446254500317],[127.0063793992508,37.4451360996221],[127.0070822991809,37.4452535988484],[127.00791059835261,37.443893900208096],[127.0063752998879,37.4427707013313],[127.0059485991398,37.443162199938705]]],[[[126.9702782986355,37.5335196984968],[126.9712127996986,37.5325118997019],[126.9720838000105,37.532679899316996],[126.9731579001626,37.5348804999592],[126.9741668007541,37.5352874997605],[126.9733128003618,37.5358544001643],[126.97337420005509,37.5351126003527],[126.97097259959439,37.5349190014392],[126.9702782986355,37.5335196984968]]],[[[127.12488019918541,37.5512742003418],[127.1269898992018,37.5485963994325],[127.12673459978721,37.547887799409196],[127.12698990038089,37.5485963991548],[127.1280777009223,37.548316799663205],[127.1288203004397,37.5495708986391],[127.13029560028,37.548926699896],[127.12848770035349,37.552404701337],[127.1280148998037,37.5514278011268],[127.12488019918541,37.5512742003418]]],[[[127.3405415994136,37.3538128994409],[127.3402510999024,37.3533052992135],[127.3414310987224,37.3532235992952],[127.34176999898129,37.3519528988741],[127.3434306987882,37.3513993987568],[127.34367059958619,37.3493175993825],[127.3449307996324,37.347991897528],[127.3475423000193,37.3472898965745],[127.3502783018152,37.3478043010362],[127.3497067023868,37.3496617991787],[127.3521447026333,37.3490038992568],[127.3546823018756,37.3496568996296],[127.351665602487,37.3512324023239],[127.34830839725339,37.35102350396949],[127.3458789996828,37.3520864029066],[127.34556779916319,37.3515956024129],[127.3431322015988,37.3531002009083],[127.34350450122649,37.3543781996303],[127.3449091994752,37.3547112038396],[127.3405415994136,37.3538128994409]]],[[[127.0857667998075,37.588065900515396],[127.0890423999761,37.5875518994595],[127.08801370144431,37.588470599816404],[127.0893113010153,37.588774800872606],[127.087135799292,37.5900819001438],[127.0857667998075,37.588065900515396]]],[[[126.9327817990935,37.4720314994616],[126.9336970002627,37.4709327994246],[126.9350521999848,37.4710460999297],[126.93541640026149,37.4718604999595],[126.9337056004399,37.4723169006918],[126.9334910000959,37.4731076008269],[126.9327817990935,37.4720314994616]]],[[[127.1019115992909,37.5457034004741],[127.103306599248,37.545467199102895],[127.10366119969781,37.5446732991375],[127.1056720001167,37.544806400085896],[127.1049022008865,37.5452471996451],[127.1050750000373,37.5462103000916],[127.1019115992909,37.5457034004741]]],[[[126.99864989926691,37.451946099456],[126.9999447001628,37.4506715984855],[127.0005610000571,37.4513624975026],[127.0030952000874,37.450584099543],[127.00490550092421,37.4481417990389],[127.0030952006398,37.450584099734],[127.0031709007864,37.452899999939596],[127.0016964036143,37.4552252003838],[127.00111179955191,37.4555282010903],[126.9994272986305,37.454076401359295],[126.99864989926691,37.451946099456]]],[[[126.90770169965731,37.5001576996722],[126.9085563991784,37.4993291991739],[126.9090784001185,37.500365598890504],[126.9101919990049,37.5001034991526],[126.9101372001165,37.499193398982406],[126.91241380071709,37.500065899446],[126.9101677000433,37.5010707008233],[126.90770169965731,37.5001576996722]]],[[[127.0082716996979,37.532668300545],[127.0098549001214,37.530081099714494],[127.01093540024989,37.5307125998997],[127.0082716996979,37.532668300545]]],[[[126.9152626988579,37.517784600245996],[126.9167963002956,37.516912499375195],[126.9181634008005,37.5175957012151],[126.9152626988579,37.517784600245996]]],[[[127.0296369996607,37.262082099746],[127.0317939002298,37.261566199939594],[127.0316936000027,37.261834900158796],[127.0315517992512,37.2615116005426],[127.0296369996607,37.262082099746]]],[[[127.40214279885359,37.317058798910196],[127.40494219972969,37.3151797987809],[127.40573810124549,37.315355599641194],[127.4055289015051,37.316986299767805],[127.4072196007567,37.317554100170405],[127.4049085018036,37.3170016015432],[127.4024552009435,37.3179097052746],[127.40214279885359,37.317058798910196]]],[[[126.9854889989741,37.576516400800706],[126.986468699525,37.5758726991729],[126.9861959007656,37.576837100150996],[126.9870392003363,37.5771987001139],[126.9861959005637,37.5768371004916],[126.9858366993193,37.5775160003488],[126.9854889989741,37.576516400800706]]],[[[127.00595339992509,37.4360669995784],[127.0059001014182,37.4347278981324],[127.0069493026518,37.4363562980743],[127.00595339992509,37.4360669995784]]],[[[127.0653414985686,37.249517399920805],[127.0657293994815,37.2480313996151],[127.0673477005582,37.2492949999644],[127.0653414985686,37.249517399920805]]],[[[127.1526459997039,37.416897400216705],[127.1526489001676,37.4159709995647],[127.1535098005717,37.416466099840704],[127.1526459997039,37.416897400216705]]],[[[127.0490811998312,37.570881400283],[127.0493798999597,37.5708168996364],[127.049590500081,37.571146899998304],[127.0490811998312,37.570881400283]]],[[[126.9188019994795,37.516974499274404],[126.9203310014088,37.5164496993749],[126.91962960074119,37.517015200682806],[126.9188019994795,37.516974499274404]]],[[[127.0894317988616,37.5518796002832],[127.09020100073039,37.551433299437896],[127.08938360011291,37.552317700224705],[127.0894317988616,37.5518796002832]]],[[[126.89340399991521,37.497639300359104],[126.8934690009679,37.496910498729996],[126.8939800014453,37.4972731994677],[126.89340399991521,37.497639300359104]]],[[[126.9748344996413,37.5633220992191],[126.9756190005287,37.563032899549],[126.9760070004869,37.5638063999146],[126.9748344996413,37.5633220992191]]],[[[127.09813009970091,37.4742956989661],[127.0998512004201,37.4744293000367],[127.0989359995363,37.4747566003323],[127.09813009970091,37.4742956989661]]],[[[126.9085576996304,37.513554399684494],[126.9091429007061,37.5130682001158],[126.9088708004525,37.5136559001047],[126.9085576996304,37.513554399684494]]],[[[126.9460680996398,37.5395849995556],[126.9468275006692,37.539692600299006],[126.9462801005316,37.5399453005925],[126.9460680996398,37.5395849995556]]],[[[126.9721171998105,37.544928999972],[126.97242920085989,37.5437167999459],[126.9730847004863,37.5444703000854],[126.9721171998105,37.544928999972]]],[[[127.0017415991956,37.5388602999857],[127.0018211004553,37.5388693996368],[127.0017587001515,37.5392885007379],[127.0018210997783,37.538869400238504],[127.0017415991956,37.5388602999857]]],[[[127.1589202997462,37.2607891004244],[127.15963880006039,37.2600499988879],[127.16015220101819,37.2607696992815],[127.1589202997462,37.2607891004244]]],[[[126.9245669991424,37.5127381002066],[126.9253821998926,37.512253799727105],[126.9255132005215,37.5126398999396],[126.9245669991424,37.5127381002066]]],[[[127.0101674996661,37.4442506001219],[127.01040449932891,37.443314599082],[127.0104045011667,37.443314600049],[127.0101674996661,37.4442506001219]]],[[[126.98982869961701,37.5594886996786],[126.99005030067369,37.559714899541206],[126.9899973001216,37.5597783001787],[126.98982869961701,37.5594886996786]]],[[[127.1538303988318,37.4145438004077],[127.15386259991949,37.4138359992969],[127.1550761013071,37.4144688002629],[127.1538303988318,37.4145438004077]]],[[[126.9840489995271,37.575888400191],[126.98435390091561,37.5759936993095],[126.9843539000484,37.5759937005181],[126.9840489995271,37.575888400191]]],[[[127.0484799991572,37.580690000438],[127.0484800001272,37.5806899990821],[127.0484800010498,37.5806900001364],[127.0484799991572,37.580690000438]]],[[[127.0832837991465,37.2803755003479],[127.0835940037301,37.2805545007459],[127.08325349917679,37.2805018002216],[127.0832837991465,37.2803755003479]]],[[[127.14032159868279,37.4743344006332],[127.1402937000844,37.474147499466],[127.1405930002565,37.4741375999913],[127.14032159868279,37.4743344006332]]],[[[126.98599679972969,37.560941299858406],[126.98630349997701,37.5609757997873],[126.98634220039149,37.560866399741904],[126.9863035003604,37.5609758008118],[126.98599679972969,37.560941299858406]]],[[[127.047548399433,37.570630400314],[127.0476229004521,37.5706717000907],[127.0477136998289,37.5708626007519],[127.047548399433,37.570630400314]]],[[[127.0838754993732,37.4135601995009],[127.08412099941489,37.4134662994686],[127.08496720461679,37.4132795973443],[127.08412100081439,37.4134663013928],[127.0838754993732,37.4135601995009]]],[[[127.15099069969969,37.4673710005251],[127.1511768004287,37.467391900307504],[127.1510648999092,37.4674838001775],[127.15099069969969,37.4673710005251]]],[[[127.08569589946221,37.5957060998583],[127.0857951005793,37.5953225999787],[127.0856959006626,37.595706100182504],[127.08569589946221,37.5957060998583]]],[[[127.0333879995998,37.548775300196205],[127.0333880002415,37.548775297149],[127.0335195001862,37.5489359000175],[127.0333879995998,37.548775300196205]]],[[[127.0452414995592,37.5585225000598],[127.0453538001248,37.5585987996586],[127.0454085001238,37.5586364006287],[127.0453537994469,37.5585987999835],[127.0452414995592,37.5585225000598]]],[[[127.1386873990261,37.474261299515504],[127.1386874004819,37.474261299542405],[127.13869149982429,37.4743255008301],[127.1386873990261,37.474261299515504]]],[[[127.1502759987504,37.4698578021638],[127.15027599989581,37.4698577996812],[127.15027600018641,37.46985780202],[127.1502759987504,37.4698578021638]]],[[[126.9214516994858,37.503049300130904],[126.9215453001279,37.5029309989085],[126.9215746001652,37.5030055007497],[126.9214516994858,37.503049300130904]]],[[[126.97143849958181,37.519202599152],[126.9717079002206,37.5191184001132],[126.9714385001547,37.5192026009119],[126.97143849958181,37.519202599152]]],[[[127.01102469962709,37.444631800030606],[127.01102470009069,37.4446317992887],[127.01102470061659,37.4446318003342],[127.01102469962709,37.444631800030606]]],[[[127.1382497999109,37.4784015001746],[127.13824979993599,37.4784014995307],[127.1382498007041,37.4784014998977],[127.1382497999109,37.4784015001746]]],[[[126.92484409960281,37.5110171993846],[126.9249616009791,37.5111478997609],[126.9249616003132,37.511147900832995],[126.92484409960281,37.5110171993846]]],[[[127.08147649664309,37.4404265043774],[127.08147650434749,37.4404264978587],[127.081476506571,37.4404265046212],[127.08147649664309,37.4404265043774]]],[[[127.1146847997594,37.3386334002374],[127.1146847000415,37.338585899874495],[127.1146848001928,37.3386334004029],[127.1146847997594,37.3386334002374]]],[[[127.15338109941841,37.4304292999123],[127.1539763000466,37.430576099854605],[127.1539763015599,37.430576101399005],[127.15338109941841,37.4304292999123]]],[[[127.0804818995148,37.2785222009885],[127.08048189996049,37.278522199651796],[127.0804819006062,37.278522201691494],[127.0804818995148,37.2785222009885]]],[[[127.1046383996078,37.4951138996726],[127.10470529998241,37.494969799885],[127.1046383998398,37.4951139003373],[127.1046383996078,37.4951138996726]]],[[[127.11283869966479,37.4726109002614],[127.1128387003136,37.4726108997952],[127.1130099002063,37.4726791000823],[127.11283869966479,37.4726109002614]]],[[[127.1476552993777,37.2729983996936],[127.147655300317,37.2729983987276],[127.14765530142209,37.2729983996822],[127.1476552993777,37.2729983996936]]],[[[127.1564601989986,37.2709023999605],[127.1564601996436,37.2709023992431],[127.1564602007855,37.2709024010046],[127.1564601989986,37.2709023999605]]],[[[126.9989876992352,37.4494980004517],[126.9989876996953,37.4494979986238],[126.9989877011198,37.4494979996591],[126.9989876992352,37.4494980004517]]],[[[127.00585079810651,37.4543094985301],[127.00585080185941,37.4543094994369],[127.0058507995998,37.4543095006473],[127.00585079810651,37.4543094985301]]],[[[127.0567184996351,37.5362263001206],[127.0567184994831,37.536226299327105],[127.056718500619,37.5362263003986],[127.0567184996351,37.5362263001206]]],[[[127.1075719995823,37.4987044996655],[127.107572000231,37.4987045004113],[127.1075719995073,37.4987045003514],[127.1075719995823,37.4987044996655]]],[[[127.10739999975709,37.3247500005434],[127.1074000002822,37.324749999354005],[127.1074000001361,37.3247500006623],[127.10739999975709,37.3247500005434]]],[[[127.1550277994934,37.2653456999472],[127.15497889970321,37.2652772998074],[127.1550278000901,37.265345699638594],[127.1550277994934,37.2653456999472]]],[[[127.253602498694,37.410506900196104],[127.2536025001177,37.410506899881604],[127.2536025001442,37.410506901244204],[127.253602498694,37.410506900196104]]],[[[126.8966837989803,37.4927669013076],[126.8966838003414,37.4927668995113],[126.89668380011281,37.4927669009839],[126.8966837989803,37.4927669013076]]],[[[126.9175392987167,37.5281275992188],[126.9175393007208,37.5281275999099],[126.9175392995145,37.5281276004829],[126.9175392987167,37.5281275992188]]],[[[126.9182696991753,37.4951661000079],[126.9182697012101,37.4951660995941],[126.9182697000919,37.4951661011217],[126.9182696991753,37.4951661000079]]],[[[126.9398423998435,37.5146865000027],[126.9398424001627,37.5146865000014],[126.9398424000863,37.5146865001796],[126.9398423998435,37.5146865000027]]],[[[126.9363601001496,37.476957399847905],[126.93636010025911,37.476957399897806],[126.9363600999595,37.47695740018781],[126.9363601001496,37.476957399847905]]],[[[126.9455647994849,37.5392286996168],[126.9455648001431,37.5392286999119],[126.9455648003862,37.539228700445804],[126.9455647994849,37.5392286996168]]],[[[126.96672999960789,37.530630000021],[126.9667299999057,37.530629999792005],[126.9667300000648,37.5306300000353],[126.96672999960789,37.530630000021]]],[[[127.11441020013899,37.3389707001031],[127.1144101998321,37.3389707001072],[127.11441019983039,37.3389706999006],[127.11441020013899,37.3389707001031]]],[[[127.1148632999503,37.3392001000523],[127.1148632999585,37.3392000998701],[127.1148633000506,37.339200100041],[127.1148632999503,37.3392001000523]]],[[[127.14958059940139,37.525262999988],[127.14958059943709,37.5252629987894],[127.14958060015209,37.525262999962],[127.14958059940139,37.525262999988]]],[[[127.15022189964941,37.4689563002061],[127.1502219000251,37.4689562996698],[127.1502219000144,37.468956300188104],[127.15022189964941,37.4689563002061]]],[[[127.1544848995966,37.4159720003348],[127.1544849000018,37.415971999795794],[127.1544849003615,37.4159720001649],[127.1544848995966,37.4159720003348]]],[[[126.93809159965261,37.513465199871796],[126.93809160005921,37.5134651999806],[126.9380915997544,37.5134652008239],[126.93809159965261,37.513465199871796]]],[[[127.10123639988761,37.2008396999355],[127.10123640040861,37.2008396997953],[127.1012364000172,37.2008397000682],[127.10123639988761,37.2008396999355]]],[[[127.11486369995811,37.3390765999936],[127.1148637000139,37.3390765999597],[127.1148637000145,37.339076600020995],[127.11486369995811,37.3390765999936]]]]}}]}