{"type":"FeatureCollection","features":[{"type":"Feature","properties":{"interval":15,"stationId":"7611776393"},"geometry":{"type":"MultiPolygon","coordinates":[[[[127.0069813997263,37.5711848998952],[127.0088565995968,37.5709794995287],[127.0092786992871,37.5701277002752],[127.0086945997302,37.56999239969959],[127.0101397000258,37.5687353999135],[127.01133610083049,37.5701262994534],[127.0149979991931,37.5702139993843],[127.0158841999307,37.569377098796],[127.0161822005754,37.5708181992726],[127.0182327002368,37.5702138996876],[127.0190763993931,37.570806699094796],[127.01953110048349,37.570013599732306],[127.0202983007236,37.5705677001314],[127.0202820007399,37.5719141987849],[127.0219464000306,37.5721681985776],[127.0234158000046,37.5706109998531],[127.0237762001549,37.5721955995046],[127.02438769954341,37.5724412992589],[127.0249256999191,37.5715433994847],[127.02813789987941,37.5725494987731],[127.0305028989038,37.5719829990943],[127.0303640992851,37.5704192002555],[127.0296158994103,37.5705940997673],[127.030317299799,37.56997129963],[127.035454899219,37.5713145991065],[127.0357598991616,37.570412999634705],[127.0369387988636,37.570240999742104],[127.0372658003558,37.5688452997018],[127.0424625004779,37.5723910995875],[127.0429111001793,37.5741264985661],[127.043849100722,37.5744582981197],[127.0453077004279,37.573028299623594],[127.04813829953261,37.5742723990754],[127.04853719992269,37.575366599286404],[127.04949690016839,37.5748165996024],[127.0495830003741,37.5775651987768],[127.05246409980239,37.577599799603504],[127.052861100166,37.5793865994479],[127.0544705002496,37.580085099872],[127.05341830017271,37.5836167998955],[127.0525208007777,37.5831272005346],[127.0533073000024,37.5850476996974],[127.0559299997777,37.584346999275],[127.058563999872,37.5852897993866],[127.0609783003851,37.5847972997358],[127.0632811004278,37.5867362997851],[127.0647984001206,37.5904501996534],[127.0661042001492,37.5911107996684],[127.06514060055751,37.5910669000499],[127.0649008007973,37.591830599286205],[127.0655336001645,37.5922024989143],[127.0662226000218,37.5913867999473],[127.06596020031921,37.59202269938],[127.0667779998118,37.5919105993927],[127.06756349939391,37.5934131991927],[127.0685604004489,37.5936446998232],[127.06746680197031,37.6005567989683],[127.0683873010498,37.6014798980452],[127.0702159008761,37.6002545009046],[127.0683873013778,37.6014799003443],[127.067594501557,37.6032155004218],[127.06807460102691,37.6048369011516],[127.06556210020429,37.605489100371],[127.065773099304,37.6043127996961],[127.0645316999211,37.6032693008626],[127.0636896993594,37.603740600615005],[127.062861,37.6016955008502],[127.0620574971091,37.6016971007083],[127.0625338993988,37.6008581988753],[127.06449779833599,37.6003656992346],[127.06535029992341,37.5987453000066],[127.0632170000048,37.5951680002671],[127.06140170045721,37.5968589005394],[127.0600093995426,37.5964758001792],[127.0606173999353,37.5951466997297],[127.06311719952899,37.594940199910205],[127.06275119968839,37.593388000205096],[127.063539999772,37.5927551000083],[127.06301930016619,37.5921709004895],[127.0621612995442,37.5926065003227],[127.0616881998236,37.590930400839696],[127.0603419009346,37.5916224000474],[127.0621563002621,37.594186400370496],[127.060537899705,37.5935129004548],[127.0582584995412,37.5944791001941],[127.0546906999638,37.5929753001115],[127.0526490997889,37.593183400424],[127.0522540997257,37.5916104010789],[127.0508726997919,37.5918445008876],[127.0509493995057,37.5893935995916],[127.0521247996467,37.5892577994737],[127.0519299995177,37.5881186000447],[127.0510572998578,37.5879399997807],[127.0513676997475,37.5858492007999],[127.048040899583,37.5876794004933],[127.0454350000475,37.5867907014054],[127.043124800002,37.588704600304396],[127.0402828001788,37.5866311006713],[127.039540800258,37.5877980009919],[127.0384175997751,37.5874616013072],[127.0371187004709,37.588686100584695],[127.0359248996831,37.5868232005209],[127.03425949986911,37.5878247002981],[127.0329530997498,37.5865417004564],[127.0302640999074,37.5862203001028],[127.0288823999535,37.58527080081701],[127.0288964995343,37.584322500734],[127.027593999975,37.5848559001836],[127.0281811996174,37.5835274005777],[127.0266754000463,37.582865300821204],[127.0260223998747,37.5837098002725],[127.026491399449,37.5810711003597],[127.0253721005683,37.5804901009407],[127.02387940010419,37.5819496009887],[127.0226315000429,37.5804666006037],[127.02170629955161,37.5810005008501],[127.0203981990446,37.579760100129604],[127.0197547994542,37.577356700307206],[127.01901889981521,37.577215700543405],[127.01907169919019,37.5752264004879],[127.0173657003291,37.5749336007814],[127.0167939007507,37.576696800078004],[127.0154665988869,37.577052700726206],[127.0148296987292,37.575714001234395],[127.0136347999241,37.5758346011138],[127.01305859939869,37.5748380003516],[127.0135437994544,37.5734033004576],[127.0089486002593,37.5734914004584],[127.0069813997263,37.5711848998952]]],[[[126.99978029976789,37.5707123999738],[127.0022473999656,37.5693440998549],[127.0039294008663,37.5711076000239],[127.00272270036571,37.5709723001162],[127.001508799846,37.5720422013989],[126.99978029976789,37.5707123999738]]],[[[127.07556029954951,37.594345500232805],[127.0771293001278,37.5943736000338],[127.076271499917,37.595466200164395],[127.07638089961651,37.5941410003139],[127.07556029954951,37.594345500232805]]],[[[127.06885420091051,37.6165784010711],[127.068598799727,37.6156272997763],[127.0702955003003,37.6155420990249],[127.06997400071731,37.6165933995375],[127.07079710122949,37.616199999576196],[127.069974000151,37.6165934010939],[127.06934469985241,37.615754700825796],[127.06885420091051,37.6165784010711]]],[[[127.06053489937909,37.623025999758006],[127.0616342009845,37.6227739995906],[127.0610959006198,37.6236978007233],[127.06053489937909,37.623025999758006]]],[[[126.9921568996146,37.570517199677894],[126.9924121002927,37.570354199695096],[126.992121599643,37.5707303000574],[126.9921568996146,37.570517199677894]]],[[[127.0075044998021,37.565283099394904],[127.0075344005709,37.5653616004149],[127.00757300041799,37.565443900386],[127.00753439904369,37.5653616002128],[127.0075044998021,37.565283099394904]]],[[[127.0457664988219,37.5703855998705],[127.046795100288,37.5698781999738],[127.04576650106,37.5703856006215],[127.0457664988219,37.5703855998705]]],[[[127.0496742994061,37.581413799982],[127.0498107002224,37.5815815001815],[127.0497180996811,37.581468000629],[127.0496742994061,37.581413799982]]],[[[127.0193822994039,37.5853039010877],[127.01938230054701,37.5853038989597],[127.0193823005478,37.5853039002029],[127.0193822994039,37.5853039010877]]],[[[127.0513290997098,37.5885729999117],[127.0513361997372,37.588666300331],[127.0512970997763,37.5886378003595],[127.0513290997098,37.5885729999117]]],[[[127.0677383000364,37.6154570998815],[127.0677626005632,37.6153952000084],[127.067738299571,37.6154571002086],[127.0677383000364,37.6154570998815]]]]}},{"type":"Feature","properties":{"interval":30,"stationId":"7611776393"},"geometry":{"type":"MultiPolygon","coordinates":[[[[126.96024479947779,37.558651300002],[126.9609582003035,37.5582113997097],[126.9621625003889,37.5589430992436],[126.9638740998421,37.5580293995648],[126.9655833001826,37.5582568999109],[126.9655139001598,37.5588981995118],[126.9662944001243,37.558516899679404],[126.9658611003642,37.5605761002651],[126.9668824008761,37.5613462996353],[126.9657308007008,37.5611594004796],[126.965246400928,37.563610798915896],[126.966966399208,37.5634477990789],[126.9681272996312,37.5615440994375],[126.9697126986007,37.561720298160594],[126.969305799112,37.5594405002332],[126.97054319876169,37.5595371991976],[126.9717974975066,37.558199499981],[126.9698820995854,37.5567140996108],[126.9717974997909,37.5581994991403],[126.9722742989828,37.5559741006298],[126.9711955996305,37.555062401219494],[126.96920539992311,37.555360499928],[126.97141049987161,37.554938299397904],[126.97315879929249,37.5522607002546],[126.9714050990082,37.5491479999339],[126.9701889997775,37.5484245003966],[126.9718415985387,37.5482061993386],[126.9718908984894,37.546830700714104],[126.9702299001504,37.5469085006363],[126.97023199987899,37.5475218001364],[126.96823719955721,37.544615200661305],[126.967471399912,37.5447589991996],[126.9698280994224,37.543632299466],[126.96968509956541,37.5424934006049],[126.9684667996519,37.5421324007232],[126.9692578997553,37.541901099903995],[126.9690472995713,37.5402176991589],[126.9720494007845,37.5409808985788],[126.97312249971141,37.540315299244405],[126.9729329995286,37.5395708978648],[126.9743412002999,37.5416696001319],[126.9735553006348,37.5426112003339],[126.9733818003362,37.5452646995546],[126.97510770065209,37.5454798996495],[126.9755709002548,37.5471197998969],[126.9749144993926,37.5464327004367],[126.9730718008714,37.5467634001891],[126.97245280024529,37.5482146999978],[126.9732789002813,37.5495185993],[126.974265999886,37.5493813996449],[126.9735146008144,37.5498139000624],[126.97400720032181,37.5503331995431],[126.9750337003464,37.5503362994109],[126.97475830055781,37.551910399204],[126.9761008002462,37.552581798953],[126.97690440057569,37.5517111996462],[126.9773728009843,37.5535564991175],[126.9791260002188,37.552755399024406],[126.979620000539,37.5539945993791],[126.9813453010601,37.553751199853004],[126.9817947008567,37.554728099148996],[126.9831888006394,37.5544925994541],[126.983927301164,37.555538399848004],[126.9889120996089,37.5564184955735],[126.993330899859,37.5556450993654],[126.9947834019988,37.553901098922495],[126.9992358991471,37.5570534985847],[127.0009515993894,37.556877198586605],[127.0023252993891,37.5551552990021],[127.00239499976651,37.5531622997691],[127.0035527003695,37.554943198554],[127.0045413993808,37.5535487999484],[127.0044301983769,37.5486669009589],[127.0025662002409,37.547684001941796],[127.0018499952113,37.5480673000837],[127.0025771990923,37.5457785993758],[127.00100809893401,37.542630600433505],[127.0006139986764,37.538261500958995],[126.9991793001111,37.537904601315894],[126.99839419919371,37.5385534015183],[126.99677389980859,37.5365027009466],[126.9914173997827,37.535774500799704],[126.9901630002065,37.5343093006548],[126.9880087003784,37.5344896003979],[126.9885328001738,37.5350465002696],[126.98681239994,37.5364799006162],[126.98683649963249,37.5348408007076],[126.9845920997923,37.535006600133],[126.9864517992711,37.534878599238496],[126.98848509999681,37.533278499772905],[126.9902525001136,37.534192499325705],[126.9928996999348,37.5333257992579],[126.9952582998132,37.5313352998616],[126.9956879004739,37.5329162988931],[126.99645910058979,37.531767200164296],[126.9990308008181,37.5353798994689],[127.00105980063229,37.5353403992629],[127.0017437008947,37.5368012981755],[127.0032815006317,37.5375506975737],[127.0050873008088,37.5366566986594],[127.0040161005345,37.5375549006514],[127.0039264001297,37.538819500659805],[127.0026829012736,37.539409500053196],[127.00471680025599,37.5417907002353],[127.00367780079611,37.5417552006248],[127.0036485003855,37.5442755983203],[127.0078525006007,37.5458012992132],[127.0087072008726,37.5483392995555],[127.0102222003175,37.549617498467896],[127.0113864991532,37.549067899017494],[127.01222009990099,37.5496919996782],[127.0126841999431,37.54865159871],[127.0125348010392,37.5493719993273],[127.0142826992913,37.550003098696195],[127.0150523985216,37.549076799622505],[127.0154638981101,37.5482302004691],[127.0140805989458,37.5471438006359],[127.0150168992,37.5471626995794],[127.0152170989998,37.5463915003506],[127.0142555983918,37.5461967997637],[127.01659959963841,37.5446184999903],[127.0151428991752,37.541196900061706],[127.0141054992526,37.5407199998473],[127.01609599930251,37.5399613992547],[127.0164294997339,37.5387085992651],[127.0160960006462,37.5399613991938],[127.0194272008947,37.5405616970602],[127.01881500178611,37.5424296009609],[127.0167194002985,37.543184700771796],[127.0163509005924,37.545165399626],[127.01710370052811,37.5452175996583],[127.01710510086009,37.547302098564],[127.0185386994265,37.5467894990766],[127.0202567005354,37.5477834999189],[127.02053270001291,37.5482998003091],[127.01916640047341,37.5491301002086],[127.01958230058379,37.5502130992521],[127.0224883999442,37.5506695990639],[127.0231029999655,37.552420098494196],[127.025300200474,37.5519611000753],[127.025049000271,37.5527943004928],[127.02368340129189,37.552960400452],[127.0248586005373,37.555139499554905],[127.0272502001146,37.5545199994046],[127.0302524995802,37.555937198423905],[127.03432700004831,37.5551100994654],[127.0342735007364,37.5573063996262],[127.0378498979892,37.556545199777005],[127.0374203020581,37.5558116985368],[127.0397907002607,37.556859098155094],[127.04140129830131,37.5537006003185],[127.0392708993932,37.552960497118995],[127.0420754976098,37.5505706987388],[127.04057299975,37.5479349000451],[127.0390967992286,37.5478454999714],[127.0409569996691,37.5461862998764],[127.0404912996746,37.5456096992386],[127.0414995992381,37.5444696999203],[127.0413249999567,37.5435264998783],[127.044084999867,37.5414307993491],[127.0445022003743,37.542610098590096],[127.0466337010365,37.5410903988162],[127.0477032003764,37.541703398939504],[127.05089369984411,37.5414719996495],[127.0524113983264,37.5402931008284],[127.0504538991561,37.5400147002153],[127.05106189997299,37.5391596994755],[127.0520951001892,37.538207999705996],[127.0518512007557,37.5387976996477],[127.05314029980049,37.5389618993799],[127.0530853995286,37.5375801997017],[127.0540981996962,37.5375977996095],[127.05404539977361,37.5366650996645],[127.0549982001287,37.5373560995524],[127.0555207001222,37.5365264995513],[127.0580088008129,37.538035299784696],[127.0578468019496,37.5394540992991],[127.0591072006892,37.5404443983088],[127.0600488997475,37.5393375994156],[127.0604635000361,37.5400366991852],[127.061853799533,37.5395905993542],[127.0635231999405,37.5416533987983],[127.0638246998937,37.5402607998104],[127.0644395998722,37.5413575990084],[127.06565450005459,37.5367480996175],[127.0668136999827,37.5374704993126],[127.0696977004398,37.5374065993431],[127.06940210062831,37.5392765994282],[127.0709830990953,37.5395177991726],[127.0719668014931,37.5385398985778],[127.0729148008873,37.5402878997184],[127.0725030000403,37.5395084008752],[127.0712534010849,37.5399207005441],[127.0721382005268,37.54182539983],[127.0709070007387,37.543822200457804],[127.070394800222,37.5434896006132],[127.0691928000672,37.5447353005626],[127.0658110001079,37.5431679002168],[127.06210950142861,37.5467634995701],[127.0628857012305,37.548054699508704],[127.0622423004552,37.548774803932595],[127.0583130993089,37.5488025029211],[127.0546818009088,37.5501840016522],[127.053186199693,37.550199200440304],[127.05245240029751,37.5490289012872],[127.04820410211131,37.551965599231],[127.0494609008545,37.5535862976103],[127.0527692018402,37.552834599316796],[127.05276520278049,37.5559790003005],[127.0506073028068,37.5590348005635],[127.0544167989973,37.561046298552],[127.0541305999691,37.5588396983534],[127.0557970007755,37.5590324993877],[127.0568961009814,37.559820299660196],[127.0563697008934,37.5600397004704],[127.057248800147,37.5615854991741],[127.0594381007744,37.560214998430396],[127.0599519011113,37.5605863995731],[127.0594430015169,37.562024099183105],[127.0610066999532,37.5618263993808],[127.0595824014309,37.5624089996992],[127.0600174001605,37.5629720010767],[127.05938129916869,37.5624557011457],[127.0580272002266,37.5631730002913],[127.0602239006446,37.5656787996713],[127.0588619005674,37.5671679013684],[127.0589355006964,37.569461699149095],[127.0601108006611,37.5719522981704],[127.0633523005699,37.5729309999905],[127.062563602105,37.5732766027491],[127.0621830019987,37.575749700635306],[127.0642095001667,37.5770156995457],[127.0651409005044,37.5765744998141],[127.06575050066229,37.5778780997865],[127.0677323004432,37.57876519978],[127.0662525994388,37.57940510048],[127.0651292005622,37.578555801329294],[127.0638281018633,37.5804227994623],[127.0649209014755,37.5811365999487],[127.0643399022253,37.5830007004164],[127.06589560055731,37.5844272994406],[127.067896599972,37.5847524997412],[127.06810149977079,37.582498200309104],[127.0672125993526,37.5830044004127],[127.0672200991763,37.5821275989577],[127.0680916996308,37.58248089976],[127.06824729999859,37.5816911998044],[127.0691456008879,37.582182599833104],[127.068876300608,37.5843135997995],[127.07078930008291,37.5852310994167],[127.0735550001197,37.5830840998538],[127.0719940007805,37.5855292996131],[127.07487810021401,37.5857494985295],[127.0767883991752,37.5849001998801],[127.0761449989471,37.58456899971],[127.0773713995158,37.584878499851904],[127.0775229999822,37.5840633996881],[127.0799501006995,37.584691499709095],[127.08004420063631,37.585994299192606],[127.0809390004362,37.585640999762205],[127.08284589992239,37.5866330986863],[127.08354759922071,37.5861255991938],[127.083228700011,37.585310099421804],[127.0868582987041,37.5832657001025],[127.08321679993101,37.5812790000434],[127.08410509979561,37.5816085996677],[127.0838152996201,37.5804275999946],[127.0852380995502,37.5782558994144],[127.0888238999529,37.5775173994329],[127.0922354997496,37.5780154995885],[127.0915831008182,37.5789596001179],[127.0932135002605,37.5794059999891],[127.0936939003796,37.5803224002324],[127.0933365001965,37.581399000168396],[127.0909963001752,37.5820467012781],[127.0903703001925,37.5844575994958],[127.09368410013731,37.5872188995675],[127.0930565004837,37.5872532004191],[127.09311020043,37.5882096994626],[127.0943560001843,37.5899047996727],[127.0935660000912,37.59037820003],[127.0941386006698,37.5921359990604],[127.0965810000489,37.5930196998714],[127.0957499007915,37.5931688001749],[127.0956458008956,37.5946330987106],[127.0966847998566,37.5948572984864],[127.0974772000607,37.5932792997135],[127.0972386007707,37.5939971991195],[127.09819930047361,37.5946657996695],[127.1003208002637,37.5952327996946],[127.1002703004092,37.596767199496604],[127.1010400004791,37.5973846001042],[127.1003170007596,37.5977910001358],[127.1015147001086,37.598238199909694],[127.1021027001322,37.6002561992346],[127.10377750051211,37.6018669997559],[127.1055935998538,37.601596799846504],[127.1060263999711,37.6007154998697],[127.1082923997359,37.600974199519506],[127.108108099992,37.6001632998628],[127.1099020007225,37.601169999105004],[127.1098494002746,37.6022500997805],[127.1109816003144,37.6022234998202],[127.1132022004704,37.6078291006815],[127.1111927007903,37.6070023011336],[127.1110813002171,37.6086302001547],[127.1099236013748,37.6098295989553],[127.111502200328,37.6090748000936],[127.1099306004463,37.60984660248],[127.10851960039159,37.609575302162405],[127.1050784010147,37.6117538016935],[127.1049717988766,37.6110929010713],[127.1036210974973,37.6109069998841],[127.1026037995496,37.6089435997169],[127.10401809963311,37.609908098942],[127.10565079800041,37.606815602034494],[127.10411329831629,37.6047469002358],[127.100980600239,37.602695300684104],[127.099386900006,37.6037318000471],[127.098603499991,37.6031785004827],[127.09759459972739,37.6047357004071],[127.09649740025641,37.6041055004164],[127.0954884000346,37.6045925007026],[127.0938886002521,37.6035057010714],[127.09314070100001,37.603977400599696],[127.0943452997199,37.6053537006431],[127.0907742994904,37.6028059003783],[127.08945819980029,37.6031858002049],[127.089393199883,37.6022298009308],[127.0876545007517,37.6034516014263],[127.087260900008,37.604996900399506],[127.0876544993328,37.6034516010884],[127.0827058005738,37.603887300636295],[127.0829563004204,37.6050139001346],[127.0805858006213,37.6062803001828],[127.07943640073171,37.6054525007401],[127.0827788023326,37.611190899418396],[127.08154450204421,37.6134971995116],[127.0814287005858,37.615754899558],[127.0821258013343,37.6155903000959],[127.0814287008568,37.6157549002336],[127.08156540072011,37.616708099280395],[127.0824652009949,37.6164365992496],[127.082334800912,37.6176556994094],[127.08340079997231,37.6182661992724],[127.08796340029471,37.6187769995528],[127.0870776005513,37.619669700249204],[127.087438200292,37.6217155001212],[127.0845487012645,37.620692801391],[127.08240500039699,37.621754000530004],[127.0829177994801,37.6208300003189],[127.082042900355,37.620710000438905],[127.08083499972439,37.6219244004001],[127.0805461997212,37.6204799013575],[127.0795792006882,37.621942399895005],[127.0800057001484,37.622626500548606],[127.07849810004001,37.6219904002918],[127.0774543004432,37.6228822002687],[127.0775829002798,37.6247202987756],[127.0781914003225,37.624695199052596],[127.079174200105,37.6273227996444],[127.0784393003276,37.6273323001026],[127.0784174004105,37.6282155002377],[127.07703809996259,37.6290287013096],[127.0749982004331,37.6285214012211],[127.0742466011847,37.6294564002861],[127.07499819911939,37.628521400807095],[127.0735244005932,37.6284031009254],[127.0738941002274,37.6293755001794],[127.0712392995205,37.6293490016592],[127.0706274999321,37.6309799001029],[127.0703399978093,37.6287000006832],[127.0691805989687,37.6275705018127],[127.06553599900299,37.626783500872],[127.06682089966219,37.625447199023],[127.066732099751,37.6239755004947],[127.0638649998867,37.623706800601404],[127.0648199990364,37.6230523004992],[127.0628405997781,37.6206745016901],[127.0612591013596,37.621455600908995],[127.0616342009845,37.6227739995906],[127.0592242016386,37.6266339006785],[127.0601918008031,37.630027998742804],[127.0619154995641,37.629945398987],[127.0616721001657,37.6290448993717],[127.06238000018361,37.63036029929],[127.0635029990606,37.630505299145],[127.0641426001923,37.6292705991296],[127.06570790172371,37.6310392999985],[127.0648412001418,37.6308236001507],[127.0667019010944,37.633643199431],[127.0665693002905,37.6348285999797],[127.0691676005527,37.6363932990117],[127.07104320083681,37.6355982995417],[127.0710756010973,37.6376579987837],[127.0724717016043,37.6379382014269],[127.0710756004312,37.6376580005564],[127.0694531007224,37.6391148004548],[127.066859300082,37.6393985002104],[127.0661160999487,37.6402319007339],[127.0667508992977,37.6388504002279],[127.0654573001845,37.638302800287995],[127.0654460006016,37.6392976004241],[127.0615896000621,37.639874900598905],[127.0603603990415,37.640854402776604],[127.0599688999313,37.6399023008454],[127.0591517983478,37.6401842020756],[127.05996889929101,37.639902298540704],[127.0606054987688,37.6369208008994],[127.0590821999814,37.6379946000685],[127.0561709028927,37.636900101163],[127.05648120258239,37.638777099285996],[127.0541423020897,37.640759701086594],[127.05402070221129,37.6426054992408],[127.05529700135709,37.6453105999123],[127.0571535001481,37.645629400009696],[127.0518666037855,37.6461100035869],[127.0510937009649,37.6529049008543],[127.0489133998982,37.6534751000488],[127.04899879926981,37.6517582004397],[127.048011600257,37.6514568007411],[127.0450904998559,37.658253700724906],[127.04401319865329,37.6565332005092],[127.0412201991164,37.6559766004264],[127.043213899499,37.654278399766504],[127.0424308999879,37.651874801567004],[127.0415181009007,37.652269801172],[127.0412621994601,37.654008500825306],[127.0412972987323,37.651702300506095],[127.039412600016,37.6515672998619],[127.0413128000089,37.6515725999528],[127.0415889984672,37.6508665987675],[127.04534909858839,37.6511524978989],[127.0460007979367,37.649557599493804],[127.04414999927481,37.6472600004182],[127.0452258991321,37.6430370995249],[127.044481098895,37.642160999359604],[127.0466148979793,37.6413253999829],[127.0465065986232,37.6402183993737],[127.0474911991068,37.6409979985317],[127.05073109944719,37.6395653996449],[127.0508210003274,37.6405664993607],[127.0525146986337,37.6419948979323],[127.05356929838791,37.6404253989458],[127.0515945994525,37.6387080004678],[127.05239789936441,37.6380136990182],[127.0521473003036,37.637102399459806],[127.05247250022269,37.6380891002081],[127.051640300991,37.638584099741],[127.05393269876251,37.6389683993288],[127.0537840986884,37.6375057992401],[127.0549499974426,37.6359777996866],[127.0535056992552,37.6325466998952],[127.0523432985173,37.632398099930704],[127.0509259986146,37.6298221012789],[127.0528308986736,37.629334499143596],[127.0526454998256,37.627655500344105],[127.0511689984702,37.6264980984758],[127.0546647000816,37.625347599007796],[127.0550980999561,37.626367498804],[127.0575997983114,37.6251719995196],[127.0578475980636,37.6226805020111],[127.05613679886571,37.6227505013626],[127.0564126980222,37.621381601504396],[127.05455269988221,37.6201745027115],[127.0524848999694,37.6221462007349],[127.053717997614,37.620428701154],[127.0534817974552,37.619458699386705],[127.0515333994036,37.6181925006529],[127.0534817987263,37.6194586981044],[127.0526655995425,37.617196500366596],[127.0493634998157,37.616765600651],[127.0488766991866,37.612623500487],[127.0474889999651,37.612047200842596],[127.0470547000944,37.612849500627],[127.0462067998232,37.6117884004503],[127.0446904992039,37.612206799992606],[127.0453726987074,37.6096301019916],[127.042544799343,37.6067281010698],[127.0402971991973,37.6071158013263],[127.03962129991329,37.605088200611995],[127.0355278992379,37.6053139997673],[127.0350088995957,37.6039246000055],[127.0357454992819,37.602821400761805],[127.03457969910869,37.6032832990361],[127.03573509855019,37.6023549991435],[127.0354027990944,37.6013507998668],[127.0376337994729,37.6007281997051],[127.0373605994143,37.598418700877005],[127.0357384003656,37.597767501416904],[127.0350186010854,37.598188900995495],[127.0352511008529,37.5992165999678],[127.0342099997938,37.5995800004868],[127.03443449900931,37.5987088995695],[127.0325003993058,37.5971750006591],[127.03255869832239,37.5934666005572],[127.03053630002289,37.5912010026141],[127.0285284012385,37.5919733021953],[127.02801479984039,37.5934791011339],[127.0265601012951,37.5933729012401],[127.0262952998617,37.594785201364694],[127.0251444000644,37.5921679017165],[127.0232953018141,37.5933756005752],[127.02521730017749,37.5942396000758],[127.0224896017482,37.5962641994675],[127.0237584022115,37.5979121988004],[127.0231580004061,37.5997664001605],[127.0237961006459,37.6007459994289],[127.02519480211859,37.6008205984898],[127.0250217003065,37.602192099545704],[127.02705950068429,37.6020101992493],[127.0273327000633,37.602803599493],[127.02839510092289,37.601970100128405],[127.02718180111509,37.6039080007236],[127.02780750048939,37.6052794993521],[127.0291779005957,37.6053712996833],[127.02861320052949,37.6070302997039],[127.0258658008631,37.6065844008491],[127.0237751000963,37.6068274008518],[127.0235140996136,37.6076032010783],[127.02394339906299,37.6063414005896],[127.0199795005729,37.6051890004941],[127.0171746022862,37.6060872999511],[127.015810600598,37.6074471017737],[127.015489300472,37.6091210007482],[127.013884600643,37.6099094001974],[127.0146046003838,37.6110551001218],[127.0135822007846,37.611507500056504],[127.0135616002743,37.6128699006472],[127.0119977005939,37.6136012008851],[127.0111616001899,37.6163401007123],[127.0084563005895,37.617600000965304],[127.0089084001374,37.6189127996525],[127.0103243002319,37.6194361992467],[127.0130752999732,37.6178427994713],[127.0147356001219,37.619069399120804],[127.0154072994502,37.6186116995785],[127.01499129929421,37.6171836996866],[127.0158997987459,37.616424098830706],[127.0176310005533,37.618904598603],[127.0195238001104,37.6192935996776],[127.0217945001438,37.618538799466506],[127.0221601007749,37.620052599069],[127.0231800000629,37.620328099682105],[127.02263710069249,37.621288099432604],[127.0240285008756,37.6216218997992],[127.0212707999798,37.623386400228604],[127.01974170016099,37.6230807008696],[127.0185639999044,37.623990400629],[127.0181658995339,37.6225044003658],[127.01744699973631,37.622520100102705],[127.017801199324,37.6218883005562],[127.0159810003196,37.6214072005505],[127.01546040042349,37.6221464998901],[127.0161621001691,37.6223251001575],[127.01371760017511,37.6226583005948],[127.0129308987714,37.6236637006926],[127.01179589858219,37.620052601105904],[127.01017349961299,37.619849101591],[127.0077118989671,37.617252800474105],[127.0088497989148,37.6162320991743],[127.00871199905261,37.6140185013879],[127.0062352015294,37.6139570014494],[127.0050959001,37.6175839003349],[127.0034201992914,37.616807300225595],[127.0033719998246,37.615994899172094],[127.0046676985289,37.6159391992278],[127.0032538997456,37.6143243004779],[127.00231119922479,37.6146984000652],[127.0010303998698,37.6113689999771],[127.0039562994653,37.610097199316],[127.0043501990886,37.608256599767394],[127.00508820057911,37.6091430990665],[127.0059113997559,37.608627599582],[127.0058836986015,37.6028497988377],[127.0075199990427,37.5987999976715],[127.0094501971125,37.596481499990006],[127.0104932993242,37.5965080990181],[127.01123729913171,37.594989300110804],[127.009431900407,37.5939679011418],[127.0086152979474,37.594597801873704],[127.00734439878849,37.5932470021776],[127.00568430044859,37.594042001382604],[127.0037436991567,37.5930383018366],[126.9999418994654,37.594213200115796],[126.99940629940821,37.5928851001095],[127.0003769991032,37.5920230005515],[126.9991099993826,37.5923500001549],[127.0000653991263,37.5918098995315],[126.99939999979169,37.5908000005414],[126.9981258994519,37.5905752999159],[126.99695099923349,37.588503000612306],[126.99525399987141,37.5884749003016],[126.99483669976469,37.5870916008398],[126.9937016986013,37.5871792992153],[126.99520849831481,37.584133599535704],[126.99377459860119,37.5828554998034],[126.9945329986113,37.5804279004985],[126.99403079983351,37.5780430002332],[126.9929537001312,37.5794970000895],[126.9909007015954,37.579450101370405],[126.98934030035349,37.581268900231095],[126.9892808991666,37.5793541009832],[126.9850565000037,37.5806070003613],[126.9837718999486,37.5794156005025],[126.981695499439,37.579756000123204],[126.98098929911211,37.578403099929204],[126.9795613000087,37.578147800128],[126.9794212996473,37.5769978007765],[126.97780179914399,37.57661560039929],[126.9780080995492,37.575860300636904],[126.975716800426,37.575072400727],[126.9741960009071,37.576440599691196],[126.975803501041,37.577472399546295],[126.9737656999733,37.578926900395196],[126.9738414995427,37.578260500426296],[126.9711099998825,37.5767508999991],[126.9711440997948,37.5759428007183],[126.9703291995284,37.5760993000643],[126.97267379953149,37.5755286997536],[126.9709015994739,37.57271449958429],[126.9721023990938,37.5717191000303],[126.9712944996506,37.5689850006178],[126.9699168998561,37.5693050001973],[126.96930179977889,37.5683157001943],[126.9676554001209,37.569122300645496],[126.9673157000326,37.5680766009914],[126.9663391000707,37.5691589002222],[126.9642192999801,37.569386000354],[126.9640485001134,37.5687051005317],[126.9631915995252,37.5693113000243],[126.962804198795,37.564996999213],[126.9642307992627,37.5635283002673],[126.9624387991204,37.5635140004796],[126.9627372995655,37.562780500567506],[126.9620594995174,37.562943299889504],[126.96076279950469,37.560466900082],[126.9615025990801,37.5597122999458],[126.96024479947779,37.558651300002]]],[[[127.0386364992164,37.6666672002913],[127.0399282992522,37.6669997990974],[127.0402747999516,37.6651358994943],[127.04251979994669,37.662981099836806],[127.0428181003007,37.663758399048696],[127.043555900161,37.6628877997691],[127.0428181007946,37.6637583991588],[127.043080501254,37.6651809990398],[127.0447265996079,37.6642272999935],[127.0445123994417,37.662179899836396],[127.0454651005542,37.6628592994087],[127.0454006006481,37.664218999138704],[127.04664930018,37.6642288985702],[127.0489610009694,37.6660729011925],[127.0462220018498,37.666048501806],[127.0462321020137,37.669319000738504],[127.04383130009349,37.671422801390904],[127.0428171995504,37.6698854007008],[127.0393197991948,37.6682403998418],[127.0386364992164,37.6666672002913]]],[[[127.140190199542,37.6039634998906],[127.1423417000996,37.603841599396006],[127.1425461997514,37.6023636005246],[127.14123729976001,37.6017945004689],[127.1421852993945,37.6015144997354],[127.14441549955329,37.6023475991186],[127.146548099201,37.6014864989738],[127.1462169003584,37.6033005991811],[127.1471131999517,37.6026133996318],[127.1467064007974,37.6032267998535],[127.1475552004615,37.6037775003702],[127.14609780162161,37.605540400529506],[127.1462177993171,37.604652200271],[127.14400940049791,37.6042408007837],[127.1416956001005,37.6056350007453],[127.140190199542,37.6039634998906]]],[[[127.0443629990618,37.6809265005828],[127.0439752999651,37.679865699586],[127.0463343001837,37.68061769887],[127.0483851990582,37.679738299944795],[127.047354400089,37.6777685019146],[127.04541729949679,37.679299400494095],[127.04457749948341,37.676730699362],[127.0450865004209,37.6760271990571],[127.0452655009119,37.677015398869905],[127.0473544015118,37.6777684995986],[127.0483852010325,37.679738299483596],[127.0476961998085,37.6807066010129],[127.0473068000067,37.6801427004609],[127.0446997009,37.6817653008043],[127.0443629990618,37.6809265005828]]],[[[127.0277975992508,37.549766000469496],[127.0292463988591,37.547565498421996],[127.0307073997882,37.5477131983226],[127.0335195001862,37.5489359000175],[127.0332286016217,37.5508161995524],[127.0354248998633,37.5512989998202],[127.035947301971,37.550682998536196],[127.0368816011925,37.5522927995913],[127.03662460031589,37.5530459007509],[127.0361931997037,37.552239200567904],[127.035055600215,37.5522693002614],[127.0344513997155,37.5534569007164],[127.03261809950439,37.550646801054306],[127.0302691000378,37.5520288001823],[127.0299516993238,37.5504106002128],[127.0292644000111,37.5505486000748],[127.0287498997061,37.5494706004414],[127.0277975992508,37.549766000469496]]],[[[127.0580146997134,37.6551019000825],[127.0589168992051,37.6553130994509],[127.0589603995131,37.653934599896],[127.0604359997088,37.6540993992743],[127.06066709970361,37.6534643991603],[127.0634388031845,37.654073198564],[127.0644879020539,37.655188599462505],[127.0670719002116,37.6554401993593],[127.0679000006591,37.6577400003187],[127.0642593004204,37.6596299013428],[127.0631098999391,37.658169801043506],[127.06264449949181,37.6596604004728],[127.06204750008881,37.6588630012702],[127.061362099733,37.659295300175195],[127.0613773995571,37.6568623007941],[127.0605897998081,37.657195700357704],[127.0600529990542,37.655578800042],[127.0580146997134,37.6551019000825]]],[[[127.0841307997864,37.5752486999389],[127.0853108994223,37.5749948989504],[127.0864555991403,37.572272300285505],[127.085013899594,37.5720987990413],[127.0861438995162,37.5716864992442],[127.0861561999895,37.5708322992502],[127.0873658001762,37.5721085996524],[127.0878904009247,37.5718099995511],[127.08850670033219,37.5746409992946],[127.0895125015318,37.575066498739],[127.085803000059,37.5758796002105],[127.0856388997884,37.574885500963504],[127.0841307997864,37.5752486999389]]],[[[127.03234499951371,37.6490438000507],[127.0333591991303,37.6481239993319],[127.0332515994901,37.6465194986111],[127.0340795002084,37.6462878998587],[127.0372380007036,37.6482212000533],[127.03636470056449,37.6496470009512],[127.0346807999322,37.6503453004537],[127.0334699995713,37.6498179002242],[127.0336854993853,37.648670301127396],[127.03234499951371,37.6490438000507]]],[[[127.0453119993573,37.6888729005409],[127.0475138000648,37.688646799707],[127.0476966005763,37.6897506002143],[127.0468340999865,37.6894862001884],[127.0451399999334,37.6907068002766],[127.04655899881631,37.689641200002896],[127.0453119993573,37.6888729005409]]],[[[126.9550104991945,37.551776000602295],[126.957477599948,37.5521466997645],[126.9567893004031,37.55342469986],[126.95715640025361,37.5546124990914],[126.9576924002856,37.55443850064481],[126.9555277996365,37.5546139006814],[126.9558865993156,37.553412000095605],[126.95469169972,37.5533237002453],[126.9550104991945,37.551776000602295]]],[[[127.0818653993169,37.5369708999633],[127.0829764989608,37.5353211989812],[127.08442119997589,37.5348443997553],[127.08428940053581,37.536478999424],[127.0877812013804,37.537506198939106],[127.0871932004183,37.5382971007649],[127.08586679988501,37.5379671012019],[127.084923699997,37.539246600036],[127.0833615998137,37.5384166001176],[127.0828388996727,37.5367466014293],[127.0818653993169,37.5369708999633]]],[[[127.0285612987155,37.612807799772796],[127.0289883998725,37.6115407995631],[127.0305017997004,37.6110547993354],[127.032460400347,37.6126195000104],[127.0321453001605,37.6137791002195],[127.0301353005442,37.6145162005993],[127.03003709989031,37.6153815003594],[127.0287654997699,37.615116200360106],[127.0290442995302,37.6124036006107],[127.0285612987155,37.612807799772796]]],[[[127.0723786988016,37.6598960000124],[127.0732913993893,37.6592066989284],[127.0769122010523,37.6599923996548],[127.0762614006786,37.6600137002153],[127.07669170207039,37.6611372997565],[127.0759704020423,37.663236900040104],[127.0728670995924,37.6629811007919],[127.0740286987451,37.6620236005771],[127.0723786988016,37.6598960000124]]],[[[127.0167158994759,37.6263804001652],[127.0180961991114,37.626373799556106],[127.0183354000952,37.625557999318],[127.01981610055,37.627132600341206],[127.0180068996253,37.628581300518704],[127.0167315996135,37.6275426996941],[127.0173451995649,37.6271975999342],[127.0167158994759,37.6263804001652]]],[[[126.9705200984764,37.532419099504196],[126.9706382005795,37.531908899142294],[126.97313540018311,37.5324187988653],[126.97258220095951,37.5339092988761],[126.97365090064109,37.5337016992386],[126.97499910011571,37.5347899997399],[126.9743884999112,37.5364891002548],[126.97218529982551,37.535101901272704],[126.97151289989239,37.5363567001729],[126.97027829880321,37.5335197001758],[126.9705200984764,37.532419099504196]]],[[[127.0931430993612,37.5347741996549],[127.09429249953129,37.5350051993954],[127.09488679984369,37.5339274989446],[127.0952393007373,37.5347751001651],[127.0936245000276,37.5367721001098],[127.0931430993612,37.5347741996549]]],[[[126.9507976995988,37.545411800280796],[126.9515511995367,37.544822599973806],[126.95123410013579,37.5440191998242],[126.95200470053611,37.5452821005158],[126.9507976995988,37.545411800280796]]],[[[127.06081969935819,37.6448594003321],[127.06384290023169,37.643276699086805],[127.0659520010346,37.6438443979187],[127.06663450410551,37.6454371998528],[127.0647705003024,37.647446800689394],[127.0626223000869,37.647843601150605],[127.0624206977572,37.646112599078904],[127.06081969935819,37.6448594003321]]],[[[127.08233169929039,37.5663479002096],[127.08347409965171,37.5641677993918],[127.08435370037819,37.5644293002513],[127.0836672010647,37.5647542999263],[127.0841887005432,37.5657002989803],[127.08557760089349,37.5659063003688],[127.08233169929039,37.5663479002096]]],[[[126.95673789988129,37.5753603993274],[126.9579967003498,37.5743408993789],[126.959566300228,37.574750699731105],[126.95673789988129,37.5753603993274]]],[[[127.07297559972001,37.5479724002893],[127.0746224002156,37.547187599785],[127.075115300102,37.549065300121704],[127.0738048002984,37.5474991012814],[127.07297559972001,37.5479724002893]]],[[[127.0250340997387,37.6383771999961],[127.0253648996507,37.637797199706],[127.02614780030831,37.6376158997879],[127.0250340997387,37.6383771999961]]],[[[126.9638774991209,37.5299852000761],[126.9645672994964,37.5285023000899],[126.9655145003912,37.5285680000099],[126.96445990064609,37.5304383004149],[126.9638774991209,37.5299852000761]]],[[[126.95531989905301,37.5574345001887],[126.9555699999884,37.556579999752294],[126.9568733007019,37.5578571000944],[126.95531989905301,37.5574345001887]]],[[[127.0785405995819,37.670042799483],[127.0795966004369,37.670116799994005],[127.0793243005207,37.670896900301706],[127.0785405995819,37.670042799483]]],[[[127.1601474996556,37.6097779995461],[127.1614196011661,37.609408099452004],[127.1610218002357,37.610021600379206],[127.1601474996556,37.6097779995461]]],[[[126.9675756994095,37.5287327997555],[126.9682546006673,37.5294450002976],[126.9673399999806,37.5301500000907],[126.9680355993189,37.529461199927],[126.9675756994095,37.5287327997555]]],[[[127.0254893997362,37.6260686999346],[127.0264162004748,37.6262375001232],[127.0260597999522,37.6264007002928],[127.0254893997362,37.6260686999346]]],[[[126.9686312995472,37.530738900260005],[126.9693188994579,37.5296576991328],[126.9698499006447,37.5302818999322],[126.9686312995472,37.530738900260005]]],[[[127.079206699327,37.556964399741496],[127.07951420105101,37.5568475996875],[127.0797135010254,37.5573155002169],[127.079206699327,37.556964399741496]]],[[[127.06658999957351,37.5322060991382],[127.0666867994767,37.5318017995425],[127.0672379012299,37.5316536996763],[127.06658999957351,37.5322060991382]]],[[[127.05758519963331,37.6645741998603],[127.057756200028,37.6645117998666],[127.0579589005675,37.66468910084809],[127.05758519963331,37.6645741998603]]],[[[126.9668021003352,37.5278938998013],[126.96699550052449,37.5281158003299],[126.9667530002322,37.5281964002919],[126.9668021003352,37.5278938998013]]],[[[127.0694331989165,37.6330802009465],[127.0697460001864,37.632939299057796],[127.069819400946,37.6330958998664],[127.0694331989165,37.6330802009465]]],[[[127.0888356995363,37.5763453999752],[127.0888201000552,37.5762516994573],[127.0889753006584,37.5762533000429],[127.0888356995363,37.5763453999752]]],[[[126.9635836994904,37.5317470002497],[126.963586399412,37.5315945984667],[126.96362230054899,37.5317108999892],[126.9635836994904,37.5317470002497]]],[[[127.025730199449,37.6270116998493],[127.0258494001363,37.6269348998241],[127.0258126000649,37.627028600125605],[127.025730199449,37.6270116998493]]],[[[127.0900713991669,37.6042037006453],[127.090161699988,37.6041406996505],[127.0901959002605,37.604163799729506],[127.0900713991669,37.6042037006453]]],[[[127.0174737992037,37.634187799573496],[127.0175203994764,37.6338423996628],[127.01747380088821,37.6341878000799],[127.0174737992037,37.634187799573496]]],[[[126.9667827997814,37.5295646998445],[126.96678280051141,37.529564699861304],[126.96678279993121,37.5295647003366],[126.9667827997814,37.5295646998445]]],[[[127.0643361993122,37.6280815995295],[127.0644109001201,37.627964499858095],[127.0643361999987,37.6280816003186],[127.0643361993122,37.6280815995295]]],[[[127.0670304999793,37.5322682002441],[127.0671050000084,37.532248799973196],[127.0671050002495,37.5322488001759],[127.0670304999793,37.5322682002441]]],[[[127.10344879999269,37.5210323000942],[127.1034487993167,37.5210322999609],[127.1034487999806,37.5210322994966],[127.10344879999269,37.5210323000942]]],[[[126.96828999923,37.528292800152904],[126.968290000966,37.5282927987552],[126.9682900004409,37.5282928004328],[126.96828999923,37.528292800152904]]],[[[127.0437666004253,37.6627037001984],[127.0440564998976,37.6626430993732],[127.0440565001599,37.662643100003095],[127.0437666004253,37.6627037001984]]],[[[127.04644209915699,37.6882563993099],[127.04644210050179,37.6882563996969],[127.0464421002541,37.688256400514],[127.04644209915699,37.6882563993099]]],[[[126.9461310997256,37.556718699989],[126.94613110037051,37.556718699595095],[126.9461311003536,37.556718700014194],[126.9461310997256,37.556718699989]]],[[[126.9624034994219,37.566551699881295],[126.962403500262,37.5665516999159],[126.962403500005,37.5665517007173],[126.9624034994219,37.566551699881295]]],[[[127.026481899606,37.5291542001401],[127.02648189984899,37.5291541994987],[127.02648190070519,37.5291542004641],[127.026481899606,37.5291542001401]]],[[[127.0733053994088,37.5839398004976],[127.0733054006233,37.583939799876205],[127.0733053994927,37.583939801115505],[127.0733053994088,37.5839398004976]]],[[[126.95012769975439,37.582706800415195],[126.9501276997618,37.582706799771394],[126.9501277003384,37.5827067995752],[126.95012769975439,37.582706800415195]]],[[[126.9709444999183,37.5752266993395],[126.9709445001955,37.5752267002308],[126.9709444999063,37.575226700011605],[126.9709444999183,37.5752266993395]]],[[[126.9768291999039,37.5758687000016],[126.9768292000978,37.5758686999975],[126.9768292000062,37.5758687001075],[126.9768291999039,37.5758687000016]]],[[[127.0111852997501,37.5306123001003],[127.01118530033219,37.530612299357],[127.0111853015295,37.5306123007107],[127.0111852997501,37.5306123001003]]],[[[127.04171719876,37.6425079997432],[127.04171719903029,37.6425079989726],[127.04171720061369,37.6425080002192],[127.04171719876,37.6425079997432]]],[[[127.0665474997449,37.531234600073795],[127.0665474999211,37.5312345996116],[127.066547500081,37.531234599977196],[127.0665474997449,37.531234600073795]]],[[[126.96672999960789,37.530630000021],[126.9667299999057,37.530629999792005],[126.9667300000648,37.5306300000353],[126.96672999960789,37.530630000021]]],[[[126.9743664992352,37.5224062002369],[126.9743664999848,37.5224061998091],[126.97436650044901,37.522406200108],[126.9743664992352,37.5224062002369]]],[[[127.06231239991159,37.6560754999829],[127.06231240002569,37.6560755000033],[127.0623123999816,37.6560755000565],[127.06231239991159,37.6560754999829]]]]}},{"type":"Feature","properties":{"interval":60,"stationId":"7611776393"},"geometry":{"type":"MultiPolygon","coordinates":[[[[126.8312676989107,37.548777300214894],[126.8322897995412,37.5483621990163],[126.8327223996312,37.5465655996722],[126.8344923993159,37.5466053994735],[126.8340942998156,37.546079299246],[126.83501479969479,37.5452130997847],[126.83305659986891,37.540292999963796],[126.8338193995678,37.5398903001674],[126.83302969984649,37.5396807993216],[126.83578999909331,37.539616699203805],[126.83707079949181,37.5371480998393],[126.8380877000636,37.5379636993463],[126.8382497993996,37.5371515995538],[126.8399141005296,37.5365012991033],[126.8416963991515,37.5367610989732],[126.840393299551,37.534954200239504],[126.84085349928199,37.5336410012274],[126.8385298989311,37.532788599598405],[126.8389723988699,37.5317749000043],[126.838061199339,37.53141570016609],[126.8388352995873,37.5309799998422],[126.8383290992623,37.530044599952795],[126.841020499679,37.5278203994118],[126.8462733992657,37.5263276994133],[126.8455351993618,37.52282370033549],[126.8445786991466,37.5226078998019],[126.847330999983,37.5217047994214],[126.8489900999635,37.520119199300204],[126.8520261987648,37.519397299954],[126.853042299647,37.517992999341196],[126.8534645999935,37.5189630989559],[126.8536598999888,37.517434698983806],[126.85495420105259,37.5175604004236],[126.8547582005896,37.518961399296],[126.85870749941479,37.5194027990824],[126.8603447983905,37.5187836993061],[126.86093840006,37.5176966998907],[126.8603672013759,37.518739699448],[126.8613640003791,37.520346697841],[126.8630039997071,37.5180487994427],[126.8652195997001,37.5177705992096],[126.86602539932319,37.5163190997667],[126.8658119995366,37.5141113019745],[126.8641309992857,37.5156607014864],[126.8627383006236,37.5143560010321],[126.86194499905301,37.515679899874],[126.8617870987457,37.514093700101895],[126.8600357993875,37.511791100615106],[126.8607875983944,37.5100601981068],[126.8628802991438,37.5099484993777],[126.86331040078521,37.5091964995485],[126.8639012012088,37.5118597997562],[126.86690130010369,37.512515199817805],[126.86891200040239,37.5146681994874],[126.86974959990381,37.514058399770704],[126.8713452017107,37.5146043986048],[126.869978001196,37.514560300271796],[126.871863299725,37.515772399197104],[126.8724278006446,37.5149748994922],[126.8742664994174,37.5154847996138],[126.8767671998366,37.5145601996116],[126.8770462998222,37.515080399434204],[126.879243497625,37.5138901006245],[126.8774153981365,37.5099030026502],[126.8761051994467,37.5092578032954],[126.87449720013889,37.5119174019898],[126.871361699758,37.5109138013341],[126.8706910989578,37.5121141014326],[126.8696877986129,37.5111242002478],[126.8714870993846,37.5107723992309],[126.872086698785,37.5098081001952],[126.8713968994401,37.506751598023904],[126.8726707981662,37.505021999753495],[126.8726803982772,37.503237900925505],[126.86829080052199,37.5019721020788],[126.86500869880871,37.4992358010763],[126.8650842998646,37.4980075989345],[126.8662820002327,37.498866298326],[126.86717449934021,37.4971628000295],[126.86653459916259,37.496518799304894],[126.8678268978703,37.49581890000481],[126.8665730982661,37.4931793015772],[126.8651227986983,37.4928343015349],[126.861803099884,37.4937587005854],[126.8596138009151,37.4930528011124],[126.8593410010547,37.496289599994995],[126.8583886003761,37.4963391002003],[126.8584588011147,37.4972269998106],[126.85602220004719,37.4989240006702],[126.85672799924761,37.4983001002906],[126.8562099991054,37.4972830005572],[126.8536461991781,37.4974224002836],[126.85508319857469,37.4964787999168],[126.85516369849421,37.4955175008781],[126.8534907001672,37.4942530021426],[126.8524450012129,37.4952793011163],[126.8507247995845,37.4954205007705],[126.85154529919849,37.4948543998175],[126.8513150995512,37.4937205993728],[126.8529386996126,37.4931738989423],[126.8525956996257,37.491268498624095],[126.8547084996566,37.4916054982714],[126.85489219966749,37.4899148980819],[126.8578405996442,37.4900896985854],[126.857988300356,37.488707099068],[126.85836060014769,37.4901233986133],[126.8590588001425,37.488767999245],[126.8599048006992,37.488866299658696],[126.8606187999852,37.4904395980854],[126.8644225005208,37.490805798230994],[126.8667946001139,37.4925729995011],[126.8672938997408,37.4915370990089],[126.86980869970989,37.4918003995436],[126.8701478993707,37.4906979006461],[126.8693925994419,37.4906898991331],[126.87158429915179,37.490839598493004],[126.8721836004026,37.4880122983539],[126.8719143010464,37.4910402978316],[126.87606420038111,37.491549799797305],[126.8772500005098,37.4937774993596],[126.8799993977604,37.4947562983808],[126.8800674976923,37.4932562998808],[126.8820926994555,37.4922628997059],[126.8818713002303,37.4914057991776],[126.88523139957539,37.4902922997786],[126.8854311993756,37.4894850005859],[126.88356949959449,37.4883771005667],[126.8828587990452,37.4863748005882],[126.8844392985892,37.4850622995093],[126.8838953992192,37.4841407000895],[126.88689100028681,37.4819830992882],[126.88952770050311,37.482719799779595],[126.8893878007852,37.483926899048],[126.8918246016631,37.483511198810604],[126.8906588015907,37.4839998013049],[126.89129320133361,37.4885615998355],[126.89268969993711,37.4890196993774],[126.8931194010317,37.488170599145796],[126.8945781995729,37.4896781976382],[126.8950979990531,37.4875258997905],[126.8944505990036,37.4866878987892],[126.8956158997042,37.4878030984649],[126.8968443994656,37.48647539931461],[126.8987525005289,37.486958499135],[126.90070769972469,37.487847799348394],[126.9022999005327,37.4901731993376],[126.9017229006429,37.4910218000718],[126.9033203007949,37.4930034005916],[126.902423200817,37.494116599950196],[126.9045230998485,37.495583698531995],[126.9051214996665,37.4943721993894],[126.9066578998049,37.4954323978015],[126.90872259872691,37.494840798060295],[126.9090902983592,37.4926327002684],[126.90795230006681,37.4906127004472],[126.905677399519,37.490735300354295],[126.906732599243,37.4894465004257],[126.9062730997025,37.488891200980994],[126.90443130033489,37.4892224002009],[126.9046329997483,37.4904491001462],[126.9040206998332,37.4894426998163],[126.90472699966219,37.4890638995967],[126.905497998795,37.4857568007386],[126.9034929996006,37.4851821995009],[126.9055382998299,37.4852921981033],[126.9063641997993,37.4823983997932],[126.9065164005096,37.4834685985165],[126.9075853994406,37.4836573983277],[126.9080433995666,37.482248498979],[126.91401739856441,37.481034899734595],[126.9142072993025,37.480125199384105],[126.91548780005529,37.4820578991752],[126.9166234995694,37.4815300991391],[126.9182574002134,37.4824271994534],[126.9190444003536,37.4819894988435],[126.92057350040591,37.485543500588996],[126.9203179006615,37.4865269996055],[126.9219034990759,37.4866869994455],[126.9229028983616,37.485492199712105],[126.9228008987599,37.4840321002453],[126.921403699642,37.483767400782895],[126.9208714991331,37.4823004986473],[126.92515089956031,37.4803093995457],[126.9270623999516,37.4779808999469],[126.9288305996726,37.4780169995731],[126.9300831995281,37.4757351995242],[126.93100320002411,37.4765461997388],[126.9324479989307,37.4762868996441],[126.9325063983376,37.474049200598806],[126.9309049987063,37.4735588017006],[126.93107829872649,37.4713968007592],[126.9297839994785,37.471077199729905],[126.93323579937281,37.4701169994006],[126.9332422993663,37.4690242004934],[126.9326922992488,37.469213798599895],[126.93397759993651,37.4686045997196],[126.9389365005784,37.4708573999478],[126.9383685000001,37.4719865002874],[126.93619650093069,37.4730122006111],[126.93596810079029,37.4742730000132],[126.9366787006817,37.475125399716106],[126.9379170002097,37.4749489995829],[126.9387259002597,37.475954699352606],[126.9418298998554,37.4755657996745],[126.9447729988957,37.476809098078796],[126.9499879003488,37.4770700983031],[126.95042320055191,37.4779022990206],[126.9513558996192,37.4777402991826],[126.9518713990299,37.4728758984278],[126.95493860299061,37.4730103981399],[126.9562774016518,37.4741764969738],[126.95924689887799,37.471787299007104],[126.9609679993541,37.4733340977047],[126.96207339824869,37.472514798523996],[126.96228839952221,37.4687314993419],[126.9649111981565,37.469179198235],[126.9669521977838,37.4679668976868],[126.9702104992638,37.4685375985845],[126.97100619914531,37.467042298832304],[126.9735581993499,37.465899699653804],[126.9743152000474,37.4645734976723],[126.9747018018197,37.465958798659805],[126.9772968992246,37.465246799371805],[126.9770246017074,37.464603695681795],[126.9800453004451,37.4667566980645],[126.97891290144119,37.466915702044],[126.97829110206301,37.4690709998887],[126.9806033997507,37.4710080979516],[126.9829779973761,37.469993498966204],[126.98522290055689,37.4668220980451],[126.9863224999335,37.4679953995277],[126.98809969983341,37.4673458988961],[126.9884371995754,37.464687501236895],[126.9874359989174,37.4609114995024],[126.9886868988555,37.459392799438305],[126.9878057997366,37.458721900109204],[126.9885778999213,37.4572692999339],[126.9913563016121,37.455059298208],[126.99570889725949,37.4546053986619],[126.99348499948341,37.4528281004392],[126.9947839983393,37.4509669997621],[126.99374299938029,37.450121100607994],[126.9952142970243,37.4459708002139],[126.9961794018028,37.445750400981204],[126.9962950016872,37.4473840993475],[127.0003647993577,37.4462159984636],[127.00219919752331,37.4443427003369],[127.0019115996557,37.440578499240004],[127.002158100062,37.441050598461096],[127.0042643982392,37.4401710991009],[127.00343749906611,37.438502500769495],[127.0002641993277,37.4387227997598],[127.0015178984531,37.4376842998087],[127.00277339778029,37.433889700025304],[127.0009737988739,37.4331756004567],[126.99863890091311,37.433696900394104],[126.99725670048029,37.4345103005032],[126.9970531999079,37.4357137003441],[126.99404010042021,37.4338112006854],[126.9920545992785,37.4337711001263],[126.9925984996835,37.4306838996322],[126.9942047994985,37.4302243994274],[126.9939777997495,37.4296309996471],[126.9951972998646,37.4292216988741],[126.99604569959399,37.4302669987106],[126.9979261999173,37.4294059994472],[126.9970738013643,37.42970700018],[126.99864150006711,37.430666799406],[127.0000464025031,37.4302971002305],[127.0009738015757,37.433175597352],[127.0044020001998,37.433176597363605],[127.0097647019445,37.4316980986914],[127.01043600127319,37.4342396961498],[127.0128309002925,37.4359683940701],[127.00957410596709,37.4389227993866],[127.0100487054442,37.441041898936405],[127.0129600027971,37.4441875005584],[127.01041960078511,37.448559400471204],[127.00962559962781,37.4484190026563],[127.0082606009928,37.4499855010898],[127.00833710124141,37.451018900964],[127.0075797994717,37.4504410021395],[127.0060982009533,37.4515217010588],[127.0058660979557,37.4491600012726],[127.0036067001283,37.4498966004215],[127.0031709007864,37.452899999939596],[127.0020054019519,37.4541897986498],[127.0054505985067,37.4549567978828],[127.0077102008366,37.4537463988602],[127.01046260134079,37.4563813007132],[127.0077101997509,37.4537464009661],[127.0043290015185,37.4585221038443],[127.00095950340949,37.4588280028298],[127.00028590019,37.4577888024978],[126.9961001981973,37.4576506024832],[126.996693298425,37.4568010009169],[126.9957088994094,37.454605403112495],[126.99135629935711,37.455059301561406],[126.9901786004381,37.4566488010298],[126.9885779016484,37.457269300819],[126.98855930166701,37.4583270997612],[126.9901311012007,37.4589463994837],[126.9887375026557,37.4599792000797],[126.9935692032369,37.4636874983507],[126.99332910299,37.466292600455205],[126.9944067019124,37.468929797818],[126.9970105011338,37.471482498918704],[127.0023663024568,37.471743699661594],[127.00401000177389,37.4744250971838],[127.00761690170451,37.4765732976217],[127.0097781995432,37.4759931982018],[127.010283499336,37.4742048991877],[127.0116338988503,37.4737138986829],[127.0139371983477,37.476250196845704],[127.0143378023358,37.472986296649005],[127.0167723004517,37.4738980979712],[127.01792210558311,37.476366699808096],[127.0240335019735,37.4804233990405],[127.02469940042481,37.4825909999928],[127.02599839999631,37.483798099234605],[127.0281774991359,37.4834191999578],[127.0287000983373,37.4825249983109],[127.0277160990599,37.4796662996893],[127.0289437983101,37.4785731004763],[127.0288143990059,37.47677139952879],[127.0299042985437,37.4753542006888],[127.0293122984602,37.4730627002211],[127.03030629912651,37.4715310005921],[127.0292990993897,37.4676092998744],[127.0300374983704,37.4661511992974],[127.0317755985935,37.465980898146796],[127.0318628994573,37.464208298411904],[127.0330584982617,37.463942198678],[127.035153300521,37.461209499576],[127.03433470130351,37.462307599762106],[127.0355120005339,37.463175699531],[127.0374379997795,37.4614658985555],[127.0403546000641,37.463498999653],[127.0419828005213,37.4618284997158],[127.0409843013208,37.4629840989797],[127.0418117004934,37.4645728973909],[127.0434919005153,37.4650151977059],[127.04509469927261,37.4635679989979],[127.0449378994294,37.4624073001586],[127.0430509997219,37.4620021995691],[127.0451908993408,37.4619135989451],[127.0450413991793,37.460581899769004],[127.04628319970041,37.4610070986162],[127.04674799978909,37.4597202991059],[127.0483621007436,37.4621339993615],[127.0494437007054,37.4621848000046],[127.04637170030139,37.4612262016266],[127.04557180071481,37.4629181000344],[127.0462282012469,37.4656896985569],[127.04891270252651,37.4659634980575],[127.04835920266419,37.469352797971304],[127.04996370124891,37.4713215995745],[127.0498487008169,37.4744410999888],[127.05051830014729,37.474886899543],[127.0485523003502,37.475691400236],[127.048793300727,37.4773216993016],[127.049927000208,37.476883199146606],[127.05245979980259,37.4776598991442],[127.05400490007449,37.4761490997225],[127.0562263989491,37.4760182987398],[127.05714659990909,37.4769412991598],[127.0583195995907,37.4758237995664],[127.0590855009085,37.4762177002378],[127.05837120162279,37.4773182991372],[127.06117089912219,37.4770989985564],[127.0627052001877,37.4779543984874],[127.0640735998707,37.4769753983638],[127.0654296999013,37.4777348980513],[127.0650907017015,37.4789552988287],[127.07018909660309,37.4825540952299],[127.0676148986495,37.477561397845896],[127.06864300099569,37.4775901974275],[127.07018910077379,37.4825540973749],[127.0726320034935,37.4840603981706],[127.07594540018009,37.483102999128],[127.07643609985179,37.483702298808396],[127.0772334006325,37.4826360994401],[127.0799025999461,37.482704799423],[127.0801540997581,37.481683600212996],[127.07916539928699,37.48152549913139],[127.08290869840711,37.480183497054604],[127.08527640185619,37.4834877970525],[127.08815990403,37.4836291977071],[127.0847140004861,37.487245000206],[127.0827449979369,37.486810100559],[127.082235898446,37.4853369020322],[127.0801208005611,37.4843903029788],[127.07873240194951,37.4876836996854],[127.0834214002985,37.489306999571795],[127.0864724004805,37.4946535004175],[127.0859808010813,37.4958572005878],[127.08415560090451,37.4952599021313],[127.0823951014334,37.4967590021614],[127.0816031986557,37.4965050000775],[127.0823950992594,37.4967589992794],[127.0831326988765,37.495259100058],[127.0805931005501,37.4944495011451],[127.0784617008393,37.494853300718404],[127.0772269020741,37.4969574986142],[127.078598501242,37.497606499142],[127.07874990081011,37.5004833988975],[127.08128900037539,37.4990128992295],[127.08125160035401,37.499691499838896],[127.0837004001281,37.5005416983787],[127.0863932983001,37.5006900972678],[127.0973634975215,37.4969399977402],[127.0968737000851,37.4908747014792],[127.09599469990411,37.4907072012793],[127.09510809918551,37.4919747001743],[127.09599469694241,37.490707201065604],[127.0961589967099,37.4875566978469],[127.0954001974687,37.4847840006196],[127.093165899024,37.484424696911596],[127.0955399997254,37.4843799986907],[127.09949999913441,37.481966499114],[127.0991819007137,37.4824143995749],[127.100493700312,37.483449298505995],[127.10140650013929,37.4816785993777],[127.1040284005451,37.4807930993935],[127.1047900997834,37.4822853979012],[127.1078431012033,37.483521298228396],[127.10770860190239,37.488670799749],[127.1092540004705,37.4888049996753],[127.10892630043519,37.4892288999646],[127.11031779958991,37.4901126983238],[127.1119469979607,37.489798498638],[127.1125489985137,37.4884843992419],[127.115133499927,37.4875019992107],[127.1144634999885,37.48302789942041],[127.1166719980354,37.483360899221],[127.1178664992843,37.481428598354604],[127.119358599302,37.4819848984337],[127.120377498522,37.4807811993058],[127.11912719890199,37.4793521990369],[127.12161710115099,37.478271498088496],[127.1229200998096,37.4749581979338],[127.1256738994677,37.4735260989606],[127.1257756003489,37.4743382989176],[127.1270543013455,37.4740976998526],[127.1257756008892,37.4743383003094],[127.1263787002861,37.4754187992289],[127.1285729998268,37.4752508986994],[127.12961650063039,37.477099599062505],[127.13095629960189,37.475479800019805],[127.1302142993877,37.474826198902704],[127.1317889000408,37.4753267999398],[127.13059580113419,37.476542199322395],[127.1314211003087,37.478002499696004],[127.1321463003908,37.477642398918],[127.1318360002958,37.478734699759194],[127.1326653002126,37.4791487002008],[127.1323711004329,37.4812155999644],[127.131154900931,37.4818591001927],[127.1320341007671,37.482929599901595],[127.1300664005508,37.482208401169295],[127.1314388010495,37.4880560992898],[127.12850400141261,37.488089901191195],[127.1283981004696,37.4899966011307],[127.12779160003919,37.4898126005893],[127.1262440003663,37.4915185001718],[127.126298300312,37.4923941992961],[127.12810520010699,37.4924392998551],[127.1302800003206,37.4944899997523],[127.1277970004307,37.4931794013586],[127.12766400022089,37.4944301006959],[127.1264533006071,37.4944024004219],[127.1267694005671,37.4964689999362],[127.1282157005398,37.496045600010206],[127.1303703991323,37.4980333986829],[127.131508598439,37.4971410993654],[127.1303450996025,37.496228700277804],[127.1308558995256,37.4955822991558],[127.1318087002294,37.4969227989721],[127.1342138994365,37.4964685994048],[127.1334478994705,37.4943046009165],[127.1317123997324,37.4951217004667],[127.1323446998978,37.4940501987156],[127.1348141993159,37.4947924989545],[127.13573070017169,37.4940782990524],[127.1362373005348,37.4958691980589],[127.1378799994281,37.4942599989024],[127.1406690999126,37.494310898524205],[127.1415069990747,37.493545099289996],[127.1411973993843,37.4928053000298],[127.14181879967549,37.4933763993193],[127.1428078000804,37.4892215997673],[127.14306200036211,37.490164399391695],[127.1481062006076,37.4908440995357],[127.1477765005514,37.4914392995662],[127.14932440067889,37.4928411000102],[127.1474140002349,37.4941457002556],[127.1477838000213,37.4951948005538],[127.1457040004524,37.4958312001458],[127.1459015002648,37.4968768003893],[127.14328939948071,37.4953673010003],[127.1383697002709,37.4961134005163],[127.1371707014336,37.4975158992937],[127.1375995010048,37.4983622984473],[127.1398184007455,37.4980292995473],[127.13965930059031,37.5001398004043],[127.13901799940989,37.499595300833704],[127.1381442002837,37.5001523002767],[127.1376304003047,37.5018026007402],[127.1359631005956,37.5005111014491],[127.1352440005374,37.5017039006236],[127.1339533002193,37.5011674003006],[127.1334877005941,37.5020625000165],[127.1338677005499,37.5044549999128],[127.13461000058,37.5047599998],[127.1338424004216,37.506572599814],[127.136597402829,37.5074648998374],[127.1369919024345,37.5097666975356],[127.1387122016483,37.5111623974662],[127.13868240078439,37.5133854002861],[127.13671990100231,37.513921800547095],[127.13681840090379,37.514629599839296],[127.1378990998231,37.5152791991897],[127.14103469843211,37.514738298933196],[127.141484901455,37.511331497928595],[127.1419471021414,37.5124423992564],[127.14355300053549,37.512667999030796],[127.14605180047229,37.514598698735604],[127.1477400008046,37.5144610986443],[127.1511046007949,37.515974599794],[127.1501608007777,37.5162019011824],[127.1492862004213,37.519177900443204],[127.14759279988169,37.5201522000758],[127.1471274003471,37.5195535006745],[127.14720960080899,37.5220901003736],[127.1461477018709,37.523237399226296],[127.1466540013646,37.5240934983702],[127.14999380083201,37.523648296550995],[127.1517181034149,37.5277717995347],[127.154733601704,37.5316922995652],[127.1532778009453,37.5313356010884],[127.1524550014378,37.5344769012759],[127.15108500030209,37.5348447013732],[127.14669010128141,37.5332745014524],[127.1461956017759,37.5347817999451],[127.1473253006462,37.535249199477704],[127.1471018006928,37.537226599856794],[127.1460208008564,37.5374458003177],[127.1463036008491,37.5383870002847],[127.1439634003584,37.54190409997501],[127.14511040016629,37.5430012994846],[127.1478300006564,37.5433799995784],[127.1461709020323,37.5441997003868],[127.1460366021666,37.5459237986627],[127.1488071037228,37.5467113998679],[127.1462538009644,37.5483807999078],[127.1464125009434,37.549497199705996],[127.14739810072871,37.549534599825805],[127.1460141006842,37.5505120003524],[127.1461744005239,37.551701599162804],[127.1471822005702,37.5511658010639],[127.1443468019978,37.553201101342005],[127.14467860184371,37.5548479998718],[127.1398990004882,37.5516583009186],[127.139063300953,37.554645200189],[127.13787190198629,37.5555065004144],[127.1379639998632,37.5572156021858],[127.1366383006874,37.55700980096071],[127.1365040995665,37.558122600173895],[127.13626999980059,37.5569653013312],[127.1337576013941,37.556559501775595],[127.1325162026355,37.5586037997313],[127.13341440225571,37.55985459958],[127.1317983992179,37.5614394007145],[127.129974599073,37.5605793013085],[127.1304252986854,37.5598592005276],[127.1287981003126,37.5579725024143],[127.1270057006724,37.559833101733496],[127.1239013912073,37.5568383044845],[127.11916409474131,37.5473863077548],[127.1111680027374,37.5510545040866],[127.1106976032078,37.5547866003545],[127.1113185014821,37.5571878008826],[127.1100819991729,37.5575686001058],[127.1096735995813,37.555681801992606],[127.10799180041009,37.553657204110806],[127.10442480397711,37.556921700846296],[127.1042508041511,37.5579046998633],[127.1018596001291,37.5593591001233],[127.1020558995115,37.558031800734],[127.099355001487,37.556218002545904],[127.0958701049719,37.5573508014131],[127.0966863057847,37.564156501191704],[127.1003652021058,37.5682988970493],[127.10294540247979,37.5673958967721],[127.10734450636049,37.573115896573796],[127.1123836027813,37.575689496345305],[127.1172505998954,37.5751505977571],[127.1156466013599,37.5761816001637],[127.1144081027255,37.5789842016778],[127.1154743016593,37.5811957994662],[127.11718430461801,37.5819700013409],[127.1189458014999,37.588436197520494],[127.1223144981312,37.5886635972931],[127.1252484991264,37.5916614963447],[127.1264225979523,37.5911057969004],[127.1280033973431,37.5883284979244],[127.1290420995994,37.5882299993496],[127.1293778995501,37.5865060993903],[127.1302883992655,37.5868878996646],[127.1302523005766,37.586085698839696],[127.1321112003986,37.5868233982552],[127.1339008997291,37.5856613988662],[127.1360323991677,37.5856192973908],[127.138305599862,37.5844663986804],[127.13964580004179,37.5824278979201],[127.14003880015039,37.583628598436995],[127.1424679018448,37.5846629966241],[127.1447601004313,37.5844960972215],[127.14665510069351,37.582906198221096],[127.15136440017801,37.5863210977861],[127.15255019922209,37.584670797978795],[127.15136440154721,37.5863210999407],[127.1521547007569,37.589348796913],[127.1540202988913,37.5875913986704],[127.15399019940989,37.5853042995915],[127.1560492009361,37.5853548999619],[127.1544752018704,37.5853980007555],[127.1547579015877,37.587912598240905],[127.1578409005255,37.5886417981248],[127.16004860045109,37.5881083979015],[127.15994860037331,37.5900669985813],[127.1612116991102,37.5904971981511],[127.16239090036481,37.587560098912796],[127.16331550161149,37.5880334980982],[127.1641553013949,37.5920318981837],[127.165196200354,37.5932297969858],[127.1691101024783,37.5938018990142],[127.16863260074379,37.5950378000179],[127.16971460052011,37.595676399737],[127.1700579004935,37.5970641000254],[127.16967300034871,37.5984391003135],[127.16873840081489,37.5983437003699],[127.1673158995475,37.5996121007502],[127.16737839942161,37.597413702274096],[127.16359920089849,37.596420703455],[127.1598548046429,37.600891498984204],[127.1614158039885,37.6044264962142],[127.1654177012339,37.605073496768],[127.1675376001358,37.604132297834504],[127.1695172981561,37.6047618972049],[127.17369859955379,37.5990114993277],[127.1754172005395,37.5999538983633],[127.1738796012507,37.6008318001359],[127.17474440038589,37.6018489991187],[127.1778304002427,37.601624600055004],[127.176227200268,37.6017378004585],[127.1755215000569,37.6031355005509],[127.17410580072371,37.6030754000187],[127.1751256996314,37.6048574989516],[127.1783801015219,37.6038230987175],[127.1789143009877,37.6048250977155],[127.1831135011499,37.6029255963686],[127.1855318987315,37.6032417960524],[127.1866177976456,37.5996533996408],[127.18387129867841,37.597975799616],[127.1850674972496,37.5967236000243],[127.1845047985964,37.5946611989181],[127.1887514988695,37.5947664996625],[127.1886110990099,37.593213601215396],[127.1874819990126,37.5932534001638],[127.1891020989619,37.5928724993832],[127.18948250137069,37.594248998405895],[127.1914503005111,37.5949429992714],[127.1942463994083,37.593931499319],[127.1948050989715,37.5927375003669],[127.1938410979534,37.5921261999571],[127.20003799750981,37.590114291838205],[127.20388129487391,37.5879497938936],[127.21183019603839,37.5800623933666],[127.2184117923774,37.576766592743596],[127.2183010005384,37.577417499478706],[127.21948280068169,37.5768765991034],[127.2196506002709,37.5787378988702],[127.2220589009027,37.5796364001806],[127.2218275005174,37.580271702058695],[127.2205958993391,37.579739900863],[127.217576700011,37.580890500489105],[127.21597630161139,37.5838472975323],[127.2168121007756,37.584397596982],[127.218721801218,37.5835071973444],[127.21967370157431,37.5861315989655],[127.2222113004823,37.5865833984479],[127.2251349028641,37.5893335990934],[127.2231030017274,37.5891202008192],[127.2210804012786,37.5911359014436],[127.220811001548,37.592663199916295],[127.2219314995622,37.5932468017742],[127.21649220267271,37.5922165022072],[127.2144890005649,37.596468000879],[127.21312140193251,37.596803700543305],[127.2137627034092,37.6003116020367],[127.21209950087669,37.6050813007179],[127.2094004015521,37.6029061043566],[127.2065081044444,37.603340603922106],[127.2036928068771,37.607021500771204],[127.2036920021621,37.6125201015196],[127.2000288032955,37.611289402245596],[127.1960769998764,37.6156743015177],[127.1943742007369,37.6157929019066],[127.1961315982435,37.6156154977756],[127.2000287943463,37.6112894021017],[127.1959621984129,37.607100106291],[127.19190880246629,37.607832805558296],[127.19108200329309,37.6088602045309],[127.1906141004266,37.6127612005783],[127.187175200627,37.6119491014979],[127.18055370113301,37.6147728009214],[127.1799221017646,37.6163008993933],[127.1817548003406,37.6170939990277],[127.1838117994188,37.6198782013729],[127.1804798011549,37.6185764012231],[127.17981620062281,37.6199180016118],[127.1785042007522,37.6204870014521],[127.1778758001222,37.618704801788304],[127.17524039811721,37.6176107021483],[127.17734609938279,37.6177043995368],[127.1784536983621,37.615518298975495],[127.17813939867641,37.6131574013364],[127.1757152011006,37.613290201203604],[127.17399350121029,37.615620800349404],[127.1750496989252,37.616302000827694],[127.1727776995567,37.6151238010171],[127.171065700226,37.615705900747905],[127.1696000010925,37.6148664013147],[127.1685450021475,37.6173205988605],[127.1705511011194,37.619466600468805],[127.1679604024639,37.619658202969305],[127.16727170315261,37.622304500323],[127.1689072015171,37.6246925979349],[127.1713273010225,37.6244656996693],[127.17020940056061,37.626299601163105],[127.1694772007711,37.625576301875796],[127.166872303376,37.6264512010009],[127.1659236030987,37.62820150704],[127.16398809695299,37.625576302993196],[127.1608427000984,37.6282959002736],[127.1577404998702,37.6271763002512],[127.1585981990229,37.6270399995993],[127.15774899957489,37.6260201003318],[127.1557162007229,37.6260377003628],[127.1567537006393,37.6274275],[127.155735999987,37.6284644007197],[127.1543525999993,37.6268369008721],[127.1534455991961,37.6273106002402],[127.1539166990014,37.625200100115],[127.1531501997412,37.6243231002299],[127.15221600059239,37.6247677999549],[127.1524479002694,37.6260427007248],[127.15126629987131,37.6270921003781],[127.150110300523,37.6254603010688],[127.14984149929779,37.6265504009268],[127.1497948986778,37.6248510003465],[127.1462392000248,37.623244500472],[127.1423915968187,37.625338501567995],[127.1408850985475,37.620454104775106],[127.1379464014862,37.6182889069403],[127.1328776013098,37.620484004495395],[127.13236670060901,37.6218093032436],[127.1280862010793,37.618670404235],[127.1222612069043,37.6248326980727],[127.12842980205251,37.629071499027404],[127.1266256034177,37.632279498407],[127.12984800399799,37.6361793993396],[127.1300277016023,37.640752399773],[127.13153030038349,37.6408212009649],[127.1304261014877,37.6416225001636],[127.1317795001343,37.6424902992958],[127.1333416994976,37.6413442991929],[127.1325547006645,37.6433021991119],[127.1330650001542,37.644343898070204],[127.1370917978573,37.6439397988393],[127.138866897988,37.6382756033321],[127.1382252989217,37.637739399716004],[127.1401540994392,37.6368079989562],[127.1427530021984,37.6390860013848],[127.1422162001299,37.6412369001518],[127.1427529989069,37.6390860020018],[127.1405643010956,37.6387164023714],[127.14012380153609,37.6403502007376],[127.14115430119179,37.6439691974195],[127.1432454991006,37.643651697737],[127.14315530030521,37.6415497996291],[127.1443842990762,37.644195696983196],[127.1469509980004,37.64402079645],[127.14808409686731,37.6422499982208],[127.148518900104,37.6380766991926],[127.1494746023417,37.640608301659896],[127.1480841037322,37.642250000018194],[127.1481134041698,37.6462232974907],[127.1531151000506,37.6454395999501],[127.15128970308261,37.6499374977416],[127.15350880081739,37.6503521989038],[127.1523858009745,37.652186200029604],[127.1526772006831,37.6541561980596],[127.1539072008299,37.652911100926495],[127.1526771996708,37.654156201969],[127.1500420014706,37.6526713019875],[127.1468983033172,37.6568531992967],[127.1466047022751,37.6589212017196],[127.14379480127829,37.6600159006423],[127.1430667995618,37.6590931997075],[127.1437948003336,37.6600158990872],[127.14460369952471,37.659696299406804],[127.1449318991783,37.658020700482204],[127.14119729875691,37.6570781025833],[127.1382460966223,37.657429505903096],[127.1382495985268,37.6552370005576],[127.1359271977814,37.6515002034799],[127.13180150144309,37.653540301836905],[127.13015250158199,37.6535397018821],[127.1299468017877,37.6560328993889],[127.1309370998935,37.6562690003823],[127.1299468003608,37.6560329008244],[127.128457800671,37.6573234004436],[127.12599489940739,37.6564753008987],[127.12397659934531,37.6530280003935],[127.1237809988977,37.6517417006799],[127.1256201991662,37.6492158004528],[127.1242427996199,37.6481258008382],[127.1237146998664,37.6487537001781],[127.121397300769,37.647526201637405],[127.12120690095941,37.6490670000966],[127.1200436011999,37.6503102002085],[127.1183402005653,37.6503592008048],[127.118382500523,37.6521111990528],[127.12058320061959,37.6514942994943],[127.120160199961,37.6536771017277],[127.1188678997776,37.653570100283304],[127.1173969993238,37.6495808004588],[127.1152447009652,37.64979979977149],[127.115063699403,37.6510041007827],[127.1115867993814,37.650725400123896],[127.1114303997506,37.6498901990196],[127.11260919975089,37.6506413990238],[127.113254099106,37.650174399490794],[127.1126260996931,37.6487724998412],[127.1135924002183,37.6490849991046],[127.11407869973199,37.647656600533],[127.1108232995264,37.6463872014236],[127.1107658992701,37.644461099653704],[127.1086916013444,37.642577601537205],[127.1066639017097,37.644853400330604],[127.1053441981946,37.6447186019253],[127.1031298949343,37.6425518025412],[127.1038448954349,37.641932098778696],[127.103911795368,37.63769080302],[127.0972866019932,37.6334250072858],[127.0940393040249,37.6427761023169],[127.0891757037304,37.645654402497996],[127.0925331010486,37.649023298536605],[127.09397300670821,37.6527291016331],[127.0920480040142,37.657501698881696],[127.0958514002108,37.6594587969246],[127.09922020146101,37.658510295851904],[127.10115040085279,37.6585366975393],[127.1019620022825,37.6593501980475],[127.09931690221721,37.660033900974604],[127.0970200064249,37.6635756040805],[127.1006251053065,37.6709664044837],[127.0992519066797,37.67911869633139],[127.10135510457651,37.6803749950751],[127.0993502997465,37.6799840043007],[127.0944013046955,37.6811220031627],[127.095768803328,37.6846682996164],[127.09430160209939,37.6853147005119],[127.0963485995846,37.6861943027131],[127.09430160141109,37.6853147029125],[127.0916300968401,37.6872781028993],[127.0876939981801,37.6860608025354],[127.0844733014008,37.687059601536596],[127.0850667006414,37.689014401736195],[127.084473300065,37.6870596024461],[127.0816228017989,37.688001901727404],[127.08140589758189,37.688686401893605],[127.0798402985857,37.6884282022994],[127.0758051000353,37.6854930050817],[127.07402930181111,37.685366205208496],[127.0707867050537,37.6872543033204],[127.0706118026707,37.6903870036989],[127.0680054008501,37.689093604955296],[127.0635903041739,37.6914701031819],[127.063633204131,37.694891499760494],[127.065913201851,37.7008708937811],[127.0722018007426,37.701476893043],[127.0741313041436,37.7002269976829],[127.0722018024821,37.701476901143906],[127.0689226030283,37.7062304064381],[127.0644511010389,37.706344209038996],[127.0608438046462,37.7130400023432],[127.061541299957,37.7183148991786],[127.0639309018305,37.7192904965402],[127.0663558021966,37.721914596977],[127.0630081994678,37.719712702493105],[127.0612473003933,37.72115780017],[127.0615346008899,37.7238158984165],[127.0650163001979,37.7266229986357],[127.0683595993426,37.7259967963634],[127.0671526002893,37.7264231015418],[127.0667507006912,37.7286480993168],[127.06927229863179,37.7287202992154],[127.06985419905729,37.727591599364594],[127.0701425015358,37.729055700624706],[127.0635692029755,37.7298299020003],[127.0637159028288,37.7328997989304],[127.0650385017871,37.735713499796006],[127.0669031016389,37.735900799611606],[127.06821640070909,37.7373092990539],[127.066501000031,37.7369327002014],[127.0654036004517,37.7375636002767],[127.0649865014708,37.73893180234111],[127.0626602037971,37.7404266008463],[127.0628389036184,37.7427431985297],[127.0655219010708,37.7451688980508],[127.0686031002089,37.746120499118504],[127.06897280029139,37.7452907999069],[127.0686243006399,37.746163599034105],[127.0693813998828,37.746903098294595],[127.0708343003523,37.7463551965996],[127.0729755037659,37.7468600988057],[127.0738026035496,37.7488260981605],[127.0759017998092,37.7505688997486],[127.0809671006935,37.7505922997102],[127.0829983995878,37.7522562988979],[127.0859081006897,37.749171400052305],[127.08362480122119,37.7524281031027],[127.08387970096629,37.754561600969204],[127.08252060232539,37.756446499084305],[127.0792116002458,37.7579385001732],[127.0787297998624,37.7572065000223],[127.0796454989915,37.7565775005385],[127.0786327994658,37.7556709007968],[127.0768612990218,37.7550019013615],[127.0749027998781,37.756280900435],[127.07335689938799,37.7550453998589],[127.0740803996413,37.7542100003101],[127.0724695005085,37.753343000963],[127.070771800179,37.7549873002279],[127.0690567998906,37.7554191001973],[127.0682890999055,37.754236600599896],[127.06809359994699,37.7547929000944],[127.06818059937011,37.753944400368],[127.0670823004684,37.753750700561696],[127.0668814001551,37.75450050005],[127.06672349986289,37.753914900489],[127.06525329981409,37.754950500304396],[127.0633354968136,37.7518003023678],[127.0610455991035,37.7518182023499],[127.05932610023281,37.7535050007682],[127.0598643994361,37.7534096998362],[127.0587367999632,37.752918600529505],[127.05833990014769,37.7512325018094],[127.0573629011247,37.751248801793096],[127.0564171016901,37.752219301612],[127.05304690278909,37.752989301525304],[127.0499675027763,37.756567702976895],[127.0495540027686,37.7654856960559],[127.05219100367319,37.7655719965234],[127.0526813007348,37.766221700322305],[127.05219100023949,37.7655720008579],[127.0516312007993,37.7662715001584],[127.0523976015332,37.7714431974554],[127.05465120054849,37.7714175977805],[127.0548211012748,37.7733498003251],[127.053390000008,37.774488602297396],[127.0524455007567,37.7773337999787],[127.05285810097669,37.778593900110494],[127.0508960007209,37.778145700784506],[127.050227602879,37.780370701835096],[127.0485318988049,37.780939401272],[127.0459231008317,37.7795016022339],[127.04599670012371,37.7831562002314],[127.0431680985905,37.7796280013383],[127.0414449003137,37.7787571022092],[127.0404208013378,37.7797852011811],[127.0388698008345,37.779054702535205],[127.0377331969113,37.7798303014581],[127.0359640989495,37.7740097014689],[127.0335242988474,37.7717554011363],[127.0359442995473,37.771803399572704],[127.0375417985472,37.768961400021],[127.03511519878111,37.766773100729104],[127.0348895990067,37.764213503288694],[127.03232439774129,37.7613223012858],[127.0272175986471,37.7612155999542],[127.0290104977845,37.759732800743805],[127.0300993983186,37.7568267997492],[127.0285469994142,37.7555992995194],[127.02981429914699,37.755372399284],[127.0296085995694,37.7543376996239],[127.0328513996506,37.751555599799005],[127.0328166997781,37.7499273010379],[127.0310778998048,37.748141601096194],[127.0291421991838,37.748977700883295],[127.02861469971131,37.7484441014169],[127.02799569931271,37.7497768011027],[127.0289219994702,37.7476168997731],[127.0270191997092,37.746150199789504],[127.0279184992215,37.7464377993794],[127.0278924992475,37.7453856004316],[127.026939099813,37.7447587009216],[127.0261839993428,37.745258800182],[127.0250406997,37.7432065002214],[127.0241814987335,37.7430986991073],[127.0270788001517,37.7411052974803],[127.02788149851591,37.738365798189896],[127.0300936963037,37.7367893997663],[127.0273282952432,37.7329581993765],[127.03136789561691,37.73345959774171],[127.0318075951772,37.7300356011657],[127.0278922978986,37.7267763002601],[127.025858699486,37.7266933000099],[127.0281931988741,37.7249868990262],[127.02807159899571,37.7199034041097],[127.0256862965317,37.721064502417],[127.0281111951456,37.719753098312495],[127.0286371946196,37.7110439070217],[127.0275184957383,37.7107157073499],[127.027222896318,37.703765599148],[127.02624419527389,37.7000648958208],[127.02943279338379,37.695980397636106],[127.02393459585271,37.691806300060605],[127.0235951970859,37.688552200207],[127.0210846915334,37.6860467971105],[127.02192239017509,37.6766169025834],[127.01415159794591,37.674835304365],[127.0052181053858,37.674056805548304],[127.0033571049636,37.677774902844305],[127.0023976924348,37.6772630968729],[127.0028542919782,37.6754092987267],[127.0005826942498,37.671500002636],[126.9988631951319,37.665643605210704],[126.99950249460251,37.658026303748706],[126.9973685930284,37.6542273010582],[126.99687689352011,37.650178505107],[127.0011081922179,37.6426454058667],[126.9941274954665,37.640789999843804],[127.0004801916654,37.63362729854],[126.9948156973299,37.6298506023167],[126.9842424986484,37.626715009303595],[126.98129519581961,37.6215203958762],[126.9840895982451,37.6164878005354],[126.98212699939441,37.612808100855105],[126.9807467996893,37.6119055997112],[126.9821269986252,37.6128080990417],[126.98534309540909,37.611788200061596],[126.9853146933047,37.6071437019651],[126.9861328952666,37.6059247958398],[126.9858843955151,37.5980129037517],[126.9767603990073,37.5976038028124],[126.97510749775819,37.5957290006002],[126.9759347978015,37.5919704010962],[126.97458519915111,37.5905088025578],[126.96985740387889,37.5909129021537],[126.9701006006201,37.594857102026396],[126.96916860031341,37.5947819009965],[126.96855430053529,37.595964901239896],[126.96809039963179,37.5948448015727],[126.9658831012685,37.5940320021235],[126.96481330205171,37.597316800537804],[126.9627015000379,37.5978304003792],[126.96152689987049,37.594003802612704],[126.9605455960121,37.5935663032587],[126.9603119989269,37.5915372012254],[126.9580486011903,37.5916169011457],[126.9558751006826,37.595897800927204],[126.9564958028139,37.5976116011711],[126.95377409994491,37.5969814039526],[126.951161002558,37.6004391004949],[126.9497509019581,37.6043532997529],[126.9502160005371,37.6053349007124],[126.946856400413,37.6036829017546],[126.9461107018446,37.6060651038163],[126.94440799916259,37.6047868037153],[126.9412271023435,37.6060236024785],[126.94126340172309,37.6106956993696],[126.9434319070172,37.6150201023162],[126.93978680045629,37.6132757033982],[126.9378827023604,37.6152800013939],[126.9364773996471,37.6154812024485],[126.9353337006355,37.6172728006254],[126.9367586047869,37.6201318985663],[126.94023420418,37.622570402746504],[126.9372496071646,37.6263437989731],[126.9339736027047,37.6264879005474],[126.93685930063229,37.627899500673195],[126.9340534997051,37.6282967005003],[126.9320863010034,37.6265531025183],[126.9313856017041,37.628822600248796],[126.9325374017355,37.6296370007625],[126.93158509948361,37.6300904000191],[126.9311441999245,37.62888440122509],[126.9299888010799,37.6295822005273],[126.9298563012124,37.6311630989464],[126.9330693019744,37.633471800152],[126.9349987001234,37.6336649000876],[126.9323793008993,37.6361562004992],[126.9329466004282,37.6368972004043],[126.9323338999872,37.6361892006381],[126.9319368000428,37.6368723003361],[126.9305005010129,37.636192600827],[126.9291983023151,37.6372512997683],[126.9298786022859,37.6388732986665],[126.9332088015646,37.6395333005301],[126.9298785989275,37.6388733023612],[126.9279379008682,37.6399921012424],[126.9253433030767,37.6397888012776],[126.9266933019252,37.6441977973977],[126.9281283004902,37.6441597974357],[126.92917099944749,37.6420603995351],[126.9314160003272,37.6422943003977],[126.9292899002772,37.6424284009273],[126.9292523002098,37.6441276002014],[126.9271585007101,37.644446800492],[126.92787040096721,37.6460282007107],[126.9254063005857,37.6459678006364],[126.9249270010005,37.648265499092304],[126.9255615007192,37.6487045002061],[126.924229900025,37.6484191001139],[126.9216421027712,37.6498875991158],[126.9236989014077,37.651523599254496],[126.9206403013339,37.652341900567],[126.922441901269,37.6538209982387],[126.92153279937409,37.6541917019547],[126.92080320010369,37.656103900042496],[126.91823690094489,37.6540684040339],[126.9143602976748,37.654331405501495],[126.9126827972483,37.653458705404],[126.9083756008808,37.6550068038689],[126.90515069986229,37.6537482041762],[126.9014926006012,37.6546837034948],[126.8998694022244,37.6582695999089],[126.9012801000698,37.659307599896195],[126.9011778000376,37.660157400079],[126.9002703004806,37.6593957006574],[126.8992690984816,37.660047201234605],[126.8982122997145,37.6582304022765],[126.8954591012192,37.6593401016547],[126.8938206999252,37.661242900481895],[126.89348589921221,37.6600160006299],[126.8922345990317,37.6596587994183],[126.89344149934149,37.6598606985009],[126.8937868989961,37.6570683012933],[126.8918365009465,37.6574759008857],[126.8919068995499,37.658150900364106],[126.8911937993021,37.657415299904095],[126.8914611985211,37.655903800580795],[126.8898520001303,37.654901601583],[126.885352899054,37.654246301956896],[126.8870140979285,37.6532850993086],[126.8844165991861,37.6510000997869],[126.8874590998234,37.648582099237],[126.8920457001589,37.6480647987221],[126.8928485004197,37.6472328983736],[126.89748179899969,37.6482294987414],[126.8970185994629,37.6465156004553],[126.8958450995232,37.645970999926],[126.89821169908801,37.6452886981125],[126.90392449971121,37.6487213989527],[126.9046117992651,37.6470270981836],[126.90588200123801,37.6486695977506],[126.9078776993877,37.6480748984053],[126.9079006993762,37.6465409998076],[126.9115921956832,37.643608599679],[126.90991839728899,37.638167002521904],[126.90627568923459,37.63263159520201],[126.9080244984834,37.6338227986291],[126.9113856978878,37.633221495893196],[126.9127508000751,37.6343318985675],[126.9148604979654,37.6342176986817],[126.91370999845219,37.6296804007576],[126.91260769881039,37.628436301127195],[126.9111420981314,37.6286146005001],[126.9126076982753,37.6284362998259],[126.91142389945911,37.626450001812195],[126.9100796990314,37.6259201022309],[126.90881209996071,37.626542902408296],[126.9071369933941,37.6248349014332],[126.90758929766889,37.6197773010664],[126.9068780992118,37.618433599950606],[126.9075458993591,37.6175141004829],[126.9060751997865,37.616737700465805],[126.9057484989841,37.615635499409805],[126.90704129887061,37.6154817996401],[126.9071328990497,37.614506000080596],[126.90620949971411,37.6144287999963],[126.9059541996711,37.613410200024596],[126.9093646994645,37.611191999937205],[126.90871419922921,37.610161999074606],[126.9100300998505,37.6111832993786],[126.9101771990331,37.609206300676696],[126.9087975999741,37.6076917991845],[126.9128742992495,37.6045020998326],[126.9124131993715,37.6034247001019],[126.9096501995006,37.6020244000134],[126.9096078996194,37.6009882003662],[126.9088193999542,37.601010200496496],[126.9079687998239,37.59936360060129],[126.9072854997759,37.599666500174095],[126.90831569975741,37.59882379989],[126.9080767995212,37.59696689976],[126.9088066995586,37.596430499853696],[126.9070006994138,37.5932504002073],[126.9075380994716,37.59185770055],[126.90655429992489,37.592148600022504],[126.9074050991265,37.5917095004149],[126.9062449993284,37.5905713995513],[126.9059995997571,37.5887516008464],[126.9032907003108,37.588414201195604],[126.9028322993484,37.587417598925505],[126.9042122979684,37.586591899751205],[126.9034394987412,37.5851564011867],[126.9021117994441,37.5846958000825],[126.90298589921531,37.5843472000068],[126.90209329823081,37.5832361995797],[126.89952409971869,37.5811712019536],[126.8975709007118,37.5826631011709],[126.89433310005519,37.582751700630105],[126.8956099992516,37.5808400007039],[126.8946148001077,37.5796248014814],[126.8881687008802,37.5831206022919],[126.8873865988254,37.5823483004312],[126.8883715985088,37.581892498532305],[126.887874599284,37.579824299255996],[126.8897703977704,37.578706799304896],[126.88822959827121,37.5758662982873],[126.89006909807091,37.5748933981366],[126.8919731000605,37.5752733977203],[126.89273799929559,37.5740943988993],[126.8934122002937,37.5754033988393],[126.894770499046,37.5733598980615],[126.8961649993033,37.5741406988884],[126.8973680002802,37.5720315989559],[126.89843549921271,37.5721682988192],[126.89883689881131,37.5707042002833],[126.8943427994737,37.5699727014487],[126.8939353990892,37.568130600388706],[126.8925468004778,37.5679579005614],[126.8924254992444,37.5685242020839],[126.8917281991505,37.5679427013091],[126.8914613992449,37.5639102002376],[126.8895704994713,37.5627214001816],[126.8910529991906,37.5622324990301],[126.8910548999102,37.560899899328305],[126.8922047993679,37.5613121990698],[126.8932395989432,37.5606945994129],[126.8925302997158,37.5586226008055],[126.88945499943169,37.5589137999633],[126.8925303010636,37.5586225972156],[126.8942658005734,37.5565145984384],[126.8933864006394,37.558899399192605],[126.8957237991776,37.5595676991553],[126.8946911999058,37.558067400028],[126.8959185989311,37.557265100056306],[126.8955286993531,37.556834700034],[126.89720099936119,37.5546694004913],[126.896207900137,37.5549919008786],[126.89566279869099,37.5543757001551],[126.8973703969834,37.5531942013366],[126.8930231986724,37.545138600905304],[126.8936476994504,37.5444049000641],[126.8930037997889,37.542668200970304],[126.8919310008617,37.543467400171096],[126.8926653001168,37.5439691001772],[126.8919309995612,37.543467400633],[126.89080530068689,37.5441698999305],[126.892288000103,37.5449829001132],[126.8908052995331,37.5441699004058],[126.88947019977131,37.545940001547905],[126.8886054999995,37.5449788004155],[126.8873033998914,37.5455077000596],[126.8872719998838,37.544560399440705],[126.88849569866011,37.544575099426005],[126.8886507987437,37.5439521995611],[126.8878630997434,37.5430398000988],[126.8896621991131,37.5412335995716],[126.88943639933889,37.540126900678295],[126.88839779836651,37.5401801016756],[126.889193598756,37.53911510077349],[126.8887421992074,37.5380024018862],[126.88731440063519,37.5377574021312],[126.8846896020747,37.5413416005141],[126.88307590117459,37.5422119006633],[126.8835366003408,37.543456700267],[126.8830758992722,37.5422119013024],[126.8812763010718,37.5427282007861],[126.8831001002243,37.544206099885294],[126.8821194018462,37.5458846009945],[126.88235560161,37.547817699061405],[126.8865603005676,37.5460096995796],[126.8831657009152,37.5478751999123],[126.8820485013364,37.5499050010797],[126.8811084998741,37.5487573995156],[126.8818671000615,37.549122199113796],[126.88217899940899,37.5479366001615],[126.8799327007954,37.547772701430105],[126.87800850138261,37.5503926006904],[126.87569600123871,37.5512844005507],[126.87569240041101,37.5520536008982],[126.87527499975,37.5507345014915],[126.87248000022049,37.5505800009039],[126.8720483997906,37.549488700923796],[126.8703010997264,37.5503014011569],[126.869578100045,37.5484975010807],[126.8687125006296,37.550214500342605],[126.8667218011385,37.5510034002649],[126.8668480002531,37.5535670005691],[126.8664779987585,37.5530290013194],[126.86353990169661,37.5538060005424],[126.86338560185091,37.555147399201005],[126.8647064005301,37.5557531985952],[126.8657668000431,37.5552285999679],[126.8638300003652,37.5584182002397],[126.86226760011519,37.5589185002303],[126.8628747012347,37.5601521015282],[126.86086439928219,37.560296201331006],[126.8593251999808,37.5589706015243],[126.8591158001902,37.560436200058696],[126.8583721999165,37.5595181006504],[126.8568391001739,37.56128790041301],[126.8567299998149,37.5628964006902],[126.8546793002304,37.5619027008707],[126.85368680021291,37.563029400664995],[126.8529440992133,37.562226901102],[126.8516993986097,37.562890200733996],[126.85424719963271,37.560706599394905],[126.8543074994739,37.559471100450104],[126.8536221991271,37.559629899909794],[126.8547274005824,37.5593260984824],[126.8554672004641,37.5609614992404],[126.85726199998801,37.5603663994807],[126.8574516996837,37.558782899688694],[126.85862549850991,37.558585599886],[126.85803199851709,37.5564910014168],[126.8588128990995,37.556096999452905],[126.8584933992959,37.555264799698804],[126.8597455996963,37.555624399589796],[126.8608125989477,37.553669100444104],[126.8598173993133,37.5503614993053],[126.86256439910599,37.548452300184],[126.86327379984681,37.5461124995618],[126.8645809004344,37.5456106994303],[126.86642330000649,37.5471303992355],[126.8678371998996,37.5456662988926],[126.868182099577,37.5440284994793],[126.86900779969561,37.5431570995594],[126.8693415999437,37.5437544993262],[126.8692984994049,37.5424442002723],[126.8724343000594,37.5416285996532],[126.8726361000475,37.5426961993331],[126.87441779868891,37.5422751993479],[126.87501469827059,37.5398827002157],[126.87587000026251,37.5393599998456],[126.8780190002293,37.5405406992596],[126.8782535001361,37.542903598209705],[126.8797433986462,37.541882999230296],[126.88047609914949,37.5400452995177],[126.8817325991241,37.539781599032196],[126.881819699037,37.538079000734804],[126.8811680995632,37.5375649998497],[126.8848479011109,37.5364954988607],[126.8866788994685,37.537089898321994],[126.8879084984024,37.535678999122],[126.88919360035909,37.5391150991641],[126.88996419958849,37.5390759992032],[126.8913186997719,37.536379100229695],[126.89117829851071,37.5315211998611],[126.88952280016619,37.5305860007963],[126.8870587999335,37.531546400597406],[126.88659560001531,37.530858200698795],[126.88499480069291,37.5318527013002],[126.882609900823,37.5318233004511],[126.87879360016319,37.535851000572],[126.8785429000376,37.5350373007451],[126.8765064998304,37.53553650043],[126.8763285998422,37.5346410008896],[126.8735659998972,37.5345083008772],[126.8754126994571,37.5328970994403],[126.8751120999854,37.531538400461805],[126.8729594999266,37.531372501385505],[126.87218999941881,37.5328400006271],[126.87295949863719,37.5313725006496],[126.8707010999107,37.5305139010673],[126.8689930010869,37.5308584006557],[126.8682728018071,37.5320298994842],[126.86973860005631,37.533109600853706],[126.86726210033021,37.534730500453904],[126.8665328003415,37.5343158007095],[126.8664977003417,37.535027200473],[126.8642548014639,37.535172100564296],[126.8641757994272,37.5360996007884],[126.8593037002329,37.533176200976],[126.85904879927969,37.531787200930594],[126.8579569998231,37.531651700994395],[126.8546455997074,37.5280810006758],[126.8537734005796,37.5287555000013],[126.8539202011615,37.5298991001508],[126.85599380046979,37.5314209996433],[126.85474120043081,37.5341509002633],[126.8532151000539,37.5344277008152],[126.85043669958391,37.536725700608095],[126.84832710051971,37.5367250006618],[126.8463387001949,37.5381145003118],[126.8455000007386,37.5375548007321],[126.8467555005462,37.544188400576004],[126.8453126003725,37.5464983003027],[126.8394476006812,37.544409800519894],[126.83999250029129,37.5455086001852],[126.8393025004401,37.546272700022],[126.8416005005515,37.5487428002274],[126.83969920157,37.54952120008],[126.83979370109451,37.5519118005467],[126.8392232998773,37.5516770003718],[126.8390139005019,37.5526099003099],[126.8376923005304,37.5525742005044],[126.83687669926981,37.5542988000892],[126.8356100996994,37.552844900466994],[126.83499229972149,37.553161200208095],[126.8330236999516,37.5519542004392],[126.83324569982081,37.5514700003771],[126.8324900997312,37.55177890027],[126.8312676989107,37.548777300214894]]],[[[126.8496149996593,37.4807962000973],[126.8506902992138,37.4804894992095],[126.8504081996103,37.4795295992581],[126.8521751987986,37.477726300315304],[126.8519545997993,37.4764699998742],[126.85278439971681,37.4768566994887],[126.8526583996599,37.4756784992671],[126.8550887013032,37.4778304981048],[126.8622026989314,37.4771687976792],[126.8639708987295,37.4758467979676],[126.8630941995457,37.473817099802396],[126.86409999989279,37.4726655996465],[126.8649757996578,37.4732618994316],[126.86546779985851,37.472352699142405],[126.8674258990457,37.472791098851204],[126.8668697996147,37.4711529996264],[126.8680868004193,37.4715009997412],[126.8674259007983,37.4727910993061],[126.8708344998888,37.4716404996704],[126.8711464007799,37.473860598848],[126.8730382003748,37.4738937998954],[126.86990210108071,37.4744428007912],[126.87015770047779,37.4767708994171],[126.8725304000105,37.4757736996921],[126.87462170046881,37.4768360996251],[126.8750424000481,37.4779008985603],[126.87658639878829,37.4780926981232],[126.87808149861269,37.4751117996316],[126.8825372995986,37.4761500967482],[126.8848771009928,37.4729459977436],[126.8863698011706,37.4770308980967],[126.8852902001776,37.4782194029941],[126.8823847010055,37.478970801635796],[126.8826300007602,37.4803400002666],[126.8809178011445,37.4818877006415],[126.8812481003761,37.4854844001039],[126.88107080005841,37.4842692011646],[126.8799515011777,37.4846159008179],[126.8800947003988,37.4867915002338],[126.8779532995566,37.4876663006145],[126.8768634000011,37.4875843001559],[126.8773710995039,37.48701340011],[126.87653040034459,37.4862361008873],[126.8756280990648,37.4866303999283],[126.875064498909,37.4851982003221],[126.87404529992821,37.485349300171],[126.8752852993201,37.485243698938795],[126.87592959867581,37.4833933007892],[126.8746242999811,37.4825089016736],[126.8752328970244,37.4803870011713],[126.8726215996357,37.477687503870804],[126.86885670174729,37.477759603448],[126.8677311999159,37.4809568033968],[126.8673308975836,37.477616601177495],[126.8643350002299,37.4781123006726],[126.8642067996321,37.4787754005226],[126.8605655999549,37.477657900581995],[126.85849970038839,37.4798461008624],[126.8586227017281,37.4807845038694],[126.85558090002591,37.4829311009453],[126.854716400029,37.4819191009489],[126.8532862996472,37.482207200245696],[126.85212199986259,37.480711400731295],[126.8517039002931,37.4813033010086],[126.85066159949609,37.4811422002848],[126.85069029901959,37.480489500553794],[126.8496149996593,37.4807962000973]]],[[[127.081493899832,37.7426602000435],[127.08623379956781,37.740353299913906],[127.0845323994278,37.7358739995976],[127.0849821003425,37.736759399196394],[127.0880995995039,37.7351553994178],[127.0883287992747,37.73412320045],[127.0876404992707,37.7340281992404],[127.08867139990049,37.733800799063495],[127.0892872000121,37.7325447994095],[127.0886714010405,37.7338007993193],[127.0891373005626,37.7343239007789],[127.0883288003365,37.7341232003755],[127.08761180127901,37.7364122004563],[127.0887443005771,37.7371664000791],[127.08821110070039,37.7377729003164],[127.088862700513,37.7386998002129],[127.0870641000691,37.737924401337395],[127.08614920047829,37.740091799950704],[127.08696020060789,37.7410562001647],[127.0859161009477,37.741872099665905],[127.086824800039,37.7423821991558],[127.08739890010969,37.7416542997222],[127.0870932003574,37.744156099676],[127.08787100008861,37.74418880064621],[127.0843760004297,37.7453937007104],[127.0828451990578,37.744637100087],[127.0832419995868,37.7429929000516],[127.081493899832,37.7426602000435]]],[[[127.2719691988178,37.6570902984882],[127.27158349940781,37.655105300430705],[127.2723654999518,37.6555240996283],[127.274668097686,37.654084000729796],[127.2723441994118,37.6535431988756],[127.2777160997616,37.653708495584],[127.278829698648,37.6521376971548],[127.2813403984738,37.6520482970886],[127.28207759773659,37.6508262983106],[127.28397390265971,37.651493199628],[127.28437890225469,37.6532683978528],[127.2877306003864,37.6539773992204],[127.286045501595,37.6538070007632],[127.2855028021377,37.654493800076395],[127.2869003007402,37.6562710982991],[127.2902400007077,37.6561399978058],[127.2928345987618,37.6545982990184],[127.29336429984609,37.6533915982697],[127.2964258994065,37.6520816984768],[127.2997795986357,37.6522892977846],[127.3013307970845,37.6514516986222],[127.3038950000728,37.6469306997087],[127.3051772001721,37.646962098558106],[127.3072557035474,37.6488414969467],[127.3141582037467,37.651575395333296],[127.319913897991,37.6497438971648],[127.32429430017591,37.6497443996882],[127.32550910064211,37.6504817000979],[127.3204384063801,37.6531498021139],[127.3188244091093,37.6570773012245],[127.3149374058687,37.6603206045459],[127.3133386976139,37.6553731042775],[127.3120574988951,37.6547773048733],[127.3074442005812,37.6570446026899],[127.3073682002771,37.6597154003815],[127.3053572997601,37.659226401325604],[127.3035618993787,37.660086300677506],[127.30320689869251,37.6578885011469],[127.3010407005286,37.658051600684104],[127.3001019003011,37.6571830010189],[127.2991448992822,37.659324302753305],[127.2960069021533,37.6590858032487],[127.2952681028921,37.6628578994766],[127.2979782010448,37.6634332004172],[127.2908773993322,37.6661449005397],[127.28816090221619,37.6631445032355],[127.286312895299,37.664578406829804],[127.2850093955092,37.6629695027475],[127.28155329896529,37.662683203033794],[127.28022859970591,37.665181600816595],[127.2768753977452,37.659155403314706],[127.2738188990484,37.6599915021912],[127.2719691988178,37.6570902984882]]],[[[127.1638197990401,37.650015599965805],[127.16642439962429,37.649962099557904],[127.1681652000498,37.6481506999435],[127.168366199951,37.649076800624],[127.1675723003086,37.6484114001655],[127.1664244013039,37.649962099088604],[127.16768680063039,37.653047696653104],[127.16988619843099,37.6527651969356],[127.1714690968481,37.651451698249105],[127.1708299995041,37.648645099777504],[127.17453820038921,37.6470576968271],[127.17782439864611,37.647388794178305],[127.18090910023939,37.6495242939227],[127.1817568021725,37.6493548974529],[127.18634329789751,37.6475724994511],[127.18515169866811,37.6436789949777],[127.1870785022564,37.6476324981182],[127.18986130083191,37.649512299404996],[127.1901046024715,37.6511792029371],[127.1878973977897,37.651835004999896],[127.18465980094551,37.6553102014961],[127.1842009008509,37.6575568004113],[127.1828237005487,37.6574674005302],[127.1827467003626,37.65837690052],[127.181714800008,37.656770101049105],[127.1810632006596,37.6572807005385],[127.1820141004919,37.6584620002915],[127.1787979001716,37.658540100519204],[127.1779483010212,37.658953000106294],[127.1791439002561,37.6594775998768],[127.1783344003866,37.6602069004092],[127.1773220000699,37.658322700970096],[127.17591549999631,37.6577835012001],[127.1751675000093,37.6586112007084],[127.1747362999873,37.657635000559],[127.1719384977592,37.658878000122805],[127.170064399953,37.6540790012926],[127.16785039746121,37.6555216006049],[127.1664243985784,37.6499621012576],[127.1638197990401,37.650015599965805]]],[[[127.2232777963697,37.6486206001612],[127.2262058952623,37.6449731973074],[127.2294796973221,37.642476896480396],[127.230871600431,37.6430852986621],[127.2323211997842,37.6405483000022],[127.2341067998346,37.641668299342996],[127.2359191996221,37.6409683983619],[127.2366799005593,37.6422835991515],[127.239740699701,37.6393990935141],[127.24562640379041,37.638015495664],[127.24719570571621,37.6414816974064],[127.2450793028047,37.6455044001109],[127.2466913011927,37.6466978989174],[127.24813539997649,37.6459226995801],[127.24798950137411,37.647008800414305],[127.249365400187,37.6474734000991],[127.2485688009836,37.648303499269],[127.25031279923961,37.6482593993131],[127.2499214007195,37.6475595999726],[127.2502130017339,37.6492273018933],[127.2492482026987,37.652722698397895],[127.2529728001155,37.65331719978089],[127.2535932002108,37.6545153992174],[127.25400159794529,37.651331299789305],[127.2553776968598,37.6491998976067],[127.2580857001186,37.6492968895745],[127.262194104124,37.6526180958668],[127.2616481011908,37.656067198677505],[127.2640731013289,37.6549652005845],[127.2626957005169,37.6564034045592],[127.2600695014665,37.6552016016164],[127.25981260340001,37.6581058028568],[127.2569309030974,37.6588443046201],[127.2540984067358,37.6655242043366],[127.2500010987917,37.6668539024079],[127.24808680032619,37.668648000562996],[127.2461353009628,37.666123803279],[127.2403653015024,37.664766206628705],[127.2338138910565,37.664895300460095],[127.2316789956274,37.65916760103671],[127.2290825967619,37.657524001402],[127.2301006960207,37.653088503119],[127.2272063977444,37.6526432035202],[127.2266756984103,37.650543599506],[127.23033059984431,37.6517133975859],[127.2329767971981,37.6516124976868],[127.2337583964165,37.650276299023],[127.232877897297,37.647345701953604],[127.2301749,37.648018601280704],[127.2296209986485,37.6462493012738],[127.2262059000475,37.644973203451805],[127.2232777963697,37.6486206001612]]],[[[127.4867806955278,37.492041696419705],[127.4909404987242,37.4868805956432],[127.49427749969419,37.4856351992956],[127.4962684989755,37.486379099014],[127.49601599922799,37.4855229998701],[127.4971692003398,37.485020898589205],[127.498913200725,37.4858264992311],[127.5002759002969,37.4878705994327],[127.50134360027519,37.4877632994043],[127.50008430018269,37.4879556001157],[127.49995040047091,37.489100799900605],[127.5008756001469,37.490308898892],[127.5024119003394,37.490699799973605],[127.5015613009932,37.490758300516006],[127.501191900778,37.4923645005048],[127.50204400054079,37.493319500114],[127.5018145001046,37.4944772001123],[127.501111400532,37.4941531005233],[127.4997180016035,37.4966547002085],[127.4976757007319,37.4976196009741],[127.4975062002968,37.498461300216306],[127.49720829967839,37.4975903007146],[127.4950260991686,37.4984317036594],[127.493918798398,37.497504303370505],[127.49095220136459,37.4969281039467],[127.4898987978231,37.4976444055714],[127.4873550997822,37.496097600677],[127.4857921998456,37.4961998002075],[127.48622399934331,37.4955386001289],[127.4855557996181,37.4946769002262],[127.4863272991939,37.4938350996471],[127.48587769964351,37.492873200609],[127.4853844950994,37.493410896185],[127.4867806955278,37.492041696419705]]],[[[127.1061059982458,37.6626986972057],[127.1127792963452,37.6626370970165],[127.1154154992123,37.657885699722804],[127.1187954976309,37.6585963987252],[127.1196592006932,37.657184299139196],[127.1225373997007,37.657810899530205],[127.1250610003585,37.6590788994671],[127.122808001039,37.662136100006094],[127.1266007008315,37.6633419996985],[127.125456801429,37.6668272007558],[127.1272573015824,37.6678051011382],[127.1224579056985,37.6699877007048],[127.1197746101308,37.6750586023064],[127.11779969755881,37.675032004021205],[127.11291200105819,37.6774773022609],[127.1120977989712,37.6771763997432],[127.1124467987726,37.6746974017587],[127.10874770247169,37.6723322041239],[127.1068860963499,37.6730668967869],[127.11017489795661,37.6701085996863],[127.1106200975114,37.6686840011109],[127.10603999740489,37.6649005027556],[127.1061059982458,37.6626986972057]]],[[[127.1863990992186,37.7083684999102],[127.1866182996946,37.7075231994997],[127.18697590011689,37.7081179992098],[127.1886948994271,37.7073757001055],[127.1900889987206,37.7048841004689],[127.18937889715909,37.7021236017477],[127.1875770985338,37.7016086011664],[127.1883787995056,37.6999735993413],[127.190447099672,37.701678998995895],[127.192240399628,37.7000033999388],[127.1918742998997,37.6991303996716],[127.1934667008565,37.699791198737],[127.1938339002884,37.7008813989818],[127.19510059992001,37.6998332994906],[127.1948321003172,37.701647699091005],[127.19633570009151,37.6997692998969],[127.1970438001605,37.7007170001082],[127.1963227000729,37.7002311007975],[127.19547220092339,37.7011281999004],[127.1979989005529,37.7028768994974],[127.1973153010269,37.703494599626396],[127.19828640171801,37.7047580994138],[127.1971168008971,37.7049156003806],[127.19769650066871,37.706853800363795],[127.1959790017942,37.70806030016],[127.197588300171,37.70933750021],[127.1962141980116,37.709808200131],[127.1942678999579,37.7068011031381],[127.1915838987984,37.7086408039228],[127.18899909950281,37.707454401980506],[127.1877834007185,37.708530900904],[127.1857953991217,37.7088290004141],[127.1863990992186,37.7083684999102]]],[[[127.1968477998083,37.7195810001451],[127.1986805997317,37.7196324996317],[127.2004516992246,37.7182458999455],[127.199686300345,37.7176268987768],[127.20126929999871,37.7178641996785],[127.20151819956999,37.716716399408604],[127.2036683978032,37.7151808974001],[127.203592901332,37.7160503995389],[127.20566610092641,37.7167146996241],[127.2066419030015,37.7181766007516],[127.20721160127289,37.7211332999308],[127.2070743002107,37.7230842000381],[127.20615400050019,37.7237000001704],[127.2066599004783,37.7242507000668],[127.2028945977269,37.7241539010726],[127.2025762999787,37.7220540005318],[127.2014422996209,37.7227620002455],[127.1968477998083,37.7195810001451]]],[[[126.86538059761129,37.6525296998974],[126.8644269986579,37.6517144006253],[126.8652643991349,37.6511061000913],[126.86490069959541,37.6493280994005],[126.8680195997198,37.64811799806979],[126.871473398018,37.6480428985066],[126.8719756975157,37.6475378990116],[126.8706984987929,37.645211901337596],[126.8721417004148,37.6447607965743],[126.8763110000916,37.647237798843],[126.8784757001019,37.647397998426705],[126.8787663001159,37.6480635006008],[126.8782502000431,37.6474827004972],[126.8768753010267,37.647868300576896],[126.8772471006549,37.648681499763704],[126.8791550001602,37.6500801991121],[126.88066940047601,37.650024600353504],[126.8803733999868,37.6505504004659],[126.87915500065,37.6500802006917],[126.8795956009905,37.6536091005289],[126.8784340003664,37.6526161014621],[126.8770342017274,37.6542872014842],[126.8728524990523,37.6551587031755],[126.86538059761129,37.6525296998974]]],[[[127.1955551958912,37.631760798070204],[127.1967615999741,37.6323957964497],[127.2000476994432,37.6322312955798],[127.20174309774781,37.628561399249705],[127.2011359999984,37.6275419997473],[127.2017431001774,37.628561399427205],[127.20292440011531,37.6275288998649],[127.2035507006559,37.629264198628704],[127.2061719014552,37.6320054994014],[127.2078259002629,37.6313147996483],[127.20927320081489,37.6329515985702],[127.2108792999929,37.6319502999046],[127.2121194996405,37.6336063976828],[127.2143659046839,37.6324946939271],[127.2165419029955,37.635075497539],[127.21941410027999,37.635745097908],[127.2174341028017,37.636620799305106],[127.2175094039588,37.6420411002395],[127.2130457980306,37.6454216032568],[127.20836389380969,37.6416618032736],[127.20229189936,37.641831402003],[127.2008047995414,37.6433222011943],[127.19929849958099,37.6429464004392],[127.2012218009703,37.6396106967322],[127.2071749992683,37.6404273968341],[127.2076316988116,37.6384513988101],[127.20636020014331,37.6360064010499],[127.2028695993225,37.6347820015609],[127.19982760040561,37.6357359021985],[127.19699799914939,37.634676501055495],[127.1955551958912,37.631760798070204]]],[[[127.0468751996553,37.8194798996649],[127.0482473988826,37.8184561990736],[127.04922399973239,37.8134122987392],[127.0499616020158,37.8134479997243],[127.0501023018751,37.8163918967804],[127.0516139003635,37.8170105961617],[127.0528324991449,37.8132697999025],[127.0524438984697,37.8125235970447],[127.0540577990452,37.812704999892304],[127.0566180016945,37.8100409970316],[127.0583948011735,37.8113993988904],[127.0585399007571,37.8135093995893],[127.0594400024408,37.8136112978832],[127.0602153047759,37.8163281008913],[127.0652782005361,37.817761100691],[127.06311530130581,37.8201145990163],[127.0641366998215,37.821020502871406],[127.0613890999691,37.823865201332],[127.06029410106409,37.823210101987094],[127.0608789975604,37.825899503113696],[127.0588936971462,37.8229965016175],[127.0504757999827,37.8219426020246],[127.0468751996553,37.8194798996649]]],[[[127.1231315984731,37.4692890993801],[127.1245171995602,37.4692817991891],[127.12503009964361,37.4677484999372],[127.1238255999646,37.4671908995469],[127.1261627989829,37.467515299456004],[127.126381800253,37.4654374999045],[127.1270349006118,37.467124799027204],[127.12778300013049,37.466259799092306],[127.1292320012569,37.4673216990291],[127.128530300908,37.4679897004068],[127.12981870055,37.469300599895796],[127.1290344009596,37.4704798996579],[127.1317979006647,37.4697628989442],[127.1272182003307,37.471195200986294],[127.1267486003409,37.472802900690496],[127.1257667993489,37.4703150002191],[127.1245464005693,37.4700854004487],[127.1243933007483,37.4711213013654],[127.1231874995422,37.471521901370096],[127.1245463997023,37.4700853996368],[127.1245171997315,37.4692818004404],[127.1231315984731,37.4692890993801]]],[[[126.8228938000826,37.5628266998949],[126.82412549885089,37.562163700557896],[126.8237413000263,37.5601015998094],[126.8243467010823,37.5634228986334],[126.8257994996295,37.5642991977571],[126.8273841980448,37.5631273989289],[126.8268891997715,37.5599103002706],[126.8261204993468,37.5598661004815],[126.8267725011206,37.5589307990046],[126.8282572015288,37.5594811991775],[126.828060600539,37.561788900087],[126.83164930036719,37.5639918003982],[126.8309677005972,37.564055600427906],[126.82950000020989,37.5673400007789],[126.8280173984217,37.567533100728596],[126.826930099238,37.565306301515704],[126.8230401001671,37.5638052012393],[126.8228938000826,37.5628266998949]]],[[[126.87381089707159,37.415309298461395],[126.88163869808899,37.4112540953974],[126.88687939879989,37.4129794969685],[126.8911236987567,37.411705399363804],[126.89274490061909,37.409799799515405],[126.8914945032966,37.4160568005897],[126.8930872004692,37.4205719998656],[126.8922352011736,37.4209040000025],[126.8921274004176,37.422136700542104],[126.88704080207499,37.4215190031337],[126.88565130346451,37.422809401843296],[126.88505740035919,37.425462003256804],[126.8848896990734,37.4242961999297],[126.882817000995,37.423478600718404],[126.8811330999939,37.4267010007139],[126.877622003505,37.42379120362369],[126.87498929664329,37.422662504438804],[126.87762199887901,37.4237911970206],[126.8805033959976,37.4215000993117],[126.8784202980807,37.4189413018705],[126.8747347962834,37.417480701414895],[126.87381089707159,37.415309298461395]]],[[[127.1065635995776,37.395715700340396],[127.1090838973991,37.394889900003704],[127.1096703987516,37.3912801985473],[127.1129853999917,37.391129799177],[127.11498470098029,37.3968408000037],[127.11423850004739,37.396324300525],[127.11295590133,37.3971577996915],[127.11463430017871,37.3976596000007],[127.1131211003579,37.3986271006673],[127.1103486008593,37.3977423003641],[127.10968789999829,37.3986624004538],[127.1094489984298,37.3963493020743],[127.1070945002878,37.396586301477605],[127.1065635995776,37.395715700340396]]],[[[126.8371120994351,37.654299299653196],[126.8373898997921,37.6531715997579],[126.8396297995872,37.6523985995454],[126.84078619843079,37.6506116013324],[126.8399478992735,37.650401297694096],[126.8417261993777,37.6496666985192],[126.8452222032017,37.6504613994805],[126.84557000285389,37.652249997691904],[126.84776940684931,37.6534912010834],[126.8448115008818,37.657104700267496],[126.8452659006239,37.65755450072071],[126.8443916999538,37.6561223008993],[126.84363009955109,37.6573816004709],[126.8412340003247,37.655782901063],[126.8408911987631,37.6565987006118],[126.8396228994216,37.6550850012458],[126.8378492995836,37.6556080003429],[126.8371120994351,37.654299299653196]]],[[[126.8332527992733,37.558970700069004],[126.8351537978546,37.557196900227],[126.8353014002714,37.5580785990887],[126.8371053984674,37.5574231997441],[126.8364662999174,37.5554439997429],[126.83779180032171,37.5571526995336],[126.83940559957031,37.5572477996605],[126.839465500092,37.5563793997031],[126.83936540051991,37.5569584996456],[126.8420937013185,37.558119500125095],[126.8403876008274,37.558527100866],[126.8399323009118,37.5605783002468],[126.83896080026939,37.560778900829604],[126.838114999165,37.5607803001422],[126.8378975993824,37.559894901027604],[126.8367745990693,37.5605112004587],[126.8332527992733,37.558970700069004]]],[[[127.1059545998287,37.367822498892004],[127.1060688004967,37.368425999398596],[127.1078039990977,37.3684237994019],[127.1078497990581,37.3667270005418],[127.1071921993809,37.3665422995672],[127.1084130007413,37.3661044995845],[127.1083296008228,37.368263999260705],[127.1096085995624,37.368431899447394],[127.1099114002114,37.3672946996895],[127.1099373002677,37.3697042003975],[127.1080429004458,37.3686783018744],[127.1070606994851,37.3700518008758],[127.10707679895471,37.3686454008314],[127.1057961987118,37.3686427999798],[127.1059545998287,37.367822498892004]]],[[[127.0488319991212,37.4535860010256],[127.0506224966489,37.4526110992051],[127.0507749959585,37.451406397441204],[127.0525457949028,37.449517296588894],[127.0524027950458,37.442221103885096],[127.0499354996556,37.4404895998449],[127.0524027988333,37.442221096891195],[127.0532782048513,37.441555196205],[127.0575137010209,37.443128194934395],[127.0619481004086,37.439167198167],[127.06332880810889,37.4427551006878],[127.060989703758,37.4436515036503],[127.06026350448421,37.4460724012294],[127.06408670132211,37.4480195021826],[127.0584834041438,37.4519174007154],[127.0606023020196,37.4546071012269],[127.05870660053259,37.452890002968],[127.0570736990373,37.452615702112304],[127.0540936001992,37.455072800387505],[127.0531900000247,37.4543928011888],[127.0517094998107,37.455587100415606],[127.0498254005408,37.4555425009391],[127.0498677998788,37.4542497012041],[127.0488319991212,37.4535860010256]]],[[[126.8308340993147,37.634836399533796],[126.8307399992136,37.6335084002102],[126.83162609910309,37.6333302001169],[126.832092100585,37.632067999819995],[126.8341063003383,37.6331906999503],[126.8349389003911,37.635199200419],[126.8337038008015,37.635408500544195],[126.833646100529,37.636682699996804],[126.8321729996929,37.6366180001073],[126.8308340993147,37.634836399533796]]],[[[127.13847289550979,37.460086699383],[127.1412048034204,37.460779794971195],[127.1395162017974,37.4616831998214],[127.1408859005502,37.4629092987252],[127.1426721012125,37.462440699519505],[127.1431159007041,37.4631791010508],[127.1419248004928,37.4637553996253],[127.14242920076569,37.4651308001729],[127.1408337996527,37.4634552008555],[127.1387779995874,37.4642633009765],[127.137979699406,37.463504801390805],[127.137426799429,37.462773299281004],[127.1394109990802,37.4617394001441],[127.13847289550979,37.460086699383]]],[[[126.83654349848081,37.4852327987414],[126.83852780026949,37.4850846995517],[126.8389659998313,37.4857888988475],[126.840220699362,37.4843652976116],[126.8395918018,37.4860827012211],[126.84085320042969,37.488032700449],[126.8367914999361,37.4883140008533],[126.8378882991679,37.4877555994775],[126.8377497993064,37.4869375002956],[126.8364504996978,37.486922299950706],[126.8379998991933,37.4858750001583],[126.83654349848081,37.4852327987414]]],[[[127.12520379835429,37.449236500015],[127.12647779972231,37.4484788000228],[127.1263935991506,37.446017400121],[127.1283936002954,37.4472089986965],[127.1278542008718,37.4488702001996],[127.1269981003765,37.4479235009467],[127.12742280009441,37.450420300027396],[127.1262959002112,37.4505733008766],[127.12520379835429,37.449236500015]]],[[[126.9894955997782,37.4256246998981],[126.99074809899811,37.425769300039896],[126.9910195000864,37.4247279997899],[126.9931794998404,37.424927699447395],[126.992876700469,37.4283364997378],[126.99346630021009,37.429277800351],[126.9916956998552,37.4289979009234],[126.9918855994477,37.428357599801295],[126.9894955997782,37.4256246998981]]],[[[127.1511587985961,37.4945425997439],[127.1513329999309,37.493424299921],[127.15249749960729,37.4937465994555],[127.15283360025009,37.4931751994539],[127.1548102008626,37.4938743990555],[127.1551588004903,37.494748700235306],[127.15408740066289,37.4968682000527],[127.1524774990079,37.4970089005882],[127.151657599696,37.496953600335296],[127.15260039882949,37.495827600122496],[127.1519022995276,37.4949705009796],[127.1509889994825,37.4958917003205],[127.1511587985961,37.4945425997439]]],[[[126.7993121991632,37.561910999862704],[126.8010114996781,37.5612596999915],[126.801748800025,37.560033599349694],[126.8028582001735,37.560295999992],[126.8013669007686,37.5611825998565],[126.802694500429,37.5623733001662],[126.7993121991632,37.561910999862704]]],[[[127.1519947986763,37.5546649998007],[127.15421190062041,37.552902598921],[127.1543100009845,37.553813999595],[127.1563247000973,37.5542456990255],[127.15692080166859,37.5552397005347],[127.1554183000316,37.556926900370904],[127.1553555992533,37.5561909004568],[127.1519947986763,37.5546649998007]]],[[[127.50822509823061,37.814282801515],[127.513722201224,37.8105637966694],[127.5132066008908,37.8148629999388],[127.5147669006308,37.815073400379006],[127.513206600447,37.8148630005372],[127.5127180014278,37.8167849000666],[127.5078905004249,37.8160019009618],[127.507101099956,37.8168492003252],[127.50822509823061,37.814282801515]]],[[[127.3735489978579,37.6802117002387],[127.3750897986222,37.6803418988244],[127.3765020975513,37.6791504993466],[127.3759394993381,37.6775125992102],[127.378001400917,37.6805163973586],[127.38055960220039,37.6812252912947],[127.3806493073907,37.6820846995953],[127.3789465003106,37.6816873013441],[127.3786091958723,37.6840235049743],[127.3774827958498,37.6816160020269],[127.3735489978579,37.6802117002387]]],[[[127.1268006997011,37.4402538010016],[127.127844199948,37.4389106993975],[127.1286274001503,37.4400057999253],[127.1268006997011,37.4402538010016]]],[[[126.9216726987113,37.4037876022685],[126.9230705987453,37.403286299314395],[126.92279189966811,37.4023903999396],[126.92376989918729,37.4011794994222],[126.9230800006924,37.4016400000398],[126.9247738003662,37.4017406997462],[126.9234068999222,37.4035323011756],[126.9216726987113,37.4037876022685]]],[[[126.822923698699,37.4930877996744],[126.8227741990242,37.4923384003708],[126.8235533998156,37.4926161995608],[126.8232347996272,37.491751299421196],[126.8238202000915,37.4919284984238],[126.82396470066361,37.4927545999406],[126.8253796014484,37.49306769816],[126.82517130058619,37.494203700246096],[126.822923698699,37.4930877996744]]],[[[127.4241313987769,37.735195400457],[127.4241197996982,37.7335803996751],[127.425151300214,37.7332312982599],[127.4273086002992,37.7355104005451],[127.4259878002068,37.7372206005504],[127.4241551998114,37.7360757003769],[127.4241313987769,37.735195400457]]],[[[126.8895924993177,37.4664170005173],[126.8905858993657,37.4666596989247],[126.8919992003914,37.4650176979046],[126.8933769009634,37.4662136995798],[126.8912102004642,37.4681349022592],[126.891467398621,37.4675478002735],[126.8895924993177,37.4664170005173]]],[[[127.0550718971791,37.8930768003364],[127.0549624999022,37.8911005988908],[127.0549946006599,37.8916756997498],[127.0586742003216,37.8917709984934],[127.0593777004431,37.8924516999839],[127.0576142998637,37.8925423018304],[127.0569122996031,37.8943974011378],[127.0550718971791,37.8930768003364]]],[[[126.8460146990323,37.4951476005156],[126.8491378011715,37.4963808998101],[126.8479719993229,37.4964023013451],[126.8460146990323,37.4951476005156]]],[[[127.0590728984075,37.844616201597496],[127.0605272981408,37.8432690975403],[127.0609465010232,37.8455183006823],[127.05953079875671,37.8455384012571],[127.0590728984075,37.844616201597496]]],[[[127.23357110043601,37.639398199301304],[127.2337509999678,37.6405463003674],[127.2331554997497,37.640215999904605],[127.23407429944871,37.6397259002809],[127.23357110043601,37.639398199301304]]],[[[127.1550342990182,37.650370800100895],[127.1554116992225,37.6492931988528],[127.1582147016197,37.650537099907304],[127.1570490005036,37.6512886027362],[127.1550342990182,37.650370800100895]]],[[[127.42816149953511,37.7365936993459],[127.42911800083,37.7352738972981],[127.4278539997668,37.737084700202594],[127.42816149953511,37.7365936993459]]],[[[127.1491904993118,37.4572376002061],[127.1504776997913,37.456199599288496],[127.1507889011433,37.4572217014801],[127.1491904993118,37.4572376002061]]],[[[126.8686085995716,37.6030171992581],[126.8694299013461,37.6028622995053],[126.8690857002602,37.6035319005836],[126.8686085995716,37.6030171992581]]],[[[127.1151767994846,37.6528077998699],[127.1155032008438,37.651723799095],[127.1164862007567,37.652325399788204],[127.1151767994846,37.6528077998699]]],[[[126.8034796995545,37.5618879994582],[126.8048992008323,37.561897299921995],[126.80410979979041,37.5622979008729],[126.8034796995545,37.5618879994582]]],[[[127.1651724989088,37.5567351998116],[127.1655572001831,37.5559787998856],[127.165570700558,37.5568593006449],[127.1651724989088,37.5567351998116]]],[[[127.3802395991784,37.6903204997827],[127.3811995013012,37.6899224976745],[127.3808442008276,37.690496805555995],[127.3802395991784,37.6903204997827]]],[[[126.8948605985338,37.4192650990043],[126.8953567005392,37.4197781023623],[126.8943336999677,37.4200117001046],[126.8948605985338,37.4192650990043]]],[[[126.9351977995295,37.5621651002492],[126.93513219997669,37.561858799931606],[126.9352901000984,37.562117900125095],[126.9351977995295,37.5621651002492]]],[[[127.1248384997425,37.6613864995902],[127.1251541994268,37.661056199920495],[127.1251120995199,37.6606687999894],[127.1253480001991,37.6605930999076],[127.1248384997425,37.6613864995902]]],[[[126.81132709933149,37.4864579991321],[126.8115172006729,37.485328199342],[126.8120076011462,37.4860316997109],[126.81132709933149,37.4864579991321]]],[[[127.0579828993636,37.9017670010956],[127.057331199341,37.9017789008565],[127.0567071994608,37.901814999993],[127.05733120000819,37.901778898816794],[127.0579828993636,37.9017670010956]]],[[[126.8357169997202,37.634247599709],[126.8356960999434,37.6341209996936],[126.8357245997889,37.6343380005533],[126.8357169997202,37.634247599709]]],[[[126.89320549980039,37.4558412001427],[126.89342050000961,37.4559052994293],[126.8934491003866,37.455913899839196],[126.8935179003178,37.455934399818695],[126.89320549980039,37.4558412001427]]],[[[127.1164119995544,37.3947922004611],[127.1166427003996,37.3948134999467],[127.1171013015442,37.3948219994073],[127.1166427001915,37.3948135012301],[127.1164119995544,37.3947922004611]]],[[[127.1840705988021,37.6165794998075],[127.18561730218491,37.6162535971934],[127.1854822985689,37.6165365018046],[127.1840705988021,37.6165794998075]]],[[[127.20723430002509,37.614939299906304],[127.20725520000421,37.6149469998986],[127.2074486039811,37.6146058957125],[127.20725520046891,37.6149470009918],[127.20723430002509,37.614939299906304]]],[[[126.8117343997777,37.5611855993301],[126.81222720049419,37.5609119994279],[126.8122158001195,37.5611331002848],[126.8117343997777,37.5611855993301]]],[[[126.8678613996314,37.5110726998659],[126.8680336998349,37.5108925994355],[126.8682644001882,37.5109925994871],[126.8678613996314,37.5110726998659]]],[[[126.97754909878161,37.610888600360305],[126.9776088001358,37.6107890988353],[126.97834760092951,37.6111018003699],[126.97754909878161,37.610888600360305]]],[[[126.9882738994034,37.4242120995715],[126.9892011007037,37.4239278999365],[126.9891963000157,37.4242861011326],[126.9882738994034,37.4242120995715]]],[[[126.9899559983468,37.4285660996829],[126.9900015009583,37.4286100994387],[126.9902348008177,37.428869300483704],[126.99000149929971,37.4286101006158],[126.9899559983468,37.4285660996829]]],[[[127.1235554999561,37.6578506999184],[127.12395880047539,37.6576704992562],[127.12395880012869,37.6576705005925],[127.1235554999561,37.6578506999184]]],[[[126.8651580995744,37.501423200057395],[126.8654161003746,37.501320899410004],[126.8651739002352,37.501485700278],[126.8651580995744,37.501423200057395]]],[[[126.9210508995948,37.591926200346904],[126.9211803999699,37.591887399594896],[126.9214016002461,37.591875799723],[126.921180400099,37.5918874004323],[126.9210508995948,37.591926200346904]]],[[[126.94773619813179,37.610189200431],[126.9480518050932,37.610129099257904],[126.94773620271289,37.6101892071471],[126.94773619813179,37.610189200431]]],[[[127.1199702992197,37.3948926991725],[127.12014539938829,37.394592998942],[127.1204312005547,37.394955500870005],[127.1199702992197,37.3948926991725]]],[[[127.1921002957019,37.6173290961179],[127.1923631015942,37.617277299508295],[127.1921002981212,37.6173291028714],[127.1921002957019,37.6173290961179]]],[[[126.8835375961901,37.4088698977816],[126.8835375997412,37.4088698973501],[126.8840714004447,37.409137000216504],[126.8835375961901,37.4088698977816]]],[[[126.97636029942609,37.4013025000608],[126.97661640008539,37.4013139988676],[126.97660620025361,37.4014500006494],[126.97636029942609,37.4013025000608]]],[[[127.10882309988729,37.350029701255],[127.10882310037469,37.3500296990677],[127.109013500717,37.350029699341],[127.10882309988729,37.350029701255]]],[[[126.8875796981689,37.5332888998237],[126.887675501901,37.533225898383996],[126.8876588005296,37.5334246011538],[126.8875796981689,37.5332888998237]]],[[[127.0162976005793,37.443363699680596],[127.01656040031651,37.443303999740294],[127.0159220990851,37.4433253004625],[127.0162976005793,37.443363699680596]]],[[[127.1169903994287,37.653735700208095],[127.1169903997867,37.6537356995989],[127.1171093004719,37.6537188997361],[127.1169903994287,37.653735700208095]]],[[[127.1966725987673,37.6171619024256],[127.1967503994611,37.6171417986264],[127.1969573006697,37.6170913998335],[127.1966725987673,37.6171619024256]]],[[[126.8103180986897,37.4854758995673],[126.8105454998024,37.4850140995432],[126.81031810034051,37.485475900114196],[126.8103180986897,37.4854758995673]]],[[[126.8128106998163,37.631237599904],[126.8128107005889,37.6312375998565],[126.812810699896,37.631237600892],[126.8128106998163,37.631237599904]]],[[[126.8658668998359,37.5571790999593],[126.86576910004389,37.5570392996797],[126.8658669007189,37.5571790995851],[126.8658668998359,37.5571790999593]]],[[[127.0478903999719,37.7387261000094],[127.0478904000581,37.7387260998865],[127.04791769996,37.7388025000786],[127.0478903999719,37.7387261000094]]],[[[127.0538002990405,37.475892700349],[127.0538002991715,37.475892699501],[127.05380030024901,37.475892699623905],[127.0538002990405,37.475892700349]]],[[[126.9149079995197,37.4797508993182],[126.91499080061149,37.4797585996988],[126.9149079996177,37.4797509005608],[126.9149079995197,37.4797508993182]]],[[[126.9206010998216,37.595595599503206],[126.9209046001024,37.5954974999345],[126.9206011001737,37.5955956002149],[126.9206010998216,37.595595599503206]]],[[[126.9314492992773,37.4692823000371],[126.93144929997139,37.4692822989985],[126.93154870012319,37.4692986000264],[126.9314492992773,37.4692823000371]]],[[[127.11910589933309,37.3953445001832],[127.1191059006767,37.3953444998042],[127.11917030038359,37.395391400494304],[127.11910589933309,37.3953445001832]]],[[[127.1208583997743,37.3949576000188],[127.1208353997973,37.3949536000228],[127.1208584005097,37.3949575996605],[127.1208584001275,37.3949576008679],[127.1208583997743,37.3949576000188]]],[[[126.84499649896469,37.4948542004111],[126.8449964992371,37.4948541988147],[126.84499650060559,37.4948541991236],[126.84499649896469,37.4948542004111]]],[[[126.8651780992219,37.5589091006708],[126.86517810202419,37.5589091007874],[126.86517810022339,37.5589091022858],[126.8651780992219,37.5589091006708]]],[[[126.8699608996925,37.5136187002104],[126.8699609008402,37.5136186992598],[126.86996090026939,37.5136187003897],[126.8699608996925,37.5136187002104]]],[[[126.9434860996387,37.4930055003849],[126.9434861000047,37.493005499618],[126.9435361001043,37.4930035999552],[126.9434860996387,37.4930055003849]]],[[[126.9578834957586,37.4685551986163],[126.95788350072239,37.4685551992312],[126.9578835000457,37.4685552025951],[126.9578834957586,37.4685551986163]]],[[[127.0698144008048,37.726672200632805],[127.0698143991534,37.7266722001482],[127.0698144019503,37.7266721998945],[127.0698144008048,37.726672200632805]]],[[[127.08539659971659,37.7399394998265],[127.08539660040499,37.7399395003277],[127.08539659978429,37.7399395005318],[127.08539659971659,37.7399394998265]]],[[[127.1046383996078,37.4951138996726],[127.10470529998241,37.494969799885],[127.1046383998398,37.4951139003373],[127.1046383996078,37.4951138996726]]],[[[127.1379910991586,37.5827606991527],[127.13799110058359,37.5827606994629],[127.13799110017649,37.5827607003861],[127.1379910991586,37.5827606991527]]],[[[127.14253269771571,37.6594459008174],[127.1425327000959,37.6594458993548],[127.1425327002937,37.6594459002947],[127.14253269771571,37.6594459008174]]],[[[127.1599363993284,37.4515642999334],[127.15993640104821,37.4515642997062],[127.1599363995723,37.4515643005365],[127.1599363993284,37.4515642999334]]],[[[127.47520349916961,37.50584659997],[127.4752035006426,37.5058465983781],[127.4757385007433,37.506194900762395],[127.47520349916961,37.50584659997]]],[[[126.8806751998676,37.4886730995972],[126.8806752003031,37.4886731003693],[126.880675199899,37.4886731000294],[126.8806751998676,37.4886730995972]]],[[[126.9365399999104,37.5619297999108],[126.93654000011189,37.561929800038],[126.93653999999559,37.5619298001047],[126.9365399999104,37.5619297999108]]],[[[127.04671159981599,37.818918100106394],[127.0467115997639,37.818918099565394],[127.0467116001245,37.8189181000041],[127.04671159981599,37.818918100106394]]],[[[127.05269749980499,37.4799078998049],[127.05269750057029,37.4799078997497],[127.05269749987549,37.479907900271],[127.05269749980499,37.4799078998049]]],[[[127.1075719995823,37.4987044996655],[127.107572000231,37.4987045004113],[127.1075719995073,37.4987045003514],[127.1075719995823,37.4987044996655]]],[[[127.1140311995429,37.611282300338296],[127.1140311997551,37.6112822994552],[127.114031200718,37.6112822996699],[127.1140311995429,37.611282300338296]]],[[[127.1156894997506,37.6647879998471],[127.1156895005419,37.664787998982405],[127.11568950009931,37.664788000121],[127.1156894997506,37.6647879998471]]],[[[127.13668799870851,37.4650029991558],[127.1366879995614,37.4650029980191],[127.1366880006977,37.465002999892604],[127.13668799870851,37.4650029991558]]],[[[127.1522006990375,37.6285006999944],[127.152200700441,37.62850069905009],[127.1522007010211,37.6285006997092],[127.1522006990375,37.6285006999944]]],[[[126.83461679951101,37.5385487002143],[126.83461680027351,37.5385486995535],[126.8346168002665,37.5385487002718],[126.83461679951101,37.5385487002143]]],[[[126.8372264999011,37.555385300030494],[126.8372264998152,37.555385299434995],[126.8372265003155,37.5553852996353],[126.8372264999011,37.555385300030494]]],[[[126.8830317997281,37.5517224000627],[126.8830318001364,37.5517223995583],[126.8830318008221,37.551722401565605],[126.8830317997281,37.5517224000627]]],[[[126.8875509992922,37.477752700852],[126.887550999551,37.477752699871104],[126.8875510012804,37.477752699193005],[126.8875509992922,37.477752700852]]],[[[126.8953298999338,37.4189674999385],[126.89532990055649,37.4189674991115],[126.8953299000947,37.4189675001579],[126.8953298999338,37.4189674999385]]],[[[126.9241563995398,37.4005790999448],[126.9241563998127,37.4005790988962],[126.9241564007365,37.400579099756],[126.9241563995398,37.4005790999448]]],[[[126.9364287999387,37.5616077999214],[126.9364288001296,37.5616078001561],[126.9364288000135,37.561607800206595],[126.9364287999387,37.5616077999214]]],[[[126.9762364998616,37.402120600531504],[126.9762365000746,37.402120599750106],[126.9762365003602,37.402120600151406],[126.9762364998616,37.402120600531504]]],[[[127.0353944994932,37.769370599539904],[127.0353945006945,37.769370599611804],[127.0353945002592,37.769370600899],[127.0353944994932,37.769370599539904]]],[[[127.0871573999882,37.4961128998904],[127.08715740020699,37.4961128999607],[127.0871573999047,37.4961129003321],[127.0871573999882,37.4961128998904]]],[[[127.1140791997214,37.4827998004396],[127.1140791999813,37.4827997995177],[127.1140792003728,37.482799799648504],[127.1140791997214,37.4827998004396]]],[[[127.1320536996713,37.640917300016696],[127.1320537007856,37.6409172996199],[127.1320537000263,37.6409173002868],[127.1320536996713,37.640917300016696]]],[[[127.15887959947531,37.6083610004628],[127.15887960012181,37.6083610000067],[127.1588795998697,37.6083610006358],[127.15887959947531,37.6083610004628]]],[[[127.51131339970351,37.8175357003887],[127.51131340043291,37.8175356997964],[127.511313400356,37.8175357002541],[127.51131339970351,37.8175357003887]]],[[[126.8729097999253,37.4888422000071],[126.87290980005581,37.4888421993611],[126.8729098002276,37.4888421993896],[126.8729097999253,37.4888422000071]]],[[[126.8822595998431,37.501797100028895],[126.882259600132,37.5017970998831],[126.8822596000262,37.501797100092],[126.8822595998431,37.501797100028895]]],[[[126.9067487998435,37.5923605998283],[126.9067488002609,37.5923606000471],[126.9067487999899,37.5923606002777],[126.9067487998435,37.5923605998283]]],[[[126.9172191997898,37.5793003997361],[126.91721920050081,37.579300399729604],[126.9172191998754,37.5793004001732],[126.9172191997898,37.5793003997361]]],[[[126.9448001996939,37.469226000464396],[126.9448001998298,37.4692259993642],[126.9448002002341,37.4692260000801],[126.9448001996939,37.469226000464396]]],[[[127.0568520996516,37.9028479997949],[127.0568521004944,37.9028480000146],[127.0568520999818,37.902848000537],[127.0568520996516,37.9028479997949]]],[[[127.06231239991159,37.6560754999829],[127.06231240002569,37.6560755000033],[127.0623123999816,37.6560755000565],[127.06231239991159,37.6560754999829]]],[[[127.1570663992792,37.5853264008271],[127.1570664000648,37.5853263998219],[127.1570664009952,37.5853264007556],[127.1570663992792,37.5853264008271]]],[[[127.25329759993019,37.6532084998422],[127.2532976001903,37.6532085000538],[127.2532975999759,37.653208500118396],[127.25329759993019,37.6532084998422]]]]}}]}