{"type":"FeatureCollection","features":[{"type":"Feature","properties":{"interval":15,"stationId":"8761155422"},"geometry":{"type":"MultiPolygon","coordinates":[[[[126.8486876996999,37.4810609000857],[126.8523182997096,37.4749455993743],[126.85265840020449,37.4756784991121],[126.85349140057549,37.4750423996876],[126.8539820002953,37.477180698877],[126.8549575993197,37.4775433985143],[126.85639190083991,37.4759352987895],[126.85831449891731,37.4778423968824],[126.8632444978896,37.4765182983297],[126.86270039843369,37.4738144010336],[126.8610774000567,37.474521600326405],[126.8605983991623,37.4737183012356],[126.8614694993793,37.4709347994548],[126.86448309968,37.4717940992014],[126.86514249894391,37.4706699999605],[126.86416949942951,37.4695667998013],[126.8648840995967,37.468954599567205],[126.8648084994064,37.467374499821396],[126.8659305005449,37.4692935999575],[126.86717609946159,37.469630799532496],[126.8673129991535,37.4677112003875],[126.8665493991789,37.467219799667],[126.8685905997864,37.4659620998414],[126.869609801939,37.4683834992086],[126.8723608990489,37.4695110988002],[126.87313980093991,37.4681371995882],[126.8739390999133,37.4692955990093],[126.87449100015871,37.468678999842204],[126.87438860104861,37.470101099794704],[126.8767411005453,37.4709464990991],[126.8774348013588,37.4725627982923],[126.8766942014574,37.474743399967004],[126.87841350038609,37.4751435998907],[126.87787640070381,37.475777699603505],[126.8791349996473,37.4752478999404],[126.878762200566,37.4744442995607],[126.8796216006824,37.4786672970347],[126.88060320006079,37.4757834998624],[126.8842091015546,37.476713498402205],[126.8833477011749,37.476797001219396],[126.882246700685,37.4802989002795],[126.8809178014102,37.481887699724204],[126.8811659002069,37.484296700837604],[126.8799515002653,37.4846159012729],[126.8797409004759,37.4854725004163],[126.8775467984543,37.4828998002477],[126.8783995973333,37.4812207011735],[126.8757198000131,37.480097802296406],[126.87225730265371,37.48155830060681],[126.8718839017537,37.4824897014864],[126.8706040011022,37.4812076025825],[126.8677311999159,37.4809568033968],[126.8665690010781,37.4822479021057],[126.8664501998132,37.4841290006526],[126.8654770007658,37.4826791017024],[126.8632153971354,37.482807601846304],[126.860326800024,37.4805232041307],[126.8586227017281,37.4807845038694],[126.8572395031113,37.483398701255204],[126.85595639992219,37.4837718006704],[126.85558090002591,37.4829311009453],[126.8544766998563,37.4832451001976],[126.8523394996575,37.4814404008715],[126.8486876996999,37.4810609000857]]],[[[126.8827552991487,37.487279999683],[126.8844392985892,37.4850622995093],[126.8838953992192,37.4841407000895],[126.88689100028681,37.4819830992882],[126.88952770050311,37.482719799779595],[126.8893878007852,37.483926899048],[126.8915542005072,37.4837188001843],[126.8906588015907,37.4839998013049],[126.8916533000931,37.4896112008081],[126.88792889987221,37.4901993007486],[126.8867691002482,37.4892836007444],[126.8848083993983,37.4894922004823],[126.8827552991487,37.487279999683]]],[[[126.8359036993124,37.4856959001315],[126.83770609932631,37.4851823985602],[126.83814649888589,37.4837190000236],[126.8387972998474,37.4846363995881],[126.840220699362,37.4843652976116],[126.8397280016638,37.4866891006147],[126.8405172008746,37.4880250992787],[126.84149140085259,37.487796299039196],[126.84128290083099,37.4884816998588],[126.8396875001278,37.4879079002675],[126.8391892006378,37.4889284994643],[126.8398739003719,37.489609000731804],[126.838150801098,37.488721900919],[126.83772520010649,37.489481500435296],[126.8367914999361,37.4883140008533],[126.836427900198,37.4889473014141],[126.8356457997851,37.4884693002493],[126.8357298985709,37.487181200658],[126.8368073991509,37.4857400002376],[126.8359036993124,37.4856959001315]]],[[[126.8937614992241,37.4909435001974],[126.895303200974,37.490115099018496],[126.8983177996834,37.4902038994858],[126.8980640003994,37.49099489931319],[126.8995392006326,37.4917350998779],[126.89874740071251,37.4932156992482],[126.9002074006249,37.4944912003201],[126.89812639956699,37.494528400965],[126.8965430986191,37.4954801003152],[126.8946553995091,37.493350800285],[126.8950960995338,37.493732098902406],[126.89584029878961,37.4922390003955],[126.89339609998011,37.4919875005245],[126.8937614992241,37.4909435001974]]],[[[126.8895924993177,37.4664170005173],[126.8905858993657,37.4666596989247],[126.8919992003914,37.4650176979046],[126.8933769009634,37.4662136995798],[126.8912102004642,37.4681349022592],[126.891467398621,37.4675478002735],[126.8895924993177,37.4664170005173]]],[[[126.9086813991686,37.4996403997596],[126.9090784001185,37.500365598890504],[126.9101919990049,37.5001034991526],[126.9100420002117,37.499198298977504],[126.91168110042359,37.4996304000397],[126.9110751001899,37.500931900599895],[126.91019200043239,37.500103500855005],[126.9101677000433,37.5010707008233],[126.9086813991686,37.4996403997596]]],[[[126.8800041998069,37.5030330999745],[126.8825361002617,37.5049543007253],[126.88151159984069,37.5040771007151],[126.88110829947749,37.5040576010405],[126.8800041998069,37.5030330999745]]],[[[126.8232347996272,37.491751299421196],[126.82480800202,37.4916985995291],[126.82373600022869,37.4919509008037],[126.8232347996272,37.491751299421196]]],[[[126.89320549980039,37.4558412001427],[126.89342050000961,37.4559052994293],[126.8934491003866,37.455913899839196],[126.8935179003178,37.455934399818695],[126.89320549980039,37.4558412001427]]],[[[126.88503879948381,37.4772131008033],[126.88541980064939,37.4769782982328],[126.88541979987039,37.4769783012411],[126.88503879948381,37.4772131008033]]],[[[126.92030289932559,37.499921400019396],[126.920411500526,37.4999182999852],[126.9203028995243,37.4999214005125],[126.92030289932559,37.499921400019396]]],[[[126.8223052996394,37.4916921995654],[126.82230530055669,37.491692199480305],[126.8223053005115,37.491692200315306],[126.8223052996394,37.4916921995654]]],[[[126.882589999872,37.4815900000469],[126.88258999989819,37.4815899996934],[126.88259000024699,37.4815900000881],[126.882589999872,37.4815900000469]]]]}},{"type":"Feature","properties":{"interval":30,"stationId":"8761155422"},"geometry":{"type":"MultiPolygon","coordinates":[[[[126.80404089896301,37.4828956003484],[126.80900779979041,37.4850431989909],[126.81123059883551,37.483235998872196],[126.81193979933201,37.4843584988172],[126.8134845988684,37.4827750988188],[126.8145465993082,37.483353898875095],[126.8153450991964,37.4822994989131],[126.8164878992378,37.4829134989482],[126.8182962006409,37.482583999077704],[126.81900980032971,37.483659599815205],[126.82042659919641,37.4839723992285],[126.821053798841,37.4824221998756],[126.820331999823,37.4819106995418],[126.8210537999248,37.482422199619705],[126.821422500695,37.481850598630004],[126.8240437999228,37.482821799433104],[126.82410850021489,37.482308699764],[126.8262939999191,37.4840965995209],[126.82703189979169,37.4833196000354],[126.82601579921749,37.482564399854404],[126.8262461044855,37.4816247977032],[126.8270319042791,37.4833195965534],[126.8308722013314,37.484994699031404],[126.8315563010526,37.487700896849],[126.8332433993655,37.488281896268],[126.83430079830809,37.4878391967107],[126.83521609901389,37.4858273982165],[126.8350242992057,37.483974200069696],[126.83337889793209,37.482639797233205],[126.8358860958594,37.4821045974364],[126.8385784987245,37.4796243996228],[126.8383887987884,37.477405097782295],[126.84000399985749,37.474764298900894],[126.8449051970217,37.474417798859996],[126.8439718988571,37.4712914994435],[126.8472630971719,37.4686572989108],[126.847286699356,37.466342398182505],[126.84894540088371,37.467133496901404],[126.85068479914429,37.4661426978922],[126.8508314004908,37.4651109982781],[126.854367000232,37.4663501983935],[126.8580024965965,37.466071998671694],[126.8571386974603,37.4631825015612],[126.85600269681281,37.4629818992819],[126.85746249948559,37.4618039985834],[126.8587662995894,37.4623621980069],[126.85981799977401,37.460029198231204],[126.8615142005706,37.4602795994553],[126.8613877008679,37.462036098457496],[126.8666794003792,37.4639781954041],[126.8705347965238,37.4619579974243],[126.8699667970918,37.459503699878596],[126.8681537989048,37.4585362008461],[126.86990450138991,37.4572964982895],[126.8713812002114,37.4585145991028],[126.8720946991997,37.4577066978793],[126.87716520084,37.459352099888996],[126.8764956008658,37.4607354995276],[126.8777450003782,37.4621511992105],[126.87912829909591,37.460135499677],[126.8813310997424,37.4595561985596],[126.88207959963769,37.4607174992113],[126.8824305013405,37.4593976994682],[126.8825224003337,37.4609401993646],[126.8841907986653,37.4609881993166],[126.8854227988779,37.459442299777],[126.8846649995148,37.4569367001999],[126.8851992995518,37.456379800120104],[126.8828883989661,37.4547552989644],[126.8846790971754,37.453726599993104],[126.88392779792669,37.451676802042904],[126.8820931993664,37.451954498959],[126.8866808988445,37.451332999063],[126.8859419999353,37.4499521995208],[126.888063700766,37.449632899347996],[126.8893192001681,37.450452899235],[126.8907739989385,37.4499103994447],[126.89079459969271,37.4477890994447],[126.89256279916819,37.449122797604495],[126.89342519830579,37.4488524978748],[126.89379429946649,37.4462993972245],[126.89465680053611,37.4484228988956],[126.8965097015047,37.448681799468204],[126.8975258003084,37.450073098683696],[126.89653200078779,37.4507757001747],[126.8966561006637,37.4530147979356],[126.89785039946939,37.453267397683],[126.8994822992657,37.450927599851],[126.8991808997881,37.4503511999452],[126.9000668997082,37.4505163996118],[126.8996287000022,37.4496044991768],[126.90255789997181,37.4498792995503],[126.9032797002084,37.4515040996013],[126.9046583001158,37.452545898891096],[126.9058227000934,37.4522911997788],[126.90536040044,37.4527571000303],[126.9061185007873,37.453342299791906],[126.9060551010786,37.454236400311096],[126.9051089009226,37.4541773001773],[126.9064043007062,37.4550676996057],[126.9058622007514,37.4551955004868],[126.90652930041091,37.4563105006443],[126.904646000636,37.4575421005588],[126.9039042006957,37.4614389000713],[126.9051685005446,37.4636271990342],[126.9064205003054,37.4640986998321],[126.906501700378,37.465565899526204],[126.9078365006202,37.467282001441],[126.9061577005663,37.4695952008055],[126.9042515006865,37.4690445013673],[126.9033264009299,37.4696887011781],[126.9038057004399,37.4711202005972],[126.9005809018516,37.4721792002523],[126.9006963017635,37.4730801998874],[126.8975892008759,37.4746373008162],[126.8985035005235,37.478940799730495],[126.8995699013123,37.4791341001198],[126.8986930006455,37.4800125998241],[126.90106199915759,37.4810355989963],[126.90151969949929,37.4801161992808],[126.9026451012835,37.4803160994711],[126.9047336010832,37.4826945000652],[126.90382120154699,37.4844477989477],[126.90778589991419,37.4859093989365],[126.90890879989391,37.4852886995553],[126.91046919947459,37.4857981989703],[126.9109573997995,37.484714099462295],[126.91474170061649,37.483779098867],[126.9174298002712,37.4878990990869],[126.91830830049881,37.488070099122],[126.91859150039731,37.489446899203294],[126.9215917996684,37.4893875991877],[126.92430999940841,37.4851606997482],[126.9233588999262,37.483257499478704],[126.9270607996832,37.4821045992048],[126.9267297997392,37.4805765994714],[126.9287602001055,37.4804972994352],[126.9310031991485,37.4765461997678],[126.9358212994624,37.475551399359],[126.9360326004973,37.476361199304996],[126.9377601999495,37.4765429994898],[126.9384027003761,37.477387999879596],[126.9370426002156,37.4777444001853],[126.9376923011357,37.4794041005696],[126.9358316009408,37.479356800841295],[126.93552689997959,37.4812885002247],[126.9349024997328,37.479926501047096],[126.93386220018289,37.480775200450694],[126.93297850021851,37.4799145012297],[126.9325022006948,37.48057940056481],[126.9325361012462,37.482467299639104],[126.93376360001871,37.48235119975519],[126.9348138006743,37.4842141997234],[126.93624010081251,37.4846008998666],[126.9360549004614,37.485734299742894],[126.9335982006302,37.4871671006684],[126.9336926002404,37.4900682998666],[126.9343485002599,37.4903521001996],[126.9321624006208,37.492059600674295],[126.9323840003992,37.4928703998635],[126.9353956999669,37.4928884999053],[126.935232300152,37.4941581997135],[126.9364076005037,37.494138999978695],[126.9378238008053,37.4956987991954],[126.9375215006612,37.4966016993177],[126.94041500058741,37.4988457990516],[126.9412808004229,37.498100699186004],[126.9411709003871,37.499057899254396],[126.9430767998588,37.4993309995261],[126.943154099699,37.498280499791],[126.9443039997535,37.497962099575204],[126.943890400779,37.498784099583304],[126.9454425001453,37.498277999319896],[126.9454106009414,37.499118999905804],[126.9467783003181,37.5000060990832],[126.9480174990789,37.4990935999957],[126.94926119980789,37.4954947993441],[126.9506747003542,37.4970963984107],[126.9522233988055,37.4961224993846],[126.9515373994915,37.494968400538696],[126.9508772991458,37.495122699672706],[126.95229539997379,37.4951589990483],[126.95416990016669,37.4916486987909],[126.9551177009829,37.492296098896595],[126.9563149002239,37.4915760996399],[126.9582104006264,37.494451999671],[126.9600417004377,37.495101400033704],[126.9591402004282,37.4949066006344],[126.9595984003145,37.4957011001165],[126.958759599449,37.4957993001344],[126.95863599957259,37.4949792009545],[126.95779140041721,37.4951528007809],[126.9578891001187,37.4960850000383],[126.9568797001009,37.496175800186805],[126.956498099954,37.494870100607],[126.95531600003889,37.495829400420995],[126.9548359998455,37.4949734005749],[126.9533337006789,37.4965239000486],[126.9555145997772,37.497978799070296],[126.955665899689,37.4965517996986],[126.95561010044901,37.4977701990521],[126.9573397000815,37.4974236000353],[126.9536195010797,37.499580601584604],[126.9536873010119,37.5026163985488],[126.95453910046571,37.5035814001313],[126.9543426008927,37.504641200006304],[126.9524407008746,37.505291401391496],[126.9522920006205,37.5076802005206],[126.951525299511,37.5080832009374],[126.9509759991894,37.506503101084206],[126.9481355006331,37.508352300602496],[126.948063299761,37.5077621006417],[126.9475852997537,37.5082603007312],[126.9461522005747,37.507394101268396],[126.9456155011114,37.5080978005647],[126.946336900172,37.5089974007839],[126.9456154997216,37.5080978006025],[126.9446975003075,37.5084446002058],[126.9447521003672,37.511489500064705],[126.9471748004012,37.5134809999118],[126.9459162988435,37.5143340011961],[126.943239299921,37.513091100578194],[126.9426760001494,37.513797100180795],[126.9383678999026,37.513334800029604],[126.93970079915469,37.513434099306295],[126.9394712993842,37.5121218006186],[126.9357671999891,37.511160600618396],[126.9360086992353,37.510434800309696],[126.9349292990908,37.509282399094396],[126.9360086998547,37.5104347988807],[126.937005398858,37.5096930996224],[126.936918799016,37.508398200468804],[126.93488139913869,37.5075916007852],[126.9341435993351,37.5063919009581],[126.9326200995783,37.507158501278106],[126.92939660085091,37.507035300770696],[126.9262572026647,37.5085224003864],[126.926591200446,37.5127055994245],[126.92936020047101,37.5131794996527],[126.92950990032129,37.5140636987685],[126.9306174006836,37.5131784983814],[126.9295099011698,37.5140636991421],[126.92913060213249,37.516966198034396],[126.9310701014741,37.5187224992231],[126.9292820991368,37.517614101275],[126.9275469997259,37.5183604015122],[126.92372449967601,37.5154560009395],[126.9189885013823,37.5171858005122],[126.9193731009977,37.5187733989246],[126.9236473013015,37.521297597113296],[126.9254527011164,37.520575598859004],[126.9247498014174,37.5219886990211],[126.9254970999991,37.522642201412],[126.9242100002382,37.5216517002687],[126.9234140997322,37.5227733003888],[126.92273539858779,37.5207199014443],[126.9209797990552,37.5194849018825],[126.919052899558,37.519719100783405],[126.9172840993872,37.518130902468805],[126.91533000007969,37.5201256007147],[126.91476299979189,37.51956410053219],[126.91255099983199,37.5204527002432],[126.9114636992889,37.517604800292],[126.9104898988721,37.517601800674804],[126.9101669991676,37.5157501014262],[126.9084875998681,37.5146486009657],[126.9076999992908,37.5152200011135],[126.90294730093359,37.5124200013209],[126.90261480036199,37.512911701265196],[126.8998511980728,37.5117881002285],[126.8981695986634,37.510137901377696],[126.8952072992324,37.5101719003896],[126.89494379897829,37.5087623011713],[126.8934365004856,37.508068901864696],[126.89281390074159,37.510100400369],[126.8937343002222,37.5117955000979],[126.8916177008307,37.511772701176],[126.89194830050009,37.5131855997631],[126.8951850998676,37.5137710993476],[126.896830799903,37.513203199825],[126.89683720119399,37.514393899691],[126.8992167997884,37.516850498680796],[126.90231850056861,37.5164104999647],[126.90146620003941,37.5179956002373],[126.90175019896229,37.517201200421],[126.89921680003691,37.5168505015808],[126.89850080009799,37.5187538008347],[126.8957949014483,37.5212640997932],[126.89723080090471,37.5232170994396],[126.89829909983641,37.523276099380595],[126.8992853003643,37.527141499892096],[126.89829310045171,37.5274354006334],[126.8981773005718,37.5289575001655],[126.8974887999487,37.5290615007126],[126.89696529990181,37.5280543009745],[126.8951932998453,37.5285705002463],[126.8933134994313,37.527057900133805],[126.8935813992244,37.5253661992362],[126.8959231982462,37.522585299058605],[126.8951862989559,37.520348901185],[126.89386399897309,37.520410901298604],[126.8934572989992,37.5193298013016],[126.8911115996784,37.5196208001328],[126.8937229995738,37.519154497685896],[126.8946446986521,37.517273699566694],[126.8938553993395,37.514963400987696],[126.892150200012,37.5162385003295],[126.8916290989726,37.5157429005014],[126.8924766990138,37.5143865009779],[126.89137099952791,37.510922700787404],[126.8892961006577,37.511331801222],[126.8881482992249,37.513143901004106],[126.88670170067151,37.5125383016097],[126.8862509006261,37.515815799653296],[126.88432860112141,37.5167281010212],[126.88449800017169,37.518073200670905],[126.8822530998484,37.519110600965796],[126.8831257988186,37.518125399652],[126.8810541981882,37.5156235015537],[126.8787980989231,37.5170210007641],[126.8810541983594,37.515623498462],[126.8798886993548,37.5128264010637],[126.878190898444,37.5124097016927],[126.8774153981365,37.5099030026502],[126.876105198392,37.5092578026596],[126.8740480992019,37.5115121017838],[126.87047599921179,37.5110838000404],[126.872086698785,37.5098081001952],[126.8716892981262,37.507550600258],[126.8731830982138,37.5064493003023],[126.8728440990944,37.502170500801995],[126.87088319949949,37.4980295009643],[126.869546700987,37.4996633996789],[126.8701863997522,37.5007625012629],[126.8684489998418,37.501243000729104],[126.8689776990811,37.500820600095],[126.8681351999236,37.500222600693],[126.8662193996506,37.500138700318104],[126.8661057989123,37.4988322992999],[126.8682662997706,37.498663999364396],[126.8676216998841,37.4969932997146],[126.8702568000631,37.4966232996725],[126.87084029937759,37.495037501207506],[126.8689640012539,37.495638000607],[126.8680644998231,37.4939199002808],[126.8661572986819,37.4928939018626],[126.861803099884,37.4937587005854],[126.8596138009151,37.4930528011124],[126.85862150129749,37.49430020077],[126.8590359008831,37.4954936995765],[126.85652250095569,37.4972942004351],[126.8567279997404,37.4983001004865],[126.8562099991054,37.4972830005572],[126.8550930995041,37.4972159001055],[126.8551636999195,37.4955175009613],[126.8534907001672,37.4942530021426],[126.8524369000081,37.4951367001426],[126.851866299679,37.494408800445605],[126.85315179925581,37.4942101990751],[126.8525512998563,37.4921162011691],[126.8495764001255,37.4904242009781],[126.8480224016795,37.4923974990048],[126.8498797009866,37.4937641993292],[126.85131510056429,37.493720599739504],[126.8507247995845,37.4954205007705],[126.84974110056821,37.495005201185805],[126.8491378004065,37.4963809008852],[126.84837100062,37.496415401330296],[126.8484854002282,37.4980506002052],[126.8471898995313,37.498095600911796],[126.8458387002786,37.496907401087995],[126.84311720007989,37.4985639004122],[126.84239080003191,37.497419801306904],[126.84204460016359,37.4986839012272],[126.84085930009981,37.4992760001978],[126.8386770995193,37.4984852005545],[126.8397540991833,37.4968785009386],[126.83875609988189,37.4967120010405],[126.8364370973726,37.498840003825],[126.8324128999267,37.4957346031692],[126.8304079997052,37.4980257004218],[126.8286305991152,37.4976228004365],[126.8291377987528,37.4963510001546],[126.82778909912571,37.4960067002605],[126.8283661993632,37.494585900295895],[126.8272003005291,37.4933251015567],[126.8239379998908,37.4928315003148],[126.8228619999548,37.491172500835],[126.8223053000697,37.491692200483705],[126.8190255008404,37.490030701197],[126.8197129992154,37.4915852010878],[126.81828970031029,37.4907563008693],[126.8178275007268,37.4915853008023],[126.8173593991265,37.491013001229405],[126.8160529991989,37.491706801183604],[126.81505409940439,37.490778700917296],[126.8151828994689,37.4896040010481],[126.8131537998511,37.488929301188605],[126.81263209981731,37.489993401233804],[126.80914389880219,37.4908990003489],[126.8059731995828,37.487369199861604],[126.8060095995133,37.485957400949],[126.80404089896301,37.4828956003484]]],[[[126.898226999117,37.431532600064195],[126.89862949765539,37.429681300016895],[126.90027289854021,37.429558998745996],[126.90070439971089,37.428134199427],[126.9027274999121,37.4291206991874],[126.90489219815001,37.428251600101206],[126.90185750021101,37.4274629007817],[126.901586998477,37.4267252988328],[126.9030686000601,37.427594899640404],[126.90368529944341,37.4269598002755],[126.9030843992408,37.4265608997432],[126.9052154003063,37.427104299232006],[126.9051319014928,37.4303834974314],[126.90552990109481,37.431136796678096],[126.9083356020845,37.4318542998584],[126.9073429036914,37.4339447991651],[126.90873160246899,37.4354291993483],[126.9066000010681,37.435149201723995],[126.9052300024381,37.4362045006687],[126.9060309005128,37.4393387000211],[126.9046384002307,37.4388441009479],[126.9035908007751,37.4411746001786],[126.902245899465,37.440676500756304],[126.901052298233,37.4400508995769],[126.90059859887019,37.438642599668704],[126.9010244989534,37.4369545004884],[126.9003296986148,37.4333912012317],[126.8996214981528,37.431837700714205],[126.898226999117,37.431532600064195]]],[[[126.7899227988771,37.4831171001768],[126.7936338991485,37.482925299353],[126.79331569901059,37.480859099959005],[126.7955252992705,37.4795790991218],[126.7955259000003,37.47859789948539],[126.7980215003725,37.4801303998723],[126.79620210185111,37.4807543001888],[126.7966675002584,37.4832552996301],[126.8015672002413,37.4827236006476],[126.7991638996115,37.485309501269796],[126.79598730275829,37.4853429013279],[126.79378150015249,37.487075500554205],[126.79120829956909,37.485618000989206],[126.7920136989803,37.4848900005582],[126.79081789914939,37.4847175009152],[126.7909455995752,37.4836137004979],[126.7901384001162,37.4838120004552],[126.7899227988771,37.4831171001768]]],[[[126.9043320966838,37.4203746030793],[126.9068119955285,37.4174074965768],[126.9063966983598,37.414087199359194],[126.9056194986982,37.4133796989583],[126.9069321998569,37.4130297990576],[126.9092701004063,37.4142632986782],[126.9105164997516,37.4133860988404],[126.9113493001194,37.41382869931],[126.9133495001658,37.4131805998],[126.9121225003902,37.4145964004206],[126.9124612001591,37.4157399995466],[126.9136918002353,37.4160195000584],[126.91323130019691,37.416938301175996],[126.9110216002377,37.4177347003981],[126.9108793001144,37.4186848001921],[126.9095354004602,37.417934200465595],[126.90696850057971,37.4197436008404],[126.9058141002802,37.422926700691],[126.90298139987681,37.4232893003929],[126.9043320966838,37.4203746030793]]],[[[126.9187725992584,37.405348800888795],[126.9203839996849,37.406056097725],[126.921672698958,37.4037875993312],[126.9230705987453,37.403286299314395],[126.92279189966811,37.4023903999396],[126.9242416995879,37.4010781995144],[126.92396909939339,37.399475299654796],[126.9247629997935,37.3985551993431],[126.925616500087,37.3999187993713],[126.9266714003531,37.3997691983864],[126.927433200534,37.4005953995348],[126.9261869992708,37.4028232063769],[126.9216727012888,37.4037876005326],[126.9223894004562,37.404572000537904],[126.9216726996852,37.4037876024344],[126.9203971006692,37.406163000441],[126.9187725992584,37.405348800888795]]],[[[126.862141698742,37.5112469993383],[126.862528900128,37.5105631997762],[126.8636121998302,37.5124707991138],[126.8639011997449,37.5118597985899],[126.86690130010369,37.512515199817805],[126.8676428008014,37.5146172015758],[126.8639802001388,37.5131515009192],[126.86273829961941,37.5143560006926],[126.8633995987578,37.5131278999681],[126.8627241994332,37.512052701043295],[126.8620038992091,37.512683300298896],[126.862141698742,37.5112469993383]]],[[[126.96776149935779,37.486800799430796],[126.9676351993092,37.4840294992922],[126.96915609924521,37.4829687997565],[126.9706107999404,37.483347699408306],[126.9709649003339,37.4824863993365],[126.9716957002006,37.4832562995838],[126.9727868004719,37.4829550995957],[126.9732997001412,37.4838460989339],[126.974503001204,37.4832175000748],[126.97234810076431,37.486442501495105],[126.9701692996532,37.4872498006903],[126.96776149935779,37.486800799430796]]],[[[126.9321513990945,37.4711851002565],[126.9337297999079,37.469944698993196],[126.9369063010002,37.4710923003475],[126.9334851000085,37.4741056007133],[126.9321513990945,37.4711851002565]]],[[[126.9405079987602,37.4827394007445],[126.9401979998341,37.4822760997048],[126.941160499272,37.4819221996209],[126.9407207997315,37.4814384995321],[126.9419095000191,37.4806318999112],[126.943811401201,37.4822240005727],[126.94204480103001,37.4824378007157],[126.94235020007011,37.483393200219304],[126.94170010028681,37.4825147009618],[126.9405079987602,37.4827394007445]]],[[[126.9792204995668,37.4843654001819],[126.9809232009003,37.483460799274106],[126.9834963009474,37.485567400097004],[126.98115490046261,37.486940000598494],[126.9792204995668,37.4843654001819]]],[[[126.8046427986382,37.5067949033268],[126.8070569977906,37.5067455971476],[126.8073142984032,37.5021708960531],[126.8101915991424,37.502963896660596],[126.81134520023501,37.5062400977916],[126.8148758987694,37.5050417966558],[126.8177256020065,37.5055916016056],[126.8134407997711,37.5109909007663],[126.812337999273,37.510286900778794],[126.8129412987939,37.5102195995123],[126.812368499185,37.5082613006091],[126.8095627008086,37.5080510008899],[126.8087847997203,37.5092212007733],[126.8060455002156,37.506979802811806],[126.8046427986382,37.5067949033268]]],[[[126.9004403997928,37.534808699931],[126.9012432990626,37.5328741992472],[126.9026751996424,37.5332965990322],[126.9031725003472,37.535723500446004],[126.9012076996237,37.5363063007013],[126.9023234991751,37.5355618999106],[126.9016832998153,37.5347571007154],[126.9004403997928,37.534808699931]]],[[[126.9030773995643,37.5230351996896],[126.9044611985325,37.5225415001344],[126.9049584999269,37.521048399166496],[126.9057335014893,37.5221468997994],[126.907223500127,37.5223412000246],[126.90528640064389,37.5230618009099],[126.9054036001361,37.524058100975],[126.9030773995643,37.5230351996896]]],[[[126.7794574988365,37.4832764002052],[126.7812274987735,37.4812724001699],[126.7824071997506,37.4811039989399],[126.78302050002051,37.4821674989602],[126.78611580129271,37.4832530004215],[126.7814085007988,37.4839021006063],[126.7794574988365,37.4832764002052]]],[[[126.7842238985088,37.5038419002868],[126.7846164998862,37.5023671996731],[126.7861143990174,37.5023174992621],[126.786483300502,37.5007217984122],[126.7867394006301,37.5018361987538],[126.7885559002581,37.502147099010905],[126.7903134007733,37.504517199910005],[126.789054199637,37.5054001005252],[126.78745330123789,37.5050605008648],[126.78705170073671,37.5061811017907],[126.785584198501,37.505830499999],[126.7859063981648,37.5041338002333],[126.7842238985088,37.5038419002868]]],[[[126.9323927992474,37.3845648009097],[126.93460900003099,37.3830495986925],[126.9365546003268,37.3832324997702],[126.9353631004837,37.3833900001367],[126.9351640011898,37.3845913996495],[126.93412130082851,37.3850932999015],[126.9348889001938,37.3853151999785],[126.9343313008168,37.3868881006088],[126.9323927992474,37.3845648009097]]],[[[126.7982175959275,37.509416700912304],[126.79674969937871,37.505266399395495],[126.79735760006369,37.5047579994051],[126.7975960004199,37.5063489993243],[126.8010448038028,37.5061877977054],[126.7982175959275,37.509416700912304]]],[[[126.8514621995271,37.520741899928495],[126.85346460035029,37.5189630992179],[126.85410370023419,37.520776300209],[126.8522126005158,37.5213014008099],[126.85195139983901,37.5203317005537],[126.8514621995271,37.520741899928495]]],[[[126.7746379985495,37.5033943000487],[126.77633989932569,37.5024626997182],[126.7766021001749,37.5014936993539],[126.77680510069601,37.502814898831396],[126.7782737010473,37.5029199997209],[126.7746379985495,37.5033943000487]]],[[[126.943569499874,37.3729718002713],[126.9443722011332,37.3712976997334],[126.9442547020211,37.3720175004972],[126.943569499874,37.3729718002713]]],[[[126.79193959828261,37.504651501021],[126.79553410047019,37.503028099774504],[126.794650401478,37.5038532008087],[126.7952264003722,37.505290202081],[126.7937451005281,37.505643302981305],[126.79193959828261,37.504651501021]]],[[[126.93294749987919,37.5273368000924],[126.9333536002722,37.527027599730296],[126.93334629994389,37.527327400297395],[126.93294749987919,37.5273368000924]]],[[[126.9522463994957,37.481255499454505],[126.9534301004826,37.4810902998074],[126.9529087002324,37.4816921003466],[126.9522463994957,37.481255499454505]]],[[[126.9043433993655,37.4250804007479],[126.9049919011024,37.4244061992115],[126.90582310357381,37.425144799361895],[126.9043433993655,37.4250804007479]]],[[[126.949539499323,37.493375400296095],[126.9507765010262,37.49291869942709],[126.95067020159901,37.4940359001714],[126.949539499323,37.493375400296095]]],[[[126.9638774991209,37.5299852000761],[126.9648056012153,37.5291577000139],[126.96445990064609,37.5304383004149],[126.9638774991209,37.5299852000761]]],[[[126.7648916992067,37.487569800140705],[126.7651385014711,37.4875803000392],[126.765108900903,37.487860100449],[126.7648916992067,37.487569800140705]]],[[[126.9315996003121,37.5131776993966],[126.9318789000328,37.5129017996725],[126.9318650999907,37.513415000276005],[126.9315996003121,37.5131776993966]]],[[[126.9569724999188,37.4966070999253],[126.9571936002199,37.496749499701],[126.95725610021809,37.496838800154],[126.9571935999536,37.4967495000991],[126.9569724999188,37.4966070999253]]],[[[126.8105735989931,37.5103806995615],[126.8109051008301,37.5101234996084],[126.8105736006096,37.5103807008094],[126.8105735989931,37.5103806995615]]],[[[126.763278599488,37.504428599818],[126.7633387014356,37.5045488007449],[126.76333869997451,37.5045488009517],[126.763278599488,37.504428599818]]],[[[126.88600169987559,37.4494349000381],[126.8863373000911,37.449452699960105],[126.88632730084291,37.4495584001171],[126.88600169987559,37.4494349000381]]],[[[126.8836839993254,37.4500009987141],[126.88368399985241,37.4500010008592],[126.8836839978031,37.4500009996219],[126.8836839993254,37.4500009987141]]],[[[126.9052027996775,37.4400179003784],[126.9052037996653,37.4399588998331],[126.9052954004441,37.439960599847396],[126.9052027996775,37.4400179003784]]],[[[126.95882690031881,37.496161299971796],[126.95881749994919,37.4961106999097],[126.95897140020179,37.496121199890595],[126.95882690031881,37.496161299971796]]],[[[126.79711059962659,37.5013393007415],[126.7971105972491,37.5013393005182],[126.7971930005528,37.5013365999814],[126.79711059962659,37.5013393007415]]],[[[126.99362639890789,37.487682300315505],[126.9936264006668,37.4876822989225],[126.9936263999753,37.487682301493905],[126.99362639890789,37.487682300315505]]],[[[126.8247665994463,37.48159909995049],[126.8247666001821,37.481599100589094],[126.82464209957081,37.4817038998457],[126.8247665994463,37.48159909995049]]],[[[126.91384479960631,37.5495997999719],[126.91384479999111,37.5495997995407],[126.91384480021141,37.5495997999557],[126.91384479960631,37.5495997999719]]],[[[126.9145518001354,37.520250200118],[126.9145517999599,37.5202501998481],[126.9146188001929,37.520285899966],[126.9145518001354,37.520250200118]]],[[[126.9436634996273,37.3717234996748],[126.9436635003465,37.371723499777005],[126.94364249997379,37.371767000053],[126.9436634996273,37.3717234996748]]],[[[126.797235298769,37.503065599737],[126.7972353007077,37.503065600655],[126.7972352988931,37.5030656015963],[126.797235298769,37.503065599737]]],[[[126.8233969993772,37.4924949998434],[126.8233970001536,37.492495000213495],[126.8233969995267,37.4924950005928],[126.8233969993772,37.4924949998434]]],[[[126.88393209933899,37.4576668996551],[126.8839321006151,37.4576669003224],[126.8839320998389,37.457666901199],[126.88393209933899,37.4576668996551]]],[[[126.9578953999729,37.4973736998276],[126.9578954000801,37.4973737001853],[126.95789539990629,37.4973737000509],[126.9578953999729,37.4973736998276]]],[[[126.7538583997227,37.4878170001589],[126.7538583996024,37.4878169998861],[126.7538584002252,37.4878170000339],[126.7538583997227,37.4878170001589]]],[[[126.7647457997056,37.4867903995534],[126.7647458001368,37.486790399870294],[126.7647458002432,37.486790400373195],[126.7647457997056,37.4867903995534]]],[[[126.8697495996514,37.514058400120604],[126.8697496002985,37.5140583999894],[126.8697496000088,37.5140584004128],[126.8697495996514,37.514058400120604]]],[[[126.882589999872,37.4815900000469],[126.88258999989819,37.4815899996934],[126.88259000024699,37.4815900000881],[126.882589999872,37.4815900000469]]],[[[126.92363859972001,37.5229106002972],[126.9236386001951,37.522910599795004],[126.92363860029491,37.5229106001803],[126.92363859972001,37.5229106002972]]],[[[126.9433689996887,37.3716347999009],[126.9433689999218,37.371634799763505],[126.94336900006181,37.3716348002471],[126.9433689996887,37.3716347999009]]],[[[126.9549177997775,37.4965519997489],[126.9549178001851,37.4965519996677],[126.95491780034601,37.4965520001868],[126.9549177997775,37.4965519997489]]],[[[126.8822595998431,37.501797100028895],[126.882259600132,37.5017970998831],[126.8822596000262,37.501797100092],[126.8822595998431,37.501797100028895]]],[[[126.93809159965261,37.513465199871796],[126.93809160005921,37.5134651999806],[126.9380915997544,37.5134652008239],[126.93809159965261,37.513465199871796]]],[[[126.9546666999131,37.495713700045904],[126.9546667000148,37.4957136998346],[126.9546667000474,37.4957137000257],[126.9546666999131,37.495713700045904]]],[[[126.9604644999245,37.494840899886],[126.9604645003878,37.4948408999301],[126.9604645000076,37.4948409000316],[126.9604644999245,37.494840899886]]]]}},{"type":"Feature","properties":{"interval":60,"stationId":"8761155422"},"geometry":{"type":"MultiPolygon","coordinates":[[[[126.6301159986287,37.4767622992402],[126.6317405997771,37.476768999253395],[126.63471829926151,37.4744914998748],[126.6330548993057,37.472573099398396],[126.6350589995011,37.4716586992485],[126.6363716994385,37.465224199657904],[126.6369216002,37.465670499280904],[126.63818329973769,37.4637276995306],[126.6408677993625,37.4635842994363],[126.6411446004323,37.4627204987728],[126.6419069001757,37.4631622992371],[126.643244399973,37.462552599720105],[126.6446401996232,37.4638133989872],[126.64649300021111,37.4636578995729],[126.64639420058751,37.4642012996704],[126.64836710026461,37.4649909995316],[126.6484200004578,37.4662180987794],[126.6493519001605,37.4662461986238],[126.6492746011199,37.4674892991702],[126.65068029971421,37.4680737985857],[126.6511070003054,37.4669790986513],[126.6533990009051,37.4669767992469],[126.6535878007163,37.4678033984203],[126.65555819874591,37.466984699239],[126.659032799894,37.4673669995146],[126.6630236995411,37.4624819996858],[126.6627829009545,37.4629756998201],[126.6643989995884,37.463759098952195],[126.6655984993667,37.461109498831796],[126.6678497988626,37.4590435004161],[126.6673228995274,37.458558398662504],[126.6681811997018,37.459146399062604],[126.66949119938229,37.4580729994534],[126.6702243994734,37.4589781989868],[126.6728734989805,37.458122297646],[126.6732887012185,37.458884599129796],[126.6761917996,37.4587175992535],[126.67994699996039,37.4549935988127],[126.6799773008556,37.456136999397195],[126.68204060119139,37.4555212993917],[126.6840301000233,37.4582315984675],[126.6876476987015,37.4566072000332],[126.689602500038,37.4547958993971],[126.6895169007447,37.456010498569896],[126.69115550036689,37.4570311978528],[126.6924611990893,37.454908399429],[126.6929427005723,37.456913798991],[126.6935741999408,37.4567322991725],[126.6945057990092,37.4560323998724],[126.694686998541,37.4538885004443],[126.6980271997574,37.4536762995771],[126.69875549945931,37.4521301000298],[126.69866159955319,37.451074501085394],[126.697599499541,37.4511349010842],[126.6980540989928,37.4502912008751],[126.69640699833509,37.4503852000799],[126.6980540990232,37.4502911990104],[126.69828579984089,37.4467881989531],[126.6990792994277,37.4455753000905],[126.698959099542,37.4447373008857],[126.6970872990213,37.444474600106],[126.697820098954,37.443581700479406],[126.6963414998154,37.442268499682896],[126.6973327995396,37.4418718998838],[126.6969083997774,37.441024999831406],[126.69825569990921,37.4396169993341],[126.6997370012966,37.439848299081405],[126.7001839019427,37.4430524990587],[126.7019727009778,37.4432218999213],[126.7010491006569,37.4438684007848],[126.7012685004823,37.445548599428804],[126.70679440021351,37.449108499480204],[126.7044177009538,37.4499178005043],[126.7048405005891,37.450944800631305],[126.70400479981981,37.449942001483],[126.7026372011874,37.4515822998427],[126.70335490055149,37.453260798872606],[126.70489599988281,37.4529921991033],[126.70621100137059,37.4539552998848],[126.7065125003117,37.455949699973196],[126.70567630088439,37.457383998922595],[126.70999000149341,37.456809997665694],[126.70860900120779,37.457620901402905],[126.7092219005949,37.4604701985536],[126.71249710019099,37.4606565972561],[126.7130508003314,37.4611583000215],[126.7123955009867,37.4619745992052],[126.71513520092371,37.461731499490796],[126.7153668007085,37.462732699045894],[126.7171096012307,37.462581899389804],[126.7161387008631,37.4637905006458],[126.71814640034549,37.465776499909],[126.71504990117519,37.4670578002217],[126.7148256013995,37.468107699171796],[126.7199397004807,37.472711599576996],[126.7208761013378,37.475850301105396],[126.7199415013853,37.476533100340994],[126.7196117017151,37.4806764961976],[126.7246590001309,37.4806695987392],[126.7266129994261,37.479609097189396],[126.7272641008191,37.479896400204],[126.7268590012242,37.4808738992265],[126.72860779947541,37.481677498422904],[126.7296070020076,37.480636493101905],[126.733251201073,37.4845864988864],[126.7351730991511,37.4850967983761],[126.7350298991188,37.4836680994551],[126.73691769888791,37.4824307979648],[126.737562900532,37.4800615946661],[126.74055849955751,37.4795014971237],[126.7419463981696,37.478076698548506],[126.740419998956,37.475267000669405],[126.7413812979299,37.4735282967265],[126.74335740157369,37.4753902966033],[126.7468384000608,37.4730633973873],[126.7508266012957,37.4719566969598],[126.751813702681,37.4755842971572],[126.7545021999925,37.4746477980937],[126.7597857947089,37.476620596120895],[126.7614679977321,37.4698120997683],[126.7659998965502,37.4700499982075],[126.7656340004312,37.46636439875],[126.7663725042414,37.4700047976435],[126.76896420165,37.4728785989298],[126.778923395069,37.4716257973249],[126.7794211946992,37.4646226020026],[126.7788488990098,37.4635028991929],[126.7838477949432,37.4610713000935],[126.77999699879399,37.4577186034462],[126.77758749696369,37.458138900722],[126.7781844949234,37.4565749959517],[126.77999700082819,37.4577185973914],[126.7821562986689,37.455999899110104],[126.7804161985065,37.450978901217205],[126.77838659622651,37.4505772994193],[126.77581789879521,37.448743001253604],[126.7740785997125,37.449171701146504],[126.7745054977459,37.4480870011165],[126.7710793011721,37.4467588024447],[126.7702531988916,37.4477106997889],[126.7710792980655,37.446758800740795],[126.77028009886469,37.4439771035225],[126.7680749979712,37.4431940000404],[126.7712348980312,37.4432450981772],[126.7723789985314,37.4408856989183],[126.7747081977094,37.44024379916],[126.77470129810631,37.4370980004225],[126.7731676980212,37.4364564993399],[126.77229849889041,37.4342100015864],[126.7704437994062,37.434072700705],[126.7735855981935,37.433785098082],[126.7739196978594,37.4328091990579],[126.77335579842331,37.43032200154509],[126.7711046990936,37.428966899947],[126.77335579802741,37.430321998339195],[126.7735006991799,37.427703298373494],[126.7741678007031,37.4298211989547],[126.7786770005814,37.429775699241404],[126.7791664008617,37.4314021978875],[126.78144689858121,37.430923898365805],[126.781124300115,37.4296297972654],[126.7838658995574,37.428968697379396],[126.7842593994659,37.4262523997185],[126.7855500988789,37.4248092007251],[126.7840570988363,37.425057799284694],[126.7852584982609,37.4234083983166],[126.7868613004814,37.4263463979871],[126.79081630206281,37.4255591978865],[126.7942376987,37.427156197007896],[126.7950400978976,37.425636098527995],[126.7956612996892,37.4257882977519],[126.7975754023059,37.4318310980903],[126.800956601639,37.43133309916271],[126.8016042012468,37.434246699999],[126.8053703004431,37.4355057999992],[126.8057731000458,37.4363169008937],[126.8036085009808,37.4368171999409],[126.8044762001131,37.4373463994117],[126.8062768996844,37.4375622997672],[126.8067830002571,37.436167599698095],[126.8062769010478,37.437562299347505],[126.8076132006268,37.4383437996635],[126.8084426016339,37.4423515984706],[126.8104780003663,37.4426002999164],[126.80890000128929,37.4433334998135],[126.8090217017854,37.445767498314304],[126.8128105006922,37.4461788998096],[126.8098492021857,37.446514700158204],[126.810770800541,37.449710699959596],[126.8129266013616,37.451895900883095],[126.8104952022235,37.4504925047404],[126.8065729061458,37.453327201905694],[126.80880120391751,37.4584609967719],[126.8114944012243,37.4600299952029],[126.8134074993112,37.459180896052],[126.8150754025513,37.4608318989212],[126.8148441000364,37.461696700568694],[126.81431619930109,37.460934101257905],[126.8126599009574,37.4613715008205],[126.81285130042261,37.4633158997368],[126.8166766014557,37.4673284958313],[126.8197805983517,37.4645560986037],[126.8187028995605,37.4626192993236],[126.82080659873459,37.4641208976446],[126.82407739949019,37.4635260971801],[126.82597749554759,37.4591592960367],[126.83003049704311,37.4543300999103],[126.8325470993242,37.4539150969506],[126.8336689982023,37.452535598330094],[126.83417569770471,37.449251598221096],[126.8381358033658,37.4475974968335],[126.8386675028341,37.4499871944438],[126.8476302979069,37.4477864961338],[126.84705840001159,37.4439113989486],[126.8476303005399,37.4477864956545],[126.8502407013044,37.4472479957102],[126.8477930037998,37.4486915008597],[126.8498843032864,37.4517144005872],[126.85229340054279,37.4535830001559],[126.84717569958579,37.4539613027607],[126.84579480031479,37.456197902163396],[126.84507480103481,37.4559081024532],[126.84083380527579,37.458558699802595],[126.8426979034117,37.4613051970561],[126.84553270057691,37.4608589975023],[126.84913020104031,37.461616496834196],[126.8527967973737,37.4609447975059],[126.85525059750411,37.4572787974709],[126.8555878971668,37.4537523009974],[126.854891197945,37.4534923002466],[126.85564249752821,37.4530781992234],[126.8570225961481,37.44881160349],[126.856113396881,37.4477681996655],[126.85609429558029,37.4439766989655],[126.8528086000075,37.4421337973329],[126.85538839742769,37.4422749971917],[126.857452198536,37.4393392989726],[126.8564997031837,37.4413511973073],[126.8628752000161,37.4425050974626],[126.8659168065839,37.4394799944408],[126.87225020025049,37.441621892298905],[126.8752067972939,37.4369443969764],[126.8742048982958,37.433239800681],[126.8755767995389,37.431889399034105],[126.8776219967159,37.4237912054205],[126.87498929664329,37.422662504438804],[126.8765009974263,37.4208118004014],[126.87381089624719,37.4153092929502],[126.88163869808899,37.4112540953974],[126.8825762002595,37.4116127984603],[126.8838790990166,37.4101425998592],[126.8835375961901,37.4088698977816],[126.8845888004027,37.407495499472006],[126.8840714010929,37.409136998641],[126.88528650039281,37.409752000196],[126.8845160997188,37.4093535010079],[126.8838791003558,37.4101426002188],[126.883393900841,37.4121210982403],[126.8852349004444,37.412048897899105],[126.88687939879989,37.4129794969685],[126.8889863966929,37.4123035976444],[126.88988039915209,37.4110691976396],[126.8911236992975,37.4117053980517],[126.89236119806,37.4096367001204],[126.8923136981075,37.407375802381296],[126.8901627988697,37.4054774032314],[126.8878883989332,37.405668599966496],[126.8904550038157,37.4036459937313],[126.8966030000208,37.4030530958117],[126.8982154984083,37.4004794983853],[126.8977058989179,37.3991839996808],[126.8983305989668,37.398753299411005],[126.89780019949721,37.3977099004544],[126.89507669721701,37.3964930989325],[126.899705893709,37.3952677988984],[126.9032947973239,37.391256297520805],[126.90539629817681,37.3913255944773],[126.9067438982661,37.3860669991551],[126.9057877992222,37.3852148000073],[126.90711110039999,37.384982799820804],[126.90861289960759,37.3879127980886],[126.9085478989632,37.3849513998522],[126.9115400981208,37.3869249977697],[126.91356949642099,37.3835508003638],[126.9132045969628,37.380969995720896],[126.914608395559,37.379462097228796],[126.9139464994763,37.3729384994206],[126.91473020098249,37.3725925997086],[126.91423210148061,37.374283998017205],[126.91526950044319,37.375464796836404],[126.9192902004475,37.376779397373696],[126.92187589786181,37.3764255977275],[126.925154295141,37.3722645998044],[126.92508479483779,37.3699903004624],[126.9235832963393,37.367688902763796],[126.9194142993769,37.364459000772996],[126.9182864952184,37.3624902984984],[126.91730009809281,37.3589723999758],[126.9184042995795,37.359647399446104],[126.91966049950781,37.3588983990157],[126.91934169970611,37.3567747003568],[126.9170599999334,37.357207200694496],[126.9163369995206,37.3564691999367],[126.91963729976061,37.354417298417204],[126.9225320970417,37.355285896971395],[126.9245948949789,37.353040199217105],[126.9244902953693,37.3510087999572],[126.9214000984595,37.3492898016762],[126.9185657008879,37.3503428007607],[126.91882620013659,37.3520996005059],[126.9169614980518,37.3503851005028],[126.9168577981555,37.3478421030458],[126.9149748944065,37.3442350011486],[126.9149947957643,37.341760796118905],[126.9159335948255,37.3399059979737],[126.9149715957875,37.3339423039374],[126.9136618944692,37.3337417003645],[126.91167929645181,37.326581307524904],[126.9071649967131,37.328082805266995],[126.9048994978908,37.3226742003145],[126.9052856009997,37.324181098762],[126.9075128987724,37.3253692975738],[126.9103684964968,37.323243499200494],[126.9109625959027,37.3210652013788],[126.90838809847719,37.3179609044831],[126.9054114996281,37.318453403314706],[126.9038492995398,37.319700501897906],[126.9041127980494,37.316364901556206],[126.9026934994687,37.316485701435404],[126.89995139962821,37.318450500512796],[126.90260189680349,37.3158369001153],[126.8991049957779,37.313127898553596],[126.8979725984647,37.3071342015815],[126.89940019776431,37.3058147003407],[126.89989989760609,37.3041405003445],[126.8989670995332,37.302753199767395],[126.9000697008969,37.301990499511604],[126.9048418003171,37.3032225995649],[126.9059336015543,37.304671197367604],[126.9111656016431,37.3064627931278],[126.9124738028447,37.3097865988615],[126.9116271001984,37.314402599968304],[126.9109540008715,37.3149107994601],[126.9113286007219,37.3168310975325],[126.91412379792669,37.3152800990835],[126.9138450994718,37.314351798122495],[126.9155534014504,37.315064698336],[126.9129425021419,37.3181404996434],[126.9139358015033,37.3194532003372],[126.9166396007082,37.3204353986126],[126.9161302008428,37.320888499907],[126.9167756001974,37.3219405988549],[126.9170943998786,37.3208658999296],[126.9180992003041,37.3207769999526],[126.9181185002848,37.3228610978685],[126.9216259023373,37.3221955990648],[126.91811850091541,37.3228611019131],[126.9177918012421,37.323749701024504],[126.9209058014564,37.328684697700794],[126.9241142982479,37.3280532983322],[126.9242964985892,37.3272638989105],[126.9241143006682,37.3280532993571],[126.9247766000059,37.3282635991468],[126.9271080003963,37.3273549983153],[126.9291596998856,37.3277367984617],[126.92764070090699,37.3286531999659],[126.92758580100481,37.329708700119795],[126.9286899999006,37.3303376994908],[126.92989160118421,37.3297270998499],[126.9299810013994,37.3339739002925],[126.93135600207489,37.334312700507695],[126.9258879037263,37.334608703239695],[126.92502280459139,37.3374250004234],[126.9289589010675,37.3424810968572],[126.9310351994374,37.341497497782704],[126.9327771989992,37.3393748997509],[126.93215409942971,37.3378704995703],[126.9327772000196,37.3393748984669],[126.9337596992297,37.3387534989429],[126.93336239972409,37.3374144997683],[126.9346579004639,37.335422898342095],[126.93742969959429,37.3376264974347],[126.9414531021242,37.3389393961774],[126.94067820167999,37.3400649994999],[126.9446526004657,37.3438753983021],[126.945959299159,37.3441500980274],[126.94793459981419,37.342893699821595],[126.9495392001296,37.3405547986154],[126.9499364997323,37.3411209980492],[126.9535576961111,37.341049198121],[126.9540034971732,37.338389498331395],[126.9554783012524,37.3385974984067],[126.9567445999861,37.3376897993144],[126.9563707017276,37.339576098460704],[126.9600731012972,37.3410290962289],[126.9627205016934,37.344217098373605],[126.9648045026608,37.3449889974518],[126.966081802218,37.346532199128696],[126.9653007997358,37.3457631011329],[126.9625765024601,37.3490070978889],[126.9648973001393,37.3517037951922],[126.9681971997839,37.3504012969121],[126.9690697995801,37.3522302981005],[126.9689433997065,37.350031900298895],[126.9702853008108,37.349291599132904],[126.9708073003209,37.3521301994072],[126.9719490001646,37.3521863006751],[126.969024398643,37.3523257017548],[126.9652400020058,37.3553038992962],[126.9676714995743,37.356519598080496],[126.9687735001932,37.3552827993909],[126.9685801007653,37.3581943998526],[126.9698851014226,37.3590143999479],[126.96967700069311,37.3600487012695],[126.9662756999844,37.3608776015774],[126.9639375007184,37.3643310002421],[126.9643431002917,37.365048100676006],[126.9633507999561,37.3636767014202],[126.9609760020388,37.3652901001858],[126.961262801752,37.3673387981371],[126.9648488000069,37.3681054980149],[126.9653972019541,37.3701487988978],[126.967989500627,37.3736654008684],[126.9668697000538,37.3739210010279],[126.9657647997595,37.3727727010276],[126.9646566001297,37.373242901062504],[126.9632308006886,37.3760212998442],[126.96176540069351,37.375055600997705],[126.9614935009654,37.3761479999053],[126.9625884001203,37.376524700035894],[126.9614935006005,37.3761480005814],[126.9601965000666,37.3770376002216],[126.9603475004608,37.3798690991577],[126.9614056000901,37.3804811000767],[126.9628865998483,37.383504299217],[126.9643537996694,37.3834771994253],[126.965699800091,37.3824000994782],[126.9659901008529,37.3835427001939],[126.9677375991376,37.3843028994806],[126.9689499016054,37.3824337983952],[126.970914901177,37.3840714996348],[126.9702731005936,37.3848633998902],[126.9707962000705,37.3858104989431],[126.9713220001022,37.385301399417706],[126.9724177002837,37.3870679990363],[126.97283390094749,37.3861660001575],[126.97502640093461,37.38779860017431],[126.9750453006806,37.3894290993803],[126.9738981012146,37.3907503993218],[126.9753945009127,37.390950299688],[126.9760934006199,37.3925746990177],[126.9779900987232,37.393253398339],[126.9796047977577,37.3918471978157],[126.9859255999369,37.3942128982645],[126.9856948021489,37.3963641006468],[126.9865659012778,37.3971594998514],[126.9846118000196,37.3971836013556],[126.9835532002244,37.3992036011109],[126.9809268028508,37.3991004012141],[126.9810458027318,37.4020217982927],[126.9843868031083,37.4040808014809],[126.98415650098829,37.4077648999535],[126.9825500011097,37.409381799916],[126.9822171017507,37.4111113003769],[126.9800969018505,37.410645701323304],[126.9813005012663,37.412826701646395],[126.98009690046261,37.4106457024766],[126.9792831985929,37.4110874024645],[126.9788539955556,37.4103054007046],[126.9746079992035,37.4092433016962],[126.97217359923461,37.4106716008774],[126.97026149947851,37.4102579015226],[126.9709279992347,37.4100536996281],[126.9709044992582,37.4085312011506],[126.9690993989177,37.4094239011512],[126.96710269810539,37.4090460011279],[126.96604859806149,37.406756202501796],[126.9642618998482,37.4070024022556],[126.9649547990312,37.40671179960599],[126.9625645999073,37.4051823004155],[126.9600236995253,37.4057830008146],[126.9596263999726,37.4047021009157],[126.95778629845009,37.4056235010218],[126.9588065988189,37.4048486003577],[126.9551161999519,37.4020296001744],[126.9522447006605,37.4020661008975],[126.95188720130051,37.403215900538896],[126.949516400851,37.4040797006086],[126.9497526993283,37.405040901422204],[126.9473235996145,37.4061375005961],[126.9472799990517,37.4043907020077],[126.945695500229,37.4043726019518],[126.9451668987644,37.4052539006231],[126.9460552976776,37.403812099795005],[126.9451822985506,37.4005546030525],[126.9441727995601,37.399547904059204],[126.94063110310181,37.402175301431804],[126.9423985005181,37.405221400150005],[126.9415390013776,37.4061304992409],[126.94246800070721,37.4074449010208],[126.9403897027855,37.4093764990892],[126.9406829043618,37.4102242001238],[126.93936450043209,37.410441802208204],[126.93518610584199,37.4191348015485],[126.9297722026829,37.4218443072556],[126.9270552053999,37.429846599253295],[126.9279776044775,37.430546898553004],[126.9260787988051,37.431795800506606],[126.9267987980851,37.429819402483],[126.9223844024995,37.4274313048711],[126.9184980018824,37.4315937013277],[126.9208592012966,37.434790299798706],[126.9265151013863,37.437600596910606],[126.924744103422,37.4376186016264],[126.92392230327471,37.442455100196895],[126.92688310223319,37.4487527991489],[126.92853970057661,37.448689199212495],[126.9269942007771,37.4503939006226],[126.92749030028101,37.454530496485994],[126.93156859914791,37.4507196979311],[126.9332300008475,37.4525473976689],[126.936201497876,37.4528115974047],[126.9372075010072,37.451439899050996],[126.93621490341549,37.4529786981247],[126.9383778012526,37.4569597941436],[126.9435166961137,37.454033097070294],[126.9430538994078,37.451977397166395],[126.9492965978075,37.4515013973079],[126.9497315014452,37.4494346995575],[126.950292800123,37.4525384997102],[126.9520650994307,37.4535293979517],[126.952796798699,37.452066299414795],[126.95212309991989,37.450986099818],[126.9543840996384,37.4527060966896],[126.9544995008936,37.455013199701305],[126.9616958030535,37.4632708946841],[126.96421030053901,37.4636722942827],[126.968676296073,37.462033995921004],[126.9684436963056,37.459176398778595],[126.9693190014392,37.4594939949893],[126.97107650372459,37.4621143966046],[126.9743626030439,37.4622457970737],[126.9760631022544,37.4642565959742],[126.9800453004451,37.4667566980645],[126.97891290144119,37.466915702044],[126.97829110206301,37.4690709998887],[126.9806033997507,37.4710080979516],[126.9829779973761,37.469993498966204],[126.98522290055689,37.4668220980451],[126.9863224999335,37.4679953995277],[126.98809969983341,37.4673458988961],[126.9884371995754,37.464687501236895],[126.9874359989174,37.4609114995024],[126.9886868988555,37.459392799438305],[126.9878057997366,37.458721900109204],[126.9922611967409,37.453559395463],[126.9914109989426,37.4451236991351],[126.99453269627769,37.443519800074796],[126.9939682981512,37.44169259873831],[126.99704360072789,37.4424131985682],[126.99992399924909,37.43956030056199],[126.99866229892541,37.4383150009222],[126.9941282987344,37.439700800629],[126.9935683985511,37.4377943026366],[126.9908589973054,37.435183002868904],[126.98857649643699,37.4358206000098],[126.988706996953,37.435080999001094],[126.9846609955661,37.4311341038935],[126.98504219641619,37.4281900004641],[126.98432599671439,37.4267266005386],[126.9823410982761,37.4242342012026],[126.9805179991451,37.4232450000418],[126.9835799989593,37.424710298994],[126.983129998995,37.423368696862],[126.9845770975479,37.4229187973119],[126.9856117974412,37.4203730969758],[126.9876140984551,37.4182670996525],[126.98703659903259,37.4177119002077],[126.9876140998508,37.4182670992988],[126.98795390023679,37.417786799873504],[126.9904619003377,37.418501899401605],[126.9902175006001,37.4191664997342],[126.9909507998668,37.4195358993648],[126.9913327000697,37.419045998845505],[126.9913869013305,37.4202669992857],[126.99248170046229,37.4208076996202],[126.9948068999102,37.420344899032706],[126.9951459007429,37.4225922990342],[126.99655010014659,37.4223930995095],[126.996835499902,37.4233268990275],[126.9988904000452,37.422610199618404],[126.9991150014022,37.423548001482494],[126.9978627007002,37.4241854001203],[126.99936130037041,37.4268777987589],[127.0009823999892,37.4271048995528],[127.00004720107219,37.4280749996314],[127.0004309006885,37.4289063988],[127.0025324985869,37.4288018989045],[127.0015647002096,37.426951699726295],[127.0042363004504,37.4277868996235],[127.00428610065521,37.429596699132695],[127.0059173993022,37.4302515987986],[127.008731399203,37.4278464973537],[127.0115424013115,37.4301404982245],[127.01309330094429,37.4299568979958],[127.0107567009525,37.4300654003241],[127.0097647019445,37.4316980986914],[127.01043600127319,37.4342396961498],[127.0128309002925,37.4359683940701],[127.0144235986998,37.435739494299],[127.0166057003827,37.433980398837306],[127.015919201601,37.4348861009255],[127.0174707002067,37.4360404997067],[127.0165991008394,37.4370235992259],[127.01782110278211,37.441856196458],[127.01918900369729,37.441673095885506],[127.01629850467691,37.444045600978804],[127.0129600027971,37.4441875005584],[127.0115612036692,37.4458157017505],[127.0121255031049,37.449066798499395],[127.0144098022016,37.4513854020364],[127.013187001304,37.45404279911261],[127.0140724006746,37.4540013997199],[127.0129772014078,37.457380098695005],[127.0150043993806,37.4574452986298],[127.0153971006345,37.456153997472],[127.01694069967071,37.455260798161],[127.0153971012307,37.456153999745496],[127.01635080120809,37.4576899008618],[127.01297720116659,37.4573801018297],[127.0058475022747,37.4623664072576],[127.0005726042313,37.4616383018114],[126.9999051048988,37.4627378007119],[127.0019492012503,37.4692638980012],[127.0041100006939,37.468522294927396],[127.0054109027113,37.4698304997935],[127.0074367006855,37.470367999256],[127.0057839020101,37.471608899434],[127.0139371975855,37.4762501976259],[127.01641189792589,37.4751301978561],[127.0167723004517,37.4738980979712],[127.01792210558311,37.476366699808096],[127.0240335019735,37.4804233990405],[127.02520719991699,37.483181199402594],[127.0271905001229,37.4837784995985],[127.0287000986133,37.482525000852],[127.0277160990599,37.4796662996893],[127.0289437983101,37.4785731004763],[127.0288143990059,37.47677139952879],[127.0303139994898,37.4745877990704],[127.0313729003843,37.4754176994486],[127.0349254992663,37.473812899932796],[127.0337885996873,37.472431400987695],[127.0307199995863,37.471849999681005],[127.03152709896901,37.4707033000646],[127.03115169972149,37.468499200038096],[127.03148780021759,37.4693476991748],[127.0320854996199,37.4688956996268],[127.0323416993389,37.4672347012221],[127.03036639967111,37.4671344990167],[127.0342299982306,37.4645499999552],[127.0330584982617,37.463942198678],[127.0348721992542,37.463644498916004],[127.0343604999742,37.4624823998252],[127.0355715999404,37.4633044998712],[127.03636500008601,37.462597699959005],[127.03504070127019,37.4645556997446],[127.0365577997531,37.465863998436305],[127.0386692994522,37.4635768998019],[127.03867099945049,37.462395300983495],[127.03778459965339,37.4621754992904],[127.0393775008116,37.4633291997054],[127.0409843013208,37.4629840989797],[127.0418117004934,37.4645728973909],[127.0434919005153,37.4650151977059],[127.0444668995403,37.4645554981656],[127.0451908993408,37.4619135989451],[127.0462340000492,37.461158099849],[127.0456829017922,37.4646264996201],[127.0465971023156,37.4681599978035],[127.0488385003425,37.4705434002531],[127.0483200008192,37.4728325992633],[127.0490328007269,37.4733248994751],[127.0468983007487,37.4748218005422],[127.0465489010981,37.4758424995215],[127.0472760999819,37.476320800487805],[127.0464446001563,37.475773500606806],[127.0456035005689,37.4765932012627],[127.04371910160191,37.4765905002927],[127.0455111002292,37.4784528993356],[127.0520702003032,37.4794414995395],[127.05095440140069,37.4796267006317],[127.0506711014158,37.4819835995414],[127.0510392015657,37.4828761994681],[127.0528436004549,37.4829125999209],[127.0520800013857,37.4844649004393],[127.0527931006726,37.486320298583905],[127.0539682010568,37.4867382990529],[127.0554697995552,37.486122699668506],[127.0564782985467,37.485019200772],[127.0561464993359,37.483458898877004],[127.0595108009387,37.483551897679504],[127.06027250017699,37.482949398282],[127.0604287008277,37.485069199451196],[127.0593027014351,37.4862989991856],[127.0607291000087,37.4868894985951],[127.0628466998987,37.485598999166804],[127.0640645006352,37.4860824994446],[127.06294870173701,37.487793899104],[127.0659767987089,37.4890795978183],[127.06663909804661,37.488103098794795],[127.0682962990959,37.487995399112805],[127.0693313007103,37.4889707995832],[127.0690660011526,37.4895474004573],[127.0677949004463,37.4890514008137],[127.06738350127401,37.4903645000202],[127.0663728008847,37.4896836009624],[127.065788501469,37.49080599984],[127.06680610045139,37.4913763992696],[127.07091439950861,37.4922458978627],[127.0708246002705,37.4902150992651],[127.0709144005376,37.4922458980235],[127.0727535997755,37.4911896995441],[127.0763693000922,37.4920876995457],[127.0770282000739,37.4904216985573],[127.08059430024821,37.4911139991023],[127.08180630003649,37.48881059992],[127.0818809004683,37.490619798957795],[127.08275720052801,37.4907416999523],[127.0846470004858,37.494022999299],[127.085063600542,37.4950705006639],[127.08415560090451,37.4952599021313],[127.0805931005501,37.4944495011451],[127.0784617008393,37.494853300718404],[127.0772269013716,37.496957500649],[127.07748739984879,37.4988015017996],[127.0745987006097,37.4977076010834],[127.0736379009594,37.4989803996247],[127.07386670106949,37.5002358999801],[127.0736378998752,37.4989804013935],[127.07062540164189,37.4989341013938],[127.0687745034454,37.5014164991717],[127.0718305016851,37.5060329995394],[127.0733931007335,37.506638000128],[127.0711490006275,37.5071971012149],[127.07129039977079,37.508487501454304],[127.0717562990182,37.5053990010861],[127.0681259026486,37.5056757008094],[127.0677807024543,37.5074430001357],[127.0694814007536,37.508378299200395],[127.0669240010802,37.5085805000497],[127.0674040004465,37.5099616995926],[127.07042389955299,37.5106251994643],[127.0707101999636,37.5096811997062],[127.07066420039699,37.510374399567404],[127.07311829927461,37.5111009997896],[127.07419619873771,37.5088731991385],[127.0758716981258,37.508189199552994],[127.0746595002403,37.5068568991069],[127.0762649997569,37.509085598992996],[127.0776471994822,37.5078134993258],[127.0789186992516,37.5080698993075],[127.0793865998544,37.5071960993978],[127.0809417002448,37.509459998904696],[127.0835483999106,37.5098701988462],[127.0838174997253,37.5087754996107],[127.0851701999447,37.5089982988363],[127.0854457997671,37.5078925996444],[127.0872581986548,37.5066569007856],[127.0866271986164,37.50525060079659],[127.08444529878349,37.5053706998061],[127.0856429987604,37.50349400018111],[127.0856881992854,37.501655799534],[127.0874595010677,37.5027946989304],[127.0886726011174,37.5020603993001],[127.0891484010951,37.5031116992881],[127.0909985010972,37.5029626993161],[127.0914452012559,37.5038961996368],[127.09034720108829,37.505366899673696],[127.0904652006149,37.5072030998128],[127.09000489975129,37.506644000582504],[127.0879350014081,37.508163000334505],[127.0887643018087,37.5090849011458],[127.088863000692,37.511819498918],[127.09069980004689,37.5119258999841],[127.08979000021529,37.5122055003857],[127.0901198011042,37.5133078999693],[127.0880702014403,37.514940100766495],[127.08609540006111,37.5143523006213],[127.0858905000134,37.515571300259495],[127.0847090001269,37.5142064015996],[127.08366460117131,37.5151185006875],[127.0846111998028,37.5159868004912],[127.082427699988,37.513690801279196],[127.08298939878411,37.5133534999554],[127.0824807992927,37.512257901051],[127.08053370009381,37.5116505008383],[127.0800429005846,37.5126802998085],[127.0805858018299,37.5142295007405],[127.0786495008779,37.5141755022036],[127.0781107011687,37.5165153003379],[127.0769383998124,37.5168276009684],[127.0780638978287,37.5126408994857],[127.0760145999204,37.5117052003635],[127.0755489998315,37.510479100949],[127.073462601974,37.5118783999367],[127.0738683009243,37.5139706014628],[127.0700554004193,37.5150710009221],[127.07009219978451,37.5159648003443],[127.0665575001606,37.5155681003897],[127.06478060096731,37.517596300488],[127.0656250998214,37.518986999318706],[127.06682770107261,37.518430700735905],[127.0641962037041,37.5209762981903],[127.06666320131619,37.5289816994946],[127.0772459000372,37.5267272999072],[127.0779743003001,37.5284420987244],[127.0793161007462,37.5275129998241],[127.0800440000795,37.5295603993978],[127.0806610003129,37.5293725999108],[127.07796220070921,37.533132299793095],[127.0780883002742,37.534394999987605],[127.0761621008121,37.5348049004716],[127.0764866004876,37.535896899379594],[127.0778640995235,37.5354834998468],[127.07767360047309,37.53499389959801],[127.0787259005536,37.5353295995754],[127.0788991008462,37.5363617992149],[127.0818654005086,37.5369708997549],[127.0810420009885,37.5381448999511],[127.08100930204891,37.540796399495896],[127.0794436004852,37.5412391000775],[127.0807411007638,37.5420131013493],[127.0789165005782,37.542280800912],[127.0784382010565,37.5433275998652],[127.07997620152871,37.5440622993001],[127.0800769019545,37.5452673990897],[127.0824639013446,37.5452076999211],[127.0789275009438,37.546899600833605],[127.077065701424,37.5464062011093],[127.07521730106231,37.5491870003002],[127.0752624010172,37.5510716984155],[127.0769504993291,37.550342199145],[127.0779714003304,37.5527042990755],[127.0792195008152,37.5516204981024],[127.08047310042821,37.55314179914],[127.0836094993032,37.552675399025],[127.0852976009895,37.554070598989306],[127.0866006009737,37.5535635989925],[127.0871449010141,37.5544465993783],[127.0862825004096,37.5571950996231],[127.087144400856,37.5576266996309],[127.08584040021499,37.5578612007336],[127.0842583005052,37.5606438002203],[127.088391600406,37.563692599663305],[127.0879059007477,37.5652805988248],[127.0887714010841,37.5655339996193],[127.0884150009087,37.5674719997276],[127.0889972005466,37.567977099783],[127.08763899999859,37.5693378007502],[127.087546600091,37.5708391992488],[127.0881929005912,37.5708437996777],[127.088089900924,37.5727116990005],[127.0892227997911,37.572400199312],[127.0895185007275,37.5730139994771],[127.0898040007919,37.5759462008238],[127.08705260010261,37.577434500662505],[127.08499419995219,37.5762655004122],[127.0843108999087,37.5766293003463],[127.0838674997773,37.5755216003458],[127.08327619971121,37.575836300271796],[127.08283199966989,37.5747711996512],[127.0841484994889,37.5741599991072],[127.0838895995307,37.572500098869696],[127.08504069943669,37.5702163000722],[127.0843006001768,37.569357800930696],[127.082547099697,37.5699727005455],[127.0812249994652,37.568998900185896],[127.0812856996417,37.5679366004576],[127.0798149996713,37.568581501021804],[127.0784954995229,37.5680579999211],[127.07833569924719,37.565966198678],[127.0800025987978,37.5650674991619],[127.0790599999644,37.561870000974],[127.0785953994405,37.5625007003372],[127.0778777998771,37.5615920007397],[127.07432399848881,37.561428402092794],[127.0726959989844,37.5600303006782],[127.071733199311,37.560411000315604],[127.07271469886051,37.558950599396205],[127.0717270993037,37.558181599154295],[127.0729623992894,37.5576248992663],[127.0724650994767,37.5561777992993],[127.0733536996863,37.5550756001305],[127.0720903996418,37.554551799813396],[127.0724821992395,37.5529965004578],[127.0706342002296,37.552987300460295],[127.070580099353,37.5537008009153],[127.0692496993832,37.5517634004241],[127.0673006000721,37.5513280005057],[127.066418400275,37.5495339010079],[127.0653094982625,37.5501317021531],[127.0644817995867,37.5494455999624],[127.06383719904849,37.5481644998902],[127.06435889948351,37.54680700019],[127.06246989894,37.5441181011729],[127.05927470032681,37.5442481007343],[127.0577949002199,37.5463877012675],[127.0562806990981,37.5454259014478],[127.0534018986981,37.545299100392604],[127.055633999145,37.542332799432494],[127.0553356993677,37.5416013987039],[127.057521601124,37.5434707992532],[127.0601675995021,37.543275699138604],[127.0612544986139,37.541505900556096],[127.0604995995493,37.5392219001157],[127.0563494993488,37.5364504006223],[127.0573374995228,37.5366248991161],[127.0578605989997,37.5353139004271],[127.05563809932019,37.534562999703596],[127.05839229881859,37.533392599931396],[127.0571965000144,37.530229503094496],[127.05200700119201,37.5287602060203],[127.050732900202,37.527518201265906],[127.04472850362801,37.529582606544494],[127.0428565055,37.531398004729105],[127.04525920292231,37.536984499306],[127.052043100052,37.5383948998131],[127.0516805014598,37.5397161992457],[127.0524114018473,37.5402931009652],[127.0510659017636,37.5420371011674],[127.05191390091561,37.543469899734596],[127.05089340064161,37.5442415000243],[127.0505908002485,37.5468712006386],[127.0485063008632,37.5475299006404],[127.04895240041711,37.5486244995458],[127.0483659995364,37.5490811005078],[127.0466108005332,37.5484397007677],[127.04594590092671,37.5514926006146],[127.0439599998741,37.5517238000991],[127.0430567992908,37.550280001179],[127.0423334000142,37.5506006008584],[127.0424160002154,37.5532037005961],[127.04171969802181,37.5493029996196],[127.0405729992341,37.547934900633],[127.038860500598,37.5488333004066],[127.0383598996386,37.5483410000805],[127.0390967992286,37.5478454999714],[127.0389778997944,37.5461805011576],[127.0379932001408,37.5459461015541],[127.0367512002922,37.5470961004102],[127.03753329966611,37.5485548004156],[127.0346952989342,37.545706500217804],[127.0362627989518,37.544799399501706],[127.03505199908169,37.5442107005602],[127.0359989998405,37.543386899153305],[127.03603030028309,37.541985498886405],[127.03881579912209,37.5422808992297],[127.0391953996304,37.5405782993307],[127.0395417005988,37.5411808979243],[127.0422705993292,37.538783699317406],[127.0425241990756,37.538165299935805],[127.0414266997779,37.5379019000011],[127.0428564992157,37.5313979997789],[127.0423174997547,37.5306994004775],[127.0384558999047,37.5305957014618],[127.0379055004551,37.531523800533705],[127.03621529982499,37.53199530024],[127.0361757998645,37.5314164008189],[127.03490620113409,37.5317548004805],[127.0351904010263,37.53235750036551],[127.03282280041931,37.5327614013177],[127.0309404004072,37.5308513015864],[127.0294164999502,37.5327200003866],[127.029665599278,37.5317372005986],[127.0286521002915,37.5315023008335],[127.0282586008744,37.5329836007423],[127.0268281001876,37.5333705006507],[127.0245425024732,37.5325163015049],[127.0203219066938,37.5376218963993],[127.02478810237409,37.5447835988965],[127.027948202191,37.5457323976625],[127.02924640109501,37.5475654983847],[127.0333880002415,37.548775297149],[127.0332286016217,37.5508161995524],[127.0354248998633,37.5512989998202],[127.035947301971,37.550682998536196],[127.03760080047331,37.5533603985237],[127.0384718007991,37.553389599570906],[127.03734840213,37.5545465998019],[127.0374203020581,37.5558116985368],[127.03841750106089,37.5565743977741],[127.0407672003022,37.55496629933759],[127.0420921012019,37.5563724992691],[127.04326560059779,37.5563036997886],[127.0427253004809,37.5580954005916],[127.041376200472,37.557763700444404],[127.0408013010469,37.558517999690096],[127.04229480015299,37.5596493995291],[127.04336200027261,37.5592787994372],[127.0431709005301,37.560222699749296],[127.0442732005911,37.5611653997257],[127.04277450116409,37.5625935008259],[127.0426157013229,37.5638056996137],[127.0435971006853,37.5646876992925],[127.0444208010041,37.5641434995515],[127.0444231010018,37.565558898136096],[127.0462349005518,37.56559269886171],[127.0455630010583,37.566768699954494],[127.04621280040851,37.5669759997472],[127.0461082003401,37.568003399047704],[127.0477549004134,37.5676408006435],[127.0437144990228,37.568386101982],[127.0420592984555,37.5662961021483],[127.0401220003928,37.5662775021669],[127.0379320009089,37.568480100183805],[127.03719150043011,37.5680698004773],[127.037160000123,37.5688653004461],[127.0357130994407,37.567591200651606],[127.0350762998805,37.5681308001345],[127.03365939925581,37.567678700402],[127.0333064997139,37.566472600725696],[127.0325364001084,37.566443400457096],[127.0303444999071,37.5686813004566],[127.0282342001955,37.5680549006679],[127.0286096995773,37.5672037003318],[127.02575850009019,37.566925600450695],[127.02443870088311,37.5682625996108],[127.024328200285,37.5704741998939],[127.0280205008703,37.5706529995805],[127.0306341999105,37.5733739990568],[127.0336121997196,37.5734852990971],[127.0336646002027,37.572580199544994],[127.0336122003354,37.5734852990994],[127.0349673997529,37.5732731995516],[127.0351886995316,37.5721761006487],[127.0344843996904,37.571818199142804],[127.0359815994093,37.5724478993031],[127.03602339936751,37.571485100265896],[127.03546139999351,37.5716062997083],[127.0366026003362,37.5715773986636],[127.03757279995891,37.5700098992611],[127.0389025005541,37.5716100993166],[127.0400574003056,37.5713138994358],[127.04179450066799,37.5728639995271],[127.0424900004891,37.5725095000176],[127.0406673005524,37.576273300028696],[127.043269999404,37.57835999854041],[127.0439599990577,37.5774931992748],[127.0434892996638,37.5763501999363],[127.0457158000318,37.5766881998716],[127.0441743006469,37.5777517997671],[127.0449472005362,37.5793131987266],[127.0463107002478,37.580414099064996],[127.0474361002583,37.5803010998367],[127.0475325004433,37.582002699426894],[127.0499097002608,37.583442999113906],[127.0509738002029,37.5852473003375],[127.05043070017001,37.5845804008092],[127.046998399684,37.5853546005103],[127.047277898996,37.584614099919],[127.0464479998259,37.5838723006608],[127.04573050033041,37.584571800172],[127.0444349005395,37.5840545009342],[127.0436049999253,37.585135900238996],[127.03999259986611,37.5801260011217],[127.0391400000326,37.5816457004369],[127.0379779004965,37.5820614003816],[127.0380262999819,37.582911500510704],[127.03623009978699,37.5838584010982],[127.03595249974359,37.5828294010047],[127.0353120999777,37.5838649003435],[127.0345271996465,37.5837493006545],[127.0342973996944,37.5828246006921],[127.0320176004319,37.582767601197894],[127.03053709993691,37.5812964010757],[127.0268427005481,37.5808567008676],[127.0263365000776,37.5813961006928],[127.0253721005683,37.5804901009407],[127.02513119946231,37.5813183009707],[127.02387940010419,37.5819496009887],[127.0229906000155,37.581446901123],[127.0225328004733,37.582277400292504],[127.023863100412,37.5863900997575],[127.0255120995019,37.5861247997895],[127.02641640012891,37.584183599804405],[127.0279861999777,37.584341199849696],[127.02849779983309,37.5829656994535],[127.032263500186,37.584768899196604],[127.0318108006746,37.58522759976751],[127.0332561000413,37.586626600253005],[127.0312160001864,37.5885299001569],[127.0291887007705,37.5891163007143],[127.0282696998533,37.5882261007982],[127.0275777990475,37.588759000182804],[127.02809289900651,37.587843500255396],[127.0268399000665,37.5865338013553],[127.02376140027789,37.586598400685],[127.02329090020851,37.587970400284206],[127.020324999861,37.588727600412],[127.01970020008851,37.5882126006185],[127.0193631002969,37.5899990994209],[127.0209152007194,37.5913271996745],[127.0206539008184,37.595998900564595],[127.0187840003704,37.596371500321595],[127.0176517003473,37.595362300738294],[127.01762100110061,37.5966991002785],[127.0161783998801,37.5969209002586],[127.01455459859619,37.59659280045631],[127.014849598655,37.5951877997575],[127.01234820032451,37.592931701930404],[127.0115717995371,37.593354300815804],[127.0116282995654,37.5920806005129],[127.0102749009188,37.5919336006599],[127.0083727996725,37.5930429007363],[127.00177529963611,37.593303000725996],[127.00090519915271,37.5923738009011],[127.001759199191,37.5907227004629],[127.0001561000211,37.5900551003996],[127.0008560993648,37.5885445008788],[126.99933579980309,37.5893033004864],[126.9983232993192,37.5876151004412],[126.9965594990855,37.5874447007413],[126.996779998269,37.586080000763104],[126.99543899961,37.5850099018332],[126.9945138997055,37.58607100068949],[126.9964206987477,37.5829201008549],[126.9946926001816,37.5825770009658],[126.99446089994751,37.5817211005357],[126.98923290336421,37.5829215004785],[126.9871930003289,37.584929000688504],[126.98734569953261,37.583793900314305],[126.9861799006984,37.5833649007433],[126.98567759986601,37.5842762018427],[126.98301650001291,37.5850226003044],[126.9826856999114,37.5842401004044],[126.9820187997923,37.5851596006101],[126.98064549972659,37.5838666006362],[126.9794319999346,37.5844736003349],[126.9802379993022,37.581921800703704],[126.9772905999321,37.5829207001593],[126.9777016994583,37.581781400546895],[126.9764267007333,37.5817559005724],[126.9762704000637,37.582876200216404],[126.972609699935,37.5839329003611],[126.97250609911221,37.5831302004581],[126.97048920054421,37.5828258007091],[126.9703765003705,37.5838436005366],[126.9694531992149,37.581805000818704],[126.9684649002032,37.5815273010964],[126.9677153007482,37.5825101007663],[126.9657092997342,37.5803604000332],[126.96642899931281,37.5780193013883],[126.9627247005912,37.5770263016741],[126.961968200442,37.5782515009964],[126.95930220067879,37.578968900635196],[126.9599379990253,37.5781552001163],[126.95618659985199,37.5771379014127],[126.9534063006995,37.5784534004266],[126.9527869013189,37.5796162992637],[126.95382400042159,37.5805113001966],[126.9526407011399,37.5808908999923],[126.9534842014712,37.5816037024847],[126.9505198002705,37.585203900539405],[126.9507495003194,37.5858447000833],[126.9483270003454,37.5852307009583],[126.9471979009171,37.5859923000922],[126.9473602995661,37.586717500624296],[126.94603379983819,37.5866042002083],[126.9480551989512,37.5853308999775],[126.9467552001679,37.583607900899594],[126.9459484986645,37.5836437993839],[126.94753040021291,37.583868098958796],[126.9509153985822,37.5812887988245],[126.9509563996254,37.5796924991484],[126.9521581000689,37.5802003986607],[126.95278689944011,37.5796162992448],[126.9537720984809,37.5757756010655],[126.9524255995416,37.5750208995982],[126.9538742991889,37.575281497794606],[126.954571198492,37.5730534000227],[126.95413639867189,37.5722832003949],[126.9560665985189,37.5727686983602],[126.95615339843211,37.5712172999116],[126.9473293006216,37.5688017008661],[126.94600030070539,37.571061900854595],[126.9428669007864,37.5671925030807],[126.9409665026868,37.5685681017051],[126.94207180158149,37.570581699691495],[126.9403555999782,37.5720912000478],[126.9405521992014,37.5706848006195],[126.9375964015742,37.5700157008719],[126.9370956010034,37.5712230003813],[126.9379452007728,37.573190700544295],[126.9371110006964,37.5729798007095],[126.93534730008851,37.575173800236705],[126.93369649932309,37.5725167009759],[126.9326779003417,37.5724117010809],[126.931336000938,37.5740875011526],[126.9278951001972,37.573791200402106],[126.927119200676,37.5745805003558],[126.9261944987603,37.5718873012366],[126.9240509996069,37.573357400268],[126.9232616997044,37.5716903005535],[126.9228523997878,37.5732905003224],[126.9188871004665,37.5714062024992],[126.9165896008944,37.5712333034635],[126.91346920111259,37.5729760015874],[126.9135941009877,37.5752801992832],[126.9164760005837,37.575578100137804],[126.9167504006516,37.5768891005384],[126.91550240189959,37.5780447993827],[126.917009000393,37.579036498391],[126.920384399382,37.577783999198104],[126.920787599951,37.576858699434204],[126.9218376005159,37.5775890999453],[126.92038440128451,37.5777840016437],[126.92300590006171,37.582973699225896],[126.9218672000107,37.58276090113419],[126.921199100946,37.5851434989195],[126.9231161004959,37.5863774997721],[126.9227059008648,37.5877484999668],[126.92357200115259,37.5895088004284],[126.9228275016297,37.590385700498196],[126.9230002011822,37.592628999009506],[126.9239173018281,37.593255800483405],[126.92289930121579,37.595166899540104],[126.9250971001867,37.5983316998892],[126.92529720041951,37.5998309997168],[126.92648370055821,37.599524499132],[126.9287950999579,37.600507799602404],[126.9309903003477,37.602469300241104],[126.9298258008546,37.603243299793306],[126.9301384995516,37.6043043003931],[126.9286865010036,37.6031375015599],[126.9284886012015,37.605014099683295],[126.9326346001189,37.6066806995474],[126.9343870006617,37.6052794002075],[126.9342008007168,37.6065604992989],[126.93538480019019,37.606915400010095],[126.934291201183,37.6070428002677],[126.93447190121191,37.609704698015605],[126.937019100256,37.6126292000226],[126.9359103002724,37.611780200607],[126.9346507009828,37.6128834001203],[126.9351371007115,37.614208500111],[126.93432630065129,37.6142320004706],[126.9341939007837,37.6160899986126],[126.93621490402819,37.6186903979835],[126.9343518010936,37.620658101095],[126.9351243003435,37.6217701000787],[126.9344215004842,37.621852200517],[126.9346468003437,37.622502900064],[126.93372919977111,37.6219175005327],[126.930676300291,37.6229802006289],[126.931179999055,37.6225400000759],[126.93046169977329,37.6219827006332],[126.9296200997392,37.622255700550696],[126.9308019987603,37.620769700789],[126.9299458987321,37.6194298005964],[126.92850609993721,37.6199394000774],[126.9280468995436,37.6193041001668],[126.9292898994447,37.6158621001561],[126.9278757003792,37.6153822003885],[126.9265832004706,37.6163301003393],[126.9257198999497,37.6152557007684],[126.924275100675,37.6164693000162],[126.92529400032939,37.6174112001124],[126.9245253005987,37.618350899987306],[126.9254592999067,37.621003400503],[126.9198541999535,37.622421000926806],[126.9171352994758,37.619755900216504],[126.9174044997368,37.6183062995784],[126.9185777989955,37.6175791993217],[126.91799999974731,37.6167200996218],[126.9185682996796,37.6160165995136],[126.92171299986019,37.6157217994714],[126.9218228002392,37.6166409994411],[126.9221777002231,37.6159337998036],[126.9237843998999,37.616335199233305],[126.92534569851999,37.6120627008636],[126.9225481010419,37.6117701009199],[126.9228707007193,37.612447000243],[126.9218598996406,37.6129828007797],[126.9182668004098,37.6111165004296],[126.9181462000969,37.612294500579395],[126.9159005995582,37.612057300443794],[126.9150983997504,37.6074887003701],[126.90907039933171,37.6038777004844],[126.90735819968171,37.6010474011841],[126.9060823002868,37.6012918007729],[126.90647919919421,37.600589500033095],[126.9054988994447,37.6006298003896],[126.90517389921489,37.597321200493504],[126.90410529977,37.5972518001385],[126.90411589884219,37.5950395011641],[126.9030984998596,37.5946464015572],[126.9030302993505,37.5928166002829],[126.9018376993736,37.592401700267104],[126.902687198222,37.5908715998755],[126.9009693995414,37.589595000120504],[126.9015915989192,37.588901100814404],[126.9012210975491,37.586897800947],[126.8989051993295,37.58589420106],[126.89760549916839,37.5840072012283],[126.8957134010605,37.5843186009169],[126.89515750025839,37.585749502267696],[126.8921705995833,37.5839008018254],[126.89065429966669,37.5843495002458],[126.8919540985043,37.5834655004155],[126.8902377002207,37.582181201699804],[126.8859824017465,37.584141601468204],[126.88565460006089,37.586030402093996],[126.8826043993655,37.5834155008817],[126.8839601985494,37.5821532008502],[126.8831038989933,37.5807833001972],[126.8839230001295,37.579317799325196],[126.8869444982527,37.5790706996115],[126.8863695988276,37.577673201009],[126.88515150004571,37.5775654011168],[126.8850857998475,37.5785970000779],[126.8850040969581,37.5775470007857],[126.886253698681,37.5760770973852],[126.88650079856929,37.5741535985996],[126.88813999919971,37.5730299986578],[126.8880664992732,37.5706772010106],[126.88733069983391,37.5710936980592],[126.8908786985856,37.5692517972274],[126.89009729867409,37.5663369983304],[126.89057799819341,37.5644219002455],[126.88802199955731,37.562780600104304],[126.8890041993768,37.5626305989069],[126.8885244998565,37.560895500642],[126.8864285991984,37.562244300639904],[126.8861091994101,37.560811800978705],[126.88701279897349,37.559434101218095],[126.8838538945578,37.553288000356105],[126.88108949732221,37.552425301218804],[126.877890400141,37.5530041004859],[126.87805660361859,37.5537564094518],[126.8746962030468,37.554989209591405],[126.8617874065462,37.564172106764204],[126.8595211073323,37.5673483053712],[126.8642369026165,37.573749398970094],[126.8653254010282,37.5740238000005],[126.8632409001298,37.5754079012119],[126.8642368975802,37.5737494004933],[126.859521102296,37.5673483068944],[126.8558023060148,37.567675706567],[126.8524369013457,37.5697056088433],[126.8491049046777,37.5704670080819],[126.843945800857,37.5751408089109],[126.8384187042397,37.5774975080899],[126.8367680983007,37.5758116021767],[126.83462620023501,37.577511101282106],[126.8325186002622,37.572971700564096],[126.8308550007832,37.5742937006709],[126.83067800034871,37.575955400731395],[126.8285322024945,37.5776775990092],[126.8290579013075,37.578842700582605],[126.8264240012821,37.576410402798],[126.8239387016106,37.5771339027071],[126.8217907004611,37.5763544012711],[126.8191715030803,37.5780373995881],[126.8181766013419,37.5804404017863],[126.8167062005251,37.5813098014749],[126.8151023004994,37.579951202138595],[126.8141115014902,37.5810707010191],[126.8144506003003,37.583393801175504],[126.8140180994321,37.5822473010806],[126.8118402990154,37.5834095016962],[126.8101368007189,37.5823112027945],[126.8074987997474,37.5823296003245],[126.8094992981122,37.5805774012718],[126.8094179981935,37.5797520020972],[126.8046833995413,37.580534900487805],[126.8023151011641,37.5793210012117],[126.7998196993599,37.5812702006322],[126.798955600224,37.5809036009988],[126.79775389973571,37.581619600357506],[126.7985035988171,37.580726399299806],[126.79813849966139,37.5795593993005],[126.79930379958681,37.5798126991386],[126.79891689954789,37.577712100643],[126.7958203993537,37.577875000399295],[126.79908709640529,37.5760174996477],[126.79889969659271,37.5711715044937],[126.79773919629669,37.5702049039354],[126.7988997008028,37.5711715003841],[126.7993937003088,37.5758302957253],[126.80062629941041,37.572519199299805],[126.8025624988191,37.5723998983245],[126.803845399126,37.571147199273696],[126.8033780993776,37.5695627997475],[126.8043332988424,37.5680287006308],[126.802456799468,37.566965500185304],[126.80182379832189,37.564436301729394],[126.8001116000341,37.5643951017706],[126.79681789916259,37.5624330001926],[126.79655049940679,37.5613543996905],[126.8010809994952,37.5610990992378],[126.80223929993349,37.5595927991479],[126.80336079942089,37.559590898642604],[126.8037177990639,37.5583227999107],[126.80657879877239,37.5569428995911],[126.80637989888,37.5561358999228],[126.80723329903789,37.5564599992315],[126.80971429714299,37.5539131004016],[126.81098919956469,37.5510346971854],[126.8121788013394,37.5519500989248],[126.8136433002226,37.550986799613],[126.8139400005743,37.5534555992774],[126.8146426998716,37.5539205988124],[126.8164332996511,37.5521561995764],[126.81650689980059,37.549696700103596],[126.8159334999945,37.549526999636896],[126.81657770000609,37.549133999089605],[126.8171939999,37.5511957982524],[126.8193839990099,37.5492707994549],[126.82146759981771,37.5455293993886],[126.82309620004699,37.5470100985819],[126.8242802991002,37.5442240010665],[126.8231168000264,37.5452132003788],[126.8207677993057,37.543230201024706],[126.8200613989377,37.5440203996499],[126.8207677982313,37.54323020044011],[126.8204508985482,37.5416534020169],[126.81857009773191,37.541451600582405],[126.81700499942569,37.5382996996193],[126.8177491004237,37.538259499572305],[126.8189995997331,37.540174997933896],[126.8201863985463,37.5388993992095],[126.81832469918581,37.53764769958],[126.82039239840951,37.537831997545105],[126.8211193971894,37.5348599993779],[126.8229734996501,37.5350445978544],[126.82403809858549,37.533364399534605],[126.823299499426,37.5327570994014],[126.82572099854261,37.530860298628],[126.8263126979509,37.5275368019515],[126.8211480006199,37.528971600594296],[126.82098040078749,37.5304174991484],[126.8218884004104,37.5303154998658],[126.82098040058149,37.5304175007076],[126.82115860036261,37.5314493011583],[126.8183486998699,37.5310712031518],[126.8161547020639,37.5320471021759],[126.8161171009131,37.5338627022592],[126.8150205996806,37.533185901005396],[126.8159641987407,37.5320449009685],[126.81521359883381,37.530302802429404],[126.8118758012143,37.530149002994904],[126.8096516034385,37.5321390010049],[126.8103068017578,37.5353998005012],[126.8098380995817,37.5336581013989],[126.8070522001694,37.5363284019029],[126.80638169880861,37.5342177019767],[126.8042332009571,37.533989002205395],[126.80320320046489,37.532873201413295],[126.799494000642,37.5323995049284],[126.79749629945641,37.5312798008969],[126.7953134001357,37.5318703012028],[126.7956998986027,37.5306536013348],[126.79468099962159,37.528923503064895],[126.7919904005423,37.529669302664004],[126.7921749993339,37.5288185987706],[126.7924970998995,37.5294754988755],[126.7946809977156,37.5289234994275],[126.7979377982714,37.5255966999051],[126.7969797990618,37.523442800561895],[126.7958967991719,37.5237194004213],[126.7934328006788,37.522631101109496],[126.7923225005205,37.5236905007884],[126.7903317998353,37.5230403008334],[126.7874188000005,37.523953000636396],[126.7860602999699,37.5231689004195],[126.7835910006461,37.5234863003117],[126.78580630136891,37.526081900201405],[126.7840559003552,37.5279507005485],[126.78271800070941,37.5282780007549],[126.78090969911139,37.5258292013025],[126.77806679772,37.5258481015442],[126.7764049997391,37.5232209015534],[126.7719342009814,37.5237738003863],[126.7708034996445,37.5255243002419],[126.7701163994582,37.5244202000915],[126.7668249992957,37.5233311004548],[126.7634889013134,37.5201532024506],[126.7609325014021,37.522059402335806],[126.76072929852329,37.520314402572296],[126.75400450212739,37.5179828060325],[126.749985801514,37.523241600823596],[126.7490581000345,37.522486101061],[126.7485633002453,37.5232102014716],[126.7452638995877,37.522994100540195],[126.7446337996552,37.5227753996398],[126.74481639947261,37.521461300953895],[126.7439254003636,37.5215925008227],[126.7428400006845,37.523299600178404],[126.7417913004672,37.5229837006791],[126.7414459006974,37.5256063018293],[126.7409234995573,37.523740000418094],[126.73619169978471,37.523604500521294],[126.7342950016814,37.5226956014302],[126.7326898004178,37.526551200006],[126.73409810011239,37.527566299986894],[126.7341318004576,37.5285051003796],[126.7331364007268,37.528338700462],[126.7331440005882,37.529499799876504],[126.7349144000351,37.529273199168095],[126.7360592004583,37.5305641997785],[126.73401220059519,37.5306184004257],[126.7338095008408,37.5318501996065],[126.7347072001838,37.5320123000368],[126.73296220090191,37.533052200967504],[126.7322032014379,37.5364486999179],[126.7348750005571,37.540000699196],[126.73707659987899,37.539797699825904],[126.7377792997194,37.5410664992417],[126.7390598999446,37.539392199474904],[126.73918470117209,37.5405742987287],[126.7413165005606,37.5411850992687],[126.74049669945849,37.541820200506194],[126.7393935002849,37.5411598007105],[126.73937770036021,37.542613599727204],[126.742023601157,37.5418624992046],[126.7436905000826,37.542554199509496],[126.7448059002935,37.5443280004237],[126.7430981997886,37.5433727008618],[126.7423040005828,37.5445578996766],[126.7450578003855,37.5459947000006],[126.7445986005149,37.5477413006332],[126.7433541011586,37.5483717000026],[126.7445079001517,37.5497682993654],[126.7450859033795,37.5493200999393],[126.74833940114931,37.5537087991541],[126.7486025006047,37.5549117003891],[126.7465230005864,37.5558905997243],[126.7474624004967,37.5561157999732],[126.7474852013597,37.5571852003936],[126.74576410067951,37.5576098011473],[126.7457072988783,37.5569937007241],[126.7437420005581,37.556668900897],[126.7433053996536,37.5574144004322],[126.7421865984259,37.556696299747095],[126.74318569986569,37.5567703990396],[126.7430495000019,37.5554817003283],[126.7409587995656,37.555161699972],[126.7427901995904,37.5542465995101],[126.74099009870251,37.55142150067859],[126.74127389969759,37.5505902004987],[126.7381880992362,37.550160500901995],[126.7355236998541,37.5483302007662],[126.7323858010005,37.548287001080304],[126.7320224997645,37.5475986008146],[126.7284314998178,37.5489906014851],[126.7277200994758,37.548096901598996],[126.7232041997617,37.5477924004252],[126.7204798998343,37.5464677005579],[126.71951019737111,37.5468424016286],[126.7174729999536,37.5419911017895],[126.7162747004957,37.5431264006841],[126.7167818011363,37.5439546018178],[126.7162746990247,37.5431264007893],[126.7151606988914,37.5433905003421],[126.7174729986908,37.5419910998724],[126.71674229942151,37.5410172008463],[126.7147381990794,37.5405949993819],[126.7169150982348,37.5380827987148],[126.7162186989312,37.5361478006498],[126.7155897995601,37.5362743005233],[126.71436659763691,37.53380559999],[126.7143791976243,37.532399601396],[126.7105395998157,37.5324107005451],[126.7102463993471,37.5305744003188],[126.7089350991901,37.530574301025],[126.7100314992978,37.5290263998947],[126.7107567999975,37.5292554992866],[126.711047599935,37.5278735994182],[126.7125197996191,37.5276892996093],[126.7123242000068,37.526795399307],[126.7153161991262,37.5250619995122],[126.7162389982046,37.522618201587896],[126.7128178990818,37.522587702123204],[126.7126522978031,37.5200634015465],[126.71033420012121,37.5202168013931],[126.7075673028881,37.521187400422505],[126.7076232000699,37.521789300753],[126.7065322003748,37.5203467015757],[126.7050586018484,37.520989800932604],[126.70481180209521,37.5225162994061],[126.7068915008016,37.5225351000072],[126.7049318975376,37.5238718006276],[126.7048117976378,37.522516300933496],[126.7024903999592,37.5225174009324],[126.6990391989567,37.520377100626696],[126.7016552985762,37.5195111982263],[126.7021777980537,37.5176734000641],[126.70052649970499,37.5142868034507],[126.6945015013286,37.5136885008287],[126.6948790008915,37.516055901292596],[126.6938261975306,37.5144102017932],[126.6911901000063,37.515908700239194],[126.69449949805781,37.5135428998306],[126.6930293995279,37.510061503312],[126.6921997003576,37.510590902782596],[126.6888405003344,37.5089263017406],[126.6853342008947,37.5085470013821],[126.68587430064119,37.509799200524505],[126.6847486013459,37.5113596015548],[126.6824565008031,37.512276902379206],[126.6825130000865,37.514327201186696],[126.6795864006516,37.5125278024665],[126.67889800134,37.5131914018029],[126.6791621004004,37.5163869005985],[126.6783207000883,37.515976701629505],[126.6782424994436,37.514630401371],[126.67629340081831,37.5149639010808],[126.6771830013938,37.5196863995224],[126.6784706022218,37.52059479996],[126.6770961007042,37.5210747012201],[126.677201300599,37.522893799401],[126.6783082011007,37.5244377992799],[126.67959140169731,37.5243916003526],[126.6773369005989,37.5249670004108],[126.67795840112379,37.5260479997049],[126.6771712004672,37.5265307012302],[126.6773948980262,37.5259788999933],[126.67574909750711,37.5245559978832],[126.6750111997184,37.5201195005479],[126.6723095996637,37.5188295012866],[126.6722345997374,37.5175826012609],[126.67047579962481,37.5176601019224],[126.6721939987803,37.5169081000506],[126.6721129987962,37.5155602003043],[126.6708923996703,37.5155823002882],[126.6700035994425,37.5135386014435],[126.6667433995709,37.5131010002808],[126.6651930985349,37.5120819005555],[126.6651702985133,37.510809900354495],[126.6636624983045,37.5102553996502],[126.6618234931083,37.506879402860704],[126.66173639799969,37.5046234988548],[126.6642634974099,37.5034939001287],[126.6641944989257,37.5023579989036],[126.66606949857021,37.502286098903596],[126.66670909789451,37.5000140004283],[126.6698599977317,37.498267699947],[126.6697904977041,37.4971442000824],[126.6716912980431,37.4970929993379],[126.6716242999214,37.495847198784],[126.67485599861881,37.495720598843],[126.6743531991216,37.4941021004615],[126.6734500980956,37.4941534004778],[126.6733496981261,37.4924819008492],[126.6714183981418,37.4925651008566],[126.6713118981457,37.4907571010061],[126.6677166990971,37.4900106015077],[126.6711417999073,37.4879968980876],[126.6747365006313,37.4878930000133],[126.6748560014402,37.495720599943695],[126.6754664008298,37.496912798751495],[126.67896299945,37.4970386996647],[126.67892190034861,37.496227497930604],[126.6789630015435,37.4970386992692],[126.6805353014097,37.4967942997696],[126.68044250143029,37.5006049991562],[126.6841865000405,37.5030851970288],[126.6867729007065,37.5037222994268],[126.6861785009021,37.5039849998246],[126.6866109004697,37.505197698611894],[126.69086249836039,37.5063660983003],[126.6916753975475,37.5051314995349],[126.69029310014831,37.5030537972353],[126.6923748998108,37.503959197941896],[126.6941862979994,37.502702899198205],[126.6922525996606,37.501590998552],[126.6941862991572,37.5027028973436],[126.6996722942195,37.502774096990706],[126.7025571913346,37.498671001093804],[126.7022889969621,37.49280859901079],[126.7001206974822,37.491051199166805],[126.69862139898149,37.488249901968096],[126.69767739992551,37.4884511017669],[126.6968370942909,37.4875873999649],[126.697766498897,37.487994498466996],[126.69894529771821,37.4868435996179],[126.6971707998612,37.4851645977384],[126.6992993992929,37.48520159809431],[126.7008158977764,37.4837204995754],[126.6997944987978,37.4823798009161],[126.6975836988523,37.4818332004918],[126.6972924991435,37.4800075023175],[126.6947272988008,37.477676701722004],[126.6932970002311,37.4774660019327],[126.6922047013234,37.478691400707305],[126.6937108994555,37.4816365012057],[126.68915030155499,37.4799600010741],[126.6879640027413,37.4810886999454],[126.68989570272359,37.4870799955983],[126.68868450017209,37.4861710011185],[126.6885896001653,37.487328600205394],[126.68729709908179,37.488257700630896],[126.6850880996974,37.487272000495096],[126.68347319970269,37.487968300394],[126.6835736990727,37.487041600793695],[126.6800755983608,37.4877441009302],[126.67926949904451,37.4863974004668],[126.6806989983538,37.4830314012218],[126.67941329849309,37.4821981987458],[126.6797887981176,37.4795474013966],[126.6763348984264,37.4765783017261],[126.674675399573,37.4770422010281],[126.6744553996137,37.4734276013049],[126.67312009939941,37.4715901017886],[126.6703462992272,37.4706858021748],[126.6683105001731,37.4721738013166],[126.6656599993711,37.4683470003939],[126.6645795999717,37.4679397007259],[126.66347600107531,37.4684267002389],[126.6637834005122,37.4704926013932],[126.66265109977941,37.4710635003432],[126.6613642997313,37.4703445012167],[126.6601847000726,37.4727784006377],[126.65893240041589,37.471865400381],[126.6591161002255,37.472523500459104],[126.6575936990357,37.4724644003118],[126.6559845006449,37.4699857027905],[126.654912401717,37.4708253019509],[126.6548351007259,37.473183801290304],[126.65351940036,37.4707220013467],[126.6514950004301,37.471023201125],[126.650747399831,37.472301000192104],[126.64683640050269,37.468794204057],[126.6441804031587,37.4720151008361],[126.6462196004855,37.4741203002783],[126.6444190001445,37.4744094006828],[126.6444755000616,37.4751053003213],[126.64434370006599,37.4744197006937],[126.6428183009564,37.4748101006955],[126.6428792989101,37.474165800137],[126.6388743003216,37.4730238009373],[126.63769770063391,37.4745600997236],[126.63779170092339,37.4762879998521],[126.6393626000274,37.4768458000091],[126.6355889004849,37.477780600213904],[126.6368540000461,37.4798284000352],[126.6355005001979,37.4797623008443],[126.6342807006215,37.478374500812],[126.6338027998795,37.4799101002435],[126.632123599334,37.4792556009374],[126.62980170030531,37.4796939006911],[126.6301159986287,37.4767622992402]]],[[[126.9293182979821,37.3211308016228],[126.9289109996136,37.320756599656505],[126.931349700044,37.3222355985441],[126.9327680996205,37.3200254976249],[126.9345803998994,37.3217050977632],[126.9358433986364,37.319457300011],[126.9358815985982,37.3168801025882],[126.9350854974094,37.315690994488],[126.936109896385,37.3103965997824],[126.9393966997122,37.310359098176896],[126.94319400114351,37.3091836975264],[126.9444637000024,37.307070599546506],[126.9508667935993,37.307357599259504],[126.9525281006008,37.306330199718396],[126.953642502263,37.3070000995864],[126.9535683023372,37.3117232948632],[126.9552207006848,37.3123133942731],[126.95792729797819,37.311236995349496],[126.9580861986821,37.3064251998294],[126.956937599121,37.305570699613],[126.9581120998562,37.3058299965539],[126.9638679977578,37.300608800899596],[126.9636093980164,37.2987263027821],[126.9586933997462,37.296481500432996],[126.9583707986279,37.295258399745],[126.9587775980156,37.293818698938104],[126.96084020009111,37.2933193990752],[126.9619200995253,37.2911323995145],[126.9641341984022,37.291750698586505],[126.96888489871691,37.291470095044296],[126.9698058000541,37.2886902979437],[126.9697283006544,37.2907874997462],[126.9711591996528,37.2921646982946],[126.9721194993991,37.2909835994817],[126.9727142995207,37.2913160991921],[126.9732120008353,37.289906195955695],[126.97440960013991,37.2909400995386],[126.9757687992569,37.2904950989894],[126.9771898997291,37.291093999340504],[126.97876809993029,37.289425199201794],[126.9783408012085,37.2901630996873],[126.9792220003273,37.29265929719109],[126.98039109915821,37.2931534966969],[126.9822539972953,37.291330098520305],[126.97908769961069,37.2868937017333],[126.9776383992951,37.2882193997439],[126.979962099116,37.285200299890796],[126.9796879993901,37.2845468005443],[126.9775521992814,37.2850201004092],[126.9767261987972,37.2840755002121],[126.9776624994493,37.2826353004058],[126.97700769872141,37.280766299824705],[126.97852779811069,37.279771099634296],[126.9784778988052,37.278875899395004],[126.98028909995979,37.2788647990951],[126.98444039580849,37.2764067015532],[126.9822347997208,37.2743442975542],[126.98432309959689,37.275418998241],[126.9849747007751,37.2732691984722],[126.98708960151771,37.274773398805],[126.98585010443219,37.2771505987145],[126.9878799024024,37.2798118960532],[126.9888932013891,37.2800731957919],[126.991716999767,37.278496697814596],[126.992418999065,37.2770068993044],[126.9939413989695,37.2778656984544],[126.99501500059459,37.2760057998991],[126.9948399008646,37.277041599776],[126.99588820027459,37.2774260995733],[126.9954043006538,37.278259899233404],[126.9967376011152,37.2788477004117],[126.9969550012745,37.2824713990263],[126.9975893012854,37.2833582983609],[126.9994674015627,37.2831810991133],[126.9975174013673,37.283444600139404],[126.9976054012793,37.2851931983908],[126.99904310089339,37.285938799878494],[126.99779450051889,37.2889010006446],[126.9934457005339,37.2912457005324],[126.99132750019379,37.2904201015115],[126.9903284011929,37.2913877005439],[126.988571200178,37.291372600619404],[126.9889935999467,37.2903010993504],[126.9903283999019,37.291387699420504],[126.9909651992651,37.2904460003622],[126.9902083996503,37.2898277998529],[126.9913731995453,37.2881006999684],[126.9901025000359,37.287363300706104],[126.9885946000524,37.289427500554005],[126.98590900033261,37.29021140083319],[126.9853892008339,37.2910757000326],[126.9869784002727,37.2918788003013],[126.98523920024489,37.2912723005548],[126.9837732005522,37.2925903000093],[126.9843031000223,37.2933283992712],[126.98552580025691,37.292982699586304],[126.9857361005206,37.2945472002126],[126.9847853007295,37.294213300685506],[126.984123201171,37.295362699896195],[126.9862450010473,37.2961796000093],[126.9846959019906,37.2968155008545],[126.986600200891,37.299961099403],[126.9862999010395,37.3012318995402],[126.9873718999675,37.3023908983812],[126.9891967007019,37.3023769999781],[126.9873718994197,37.3023909028892],[126.98477060120071,37.303787201687],[126.9855094004619,37.305455700018506],[126.9846003003057,37.3068500002978],[126.9838305998813,37.3061003005043],[126.98241339976799,37.3073848007294],[126.9818572003242,37.3061789019353],[126.97609610009981,37.305632004030606],[126.9731247025481,37.307401302406404],[126.9729423000001,37.309517601521],[126.97156819955029,37.3073511030305],[126.96770200012,37.3075135027764],[126.9625247021762,37.3135879020101],[126.9592619023059,37.3158318004706],[126.9594261021417,37.3173381989642],[126.9617032998645,37.319140997161405],[126.9668537008771,37.3206527996054],[126.9644497003362,37.3212265005062],[126.963286901499,37.3228643988683],[126.96165050107001,37.3269124010031],[126.9618777010064,37.3284982019575],[126.9598037985571,37.327148202489205],[126.9591021001592,37.3250981013533],[126.957826800065,37.3254465017182],[126.9566797016812,37.3301080995293],[126.9570905012704,37.331699097938305],[126.9586167042674,37.332035998419705],[126.9592515026213,37.33339870031519],[126.9569541008945,37.334026701329606],[126.9567357009916,37.3352231006433],[126.95401989715681,37.3309021058188],[126.9512138999628,37.3301651065558],[126.9452262014234,37.33102070193301],[126.9422384013389,37.3325386025782],[126.9421322981932,37.331419401196904],[126.9402296981355,37.3315366011594],[126.93942419881381,37.329727901415204],[126.9381271001109,37.329789501353595],[126.9367558982604,37.3319216007374],[126.9365847983213,37.329887301442],[126.9338886992894,37.330047601389],[126.93435609829851,37.328257200654704],[126.9329371961779,37.3233148024582],[126.9293182979821,37.3211308016228]]],[[[126.8468028986481,37.309456700076296],[126.8477140994961,37.3096195994453],[126.84736689994699,37.3056666994671],[126.8495714989421,37.3057188989532],[126.8498450993193,37.3044742995803],[126.8592083998657,37.3039913999347],[126.8600160997492,37.3032582999175],[126.85995939980589,37.301926401249396],[126.8585964993188,37.3015772998598],[126.8589246999891,37.2996692997947],[126.8627401988809,37.300167499406804],[126.86268389974359,37.2981218993514],[126.86363759878991,37.2976398998334],[126.8626050997128,37.2968220994903],[126.8648026992556,37.2958794993572],[126.8644833995749,37.295221500015195],[126.8664092990845,37.2942018000097],[126.8664910993773,37.2934411992767],[126.8665823008348,37.2950656996019],[126.86723120018591,37.2954866991809],[126.8678177013159,37.2946623994264],[126.8696691999547,37.295777199192905],[126.8702559999404,37.2973339987362],[126.87104840037621,37.2969664995636],[126.870652800417,37.2981853991231],[126.87370399998271,37.298118899647896],[126.8748712995442,37.3002578978412],[126.8760299003342,37.3005590994256],[126.8750015019636,37.303370703610405],[126.8731381005759,37.3039454010035],[126.8715931006337,37.3017789025763],[126.86692340084291,37.3019476007141],[126.86692210085809,37.303410999382294],[126.8694299012815,37.3059207004532],[126.8642347006095,37.3098545007293],[126.8635525998079,37.306162103138604],[126.86133960006599,37.3074084028274],[126.8575324001171,37.3049011015341],[126.8572461000865,37.306491300742294],[126.8563536004205,37.3059812013453],[126.854570901709,37.3071924004811],[126.8548302999335,37.3090546003193],[126.8542671000472,37.3077895011087],[126.8536338006805,37.3083574005408],[126.8542364025116,37.310149902311196],[126.8523299004547,37.3094587010005],[126.8506248021598,37.310890799568405],[126.84973359976739,37.313901100566206],[126.8477839997409,37.313582001082196],[126.84800709956811,37.3122576006591],[126.8465367996309,37.3115012000771],[126.8468028986481,37.309456700076296]]],[[[126.9896878987013,37.263143700532],[126.9912880000557,37.260303999688],[126.9936520995837,37.2592569995412],[126.9954605000041,37.258972499405296],[126.9963109002577,37.261096698921804],[126.99846999896539,37.2595271002745],[126.9966286994126,37.257655197232104],[126.9976669018065,37.258727298568395],[127.0011228998051,37.2585118986307],[127.00050920082569,37.2609853001773],[127.00434710065001,37.261787799503],[127.0035588999443,37.2616313002794],[127.0032228997882,37.2625386003537],[127.0036213994074,37.2615253004366],[127.0020844009444,37.261527100434805],[127.0003854001114,37.2644630008162],[126.9992403001643,37.2645702005494],[126.99926500013959,37.2655210995985],[127.0009126002205,37.2661662995161],[127.00039490089101,37.2672485997701],[127.0013453999405,37.2674174996012],[127.0013385999776,37.2663845994332],[127.0025161005172,37.2666525995375],[127.0017627018159,37.267981200323604],[127.0033155002631,37.2698334984713],[127.0043672006298,37.2696280999563],[127.00369220086,37.2707048007588],[127.0024734010931,37.2707752009344],[127.00193560163089,37.271918799790804],[127.0028319007346,37.2724844992251],[127.002511000781,37.2731926000697],[126.9990634006044,37.2724181009776],[126.9989236999062,37.2737475004152],[126.998892099444,37.2726299006889],[126.9978159995129,37.272415900743596],[126.9951673991778,37.273785401256305],[126.9967739993002,37.27261999956281],[126.997687399293,37.2709766992363],[126.9973211996592,37.2700203001927],[126.9951633009456,37.2704394009246],[126.99463299959929,37.2715983005009],[126.99328559870139,37.271065000597304],[126.9919575000295,37.2687555029068],[126.9898212995194,37.2682132038552],[126.99083299869079,37.266680599768904],[126.98960049902189,37.2659581996144],[126.990986398406,37.2640160000835],[126.9896878987013,37.263143700532]]],[[[126.79650989680151,37.3840801965866],[126.7987759971798,37.381021499149504],[126.798287898008,37.37809389924411],[126.8026063017507,37.3774387950592],[126.8065863978702,37.375795096680996],[126.8089384975478,37.372716898837304],[126.8079615982638,37.3703044002603],[126.8057778978761,37.369196900311096],[126.807304699223,37.3662468001412],[126.8065221996881,37.363899101356395],[126.8045822016281,37.3643676008879],[126.8051718983377,37.367068701407995],[126.8041853978103,37.3652465004334],[126.8045821985378,37.3643675997428],[126.80356759777719,37.363644794528504],[126.8072127019144,37.362469091201596],[126.8109554033196,37.363902696137295],[126.80755660332059,37.363612201795796],[126.8075094033678,37.366206999201005],[126.8089300013419,37.370126999200195],[126.808889101823,37.3747726994397],[126.811197900068,37.3756572989768],[126.8123562006127,37.3746359987462],[126.812303302891,37.3779222997165],[126.81448870116199,37.3785177000232],[126.8123033008546,37.3779223032939],[126.8092052028041,37.3796007022912],[126.8086737033356,37.3808801010118],[126.8115275008928,37.382396299527],[126.81214470522191,37.3838753026715],[126.8086531021654,37.384765104704904],[126.80611640165779,37.386627604306796],[126.8068195009547,37.3906798002546],[126.8051229010556,37.3902255009677],[126.8049096008902,37.3907371013288],[126.8034872002503,37.390105200603],[126.8032454988456,37.389085099598105],[126.804743098769,37.385280200908795],[126.79983870006359,37.3845326030359],[126.79877759942009,37.3864489019982],[126.79650989680151,37.3840801965866]]],[[[126.7752945986622,37.403307400795505],[126.7754208045644,37.4026442914302],[126.7762018037834,37.4027920912824],[126.7808940007491,37.4051190887876],[126.78586560126189,37.402907191424305],[126.790256300049,37.398373198686],[126.7896706011791,37.399082799237306],[126.7932860998047,37.400097598547205],[126.79368440044351,37.401483397952894],[126.7964276977002,37.4011860982502],[126.7969870971408,37.400270299166],[126.79539300053571,37.398025399552004],[126.7969871015593,37.4002702994535],[126.7967288016494,37.4009805994503],[126.7987602006865,37.4010289998194],[126.7998391035304,37.404505199538605],[126.7982854006779,37.4073601011587],[126.79398690497639,37.4095666989521],[126.79394480204981,37.4124344009427],[126.7906438029042,37.4105500033812],[126.7896748038732,37.4109725029587],[126.7884009051471,37.4148583990728],[126.7922455004833,37.418155398413305],[126.79279840063839,37.4176978001329],[126.7898280024248,37.41938179999109],[126.7894687972392,37.4204736025099],[126.7892813980599,37.4172790998169],[126.7884694984297,37.4158192006104],[126.787013497898,37.4153832009374],[126.7884008990371,37.4148583984057],[126.7891666982713,37.4111162021479],[126.78849799894,37.4100062032579],[126.7846116028264,37.4088350044291],[126.78330940321939,37.4097255041132],[126.78295610131951,37.414822901122896],[126.7836696012419,37.4170980992225],[126.78199199805181,37.4168599003474],[126.78033289766381,37.4152298013954],[126.7801089977134,37.4114601031413],[126.77800189945191,37.4061963999565],[126.7808939971312,37.405119100838704],[126.77669560126729,37.403227102632],[126.7752945986622,37.403307400795505]]],[[[127.0549304994594,37.5891667001897],[127.05499009994709,37.5879459997645],[127.0559794002069,37.5888689994321],[127.05637769980859,37.5881129001882],[127.0555100000461,37.587764199603406],[127.0570003003888,37.5874138996219],[127.056812200279,37.5884250996209],[127.0603953006854,37.5887904000368],[127.0608686009009,37.590341000059105],[127.05885310009299,37.590407500804496],[127.05810489918811,37.591271600583596],[127.0569712999279,37.5900327003421],[127.0555760997956,37.5902261008059],[127.0549304994594,37.5891667001897]]],[[[127.0846650993789,37.5810481997474],[127.08676509962669,37.5783439997136],[127.0878356993195,37.579233698863305],[127.0882368005871,37.5782794992379],[127.0895721000831,37.5793067990532],[127.0910707999762,37.5785895998215],[127.0912478002861,37.5797015000531],[127.0925677001816,37.5806123000092],[127.088363699517,37.5841407005513],[127.0846650993789,37.5810481997474]]],[[[126.9408068993633,37.5902167005221],[126.94247969954121,37.588082900092104],[126.9411922996275,37.586948299911505],[126.9433934997129,37.5865064996571],[126.94412609948371,37.587151599278],[126.9438078999535,37.586147499855905],[126.9454372003957,37.5866474996566],[126.94484910097209,37.5871970003393],[126.945296000936,37.5878173003766],[126.9440869005362,37.5880925004182],[126.9423916995993,37.590210200695005],[126.9416979002931,37.5900320008732],[126.9417754005316,37.5914303003759],[126.9408068993633,37.5902167005221]]],[[[127.0969371993128,37.5129140003157],[127.0990859004394,37.5130058978766],[127.1004582998433,37.5105582998431],[127.10178740057371,37.5107155991966],[127.10033380061161,37.5120566001748],[127.1012784996669,37.512369399861996],[127.1014642001599,37.5118111995737],[127.10139400095309,37.5133883987469],[127.1028294995176,37.5133190988162],[127.1035574004925,37.5149067004814],[127.1015722002064,37.5152352012228],[127.1011559994553,37.5136598012618],[127.0993550007552,37.514454301265594],[127.0991750997278,37.5134865002858],[127.0969371993128,37.5129140003157]]],[[[126.8351617996112,37.316610000461],[126.836553898805,37.3149420993196],[126.8363242989823,37.3122057000557],[126.8394516984504,37.3113595998715],[126.8385933998988,37.3104371988547],[126.84462670032761,37.3144992998857],[126.84290990039,37.314836901339405],[126.8427920004281,37.316201300162604],[126.8414801987855,37.3162646004984],[126.8419084977545,37.3153125005438],[126.8406341990288,37.314033001823304],[126.8389603007027,37.314812601043705],[126.83900700066509,37.3157884002198],[126.8368000000458,37.3176203006562],[126.8351617996112,37.316610000461]]],[[[127.0850483997233,37.5879059999424],[127.0872682995828,37.587470099634096],[127.0881880000923,37.5864859996192],[127.0882694007491,37.5877378992735],[127.089424600683,37.5876163000258],[127.0900000005462,37.588916300130904],[127.0872984002103,37.5894438004649],[127.0869606998887,37.5904274004535],[127.0872983991294,37.5894438007819],[127.0850483997233,37.5879059999424]]],[[[126.80652619836239,37.3344645000856],[126.8077110995581,37.3345280997118],[126.8072255994001,37.3337337993531],[126.8085716995977,37.3327210995303],[126.8109275003103,37.3326044994945],[126.8117461998691,37.3334958984109],[126.8129744999426,37.3334344993224],[126.81316530065709,37.3356861002588],[126.81193470093929,37.3351423012743],[126.8116425012315,37.3364964999201],[126.8101218001367,37.3373057005376],[126.8068520998234,37.3359907000951],[126.80652619836239,37.3344645000856]]],[[[127.0225371992961,37.6048012998357],[127.02427099958369,37.6031566994999],[127.02432999977101,37.601849799464894],[127.0250814008392,37.6028289991435],[127.0273327020079,37.6028035997599],[127.0266464002826,37.604768399769995],[127.027807500949,37.605279500118804],[127.02394339906299,37.6063414005896],[127.023547898589,37.6047642009881],[127.0225371992961,37.6048012998357]]],[[[127.0504863995467,37.5819231998398],[127.0512185993215,37.5816976000311],[127.0505503999323,37.5798722997418],[127.0521569004282,37.5807694995974],[127.0521912001345,37.5819048001735],[127.051286099723,37.582428400174194],[127.0504863995467,37.5819231998398]]],[[[126.8197175989566,37.3186710018241],[126.8190871989587,37.3151625000567],[126.8220526009097,37.3135807987171],[126.823500000892,37.3149378996956],[126.82215560124351,37.3150043013522],[126.8212199006964,37.317329899527394],[126.8225372016385,37.3177097991205],[126.8234319022753,37.3191478004602],[126.8212726012388,37.3198611011565],[126.8205042001334,37.3210421005877],[126.8197175989566,37.3186710018241]]],[[[126.91714409923121,37.6361636991565],[126.918801199425,37.635322699332306],[126.91884400030641,37.6344803989921],[126.9205935019981,37.6358473005755],[126.91872290002631,37.6380859009627],[126.9187375998871,37.6362371005111],[126.91714409923121,37.6361636991565]]],[[[127.1090838973991,37.394889900003704],[127.10965799896469,37.3923653002241],[127.1112643999596,37.3914410998242],[127.11272870025401,37.3935953986264],[127.1140081021136,37.3937715993096],[127.1142385007418,37.396324300000906],[127.11225789996111,37.3971560006731],[127.11122090043011,37.396206500949],[127.1094489984298,37.3963493020743],[127.1090838973991,37.394889900003704]]],[[[127.03506609985189,37.591910299851],[127.0363500993226,37.5905165000898],[127.0356861996602,37.589265400000905],[127.0371500004687,37.5883999997262],[127.03792920029399,37.591774100631504],[127.0361678001354,37.592555000527796],[127.0359286997825,37.591640600635095],[127.03506609985189,37.591910299851]]],[[[127.0506224982095,37.4526111009749],[127.0507749959585,37.451406397441204],[127.0530016995441,37.450448799068496],[127.0546860978597,37.4481191013982],[127.0531685993772,37.4424831070342],[127.0524027975813,37.442221098317795],[127.0532782048513,37.441555196205],[127.0575137010209,37.443128194934395],[127.0598314987031,37.4404216976409],[127.0604220015261,37.4408505983166],[127.060989703758,37.4436515036503],[127.0601507032055,37.4474150010628],[127.0626190009755,37.4490596025813],[127.0584834041438,37.4519174007154],[127.05870660053259,37.452890002968],[127.0570736990373,37.452615702112304],[127.0547802000967,37.453587900813304],[127.0530784011251,37.452791301137104],[127.05262439917419,37.454335400738096],[127.0506224982095,37.4526111009749]]],[[[126.97719399962149,37.2485407998622],[126.9789706001441,37.2479222996925],[126.980142800138,37.248715398859304],[126.9822194992305,37.2478935995119],[126.9826389010403,37.2483436996687],[126.98199920073921,37.2487153000463],[126.983024201272,37.249418500656],[126.9822979010469,37.251247900311505],[126.9811233002863,37.2504827009658],[126.9807790000494,37.2512435008784],[126.9779976990917,37.2500504001436],[126.97836339965501,37.2493161001931],[126.97719399962149,37.2485407998622]]],[[[126.6151747995362,37.476534598276004],[126.61590169997659,37.47498799873831],[126.6175064996836,37.4752053983365],[126.6182329993822,37.4732302995603],[126.61947450052689,37.4742654998035],[126.6195601003179,37.4759914003174],[126.6180719004152,37.478301100498705],[126.6171225996784,37.475303600278096],[126.6159017008566,37.474988000598],[126.6151747995362,37.476534598276004]]],[[[127.06274049953241,37.5609469991908],[127.0649429011094,37.5593991973393],[127.06743780070839,37.5609756002142],[127.06665240011989,37.561732100222],[127.0647819005741,37.5613663001063],[127.0652643002037,37.5622593003107],[127.0638169997612,37.5615059009211],[127.06294179949751,37.5619022006991],[127.06274049953241,37.5609469991908]]],[[[126.810479997194,37.3465859001698],[126.8137833008624,37.3443257993537],[126.8143027005848,37.3454863011687],[126.8120711012561,37.3468528015596],[126.8110167023105,37.3486669997454],[126.8124935008337,37.3497161986962],[126.81369400037279,37.3494774989602],[126.81551469993289,37.3474432991825],[126.8156578003877,37.349197699323],[126.8168926019393,37.3490189998428],[126.8156577999038,37.3491977012511],[126.8145384008276,37.3483656016459],[126.8136940001244,37.3494775009549],[126.8091441989561,37.3495190010943],[126.810479997194,37.3465859001698]]],[[[127.0513594994496,37.5675690004109],[127.0515223000402,37.5656543995787],[127.0537697006945,37.5657604996002],[127.0513594994496,37.5675690004109]]],[[[127.0631325995957,37.5950416001984],[127.065087100456,37.5959867001797],[127.0637697998585,37.5961214004109],[127.0631325995957,37.5950416001984]]],[[[127.014010698972,37.2658210011558],[127.0146734997264,37.2638922996518],[127.01542090087709,37.264979798856196],[127.0178261020362,37.2650260978549],[127.01595170079361,37.2656383006947],[127.016715400626,37.2665013999027],[127.0162423998939,37.2667583011403],[127.0150715986016,37.2665734008281],[127.0156063991184,37.265693500568496],[127.014010698972,37.2658210011558]]],[[[127.03160869870571,37.2103932996875],[127.03395049890321,37.2068413997157],[127.0350051987788,37.2066760991854],[127.0347310993855,37.2050262993496],[127.03590710018851,37.2047575981463],[127.03807570043179,37.2083780994618],[127.0373099999304,37.209520000808],[127.0359067008703,37.2085031017539],[127.0341473001688,37.2088305018844],[127.0337410005751,37.2103981003168],[127.03160869870571,37.2103932996875]]],[[[127.0091461994144,37.2450248000315],[127.0111494002813,37.245922698934905],[127.0119849994457,37.245233599624],[127.0130938014724,37.2416651994834],[127.01198500074389,37.2452335996133],[127.0130366008091,37.2458644004991],[127.0091461994144,37.2450248000315]]],[[[127.0484799991572,37.580690000438],[127.0482089992948,37.5792684989329],[127.0499314002902,37.5787448996118],[127.0488075001346,37.578914200993],[127.0484799991572,37.580690000438]]],[[[127.10334169942381,37.5216674993257],[127.1043917002783,37.5193846995445],[127.1048237008726,37.520882800303],[127.1043951999371,37.5217391003714],[127.10334169942381,37.5216674993257]]],[[[127.1070780989907,37.3685314998945],[127.10983450011831,37.368397100001104],[127.1084910011277,37.3682645003813],[127.1083100002247,37.3686796018749],[127.1070780989907,37.3685314998945]]],[[[127.0816502984705,37.4850036993866],[127.0828378981149,37.4838073986008],[127.0813045997584,37.4821933997061],[127.0830176984303,37.4821069992135],[127.0826993002094,37.4811530990304],[127.0842864028462,37.481388799151496],[127.08527640185619,37.4834877970525],[127.08815990403,37.4836291977071],[127.0851432995707,37.4853601018849],[127.0833403003749,37.485493601591195],[127.0827450000926,37.4868101001363],[127.0816502984705,37.4850036993866]]],[[[127.0951954986198,37.501941399852],[127.0974321013589,37.5011698997098],[127.09728150148459,37.5023804996491],[127.0987880005602,37.5029718997263],[127.09708030058991,37.5036085003704],[127.0971342994483,37.5042842000678],[127.09708029946191,37.5036085003704],[127.0953453987341,37.502972600578296],[127.0951954986198,37.501941399852]]],[[[126.69577579977651,37.433723500205396],[126.69786930329829,37.4341731990327],[126.6985918010201,37.436225102726304],[126.69677229907701,37.4364022007325],[126.6978692993733,37.434173200432895],[126.696718399978,37.4344460001963],[126.69577579977651,37.433723500205396]]],[[[127.10073699867249,37.4880794985911],[127.1003478995753,37.4869720981829],[127.10210199955151,37.486132998791206],[127.103028700742,37.486423900039995],[127.1020964006903,37.4872307996979],[127.10377820045099,37.487778000305596],[127.102558400947,37.4875695008947],[127.10216289926569,37.4885118016341],[127.10073699867249,37.4880794985911]]],[[[127.08845629911801,37.5523866001695],[127.0894317988616,37.5518796002832],[127.08882679901211,37.5505877989387],[127.08969739986391,37.551355598711204],[127.09021660039811,37.5506270995462],[127.0907819004438,37.5516060005311],[127.08961500019659,37.5525850011069],[127.08845629911801,37.5523866001695]]],[[[126.6975926991008,37.4277079005613],[126.69904960018239,37.4259882992562],[126.6992337002165,37.427267400262295],[126.6975926991008,37.4277079005613]]],[[[127.04121529941851,37.601254899811],[127.0422788003396,37.6015824995773],[127.04171880034569,37.6023773003864],[127.04121529941851,37.601254899811]]],[[[127.08484199950489,37.5954811994822],[127.08661040031319,37.595957900086304],[127.0855113999998,37.5963827005487],[127.08484199950489,37.5954811994822]]],[[[127.1018296997944,37.5113716000133],[127.1021097999997,37.5110502998492],[127.1028055005625,37.5118086001306],[127.1018296997944,37.5113716000133]]],[[[127.0496310996011,37.5617889004223],[127.0513876001402,37.562498000117095],[127.0500385003242,37.5628689014403],[127.0496310996011,37.5617889004223]]],[[[126.7348256991401,37.5710440987457],[126.7373841006962,37.5707749997024],[126.7367544005048,37.5713464003925],[126.7348256991401,37.5710440987457]]],[[[127.0291588994156,37.6134711995431],[127.0302882009323,37.6123429992763],[127.03023060068979,37.6135540006956],[127.0291588994156,37.6134711995431]]],[[[127.0844343998028,37.536673299959794],[127.0854908005863,37.5370234002185],[127.0850380000388,37.5368207000247],[127.08468719973891,37.536887100720705],[127.0844343998028,37.536673299959794]]],[[[126.9352856985193,37.600902500108596],[126.93597170092829,37.6008037994614],[126.93528570016929,37.6009025009409],[126.93535659966861,37.6020070005409],[126.9352856985193,37.600902500108596]]],[[[127.098066399549,37.5154316003308],[127.0985187003352,37.5151882998591],[127.0986241002904,37.51617560062979],[127.098066399549,37.5154316003308]]],[[[126.8077882992293,37.3202754999674],[126.8086645996345,37.319097799074704],[126.80968420180841,37.319734102426196],[126.8089382011813,37.3208139014153],[126.8077882992293,37.3202754999674]]],[[[127.1067111999354,37.5049346996199],[127.1073932003311,37.504810999502],[127.1073242000921,37.5052335002048],[127.1067111999354,37.5049346996199]]],[[[126.8185485979093,37.6159186009239],[126.8199021992578,37.615778296129506],[126.8186825022453,37.6161667017151],[126.8199542010309,37.6186806009218],[126.8185485979093,37.6159186009239]]],[[[126.80507499798371,37.3205295006627],[126.8063660014488,37.3196900975231],[126.8059820993758,37.3205904023667],[126.80507499798371,37.3205295006627]]],[[[126.82532909884661,37.3171283997019],[126.8257436017487,37.31614159917],[126.8263613005879,37.3170343001994],[126.82601220079789,37.3175862005171],[126.82532909884661,37.3171283997019]]],[[[126.86763189847781,37.30941180023],[126.8692267010035,37.307847499021804],[126.8692998009672,37.3089315996019],[126.86763189847781,37.30941180023]]],[[[126.843137898751,37.6128071000068],[126.843576300829,37.6126206001945],[126.8433385006056,37.6129594010604],[126.843137898751,37.6128071000068]]],[[[127.0437531997799,37.553929099897],[127.0439503996482,37.553717999652704],[127.0442728005495,37.5539923999894],[127.0437531997799,37.553929099897]]],[[[127.0445883992018,37.5702561013752],[127.046795100288,37.5698781999738],[127.04499990000049,37.570736201058295],[127.0445883992018,37.5702561013752]]],[[[126.6768196991217,37.543803699590896],[126.67764620146009,37.543756199953094],[126.6768881008625,37.545041000611995],[126.6762752996807,37.544550700007505],[126.6768196991217,37.543803699590896]]],[[[126.97475759937771,37.2819440998342],[126.9757622004346,37.2812394001003],[126.9753053007298,37.282544900754],[126.97475759937771,37.2819440998342]]],[[[126.9351977995295,37.5621651002492],[126.93513219997669,37.561858799931606],[126.9352901000984,37.562117900125095],[126.9351977995295,37.5621651002492]]],[[[126.7422282995841,37.5659115013617],[126.7426232011473,37.5638162974505],[126.7422331022033,37.566581600559296],[126.7422282995841,37.5659115013617]]],[[[126.9913081996621,37.5272595998151],[126.99172930014551,37.527219199914896],[126.9916874002308,37.527538300299504],[126.9913081996621,37.5272595998151]]],[[[127.0451333989657,37.5538971995459],[127.0456732012063,37.5539181999945],[127.04523060039999,37.553987900555704],[127.0451333989657,37.5538971995459]]],[[[126.6727055989155,37.52462710146369],[126.6733425999136,37.5244448979943],[126.6740134014077,37.5249414010308],[126.6727055989155,37.52462710146369]]],[[[126.82238739882949,37.6108194999885],[126.8240690997178,37.6108659981945],[126.82447450327989,37.6108660019965],[126.8240690992485,37.6108660010615],[126.82238739882949,37.6108194999885]]],[[[127.0306526992525,37.4738427996347],[127.0307702001006,37.473712898580104],[127.0309034005713,37.473824800408906],[127.0306526992525,37.4738427996347]]],[[[126.97803249920669,37.3118256993836],[126.9784907998803,37.311805298631704],[126.97842300023251,37.312075500049],[126.97803249920669,37.3118256993836]]],[[[126.6736316997853,37.4845705007494],[126.674543900455,37.4854021992667],[126.67451670092059,37.4855875004921],[126.6745438988731,37.4854021999177],[126.6736316997853,37.4845705007494]]],[[[127.0496742994061,37.581413799982],[127.0498107002224,37.5815815001815],[127.0497180996811,37.581468000629],[127.0496742994061,37.581413799982]]],[[[127.0897680994891,37.5772320000372],[127.0899364002007,37.5770519996653],[127.08996910022961,37.577280000063105],[127.0897680994891,37.5772320000372]]],[[[126.84557170004979,37.3070264998103],[126.8456280999934,37.306956999879795],[126.8457669010195,37.3070170004709],[126.84557170004979,37.3070264998103]]],[[[126.918296299465,37.3203787986892],[126.91918279941851,37.3197846980005],[126.91918280157991,37.3197846986732],[126.918296299465,37.3203787986892]]],[[[126.92269379992031,37.400835799979305],[126.9227879000354,37.4005827999461],[126.9227357999907,37.4008739001284],[126.92269379992031,37.400835799979305]]],[[[127.0351054996908,37.588651499699594],[127.0352069996892,37.5886065997004],[127.0352070006223,37.5886066001179],[127.0351054996908,37.588651499699594]]],[[[127.0792351997669,37.4826138995946],[127.0799026010502,37.4827047997034],[127.0798301011227,37.4830145993936],[127.0799025994786,37.4827048002389],[127.0792351997669,37.4826138995946]]],[[[127.0913197998066,37.5120931003996],[127.0913198006694,37.5120930991015],[127.0919422003416,37.5118357996599],[127.0913197998066,37.5120931003996]]],[[[126.8051603996312,37.3509659998706],[126.8050550993877,37.350462898616094],[126.8059009006623,37.3502184972973],[126.8051603996312,37.3509659998706]]],[[[127.1174755995509,37.492178599713306],[127.117475601403,37.4921785991572],[127.1174756004669,37.4921786010644],[127.1174755995509,37.492178599713306]]],[[[126.6771305988267,37.5521879986558],[126.67713060438909,37.5521879991986],[126.6771306000679,37.5521880013157],[126.6771305988267,37.5521879986558]]],[[[126.9303648996615,37.3388475004908],[126.9309682999074,37.3387622990594],[126.9309899007865,37.338862800263],[126.9303648996615,37.3388475004908]]],[[[127.0666763997735,37.4867891998222],[127.0670937008153,37.486922199510204],[127.06709369992011,37.4869222009275],[127.0666763997735,37.4867891998222]]],[[[127.02341899927781,37.6016312999558],[127.0234190003771,37.6016312991147],[127.023404499274,37.6017818009951],[127.02341899927781,37.6016312999558]]],[[[127.03802039989789,37.549168200051],[127.0380825004112,37.5490882997388],[127.03802040064369,37.549168200911296],[127.03802039989789,37.549168200051]]],[[[126.7396923967045,37.5560227032201],[126.7398537006707,37.5557139994197],[126.739987001327,37.5561698017044],[126.7396923967045,37.5560227032201]]],[[[126.81419609860221,37.3509707992723],[126.8141961032493,37.3509708030058],[126.81419610019961,37.350970803757],[126.81419609860221,37.3509707992723]]],[[[126.9206010998216,37.595595599503206],[126.9209046001024,37.5954974999345],[126.9206011001737,37.5955956002149],[126.9206010998216,37.595595599503206]]],[[[127.0011824999506,37.2656849999974],[127.0011825000761,37.2656849994042],[127.0011825003466,37.2656849995932],[127.0011824999506,37.2656849999974]]],[[[127.06717259950601,37.6016872002284],[127.0671726004675,37.6016871997523],[127.06717259997731,37.6016872006702],[127.06717259950601,37.6016872002284]]],[[[126.67528279808441,37.5438931007459],[126.67528280065861,37.543893099501496],[126.6752828008089,37.543893100335396],[126.67528279808441,37.5438931007459]]],[[[126.7886205992459,37.3270111005254],[126.7886206007153,37.3270110993269],[126.78862060059541,37.3270111008724],[126.7886205992459,37.3270111005254]]],[[[126.8089474995713,37.6317545998859],[126.808947500683,37.6317546001694],[126.80894749988221,37.6317546011367],[126.8089474995713,37.6317545998859]]],[[[126.98453209912759,37.408347900949906],[126.9845321006127,37.408347899370504],[126.9845321018645,37.4083479028371],[126.98453209912759,37.408347900949906]]],[[[127.1036877999734,37.545335899337395],[127.1036878004197,37.545335899874196],[127.1036877996188,37.5453359001313],[127.1036877999734,37.545335899337395]]],[[[126.69393569934739,37.417975100163],[126.69393569920089,37.4179750992805],[126.6939357012631,37.4179750992782],[126.69393569934739,37.417975100163]]],[[[126.7391375995634,37.515373500455304],[126.73913760037,37.5153734994224],[126.7391376004311,37.5153735002891],[126.7391375995634,37.515373500455304]]],[[[126.79677799964891,37.5812023000949],[126.7967780001816,37.5812022991959],[126.79677800029211,37.5812022999719],[126.79677799964891,37.5812023000949]]],[[[126.81043969940751,37.3697661005858],[126.8104396998322,37.3697660995611],[126.810439701047,37.3697660992599],[126.81043969940751,37.3697661005858]]],[[[126.9365399999104,37.5619297999108],[126.93654000011189,37.561929800038],[126.93653999999559,37.5619298001047],[126.9365399999104,37.5619297999108]]],[[[127.03465079955609,37.5335614999343],[127.03465080088229,37.533561500430395],[127.0346508002271,37.5335615012986],[127.03465079955609,37.5335614999343]]],[[[127.07617999964829,37.5947673002859],[127.0761799998174,37.594767299687604],[127.07618000030439,37.5947673003252],[127.07617999964829,37.5947673002859]]],[[[127.0945210998348,37.535119600122],[127.0945211007182,37.5351195996555],[127.09452110025329,37.5351196003957],[127.0945210998348,37.535119600122]]],[[[126.7987368996413,37.3999946004363],[126.79873690020979,37.3999945995154],[126.79873690015829,37.3999946002357],[126.7987368996413,37.3999946004363]]],[[[126.8163602993121,37.4615644006618],[126.8163603006117,37.4615643992835],[126.8163603012109,37.4615644004169],[126.8163602993121,37.4615644006618]]],[[[126.8511294987192,37.44229989971],[126.8511294994474,37.4422998989316],[126.8511295004156,37.4422999006583],[126.8511294987192,37.44229989971]]],[[[126.8825899998017,37.4815900000278],[126.88258999989819,37.4815899996934],[126.88259000024699,37.4815900000881],[126.8825899998017,37.4815900000278]]],[[[126.9364287999387,37.5616077999214],[126.9364288001296,37.5616078001561],[126.9364288000135,37.561607800206595],[126.9364287999387,37.5616077999214]]],[[[126.9702239999041,37.3537339004189],[126.9702239988153,37.3537339005548],[126.9702240000804,37.353733899709404],[126.9702239999041,37.3537339004189]]],[[[126.9762497997895,37.285758499924],[126.9762498005838,37.2857584996708],[126.9762498002005,37.2857585003767],[126.9762497997895,37.285758499924]]],[[[127.0383675997153,37.5829280999237],[127.0383676002424,37.5829281000119],[127.0383675997834,37.582928100078995],[127.0383675997153,37.5829280999237]]],[[[126.7964663996663,37.581487200495],[126.7964663999605,37.58148719981],[126.7964664003036,37.581487199984394],[126.7964663996663,37.581487200495]]],[[[126.85980789984801,37.2991242000068],[126.85980790033051,37.2991241999291],[126.85980790016461,37.2991242001817],[126.85980789984801,37.2991242000068]]],[[[126.8822595998431,37.501797100028895],[126.882259600132,37.5017970998831],[126.8822596000262,37.501797100092],[126.8822595998431,37.501797100028895]]],[[[127.03067489928699,37.261860500508796],[127.0306748999808,37.2618604999533],[127.03067490087689,37.2618604996511],[127.03067489928699,37.261860500508796]]],[[[127.03806689989331,37.5485673002412],[127.03806689993161,37.5485672998542],[127.03806690011321,37.5485673000365],[127.03806689989331,37.5485673002412]]],[[[126.6754418992835,37.5249267999131],[126.67544190015589,37.524926799881804],[126.67544189997919,37.5249268010454],[126.6754418992835,37.5249267999131]]],[[[127.0140762992705,37.245252799855],[127.014076300288,37.2452527998405],[127.0140762999182,37.2452528007775],[127.0140762992705,37.245252799855]]]]}}]}