{"type":"FeatureCollection","features":[{"type":"Feature","properties":{"interval":15,"stationId":"5909995037","profile":"off-peak"},"geometry":{"type":"MultiPolygon","coordinates":[[[[127.0435806988292,37.5110343006471],[127.0435806997244,37.5110342990868],[127.0435807008877,37.5110342998205],[127.0435806988292,37.5110343006471]]],[[[127.043789298691,37.4859608998127],[127.04616610028539,37.4852992996137],[127.0468179003092,37.4870758013156],[127.0445486001536,37.4870662007564],[127.043789298691,37.4859608998127]]],[[[127.0483068990711,37.5059928000499],[127.049543700197,37.5033774995823],[127.04981700105701,37.5040288009284],[127.0483068990711,37.5059928000499]]],[[[127.0498693985848,37.495274799515194],[127.052554500188,37.4949863982438],[127.05458149868849,37.493533899983],[127.054401998868,37.4923995011174],[127.0531033988537,37.4919996008442],[127.05292879836071,37.4904811013679],[127.0512504994461,37.4891124997512],[127.0529001994229,37.4883214990835],[127.0538285998455,37.4887421995399],[127.0538223998858,37.4880693991078],[127.05510269860551,37.4876668995103],[127.05650539846431,37.4846569991175],[127.05548240216041,37.4823358975432],[127.0570421006923,37.483492596435795],[127.06027250017699,37.482949398282],[127.061682499911,37.4858188985528],[127.0627454003882,37.4847657989679],[127.06469969843391,37.485527098206596],[127.0677784973122,37.484242894712395],[127.0696844005047,37.4844639980901],[127.0715665009498,37.4874546967063],[127.07380289871341,37.487032197128805],[127.0747296979023,37.4857988982615],[127.0753869993961,37.4861958995215],[127.075133997498,37.484846399214],[127.0777413986947,37.4839900997122],[127.0758150994805,37.4808980967673],[127.080474000162,37.479691997564],[127.0819478993531,37.4804137968582],[127.0865545992032,37.478684596852304],[127.08698850113511,37.4794715003077],[127.0842864028462,37.481388799151496],[127.08527640185619,37.4834877970525],[127.0881598994999,37.4836291970426],[127.0921898989476,37.4813362970439],[127.0952370999135,37.4824089977078],[127.0959998991507,37.4805789995378],[127.0976908995645,37.4808392980263],[127.0980204997934,37.4789555989858],[127.0986344009047,37.4810804986686],[127.1003497991893,37.4811795985695],[127.1022800985847,37.4801839976961],[127.1025736015899,37.4788955965731],[127.1059203992554,37.478558297819404],[127.1068528005976,37.4785681996212],[127.1063295002453,37.479664700033],[127.1090463986375,37.4817496977127],[127.1106375015425,37.4818559993193],[127.11022329954591,37.4823566007924],[127.10904640026979,37.481749701273],[127.1078431014731,37.4835212995014],[127.1077086006096,37.4886707975346],[127.1098474984707,37.4880929981124],[127.1090856001051,37.4859173987716],[127.1123855010771,37.4857284004504],[127.111062702319,37.4877262989505],[127.1127495006322,37.488540898135895],[127.1137553999018,37.4867985993019],[127.1166760000492,37.4869993985357],[127.1175042005497,37.4855510988181],[127.1194401986137,37.4860542983149],[127.1202012980562,37.4846592992848],[127.1223905997315,37.4856594986291],[127.1234782003471,37.4837672990005],[127.1235216007808,37.484483099406596],[127.1252221004564,37.4850541000255],[127.1254079008978,37.4862302004702],[127.12326850106169,37.4868905003891],[127.12445150025701,37.489479099697],[127.1253894002033,37.4904265992369],[127.1274135994838,37.490083398839005],[127.1288600005213,37.4928319987864],[127.1305747002378,37.492642099457996],[127.1298906006719,37.493122999792796],[127.1303815000655,37.494738099787],[127.13134839980789,37.4948425994015],[127.1319962002463,37.4937733989924],[127.1308559005889,37.4955823000061],[127.1318086996361,37.4969227986656],[127.1342138994365,37.4964685994048],[127.134431399526,37.495084899626605],[127.1358028994693,37.4961651988824],[127.1391517001889,37.495705899898894],[127.1371707014336,37.4975158992937],[127.1382764003953,37.4989657003356],[127.1375994998638,37.498362301097096],[127.1363698010935,37.499036000423395],[127.13643330060509,37.5003227005657],[127.1340485003986,37.5003597003573],[127.1334877005941,37.5020625000165],[127.1340912008074,37.5037395004602],[127.13256599964,37.5074455002012],[127.13089719942691,37.5062903009414],[127.12872799957279,37.5069734002772],[127.1273512995122,37.504729601818795],[127.1246775010437,37.506449102187496],[127.1241409997942,37.504594000983296],[127.1223955986794,37.5054548005113],[127.1234085996742,37.5049746994922],[127.1235790995037,37.5039927004742],[127.1227063991681,37.5033769991762],[127.12315119919289,37.5015763006187],[127.12266199908761,37.500796800929905],[127.12146729963561,37.5015102002968],[127.1206876004153,37.499540702266295],[127.11892299982729,37.4992254007967],[127.1192512993786,37.4983246007397],[127.11810730005,37.4976177011827],[127.11646930042741,37.4987805004657],[127.1142907005142,37.4983851006138],[127.11261310181041,37.500708100366595],[127.11241800138531,37.502337600281095],[127.111247299902,37.501171900803904],[127.1109506001684,37.5022115005822],[127.109892699488,37.5023877003633],[127.1097625987867,37.501025200053704],[127.11048769968,37.501301998553004],[127.110790299567,37.499896599517896],[127.112251399203,37.4992980996537],[127.11153069976301,37.498830399713306],[127.1126826994646,37.498829099640105],[127.1125478996362,37.497582799841005],[127.1119742997853,37.495733501202],[127.1099370983715,37.4939157000979],[127.1105544973968,37.492660299171995],[127.1084801994711,37.4906955011368],[127.10887199925841,37.4897444010845],[127.1077086004218,37.488670802158104],[127.106065300129,37.4898535028664],[127.103345601123,37.488850801809],[127.1042199019744,37.491047101672805],[127.1036830010626,37.4940164994478],[127.1043120003757,37.4943024005524],[127.1035690993124,37.4940753000531],[127.1042198983706,37.491047100629906],[127.1033455992449,37.4888508028262],[127.1014286011619,37.4901459015311],[127.1023041999917,37.491642300552904],[127.0999331006475,37.4935538017132],[127.0968362013318,37.4936622026103],[127.09488499850191,37.494680203208496],[127.0968658994296,37.492952799582596],[127.09615789974089,37.4921232998632],[127.09687369902511,37.4908747011118],[127.09599469990411,37.4907072012793],[127.095108100551,37.4919747004729],[127.095525598768,37.4914964006526],[127.092937096927,37.4917727981712],[127.09599469600161,37.490707196761505],[127.0961589958373,37.487556699912],[127.0925676990341,37.484953102085],[127.0901945981452,37.4855065031977],[127.08744369963179,37.4882969014298],[127.08520010018829,37.4874510023167],[127.0840999012885,37.4885678011999],[127.0845112003363,37.4921855992788],[127.0864673006958,37.494401099664394],[127.0859808010813,37.4958572005878],[127.08415560090451,37.4952599021313],[127.0823951014334,37.4967590021614],[127.0816031986557,37.4965050000775],[127.0823950992594,37.4967589992794],[127.0831326988765,37.495259100058],[127.0805931005501,37.4944495011451],[127.0784617008393,37.494853300718404],[127.0758515011264,37.4980913005729],[127.0745987006097,37.4977076010834],[127.0740811995567,37.4984465005339],[127.0721039006265,37.4970948016229],[127.070625402105,37.4989340997836],[127.072238101275,37.4994056009683],[127.0683606013991,37.4990673008811],[127.0676453989453,37.500397800337204],[127.0674304992328,37.4991111008135],[127.0662816994609,37.498782700166096],[127.0672516990264,37.499060899604004],[127.0665613999194,37.4976703995833],[127.068778397698,37.49733409931],[127.06814579833059,37.495276101368],[127.0665640999123,37.4955686010755],[127.0656720002719,37.4972532003557],[127.0642431010211,37.4964057008323],[127.0639298000301,37.4975958004429],[127.06205850006191,37.4969708004364],[127.0613497997537,37.497837700466896],[127.06172019899209,37.4971355998317],[127.06103179902749,37.496672599411596],[127.062431298197,37.495787899548006],[127.0621001985281,37.494654400681505],[127.0604404001879,37.4941624011735],[127.0598149996563,37.4950029004587],[127.06044039858,37.4941623996173],[127.05844860006131,37.4923746012566],[127.0545815014353,37.4935339007514],[127.05497580086359,37.4963578992761],[127.0563355002959,37.497380300137806],[127.0528854006092,37.4986295007314],[127.05171709946221,37.4987942011379],[127.0506584979161,37.497060300712704],[127.0507823988671,37.4955844001111],[127.0498693985848,37.495274799515194]]],[[[127.0871573999047,37.4961129003321],[127.0871573999882,37.4961128998904],[127.08715740020699,37.4961128999607],[127.0871573999047,37.4961129003321]]],[[[127.1040624994498,37.5041187997627],[127.1057150993413,37.5044880992352],[127.1063208991894,37.5037280993057],[127.1067923998158,37.504355699038896],[127.10889970046719,37.5031611998372],[127.10830690133851,37.505272000486094],[127.1093595003527,37.5060120002385],[127.10833510078551,37.5069575011185],[127.1070300010088,37.5060691011418],[127.1053966001166,37.5074207004023],[127.1044515987797,37.505975999491696],[127.1048577989998,37.5043571001347],[127.1040624994498,37.5041187997627]]],[[[127.1044380993001,37.5146108985817],[127.1044381012853,37.5146109001333],[127.1044380993345,37.5146108999802],[127.1044380993001,37.5146108985817]]],[[[127.1198672998365,37.4686717001579],[127.1203066998776,37.467341699866],[127.1216080994339,37.467776999731],[127.12176959933919,37.4668372001215],[127.12324390018091,37.4661010982726],[127.1249976994644,37.466956197357796],[127.1270314990624,37.463568198473794],[127.12811719990121,37.4635101988161],[127.1291756003897,37.463882399537404],[127.1312411023013,37.467115798249004],[127.1330217005207,37.467423797941],[127.1334455006202,37.4682547004],[127.13001389958809,37.4707242030047],[127.1272182003307,37.471195200986294],[127.1267486003409,37.472802900690496],[127.126366899056,37.471028001143694],[127.1245464005693,37.4700854004487],[127.1251416003368,37.472486701683195],[127.1231874995422,37.471521901370096],[127.1224248988287,37.4725634016369],[127.1227121968779,37.471150800097696],[127.1198672998365,37.4686717001579]]],[[[127.1199702992197,37.3948926991725],[127.12014539938829,37.394592998942],[127.1204312005547,37.394955500870005],[127.1199702992197,37.3948926991725]]],[[[127.1227706982722,37.451312100523104],[127.1245140962509,37.4466106977853],[127.12613039858789,37.4448686993901],[127.12580369917491,37.4424822998145],[127.12327479834461,37.439554699572],[127.12573159903849,37.439385898487],[127.1263352997113,37.437531500047896],[127.1286224005329,37.4364650993813],[127.13182400084669,37.440897500299],[127.1300877999114,37.441286500740496],[127.12945059986019,37.4426586008464],[127.1278278006239,37.443561399682],[127.1294830998643,37.4446924993356],[127.1293511003168,37.4454464993006],[127.130013500399,37.4448477989994],[127.1321237003223,37.4485067999074],[127.1300726999324,37.4504504002385],[127.13106879851449,37.4487799011352],[127.1291264003222,37.4493059005749],[127.1295892000594,37.4500574000188],[127.1282470004236,37.451857499957804],[127.12946530013711,37.4520490000896],[127.1272351003389,37.4518934011459],[127.1264122999724,37.4540047006883],[127.1252495991729,37.4524599000951],[127.1262071996525,37.453045999743],[127.1272350988636,37.451893400150404],[127.12444519914649,37.450339301447],[127.1227706982722,37.451312100523104]]],[[[127.1230641985529,37.4785639997075],[127.12554259724399,37.4791109962943],[127.1246049997292,37.475838199905496],[127.1259748995035,37.4747512994186],[127.1263787002861,37.4754187992289],[127.12911260039999,37.475741500001],[127.1268186007617,37.4777234002688],[127.1275265000538,37.478493099499104],[127.12840780004561,37.477808199868],[127.1281538006185,37.478572499843295],[127.128953200526,37.4789267997343],[127.1281500001911,37.4814870004492],[127.1261990997329,37.4816559004984],[127.1267077994712,37.480876100337305],[127.12564330025069,37.4803486008464],[127.12433489972979,37.4817193005014],[127.123976499153,37.479238700182904],[127.1230641985529,37.4785639997075]]],[[[127.12705429872129,37.4740977002406],[127.1270542990702,37.4740976991582],[127.1270543013455,37.4740976998526],[127.12705429872129,37.4740977002406]]],[[[127.1271409996683,37.4329992999391],[127.1289707000787,37.432278599205695],[127.12950289980981,37.429739099772796],[127.13009550098519,37.431575599392204],[127.1320508003652,37.4320514002299],[127.13084260031249,37.4338082005074],[127.1304437001083,37.4330779007667],[127.13031500033209,37.4339249001424],[127.12852440034631,37.434288000832005],[127.1271409996683,37.4329992999391]]],[[[127.12796829961201,37.4778935000987],[127.12796830010231,37.477893500024],[127.1279683000066,37.477893500235304],[127.12796829961201,37.4778935000987]]],[[[127.1284029982211,37.4123362995213],[127.1284651999966,37.4121526990069],[127.1290049005352,37.412250799096306],[127.1284029982211,37.4123362995213]]],[[[127.1300620994121,37.4508211002502],[127.13006210019401,37.4508210997776],[127.1302042001426,37.4508537001983],[127.1300620994121,37.4508211002502]]],[[[127.13555579843401,37.4654096008433],[127.137385699202,37.464895597959895],[127.13780899877871,37.4632788995766],[127.1368079996452,37.4619847991282],[127.1374268010644,37.462773299110204],[127.1394109990802,37.4617394001441],[127.1384728971715,37.4600866959293],[127.1443709009661,37.4622852002032],[127.1438200000404,37.4642299007224],[127.1425110009735,37.4634908012643],[127.14184659962439,37.4658984005137],[127.14104709900299,37.4658679995986],[127.1416582988282,37.4639224003883],[127.1405541993033,37.4633896006035],[127.13738570097969,37.4648956003442],[127.1377642995162,37.4654876005396],[127.1373856997239,37.4648956008686],[127.13555579843401,37.4654096008433]]],[[[127.14161249919479,37.4943274001593],[127.1435232998668,37.490996899382296],[127.1440911004655,37.4919790993421],[127.1456227997609,37.4912555994131],[127.1459902008454,37.4925249994974],[127.1474892001034,37.4929129999965],[127.1468487001421,37.4925015012711],[127.1466813005807,37.4939666005078],[127.1448125005471,37.4952737003196],[127.14423039983839,37.4944170005358],[127.1438380997314,37.4951261006735],[127.14161249919479,37.4943274001593]]],[[[127.14843839860771,37.4574257987419],[127.150268999929,37.455488099258595],[127.152487202137,37.4589757032681],[127.14843839860771,37.4574257987419]]],[[[127.1519435995109,37.494376399843404],[127.1531070001954,37.4944224998464],[127.1536563004057,37.4955694002534],[127.1519435995109,37.494376399843404]]],[[[127.156928799749,37.4451496999761],[127.1569288004052,37.4451496999174],[127.156928800025,37.445149700422604],[127.156928799749,37.4451496999761]]],[[[127.159312799639,37.4521507001053],[127.1599363993284,37.4515642999334],[127.1594212990922,37.4504607998374],[127.1598559009398,37.4513925994614],[127.1608512007691,37.450973999657705],[127.1603982010505,37.4526472997085],[127.159312799639,37.4521507001053]]]]}},{"type":"Feature","properties":{"interval":30,"stationId":"5909995037","profile":"off-peak"},"geometry":{"type":"MultiPolygon","coordinates":[[[[126.97759769928881,37.4765589000841],[126.977597700134,37.4765588993132],[126.9777048006239,37.4765631999625],[126.97759769928881,37.4765589000841]]],[[[126.9789039994247,37.4766134999122],[126.978904000089,37.4766134992658],[126.9789040004144,37.4766135001691],[126.9789039994247,37.4766134999122]]],[[[126.9942965993671,37.48115220095389],[126.99436999927,37.48041999976],[126.99881700008041,37.479693598652396],[126.999392400435,37.4787952991427],[126.9994385006025,37.479956699082805],[127.00029430063019,37.4796717002519],[126.999765101316,37.481688502289195],[126.9986242000751,37.481691101288696],[126.99664500061971,37.484171600586606],[126.9957526996334,37.484382100556395],[126.9957545992757,37.4829672011389],[126.9945486997609,37.4824706003662],[126.9949335993225,37.4813398010103],[126.9942965993671,37.48115220095389]]],[[[126.9999810991541,37.505386200211895],[127.0026155984926,37.5033022000935],[127.0025523986011,37.501618899578496],[127.0041657003507,37.502244498696406],[127.0056978997936,37.5008091991976],[127.0072667004159,37.501004899273596],[127.00802230051829,37.504341799142296],[127.0088569996836,37.503819299664805],[127.0091054007482,37.5045746998775],[127.0106770003554,37.5047931999829],[127.0091989004703,37.5057214004457],[127.0101800998145,37.5076836006404],[127.0085686997395,37.5078569008116],[127.00559079898379,37.506290300753705],[127.0026535014153,37.506453200982705],[127.0032762007926,37.5083425990933],[127.0046815009514,37.5083232996218],[127.0026757026889,37.509570100993095],[127.0032761983761,37.5083426003367],[127.0026534989988,37.506453202226105],[127.00055449963621,37.506424700977796],[127.00104519980259,37.505346000124],[126.9999810991541,37.505386200211895]]],[[[127.0021844978551,37.4901915013169],[127.0062592998884,37.4880155994577],[127.00837829982511,37.4876402993796],[127.0085866002586,37.488303298333],[127.00905349932479,37.48729930034099],[127.0063910993602,37.4855546004132],[127.0071819989717,37.485269099258495],[127.00592599883811,37.4825519995521],[127.0090410989072,37.4807880992843],[127.0105414985256,37.4808165995778],[127.0106082996309,37.479511598650205],[127.0131002001932,37.4783423992432],[127.0161594003864,37.479324098533],[127.01736240055969,37.4789683973983],[127.02037130057079,37.482691997731],[127.0245870022462,37.482275498514],[127.0242354001889,37.483377099558595],[127.0271905001229,37.4837784995985],[127.0287000986133,37.482525000852],[127.0277160990599,37.4796662996893],[127.0289437983101,37.4785731004763],[127.0288143990059,37.47677139952879],[127.0295885002505,37.4761423993538],[127.0293462004729,37.4771962990949],[127.0305319999269,37.4766157992488],[127.0344351002407,37.4790098992367],[127.0350386003544,37.4784943991459],[127.0371570996297,37.47919979945291],[127.0371811996726,37.4777928991603],[127.03982469980869,37.4759659996322],[127.0405481005157,37.476816299512706],[127.0428191005698,37.4770280991656],[127.04456759984909,37.4758959994005],[127.04560350051909,37.4765931989647],[127.0464446004537,37.4757734990483],[127.0466009002548,37.4763802991613],[127.0475075998943,37.4749909999179],[127.0503140003516,37.4747583996715],[127.04966570060681,37.4752265001218],[127.0504509997695,37.475737799660095],[127.0518443003799,37.4741797991949],[127.0531049999871,37.4739470994774],[127.05575310111091,37.4741246994523],[127.05835860086461,37.4754858977277],[127.0604531004987,37.4741306980245],[127.06394429700751,37.475339196816],[127.0649259960258,37.474600497554704],[127.06626439927439,37.4754072986414],[127.0696387005975,37.475017699145404],[127.07250279773339,37.4783282958348],[127.0748134954227,37.4760834980796],[127.0722517002156,37.4719977971183],[127.077111598348,37.4750565942953],[127.0798557979429,37.4747412935878],[127.08454369452289,37.4727825945993],[127.08647759970529,37.4709390986701],[127.0865052017244,37.475355996908796],[127.088619700449,37.4759171965051],[127.0923027988735,37.4742919990814],[127.0919330999619,37.4733978993951],[127.0931550987399,37.4736498991431],[127.093449298972,37.4715920993939],[127.0949426009166,37.4713084972103],[127.0955988001694,37.4724155988564],[127.0979551988038,37.4725652981078],[127.1002765997857,37.4718741976621],[127.10263309907481,37.4685445984922],[127.1047632989075,37.4682166968012],[127.10796379970989,37.4624379996365],[127.10878530017989,37.4642394980406],[127.1116126996504,37.46375719742711],[127.1133936978694,37.4621373990469],[127.11579469763069,37.462988797790196],[127.1173853960301,37.462511298083],[127.1194199939955,37.4589331016612],[127.11793829236521,37.4561133988949],[127.1187645992059,37.453919397856595],[127.1200480018573,37.4582874970828],[127.1241496977556,37.4591378962324],[127.12430429831561,37.4524706009787],[127.12359169902821,37.451786301663],[127.1223629995423,37.4533254020449],[127.1210428994371,37.451835200522],[127.1222746985226,37.4506542005836],[127.1203435986624,37.4491017007648],[127.12076499921501,37.4443960044258],[127.11874848974139,37.446592300881896],[127.1182555892726,37.4429702981292],[127.1198030976263,37.4360436012675],[127.119091398338,37.4340937032174],[127.1170416999161,37.4321976000044],[127.11838789836911,37.430279699088],[127.1176079991998,37.4287245990566],[127.1189541001443,37.430100998789904],[127.12038659914481,37.427618200216195],[127.11898649902781,37.4262661986467],[127.1215972016707,37.4296484979129],[127.1229968001545,37.4295440999469],[127.1221095012924,37.4299375005641],[127.1225781008238,37.4317993987022],[127.1241473992545,37.4313582991433],[127.12387869938121,37.4294939003455],[127.12563399827671,37.4253608005712],[127.1250384984761,37.4241083012683],[127.1237496990979,37.423616598033],[127.1249030998662,37.423531398269205],[127.12529089947479,37.4215321001672],[127.12297789815919,37.4165363999657],[127.11944629772631,37.4149072031083],[127.11991189783261,37.4126416002848],[127.1185473995825,37.4103784986207],[127.11926859981399,37.4070507000626],[127.1205188996578,37.4074520990405],[127.12072379990559,37.4058910996865],[127.122011200499,37.406423600064095],[127.1211798008315,37.4064877001065],[127.1215489004624,37.4074520991421],[127.12315549975159,37.4073796995426],[127.123571199128,37.4048832996006],[127.12623549965001,37.4028778992405],[127.1266892991962,37.4014086007098],[127.12370660138731,37.4012200009047],[127.1244077991663,37.4023342013113],[127.122878800358,37.401076901177],[127.1228448998329,37.402253100752105],[127.1228787991338,37.4010769004762],[127.1214599996548,37.4014764002601],[127.1205280003902,37.4001605007704],[127.1193461008211,37.400565200992204],[127.1178516015635,37.4026544999953],[127.1179497001916,37.403915500746095],[127.11687170017301,37.4036805002281],[127.1162319003199,37.404512201132],[127.1161523994827,37.4026309008218],[127.11523889971569,37.4017263012316],[127.113288399464,37.40155560006],[127.1127819997672,37.3999929016232],[127.1112141999492,37.399842401107094],[127.11034859933929,37.3977423009201],[127.10969069964611,37.3979123005262],[127.1094489984298,37.3963493020743],[127.1075419998403,37.3961805018834],[127.1094415996423,37.396041898848],[127.1099139997498,37.3938460998994],[127.1127286988048,37.3935953989186],[127.11298269855081,37.3922218002922],[127.1112243992846,37.3920983008527],[127.1110634986069,37.391474199806],[127.1127016991884,37.391467599019],[127.1121475997372,37.3903129993083],[127.1129853995163,37.3911297991394],[127.11271879969169,37.3903086998241],[127.1140654994813,37.3889570000049],[127.1145015002939,37.390062598826],[127.1162150991601,37.3889069000072],[127.1142701994531,37.3880372998918],[127.1164265999881,37.38636229947],[127.1169589997221,37.3866847994415],[127.1180861991918,37.3851843998848],[127.11632179984609,37.3817643003486],[127.11370080127871,37.381873900557004],[127.1133538993383,37.3828515001171],[127.1137007999083,37.381873899474805],[127.1156438979652,37.381717199631495],[127.11434129829331,37.3802563003345],[127.1130298996047,37.3795980009928],[127.1115999998387,37.380915800188],[127.1108021002709,37.3795226009561],[127.10866899969831,37.3786071003147],[127.109895598211,37.3770445993751],[127.109592598514,37.3751822012375],[127.1081334995037,37.375182200048094],[127.10999529989179,37.3736242997983],[127.11193899983991,37.375425798434705],[127.11318539918301,37.374778399196494],[127.1130992994394,37.3740411991389],[127.1164504000062,37.37387949933],[127.1178985999742,37.374882599445996],[127.1186041999312,37.3738885997994],[127.1193270997838,37.3745007991782],[127.1199372999301,37.373873599190105],[127.119361600233,37.3751898994972],[127.1199416001868,37.3757756992884],[127.1204894001543,37.3753189998645],[127.12054580081261,37.3761266997635],[127.1196437013782,37.3789735988191],[127.1207000009855,37.3805154992302],[127.122314199658,37.3807584994966],[127.1234714009821,37.3798775986449],[127.1237776008268,37.3806266011433],[127.12231420052781,37.380758500812796],[127.12174640147151,37.3824814000924],[127.1231466000713,37.3841166984571],[127.1239045003659,37.383428699355505],[127.1235134000705,37.3843791998109],[127.1249955004223,37.3842788995564],[127.1263484994775,37.3858753984788],[127.1271747011767,37.385798899437795],[127.1282745012785,37.3882299972705],[127.13186830038859,37.3901580959805],[127.1363414012775,37.3898524991774],[127.1356735012195,37.3922861011459],[127.1336222028749,37.394233201001406],[127.13571970072499,37.396202199396896],[127.1356901006973,37.3981584986588],[127.1365502009513,37.3994199001467],[127.13570610252809,37.401090503850604],[127.1345743003856,37.4005322031421],[127.1322664026935,37.403553200121095],[127.1310627016696,37.4035408008694],[127.13106350166879,37.4053523990578],[127.1324410002913,37.406814497595704],[127.1354271010417,37.4056347995368],[127.1387881001709,37.408483698961994],[127.1380117008055,37.409519099224696],[127.1387306003452,37.4105336991321],[127.1400025003094,37.4094489999393],[127.13947550105671,37.4109181001021],[127.1387306004366,37.4105337003844],[127.1397037000274,37.4124200002057],[127.13808030073349,37.412731099720304],[127.1399507010208,37.412992599572604],[127.1399806005811,37.414046900372],[127.1378698009773,37.4156907017689],[127.1373578029402,37.4178439006343],[127.1386285017399,37.4271755996962],[127.1411534992149,37.4281720986997],[127.1423891003032,37.4266658986647],[127.1436161004748,37.4273538989555],[127.1435551010742,37.4281846991922],[127.1447032001297,37.4282810992441],[127.1450914019097,37.4307581993653],[127.1460845014707,37.4315769003878],[127.1460663014889,37.4342817976829],[127.14933670063641,37.4355147982762],[127.1489460009433,37.4370978986585],[127.1506101001847,37.4380146999058],[127.1502148011441,37.4399671985001],[127.15317829818059,37.441106397360905],[127.1582252982272,37.437928598466],[127.158149200144,37.436372398559406],[127.1596258996815,37.436135799581],[127.1608711995581,37.4368010992944],[127.16066670000059,37.436044799932695],[127.160871200279,37.436801099169394],[127.16335240043979,37.436604599323005],[127.1635558002527,37.4373229992726],[127.16426680023389,37.43658639932951],[127.1652364002846,37.438592599322],[127.16625450022299,37.438031799612396],[127.1669887004269,37.4428624992727],[127.1702014027214,37.4476509996892],[127.1689512998246,37.4470614014932],[127.1674026013733,37.4476174009372],[127.16729270066351,37.448999800071604],[127.1664170008882,37.4493320006075],[127.16815170015049,37.4509150986908],[127.16942250231139,37.450281199470496],[127.1728678001112,37.4534898000293],[127.1713061008213,37.45342870071941],[127.17037260175479,37.4555443986037],[127.1707699006919,37.4570954006822],[127.1679128004577,37.4595344001235],[127.1680885005182,37.4616240005144],[127.1656830998666,37.4618788002074],[127.1650545999786,37.460555001869],[127.1634265996572,37.463058100470896],[127.1610566996119,37.4633327026794],[127.1590272012554,37.4623816033181],[127.1571618031208,37.4637244019753],[127.15539560051471,37.4632007021467],[127.1532369026734,37.465759399588],[127.1533068003543,37.467568999674],[127.154359501297,37.4683615006817],[127.15332550042929,37.4681693003738],[127.15291140081179,37.468590900087904],[127.1536384003885,37.4690420003817],[127.1518043017329,37.4697936999329],[127.15202670070059,37.471947999946394],[127.150447700219,37.4726904007118],[127.15068470020739,37.4739651005237],[127.1487145000406,37.4739996003347],[127.14864720042979,37.4748953996809],[127.1494309004726,37.4750607999328],[127.14850650002819,37.4754109005054],[127.1445617996564,37.473347101182796],[127.14344650012869,37.4742312002342],[127.1437147002005,37.475363200355],[127.14262860021529,37.4762244005251],[127.1417744002906,37.4758835005519],[127.14088130019151,37.4772463001472],[127.1407629005822,37.4782085995314],[127.1416174000593,37.478438100509095],[127.14076450032441,37.4782279004386],[127.14109620020261,37.4787386001667],[127.1394082001988,37.4794979000701],[127.14023550032991,37.4801667997978],[127.1397821004851,37.481675599918304],[127.1407564001797,37.482201599545704],[127.14212540020989,37.481386499513],[127.14266620117529,37.4833290989476],[127.1471997002219,37.483777099321095],[127.1482440999441,37.4832234992905],[127.1503938000851,37.4846322997176],[127.1507893000576,37.4858083991527],[127.1513223998111,37.4847311997264],[127.1540701996779,37.4844679969526],[127.1552338004215,37.4847842997714],[127.1542896000383,37.4845198005831],[127.1538583004696,37.4853030997998],[127.1562924007113,37.4869650993722],[127.1582922999588,37.4861720998198],[127.16071520004729,37.4868542995893],[127.1612376005021,37.4885422988745],[127.16226360110811,37.487732599535704],[127.161890702497,37.489992799975106],[127.1637697036798,37.4932892981696],[127.16111810464399,37.4964304988573],[127.1631456026165,37.4996265956612],[127.1616827000965,37.497523902086996],[127.16069760029791,37.501846400495495],[127.15946650001469,37.5012989007147],[127.15894580053539,37.5018604001532],[127.16031560024601,37.5037685997967],[127.1597517009789,37.5041047001164],[127.1593161003081,37.5031069011945],[127.1565087012866,37.5037037012555],[127.1562879985908,37.5044039021198],[127.1546918002227,37.5018166011143],[127.153893399797,37.5025971007545],[127.1532828004076,37.5019859013657],[127.15100270134491,37.5044321009114],[127.148176199058,37.504633900333204],[127.149072798228,37.5042800997117],[127.1493246979761,37.5028366011552],[127.1484228988779,37.5019430020488],[127.1470601992578,37.5019754016981],[127.1458587004593,37.502726000947504],[127.1459350012992,37.504362800604305],[127.14393870231841,37.5061942016557],[127.14420730204981,37.5077522000977],[127.1434052007383,37.508610500710404],[127.1426927002472,37.5075625016976],[127.1413376016023,37.5078070014531],[127.1410887003962,37.5103790009525],[127.1403604983517,37.508628602533804],[127.1369919017203,37.5097667013957],[127.1364615022507,37.5120165991458],[127.1386464009897,37.5123519990303],[127.13671990100231,37.513921800547095],[127.13681840090379,37.514629599839296],[127.1380910018111,37.5155239992674],[127.13897850056699,37.5189400975172],[127.14061220076421,37.518565699820805],[127.1394826003552,37.5207239005527],[127.1381498010088,37.519649101357004],[127.1367078024508,37.5226674983386],[127.1392775008659,37.528031696672],[127.1421503023328,37.5273457997527],[127.1405436000867,37.5276817000831],[127.14121060014,37.5306827006606],[127.13829750052469,37.5326486009576],[127.13850670023959,37.533818599954195],[127.1358200005101,37.5364700012953],[127.135603000447,37.537929000921],[127.1350589994003,37.536808201266304],[127.1340985990804,37.5375015000732],[127.1330364001426,37.5355843019904],[127.13141880063431,37.5362354009788],[127.13105990211909,37.5374233001514],[127.1296095011012,37.537634501144105],[127.1304717005131,37.5388984004427],[127.1266130007518,37.541350700517505],[127.1267114002128,37.5429187994321],[127.128147700459,37.5426889001738],[127.1274742004145,37.5435728003127],[127.1251001006281,37.5433701004429],[127.1265075999972,37.5453646993046],[127.12751760056081,37.5452196999195],[127.128391399687,37.546235398903804],[127.12862779967921,37.5450602986867],[127.1293607003967,37.5465413988598],[127.13081480012839,37.5461350992762],[127.13418870044569,37.5473135998102],[127.13392519999739,37.5491405007117],[127.13294720045,37.5494990000163],[127.1338121008038,37.551835800695],[127.13222330060741,37.5517399005739],[127.1295834000154,37.5557727003352],[127.1261554000622,37.553366501328604],[127.12467769954691,37.553961000859005],[127.124250199347,37.5533609006847],[127.1229682971596,37.5487584983866],[127.12493819954851,37.544413300619404],[127.1241924002943,37.5439940010387],[127.1238512994403,37.5448414006148],[127.1226222992524,37.543691600527204],[127.1191828997894,37.5430081004271],[127.1197086994237,37.5422816003622],[127.1190627996626,37.5415752006848],[127.11845649984839,37.5422821003201],[127.11744879901201,37.5418895011816],[127.1178758990423,37.540289900469],[127.11615429951941,37.5388086006726],[127.1155642994923,37.5357694010134],[127.1135623994099,37.535323900177204],[127.11382689880611,37.5317516002329],[127.1129886997482,37.5306052005445],[127.1121515997204,37.531012999427304],[127.1134725996827,37.529469199603],[127.1133219998333,37.5287978002744],[127.1125190995913,37.5291033001614],[127.1139410992226,37.5281785002743],[127.1132629995337,37.5272565998492],[127.1147916983367,37.524762601981806],[127.1118432996864,37.5230727016701],[127.1034824001596,37.5232721009255],[127.1033416990749,37.5216675016336],[127.10148440034891,37.5224038010593],[127.102893901366,37.5253121013306],[127.1014410944636,37.524417908986905],[127.0946393012654,37.5326937007111],[127.0956740002307,37.533455499949305],[127.09473050048899,37.5328721006648],[127.09495650023139,37.5344555998226],[127.09681000012411,37.5355098001066],[127.0957562007048,37.5369835015972],[127.09457380014331,37.536250901418],[127.0934592003545,37.5370282000723],[127.0937824002024,37.5382918006796],[127.0920798995711,37.538071700461806],[127.0936792984307,37.5358521996678],[127.0931430989669,37.5347742007458],[127.0910604991302,37.5343014991229],[127.09318179872639,37.5324630985279],[127.094639299498,37.532693699683],[127.1014410974649,37.5244178982727],[127.0985348998749,37.5200793001533],[127.0985187991211,37.518773000416004],[127.09694680044879,37.5176406013959],[127.0960275005449,37.5188943003669],[127.0965830006021,37.519693801330696],[127.0948354990271,37.5205969010174],[127.0952635992515,37.5186239009601],[127.09419349825001,37.5185107001731],[127.0942017984317,37.5166063001008],[127.0927541990937,37.5162804002598],[127.09420179927339,37.5166062986271],[127.0951575985572,37.515868699280595],[127.09397899973581,37.514706500442806],[127.0953845985984,37.5146830993982],[127.0953638986191,37.5127108013705],[127.0939322000508,37.5129911010902],[127.0928537995907,37.5120655011194],[127.09122399930679,37.513277201086],[127.0904150995902,37.511899400691796],[127.0880813010925,37.5135699003063],[127.0880702006049,37.514940101186895],[127.0837000999645,37.514369400749096],[127.0824157012489,37.5149700001485],[127.0829405014298,37.516258900922296],[127.07952740061971,37.5163791012217],[127.07896550192069,37.5184378080401],[127.0742117989749,37.5176613009515],[127.0743098987367,37.516612901102],[127.07060190074,37.5136312023735],[127.0698990999654,37.515577700143204],[127.06880369861581,37.5129782001269],[127.0668517005678,37.5123492007559],[127.0656615018118,37.5130598000916],[127.06729280106241,37.5157587015265],[127.0665575001606,37.5155681003897],[127.06381430005311,37.519161400787304],[127.0629325998645,37.518106100454396],[127.06215210064501,37.5181430004175],[127.0622006999875,37.5189829004554],[127.0604032003512,37.518635700851796],[127.05884360170481,37.5196810004554],[127.06023190084001,37.5211545004317],[127.05773670011811,37.5210855017139],[127.05678619987131,37.5228970013134],[127.0548835999648,37.523741100806305],[127.0499348000792,37.5245381000838],[127.04834610088551,37.5256397011569],[127.04882640038359,37.5268923010005],[127.0478922001882,37.528203500519],[127.04472850362801,37.529582606544494],[127.0428565055,37.531398004729105],[127.0423174997547,37.5306994004775],[127.0384558999047,37.5305957014618],[127.03621529982499,37.53199530024],[127.0359582989479,37.5308800008748],[127.03382829879399,37.5309336004428],[127.0313001991549,37.528560499487995],[127.0315968991511,37.527649999475],[127.03358919903539,37.5271682992406],[127.0344894000404,37.521788699884304],[127.035993798536,37.5221161995568],[127.0351593993704,37.5204469012261],[127.0342812002486,37.5207957008773],[127.0335244995811,37.5199107005017],[127.0340956985862,37.5186214004055],[127.0305457004776,37.517497000352],[127.0286899993533,37.5181313005986],[127.02718879948081,37.5161268004327],[127.0270188994054,37.5136770010186],[127.0259754997609,37.514006400488796],[127.0237070000581,37.5127032011998],[127.02322310031549,37.5137342006589],[127.0216480012373,37.513957400330206],[127.0214486007869,37.515235099894795],[127.0223298010784,37.515746900370104],[127.02195970038849,37.5169073997203],[127.0230037999355,37.5173609002618],[127.0211044005809,37.5169829007544],[127.01922750045,37.5180615006793],[127.0175796996754,37.5169222001697],[127.0172884988079,37.5153734996193],[127.0197014989628,37.5147110990333],[127.0169314995987,37.5098107997599],[127.02211359926629,37.5074187004675],[127.0204900986876,37.504446799704496],[127.0209018984404,37.503569300048305],[127.0194306996656,37.503183000006],[127.0210004000445,37.5033839992471],[127.0217783998152,37.5020590998546],[127.0204482993294,37.497456300426805],[127.01938789991969,37.4978229002122],[127.01772060024611,37.496041201626504],[127.0162778016889,37.496793000874696],[127.01530040076621,37.498568401083304],[127.013874300263,37.4984169005376],[127.01357699914949,37.4995784017059],[127.0120798997312,37.499940201128695],[127.00936449961651,37.4944833025858],[127.0076517000043,37.494190203002],[127.00524039956841,37.496291999967696],[127.0057891990007,37.4946256005778],[127.0042163993597,37.4931211998018],[127.0044418991342,37.4919937009293],[127.0030093990261,37.4925205999674],[127.0021844978551,37.4901915013169]]],[[[127.00645889890569,37.510490700072495],[127.0071352010864,37.510821399097196],[127.0070790003781,37.511312200731496],[127.00645889890569,37.510490700072495]]],[[[127.0074177991672,37.5145280988139],[127.0105993976222,37.5103619995566],[127.00932629985739,37.5087852999548],[127.0133163995144,37.508010898501105],[127.01299690106451,37.5086332997296],[127.0150846002213,37.509127798486205],[127.012404600843,37.510138402896004],[127.01119960325299,37.51229499858281],[127.0132476017775,37.5130343983728],[127.0138837005739,37.5153537005804],[127.0135704984683,37.5146426014427],[127.0084166997452,37.5151441018222],[127.0074177991672,37.5145280988139]]],[[[127.01365059840501,37.5052279001794],[127.0151833003996,37.5045216985167],[127.0162636992057,37.50268169924129],[127.017407000484,37.5030540995243],[127.01365059840501,37.5052279001794]]],[[[127.026481899606,37.5291542001401],[127.02648189984899,37.5291541994987],[127.02648190070519,37.5291542004641],[127.026481899606,37.5291542001401]]],[[[127.0291470989148,37.5571930004363],[127.0306151006977,37.557419099868994],[127.0304481999748,37.5577685002757],[127.0291470989148,37.5571930004363]]],[[[127.02937209916361,37.5643500997587],[127.02960490019589,37.5641985995337],[127.0296919003067,37.564325599771294],[127.02937209916361,37.5643500997587]]],[[[127.0337843996533,37.5622188003823],[127.0345583990398,37.5611468006837],[127.03402529967849,37.560574299875796],[127.0356604998549,37.5607756993669],[127.0360817995639,37.5601394993379],[127.0362066002057,37.5606724995691],[127.03693319994751,37.5594249997625],[127.03834819947541,37.560170899679505],[127.0387872998312,37.5585853000443],[127.0381621997815,37.5586951998155],[127.03945680003099,37.5581538997035],[127.03855660080141,37.560152099684004],[127.04059560081261,37.561805500453],[127.0404060006921,37.5639708999947],[127.03837640000691,37.5636753014133],[127.0363850998951,37.5649287005444],[127.03715519897911,37.5629875008897],[127.0337843996533,37.5622188003823]]],[[[127.03720109972261,37.4689901002457],[127.03905599962451,37.4691227984586],[127.0396896989908,37.4683299992514],[127.0391445989179,37.4673724992597],[127.0402179002556,37.4681719990223],[127.0411915011258,37.467599298955],[127.0402179008307,37.468172000665106],[127.04141930070931,37.4696594998667],[127.041288600396,37.471316801309996],[127.0387420995328,37.4719541006927],[127.03837809964921,37.4694235001148],[127.03720109972261,37.4689901002457]]],[[[127.03724789955,37.543754500030296],[127.0388798994488,37.5439611994457],[127.03881579912209,37.5422808992297],[127.0422705993292,37.538783699317406],[127.0425241990756,37.538165299935805],[127.0417353997613,37.537909999935096],[127.0438942005737,37.5382779992116],[127.044907200352,37.5375637994207],[127.0476430007066,37.539836298812794],[127.04968310077079,37.539893200121504],[127.04842110088809,37.5413189004415],[127.0489539003553,37.5426092991511],[127.0483633008309,37.5440274991752],[127.0494107013546,37.5437373000634],[127.0483633011557,37.5440274999773],[127.0494141007768,37.544468800002896],[127.0483633007538,37.544027501464996],[127.0473703017468,37.5454751000174],[127.0482800002263,37.5468810006489],[127.0466157003265,37.5475434004963],[127.0464429998888,37.546852800643805],[127.0453116010202,37.5469613005353],[127.0460251005857,37.5477074007323],[127.04448500069209,37.5484307007321],[127.0444844996464,37.5498892011231],[127.0429066994521,37.548045801314196],[127.0399042998874,37.547328300664496],[127.04033829973021,37.546372400586904],[127.0396753997769,37.546864900296605],[127.037993198758,37.54594610115],[127.03849629918551,37.5453687001255],[127.03724789955,37.543754500030296]]],[[[127.0415370995709,37.5651606998844],[127.04368000013079,37.565992798915],[127.0444231010018,37.565558898136096],[127.04496920032129,37.567462900212604],[127.0428550976597,37.5674641009803],[127.0415370995709,37.5651606998844]]],[[[127.0487571996155,37.546721000096],[127.0487572001056,37.546720999592296],[127.0487572006289,37.546720999806396],[127.0487571996155,37.546721000096]]],[[[127.052369199583,37.566382500730406],[127.052369200414,37.5663824995367],[127.0527603002901,37.5667109001432],[127.052369199583,37.566382500730406]]],[[[127.05593229875379,37.4469820011371],[127.0569137007018,37.4464354993945],[127.05677080067329,37.4473915004459],[127.05593229875379,37.4469820011371]]],[[[127.0564771986908,37.544379200387404],[127.0564771997733,37.544379199501],[127.0564772006921,37.5443792005003],[127.0564771986908,37.544379200387404]]],[[[127.0615715991045,37.5332699993438],[127.0622654002475,37.5330240997956],[127.0627032002493,37.534020400549906],[127.0615715991045,37.5332699993438]]],[[[127.0630504996759,37.5313910000864],[127.0642407006009,37.5312467996495],[127.0647903002867,37.53230299882],[127.0668192993037,37.5304235997602],[127.0655531994241,37.529526800028],[127.0671302995329,37.5302902986914],[127.0680846999248,37.5285705998618],[127.0696804006143,37.5290190002643],[127.0699959007716,37.5309755992691],[127.0723148001312,37.5308150000008],[127.07076310116149,37.532477099059705],[127.0711738013263,37.533284300047],[127.06982210151169,37.534028499622195],[127.07018310113159,37.53479140051191],[127.0675123999703,37.5358449007324],[127.06706799940561,37.534697801122995],[127.06613989974099,37.535541200431595],[127.0636513993977,37.534379400382],[127.06371629879659,37.532621700198],[127.0647808990341,37.5323511000505],[127.0640448997532,37.5312102008186],[127.0630504996759,37.5313910000864]]],[[[127.06379049965629,37.530315800153],[127.0643069006493,37.5300025995596],[127.0643231002976,37.5304684003565],[127.06379049965629,37.530315800153]]],[[[127.0667191997208,37.5419149000948],[127.0686052995498,37.539926899950395],[127.0680443997407,37.539678100087706],[127.0695826997736,37.5374432992069],[127.06940210062831,37.5392765994282],[127.0709830990953,37.5395177991726],[127.0719668014931,37.5385398985778],[127.0729148008873,37.5402878997184],[127.0722055001384,37.5436124008271],[127.0703947994798,37.543489600513],[127.06808029996981,37.5414526006438],[127.0677883000548,37.542189400102295],[127.0667191997208,37.5419149000948]]],[[[127.0711489994955,37.5071971001183],[127.0718305016851,37.5060329995394],[127.072216601299,37.506432799139596],[127.0711489994955,37.5071971001183]]],[[[127.0723462995145,37.547625500334306],[127.0751305002103,37.546981099528004],[127.0754487007564,37.5491013002644],[127.0744369002007,37.5493381012944],[127.0751152989879,37.5490652997152],[127.0738048002984,37.5474991012814],[127.0723462995145,37.547625500334306]]],[[[127.0786199996004,37.557305499521796],[127.0792149002867,37.5563355993803],[127.0799993005238,37.5578050004044],[127.0786199996004,37.557305499521796]]],[[[127.0823739991967,37.5367257996491],[127.0843103001109,37.535143399701],[127.08428940053581,37.536478999424],[127.0877812013804,37.537506198939106],[127.08495819964631,37.5388254004118],[127.0839519995626,37.5384800000716],[127.08442609899271,37.537607800219405],[127.0823739991967,37.5367257996491]]],[[[127.0862760987557,37.2026818011195],[127.0874425993148,37.2020110999293],[127.0876162995053,37.1994672996399],[127.0886813995067,37.1996028988867],[127.0897156992604,37.1978047991651],[127.091779397936,37.1977500993604],[127.0924903000246,37.195661798947306],[127.0937668011684,37.1970064986224],[127.09501789991731,37.196880798748104],[127.0962690999787,37.1954791990721],[127.0974407002478,37.1969407986621],[127.09893650000059,37.1967808997816],[127.0998471006723,37.1999567977044],[127.1014948006968,37.2000671983045],[127.1019588000622,37.2010132997269],[127.10306440053789,37.200614199406495],[127.10332270148541,37.2024153989916],[127.1002039002122,37.204377100611204],[127.1002558003525,37.205286800379604],[127.0989596002891,37.2053179005543],[127.0990687999964,37.2060636002789],[127.0980841994634,37.206259799998996],[127.0979827000444,37.2045744013152],[127.09313920061909,37.204891300904],[127.0930174002733,37.2058732998843],[127.09403780035859,37.206102999995],[127.0929837004472,37.2061177007014],[127.09290510013389,37.2070783000636],[127.0914449998152,37.2034380023458],[127.0896826009119,37.2045977010445],[127.08779059971961,37.2029156001704],[127.0862760987557,37.2026818011195]]],[[[127.0871420989554,37.5511896002836],[127.08714210020719,37.5511895995591],[127.0871421011513,37.5511896009732],[127.0871420989554,37.5511896002836]]],[[[127.0878704987301,37.5530690004946],[127.0894317988616,37.5518796002832],[127.08882679901211,37.5505877989387],[127.09088010097861,37.5497882994062],[127.0918605005169,37.5513375993485],[127.0912257005417,37.55213710050511],[127.0885160001681,37.5536014003278],[127.0878704987301,37.5530690004946]]],[[[127.0995966981757,37.5464062991025],[127.1011854989852,37.5447173011679],[127.1000613994368,37.544138199854],[127.1025545998519,37.5445700993098],[127.103250499156,37.5438906999892],[127.10121859959449,37.5427338993884],[127.10268860066739,37.5428245994943],[127.10325049958401,37.5438906991216],[127.1044359996533,37.5429530990815],[127.10483790033231,37.5438732004182],[127.10409680042439,37.5448286998844],[127.1049021998986,37.5452471993327],[127.1069644002849,37.5443232990442],[127.1053974011754,37.5459296998216],[127.1076601003371,37.5465020998278],[127.1067500010392,37.546630000731],[127.106793399156,37.5480097010467],[127.1039882999568,37.548160400164],[127.10367840000691,37.5472410007931],[127.1020029998481,37.5481163005839],[127.0995966981757,37.5464062991025]]],[[[127.1045471995834,37.3683943999081],[127.1059545983888,37.3678224998392],[127.1047957979064,37.3666157004021],[127.1058015988406,37.3633068972102],[127.1095791995928,37.3636319993032],[127.1095664004968,37.3629550993419],[127.1130558001863,37.365289999626505],[127.11234720023211,37.366144500381296],[127.10991610019201,37.366119100534696],[127.1098233002995,37.3672945996896],[127.1118728002336,37.3668668995917],[127.1118957004914,37.3679487004772],[127.1080429004458,37.3686783018744],[127.10706070120591,37.370051801349696],[127.10707679895471,37.3686454008314],[127.1060821999493,37.3686383008385],[127.10594379989641,37.3693628001125],[127.1057954987301,37.3685256999947],[127.1045471995834,37.3683943999081]]],[[[127.1046383996078,37.4951138996726],[127.10470529998241,37.494969799885],[127.1046383998398,37.4951139003373],[127.1046383996078,37.4951138996726]]],[[[127.1063538981047,37.3505885994876],[127.1063580981005,37.350074500001696],[127.1065083005907,37.350072399793405],[127.1063538981047,37.3505885994876]]],[[[127.1063543978121,37.349420099227004],[127.106354399309,37.3494200984776],[127.1063544000206,37.349420100453905],[127.1063543978121,37.349420099227004]]],[[[127.1074038995842,37.3515340008888],[127.1079395000623,37.3513089992523],[127.1083882003222,37.3517791995055],[127.1087940003603,37.3513137988246],[127.1102053008381,37.3513143993148],[127.10838819998389,37.351779200535205],[127.1074038995842,37.3515340008888]]],[[[127.1074054989161,37.3396499006816],[127.1074055004627,37.3396498998292],[127.1074054999991,37.339649900567096],[127.1074054989161,37.3396499006816]]],[[[127.1075719995073,37.4987045003514],[127.1075719995823,37.4987044996655],[127.1075720002314,37.4987044998756],[127.1075719995073,37.4987045003514]]],[[[127.10797679910691,37.3486918007521],[127.1079767995438,37.3486917997165],[127.1079768007706,37.348691799947595],[127.10797679910691,37.3486918007521]]],[[[127.108823099177,37.3500297001529],[127.1099329004131,37.3479624995487],[127.1099318010584,37.3494683003378],[127.108823099177,37.3500297001529]]],[[[127.10882479904339,37.339649299829794],[127.10901730125171,37.339649098868705],[127.1090190000112,37.3407306018604],[127.10882479904339,37.339649299829794]]],[[[127.1088350999123,37.3486949999444],[127.1090229001356,37.348697099922305],[127.10902290017489,37.3486971004003],[127.1088350999123,37.3486949999444]]],[[[127.11100109687169,37.381212901800204],[127.111029700409,37.3812386998651],[127.1110655016267,37.3812720016966],[127.11100109687169,37.381212901800204]]],[[[127.112020699255,37.3498469996633],[127.1120540011049,37.3498476996191],[127.11202259995031,37.350036300557896],[127.112020699255,37.3498469996633]]],[[[127.11336879954061,37.3655890003085],[127.1133687996856,37.3655889997855],[127.1133688002318,37.3655889999169],[127.11336879954061,37.3655890003085]]],[[[127.11472929918989,37.3831782004259],[127.1147293003146,37.383178199308105],[127.11472930080359,37.38317820024751],[127.11472929918989,37.3831782004259]]],[[[127.11495999953,37.3834745004593],[127.114959999836,37.3834744998333],[127.11496000057289,37.3834744999512],[127.11495999953,37.3834745004593]]],[[[127.1161175994135,37.5417292003854],[127.11619230071129,37.541805499325505],[127.1161923002053,37.541805500168905],[127.1161175994135,37.5417292003854]]],[[[127.11847359916611,37.405093900408396],[127.1190198008255,37.40409789971049],[127.11953060057361,37.4053093996933],[127.11847359916611,37.405093900408396]]],[[[127.124936399668,37.3814831002868],[127.1249363999502,37.381483099257295],[127.12493640045349,37.381483099608296],[127.124936399668,37.3814831002868]]],[[[127.12922569886001,37.3840079995715],[127.1317386005316,37.3833314995725],[127.13098820047651,37.3849485002532],[127.12922569886001,37.3840079995715]]],[[[127.1456496994228,37.5285296993888],[127.14734969825791,37.527859399903896],[127.147423001559,37.5258786993723],[127.1481089009541,37.5276451023549],[127.1456496994228,37.5285296993888]]],[[[127.14758209949929,37.4764925000913],[127.1476586000273,37.476490399895006],[127.1476586002291,37.476490400716806],[127.14758209949929,37.4764925000913]]]]}},{"type":"Feature","properties":{"interval":60,"stationId":"5909995037","profile":"off-peak"},"geometry":{"type":"MultiPolygon","coordinates":[[[[126.800841099705,37.561379800200996],[126.80136690038191,37.561182598851005],[126.801433500702,37.5618272992118],[126.802694500429,37.5623733001662],[126.800841099705,37.561379800200996]]],[[[126.8164645996312,37.5675231999362],[126.8166575007356,37.5675257998909],[126.81665750002361,37.5675258013951],[126.8164645996312,37.5675231999362]]],[[[126.8238772996233,37.5684885000199],[126.8251874993533,37.568353899382],[126.8239857992307,37.5669974993611],[126.8276336998846,37.566568099053896],[126.8277930002281,37.5659854995642],[126.8282860006491,37.5681112986761],[126.83057620088499,37.5680536006024],[126.8297099017513,37.5681189005371],[126.8286784015865,37.570646801127296],[126.8274700995393,37.5708658011001],[126.8264896988795,37.569393400189306],[126.8253614999348,37.5695382000512],[126.8251184000544,37.568497301007795],[126.8238772996233,37.5684885000199]]],[[[126.82608069948431,37.564455500118],[126.82881310042791,37.5641618002084],[126.8273317002169,37.565274300363996],[126.82724009969,37.5645261007802],[126.82608069948431,37.564455500118]]],[[[126.835670799512,37.5493607000025],[126.8370470002788,37.549270899999],[126.8363200000029,37.549432501051804],[126.835670799512,37.5493607000025]]],[[[126.83670839898261,37.5697299014037],[126.8386028988154,37.5686843989628],[126.83749919889429,37.5674717978502],[126.83886299898741,37.5667512984187],[126.8395096994818,37.5649969983252],[126.84060120111299,37.5658351988628],[126.84255659967019,37.5661114990968],[126.8427610998949,37.565485699672],[126.8441911001062,37.5665933989356],[126.8459885013338,37.5665707020836],[126.8442626003251,37.566842902542795],[126.8432595013282,37.5689273004584],[126.8444182007051,37.5702563001815],[126.8435029005841,37.5714686001776],[126.8419763007359,37.571839600207596],[126.84250280076101,37.572741800982],[126.83995899984329,37.5726676015269],[126.83934699957621,37.5708794007228],[126.8378985996397,37.5712408006564],[126.83670839898261,37.5697299014037]]],[[[126.8383589994054,37.5412048003721],[126.8410165004304,37.5398375994385],[126.8419778005507,37.540881999617504],[126.84097080103159,37.5415025998633],[126.84245299980441,37.5420588991956],[126.8423916006212,37.5426804001681],[126.8389389995016,37.5431863004948],[126.8383589994054,37.5412048003721]]],[[[126.84318089908669,37.532203100347296],[126.8444639995832,37.5322650995791],[126.8441939993636,37.530415399529204],[126.8452562998296,37.5293990995953],[126.8483266001073,37.528633199774504],[126.8483352009671,37.52975729957],[126.8504348004713,37.531150200019496],[126.84913790106741,37.5335400007551],[126.8455212997962,37.5345495003403],[126.8443026996512,37.533796100589306],[126.8439617993115,37.5322408003644],[126.84318089908669,37.532203100347296]]],[[[126.8471597995622,37.565301900373],[126.8484089992789,37.563489399008404],[126.8489166001384,37.564201698887],[126.8496209992813,37.5624163999954],[126.8494220994802,37.561733800678],[126.8482961996339,37.561915000155096],[126.8494707996917,37.5608033989871],[126.8496895001644,37.5589728991313],[126.8501711002,37.5595654996762],[126.8509045994665,37.5591101001316],[126.8505323994232,37.556659999549],[126.8521457995339,37.555585399111095],[126.8540376005318,37.5554359996396],[126.8565490999455,37.5579077983392],[126.8605915000271,37.5567074984731],[126.8621879000381,37.5574986981491],[126.8614217008459,37.5576963012222],[126.8616728005425,37.5593165006912],[126.8593252014131,37.558970601142704],[126.86014660085549,37.5616271993295],[126.86145999954209,37.5614932994634],[126.8615771007929,37.5608533001516],[126.8609215001352,37.5629115004355],[126.86037540011979,37.5620459014907],[126.8593672008651,37.5622447014434],[126.8591106009114,37.5633417004669],[126.8604609013265,37.5640083001638],[126.857745201187,37.5642357006733],[126.8582671998387,37.566121700713],[126.8571058004264,37.565975000552804],[126.8560900997122,37.567046000629695],[126.85530219958889,37.5654247009687],[126.85432020057091,37.5654756009178],[126.85408489972761,37.5663422003146],[126.8536697999471,37.5656326007006],[126.8498808997788,37.5653802004826],[126.8487672994122,37.564602100410504],[126.8471597995622,37.565301900373]]],[[[126.85014219931419,37.5238886011529],[126.8532055995228,37.5226301994811],[126.85393999930909,37.5208917002504],[126.8528405001192,37.5203432007806],[126.8522125998169,37.521301400675696],[126.8519513987996,37.5203316997539],[126.8531251002334,37.5197121994851],[126.8543540999838,37.5212698997154],[126.8584502987461,37.5207945989416],[126.85902800065759,37.522819199067804],[126.8611925995355,37.5230659995074],[126.8661404008569,37.5210806983424],[126.8655746014189,37.5222063995021],[126.8676185995804,37.524442798143504],[126.86923709863481,37.523438398680504],[126.8692348995138,37.5212217995201],[126.8705287991642,37.5207988998188],[126.87041999984099,37.5198299998531],[126.87184070014301,37.5186395995923],[126.8734192005544,37.5190123993387],[126.87416779991119,37.5183893998057],[126.876237799297,37.5191551992491],[126.8761046998763,37.5183786994512],[126.8765827002286,37.5196793994086],[126.8782587996697,37.520319898977995],[126.87879600011759,37.519485899169],[126.87836160095651,37.520318199582896],[126.87930940204829,37.5203031999043],[126.8793639019915,37.5214089988704],[126.8836082985468,37.5207221995511],[126.883556098599,37.5198620004113],[126.8821014995634,37.5200764001399],[126.8820650998793,37.5186841990932],[126.8831257988186,37.518125399652],[126.8810541981882,37.5156235015537],[126.87877319859109,37.5169304996838],[126.8810541983594,37.515623498462],[126.87854709981441,37.5112849001499],[126.87956149997379,37.5105170999701],[126.88329179977859,37.5125141988367],[126.8846881002306,37.5106314987489],[126.88777689985801,37.512599898781296],[126.8892173000062,37.5112601997599],[126.8878113014848,37.5126454986863],[126.8881483018055,37.513143899409904],[126.89056270009901,37.512682099481],[126.8917138989478,37.5132092989538],[126.89137099952791,37.510922700787404],[126.8898163994797,37.5114071999246],[126.89195339942161,37.508590600255495],[126.8873793999862,37.505628701283],[126.8860895007203,37.507476500039104],[126.886566800051,37.507821801034005],[126.8849884001755,37.507328801016],[126.88416719984579,37.5081168008615],[126.8835723990533,37.507104200841404],[126.88111240050381,37.5075580013086],[126.8803926996889,37.5057534998765],[126.8815325990532,37.505139299958806],[126.88031880026699,37.503413001685104],[126.8798103002713,37.5051889004411],[126.8786800001491,37.5039400013139],[126.8769880006931,37.5054023999621],[126.8777778005425,37.5062288003625],[126.8760857990457,37.5062224005461],[126.8769879989933,37.5054023996139],[126.87558250107469,37.5003083980382],[126.8788978012023,37.5009756987792],[126.8804095001195,37.502181998331295],[126.8811875993414,37.5016740988392],[126.880165900574,37.5027869998591],[126.882536099839,37.5049542988853],[126.8834812004944,37.505105198904005],[126.8843464997027,37.504176399780995],[126.8840009996483,37.5025310005448],[126.8828250996885,37.5020134003855],[126.8832429990311,37.5013769001461],[126.8825137997603,37.5006674008556],[126.8816940988349,37.5012585992547],[126.88158199941549,37.5000650995406],[126.882497399425,37.500235499531705],[126.8824636996315,37.498036400662095],[126.8811409998058,37.4980427000009],[126.8824665993306,37.497782699700004],[126.8825262995311,37.4964729004949],[126.8811537993012,37.4957662996491],[126.8819352994357,37.4954352000698],[126.8816698995174,37.4948967997399],[126.8825841996787,37.4954703992528],[126.8828086994542,37.4946945000287],[126.8812182988968,37.4943687001186],[126.8823662991221,37.492873700347495],[126.8812830995564,37.4914037995526],[126.8840605995438,37.4905549000066],[126.8835801993998,37.4894350005718],[126.882174999718,37.489261800236804],[126.88093569921469,37.485876300095],[126.8826992000519,37.4849404995321],[126.88339639963209,37.4860631985084],[126.8844392985892,37.4850622995093],[126.8838953992192,37.4841407000895],[126.8861564989655,37.4825096997356],[126.88546779982241,37.4812134970059],[126.8873144002132,37.4808012995146],[126.88833119952399,37.4813767989358],[126.888831800061,37.4807390990818],[126.8883312009326,37.4813767995605],[126.8896106996531,37.4816973992399],[126.8897008007166,37.4810593996973],[126.8956158997042,37.4878030984649],[126.89684439847571,37.4864753997926],[126.8963099990922,37.4857899987707],[126.8987524991766,37.4869584987538],[126.89996029899591,37.4853995999867],[126.8989583999978,37.4844770009093],[126.89838759934061,37.4850358004055],[126.89842949905271,37.4838236003984],[126.89749109952629,37.4837401000987],[126.89869300019639,37.4800125991688],[126.9019959991202,37.4788248989491],[126.9029070992612,37.4775145990533],[126.9069171002371,37.4780850991178],[126.90755539968431,37.4772550994915],[126.909199400909,37.4769236993936],[126.9099128001956,37.4775541987631],[126.91061340056281,37.4767606984085],[126.9116243995518,37.4772264979427],[126.9121303998044,37.4792756978929],[126.9132171987176,37.4784649987036],[126.9132954986393,37.476137401031195],[126.913937499183,37.4757166999103],[126.9131494995068,37.47483269906],[126.9134295005404,37.4753434990903],[126.9186703990288,37.474125999582895],[126.9206462997254,37.4723809991523],[126.9224419002682,37.4721015988355],[126.92438350009931,37.474351499583896],[126.9289229969372,37.4687619992511],[126.9271086993116,37.466269599514],[126.9291481977954,37.466249599635496],[126.9315651951812,37.4643686004752],[126.93167779628921,37.4633338977733],[126.9331342004801,37.4655720985155],[126.9343776992366,37.4645379995496],[126.9358093002861,37.4655576992814],[126.937183098997,37.46492339874381],[126.9377577999539,37.465698399095004],[126.9380666009356,37.4650624997114],[126.9389658006974,37.4656518004074],[126.93864430101891,37.466435199624],[126.94600539996661,37.468423198438096],[126.948044498427,37.4665671996915],[126.949435899687,37.4632717996979],[126.94918200080669,37.4644658993373],[126.9499718012433,37.4655147990686],[126.9512801999349,37.465198199385206],[126.9519634994546,37.4634949993972],[126.9530191005321,37.463675099784304],[126.954779800228,37.4659277997224],[126.9567417979612,37.4654232990383],[126.9578773968256,37.4635847008769],[126.9571948974111,37.4622927020189],[126.9541594992222,37.4615706001543],[126.9570837993227,37.459184198282905],[126.95770280004491,37.460531099082196],[126.9601094046399,37.461235596719405],[126.9616958030535,37.4632708946841],[126.96421030053901,37.4636722942827],[126.968676296073,37.462033995921004],[126.9683819002055,37.457579998891],[126.9693189992684,37.459493996977],[126.9748011076631,37.4587189963016],[126.97436260100241,37.462245796683696],[126.9760631022544,37.4642565959742],[126.9800453004451,37.4667566980645],[126.97891290144119,37.466915702044],[126.97829110206301,37.4690709998887],[126.9806033997507,37.4710080979516],[126.9829779973761,37.469993498966204],[126.98522290055689,37.4668220980451],[126.9863224999335,37.4679953995277],[126.98809969983341,37.4673458988961],[126.9884371995754,37.464687501236895],[126.9874359989174,37.4609114995024],[126.9886868988555,37.459392799438305],[126.9878057997366,37.458721900109204],[126.99135629835271,37.4550593009227],[126.9924997965023,37.4518872971351],[126.9903535951192,37.4442587997392],[126.9914109993994,37.4451236984709],[126.99453269627769,37.443519800074796],[126.9939682971017,37.4416926010323],[126.99473619957621,37.4402772998192],[126.9935683985511,37.4377943026366],[126.9908589973054,37.435183002868904],[126.9885764995879,37.4358206022313],[126.988706996953,37.435080999001094],[126.9846609955661,37.4311341038935],[126.98504219641619,37.4281900004641],[126.983129998995,37.423368696862],[126.98646409914771,37.4231537972193],[126.9884509999463,37.4190771991361],[126.9895338006157,37.4190387996758],[126.9886675004346,37.4196604004107],[126.9887940005724,37.420929799336605],[126.9906678995496,37.4200403991261],[126.99337950033261,37.4217424989358],[126.9945302002767,37.4210169993279],[126.9961643003858,37.4235902988028],[126.9972931013199,37.423264799339],[126.9986748010285,37.4258411995855],[126.9998430006742,37.4255865994439],[127.0004160004539,37.4270871992258],[127.0016133007165,37.4265408968253],[127.00468670102889,37.4274103991221],[127.005219600496,37.4290501974823],[127.008731399203,37.4278464973537],[127.0112879004631,37.4278766977173],[127.0128539012221,37.4283649994392],[127.01309330094429,37.4299568979958],[127.0152882003003,37.4292533991092],[127.0107567009525,37.4300654003241],[127.0097647019445,37.4316980986914],[127.01043600127319,37.4342396961498],[127.0128309002925,37.4359683940701],[127.0159192001928,37.4348860996529],[127.0169884010399,37.4328177009477],[127.0162225013441,37.4345701001077],[127.0180058004694,37.4362299002464],[127.0165991018761,37.4370235994527],[127.01782110278211,37.441856196458],[127.0191890041574,37.4416731033343],[127.01629850467691,37.444045600978804],[127.0129600027971,37.4441875005584],[127.0115612036692,37.4458157017505],[127.0121255031049,37.449066798499395],[127.0144098022016,37.4513854020364],[127.0132970009726,37.455301700051],[127.0153970991395,37.4561539993559],[127.01694070187081,37.455260800332],[127.0153971012307,37.456153999745496],[127.01657230223921,37.4562332993595],[127.01635080120809,37.4576899008618],[127.01297720116659,37.4573801018297],[127.0058475064104,37.4623663998264],[127.0081222041357,37.469623992568806],[127.01667359558431,37.4696352925575],[127.02025689872531,37.4610996015697],[127.01823719590661,37.459420799788994],[127.0203527006545,37.4593809990579],[127.0201474005571,37.4602830997572],[127.0214409011554,37.4603334995617],[127.0217722008241,37.4618085980866],[127.0232517993445,37.460236199659],[127.023868299137,37.458066200257896],[127.0225891004162,37.4570903012338],[127.0224523001277,37.4583735010332],[127.02258909956821,37.4570903006693],[127.0220604978319,37.4571770982832],[127.0243819008618,37.4562322950752],[127.0273870978566,37.452108299199196],[127.0288930991676,37.4514066991182],[127.0293284001272,37.452118498290695],[127.0366480928075,37.451508598900595],[127.0377691991331,37.448979197683194],[127.03717280109109,37.446680598655],[127.0377692004947,37.4489791963564],[127.0433234949404,37.4508386944969],[127.0454052928586,37.4470130983225],[127.04457879368509,37.4402141051215],[127.0407989946309,37.438283002828],[127.0358295948003,37.4391796984645],[127.0407989962344,37.438282998072296],[127.0419274009304,37.4356355922495],[127.04725259771779,37.4322285973755],[127.0459434988747,37.429231793282696],[127.05484090488841,37.4335890960934],[127.0665257000435,37.434979298240805],[127.0699220000119,37.4341684996747],[127.0703289004803,37.4346430000039],[127.0699190008902,37.435791698855205],[127.0723027032596,37.4423862023302],[127.06654980336441,37.4465700030305],[127.0674286024856,37.4511892984112],[127.0712631014668,37.4543508981036],[127.07207250074731,37.457123897372696],[127.0752919015319,37.4551810998886],[127.0724285030203,37.457735400091195],[127.0723250028244,37.460290199298306],[127.0716223003036,37.4607558028191],[127.0704651980763,37.458147001052],[127.0687125998289,37.4578251013739],[127.0640789044626,37.4616448975541],[127.06162410364,37.4689519961506],[127.0653841010628,37.4694233985189],[127.07069539954071,37.4721506964607],[127.0722517032079,37.4719977973541],[127.077111598348,37.4750565942953],[127.0798557979429,37.4747412935878],[127.08454369452289,37.4727825945993],[127.0848838941827,37.4689623984195],[127.0795745998925,37.465154301030005],[127.0793216001455,37.4657515004328],[127.0785515999999,37.4653486005413],[127.07797239985989,37.4640375999086],[127.0797230998278,37.4624305000508],[127.07756429758511,37.4593969001916],[127.07996649992769,37.459727299588195],[127.0807021993525,37.4592045997835],[127.0800888005909,37.458920398147896],[127.08152130151791,37.4588034993471],[127.08292490011429,37.4599172982333],[127.0835223015581,37.458472095858504],[127.0862080017558,37.4594948962392],[127.0927443964526,37.454057996141],[127.0953937009875,37.4556380960546],[127.1004978982632,37.4543755971901],[127.09872460003649,37.4507086008571],[127.09632739982281,37.4497174006535],[127.0955785992584,37.450412798855304],[127.1002611964188,37.444786198829505],[127.1034589990437,37.4429300981844],[127.1032024001307,37.4462388002224],[127.1024364996982,37.446808000694894],[127.1011429009918,37.445943901559005],[127.1009325012022,37.4492257982771],[127.1038920982426,37.449500998001895],[127.10476059857251,37.4480355984256],[127.105049300934,37.4495760989602],[127.1070276989556,37.4498656986706],[127.1073327988543,37.448658099707906],[127.10630210058979,37.447850698509896],[127.1080894004005,37.450600096874105],[127.1179704905194,37.4517759956982],[127.11874848974139,37.446592300881896],[127.1182555892726,37.4429702981292],[127.1198030976263,37.4360436012675],[127.119091398338,37.4340937032174],[127.1170416999161,37.4321976000044],[127.1182706986871,37.4305248016772],[127.115671295905,37.428674001025904],[127.11232149925479,37.4276913020086],[127.1110337959372,37.4281862016777],[127.1064523004712,37.4275601020656],[127.103326401179,37.429560701028706],[127.10367249936411,37.4359981013882],[127.10147949747589,37.432276701248405],[127.0950052018337,37.4297136035782],[127.0944389999828,37.4284193005059],[127.0929315996022,37.428341900260996],[127.093258796587,37.4247943988857],[127.098391198152,37.4222107955822],[127.09938849922591,37.4194855994157],[127.1010329989978,37.4190283986623],[127.1020872979435,37.417630000060704],[127.1014978978604,37.4160404002692],[127.0992930000653,37.415188601121],[127.0992604999881,37.416227400171195],[127.0987507003928,37.4151938011195],[127.0979748994199,37.4155661010073],[127.0976949987353,37.4130205021616],[127.0956287984565,37.4121233038111],[127.0948508985574,37.4108037013571],[127.09298320042511,37.4097229024379],[127.0914071983567,37.4101352005997],[127.09292219997981,37.4087578999025],[127.0929832005422,37.409722899188196],[127.09487089985811,37.4100470986946],[127.0955892991397,37.4085976001441],[127.09314209982689,37.408111898155404],[127.0961920001796,37.408647098374104],[127.0993454989031,37.407684899032],[127.0997564984921,37.406182900534],[127.0983322999163,37.405267901449],[127.0975090988625,37.4057386012826],[127.09833229852799,37.40526789971],[127.0977286987877,37.4039333999146],[127.0990215987544,37.403718999595704],[127.1013613979769,37.3991934994061],[127.0994621998761,37.3974361011635],[127.098012201078,37.401488900362395],[127.0958375999539,37.4031171004317],[127.0920509997741,37.4037010029845],[127.09030419829041,37.4024107011389],[127.09036179674399,37.3974664975554],[127.0920665961845,37.3941537991541],[127.0912809969701,37.392613900694],[127.08964949860159,37.3917448015631],[127.0869530012981,37.3917440015639],[127.08510539937551,37.390594199754204],[127.0869111991956,37.390212199486804],[127.087518798588,37.3892161004829],[127.086126999841,37.388669199485804],[127.0895491973494,37.3877336000123],[127.089127597015,37.3842886016244],[127.08509480104779,37.3827582031548],[127.0844663016763,37.3869161989968],[127.0862250001933,37.3863298002748],[127.08427969987589,37.3873389005439],[127.0826835931365,37.3822556012958],[127.08959569451541,37.3827421925496],[127.0925983915127,37.3719990032928],[127.089220094891,37.3694967057951],[127.0864299931982,37.3688522021886],[127.0891115951095,37.364455792621605],[127.0890596951574,37.35872589704881],[127.0859709982461,37.3521936035811],[127.0814194027977,37.353325502449195],[127.0828877013294,37.356433199341495],[127.0837884999016,37.3566282004706],[127.0810413963901,37.3554053993021],[127.0810150977027,37.352513899334895],[127.0843868987001,37.3495154970211],[127.0850938989341,37.3478243981576],[127.0846241994221,37.3459165995213],[127.0860733994933,37.3455650999423],[127.08530809964121,37.344893300226204],[127.0840864983001,37.3398205002398],[127.0830716993149,37.338909301151],[127.08131009437929,37.3388963997372],[127.0827493995895,37.3384584948337],[127.08415189818699,37.3349612983309],[127.0865846982368,37.3330847980268],[127.08569569912581,37.3303898007218],[127.0847141001074,37.329700901410696],[127.0802669997671,37.3312288006073],[127.08105549910171,37.331153899460794],[127.0801725998974,37.3303498002959],[127.0806928985106,37.327422299645],[127.0838941965154,37.3254699006849],[127.08131039909921,37.324457101697696],[127.0794382997652,37.3257812012861],[127.0790450997445,37.3251021009398],[127.0772652015244,37.325804000237895],[127.0775846991083,37.3263252010663],[127.0766755992119,37.3249280000449],[127.0777221988555,37.3237283010525],[127.075261199651,37.3240201008919],[127.0737409003263,37.324742400157895],[127.07371639996549,37.3255318005715],[127.0690097003278,37.3205089005747],[127.0678858013202,37.3205600005523],[127.0675936993775,37.3213609006902],[127.0673858994476,37.3207091007788],[127.066183199412,37.3210874002241],[127.0662215993823,37.3197331010928],[127.06525270035121,37.3193224015035],[127.0633624994592,37.3199874002113],[127.0652526994033,37.319322399825396],[127.0659993992815,37.318183400292504],[127.0641331995837,37.3179721004056],[127.0634904995639,37.3155323993612],[127.0643945994306,37.3156863988929],[127.0642701996439,37.3144311999725],[127.06525869916891,37.314329399182],[127.0652846988531,37.3120954994888],[127.0685975953196,37.3088473022819],[127.0634399968877,37.3041080069528],[127.0639660976676,37.301076997780896],[127.0624442992342,37.2988015985058],[127.0647724986178,37.298825797743405],[127.0658958974944,37.2973407992284],[127.06477439861591,37.2951031014661],[127.06388199689151,37.2952589989833],[127.0647340990998,37.2949676991199],[127.0646439991899,37.2937095003781],[127.06377539917929,37.2915711006236],[127.0628244997029,37.2918213998401],[127.0633277992259,37.2893882015242],[127.06165300040051,37.2899910010792],[127.0596737011049,37.292140700340596],[127.0578928999575,37.2912918013117],[127.0563120002879,37.295495500383],[127.0552878002507,37.294677101031304],[127.05208640054369,37.294734900517305],[127.0526103007075,37.2957244994529],[127.05039860062949,37.298465001039],[127.0492810999601,37.297858100344],[127.0483837997617,37.2991752011861],[127.0446560000198,37.3007681007503],[127.04167080178391,37.3009520014698],[127.0403537020679,37.3024956030968],[127.0381093006806,37.3034180045403],[127.03916739918,37.3027736986765],[127.0379865990801,37.3005176995531],[127.0394693988153,37.300352099407895],[127.03957459871009,37.2985343012257],[127.0382565992184,37.2991154999201],[127.0383570989824,37.2976033007485],[127.0369001995604,37.2960029000244],[127.038688198134,37.296813198579905],[127.0415544976225,37.295320197993696],[127.0412053981364,37.292496699943],[127.0422819987898,37.291462399896],[127.04103839869211,37.2900571993806],[127.042061297595,37.2884028980776],[127.0440227994682,37.2880247983572],[127.044325999165,37.2867695996124],[127.0429595988659,37.2860958986656],[127.044337600768,37.285690699514305],[127.0462260995231,37.2867379996751],[127.0458323000298,37.2857279994708],[127.04690679962451,37.2864894988244],[127.0487834993465,37.2855744990779],[127.0510365974979,37.2828202005563],[127.0506506996918,37.2818250981862],[127.0529549003089,37.281867997965904],[127.0546389047511,37.283826397538704],[127.05894940050601,37.2835507986073],[127.0593879000675,37.2829232992348],[127.06093870049419,37.2855936999311],[127.0605451007265,37.288759798883504],[127.0617960007035,37.288219399393306],[127.0635531002048,37.289292198663595],[127.06872680090059,37.2869026992395],[127.0716700993492,37.2911412980421],[127.0739548011578,37.2910133989926],[127.0751438999687,37.2921001979058],[127.0787919002684,37.291833497371904],[127.07827860097021,37.2922400998737],[127.0798330004276,37.295166198896496],[127.0831382000483,37.2940000998484],[127.08477650284121,37.2956929025879],[127.0832447999624,37.2963420018931],[127.0821950995286,37.2956305016432],[127.08032230140141,37.2965260007477],[127.0812318004775,37.298828199807005],[127.0807038002903,37.2983034005779],[127.080251100743,37.298838500042805],[127.0802007009882,37.3003217991252],[127.0829642994423,37.3018110989289],[127.082352900277,37.3003463980407],[127.0852312997296,37.3037546994436],[127.0878275993064,37.3043303987948],[127.0876083000174,37.302618598565104],[127.0889471005928,37.3026022985814],[127.0887271008236,37.30338839921],[127.08964230063789,37.303999999847704],[127.089304300442,37.3055723991667],[127.09017770018019,37.3049102998948],[127.0913361004185,37.3073719977332],[127.0930677990153,37.3053056994453],[127.09374749869431,37.3024797998092],[127.0955445991674,37.302884298785806],[127.0960755986364,37.300878500791605],[127.0901680983164,37.2959580992954],[127.0924989990726,37.2984283965788],[127.0947309968406,37.2945755004317],[127.0959998977919,37.2939315988247],[127.096043697314,37.2893663009058],[127.0933737997207,37.2901356002137],[127.0932592985682,37.289638594513],[127.09716749830349,37.2883285940232],[127.0969226985483,37.2826990996527],[127.09996869884971,37.282723098835895],[127.0988650001893,37.2810475988402],[127.0999687003422,37.2827230971939],[127.1019511983597,37.2817146982023],[127.1016239988578,37.2798280976273],[127.1040085983986,37.279224897944204],[127.1042813981258,37.277204999964106],[127.101580499405,37.2763885005776],[127.1029687988739,37.2734965997708],[127.1042827990642,37.2733420995463],[127.10475579912631,37.2720669000137],[127.1040981995579,37.2712028004787],[127.10199709894,37.2708608992329],[127.10227279964829,37.268720099558],[127.1033930000956,37.2696987987502],[127.10427439921419,37.2692870991619],[127.1052486986884,37.2659419006445],[127.1042361984436,37.2642099009269],[127.1032038994759,37.2642279009089],[127.1050218990646,37.263538100171395],[127.1042618997152,37.2615067005176],[127.10125439957,37.2632497989353],[127.10493149879261,37.260817899368696],[127.1043783993457,37.2590568011298],[127.1018233969258,37.2579123994455],[127.103570098736,37.2573111987727],[127.1036340986836,37.2553425982939],[127.10499919862049,37.2549292984109],[127.105173698446,37.2536895996506],[127.10499920058069,37.2549292988671],[127.1081746008566,37.256675199936396],[127.1095822012317,37.2605559974553],[127.111417102381,37.2618934972227],[127.1128793020185,37.2645420963466],[127.1162471063013,37.266337293543806],[127.1141711020301,37.2702895004638],[127.1150729011283,37.271861298892],[127.1228821005154,37.2689920984987],[127.12594759744991,37.2701592973315],[127.12821239772519,37.2676121962823],[127.1323214010712,37.2663426976601],[127.1335357998568,37.2645578994449],[127.13631099708161,37.2641750998277],[127.1366065005878,37.262754298748],[127.1383252020356,37.2638392987711],[127.1402805018035,37.2666313978106],[127.1414480012859,37.2667108001997],[127.1380904017361,37.2680887013766],[127.1384190010962,37.2717993990076],[127.1411057984094,37.273930296876706],[127.1446631023685,37.2750710982656],[127.1486362005262,37.2743636987694],[127.1488365009579,37.2758354998897],[127.15013330017099,37.276821100197196],[127.1451143002058,37.2778920007617],[127.1442093986917,37.280107800383604],[127.14319159902499,37.2795000011664],[127.1409753972375,37.274736000857395],[127.1388678993858,37.2736753007684],[127.1392661984153,37.2729988002298],[127.1380017996797,37.2722264010022],[127.1367967995478,37.272705100212704],[127.1383177990802,37.2714946006774],[127.1372989991447,37.2702672008107],[127.1323789032936,37.272618099625],[127.13159810242381,37.2740939003263],[127.1325123015096,37.2752106992095],[127.1320136001155,37.275709400443894],[127.13036729982551,37.2753910010237],[127.1295125998965,37.2768401010193],[127.1275823999936,37.2765769003159],[127.12110530681039,37.2792149995625],[127.1212846066311,37.2874297913477],[127.1263292052396,37.288928396144],[127.1273479002545,37.2904959999295],[127.1259737978767,37.2888745023737],[127.1222334016171,37.289394201853995],[127.1222534002522,37.2904322010724],[127.1200219007105,37.2892646022495],[127.1188120019204,37.2903440011701],[127.1193758013566,37.2921054994086],[127.1227851012522,37.2924528997651],[127.12247209977029,37.2933109000982],[127.12099740082199,37.29198070128621],[127.1212096006098,37.2932621000048],[127.1229584006897,37.2945714998132],[127.1217987004981,37.294494000517304],[127.1217838013042,37.296410600007704],[127.1206031004031,37.2984613011723],[127.11900800103,37.2994756007114],[127.11818510122731,37.3018122998293],[127.118856900754,37.3038248011562],[127.1150716045393,37.3049940999869],[127.1142924063538,37.3112017964541],[127.1162401044061,37.3169387907171],[127.1218430027709,37.3180592973832],[127.1239144010503,37.3171615984129],[127.1241665014647,37.3198949005113],[127.1230901007217,37.3218780000849],[127.1237419000699,37.3223609996019],[127.12577949985489,37.321710999633304],[127.1254495004229,37.3223732998524],[127.12621849995939,37.3228834993484],[127.1268641993137,37.3223695998623],[127.12634750000069,37.321948199869404],[127.1271904002283,37.3221099998183],[127.1269924002009,37.3230899995213],[127.1279083006021,37.3230103999676],[127.1252332033414,37.326267800598195],[127.1252161033585,37.327913798952196],[127.1265480020266,37.329171797694194],[127.129650301296,37.3285220985791],[127.1281704012692,37.3294571000949],[127.1300644011818,37.331797001165604],[127.1279358016663,37.332356001257494],[127.1279415003505,37.3335908010145],[127.1270010994526,37.3332663999996],[127.12652179993191,37.3312373020287],[127.1242182009258,37.3317762014887],[127.1232906013399,37.332889801162096],[127.12343300119751,37.3342642997876],[127.12505539957509,37.335310998740894],[127.1264513014584,37.3351459997614],[127.1263084016645,37.3387046972688],[127.1282484085679,37.3385394024419],[127.1283071081958,37.341332800984105],[127.13441090513851,37.3517681032073],[127.1320295025765,37.351191806136804],[127.1276647069413,37.3532833040453],[127.1274922071138,37.3596767976518],[127.13481900119439,37.3580987990802],[127.131095504844,37.363875294873296],[127.1363557995837,37.3639710947775],[127.1451968000214,37.365689699335896],[127.144368501248,37.366809999937104],[127.14652069956739,37.367759899278504],[127.1475278997503,37.3678308992072],[127.1475262999785,37.3672113995511],[127.1487664052921,37.368767499110895],[127.1491880048705,37.371856396022],[127.1524194016391,37.373605494272894],[127.1507612024712,37.3743154004097],[127.1521847010477,37.377869996855104],[127.15563780532739,37.3797327977995],[127.1539769020975,37.382429499882804],[127.155187104511,37.3840636007866],[127.1550674046307,37.3873799974702],[127.1564781005107,37.3889274005484],[127.1559442999536,37.3883567008543],[127.1513135039747,37.389209800410406],[127.14956249804361,37.3906437009758],[127.1465520005724,37.3877731038829],[127.1413861055956,37.3908833013815],[127.14312000332879,37.3951799984273],[127.1450900013585,37.3955199984703],[127.1462491014242,37.3948056988343],[127.1480729027565,37.396313098217604],[127.1496505030108,37.403501497245095],[127.1521791004822,37.4031822975643],[127.15320679945451,37.4007547999918],[127.1558879972078,37.400341800196],[127.1614288999345,37.3964607934414],[127.1609232030626,37.3991320017408],[127.1618664020604,37.4019225998147],[127.1645782028219,37.4034807002935],[127.1638403032468,37.4043616006671],[127.1639686024146,37.406609704214],[127.1660289003872,37.4110867000923],[127.1633359033116,37.4125122010954],[127.163857603835,37.4255856973627],[127.1611801989814,37.4258346020187],[127.1585162016454,37.4232191046342],[127.15419060597101,37.4292006986526],[127.1587094014522,37.430889696963604],[127.1600699000917,37.4298409980123],[127.1614173987442,37.430660597192706],[127.1661544985169,37.431141495905],[127.1711996937292,37.4304408964097],[127.1706113970812,37.4225138004346],[127.16966769802491,37.422350200598196],[127.1706113994444,37.4225137996337],[127.1701679024588,37.422002498696095],[127.17072450195431,37.4222082993023],[127.1711997013254,37.4304408929293],[127.17666679706231,37.4280289957044],[127.17968759859339,37.4278416987293],[127.1807692995111,37.4259023983934],[127.1807331028877,37.4277978990586],[127.1841355004608,37.427921800155],[127.1829487016476,37.4315299965468],[127.1841646022169,37.4324266963765],[127.18428970269119,37.436498394877],[127.1903310034295,37.4433021952109],[127.1925025033932,37.4425253016069],[127.1860197060645,37.44800880314509],[127.1893666027176,37.4530519981019],[127.1920681000161,37.4543200968338],[127.1929265085723,37.4535163026584],[127.1925428079971,37.4553986046834],[127.1890709009882,37.4584416003817],[127.1858373036468,37.4639011040774],[127.1818523032689,37.46840960282],[127.1832132009093,37.4709845003279],[127.1813454027771,37.4733489979634],[127.18459470142841,37.477171699914],[127.18399499986259,37.477462000244905],[127.1837364997004,37.476229400608304],[127.1813314007355,37.4745013021536],[127.1809272011397,37.476949399705504],[127.18283860044319,37.4783574997181],[127.1821466013749,37.479113099401],[127.1852607035667,37.4812240966955],[127.1856271039194,37.4866704021889],[127.1836468011152,37.4838823054835],[127.17894670581529,37.4846897046761],[127.1763611084009,37.488947400418404],[127.1752662053258,37.4997995076881],[127.1695609023322,37.5029751016913],[127.1705995016247,37.5061727985022],[127.1688857019047,37.5082289020735],[127.1677704989651,37.5073174012374],[127.1644958014691,37.5069563020679],[127.16509790086701,37.5095405994836],[127.16708270035579,37.511986800030705],[127.16551870066651,37.5107376021663],[127.1645819016033,37.5109600019439],[127.16403560214961,37.512948899955],[127.1671854012639,37.514772401169296],[127.1616733030289,37.5203337022716],[127.1631596009074,37.5260797998713],[127.1626646002716,37.5255086012705],[127.160943201993,37.525992700786404],[127.1622442009295,37.5278864005579],[127.16053120038009,37.5270211026011],[127.1593668017382,37.5328886983121],[127.1605774020413,37.5357329964104],[127.1628874026655,37.537016299744295],[127.1633478009813,37.5392130989448],[127.1661087031068,37.5421143988475],[127.1669009011444,37.544108398012],[127.1699540002219,37.54521079976],[127.1718057006559,37.5474274993149],[127.1727054997561,37.5477384990039],[127.1732407996241,37.5466501996345],[127.17431480001511,37.5470411997899],[127.17490619966419,37.5493562981572],[127.17685800047789,37.5497612998133],[127.17608170105869,37.5507716994276],[127.1791719000955,37.5512253995442],[127.18074989957219,37.5496408992992],[127.1816872000298,37.5500856994262],[127.1828439000722,37.5492103996753],[127.182825301012,37.5500987997023],[127.1847343000381,37.550784799906204],[127.1843278004397,37.5511968998143],[127.1850469002641,37.5513628999028],[127.1849553006469,37.5524175993459],[127.1863010010907,37.5539073995083],[127.1856740000772,37.5534460004475],[127.1854753002759,37.5540458998476],[127.1864031999611,37.5550628994214],[127.18927360038991,37.5548790987116],[127.1900578003347,37.55395269909231],[127.1918567993862,37.553680399616894],[127.1916367999974,37.5531768996202],[127.1943121998076,37.5541236988007],[127.1949177998681,37.5530696982931],[127.1965341991646,37.5530920981313],[127.19815719754159,37.5518427993806],[127.1979532978442,37.5502149005907],[127.1958454998299,37.5500141002967],[127.1962521991305,37.548526901449],[127.19555299802761,37.5472615017123],[127.19778359951019,37.546120899613],[127.1984228996443,37.5401916998226],[127.2000828993838,37.5395536998147],[127.1993939997907,37.5388245997732],[127.2001952998108,37.5377618993727],[127.2017751995413,37.5375669999341],[127.2011400997054,37.536300699978],[127.2026909993273,37.535920899728],[127.20284429989759,37.5348641996318],[127.2071727024974,37.536031096954204],[127.20931660035349,37.5358257971595],[127.2091429005804,37.536543399691496],[127.21048879988889,37.537897699504406],[127.2107175005941,37.537003198994604],[127.2141510005993,37.5377224000608],[127.2148321001592,37.5400745000249],[127.2140265001171,37.542045099844],[127.2154641006243,37.5434309002955],[127.2141446004821,37.5435101009201],[127.2142200003579,37.5446518001976],[127.21359180062021,37.5445277001925],[127.21305340058751,37.5462772000774],[127.2118409010598,37.5470081000577],[127.2135274006106,37.5513949004076],[127.21176840074409,37.5514835014904],[127.2119322005803,37.552990899982994],[127.2103338004091,37.554854400444704],[127.20414130005311,37.559287400491904],[127.20356270063171,37.559958699820605],[127.2040467004213,37.5603885004962],[127.20112930084811,37.5625007005439],[127.2024288007443,37.563354099943695],[127.1997376013887,37.565598902666],[127.1997642013621,37.56933489893],[127.2007157002112,37.5703398002217],[127.19918889898099,37.569965900329],[127.19915189881631,37.5691733009862],[127.1977360999223,37.5693439004755],[127.19621740082009,37.5701840010455],[127.195869499951,37.571633301137105],[127.1956046994761,37.5705057010316],[127.19450520057559,37.570716600820695],[127.1935949999948,37.5727079004027],[127.1926050007128,37.571933800436895],[127.1931023000443,37.5725834000113],[127.1919371999158,37.5733454002685],[127.1920847993767,37.572726200229],[127.1909975003688,37.5727939004932],[127.19095370002559,37.573724800513],[127.1893331003468,37.5722710011417],[127.18800140012661,37.5737535004596],[127.18706909952701,37.5735435008455],[127.18678970000451,37.5723863007388],[127.1860435993953,37.573013000178705],[127.1867670996345,37.5709238002711],[127.1848005999712,37.5712685004147],[127.1849777993813,37.570363200154404],[127.1836690998179,37.5697209999983],[127.1816503996083,37.5661460011974],[127.1804147001523,37.565863501378196],[127.1781022998454,37.5676638004877],[127.17755149939491,37.5669071004452],[127.17562479978929,37.5669447004226],[127.1763860995147,37.566222099887],[127.17513189995489,37.565052300700295],[127.1738961005476,37.5653114006164],[127.1745461006913,37.566603400423396],[127.1736470000822,37.566297300508204],[127.1734519998392,37.5671295004107],[127.171555999828,37.564815500179805],[127.1694480010275,37.563786201366206],[127.1589935008082,37.5683350013124],[127.1579537001785,37.567854101421396],[127.15686890004761,37.569307700535404],[127.15697109895191,37.5674213011868],[127.15482039949211,37.5675464998859],[127.1569710985636,37.5674212991112],[127.1569408995552,37.5632284009056],[127.15644050005561,37.562913301220696],[127.15571299806071,37.5639192011354],[127.1547888989848,37.5627120023426],[127.1519815994577,37.5620344030392],[127.1485801006775,37.5640752011092],[127.1484019000982,37.565606200279795],[127.147317001228,37.5663045003535],[127.1430426026123,37.5628965036991],[127.1416350031153,37.5667664076951],[127.1381138005237,37.5666572003951],[127.1330543004463,37.5679201053498],[127.1293584005637,37.5717777016404],[127.1305229970038,37.570850899835406],[127.1318110955519,37.5650700050749],[127.12767809306139,37.5615666047691],[127.1259341948053,37.5589419073938],[127.1166765000108,37.5672954018177],[127.1159712002172,37.565651201512395],[127.11486049939721,37.5665849021849],[127.1135954984512,37.565789801234494],[127.11206839971099,37.5666369004341],[127.1133419971045,37.565637500529704],[127.1128463976001,37.5624309037363],[127.1086192001204,37.5598771010215],[127.10520480353479,37.561066599831996],[127.1054251989128,37.5641680054576],[127.1044938979771,37.56379360155459],[127.10241100006,37.5646943006539],[127.0966863057847,37.564156501191704],[127.10274990113551,37.5717620987442],[127.10393269995271,37.571554298952],[127.1031536041909,37.572205600910294],[127.1020837052608,37.5772690958468],[127.10491160243289,37.578555794560096],[127.1079771013341,37.5769192994877],[127.1055186038201,37.5794452016589],[127.1078027025726,37.5830371986769],[127.1066817008807,37.58442440081971],[127.1052333020388,37.5845058008505],[127.10504120223091,37.5873407980155],[127.1074771025335,37.5871949998142],[127.1066036003331,37.5880720001857],[127.1040970013693,37.5872527010117],[127.10343180203449,37.589736298528095],[127.1052505038448,37.5906566012426],[127.1039414013392,37.591785101990205],[127.1037239015567,37.594132099643204],[127.10527950030199,37.5941464000755],[127.1037860010263,37.5947754004693],[127.1032352012079,37.596814599775705],[127.1065968004419,37.6011045993817],[127.1080932000466,37.5999090998099],[127.1097210002031,37.6005132999895],[127.1101240003363,37.6020305998983],[127.1113542007395,37.601838099831205],[127.1118592019122,37.6049383992381],[127.1139402008782,37.607053300666195],[127.113202199543,37.6078291006733],[127.1111927007903,37.6070023011336],[127.1110813002171,37.6086302001547],[127.1099236013748,37.6098295989553],[127.111502200328,37.6090748000936],[127.1099306004463,37.60984660248],[127.10851960039159,37.609575302162405],[127.1050784010147,37.6117538016935],[127.1020888991119,37.6085907999254],[127.10401809963311,37.609908098942],[127.10565079800041,37.606815602034494],[127.1026413997882,37.6039636010191],[127.1008932000551,37.6060631011003],[127.0991489003224,37.606366100989],[127.0994411999492,37.6073643000355],[127.098032499869,37.6076488001502],[127.0970827001794,37.6069685006971],[127.0974597990995,37.6057391004736],[127.09692059963871,37.605526100686596],[127.0953198006974,37.606416700595],[127.09536329976281,37.607109801215],[127.0935829001222,37.6066239013199],[127.0929364012908,37.607933501222604],[127.0920495002146,37.607312800595004],[127.0875827017757,37.608687800410095],[127.0879851016441,37.6093444020037],[127.0863811015234,37.6103176017571],[127.0861633017412,37.613372898701805],[127.0887965008327,37.612734798613296],[127.0912600009449,37.6133699992478],[127.089207802736,37.6156702985083],[127.09135130059249,37.6164913976872],[127.09596389999,37.614442699754996],[127.0967936006803,37.6152115003679],[127.0950368002737,37.6168554016787],[127.09299729998489,37.6173715014231],[127.0913513006879,37.616491401158],[127.0885396008827,37.6197897005567],[127.08929860012371,37.6210746992717],[127.0911184003476,37.6204433998021],[127.09027090038269,37.6212698999671],[127.0908166998369,37.6218342994027],[127.0912647002952,37.6213687997563],[127.0905774009404,37.6220261003705],[127.09152570024341,37.622686099930505],[127.09063330005799,37.6239232005614],[127.08981489924729,37.6225990005411],[127.0884277004449,37.6221263009371],[127.0875543009519,37.6227443011464],[127.08846540026471,37.6239493001119],[127.0864351002235,37.6249944019203],[127.0820013018234,37.624284800308395],[127.0830699001712,37.6273328996026],[127.0834559003688,37.6268978976953],[127.0850300006015,37.627969998748995],[127.082108099956,37.6285576002172],[127.082288999661,37.628002100502705],[127.08143010051991,37.627911600593194],[127.08135450070961,37.6293361994386],[127.0823163010232,37.6299778004207],[127.08177860048481,37.6309523004863],[127.0775043013642,37.633198200318105],[127.07777230019501,37.6337530002518],[127.0738423008944,37.6318591023439],[127.0725834021533,37.6328302013728],[127.0720580026787,37.6336904005126],[127.0736298011069,37.6355496986533],[127.07577330030439,37.636145999938094],[127.0771401057792,37.6381066025793],[127.0731807012847,37.6402557040312],[127.0707400005423,37.645290000946105],[127.0696255007976,37.6504819005653],[127.0684799997963,37.6507900020729],[127.0657264008969,37.6497815028557],[127.06446040216291,37.6510038016334],[127.0634388031845,37.654073198564],[127.0644879021354,37.6551885974486],[127.0672835006666,37.6547994991402],[127.0680863010113,37.65558479899],[127.0670719008671,37.655440200701804],[127.0672099007291,37.6563212998207],[127.0678925007307,37.6563181002934],[127.06730280025019,37.6574290001589],[127.0650948004929,37.657454800748795],[127.06465370062459,37.6592002005004],[127.0631098999391,37.658169801043506],[127.0626445007182,37.6596604003799],[127.06204750008881,37.6588630012702],[127.06144020019791,37.660177300578],[127.06080399955161,37.6600618001876],[127.06109509926671,37.659470500258095],[127.0587610006137,37.6598252001364],[127.05991110050559,37.6613209004777],[127.0587706000461,37.6614283007335],[127.0578958009209,37.6627618993999],[127.05900670007999,37.6636437990997],[127.061131300513,37.661923599501804],[127.0617733015288,37.6625035003506],[127.0613562021784,37.6641018001424],[127.0619769015577,37.6651877990564],[127.0634371000975,37.664797299446896],[127.06330280039741,37.6660229006834],[127.061954700597,37.6670163001223],[127.0608769006747,37.6665358007412],[127.0611801992943,37.6673850005776],[127.0606407998337,37.666768501194106],[127.05935450112,37.6671529008097],[127.05997500050509,37.668380200419804],[127.0593282003541,37.667251101367604],[127.0582676998759,37.6686725008458],[127.0565808998699,37.667631200444205],[127.055276600438,37.6686195007279],[127.0545074989243,37.6676891995998],[127.0549050985267,37.6664437008453],[127.0519055988417,37.6650040992539],[127.0525668995873,37.6635627992616],[127.0538696000917,37.6635524989143],[127.05332440057339,37.6648225000308],[127.0542278996699,37.6656668991864],[127.0556147995171,37.6612799996662],[127.05893319962969,37.6606421999308],[127.0574660989126,37.6601671002907],[127.0574935980547,37.6574650986444],[127.0595166994343,37.6579314989639],[127.06069259894099,37.6567556996192],[127.0600529990542,37.655578800042],[127.0551602000553,37.6546730003068],[127.0530336992413,37.6529856002034],[127.05369069773771,37.652264799860596],[127.0546138991193,37.652950699295495],[127.0554741000422,37.6518649985139],[127.05861969725579,37.650818699415304],[127.0589295969459,37.6493656008684],[127.0545612982701,37.6457204002959],[127.0569809993699,37.643661899968095],[127.0563914981434,37.6432656997283],[127.0574995988047,37.642259800278595],[127.0562319980491,37.641846298698695],[127.0574995988511,37.6422597985449],[127.05996889929101,37.639902298540704],[127.06025579917579,37.6360471994794],[127.0622508983939,37.6345519995363],[127.062496399859,37.6322242002197],[127.0608848012492,37.6327522997221],[127.0602899994517,37.6341100005123],[127.06023209847919,37.631098799589495],[127.05916689990339,37.630315299399896],[127.0604546997371,37.6309407990872],[127.0616542985375,37.6309603990676],[127.0619154995641,37.629945398987],[127.0653047988378,37.6305766986939],[127.0643348998077,37.6284002008704],[127.0638296996733,37.6291451013602],[127.06262609955961,37.627582500287204],[127.0633368993537,37.625875500671],[127.0626619990537,37.6250595993615],[127.0633954992232,37.6235564988081],[127.0648199977987,37.6230522993123],[127.0628405997781,37.6206745016901],[127.0612591013596,37.621455600908995],[127.0619913006274,37.6229277994368],[127.0597029014404,37.6249385999378],[127.0601214018096,37.6260719995984],[127.0592242016386,37.6266339006785],[127.05759109922259,37.626543900047004],[127.0575984997478,37.625761499717505],[127.05890979869,37.625289299882695],[127.0590956985041,37.623779901392105],[127.05784759975221,37.6226805024915],[127.0561367982981,37.6227505001355],[127.0572679994568,37.6214430999713],[127.0567629985849,37.619507400012104],[127.0572658996944,37.617963599847705],[127.0583664004573,37.6199360983646],[127.0591560010534,37.6183823007024],[127.058366401843,37.619936099148596],[127.0587953014141,37.620583598501106],[127.0614772001913,37.6197193986359],[127.06252590051099,37.620126297915704],[127.0638311992057,37.6182647997772],[127.0608357990943,37.6158090008105],[127.06052030003829,37.614021001574],[127.0583396992474,37.6151869003642],[127.05818580014001,37.6143066997937],[127.0605202984479,37.6140210001538],[127.0591862994952,37.6126315005435],[127.05822960045191,37.6123272008478],[127.0574769001106,37.6136214009133],[127.0579809988561,37.6125592009346],[127.0563199997736,37.6115100015897],[127.0553424007512,37.612440700659],[127.054567400372,37.612067101079695],[127.05340000066779,37.6142700000621],[127.05495580035421,37.6151809006091],[127.0513800996972,37.6154711005597],[127.0520206993942,37.6144783001429],[127.05152369968681,37.6141114000302],[127.05255339908359,37.6139756999305],[127.05234419929279,37.6118483020579],[127.0510559995121,37.6135789001439],[127.0523441979711,37.6118483008381],[127.05077449993651,37.6106866008433],[127.04959020072509,37.6117152009712],[127.04840010038319,37.611420100876394],[127.0453726987074,37.6096301019916],[127.04406609950749,37.6075199009651],[127.04126279982479,37.6077673004716],[127.0389388000353,37.6049594009384],[127.0367366003215,37.6064727006451],[127.0371434992975,37.60504210045],[127.0359867004543,37.605067100424996],[127.0348516012273,37.6061921001144],[127.03564820025579,37.607095800052804],[127.0350556001828,37.608250299509905],[127.03555920025799,37.6078322994882],[127.03613780067151,37.6085538004352],[127.0362630005463,37.6100533989356],[127.0352207009084,37.6112360998679],[127.0375867004445,37.6125378998264],[127.0355547013994,37.6125986013487],[127.0354357005145,37.617589100786894],[127.0282190003094,37.6208110000859],[127.0311838006721,37.6255848001378],[127.0312062026904,37.6284720037371],[127.0303670994886,37.6288575044392],[127.0282747001847,37.6272117004949],[127.0262866011944,37.629382701053004],[127.02715089955379,37.6305958008969],[127.0238889998119,37.6318718008477],[127.0198571994113,37.626912099950395],[127.0195242994667,37.6244698004039],[127.0282387992412,37.6207670998229],[127.0272435997326,37.6199685999319],[127.0278772995637,37.6195523001964],[127.0266224997968,37.6198106005086],[127.02451529984151,37.618100200928204],[127.02406189967651,37.6184390007594],[127.0244867997315,37.6176230005075],[127.0234253993508,37.61660000042],[127.0236698989327,37.614856600208505],[127.02257729955869,37.614351399995094],[127.0237379997656,37.6135620999011],[127.02353599996759,37.612958100505104],[127.02204429960611,37.6129289005648],[127.022674999347,37.6114925007739],[127.020865499465,37.6111060017437],[127.0205687992254,37.6097557007198],[127.0186964994175,37.6090731015949],[127.0172012005416,37.606729201748394],[127.0131661003918,37.6076057008782],[127.0105627002295,37.6071024013046],[127.0099484007287,37.6083680002167],[127.0106120003895,37.608737600040996],[127.0098670006659,37.6086090003149],[127.00953500084199,37.6098531996789],[127.0113142999864,37.6097160992414],[127.0125702004322,37.6110949999985],[127.011871300686,37.612353300796904],[127.01065180100791,37.6118924010168],[127.0115199004778,37.6131458004554],[127.0111308000544,37.614379500354396],[127.0098799005436,37.6135854012558],[127.0087120003849,37.6140185014311],[127.00882750002229,37.6154450007871],[127.00871199905261,37.6140185013879],[127.0075750001896,37.613876601529796],[127.0062352015294,37.6139570014494],[127.0059076993023,37.615293500851],[127.00362769896459,37.6122579002319],[127.0054105990215,37.612049799590004],[127.0052229992091,37.6110753005645],[127.00443339950209,37.6110386993455],[127.0058323999786,37.6111834994197],[127.00631629961799,37.609482699492304],[127.0068553000594,37.6101418993278],[127.0086015993116,37.6093746993013],[127.0105626987576,37.6071024004663],[127.00891179916391,37.6066654006285],[127.0090998983264,37.6056163005861],[127.0077784992888,37.603364400703796],[127.00884019821389,37.6028532995558],[127.0069902999504,37.6016848000787],[127.0070136987232,37.6007559992266],[127.0092645982554,37.598407100392905],[127.0094501980698,37.596481502318504],[127.0065627009573,37.5964715023285],[127.0061328988666,37.5954246019752],[127.002900400889,37.5948749021129],[127.00272749997481,37.596951300754],[127.0014649995226,37.596629101142504],[127.0000813998708,37.5979290008575],[126.99773950036119,37.596991300843996],[126.9960064999309,37.597717600585504],[126.9951317993999,37.595644900396906],[126.9931965993247,37.594611699785304],[126.9941444995171,37.594660499026205],[126.9944019992596,37.5939252997614],[126.9938585994651,37.592487199964204],[126.992859500186,37.5918549005139],[126.9921002997405,37.592354500167396],[126.9923369991496,37.5911920002658],[126.9893304973259,37.588648800371004],[126.9903163986222,37.5869105006943],[126.9878049011337,37.5855781020267],[126.98739669974711,37.586167000303305],[126.986668800475,37.5848875015828],[126.9855436016002,37.5861189003514],[126.9874506009136,37.5868343006853],[126.9861827004737,37.5876033014165],[126.98364069983819,37.586812300778796],[126.9838483987201,37.5857927999702],[126.9825176001979,37.5849053004399],[126.98168850001771,37.5863874005771],[126.9814293992315,37.584623000871],[126.9793513996159,37.5849683005848],[126.9791419000659,37.582646800643],[126.9774913007882,37.5829654004446],[126.97735849949319,37.5837052003645],[126.9754166995802,37.5837618006565],[126.9749579990518,37.5830084008759],[126.97291040054421,37.5838731000906],[126.972826700137,37.5861156006358],[126.9716245999257,37.58510140069],[126.970165198551,37.585470200816204],[126.96788330020709,37.5837144004016],[126.9666809994998,37.5837026001425],[126.96608359941871,37.582917899177495],[126.96684689865539,37.5824028996925],[126.96472749945009,37.5819222001088],[126.9647398997873,37.580891700532405],[126.9621361992093,37.5803121018505],[126.9600514999295,37.5783037013004],[126.95913530035389,37.5792614010053],[126.9592456006619,37.5804537015209],[126.9583586000396,37.5797280007094],[126.95459600216269,37.5808824017763],[126.9549554028687,37.5840884007625],[126.9543208005531,37.5851476013485],[126.9528197015352,37.5852067016014],[126.9517964997742,37.5865170030542],[126.95025419928861,37.586173002729005],[126.94895250059031,37.5873783015237],[126.9490989004439,37.588482200419804],[126.9455231000786,37.589206900141],[126.9450522999687,37.5881906008769],[126.9441807000188,37.5886730004363],[126.9432355006606,37.589648399733804],[126.94433980031029,37.5904969995689],[126.943254900827,37.592106699071],[126.94481660063039,37.5919568000012],[126.94339750009951,37.5931371001605],[126.94069590060609,37.59269410076],[126.941108399621,37.5939277005645],[126.9394249983581,37.5915252005576],[126.9406475990425,37.5897596003856],[126.9399396997504,37.5890060011392],[126.9379150997096,37.5898946000148],[126.9390627992942,37.5881399992178],[126.94056759935279,37.5875860997777],[126.9399037990023,37.586359898995894],[126.94187119949099,37.5855548992868],[126.9431418989173,37.5842435995618],[126.9427396993195,37.5838098999955],[126.9438807994885,37.583919799331895],[126.9436482996565,37.582996899467],[126.9438808006243,37.583919799234494],[126.9467551999927,37.5836078977545],[126.9492116985897,37.5822828981615],[126.9498025977269,37.5773066023545],[126.9486887988812,37.576212299945205],[126.9499367999171,37.577301498755595],[126.9506652977141,37.5741002966087],[126.9528082990354,37.5726780976834],[126.9560665980698,37.5727686995145],[126.95615339843211,37.5712172999116],[126.9546039991645,37.5710920994703],[126.9561279987617,37.5711444992332],[126.9571904976992,37.5699478004299],[126.95533639955329,37.5683643020134],[126.954195999184,37.5688675006427],[126.9531979998229,37.5667319004315],[126.951066199112,37.5663980018952],[126.9505526986894,37.5636360012719],[126.9477451003232,37.5622374028934],[126.9458189022494,37.563024602106196],[126.945541800094,37.5646241004003],[126.9451807997475,37.5632140009885],[126.944527599726,37.5636551003851],[126.9451807993223,37.5632140003219],[126.93914860051889,37.5614571012673],[126.9388861003718,37.5631601999173],[126.9379893003534,37.562964700044404],[126.9378816999354,37.5637432001188],[126.9368300997112,37.5633589000636],[126.9370894999541,37.5627936000812],[126.9357808998972,37.562729900023],[126.9354659997749,37.5614376003267],[126.9346826000514,37.5614025004701],[126.9344456002518,37.5622931002991],[126.9306935999394,37.560583200271104],[126.929281400938,37.5609657002206],[126.9280234002742,37.563226100379104],[126.92768649944229,37.5625528007741],[126.923658900122,37.563370400342095],[126.9231363000482,37.5624452006778],[126.9211605999798,37.5631950001548],[126.9218074993929,37.562406600142204],[126.92057849961971,37.5616757004258],[126.9192607992622,37.5621375000952],[126.9189412995722,37.5595396003057],[126.91797279945091,37.5593961002389],[126.9181587987398,37.5572460007943],[126.91645129982881,37.5550560002181],[126.9150600999999,37.5548194010006],[126.9144800003621,37.5555398005407],[126.9133425000722,37.5550190003984],[126.91259080031351,37.555831700144],[126.9118783000895,37.5552798005312],[126.911052199782,37.5563841004276],[126.90956180067961,37.5556561010609],[126.9094529995507,37.5567951005018],[126.9095617994008,37.5556561003097],[126.9087374996068,37.555537799943906],[126.90994859972791,37.5552297997381],[126.9089993996638,37.5543593006799],[126.9091503992979,37.5534319004189],[126.9077264995846,37.55359870006],[126.9067910994453,37.5521114000354],[126.9071365993977,37.5511867001172],[126.9062471996029,37.5510708000205],[126.9056852991018,37.5493717995634],[126.907579099684,37.546494699881094],[126.9037013034173,37.5429679034095],[126.9013407001304,37.5428735007371],[126.9017224991497,37.542081800792495],[126.9006024999036,37.5405379019997],[126.89656530078831,37.5430699009537],[126.8935464017274,37.5418960016284],[126.89206660072611,37.543193200445295],[126.8882597997022,37.5428440002372],[126.8896621991131,37.5412335995716],[126.88943639933889,37.540126900678295],[126.88839779836651,37.5401801016756],[126.890443499236,37.5384390997624],[126.89192839905179,37.532519199950606],[126.8905088996608,37.5303826003829],[126.8885348990448,37.5306623011013],[126.89040799927449,37.5301039999514],[126.88835779965949,37.5275779007796],[126.8841101986113,37.526521800115894],[126.883310899911,37.5260622999826],[126.88389029933161,37.525161900883],[126.8827901003325,37.524809201225],[126.8828918998681,37.5264011001967],[126.8808288993017,37.5239219032309],[126.87855710157349,37.525843101309704],[126.8789197001141,37.5269379016435],[126.87697920083009,37.5275077012674],[126.8764237013856,37.5285408002343],[126.8795195002386,37.5296906001034],[126.8775528010869,37.5291004009324],[126.8769810005436,37.531100000926],[126.8727132999197,37.5298525001093],[126.8727694996943,37.5288471002638],[126.8717050001037,37.528354500564596],[126.8715608999158,37.5292356007811],[126.8690334001039,37.52793900047261],[126.8678797006138,37.529864700083095],[126.8659488001274,37.530178200882105],[126.8644847999313,37.5316112008422],[126.86311109945039,37.5314712999207],[126.86319689936461,37.5303613010307],[126.862085799514,37.530210901055],[126.86215269905419,37.529206300297],[126.8598770003704,37.5291105009383],[126.8592500993295,37.5280919005431],[126.85711750131141,37.5287654005107],[126.8563484005049,37.5280559010158],[126.85566300119031,37.528589700481994],[126.85238919926951,37.5279520000794],[126.8509299994143,37.5240526011012],[126.85014219931419,37.5238886011529]]],[[[126.8532072997581,37.479771400069],[126.8543746998667,37.4780393997085],[126.8563148006411,37.4795308004545],[126.855580500307,37.4806774006722],[126.8552025998295,37.479850300985206],[126.8532072997581,37.479771400069]]],[[[126.86116329961901,37.5634657000461],[126.8611633000836,37.563465699823304],[126.8611633002223,37.5634657003428],[126.86116329961901,37.5634657000461]]],[[[126.862141698742,37.5112469993383],[126.8636121998302,37.5124707991138],[126.8639011997449,37.5118597985899],[126.86690130010369,37.512515199817805],[126.8676284016538,37.5135375005181],[126.86696019983309,37.5143852021229],[126.8674394988122,37.513470300391],[126.8666435996081,37.5129649008964],[126.8653804004316,37.513768300343],[126.8639802001388,37.5131515009192],[126.8630919997877,37.513710900024996],[126.862141698742,37.5112469993383]]],[[[126.86294929891629,37.552049800486095],[126.86394659892851,37.5515757000234],[126.86345309929911,37.5508997003054],[126.8643423992177,37.5493901998653],[126.8632362996257,37.5478151988216],[126.8651065994743,37.5461763994343],[126.8654253996812,37.544078299529104],[126.8670337997933,37.5440357993212],[126.8668824994142,37.5416745996109],[126.86795449903289,37.5425276988572],[126.86901369878909,37.5413977995072],[126.86797769918469,37.540811399645605],[126.8687636993205,37.5401682998509],[126.87031590001479,37.5411533996106],[126.8705127999902,37.5393173995903],[126.8720688006182,37.5406798992905],[126.8751685981167,37.540764399334],[126.87501469827059,37.5398827002157],[126.8761325003112,37.5392055989451],[126.87854999969831,37.5408086989916],[126.8789379000015,37.5399814994062],[126.88002209960351,37.540773298789695],[126.8817326000871,37.539781598297395],[126.8828207006578,37.5412516981613],[126.884141000504,37.5411755977667],[126.8853798996965,37.538951499805606],[126.8864059009085,37.5391702985871],[126.88307590117459,37.5422119006633],[126.8835366003408,37.543456700267],[126.8830758992722,37.5422119013024],[126.8812763010718,37.5427282007861],[126.8831001002243,37.544206099885294],[126.8821194018462,37.5458846009945],[126.88235560161,37.547817699061405],[126.886560300322,37.5460096990876],[126.8864358003243,37.546840001076305],[126.884656401367,37.546965700117305],[126.88538750092569,37.5477462006146],[126.8850221991067,37.548985202420994],[126.88225270113219,37.548936402048305],[126.8820485013364,37.5499050010797],[126.8818670998373,37.5491222004126],[126.8790312009415,37.5490401014357],[126.8769689009976,37.5508666000404],[126.8769347010318,37.5518350990719],[126.8790707020188,37.5520276003977],[126.8769347009557,37.551835101169],[126.8759490998927,37.5537523005468],[126.874288299417,37.5534014012232],[126.8737675997629,37.5525051014706],[126.8726828000385,37.5532826011785],[126.87376759838489,37.5525051003835],[126.872700499452,37.5514839014047],[126.87000089967529,37.552620401691],[126.8681246001685,37.5517236006878],[126.8663575001205,37.552525000504005],[126.8659597998326,37.5513531007056],[126.86294929891629,37.552049800486095]]],[[[126.8641953997755,37.475879799967004],[126.866587098618,37.4750444984709],[126.8673693000566,37.473495299295806],[126.8667725006316,37.4747884995517],[126.8679773994267,37.475117199223],[126.8691617002722,37.473665899617004],[126.870501800481,37.4755525996814],[126.86885670174729,37.477759603448],[126.86560629939899,37.4774847007363],[126.8641953997755,37.475879799967004]]],[[[126.876320999418,37.478572199561704],[126.8768070002284,37.478233199688795],[126.8789343985516,37.4800313981862],[126.8796215981958,37.478667297174496],[126.8823978993141,37.4782667978172],[126.8830807986312,37.4767277993562],[126.8825372995986,37.4761500967482],[126.8842091015546,37.476713498402205],[126.8833477011749,37.476797001219396],[126.882246700685,37.4802989002795],[126.8809178014102,37.481887699724204],[126.8811659002069,37.484296700837604],[126.8814292996415,37.483704700564495],[126.8802752007956,37.4836874005818],[126.8798186999586,37.484624200096896],[126.88052659770679,37.4826014995021],[126.876320999418,37.478572199561704]]],[[[126.877138599224,37.5318705000322],[126.8771385998252,37.531870499602995],[126.87713860038599,37.5318705001555],[126.877138599224,37.5318705000322]]],[[[126.8803577997024,37.528813200074005],[126.8803578003867,37.5288131999341],[126.8803578001469,37.5288132004205],[126.8803577997024,37.528813200074005]]],[[[126.8807133996567,37.4920033997191],[126.8807134005697,37.492003399949],[126.88071340031401,37.492003400636904],[126.8807133996567,37.4920033997191]]],[[[126.8807986997458,37.551921799862704],[126.8807987005524,37.551921798402105],[126.8807987011496,37.5519217999917],[126.8807986997458,37.551921799862704]]],[[[126.88194539930241,37.5103867995259],[126.88194540078891,37.5103867992583],[126.8820425005661,37.510719400347796],[126.88194539930241,37.5103867995259]]],[[[126.8825899998017,37.4815900000278],[126.88258999989819,37.4815899996934],[126.88259000024699,37.4815900000881],[126.8825899998017,37.4815900000278]]],[[[126.8827598991652,37.55178509842499],[126.8831531009758,37.5516146997915],[126.88288970096421,37.5518027014853],[126.8827598991652,37.55178509842499]]],[[[126.9029422994776,37.5634389992181],[126.90294230038681,37.563439000147405],[126.90294229998531,37.563439000041605],[126.9029422994776,37.5634389992181]]],[[[126.91993529943741,37.618112100077],[126.92207349991389,37.6178935991693],[126.9227188005532,37.6195661000037],[126.9214772000461,37.618886401124904],[126.9203563996011,37.6200724010179],[126.91993529943741,37.618112100077]]],[[[126.9256887998756,37.549242600141],[126.92568879996111,37.5492425998955],[126.92568880003691,37.5492425999116],[126.9256887998756,37.549242600141]]],[[[126.92787899962781,37.610794900548605],[126.9294765000118,37.6082714994974],[126.93132199993329,37.608582099347096],[126.9323083002786,37.6077236999028],[126.932300800653,37.609339300113504],[126.9307984006991,37.6116424991903],[126.9313121001063,37.6119371015183],[126.92976160021941,37.6116901009287],[126.9283537012153,37.6124989009503],[126.92787899962781,37.610794900548605]]],[[[126.93054959956041,37.6013186000514],[126.9311526985906,37.6003604991025],[126.9325608999513,37.6005111975638],[126.9338245986876,37.5994664986085],[126.93376520048359,37.5985145991698],[126.93380500108081,37.6010110987971],[126.9359716993215,37.6008037991567],[126.936790198503,37.5997976001629],[126.9363416988905,37.597721699142504],[126.9387419997648,37.5989808992587],[126.9388598020506,37.5975069999265],[126.9381406020668,37.6000709017278],[126.93577300040259,37.6014753998918],[126.93752390268351,37.6018791999195],[126.93644920060319,37.6026980998592],[126.93753550009009,37.603974800395],[126.9363222001441,37.6029833004607],[126.9365297001237,37.6041277000037],[126.9349766008869,37.6041649003938],[126.9345203998666,37.605042400237004],[126.9344927996025,37.6037825004067],[126.9309902999704,37.602469300371006],[126.9319444996344,37.602132399682205],[126.9318375997413,37.601191600623],[126.93054959956041,37.6013186000514]]],[[[126.9329684999739,37.6095418000747],[126.93296849998531,37.609541799911],[126.9329685005118,37.609541800327804],[126.9329684999739,37.6095418000747]]],[[[126.9351321996018,37.5618588000138],[126.9352901000984,37.562117900125095],[126.9351977995295,37.5621651002492],[126.9351321996018,37.5618588000138]]],[[[126.9352807995371,37.5624184001244],[126.9352808001132,37.5624183998422],[126.9353124999963,37.5625062004611],[126.9352807995371,37.5624184001244]]],[[[126.9364287999387,37.5616077999214],[126.9364288001296,37.5616078001561],[126.9364288000135,37.561607800206595],[126.9364287999387,37.5616077999214]]],[[[126.9365399999104,37.5619297999108],[126.93654000011189,37.561929800038],[126.93653999999559,37.5619298001047],[126.9365399999104,37.5619297999108]]],[[[126.94399079961549,37.3720714008218],[126.9439908000245,37.372071399758106],[126.94399080026389,37.3720713999461],[126.94399079961549,37.3720714008218]]],[[[126.94476159901171,37.4662461997178],[126.9447615992987,37.4662461974612],[126.9447616015893,37.4662461985012],[126.94476159901171,37.4662461997178]]],[[[126.9485614997741,37.389127199839294],[126.94920740023261,37.3884944984611],[126.9511997998665,37.3894666987837],[126.9519150000042,37.3889406996017],[126.95354900099319,37.3907434999068],[126.95183350092401,37.3902101013178],[126.9506449987032,37.3917174006264],[126.9495292996658,37.3899617002776],[126.9486683993503,37.3904692000471],[126.9485614997741,37.389127199839294]]],[[[126.9594035996822,37.394184000117],[126.960499299386,37.3917754995117],[126.96174139974069,37.3921225989611],[126.9641014999332,37.3910529991836],[126.9633776004444,37.3921843998707],[126.9642834995385,37.392599099456],[126.9646371001081,37.391966099809],[126.9652745999752,37.3935433990117],[126.96592630320211,37.3923982009972],[126.96426930244739,37.3954501003839],[126.9650934002475,37.3965903002577],[126.9630280992046,37.397084501177],[126.96149990008291,37.3954530011596],[126.9609862995048,37.3964005005099],[126.9594035996822,37.394184000117]]],[[[126.97027029897279,37.402406800252],[126.9719754984488,37.4013848002876],[126.97208969840639,37.3994308994665],[126.97299339911709,37.3983486995176],[126.9749374990039,37.3982028983006],[126.97604749940581,37.396186898697295],[126.9802771012527,37.3988439991971],[126.9768598004037,37.4020994006492],[126.9771609001026,37.4044979982506],[126.9800885004659,37.405230699392],[126.9785040008031,37.4046012007923],[126.979024000472,37.4060237014277],[126.9785039998693,37.4046012009368],[126.9749548985891,37.40333540289161],[126.97177120057711,37.4041442006489],[126.9721117006343,37.404871900782204],[126.9710993000635,37.4049731013339],[126.9708664996157,37.4025112003855],[126.97027029897279,37.402406800252]]],[[[126.978215699475,37.5294613998325],[126.9782157002698,37.5294613993969],[126.9782156999844,37.5294614006596],[126.978215699475,37.5294613998325]]],[[[126.9791947994487,37.5429594004286],[126.9796114985876,37.541302699242],[126.98012800028499,37.5417998003653],[126.9791947994487,37.5429594004286]]],[[[126.9913081996621,37.5272595998151],[126.99172930014551,37.527219199914896],[126.9916874002308,37.527538300299504],[126.9913081996621,37.5272595998151]]],[[[126.99861889944259,37.423800500141496],[126.9986189001374,37.423800499253495],[126.99861889994399,37.4238005005052],[126.99861889944259,37.423800500141496]]],[[[127.0117958983776,37.6200525997965],[127.01240779995821,37.6195843994712],[127.0132868998794,37.6205267990481],[127.0154072999956,37.6186116985504],[127.0161039999682,37.620054698609096],[127.0172292009277,37.6199740997049],[127.0150676003002,37.621559800546],[127.0143638000633,37.6208319007917],[127.0136958996014,37.6215151004884],[127.0132868993331,37.6205268009532],[127.01218579819229,37.6207261004324],[127.0117958983776,37.6200525997965]]],[[[127.0194202997059,37.620924600026804],[127.02073830024591,37.6203786995705],[127.02114420016859,37.6218060001754],[127.0201548002158,37.6221194005141],[127.0194202997059,37.620924600026804]]],[[[127.020724599685,37.638889299976306],[127.0218904997457,37.638983999587204],[127.0216916995338,37.63778490055],[127.0209493998047,37.6377320996856],[127.022308499482,37.637309699472105],[127.02241599958761,37.6362689002829],[127.0213765995523,37.6361625998768],[127.0224291994982,37.6360482990685],[127.0231707000812,37.6344732992177],[127.0246182005323,37.6354966993026],[127.0272063006047,37.6345762993571],[127.02989770031371,37.6359865000166],[127.02891750059901,37.6371071997538],[127.0296984006041,37.637012000056096],[127.0288302007892,37.6386531998034],[127.029516300353,37.638840400326096],[127.0290822001814,37.641341100278495],[127.0266599985256,37.6400900010635],[127.0233840995483,37.6410160006826],[127.020724599685,37.638889299976306]]],[[[127.0216457995062,37.4583814999659],[127.0216652000389,37.4582593996487],[127.021645800613,37.4583814998772],[127.0216457995062,37.4583814999659]]],[[[127.02894689972169,37.2622595998363],[127.03009849864999,37.2604615994309],[127.0306557006262,37.261813798489996],[127.0321652015014,37.261323099963896],[127.03169629944999,37.261993700939996],[127.02894689972169,37.2622595998363]]],[[[127.03234499951371,37.6490438000507],[127.0333591991303,37.6481239993319],[127.0332515994901,37.6465194986111],[127.0340795002084,37.6462878998587],[127.0372380007036,37.6482212000533],[127.03636470056449,37.6496470009512],[127.0346807999322,37.6503453004537],[127.0334699995713,37.6498179002242],[127.0336854993853,37.648670301127396],[127.03234499951371,37.6490438000507]]],[[[127.0368899996257,37.2993539004843],[127.0370109001401,37.299288499923705],[127.03694710009721,37.299403400330604],[127.0368899996257,37.2993539004843]]],[[[127.03823569966251,37.2516420000266],[127.0393852985991,37.2512034000734],[127.0397618986527,37.249297000591696],[127.0405072006715,37.2489725983837],[127.04102100146,37.2504955988339],[127.0430236002646,37.2508190992558],[127.0438142994739,37.2501159999589],[127.0427744008831,37.249144299044495],[127.0438143031613,37.2501160010891],[127.0442285027453,37.252702298559505],[127.0421813009349,37.2544084013749],[127.04340309829051,37.2531039993575],[127.0420054996881,37.2515828008787],[127.0402095010067,37.2522380004242],[127.0400471003541,37.254804800231],[127.0392929996248,37.2548448008845],[127.0402386996181,37.252986900121705],[127.0386828997446,37.2527703001416],[127.03823569966251,37.2516420000266]]],[[[127.0383363993884,37.6063785002848],[127.0383364006377,37.606378499519295],[127.0383364003942,37.6063785005973],[127.0383363993884,37.6063785002848]]],[[[127.04298139920421,37.305908700166405],[127.04525499998209,37.304958897236105],[127.0471664991471,37.3026015995001],[127.0500843999768,37.3023143976822],[127.0492533009327,37.3025500003439],[127.0500940002684,37.3039838005596],[127.049087000316,37.3041108001257],[127.0509385007344,37.3055947997325],[127.049348401115,37.3056165014519],[127.04771700176241,37.3074055023592],[127.0454880997098,37.307734701044495],[127.0453499984181,37.3059768003501],[127.04298139920421,37.305908700166405]]],[[[127.0453119993573,37.6888729005409],[127.0471528996978,37.6891557996777],[127.0476235997845,37.6880097994366],[127.0483878002396,37.6895550002038],[127.04653780066559,37.6905444009],[127.0465589995413,37.689641200912],[127.0453119993573,37.6888729005409]]],[[[127.04644209915699,37.6882563993099],[127.04644210050179,37.6882563996969],[127.0464421002541,37.688256400514],[127.04644209915699,37.6882563993099]]],[[[127.04658319950241,37.6528648998763],[127.046812099552,37.6525786994213],[127.04714170036449,37.6526552995047],[127.04658319950241,37.6528648998763]]],[[[127.0475656997218,37.2837816002968],[127.04756570023741,37.2837815998476],[127.0475657005643,37.283781600870796],[127.0475656997218,37.2837816002968]]],[[[127.0476773985698,37.301730100279],[127.0476773990157,37.3017300981266],[127.0477915002155,37.3016755987884],[127.0476773985698,37.301730100279]]],[[[127.05027149982399,37.2455574001536],[127.05161119981669,37.2443853991664],[127.0531046998515,37.2449510997651],[127.0530622986847,37.242215899399596],[127.05464379850929,37.242212099617106],[127.0540840999758,37.241338998848505],[127.0554271003709,37.2413115987213],[127.058461801367,37.2415054988587],[127.0583822026359,37.2435660988859],[127.0607786002395,37.2441096983423],[127.06124360194529,37.2435029983985],[127.0637483002963,37.2460088996699],[127.0620692004822,37.24610570041],[127.06252259994099,37.2471893003673],[127.06109930041559,37.246974800436796],[127.0589904015979,37.249996100344],[127.0576880991229,37.2504471011498],[127.0583395984654,37.249648800261205],[127.0574835993214,37.2488148010952],[127.05669590010909,37.2492735006365],[127.05467539798009,37.247591801451],[127.0526127988182,37.247675201603705],[127.05027149982399,37.2455574001536]]],[[[127.050839199222,37.2998877001089],[127.0509667015633,37.2998323988776],[127.0509667000463,37.2998324009934],[127.050839199222,37.2998877001089]]],[[[127.05127859912861,37.6789019999581],[127.05176279915271,37.6775292994701],[127.05334199907941,37.6785624987752],[127.05305099955619,37.6765000997004],[127.05409439968349,37.6762983996709],[127.0551530992369,37.6746830995473],[127.05761440033521,37.6760235999992],[127.05666160066839,37.6760437003256],[127.0568253007307,37.677024399526104],[127.057691300725,37.676831300087805],[127.0561337003534,37.680888800819396],[127.0542105989149,37.6809504014251],[127.05127859912861,37.6789019999581]]],[[[127.0550469983139,37.0225559982506],[127.0577262977745,37.0207962924987],[127.06023790031621,37.0202571978335],[127.06080429998251,37.0183880994385],[127.0623196988399,37.0203390976553],[127.06327789825511,37.0191760977302],[127.0656409993618,37.0184894966724],[127.0669247986521,37.0141120006721],[127.0604128008534,37.0132754036131],[127.06003149824109,37.010533198377296],[127.06206359831731,37.010881197324],[127.0613995969772,37.0078391972622],[127.06549179705661,37.0090365970317],[127.0684023023723,37.005859298866795],[127.070306202436,37.008603899216695],[127.0699123026281,37.0124601988073],[127.0673355025947,37.0141416984556],[127.06966680279879,37.0143102996012],[127.0693662010046,37.018838899157195],[127.0714111992309,37.0182370997732],[127.07219840026721,37.016615997295496],[127.0718170024648,37.020480999213596],[127.07489799938381,37.0205467991478],[127.07538870097561,37.0193893995502],[127.075681300542,37.020442000061],[127.0746978004396,37.0211144998705],[127.0756159005885,37.021773500072],[127.0742361011654,37.0242931996827],[127.0726753991238,37.0233708009383],[127.0714009003983,37.0239447003644],[127.0715137998871,37.0245799009581],[127.0691145005809,37.0237373007276],[127.068214002484,37.0273976026962],[127.059255299876,37.0226060013496],[127.0581443001812,37.023197700935896],[127.0550469983139,37.0225559982506]]],[[[127.05638759946109,37.29896019937831],[127.0573688998854,37.298501199403695],[127.0565496002296,37.2972373985353],[127.0606852009485,37.2984314004265],[127.05929339997431,37.2984147003569],[127.0588941996616,37.2992076010362],[127.0570349997358,37.2985193005836],[127.05638759946109,37.29896019937831]]],[[[127.0585258994558,37.6283909987479],[127.0596400012904,37.6279999995296],[127.059404800787,37.628788901239105],[127.0585258994558,37.6283909987479]]],[[[127.0612487992935,37.6610483996748],[127.0612487994705,37.6610483993106],[127.0612488003208,37.6610484000772],[127.0612487992935,37.6610483996748]]],[[[127.06231239991159,37.6560754999829],[127.06231240002569,37.6560755000033],[127.0623123999816,37.6560755000565],[127.06231239991159,37.6560754999829]]],[[[127.06265759953659,37.2111710005997],[127.0637518988275,37.2100509004963],[127.062808499648,37.2081751993157],[127.065935898805,37.207770499485804],[127.0658443992104,37.2069193999289],[127.0677670976149,37.2060908000008],[127.06588409949791,37.2043845017071],[127.0635680991156,37.2064326003238],[127.0648244985522,37.205112600451],[127.0655643967083,37.2017467002744],[127.0671752983303,37.200430598539],[127.0677365997296,37.1983255002705],[127.0668270999897,37.1981924993545],[127.0697688995374,37.197391698845195],[127.0706156999131,37.198037299256406],[127.07194269871279,37.1963891006394],[127.0691801998656,37.1949932010075],[127.0702829988759,37.194481800042695],[127.06833519985601,37.1910043997717],[127.0691532998093,37.190508899455196],[127.0700503993193,37.1912878989137],[127.0703440999525,37.1896687999489],[127.0714465000563,37.188744799774604],[127.07239959995479,37.189773699572],[127.0746164010817,37.189521099726804],[127.0759244007658,37.1908178983186],[127.07792429876591,37.190385498751],[127.07922259769619,37.1885689996829],[127.077977298256,37.1861679017028],[127.0780784985731,37.1835509003087],[127.0774855986576,37.183433800379106],[127.0796291999282,37.1818187991747],[127.0830387005598,37.1841763963932],[127.0854595981389,37.1830822974873],[127.0858765977219,37.1814599991096],[127.0838912998618,37.180324298414405],[127.0859525979387,37.1792537994434],[127.08757919974519,37.1751136988841],[127.0882758004743,37.1752113987021],[127.087721600938,37.1765872004697],[127.08728140035659,37.175195001545205],[127.0858376018004,37.1782443984958],[127.08796140069819,37.1780492990076],[127.0886396994968,37.1796420985715],[127.09129109961731,37.1796307985764],[127.0917515001437,37.178381899174],[127.0920380013121,37.1796576988474],[127.0940242013653,37.1802353991977],[127.0950507005967,37.183282399728604],[127.0967792988681,37.1842028988081],[127.0995485963398,37.183768798987906],[127.1007789975117,37.181241196612405],[127.1033369994579,37.1806808966264],[127.1059636005387,37.1751936981841],[127.103337004124,37.180680896237895],[127.1090992984268,37.181398095549206],[127.1117761006908,37.1809334986941],[127.1108643016159,37.1815908002101],[127.1120409006511,37.1835840984366],[127.1147434032763,37.1834523999507],[127.1074712043125,37.1855529047332],[127.1056785060199,37.195153895335004],[127.1112265004719,37.195424195064696],[127.1135962002969,37.19441139586],[127.1188057964009,37.1952473947415],[127.1213282015284,37.1926315970956],[127.120595304443,37.1957554976461],[127.12460340043489,37.202129591272],[127.12869430086761,37.2024031999864],[127.12869839985511,37.2030271005605],[127.1261386016273,37.2043194014643],[127.1263485006132,37.2077383002345],[127.1235352023946,37.2072971007831],[127.12434639904839,37.2091931017083],[127.1220505013443,37.2073153035861],[127.118661398925,37.2103236070651],[127.11669880088759,37.217187700200995],[127.11458989991179,37.217170001182204],[127.1135742007685,37.2195113005014],[127.11090390184779,37.2193122008649],[127.1109902031871,37.2218881011119],[127.10868550033551,37.2218215008909],[127.10730330171769,37.2225921001203],[127.107560201485,37.2235930994033],[127.1090803004321,37.2230596003876],[127.10756020072719,37.2235931012136],[127.1062314004392,37.2227300013162],[127.1047892016272,37.2237368005247],[127.10531619993681,37.2253199010298],[127.10269119964879,37.223350499937006],[127.1028536988265,37.2213530999148],[127.1037363994085,37.220912399782506],[127.103569799368,37.2187444019277],[127.09842609956979,37.215570500935],[127.097525398947,37.2159070004695],[127.0972114991276,37.2144531003243],[127.0952350011041,37.2130622017152],[127.09560040071999,37.2159311005043],[127.0903797013423,37.2161671005199],[127.0859045000496,37.2175819005514],[127.08157009983269,37.2167026013338],[127.0793823010961,37.2192609013043],[127.08036500192961,37.2214089015278],[127.07831119960011,37.2191933030751],[127.0763029016084,37.2208627014057],[127.076534599941,37.2223707008736],[127.0748363985194,37.22138119921831],[127.07886359956761,37.215821999702904],[127.0778507981817,37.2142824014236],[127.074501501531,37.2128029029031],[127.07152459924501,37.2129951011429],[127.07232979956571,37.212573699947804],[127.0700752006944,37.2112525028855],[127.0673247032384,37.212026702882504],[127.0659648998921,37.2112303011157],[127.06507090026959,37.2125837004018],[127.0637051997878,37.2127506013221],[127.06265759953659,37.2111710005997]]],[[[127.06432009965721,37.252291900207005],[127.0656553997551,37.2514764992342],[127.06668749975,37.2518080990602],[127.0675198989176,37.2499884008799],[127.066443399477,37.2490297012961],[127.0653414985686,37.249517399920805],[127.0661550993133,37.247757499257],[127.0673477000589,37.249294999441396],[127.0679046997363,37.248240200145],[127.0656336992763,37.246270200487395],[127.06590119949139,37.2457845997517],[127.06990129968639,37.2473312992216],[127.0731931996177,37.2464697989367],[127.0739926002544,37.2470666987275],[127.0757593012648,37.245945398393395],[127.0757263010258,37.247380999310394],[127.0768233008236,37.2470065995272],[127.0793436006616,37.2486319991933],[127.07706060145719,37.2518664998973],[127.07873339972521,37.2536049991423],[127.0792732995731,37.252263599505596],[127.0810025020013,37.2530252990465],[127.0807611005311,37.2545694987339],[127.0857078025049,37.2559363001857],[127.083685401494,37.258579199509],[127.0839898025784,37.2602667996132],[127.0856957002983,37.2614772005994],[127.0839898002775,37.2602668023252],[127.0814897008406,37.2608410019529],[127.0809576013727,37.262321500472396],[127.082218200294,37.2639352994269],[127.0833737008936,37.263083099508904],[127.0833759010459,37.2646781998647],[127.08446240081621,37.2659370999963],[127.08270370079309,37.266227800792606],[127.0822289999859,37.2675256003876],[127.0793312999982,37.2657674002727],[127.0779284999123,37.2669699010532],[127.0771403995562,37.266976900108304],[127.0771863995102,37.2656616014236],[127.0753652982259,37.2659205017365],[127.0758281968865,37.2637930001856],[127.07291219928901,37.2609536004623],[127.07152209961289,37.2612328006852],[127.07196789657431,37.2588973001493],[127.07127459726759,37.2575917014549],[127.0691600993821,37.257057601989004],[127.0694302989284,37.2558008013914],[127.06565829985219,37.2553099003767],[127.06432009965721,37.252291900207005]]],[[[127.06472309951539,37.2551584004742],[127.0649616003448,37.2554236003828],[127.0648470993914,37.2552964003362],[127.06472309951539,37.2551584004742]]],[[[127.06672069554101,37.4329787967876],[127.06672070000211,37.4329787940071],[127.06672070289021,37.432978797699],[127.06672069554101,37.4329787967876]]],[[[127.0675954996571,37.5825472003997],[127.0677123003794,37.5825341999467],[127.06766040021189,37.5826475001598],[127.0675954996571,37.5825472003997]]],[[[127.0702875993233,37.4309323997454],[127.07161219918801,37.4290566002122],[127.0712609000465,37.4283696996633],[127.074771400114,37.4307807996551],[127.0735219000257,37.431745100635],[127.07180600115119,37.4314884009869],[127.0707851000241,37.433014901632006],[127.0702875993233,37.4309323997454]]],[[[127.071042599003,37.6502915990089],[127.07112830145489,37.650217999026005],[127.0710426001742,37.6502916006772],[127.071042599003,37.6502915990089]]],[[[127.07237869873771,37.659895999693205],[127.0732913993893,37.6592066989284],[127.0754235008379,37.6599714000423],[127.0758586001118,37.662530000706894],[127.0757286996356,37.6618229008756],[127.0740286997506,37.6620236014537],[127.07237869873771,37.659895999693205]]],[[[127.0729266991729,37.1886489995114],[127.0729486004504,37.1886357991634],[127.07297900019,37.1886684001259],[127.0729266991729,37.1886489995114]]],[[[127.0737723998694,37.1877699999852],[127.0738008019,37.187662597710506],[127.07381220010801,37.1877308002454],[127.0737723998694,37.1877699999852]]],[[[127.07897279987391,37.6703479997988],[127.0789728002515,37.670347999878395],[127.0789727999135,37.670348000081695],[127.07897279987391,37.6703479997988]]],[[[127.08586149856029,37.264686999855904],[127.0858615038768,37.2646870010732],[127.0858615020221,37.2646870028744],[127.08586149856029,37.264686999855904]]],[[[127.0859650991851,37.2226928998136],[127.0868847007,37.221864198321896],[127.0863204999235,37.2226945014445],[127.0859650991851,37.2226928998136]]],[[[127.0880383994231,37.223251999739105],[127.0888771992238,37.219869099281],[127.0899345018329,37.2195130974458],[127.0933950985864,37.220521296418],[127.0947579972235,37.2176939992453],[127.09652869994369,37.217621998754495],[127.0968931012864,37.2209052976394],[127.0982922012962,37.2220734980095],[127.1004668006403,37.2215918000938],[127.0982922011062,37.2220734999367],[127.1025689015961,37.2265177002425],[127.10004380000069,37.2240516034034],[127.0983386012744,37.2237160038705],[127.0945250032636,37.2250307030573],[127.0927764003637,37.2228957033023],[127.0893585998892,37.222623503279195],[127.0880383994231,37.223251999739105]]],[[[127.08921289949751,37.4084339997327],[127.0899604994033,37.4085896994372],[127.089919101906,37.4080065986789],[127.08996050293871,37.408589699957304],[127.08921289949751,37.4084339997327]]],[[[127.08938829926619,37.175203800005],[127.0904244997616,37.1752062983906],[127.0907643004251,37.1733385992329],[127.09167089992769,37.177582300354],[127.09042449823299,37.1752063010768],[127.08938829926619,37.175203800005]]],[[[127.09045769980091,37.3040255999444],[127.0904577007054,37.304025599811105],[127.0904577000718,37.304025600265405],[127.09045769980091,37.3040255999444]]],[[[127.09668099893621,37.6074315012254],[127.09688180002631,37.60750550001],[127.09677290005851,37.6075382001046],[127.09668099893621,37.6074315012254]]],[[[127.1007270996419,36.7971761004733],[127.1009866995291,36.7951361991808],[127.1015594005134,36.7953944978557],[127.1030441990286,36.793837599412605],[127.10277659931509,36.7924908006699],[127.10165739885839,36.792659101657904],[127.1020375978788,36.791268799452396],[127.1033615999214,36.7926913993045],[127.1049100006627,36.7925699997879],[127.10397770088551,36.7933790010126],[127.1037199012684,36.795250100838295],[127.1007270996419,36.7971761004733]]],[[[127.1010046995959,37.2213630001003],[127.1010046999372,37.2213629994331],[127.1010047004829,37.2213629998818],[127.1010046995959,37.2213630001003]]],[[[127.1020237983163,37.1766177985807],[127.1020238007711,37.1766178006895],[127.1020237985309,37.1766178009319],[127.1020237983163,37.1766177985807]]],[[[127.102981199114,37.6128036013206],[127.1029812003574,37.6128035997032],[127.1029812005199,37.6128036006392],[127.102981199114,37.6128036013206]]],[[[127.10371479985781,37.4461491995164],[127.10377079980181,37.4461414995241],[127.1039947009719,37.4461225001275],[127.10377079997001,37.44614150008071],[127.10371479985781,37.4461491995164]]],[[[127.1046383996078,37.4951138996726],[127.10470529998241,37.494969799885],[127.1046383998398,37.4951139003373],[127.1046383996078,37.4951138996726]]],[[[127.1075719995073,37.4987045003514],[127.1075719995823,37.4987044996655],[127.1075720002314,37.4987044998756],[127.1075719995073,37.4987045003514]]],[[[127.1126896991405,37.6086047005637],[127.1126897009829,37.608604699905904],[127.1126897016413,37.6086047011815],[127.1126896991405,37.6086047005637]]],[[[127.112779293341,37.634315401319796],[127.1135318006628,37.635584899371196],[127.1142854001953,37.6376117023453],[127.1135317991563,37.6355848998863],[127.112779293341,37.634315401319796]]],[[[127.11384819813921,37.6323965973651],[127.1138482007059,37.6323965989053],[127.1138538998669,37.6324094005681],[127.11384819813921,37.6323965973651]]],[[[127.11441019983039,37.3389706999006],[127.11441020013899,37.3389707001031],[127.1144101998321,37.3389707001072],[127.11441019983039,37.3389706999006]]],[[[127.1146846998615,37.338585900072395],[127.11468480013701,37.3386334004368],[127.1146847997594,37.3386334002374],[127.1146846998615,37.338585900072395]]],[[[127.1148632999503,37.3392001000523],[127.1148632999585,37.3392000998701],[127.1148633000506,37.339200100041],[127.1148632999503,37.3392001000523]]],[[[127.11486369995811,37.3390765999936],[127.1148637000139,37.3390765999597],[127.1148637000145,37.339076600020995],[127.11486369995811,37.3390765999936]]],[[[127.1152142989373,37.6355163000409],[127.11800290066479,37.6344724004026],[127.1168158003768,37.6359953018571],[127.1152142989373,37.6355163000409]]],[[[127.1181106990819,37.6377285001239],[127.1181107000508,37.6377284985308],[127.11811070167771,37.6377284998998],[127.1181106990819,37.6377285001239]]],[[[127.1201757999332,37.1960590999444],[127.12017580001479,37.1960590998874],[127.1201758001414,37.1960591000116],[127.1201758000598,37.1960591000686],[127.1201757999332,37.1960590999444]]],[[[127.12503289842479,37.642272300208305],[127.1251499002714,37.6429110991357],[127.12718510106251,37.6426494000653],[127.1251499008272,37.642911101850096],[127.12503289842479,37.642272300208305]]],[[[127.1277084992409,37.643578000221],[127.1278007004469,37.6435039992107],[127.1277085005981,37.6435780018563],[127.1277084992409,37.643578000221]]],[[[127.13973219924,37.6038541002843],[127.1423417000996,37.603841599396006],[127.1428347994628,37.602949899938295],[127.14128070011459,37.602258000394],[127.1412156998304,37.6013797996147],[127.14626029850959,37.6019040991348],[127.146855999431,37.601041699122405],[127.1479920001964,37.6037530999046],[127.1472873007294,37.6038589002888],[127.1476816000378,37.6051563009136],[127.14596980139041,37.6058175015606],[127.1462177993171,37.604652200271],[127.1425644003469,37.6045460005275],[127.14185540105589,37.6050897999837],[127.1429929007418,37.6053878002359],[127.1418554007106,37.6050898005591],[127.1417961001348,37.606380301083696],[127.13973219924,37.6038541002843]]],[[[127.143463499099,37.6484366997216],[127.1434635004471,37.6484366992894],[127.1434635008774,37.6484367009732],[127.143463499099,37.6484366997216]]],[[[127.1474696995619,37.273108100228605],[127.1490773988949,37.2726805990454],[127.14814699973199,37.27154749997],[127.1510934987145,37.26898160069889],[127.149301096635,37.266579400789794],[127.14955369970569,37.265599599856],[127.1531441987127,37.2667723982609],[127.15317710119929,37.2657693988329],[127.1541134010175,37.266607298860094],[127.156029901203,37.2663942997502],[127.1555927015073,37.267258800515],[127.156388800613,37.2681368003276],[127.1545419010884,37.268032401501806],[127.1547982008321,37.269869299664904],[127.1534092004993,37.270901300251396],[127.1534063005022,37.271848699304],[127.154383201156,37.2715624998063],[127.15405100058639,37.2722468001885],[127.15261330051389,37.27136530079],[127.15103580246671,37.2726912012933],[127.14940490076029,37.2721194011686],[127.1474696995619,37.273108100228605]]],[[[127.1502924996453,37.565686100239404],[127.15029249993371,37.5656860997931],[127.15029250022391,37.5656861000777],[127.1502924996453,37.565686100239404]]],[[[127.15342459901649,37.566783300233396],[127.153424600314,37.5667832984468],[127.15342459974839,37.5667833015581],[127.15342459901649,37.566783300233396]]],[[[127.1542491992457,37.5679349005261],[127.1542491999553,37.567934899814],[127.1542492007482,37.567934900923994],[127.1542491992457,37.5679349005261]]],[[[127.1549788995423,37.265277300015605],[127.155117899874,37.2649842990684],[127.1550278001031,37.2653457001217],[127.1549788995423,37.265277300015605]]],[[[127.1564601989986,37.2709023999605],[127.1564601996436,37.2709023992431],[127.1564602007855,37.2709024010046],[127.1564601989986,37.2709023999605]]],[[[127.15859689668471,37.2597909982791],[127.16015220038639,37.2607697004039],[127.1589202997462,37.2607891004244],[127.15859689668471,37.2597909982791]]],[[[127.15971639989179,37.6095975996417],[127.1597164001372,37.6095976001812],[127.15971639990329,37.6095976000717],[127.15971639989179,37.6095975996417]]],[[[127.16014749965359,37.609778000522695],[127.1612084998402,37.6090592996668],[127.1626735005444,37.6098103002811],[127.16014749965359,37.609778000522695]]],[[[127.1651072989043,37.524639000185],[127.16510730147961,37.5246389995755],[127.1651073003792,37.5246390009639],[127.1651072989043,37.524639000185]]],[[[127.16850669949,37.2418371996619],[127.1685067020933,37.241837198972796],[127.1685066998072,37.2418372012788],[127.16850669949,37.2418371996619]]],[[[127.1685584998684,37.5632462998997],[127.1685585001691,37.563246299861],[127.16855850021031,37.5632463001251],[127.1685584998684,37.5632462998997]]],[[[127.1688579966949,37.535462001298605],[127.1688579997848,37.535461999280805],[127.1688580010306,37.5354620010758],[127.1688579966949,37.535462001298605]]],[[[127.16998139817319,37.515077499417096],[127.1716818988086,37.5141788003569],[127.1712846998736,37.5121836997197],[127.1762071048666,37.5160169963631],[127.1753119029629,37.5192419009896],[127.1739542987212,37.5178453999059],[127.1749821992553,37.5184684981611],[127.1762070981271,37.5160170003297],[127.1715304028038,37.5157118006349],[127.171997498698,37.517019301175104],[127.16998139817319,37.515077499417096]]],[[[127.1905437973058,37.420061099563696],[127.1924887999892,37.4122588998857],[127.19335369942931,37.4139287981912],[127.1948327979502,37.4119872001328],[127.19307329968109,37.4114099002379],[127.1961827988213,37.4067987960785],[127.1961673001237,37.4025955991429],[127.1985620998022,37.4026759998017],[127.1995552999689,37.4011579993807],[127.20184759996539,37.4014252988297],[127.2022499028734,37.4028754993449],[127.20562360127589,37.4026268992124],[127.20847280157099,37.4063537961153],[127.2113582998679,37.4059557962708],[127.2130616991676,37.4050990968377],[127.2140657981635,37.4033790985577],[127.2159358987586,37.402946396217196],[127.2168629004066,37.406003296739],[127.2177835994859,37.4029307998115],[127.2247175003148,37.4004458996235],[127.22275790064161,37.4007172007715],[127.2232054002307,37.401961300365606],[127.22106550113749,37.4029835998153],[127.2238923018517,37.4043559996126],[127.22082420310569,37.4060548997708],[127.21886930495799,37.408914897861],[127.2198487072115,37.411067902000696],[127.2158272055214,37.412115305795005],[127.2134016002851,37.411414803504904],[127.20780240588431,37.415915699003996],[127.2087915013734,37.4197452041105],[127.204638299914,37.4200109098474],[127.1955332002846,37.4161421067673],[127.1906714051464,37.4192763036331],[127.1905437973058,37.420061099563696]]],[[[127.2012770985691,37.399913599234495],[127.20289630086381,37.3999482982413],[127.2037809009619,37.399724400034394],[127.2028962998019,37.399948301518],[127.2012770985691,37.399913599234495]]],[[[127.2136772996277,37.5367461000166],[127.2136825004259,37.5366990994674],[127.21394790005819,37.5369190001894],[127.2136772996277,37.5367461000166]]],[[[127.21421379985459,37.550753900279],[127.2142137999867,37.550753899870294],[127.2142754000661,37.5507627000094],[127.21421379985459,37.550753900279]]],[[[127.21524649962201,37.5424448000151],[127.2153606000143,37.541753999609696],[127.2155997006884,37.5418611001614],[127.21524649962201,37.5424448000151]]],[[[127.21591289945451,37.5406959001792],[127.2164577001064,37.5402111995707],[127.21591290057741,37.5406958999309],[127.216555500119,37.5408740001185],[127.21591289945451,37.5406959001792]]],[[[127.2163563996393,37.5413717999926],[127.21635640018259,37.5413717997143],[127.2163564000426,37.5413718001785],[127.2163563996393,37.5413717999926]]],[[[127.2170837992105,37.5420814006578],[127.217259499856,37.5407141998434],[127.2182680993163,37.5401654001821],[127.2171321995952,37.5388744998632],[127.2178919023236,37.5376751978047],[127.2210209000843,37.5386694994588],[127.2228254997857,37.5381546997039],[127.2222521999297,37.536742100815],[127.22145259965491,37.537097700789694],[127.2220995997643,37.5363052981207],[127.2238108994857,37.5367148990532],[127.2251889999699,37.535904899588196],[127.227506700676,37.5384319987729],[127.2296645008891,37.5379441997652],[127.2290650002033,37.5387070001031],[127.2296419001707,37.5390706001182],[127.228131101249,37.540348300640595],[127.22706129998001,37.5401633007324],[127.2257159008136,37.54126009993],[127.22435730049689,37.544351401416996],[127.22250789934759,37.5432223008197],[127.2210361001412,37.5444375002577],[127.2209137995582,37.5437474002261],[127.2195697998785,37.5435717001281],[127.22019639923961,37.542999200263296],[127.2194721991518,37.5430008994325],[127.218917099761,37.5414822004772],[127.2181113999936,37.5423430002689],[127.2170837992105,37.5420814006578]]],[[[127.2365322992534,37.403436500575594],[127.23653230008729,37.403436499795596],[127.2365322996064,37.4034365007317],[127.2365322992534,37.403436500575594]]],[[[127.2369346999079,37.4032541997778],[127.24208509803769,37.4014124983799],[127.24196019816259,37.3996772001152],[127.24030979862651,37.3990165984071],[127.2408437980925,37.3970726003511],[127.23933609960021,37.3963190011047],[127.2385116998151,37.3944188010153],[127.2373381989619,37.3953007011393],[127.23745439961101,37.39382149982],[127.2395139992056,37.3938890991979],[127.2407868988378,37.393033299957196],[127.239573798774,37.3927548999997],[127.2408292987544,37.3924661995665],[127.2412213994992,37.390957498579],[127.2426620997805,37.3902002979468],[127.2440720996788,37.386925998443004],[127.2460191012362,37.3867645982685],[127.2493527015423,37.3877336977019],[127.25102420063331,37.3892122980592],[127.2533518001464,37.387852798035695],[127.2549921997667,37.3882111987674],[127.25531530102741,37.3895425988909],[127.25754019880249,37.389798398635094],[127.2576435002446,37.3891930965852],[127.2598732041783,37.3935226973857],[127.26436300256,37.3929312960754],[127.2608981058771,37.39573010053],[127.26088200413629,37.3969090040684],[127.2637767008755,37.4050979986766],[127.2664673995139,37.4059981993612],[127.2671524004097,37.4055345996189],[127.2672217001865,37.4065127997742],[127.2646100016223,37.4072787996316],[127.26437520052811,37.4091124014238],[127.26269300128,37.4101165005694],[127.2606135016547,37.410176400668796],[127.2609606002681,37.4118707000098],[127.2585662003316,37.4125879004993],[127.2584798995188,37.4132197005519],[127.25784920030169,37.4123617003988],[127.2570123001891,37.4137628004162],[127.2549815999454,37.411871100779],[127.2528638005004,37.4129888005253],[127.2523550001075,37.412322100666096],[127.25000829926451,37.4137645010534],[127.24822210045801,37.412502101196],[127.24788359997389,37.4147074011142],[127.24822209752631,37.412502100988696],[127.2457025943163,37.4102578991305],[127.24652759414319,37.40639619881],[127.2447051959656,37.4034688017374],[127.2406536000172,37.40301620219],[127.237812499567,37.4036410004574],[127.23807389889771,37.402706800632],[127.2369346999079,37.4032541997778]]],[[[127.28727139943959,37.3776055001226],[127.2879999980382,37.374202897263],[127.2885418010749,37.3759528985352],[127.2904780997771,37.377076697166004],[127.29239350037291,37.3765947993245],[127.2948502979161,37.377499998419296],[127.2963262964401,37.375681900237396],[127.2950689976974,37.3730919028274],[127.2883283977098,37.371889699576194],[127.2947000930746,37.3707390999894],[127.30398859891,37.3672862971027],[127.3045476015766,37.3689433975904],[127.3069744001066,37.3674500985827],[127.3081187997667,37.3686425982124],[127.3093598054942,37.3681186053427],[127.30505100182451,37.3698314045915],[127.3042842025913,37.3716152028077],[127.3046473000369,37.3746059019291],[127.3017983988089,37.3739919021833],[127.30065209974029,37.3724683005998],[127.2990297003726,37.3733586001401],[127.2978403017555,37.3769505011048],[127.2981534023913,37.379471700795],[127.29747470307,37.3799140003527],[127.3001649003798,37.3831949970717],[127.30139239915229,37.3830538972128],[127.3023296002953,37.3795479987358],[127.304442800288,37.381368799139494],[127.3036361015568,37.3832657988985],[127.30544449974839,37.3825827995815],[127.3060579024124,37.3837355011662],[127.30335910046959,37.385168601101],[127.3014251016323,37.3849668012389],[127.3012334998715,37.386780602559604],[127.2998123012927,37.387651301688905],[127.2977583980861,37.3869914003175],[127.2990174984599,37.3866831996471],[127.29892129855611,37.384609101721196],[127.2961756988298,37.385165699701105],[127.2989212967193,37.3846090989775],[127.2966362990043,37.380408103178496],[127.294552601088,37.3811891023975],[127.28947689982489,37.385336800179],[127.2906503993118,37.3843063004744],[127.2903523993905,37.3836606993983],[127.2923880978658,37.3826987000815],[127.2897111999024,37.3816759007617],[127.289306798183,37.3821329003456],[127.28905239765861,37.378605299122796],[127.28727139943959,37.3776055001226]]],[[[127.3245434981094,36.6134382017559],[127.3247527001139,36.6128289992463],[127.3250555000356,36.6138667994963],[127.32603920059739,36.613642499185595],[127.3289538986492,36.616573096790496],[127.3295855980175,36.6138856994779],[127.3324567003459,36.6138344996787],[127.3298313019514,36.616238500868704],[127.3300398017429,36.61859539851179],[127.3331828985998,36.620612696494504],[127.3373264034142,36.6167650980893],[127.33498300307659,36.6192735981562],[127.3343667046355,36.621789399965195],[127.336968202034,36.6239553977992],[127.3342039999316,36.624327702882205],[127.3324973000069,36.6278048005291],[127.3330776988999,36.6262227011052],[127.3318783988225,36.6266466009655],[127.3314295992713,36.6257522018599],[127.3299370007639,36.6257000019121],[127.3281553005697,36.6268092010129],[127.32737849946899,36.6251804002895],[127.3255534996834,36.624144100716],[127.32680029911201,36.6217146981546],[127.326919999113,36.6187097010601],[127.3245434981094,36.6134382017559]]],[[[127.3261618994473,36.6261644000165],[127.3261619001116,36.6261643996338],[127.3261619000516,36.6261644003988],[127.3261618994473,36.6261644000165]]],[[[127.331685199367,36.6281351000409],[127.33168520017449,36.628135100274804],[127.33168519964329,36.6281351006135],[127.331685199367,36.6281351000409]]],[[[127.3367527980563,37.352674400020895],[127.3400757995436,37.351823498825304],[127.3404154994446,37.34966879996411],[127.3433848985111,37.3486294990194],[127.3445631989183,37.3455198959123],[127.3452209023407,37.3455476983167],[127.3445632012082,37.345519900893],[127.3449308008406,37.347991898421],[127.34643319933821,37.3477944986184],[127.35117789973269,37.344271999315],[127.3501816025347,37.347019097699096],[127.3520935006228,37.3488404958777],[127.3547779979383,37.348260696457494],[127.356557899636,37.3492864982434],[127.3583974035503,37.3489200986846],[127.352326601826,37.3507420028143],[127.3455618072957,37.3549930073002],[127.33710909883301,37.3536929013699],[127.3367527980563,37.352674400020895]]],[[[127.39985419659719,37.317015901924904],[127.40083869916599,37.315416996588695],[127.4009964012122,37.315968997510105],[127.4044913977172,37.3159262975528],[127.4046719023185,37.3139606970035],[127.4097506003123,37.3162576984702],[127.4103534010017,37.3181124006504],[127.4082951991913,37.3177937028791],[127.40671209963409,37.3185448023376],[127.4043051020411,37.3170665038159],[127.40108340231531,37.3179078052765],[127.39985419659719,37.317015901924904]]],[[[127.44154839865,37.264875602562505],[127.4420679009333,37.2651666991774],[127.442067898975,37.265166703421905],[127.44154839865,37.264875602562505]]]]}}]}