{"type":"FeatureCollection","features":[{"type":"Feature","properties":{"interval":15,"stationId":"5930698992","profile":"off-peak"},"geometry":{"type":"MultiPolygon","coordinates":[[[[126.8944254998768,37.6536338999836],[126.8957753002512,37.6523970995932],[126.89573640032731,37.6535314004569],[126.8944254998768,37.6536338999836]]],[[[126.91269119981679,37.621699300053905],[126.9139408994822,37.619765198685],[126.9136868997029,37.6183850996774],[126.9148104995105,37.6177424996157],[126.9139851997114,37.616189999749906],[126.9156868995704,37.613959700198706],[126.9152192000381,37.613131401027],[126.91379420001469,37.6136340010348],[126.9134494994136,37.6119959002384],[126.9149090999397,37.608109799749],[126.9192852996254,37.609033599326494],[126.91973349951401,37.6069103002724],[126.91919849980789,37.6071266997806],[126.9213733995498,37.6037284998199],[126.9235906995556,37.6043278989814],[126.923984199881,37.6031806990602],[126.92538619964391,37.6030716996981],[126.9255875997388,37.6019813996894],[126.92714649988531,37.6014832991632],[126.9291455999203,37.5983257980566],[126.9325121978415,37.5980749995103],[126.93240209943271,37.5970951996418],[126.9335458992368,37.5969491991578],[126.93357919920349,37.5962314998755],[126.9350131994323,37.5966929997105],[126.93487570004821,37.595282599866394],[126.9384607006768,37.5961442989215],[126.9404903003461,37.5953956993625],[126.93859140041181,37.5967009001914],[126.9375355028557,37.603974798920106],[126.9405414006857,37.6088467971768],[126.9414055006704,37.6117409997449],[126.93978680045629,37.6132757033982],[126.9367567007075,37.6130756020872],[126.9343369021405,37.616418199063],[126.93616560003629,37.618278099886],[126.93695630021341,37.6231711003244],[126.9295484999319,37.6249382013983],[126.9280349001235,37.6231368010957],[126.9281032001674,37.6239701002493],[126.9262331002928,37.6242661005267],[126.9249331997737,37.6241497005885],[126.9248730993207,37.6230249005302],[126.9238536003402,37.6232046003505],[126.9219833005395,37.625446900097],[126.9212363994055,37.6252360007667],[126.92166029945619,37.6243785005306],[126.9206434004048,37.6248397001951],[126.9202029997606,37.6259820009155],[126.915858197675,37.62322489998029],[126.91594909877,37.621872700283795],[126.91269119981679,37.621699300053905]]],[[[126.9127045992404,37.5917739001523],[126.91372580068979,37.591592500095395],[126.9139395002284,37.5924195000951],[126.9127045992404,37.5917739001523]]],[[[126.91286769904991,37.647074600397005],[126.91297779940989,37.645476799166],[126.91354110012911,37.6461864986463],[126.91554069975179,37.6457954989057],[126.9173168006966,37.6478114004766],[126.9159908008974,37.6481606009176],[126.91515870148281,37.6504647011798],[126.9146221989557,37.64991590064751],[126.9135073000149,37.650440001058904],[126.91399629853329,37.6486129997167],[126.91286769904991,37.647074600397005]]],[[[126.9138354994578,37.5985861999655],[126.9145627999699,37.596932199455495],[126.91662670020399,37.5984303994198],[126.9167680002549,37.5994740993318],[126.91771890021529,37.599500300046],[126.9149033996794,37.5997385003613],[126.9138354994578,37.5985861999655]]],[[[126.9148604978903,37.6342177001142],[126.9190538999804,37.631698998984994],[126.91805130140621,37.6324799996799],[126.9184756009541,37.6332903993628],[126.9202786000359,37.6336900988804],[126.9208969998146,37.6322639996279],[126.92287380071781,37.6330305999858],[126.9216799005479,37.633213600245],[126.92210490012289,37.633929899528695],[126.922707400352,37.6335506998146],[126.9217240007284,37.6345220000702],[126.922469399983,37.6354366991555],[126.92385300005539,37.633301799696],[126.9236127001634,37.635575599922504],[126.9225916010796,37.6364227992163],[126.9238895019923,37.6379199006803],[126.9213858023662,37.640814600195796],[126.9204280006846,37.6409520003039],[126.9207506004258,37.6416413004847],[126.9198602001086,37.6410681005771],[126.918288799836,37.6424776000586],[126.9159277999375,37.64043940091],[126.9164212993734,37.6391853009878],[126.9149082957584,37.6391517017291],[126.91675949852319,37.6364604995054],[126.9148604978903,37.6342177001142]]],[[[126.9198351996223,37.6318863002736],[126.91983520057319,37.631886299708896],[126.91983520014739,37.6318863004471],[126.9198351996223,37.6318863002736]]],[[[126.9385675990962,37.5894093996761],[126.94082629880499,37.5877843004937],[126.9402834993356,37.5859360990549],[126.94341979972211,37.5857534984901],[126.9431926999258,37.5842520990774],[126.9451918005218,37.5846471995994],[126.94567000004501,37.5854799995413],[126.9470063999599,37.5853083997534],[126.9477500992162,37.5846800003818],[126.9467551999927,37.5836078977545],[126.94753040021291,37.583868098958796],[126.9509153985822,37.5812887988245],[126.9509563996254,37.5796924991484],[126.9521581000689,37.5802003986607],[126.9527869013189,37.5796162992637],[126.9525897023657,37.5834172006712],[126.9493624008918,37.5858681003049],[126.9492378000386,37.5851732007761],[126.9483270003454,37.5852307009583],[126.9481334004215,37.5870595009045],[126.9440869005362,37.5880925004182],[126.9432355006606,37.589648399733804],[126.9436197003883,37.5904017003394],[126.9426509007928,37.5901402004639],[126.9419910014527,37.5909051996989],[126.9440278004604,37.5921365998881],[126.94349149998389,37.5927242002529],[126.9413202001124,37.592069100394106],[126.94069590003349,37.5926941017981],[126.9394249983581,37.5915252005576],[126.9406475990425,37.5897596003856],[126.9399396997504,37.5890060011392],[126.9386033002163,37.5899943007188],[126.9385675990962,37.5894093996761]]],[[[126.95673789918719,37.5753604000437],[126.9579967003498,37.5743408993789],[126.9589678993786,37.5747492989705],[126.96000450025879,37.5724234999482],[126.9595420007014,37.574180999428705],[126.9607458003869,37.5744682001481],[126.9599838992241,37.5752745008127],[126.9584700008193,37.574866000402],[126.95905760016339,37.5762061001665],[126.95780789923731,37.576343700651805],[126.95673789918719,37.5753604000437]]],[[[126.9739352995441,37.5758159000216],[126.97432770011041,37.5753655990547],[126.97457270112909,37.5759735007133],[126.9739352995441,37.5758159000216]]]]}},{"type":"Feature","properties":{"interval":30,"stationId":"5930698992","profile":"off-peak"},"geometry":{"type":"MultiPolygon","coordinates":[[[[126.78731579940231,37.6434663997753],[126.7879853993754,37.6428381994572],[126.7883187002612,37.643066299433],[126.78731579940231,37.6434663997753]]],[[[126.8089474995156,37.6317546004218],[126.808947500683,37.6317546001694],[126.80894749988221,37.6317546011367],[126.8089474995156,37.6317546004218]]],[[[126.8097989998013,37.6318909998997],[126.8097990008795,37.6318909995704],[126.8097990009433,37.6318910006959],[126.8097989998013,37.6318909998997]]],[[[126.8128106995662,37.631237600194],[126.8128107005889,37.6312375998565],[126.812810699896,37.631237600892],[126.8128106995662,37.631237600194]]],[[[126.8166195990821,37.630711799783],[126.81662110135191,37.630751200053496],[126.8166234008342,37.630795402375895],[126.8166210993686,37.6307512000012],[126.8166195990821,37.630711799783]]],[[[126.8256804997973,37.635381099940794],[126.826930899175,37.634801899346996],[126.8274121995894,37.6335764997938],[126.82765719987471,37.634129699428804],[126.8299021999224,37.6326941998705],[126.8302861996067,37.631048400500895],[126.8295573999288,37.6311064000106],[126.8312092988504,37.6308380993752],[126.831537199755,37.629906398951306],[126.8325854002269,37.630745599051096],[126.8335043001179,37.6300682997873],[126.83605930093971,37.6324962994019],[126.8381464035725,37.632969999569],[126.8363473000714,37.6373515000791],[126.83499260137121,37.6376978997393],[126.8354813010297,37.6382944999241],[126.8335074013055,37.639207599909795],[126.8336870009238,37.6400553001525],[126.8335197993165,37.639269400468905],[126.83021239943719,37.6380985000753],[126.83153899952241,37.637901899512606],[126.8311194998166,37.6363991003994],[126.8297161003643,37.6362195005222],[126.82942579947769,37.6368108006942],[126.8256804997973,37.635381099940794]]],[[[126.8301042995606,37.6370910000906],[126.8302228001248,37.637075699983896],[126.83010940003649,37.6371147001709],[126.8301042995606,37.6370910000906]]],[[[126.8330945995417,37.6556484001855],[126.8336130993112,37.654119899520396],[126.83532239911,37.654890899535296],[126.8357102990917,37.6541346997039],[126.8344725001856,37.6528768993511],[126.83560969965261,37.6531263994007],[126.8353718995011,37.6519874998626],[126.8367431994974,37.6509201998987],[126.83671129931281,37.647978199608694],[126.8377734001933,37.6495930979321],[126.8392213987453,37.6480953994298],[126.8392994988491,37.6461702993827],[126.84287600373911,37.6484033978607],[126.8484238981912,37.649941896322204],[126.8491910030169,37.6493078987415],[126.8477694019498,37.6534912026096],[126.8479301026375,37.65651600153161],[126.8458898032185,37.658275203398595],[126.8431811992417,37.6578525019194],[126.8395334999967,37.658711100753095],[126.83624760032319,37.6567998010406],[126.83521990025619,37.657552501050404],[126.8349221995055,37.656378100339],[126.8330945995417,37.6556484001855]]],[[[126.86222789723219,37.6525059998688],[126.8626727960806,37.648623799593004],[126.8647356997809,37.6487331976762],[126.86590649997909,37.6452719994761],[126.868277697797,37.645300899065106],[126.86848049856451,37.6428736987145],[126.8701003998693,37.6437750979727],[126.8713269012296,37.6427668985682],[126.8721417033061,37.6447607981421],[126.8751506005007,37.6448414985951],[126.8762096000299,37.6437854999351],[126.8771689991286,37.64508759870029],[126.87906270026461,37.644186599311794],[126.880916901156,37.6474117986988],[126.8819355013302,37.647804300392096],[126.8809052023858,37.6492582993421],[126.8826485006425,37.650519898080496],[126.88422029907069,37.6485842000162],[126.8833742998914,37.6482327999636],[126.8842202997872,37.6485841994337],[126.884576199886,37.6479769999144],[126.8839811993022,37.647266898498195],[126.8853833988338,37.6465440981732],[126.88746089989449,37.6459658997488],[126.8893596991406,37.647721398198804],[126.89229589990629,37.6447160999646],[126.8949050999332,37.6446063983444],[126.8969218979976,37.6429396969011],[126.8997918019935,37.64440989862],[126.9016012001841,37.6438217992081],[126.9021420009744,37.6440848000069],[126.90164710146931,37.6449400991516],[126.9038768992395,37.645210698881],[126.91066669654069,37.640880799808095],[126.90991839728899,37.638167002521904],[126.9062756859498,37.632631602928704],[126.9092734997007,37.629114699524806],[126.90881209996071,37.626542902408296],[126.9071369933941,37.6248349014332],[126.90486729918331,37.619680800186295],[126.90339109845799,37.6186888009168],[126.9027864990626,37.617101602504],[126.901498998498,37.6167990014788],[126.9035009983754,37.6158875998714],[126.90183429814931,37.6144587993222],[126.9024885987223,37.6118543999421],[126.905352096353,37.608127297844],[126.9029329975893,37.601692399582596],[126.90078699814309,37.6008670986469],[126.90198989920431,37.5951090018683],[126.9010069986016,37.592910697788994],[126.9023138985953,37.5917544989926],[126.90265699849411,37.590104599977494],[126.90194769920339,37.5894909005912],[126.9028768990902,37.5884928003943],[126.9018759997156,37.587610901290205],[126.9028322991131,37.5874175996732],[126.9021187990594,37.5862249005242],[126.9006415996357,37.5859276001209],[126.90155589930221,37.5847783008897],[126.9004543987687,37.5848188000188],[126.9016683986557,37.584475998339904],[126.90209329823081,37.5832361995797],[126.89952409971869,37.5811712019536],[126.8980636011792,37.5823272007976],[126.8971428008651,37.581750800655705],[126.8975709007118,37.5826631011709],[126.8949074998603,37.5825445006451],[126.8960341990261,37.581835700035896],[126.8946148001077,37.5796248014814],[126.8937789992429,37.580073300540704],[126.893500098709,37.5782684002551],[126.8938863996934,37.576233600186605],[126.89466919924719,37.575783300098294],[126.89407849962741,37.574579699663],[126.8982907988121,37.573701800300704],[126.8982594994278,37.5727833999022],[126.8992978992449,37.5721518000123],[126.89883689970591,37.570704201459904],[126.8971748997146,37.5703643993084],[126.8992405997326,37.570745099846],[126.8997304992935,37.569557700701296],[126.8967957992853,37.5663423008385],[126.8953761989327,37.566726700454595],[126.897309499545,37.5659900994763],[126.8967162999487,37.564950699858194],[126.8977533996499,37.5655345992929],[126.8991599994436,37.5640599999154],[126.8993282993971,37.5626525003207],[126.8990908997726,37.5611531004104],[126.8969718007222,37.5616684000463],[126.89752279990141,37.5622917005957],[126.89697180010481,37.561668400857705],[126.8957455987301,37.5620557998074],[126.8959179999403,37.560870199264194],[126.8966748001267,37.5617574998591],[126.8995955001626,37.5604455992806],[126.902651599409,37.560659299475894],[126.902316499667,37.5597719990214],[126.9032559004256,37.5601925995206],[126.9049301996858,37.5591021995371],[126.9057609999593,37.559854999358],[126.9059754998618,37.557897800694896],[126.903863899924,37.554663499020194],[126.90567559951499,37.5529584998444],[126.910852899504,37.5521695994033],[126.9109147997466,37.5509656001642],[126.90892099928281,37.5485736988637],[126.9099526992385,37.5482532995601],[126.909282599829,37.5474305998535],[126.9122173995229,37.547312199435304],[126.91161700004791,37.545657499700994],[126.9129809001109,37.54571459976],[126.9131265003338,37.546416999268196],[126.9147543000298,37.54603869956539],[126.9162091000185,37.5477992986864],[126.9183800003444,37.5479300004851],[126.916460601141,37.5506762000348],[126.9171208004024,37.5518029999907],[126.9157471996469,37.5519780002521],[126.91599679980901,37.5503460003641],[126.9147440002219,37.551788600608404],[126.9136575003044,37.5514983003916],[126.914117700714,37.553809899689796],[126.9157572006941,37.5549401001159],[126.9150600008386,37.555819999927294],[126.91616250073609,37.557615200425104],[126.9106837999536,37.560020200313296],[126.9079466001607,37.5597386005099],[126.90840630027779,37.5609245999512],[126.9077026006012,37.5614710997995],[126.90910960040229,37.563428199691394],[126.90864340059271,37.5644620991154],[126.9100197004859,37.5647818991005],[126.9092337006424,37.5647399003886],[126.9091524007237,37.5654740996544],[126.9100636003462,37.565773700115],[126.90795990095309,37.5660720003118],[126.9075938999186,37.567039200463405],[126.9060124005314,37.5669053009439],[126.90560670093711,37.5681256997235],[126.9073157006659,37.5683774003749],[126.90667620047181,37.5695947001264],[126.90734930050151,37.570228499993],[126.9062091009485,37.5703374001148],[126.90708260051889,37.5716902993357],[126.9076451002057,37.570847399374095],[126.91019350073641,37.571478799647004],[126.9083498021881,37.57329330086851],[126.90740840321749,37.5756043999828],[126.9089883016376,37.5771569984302],[126.9112687996452,37.5766522994657],[126.9152143993699,37.577181198079195],[126.91563460176741,37.5785319988955],[126.917009000393,37.579036498391],[126.9192738001251,37.5787238991666],[126.9198499999164,37.5779299990521],[126.9194266017981,37.5803231001177],[126.9207226005021,37.581040699400106],[126.9209101005287,37.5824867993895],[126.9198714000143,37.5824903006496],[126.9193454005176,37.5835598996346],[126.9203561995068,37.5838399993545],[126.9204745005802,37.583274699854194],[126.92119910033219,37.585143498883404],[126.9235640002193,37.5849003997788],[126.9228363005991,37.5856170000392],[126.9243984013653,37.5877755992856],[126.9233465002242,37.587166600548706],[126.9227059008648,37.5877484999668],[126.92445720026741,37.5908838990533],[126.9260090996121,37.590343499556404],[126.9259556998242,37.5891586985911],[126.9277816988708,37.589459598348796],[126.9283648995728,37.588126698939995],[126.9300025991615,37.5878284991949],[126.9307377984263,37.5868217002017],[126.9285950998606,37.5857603995308],[126.929877399785,37.5858657989588],[126.93034390065,37.585083798761],[126.9313385999595,37.5862547986355],[126.9336672994757,37.5860440987542],[126.93452669891181,37.5841847998474],[126.9340848993536,37.582387001645195],[126.9319403986794,37.581407601260196],[126.9338067996562,37.578443999782294],[126.9357637007203,37.5776290989986],[126.93895519907,37.5787033991433],[126.93935519867,37.577776700070004],[126.9383026983124,37.5766881999237],[126.93956269962949,37.577385698668],[126.941089800037,37.576178199013604],[126.9418205003634,37.5779190982656],[126.9448890998186,37.5787938980859],[126.9465547979457,37.576842398716096],[126.9458726986278,37.5743466012119],[126.9439926999271,37.5742414996008],[126.947585400794,37.573269597439406],[126.9506652977141,37.5741002966087],[126.9509792983312,37.5709677981745],[126.9528082992863,37.5726780976295],[126.9536647984298,37.5715784987291],[126.9532893998435,37.5695470988812],[126.9553379980148,37.568294598913404],[126.95653249887799,37.56549759973],[126.9582670988246,37.5663222987013],[126.9589734990415,37.564334799573196],[126.9616996998995,37.5655213986886],[126.9646910005339,37.5632523991205],[126.9650232002232,37.563899399711396],[126.96863589944759,37.563304399193],[126.96846010251271,37.5658950006713],[126.96988680108599,37.5673793991869],[126.9732794005288,37.5674812993516],[126.97408999997431,37.5684799986472],[126.9746441998192,37.5668983995059],[126.9768032989919,37.5665372991214],[126.9769577996137,37.5652180997844],[126.9751097996168,37.564829400604],[126.9746188998349,37.563694400371006],[126.97359610085769,37.5636176004478],[126.9737656991569,37.5643452998939],[126.97292189874861,37.56360570026779],[126.9734228996695,37.5623580995956],[126.9759624007282,37.5612187997303],[126.9779179003608,37.5628340990617],[126.978977500593,37.5627453993257],[126.98002860030779,37.5648704992569],[126.9815204993558,37.5636418999485],[126.9814330999843,37.5623017997266],[126.9839990992922,37.5610955997397],[126.9820757000051,37.5605436003884],[126.9813784999464,37.5614800005112],[126.98150719952659,37.559980700728],[126.9805923003012,37.559694401024295],[126.98005309954631,37.5606992004446],[126.97986989901419,37.559485200992796],[126.9781909998998,37.5580646002921],[126.9747973992072,37.557035500546895],[126.9768699996691,37.5558699995754],[126.980600700495,37.556795599355404],[126.9802500007645,37.5580756991882],[126.98223690026481,37.5598643994171],[126.9837610987406,37.5593836998978],[126.9828288996728,37.558887600393895],[126.98382559931271,37.5585479996446],[126.9836960994011,37.5578765999358],[126.98541950052521,37.5584620987064],[126.9863264998725,37.557336199901],[126.9869257001255,37.5582260997911],[126.9890427009584,37.5581029987323],[126.9905341001936,37.5599955995472],[126.9916876991605,37.559453099519295],[126.9924178984303,37.55836240061],[126.9921007979003,37.5570227998125],[126.99236429993921,37.5576236995604],[126.9934395998913,37.556049599595504],[126.9963481004177,37.5569444997768],[126.9969784997873,37.558507298214],[126.9992749005915,37.5591082000622],[126.99904510101041,37.5602903997435],[127.0009374996161,37.560724799214505],[127.0015757992165,37.5594369004503],[127.00082369972989,37.5597882001511],[127.0003654994789,37.559102599877605],[127.0024250991806,37.558017499635895],[127.0015822997645,37.5567582992852],[127.0024251002467,37.5580174990657],[127.00373159894019,37.5570893999938],[127.00267169949109,37.5563781998331],[127.0033468005754,37.554901298595894],[127.0061957003045,37.5566646989467],[127.00768789916299,37.5545269995393],[127.0067052996709,37.553662599979106],[127.0085143999417,37.5513841992109],[127.0098944002629,37.5520063993795],[127.0134558002713,37.5516733990573],[127.0131482000245,37.552134499907],[127.01502720058991,37.5531842988008],[127.013258101019,37.557052399628404],[127.0123441998437,37.5578143004673],[127.0116896002945,37.5573342006011],[127.0117623004256,37.558026500255096],[127.0112574000651,37.5573633007283],[127.0111545002044,37.558219300187],[127.00977740055791,37.5586227002967],[127.0098980002233,37.5603594999683],[127.00892020003741,37.5599021005169],[127.0076907008451,37.5617820999389],[127.0086863004283,37.562182100199],[127.0066253002544,37.562599000389795],[127.00886890006349,37.5656297988304],[127.0099300002834,37.564629999806904],[127.0100137001686,37.5656727012528],[127.0088689000399,37.565629800314305],[127.00803789973031,37.5669159007513],[127.0059399994984,37.5662898001912],[127.0050320997262,37.5647302005353],[127.00433579969531,37.5655087002892],[127.0038454989945,37.5642890992326],[127.0049406995645,37.5644335993727],[127.0035147996722,37.561127600439],[127.0007841002572,37.5615187000606],[127.00126640010751,37.5629225995816],[127.0019894005354,37.5629850992184],[127.0008886008185,37.5636778004353],[127.0016248006708,37.565058699549],[127.0040161004077,37.5659026000941],[127.0047507008843,37.5674648008016],[127.0036298008406,37.567525599946805],[127.004538399932,37.5694757979966],[127.0066063007936,37.5692728996114],[127.00707400067141,37.571179999752],[127.0088565995968,37.5709794995287],[127.0092786992871,37.5701277002752],[127.0084247993706,37.569692000213806],[127.00963749975399,37.569624999914204],[127.0090595993214,37.5683705999827],[127.0102408999925,37.5681643997612],[127.0112267004421,37.569362999625206],[127.0140942000969,37.5699963996019],[127.014096500899,37.5707338998507],[127.0171915003361,37.572810998405004],[127.0182195002816,37.572384399375494],[127.0183519000865,37.573643899181],[127.0191730005636,37.5733967001917],[127.019250500086,37.574207300465496],[127.0167810006588,37.5738829001793],[127.0170485004324,37.5745641002821],[127.0156636000077,37.5749542002558],[127.0141450002343,37.5725117011113],[127.0134484000305,37.574004300561995],[127.0117070998176,37.5738615006794],[127.0102364999808,37.574852200878105],[127.0085726996916,37.572457800303305],[127.0073278000899,37.573346300157695],[127.0065536002548,37.5724300005134],[127.0048729003026,37.5744350000498],[127.0021168006448,37.575143500990606],[127.0021526000399,37.576120300635196],[127.00211679895989,37.575143500399],[126.9999522001652,37.575001400964496],[126.9988277998587,37.5740221007197],[126.9974549005304,37.574647800494],[126.9979955005054,37.575884300353096],[126.9973449005552,37.577092500457],[126.9964928998004,37.5761134004272],[126.9956215982789,37.5763527984155],[126.99660469819901,37.5733620003201],[126.995842198897,37.572014700725],[126.9940670005531,37.572039100012596],[126.9912928011011,37.5752462001536],[126.99187330071919,37.577472998359895],[126.99386430016649,37.5782761997668],[126.99229720078769,37.5796637999227],[126.99341840099,37.5818867003701],[126.9880937997111,37.583533602044504],[126.98752190010251,37.5856175005628],[126.9866688007279,37.5848875012795],[126.9855436005293,37.5861189010523],[126.9851643993838,37.5842361014384],[126.9835558990126,37.5854074003556],[126.9802426998895,37.5829346004481],[126.9794676001991,37.5836982001561],[126.9763033005484,37.5837888002809],[126.9749579990518,37.5830084008759],[126.97291040054421,37.5838731000906],[126.97296370013129,37.586751400567096],[126.9699908996504,37.5861435010776],[126.96976449895169,37.5846980015884],[126.9685090995397,37.584077601914004],[126.9662982996428,37.584429900330704],[126.9641775997838,37.5820310005257],[126.9620980018482,37.5825328000204],[126.9614888012249,37.5840145013683],[126.9597392001529,37.582934701968206],[126.9579265019656,37.5844816004213],[126.9549023007722,37.5908322010237],[126.9539376017369,37.5907810010749],[126.9523823032922,37.5932160986398],[126.95338030098581,37.5965344996688],[126.9525759001463,37.5943298020963],[126.9518809008413,37.5949563014698],[126.9525595003186,37.5964222005197],[126.9519743999236,37.5960656008615],[126.9514656004324,37.5969259000012],[126.95198520173379,37.5993556015784],[126.9506735004875,37.5997253007138],[126.9492252997609,37.601742801606896],[126.9461256007613,37.6004304012983],[126.9446339015104,37.6005665020531],[126.9444080017571,37.6047867981908],[126.9461107007457,37.6060650976178],[126.9472694022535,37.6054375018306],[126.94611069975731,37.6060651045551],[126.94440799916259,37.6047868037153],[126.9430022005684,37.604849903652195],[126.9412271023435,37.6060236024785],[126.94126340172309,37.6106956993696],[126.9434319070172,37.6150201023162],[126.9437588062939,37.618373302236705],[126.9479025031892,37.6221581028755],[126.94522660135429,37.623700903438404],[126.94441419964049,37.6253169043299],[126.93364800028641,37.6311450999424],[126.9330693021612,37.6334717982171],[126.93821240095019,37.6338261008037],[126.9362697000352,37.634828801462504],[126.9349477992788,37.633706201844],[126.93303420096939,37.6353487005417],[126.9341922007784,37.6373653994293],[126.9363112014754,37.637485700116],[126.93489770072209,37.6380317000086],[126.9355031000417,37.6388867000757],[126.9344467002171,37.6381680009193],[126.93320880145501,37.639533299553996],[126.9318801028933,37.6421092979541],[126.9325818027897,37.6439507027303],[126.9316338994701,37.6442854038157],[126.9302625008415,37.648082100019],[126.9286559003573,37.6482946005538],[126.9288735002816,37.6491535004645],[126.92805750055079,37.648774500616604],[126.9272555013528,37.6501429992481],[126.928289100269,37.6508221003727],[126.92726650077171,37.6502585008196],[126.9268293996178,37.6514523007309],[126.9251066013406,37.650778101405095],[126.9237109027363,37.6520597001235],[126.922507004921,37.6545623006932],[126.9215328008404,37.6541917015457],[126.92154720469401,37.6570399015701],[126.91998200121361,37.6587581014478],[126.92071319846859,37.656504501597794],[126.91823690094489,37.6540684040339],[126.9143602976748,37.654331405501495],[126.9126827972483,37.653458705404],[126.9083756008808,37.6550068038689],[126.90515069986229,37.6537482041762],[126.90401880099421,37.6544640034604],[126.9030364019766,37.6585018994225],[126.90508400044381,37.6582686002415],[126.9039757003967,37.659811600474896],[126.90004569862471,37.661798802488],[126.8966783007633,37.660994800495196],[126.89542450021061,37.6636884003392],[126.893182400385,37.6623903008475],[126.8918242002068,37.6640710002141],[126.8911507996394,37.6612539997983],[126.8920697997559,37.6615635985522],[126.892719699106,37.6608019993138],[126.89216189910441,37.6586555004216],[126.8910025002638,37.6588552002219],[126.8909739997737,37.6595654012651],[126.8884776983354,37.6581813007389],[126.88830949936701,37.657448899719896],[126.88921989914441,37.6568726003075],[126.888628999351,37.654725302053],[126.8877956001844,37.6566339001444],[126.8860838007451,37.6541644029212],[126.8846700997368,37.6541367020665],[126.879366301777,37.655022502521604],[126.87652130282359,37.657003502661404],[126.8746892987601,37.6543601026832],[126.8728524990523,37.6551587031755],[126.86617720217279,37.6523491053209],[126.86222789723219,37.6525059998688]]],[[[126.89547269939379,37.5697659999748],[126.896225500393,37.5704300002805],[126.8961093991994,37.5704962008884],[126.89547269939379,37.5697659999748]]],[[[126.9030031988459,37.620301599304],[126.9031182005601,37.6203425998685],[126.90302389942009,37.6204057003881],[126.9030031988459,37.620301599304]]],[[[126.9154243992355,37.568811499523605],[126.9154244003582,37.568811499542704],[126.9154243998761,37.5688115003315],[126.9154243992355,37.568811499523605]]],[[[126.91601179962771,37.567846600051006],[126.9164257003917,37.567720399788996],[126.9165374007126,37.5683106995101],[126.91601179962771,37.567846600051006]]],[[[126.9174205998294,37.5678640999567],[126.9174206001531,37.5678640998388],[126.9174205999839,37.5678641000793],[126.9174205998294,37.5678640999567]]],[[[126.9199420994636,37.5478756005004],[126.921334499969,37.5464988998389],[126.9220001996062,37.54692879943121],[126.9217344995794,37.545988499644],[126.9229237999977,37.545191199868796],[126.9237312003371,37.5456881002117],[126.923213600868,37.5465964999227],[126.92380090028071,37.5477436987755],[126.92610630080681,37.5475742001606],[126.92528290023179,37.5487167001072],[126.92349860071731,37.549143800226105],[126.9230574995833,37.550333100417305],[126.9199420994636,37.5478756005004]]],[[[126.9260225993569,37.5570131992416],[126.9273064999978,37.556789099968],[126.9272339011336,37.5576948995447],[126.9260225993569,37.5570131992416]]],[[[126.9306544994803,37.547497500015496],[126.9341335001665,37.547278999906105],[126.93279820028059,37.5476179008107],[126.9327288993185,37.548489600738506],[126.9306544994803,37.547497500015496]]],[[[126.93164929971171,37.5788211998466],[126.9318587006216,37.5785470996363],[126.9318229004751,37.5790479003955],[126.93164929971171,37.5788211998466]]],[[[126.94203879984421,37.5477584000763],[126.9420388001447,37.547758399936896],[126.94203879991221,37.547758400139],[126.94203879984421,37.5477584000763]]],[[[126.94773619813179,37.610189200431],[126.9480518050932,37.610129099257904],[126.94773620271289,37.6101892071471],[126.94773619813179,37.610189200431]]],[[[126.9485107995595,37.5687488999557],[126.9489822005236,37.5688239997055],[126.94886680044371,37.568947300195],[126.9485107995595,37.5687488999557]]],[[[126.9546741996919,37.596231299972],[126.9546742012009,37.5962312996665],[126.9546742013388,37.5962313005585],[126.9546741996919,37.596231299972]]],[[[126.95486099946149,37.6088467001791],[126.9556460004292,37.608623998963],[126.9558806006972,37.6090288999387],[126.95486099946149,37.6088467001791]]],[[[126.9558865993156,37.553412000095605],[126.9558866001406,37.553411999031205],[126.95647760025349,37.5531915997934],[126.9558865993156,37.553412000095605]]],[[[126.96182359967901,37.5594574002549],[126.9627513005279,37.5594974999028],[126.9634482998309,37.5607235986767],[126.9635805997173,37.5592001998478],[126.9648559008705,37.5593926000097],[126.9656137002474,37.560420900155194],[126.9642548008487,37.5611610009777],[126.9642436003249,37.562588000145496],[126.9630602987816,37.5621867002372],[126.96182359967901,37.5594574002549]]],[[[126.962617799821,37.5636983998156],[126.96261780017781,37.5636983998754],[126.96261779995591,37.5636984001853],[126.962617799821,37.5636983998156]]],[[[126.9701449994298,37.555159199005],[126.9726150007792,37.553712399497],[126.97271070012769,37.5569754001482],[126.9720364996018,37.5571688000831],[126.97200719881889,37.555365700916205],[126.9701449994298,37.555159199005]]],[[[126.9717244991259,37.5409645998156],[126.9717244996067,37.5409645984519],[126.9717245000937,37.5409646009061],[126.9717244991259,37.5409645998156]]],[[[126.9722815997692,37.5443409999896],[126.9722816000336,37.544340999359704],[126.9722816008031,37.5443410001293],[126.9722815997692,37.5443409999896]]],[[[126.97237169935859,37.5626489998483],[126.9723716997752,37.5626489991071],[126.97249450026969,37.5626780999461],[126.97237169935859,37.5626489998483]]],[[[126.9725743989504,37.5657146004565],[126.973471600214,37.5651449993483],[126.97344550043199,37.5654413004448],[126.9725743989504,37.5657146004565]]],[[[126.9727556996899,37.5648333999378],[126.9727717001509,37.564801699437496],[126.9728478008378,37.5648087996845],[126.9727556996899,37.5648333999378]]],[[[126.979927699702,37.5633812001885],[126.9806051003586,37.562580199432496],[126.98072060015569,37.5629050006854],[126.979927699702,37.5633812001885]]],[[[126.9882478992065,37.5637622998008],[126.9882479002711,37.5637622995311],[126.9882479004162,37.5637623000999],[126.9882478992065,37.5637622998008]]],[[[127.00266789974421,37.562067399396796],[127.0029389002481,37.562060899505695],[127.002667900199,37.5620674001462],[127.00266789974421,37.562067399396796]]],[[[127.0077676997839,37.5703720998646],[127.0077677001178,37.5703720998817],[127.0077676999777,37.5703721005599],[127.0077676997839,37.5703720998646]]],[[[127.0136034997296,37.5603140001982],[127.01397710042481,37.560330899796796],[127.01375230004469,37.560412900078305],[127.0137973998457,37.5602449001481],[127.0136034997296,37.5603140001982]]],[[[127.0140805989458,37.5471438006359],[127.0150168992,37.5471626995794],[127.01521710032421,37.546391499371],[127.015463900007,37.548230198931996],[127.0158574997961,37.547850799360596],[127.0164802991733,37.5469489002625],[127.015682500261,37.545368099033794],[127.0186537004754,37.5487161998539],[127.01657119960821,37.5485769006582],[127.0153975998032,37.549317700723506],[127.0154638981101,37.5482302004691],[127.0140805989458,37.5471438006359]]],[[[127.0157534993894,37.5411078000891],[127.0172357996201,37.5413917992486],[127.0178049998967,37.540685399245],[127.0176604002335,37.5414603995797],[127.0185905002245,37.541572200857395],[127.0169247002761,37.5419607004171],[127.0167194002985,37.543184700771796],[127.0157534993894,37.5411078000891]]],[[[127.0233871998745,37.5758846999023],[127.0235054999749,37.5757161998741],[127.0233872002424,37.575884699843506],[127.023891800465,37.5759169999714],[127.0233871998745,37.5758846999023]]],[[[127.0246829994818,37.576141200209705],[127.0254271007584,37.5762268992975],[127.0258596004937,37.576476499597796],[127.0246829994818,37.576141200209705]]],[[[127.026481899606,37.5291542001401],[127.0264819016262,37.5291541990876],[127.0264819002516,37.5291542018428],[127.026481899606,37.5291542001401]]]]}},{"type":"Feature","properties":{"interval":60,"stationId":"5930698992","profile":"off-peak"},"geometry":{"type":"MultiPolygon","coordinates":[[[[126.5234745995903,37.5118207998833],[126.5234746005001,37.511820798897006],[126.5234746006217,37.5118207999714],[126.5234745995903,37.5118207998833]]],[[[126.6264518991812,37.5562263003736],[126.626451900483,37.5562262989615],[126.6264519009984,37.5562263030048],[126.6264518991812,37.5562263003736]]],[[[126.6324117945231,37.5577763974114],[126.6324118001489,37.5577763935725],[126.6324118031027,37.557776400332],[126.6324117945231,37.5577763974114]]],[[[126.65770519903229,37.6021039003512],[126.6577051994,37.602103898980005],[126.65770520032059,37.60210390010781],[126.65770519903229,37.6021039003512]]],[[[126.6630837978605,37.568580498972004],[126.6630838000778,37.56858050021631],[126.66308379811609,37.5685805004208],[126.6630837978605,37.568580498972004]]],[[[126.6637764993128,37.5697799999353],[126.6645287999982,37.567614799956004],[126.6652383009974,37.5692059001019],[126.664610500106,37.567790300667596],[126.6637765002709,37.5697799998478],[126.66455210090669,37.5701004001828],[126.6637764993128,37.5697799999353]]],[[[126.6670403993276,37.597745499942704],[126.6672846002302,37.596841499185395],[126.6683866003799,37.5977626998855],[126.6670403993276,37.597745499942704]]],[[[126.6681917995875,37.643101000233],[126.6697604001553,37.644954499434895],[126.6702150004341,37.6447232004478],[126.6697604000082,37.6449545007642],[126.6681917995875,37.643101000233]]],[[[126.66963359490019,37.5683908971685],[126.671182293342,37.564353996806],[126.6723465999669,37.5646165997148],[126.6770509002796,37.561763199397305],[126.6785526032566,37.563826597847],[126.68076930103989,37.5642837973898],[126.6841352015601,37.5677825989141],[126.6836529022756,37.5693954008605],[126.6812700019557,37.5691271010265],[126.67952690126509,37.5704610015834],[126.6767558005017,37.5707116014061],[126.6747933986067,37.5684268013683],[126.66963359490019,37.5683908971685]]],[[[126.67032549972211,37.5938657999246],[126.67340270155199,37.590277898446296],[126.67426210184581,37.5923688978318],[126.67610830095789,37.5923368980843],[126.6744261016223,37.5926878000205],[126.6740928019556,37.5945497981585],[126.676704500629,37.5936900000287],[126.6732986009627,37.5947096002384],[126.673338899919,37.5953808008913],[126.67252469988729,37.594442301119095],[126.67150269922661,37.5952007008763],[126.67032549972211,37.5938657999246]]],[[[126.6718587977029,37.5843960995971],[126.67369509993631,37.583306998199],[126.674314899845,37.583780997728304],[126.67551019940761,37.581357598279496],[126.6769444013202,37.5838024984373],[126.6780791001855,37.583689998549794],[126.67855700008809,37.5824613994989],[126.6793771010514,37.5839243005611],[126.6783741020544,37.5866622978231],[126.6789397016846,37.5869691005954],[126.6777712009089,37.5865509016437],[126.676199899908,37.5878845023162],[126.6750545999001,37.5875030012212],[126.6734458994525,37.5883283011468],[126.6740638987114,37.5871771008143],[126.6718587977029,37.5843960995971]]],[[[126.6771305981984,37.5521879993911],[126.67713060438909,37.5521879991986],[126.6771306000679,37.5521880013157],[126.6771305981984,37.5521879993911]]],[[[126.6825407975612,37.6516290032608],[126.68385970003379,37.6530801979945],[126.6854805007157,37.6513888996829],[126.6838597019716,37.653080201189596],[126.6836109997578,37.6560239032474],[126.683811797343,37.6537551018435],[126.6825407975612,37.6516290032608]]],[[[126.699534198554,37.6323334004783],[126.7007389979259,37.629496901166696],[126.6998844982388,37.628926898497404],[126.7016708000073,37.6281268999484],[126.7030104001026,37.6282888996033],[126.7048300996146,37.6298599980191],[126.7059458984988,37.628735199143904],[126.70567969876501,37.628005599873504],[126.70707400129551,37.6282779999325],[126.7071806001646,37.6288930004253],[126.7061350012102,37.6287087006096],[126.70593120141399,37.6311387981795],[126.7069337004115,37.631694697623594],[126.7086275992415,37.631169598178],[126.7094581996889,37.6284376993965],[126.710092499985,37.6296819990442],[126.71102709970789,37.628418599606704],[126.7121352001906,37.6285672000158],[126.71155660048069,37.6295875997904],[126.7120263006859,37.631761300398104],[126.7106403995615,37.6307835016628],[126.7086300015021,37.632568300361605],[126.7088003001,37.635950400020995],[126.7071954012178,37.6356620006375],[126.7076086986735,37.636414902145496],[126.7044059991378,37.6346315018614],[126.7015355999622,37.6356938005368],[126.7021014993409,37.6350041004492],[126.7003650996012,37.6341820003714],[126.7007687994385,37.6337398003341],[126.699534198554,37.6323334004783]]],[[[126.710880999859,37.623025400025504],[126.7123233991628,37.6209174998154],[126.7118220996641,37.6204823002506],[126.7125174995587,37.6186897000379],[126.7136718988823,37.6182272000252],[126.7132941997699,37.616404499923505],[126.7159673000819,37.6152278970644],[126.7215936994801,37.615645396841295],[126.72329669866771,37.6140569987565],[126.7237938995755,37.609589499233095],[126.72677299960189,37.6094315982598],[126.7282707981041,37.6076962999951],[126.7275581998785,37.6058568996937],[126.7282707997325,37.6076962988391],[126.7296006986751,37.6062113002167],[126.72893429919421,37.6054657989745],[126.7312689987686,37.6061952981196],[126.732175200167,37.6039041993998],[126.7362443011015,37.608164097390805],[126.7385318994256,37.6071964980745],[126.7396715994185,37.608873098043894],[126.7411118015964,37.6091073995048],[126.7405577006946,37.6095427006151],[126.7411753001602,37.6137504001628],[126.7401921960024,37.6137595990537],[126.74016369603089,37.6126950001183],[126.7376537985408,37.610635302178],[126.7363339994761,37.6105864015437],[126.7352564005537,37.6119297002004],[126.7354724025015,37.6176820009687],[126.7327400000009,37.619751800870404],[126.7303383024026,37.6198229007993],[126.7299730999452,37.621718600802204],[126.7269288009061,37.6207114010551],[126.7262824005077,37.623287501435506],[126.7245590022311,37.6231603015627],[126.7239233014903,37.6257447017475],[126.7212208991135,37.624215904643705],[126.71844780188661,37.6253263035333],[126.7160872997943,37.625053002581105],[126.71806389846691,37.6253505991954],[126.71835899817181,37.6246010999449],[126.7154740998178,37.6227789002632],[126.7146792003715,37.6227762005219],[126.7135746004186,37.624687203292396],[126.7110758005855,37.6244503010539],[126.7122257991339,37.624002800176],[126.710880999859,37.623025400025504]]],[[[126.7203728951982,37.571066598109],[126.7209291957929,37.5692193991176],[126.7234367976501,37.5694742979803],[126.72537889953679,37.5635645989916],[126.7274668059121,37.563299394032],[126.733804902592,37.5666380926047],[126.7423027997789,37.5640787951414],[126.7450358996561,37.5599281981586],[126.7459804000915,37.561683700070404],[126.7452578011363,37.566318400215],[126.7504947023525,37.5699841003082],[126.7481874014591,37.5700858006179],[126.7465356002539,37.5732882014854],[126.74478710103169,37.5731930016057],[126.74344600222261,37.574667401701],[126.741459400578,37.5745667027374],[126.7385822001051,37.573045801525204],[126.7369446004859,37.5751902003382],[126.7371810012511,37.5770028008833],[126.7364467014247,37.5780648008219],[126.7353686000925,37.577661300819905],[126.7350129000439,37.5783074009074],[126.7343401990483,37.5781753994402],[126.7350230983654,37.5767912008244],[126.7337002990315,37.5761315007747],[126.7375550976837,37.574359797484206],[126.73806639919279,37.5711310006079],[126.7373840998751,37.5707750009639],[126.7360899991488,37.571480000364],[126.7339191007069,37.5698229016417],[126.73265140197459,37.5707051007595],[126.7319683995108,37.5754869019636],[126.7300416989806,37.575269501098994],[126.7319683981445,37.5754868995161],[126.729831900281,37.572288802714205],[126.7276723024406,37.571356303646695],[126.7203728951982,37.571066598109]]],[[[126.7216951988615,37.538586499916704],[126.7226144001779,37.5385221991675],[126.7226226001995,37.539082000126],[126.7216951988615,37.538586499916704]]],[[[126.7261570989439,37.542835200430495],[126.7284098993137,37.542401999043406],[126.7283367005588,37.541414998597],[126.7291697011508,37.5442648000714],[126.7279553994759,37.544789600449704],[126.7278929990421,37.5439330004706],[126.7269142996538,37.5439628004531],[126.7261570989439,37.542835200430495]]],[[[126.7301197989872,37.6822772994699],[126.7329224989969,37.6790212994538],[126.73488489703449,37.6750246034505],[126.7335261998126,37.6734815998995],[126.73413829942629,37.6730307001747],[126.7334088990209,37.672620199898695],[126.7333498996337,37.670258600267395],[126.7336004002175,37.6708770995398],[126.73609529884111,37.668902599908606],[126.7360122989241,37.6674039014073],[126.73429609957229,37.666532799559896],[126.7387214991995,37.6678292972121],[126.7404355980749,37.6667701979048],[126.7389621998927,37.664520798026096],[126.7441942991455,37.6644611987619],[126.7442022011427,37.6630177989161],[126.7467236991631,37.6633058991808],[126.74628609989841,37.662135099859704],[126.7467236997429,37.6633058987608],[126.74808039838621,37.662295099771605],[126.7478626973871,37.661132098600305],[126.75487270018681,37.6579812985877],[126.7568412986777,37.6593592977832],[126.7595018991751,37.659321398551604],[126.7606975979794,37.6571102007628],[126.7592173993809,37.6566667009902],[126.75931489914201,37.655798100061496],[126.7621364976006,37.6550115004399],[126.7633821985141,37.6521555981879],[126.765124099047,37.651210097415],[126.76574829842279,37.649210099415],[126.7636090005621,37.6467809018442],[126.7621634020077,37.6466267019984],[126.7598873983152,37.6498032014522],[126.7621633976379,37.6466266985217],[126.7617885980127,37.644696200452195],[126.75915519909219,37.641215400022],[126.76311499858019,37.64321949789],[126.7637619987351,37.6423891982425],[126.76613139833391,37.642706497814004],[126.7677787966865,37.6418251986953],[126.7678757978544,37.6392071995079],[126.76719559774449,37.6381757994448],[126.77136948936291,37.6330911880122],[126.777978096087,37.630511286376304],[126.78326709988801,37.6265385992996],[126.7845818016151,37.629167899889],[126.7879529982439,37.630382598674295],[126.7874931002063,37.6280790964846],[126.7897222998799,37.6292330951661],[126.7925872988717,37.6258029961804],[126.7949379002705,37.6259442962508],[126.7966341985742,37.624579097616],[126.79891500144379,37.626415298457296],[126.8036184976571,37.6272504983884],[126.80344529783031,37.625055900583],[126.8045402983018,37.6233570003812],[126.80224179931591,37.6221331001585],[126.8032240990806,37.6223960994418],[126.8029585987911,37.6214197992379],[126.804198697551,37.6198503008074],[126.8028845988651,37.6188040018537],[126.801514999322,37.6196608008407],[126.80289999899139,37.6160783008145],[126.80207209956781,37.6162327992614],[126.8048782982748,37.6157365997724],[126.8039558991972,37.615135000374],[126.8048782997407,37.6157365986354],[126.80582550026679,37.6138757961983],[126.81253929896519,37.608156699312005],[126.8134747993519,37.608594498639],[126.8131602996746,37.6056143000313],[126.81407009730569,37.6035544014664],[126.8135253980742,37.601785998458894],[126.8117844987179,37.6000691935755],[126.8177947996801,37.599937098915696],[126.8192629998515,37.5989041995322],[126.8256809985275,37.597479598983],[126.8261382978493,37.5961922000389],[126.8272898002796,37.5957519997513],[126.8268118024279,37.598321998033406],[126.83016239907731,37.599270397085],[126.8315731022324,37.598458300277095],[126.8283348008152,37.600493700381],[126.8287227004273,37.6015959992787],[126.8296467004792,37.6008653991553],[126.83327470085061,37.6014173974227],[126.8343658013988,37.6049431997096],[126.8390938001906,37.6048205998859],[126.8392442001997,37.6064073985442],[126.8408879991784,37.6071348990634],[126.8392251981799,37.6026746988665],[126.8398258002193,37.6048091988306],[126.8411616988834,37.6048513987884],[126.84170449817941,37.6004807977264],[126.8433491000547,37.5991056990009],[126.8465319010979,37.6010884990404],[126.8481512022276,37.6067744973765],[126.85004890032991,37.6086656954853],[126.8547689962411,37.6046109993671],[126.85322099778911,37.603249200728904],[126.8549458006432,37.604646298304],[126.8582307977821,37.602908899519],[126.85713199670049,37.5968673999184],[126.8596744959173,37.5953465985075],[126.8598287976799,37.589514399648095],[126.8647264984554,37.5924458977884],[126.8654041006791,37.589629296584],[126.8753121950046,37.5898780985136],[126.8733441988235,37.5869696004488],[126.87000100019971,37.585352201877804],[126.8707762992032,37.585608999403796],[126.8724949986504,37.5820400006484],[126.8700263999097,37.5794922999515],[126.870650899677,37.579856899268],[126.8711046979396,37.5785368969762],[126.8768634018364,37.5798129949795],[126.8768223015153,37.580472999676],[126.878716700369,37.581421899061],[126.8809052997962,37.5798834995071],[126.8803022983975,37.575929798862695],[126.88325999624001,37.5740700001561],[126.8823765971234,37.572502901723205],[126.88018479931519,37.5723542018719],[126.8786251992033,37.5696338020748],[126.8760332017953,37.5690203026883],[126.8735119996233,37.5694982004513],[126.8753620983712,37.5686968002139],[126.8743360993972,37.5669301019806],[126.8729073995466,37.5678961006407],[126.86510920575451,37.562336207196],[126.8617874065462,37.564172106764204],[126.8595211073323,37.5673483053712],[126.8558023060148,37.567675706567],[126.8524369013457,37.5697056088433],[126.8491049046777,37.5704670080819],[126.843945800857,37.5751408089109],[126.8348612023493,37.5787932095668],[126.82942699938779,37.5797015007282],[126.829057899772,37.578842700965204],[126.8271050009013,37.5793896014679],[126.8268262992129,37.5806071011813],[126.8235593983691,37.579416803535],[126.8222517975644,37.5776255021376],[126.81841490038599,37.5791479005669],[126.8181766013419,37.5804404017863],[126.8167062005251,37.5813098014749],[126.8151023004994,37.579951202138595],[126.8141115014902,37.5810707010191],[126.8144506003003,37.583393801175504],[126.8140180994321,37.5822473010806],[126.8118402990154,37.5834095016962],[126.8101368007189,37.5823112027945],[126.8074987997474,37.5823296003245],[126.8094992981122,37.5805774012718],[126.8094179981935,37.5797520020972],[126.80594260166889,37.5801608016884],[126.8063490008972,37.58248410017],[126.8049783996225,37.5814489014518],[126.8030217002468,37.5817936005039],[126.8023700006216,37.5831982002402],[126.8005346018689,37.5843522991148],[126.8031880017314,37.5873900004992],[126.8018573991505,37.5887327007243],[126.80105319927989,37.5865685025961],[126.7998045005286,37.5863295028351],[126.79857720175589,37.5876523015123],[126.7993161001806,37.589474801007],[126.7969649996827,37.5847702010702],[126.7950665015812,37.5855337003067],[126.79489289932299,37.5869201017893],[126.7921119986424,37.5824919011852],[126.7896955986848,37.5839603021927],[126.7887793993929,37.579745603523506],[126.7870287985526,37.5831537019494],[126.78661289800979,37.5787482034993],[126.78846320059719,37.5784861986078],[126.79141360197539,37.5804773998715],[126.79463230180791,37.580977399667205],[126.79347060266211,37.583896698085496],[126.79631119990181,37.584389297632],[126.7984296986404,37.581064900109304],[126.79813849966139,37.5795593993005],[126.79930379958681,37.5798126991386],[126.7985675998972,37.577286801068304],[126.79744450016919,37.578289100798],[126.7958203993537,37.577875000399295],[126.7954923997577,37.575665202439204],[126.79316130025819,37.5771305021091],[126.7857956994114,37.5760157011756],[126.78477269868611,37.5748539984363],[126.78681250280779,37.576143193373795],[126.7910774985428,37.5710426984743],[126.7925472028772,37.5725814958049],[126.7971767982476,37.569763798622596],[126.7988997005788,37.571171499729296],[126.7996924003443,37.5756478961711],[126.80062629941041,37.572519199299805],[126.8025624988191,37.5723998983245],[126.803845399126,37.571147199273696],[126.8033780993776,37.5695627997475],[126.8043332988424,37.5680287006308],[126.802456799468,37.566965500185304],[126.80182379832189,37.564436301729394],[126.8001116000341,37.5643951017706],[126.79681789916259,37.5624330001926],[126.79655049940679,37.5613543996905],[126.8010809994952,37.5610990992378],[126.80223929993349,37.5595927991479],[126.80369469908699,37.559325898907595],[126.8037177990639,37.5583227999107],[126.8050387001578,37.5573117993449],[126.80657879877239,37.5569428995911],[126.80637989888,37.5561358999228],[126.80723329903789,37.5564599992315],[126.80971429714299,37.5539131004016],[126.81098919956469,37.5510346971854],[126.8135181970357,37.550874897345196],[126.81657769935029,37.5491340000299],[126.8165837988813,37.5482235973142],[126.8174710008265,37.548409799252404],[126.81650690058709,37.5496966997515],[126.8171939999,37.5511957982524],[126.8203162991679,37.5474700990996],[126.82309620004699,37.5470100985819],[126.8237985004818,37.5458471983768],[126.82414770088539,37.5470800994426],[126.8263472008099,37.5480957977828],[126.8280916000747,37.548435598047895],[126.82969249847379,37.5477742987092],[126.8312081995284,37.5433649002382],[126.83051929979031,37.5434721000339],[126.829815399374,37.541341800050596],[126.8313185999672,37.541234199531196],[126.83171659966769,37.540480199986995],[126.830635299789,37.5398690009659],[126.8294234999973,37.5402682006415],[126.8291176989538,37.5394402999661],[126.8310950998436,37.5384033988508],[126.8316572992814,37.5374399998142],[126.8310083997406,37.5369235994391],[126.8322541000847,37.537064299253096],[126.834890299943,37.5356968988256],[126.8361145990367,37.5336908003091],[126.8338779995281,37.5297631999702],[126.8360971996203,37.5289887994796],[126.8375447996125,37.5277239995741],[126.83751079990691,37.5267063995109],[126.8383903003956,37.526326499157804],[126.8394654994927,37.5270116990602],[126.8421792994753,37.5251978993791],[126.84227139938321,37.523550801026204],[126.84133579937489,37.5231846010065],[126.8415432993374,37.5219171010894],[126.8406674990614,37.521719600282296],[126.84274029910381,37.5216355992887],[126.8436504992542,37.5201453998604],[126.8432661995314,37.5191162996407],[126.8447959991111,37.5194396992234],[126.8488868000246,37.5153428978849],[126.8535655985696,37.5128601985257],[126.8547460994594,37.5132724983988],[126.85538169882379,37.5106952009761],[126.8532283982595,37.5103431008051],[126.85430649932651,37.510138998871305],[126.8583030993471,37.5060656993032],[126.8624692997929,37.5052705994325],[126.8618605006494,37.506032199608],[126.8626867004142,37.5067920994927],[126.8655081002332,37.5073035996191],[126.86699129975979,37.5088673990276],[126.8731830982138,37.5064493003023],[126.8728440990944,37.502170500801995],[126.8718238001147,37.500506902465595],[126.86993860199989,37.5020254009471],[126.8700571987556,37.502861101189794],[126.86829080052199,37.5019721020788],[126.8664699993774,37.5025525003578],[126.8675235989512,37.5013505007012],[126.8666170998577,37.5004380016137],[126.86593849990889,37.5024064005039],[126.8645068995467,37.5020431005361],[126.8636430993277,37.5006279001043],[126.86458299922569,37.4989243993691],[126.8640302993354,37.4973324989752],[126.86651469984099,37.4971922994947],[126.8678268978703,37.49581890000481],[126.8661572986819,37.4928939018626],[126.8627291992741,37.4932242009901],[126.8616870996031,37.4943441008148],[126.8613856991432,37.4933259008393],[126.8596138009151,37.4930528011124],[126.85912830140059,37.4936611005041],[126.860963400207,37.4957155000535],[126.8605108005078,37.496876700185],[126.8565545998478,37.500115900892794],[126.8548889992268,37.4990595998683],[126.8559755993398,37.498590699249505],[126.8562099991054,37.4972830005572],[126.8524007997674,37.497952000807],[126.8536578979682,37.4963955998652],[126.8515453000808,37.4948544014064],[126.8501173008054,37.4965885016233],[126.84837100062,37.496415401330296],[126.8479997001432,37.4978040003769],[126.8479719993229,37.4964023013451],[126.84660480033759,37.496279201327496],[126.8460146990323,37.4951476005156],[126.8484767001579,37.4957469990715],[126.8497410988935,37.4950051998133],[126.8508155990641,37.493610200154],[126.8518793989869,37.4934600996333],[126.85159559975389,37.491192599432296],[126.8531604995831,37.4913113986067],[126.8532882995501,37.4898075993217],[126.85539690012911,37.489951298105304],[126.8563506000425,37.4881177995085],[126.8579882992264,37.4887070994617],[126.85923380054889,37.4879946996922],[126.8606187999852,37.4904395980854],[126.8667135995506,37.4918104988831],[126.8679191001051,37.4905270998125],[126.8693925994419,37.4906898991331],[126.87044949940051,37.4892621995659],[126.87158429915179,37.490839598493004],[126.8720607987167,37.488400600689495],[126.8705160995177,37.4879428999743],[126.8721836004026,37.4880122983539],[126.8723372003806,37.488773899223496],[126.8729871001043,37.488099599159696],[126.8740128003344,37.4913099975849],[126.876445300708,37.4913470991566],[126.876439700646,37.4923732993356],[126.87774919992209,37.4925978994749],[126.8801303975409,37.4922288998439],[126.8803471992874,37.4876321998168],[126.87909189938401,37.487101000322],[126.8789960996256,37.48605670066],[126.876453600022,37.486248600056804],[126.8760004995062,37.4856083004886],[126.8770138985792,37.4845182008929],[126.87491099734629,37.4821650993932],[126.87573289950001,37.482394197992804],[126.87626779826239,37.4793104994235],[126.87573899879119,37.478133900600106],[126.8741647995792,37.4782111002067],[126.8746243999973,37.4778587989773],[126.87962159784429,37.4786672975524],[126.88030399902419,37.475701998302995],[126.8825372995986,37.4761500967482],[126.8844808003963,37.4738467990992],[126.8834666022971,37.4764243986913],[126.88541980094999,37.4769783000526],[126.8833477011749,37.476797001219396],[126.8823847021379,37.4789707990456],[126.8833902011324,37.4806065974098],[126.8854678013754,37.4812134973912],[126.8903678002557,37.479789599541895],[126.89540220065871,37.484560699380005],[126.8962392007782,37.484169799669],[126.8954022008498,37.4845607001599],[126.896309999942,37.4857899989306],[126.8986677000256,37.484435899886],[126.8979291010271,37.485712299674006],[126.8992813996748,37.4860934992928],[126.901164299561,37.4847907994532],[126.9010961998422,37.482640599792305],[126.9024381995863,37.4828113994495],[126.90400409992449,37.479965299821906],[126.9060974992761,37.4810311990222],[126.906990299136,37.479738499351306],[126.90972649845611,37.481009598948],[126.9133475985872,37.4779917991768],[126.9152723992032,37.477737299442104],[126.9156186991186,37.4768403994632],[126.91695200072519,37.4796061983948],[126.9200045999495,37.480947797472204],[126.9227500981036,37.4802987980183],[126.9254049985791,37.478496298550205],[126.9268641998639,37.4761310984259],[126.9284712994402,37.4764267994451],[126.93023790058139,37.4752782990574],[126.9335727999208,37.4761203986985],[126.9358212994624,37.475551399359],[126.9364167001132,37.4764145992516],[126.9417051999178,37.475871399637505],[126.9423430006096,37.4769960995457],[126.94346180020689,37.4759862989016],[126.9455044013868,37.4772064993979],[126.9499879003488,37.4770700983031],[126.95042320055191,37.4779022990206],[126.9513558996192,37.4777402991826],[126.9517807989099,37.4755635997032],[126.9526327993812,37.4756789986901],[126.95287140017581,37.4744912989906],[126.9548079002472,37.476695398801496],[126.9577335000444,37.476508799867695],[126.9575593005993,37.477105799529895],[126.95845419993901,37.4773094993675],[126.9589933993998,37.4764115002655],[126.9582822993668,37.476022399665695],[126.9589970000434,37.4761970987036],[126.9598319992084,37.4748080000927],[126.9590739996752,37.4745589979808],[126.9631282003175,37.4723931993746],[126.9701486995149,37.4741566993563],[126.9699109001414,37.4733730989071],[126.9705611997427,37.473153799196396],[126.9720046990195,37.4742944989743],[126.9727734982507,37.4729453003235],[126.9711601997636,37.4724623996773],[126.9720968990917,37.4721839990146],[126.9722153991586,37.4705284996123],[126.9737498001648,37.4703267987677],[126.9759963996884,37.468207899366305],[126.9806033997507,37.4710080979516],[126.9829779973761,37.469993498966204],[126.98522290055689,37.4668220980451],[126.9863224999335,37.4679953995277],[126.98809969983341,37.4673458988961],[126.9884371995754,37.464687501236895],[126.9874359989174,37.4609114995024],[126.9886868988555,37.459392799438305],[126.9878057997366,37.458721900109204],[126.9913563016121,37.455059298208],[126.9901786004381,37.4566488010298],[126.9885779016484,37.457269300819],[126.98855930157181,37.4583271006193],[126.9887375013936,37.4599791989672],[126.9935692032369,37.4636874983507],[126.99332910299,37.466292600455205],[126.9944067037376,37.4689298014714],[126.99270220128889,37.4697960014388],[126.9933764006241,37.4722495999646],[126.9924179009744,37.4735787997214],[126.99395480072519,37.4736043994768],[126.9944645013785,37.4749826984802],[126.9935217001681,37.476243800434],[126.9910535026363,37.4763446003332],[126.99240980128,37.479656997020804],[126.995468798221,37.4793514973263],[126.9982423992022,37.477117896551306],[126.9997623984149,37.4744005985587],[127.0015529008134,37.4748253969183],[127.0035818987844,37.4734072983364],[127.00637860262,37.4759685972568],[127.0062831013338,37.477060299513],[127.008059399611,37.477650498944],[127.0112308990526,37.474619599585296],[127.0139371975855,37.4762501976259],[127.01641189792589,37.4751301978561],[127.0167723004517,37.4738980979712],[127.01792210558311,37.476366699808096],[127.0240335019735,37.4804233990405],[127.02520719991699,37.483181199402594],[127.0271905001229,37.4837784995985],[127.0287000986133,37.482525000852],[127.0277160990599,37.4796662996893],[127.0289437983101,37.4785731004763],[127.0288143990059,37.47677139952879],[127.0303139994898,37.4745877990704],[127.0313729003843,37.4754176994486],[127.0349254992663,37.473812899932796],[127.0337885996873,37.472431400987695],[127.0307199995863,37.471849999681005],[127.03152709896901,37.4707033000646],[127.03115169972149,37.468499200038096],[127.03148780021759,37.4693476991748],[127.0320854996199,37.4688956996268],[127.0323416993389,37.4672347012221],[127.03036639967111,37.4671344990167],[127.0342299982306,37.4645499999552],[127.0330584982617,37.463942198678],[127.0348721992542,37.463644498916004],[127.0343604999742,37.4624823998252],[127.0355715999404,37.4633044998712],[127.03636500008601,37.462597699959005],[127.03504070127019,37.4645556997446],[127.0365577997531,37.465863998436305],[127.0386692994522,37.4635768998019],[127.03867099945049,37.462395300983495],[127.03778459965339,37.4621754992904],[127.0393775008116,37.4633291997054],[127.0409843013208,37.4629840989797],[127.0418117004934,37.4645728973909],[127.0434919005153,37.4650151977059],[127.0444668995403,37.4645554981656],[127.0451908993408,37.4619135989451],[127.0462340000492,37.461158099849],[127.0456829017922,37.4646264996201],[127.0465971023156,37.4681599978035],[127.0488385003425,37.4705434002531],[127.0483200008192,37.4728325992633],[127.0490328007269,37.4733248994751],[127.0468983007487,37.4748218005422],[127.0465489010981,37.4758424995215],[127.0472760999819,37.476320800487805],[127.0464446001563,37.475773500606806],[127.0456035005689,37.4765932012627],[127.04371910160191,37.4765905002927],[127.0455111002292,37.4784528993356],[127.0520702003032,37.4794414995395],[127.05095440140069,37.4796267006317],[127.0506711014158,37.4819835995414],[127.0510392015657,37.4828761994681],[127.0528436004549,37.4829125999209],[127.0520800013857,37.4844649004393],[127.0527931006726,37.486320298583905],[127.0539682010568,37.4867382990529],[127.0554697995552,37.486122699668506],[127.0564782985467,37.485019200772],[127.0561464993359,37.483458898877004],[127.0595108009387,37.483551897679504],[127.06027250017699,37.482949398282],[127.0604287008277,37.485069199451196],[127.0593027014351,37.4862989991856],[127.0607291000087,37.4868894985951],[127.0628466998987,37.485598999166804],[127.0640645006352,37.4860824994446],[127.06294870173701,37.487793899104],[127.0659767987089,37.4890795978183],[127.06663909804661,37.488103098794795],[127.0682962990959,37.487995399112805],[127.0693313007103,37.4889707995832],[127.0690660011526,37.4895474004573],[127.0677949004463,37.4890514008137],[127.06738350127401,37.4903645000202],[127.0663728008847,37.4896836009624],[127.065788501469,37.49080599984],[127.06680610045139,37.4913763992696],[127.07091439950861,37.4922458978627],[127.0708246002705,37.4902150992651],[127.0709144005376,37.4922458980235],[127.0727535997755,37.4911896995441],[127.0763693000922,37.4920876995457],[127.0770282000739,37.4904216985573],[127.08059430024821,37.4911139991023],[127.08180630003649,37.48881059992],[127.0818809004683,37.490619798957795],[127.08275720052801,37.4907416999523],[127.0846470004858,37.494022999299],[127.085063600542,37.4950705006639],[127.08415560090451,37.4952599021313],[127.0805931005501,37.4944495011451],[127.0784617008393,37.494853300718404],[127.0772269013716,37.496957500649],[127.07748739984879,37.4988015017996],[127.0745987006097,37.4977076010834],[127.0736379009594,37.4989803996247],[127.07386670106949,37.5002358999801],[127.0736378998752,37.4989804013935],[127.07062540164189,37.4989341013938],[127.0687745034454,37.5014164991717],[127.0718305016851,37.5060329995394],[127.0733931007335,37.506638000128],[127.0711490006275,37.5071971012149],[127.07129039977079,37.508487501454304],[127.0717562990182,37.5053990010861],[127.0681259026486,37.5056757008094],[127.0677807024543,37.5074430001357],[127.0694814007536,37.508378299200395],[127.0669240010802,37.5085805000497],[127.0674040004465,37.5099616995926],[127.07042389955299,37.5106251994643],[127.0707101999636,37.5096811997062],[127.07066420039699,37.510374399567404],[127.07311829927461,37.5111009997896],[127.07419619873771,37.5088731991385],[127.0758716981258,37.508189199552994],[127.0746595002403,37.5068568991069],[127.0762649997569,37.509085598992996],[127.0776471994822,37.5078134993258],[127.0789186992516,37.5080698993075],[127.0793865998544,37.5071960993978],[127.0809417002448,37.509459998904696],[127.0823101998016,37.5096753988286],[127.0825578996286,37.508574399606104],[127.0869460984526,37.5059577004286],[127.0866271986164,37.50525060079659],[127.08444529878349,37.5053706998061],[127.0856429987604,37.50349400018111],[127.0856882007051,37.5016557990343],[127.0874595010677,37.5027946989304],[127.0886726011174,37.5020603993001],[127.0891484010951,37.5031116992881],[127.0909985010972,37.5029626993161],[127.0914452012559,37.5038961996368],[127.09034720108829,37.505366899673696],[127.0904652006149,37.5072030998128],[127.09000489975129,37.506644000582504],[127.0879350014081,37.508163000334505],[127.09069980004689,37.5119258999841],[127.0895834004219,37.5128095997816],[127.0912239999024,37.513277199215494],[127.0905307997996,37.5143632008823],[127.0844140002523,37.5164780007181],[127.0843568999869,37.5172534002419],[127.0836645992759,37.5151185011404],[127.0786495008779,37.5141755022036],[127.0781107011687,37.5165153003379],[127.0769383998124,37.5168276009684],[127.0780638978287,37.5126408994857],[127.0760145999204,37.5117052003635],[127.0755489998315,37.510479100949],[127.073462601974,37.5118783999367],[127.0738683009243,37.5139706014628],[127.0700554004193,37.5150710009221],[127.07009219978451,37.5159648003443],[127.0665575001606,37.5155681003897],[127.0643290998671,37.5191787017976],[127.06215210064501,37.5181430004175],[127.0622006999875,37.5189829004554],[127.0611253006587,37.5196178002838],[127.0612629005211,37.5203759995256],[127.0621017008052,37.5200124005387],[127.0614257005352,37.5215249001072],[127.0591598028011,37.5231685984635],[127.0633199008763,37.521700599275704],[127.06666320131619,37.5289816994946],[127.07193359891839,37.527671591787495],[127.07236900093149,37.5284619993882],[127.0734104000333,37.528147999858],[127.0727997007648,37.5294427988555],[127.07417480008769,37.528334299898695],[127.074419100054,37.5291619990635],[127.0759749987316,37.5292401990346],[127.077964299605,37.528531899687394],[127.0776968996834,37.5279207994061],[127.0779743003001,37.5284420987244],[127.0797357003581,37.5279333995133],[127.0804296002079,37.5288793989425],[127.0819118995812,37.527680699449],[127.08435589997991,37.527698199893706],[127.086614400078,37.5288143998329],[127.08686779985759,37.5298550989682],[127.08821479990921,37.5286449997154],[127.0881006994945,37.527610299722],[127.0891046007451,37.5274708990834],[127.0876528002245,37.529702200399406],[127.0881083997689,37.531416398685195],[127.08901709984741,37.5299159997786],[127.0904882994502,37.529917599313194],[127.09190819914511,37.5309909991002],[127.0960939994385,37.5213300001405],[127.097185098908,37.5210244993968],[127.0942017984317,37.5166063001008],[127.0951575985572,37.515868699280595],[127.093979000004,37.5147064993748],[127.0953845985984,37.5146830993982],[127.0953638985683,37.5127108002803],[127.0929209010113,37.511815001176096],[127.09229710014739,37.5126246005603],[127.0913197994269,37.5120930998169],[127.0927134001483,37.5113724990433],[127.0947701996104,37.5119795992118],[127.09474209963851,37.510309400881994],[127.09375579965089,37.5103312000315],[127.0962317979901,37.509361197664504],[127.0972771993868,37.5097999989047],[127.0975626000418,37.508256899626396],[127.100173000828,37.5085968989706],[127.10143869962741,37.5077437997405],[127.1053965999249,37.5074206995102],[127.105012500946,37.5083686007688],[127.1061500006851,37.5104200005442],[127.1050393015764,37.512131999031304],[127.1058778015006,37.512924699204696],[127.10770310020129,37.5129533995653],[127.1073759007584,37.5137636997884],[127.10872840031601,37.5146343987915],[127.1088067004022,37.515729399059396],[127.11012340038951,37.5161762990602],[127.1109392001688,37.515381099608796],[127.11159110060059,37.517193298910804],[127.11288109934229,37.515369398910394],[127.11360669974191,37.5164871987029],[127.11498209988851,37.5159876985948],[127.1164500011165,37.5165400001834],[127.1154691007777,37.516688100215305],[127.1158685001767,37.5187746010065],[127.1143332004802,37.5183265010301],[127.1145477000808,37.520186300507596],[127.1136975992108,37.520048199877095],[127.1134112994971,37.5186422012831],[127.11200270070431,37.520227500439994],[127.110627401295,37.5200399005142],[127.111393400529,37.5215727989813],[127.1127462999607,37.5210006996668],[127.1134873006974,37.521901099826],[127.1118432996864,37.5230727016701],[127.1099665010892,37.522978601766305],[127.1081634998531,37.5257548019915],[127.10804059965619,37.5247479005443],[127.1072759004209,37.524752400539796],[127.1063048989175,37.525863300397496],[127.1059517994553,37.524359001497],[127.10376870067991,37.5242208011971],[127.1028939015547,37.5253121001058],[127.104259903029,37.5266427017504],[127.1022414033739,37.5355960968785],[127.1012975010326,37.536515799166494],[127.1022833008545,37.5401504000249],[127.1032753998624,37.5409481992271],[127.10406910694671,37.5406262944823],[127.1066957048305,37.5429255933665],[127.1124453016026,37.5451060994286],[127.1143057000552,37.5445249999241],[127.1091007011613,37.5460656002431],[127.1092443010177,37.5472335990751],[127.11041209984991,37.5479103983983],[127.10931310132429,37.5483632996918],[127.11116800799611,37.5510544963318],[127.1110329002286,37.5522167008366],[127.10597999869711,37.5509059009205],[127.10432029975439,37.548626401371806],[127.1018004022743,37.5488333011649],[127.10133960273511,37.5507610992371],[127.1033154013617,37.5516869001395],[127.1016980017384,37.551296901384895],[127.1005293004813,37.553454301007],[127.09970369888171,37.5529238025047],[127.0959840001083,37.5544052022321],[127.09504510104719,37.5555421010952],[127.094996301096,37.5568939997433],[127.0958701049719,37.5573508014131],[127.0956142004335,37.559587900554],[127.09486250015661,37.5601059009534],[127.09280500221409,37.559428301631],[127.08933660144099,37.56171290010781],[127.0883618006766,37.5651462998501],[127.0909367006746,37.5657048987159],[127.09279480120409,37.5692627993838],[127.0938121001868,37.5689858996607],[127.09101770185269,37.5695734007312],[127.09192780290279,37.572010600304296],[127.09104430378629,37.5738054985094],[127.0933855026058,37.5774788993276],[127.0955514004399,37.579104397702096],[127.09738690081801,37.579124800597],[127.0965071014316,37.5826638009553],[127.094349000599,37.5830603003],[127.0957981001411,37.5835472001079],[127.09441750038131,37.5834992011094],[127.094734200465,37.58561269907],[127.0954388008381,37.5853855002173],[127.0943900007952,37.5873899998523],[127.0955372000181,37.588143798965895],[127.09672580031611,37.587735599889],[127.0965297005122,37.5889086987159],[127.0980650999349,37.588935298901504],[127.0974825008184,37.5891438009005],[127.09781430048659,37.5904455995987],[127.0993279995947,37.5899296987026],[127.0999586996391,37.591103598736694],[127.1011667997637,37.5906915986795],[127.10231450053841,37.5913003998642],[127.1011273003283,37.5934128992889],[127.10339920004,37.5932799993048],[127.1037239015567,37.594132099643204],[127.10527950000109,37.5941463996289],[127.1044431014216,37.5965903003443],[127.1052959005688,37.597776199158396],[127.10630190127661,37.5978037993858],[127.10655370102481,37.5995367976528],[127.1088638987146,37.5998564973331],[127.11193379891691,37.598872796293705],[127.1122775019017,37.6002551986143],[127.1149646002295,37.602172699586696],[127.1137885018009,37.6041634996957],[127.1136726006584,37.608510601275604],[127.10993060107,37.609846602363696],[127.10851960039159,37.609575302162405],[127.1074070995881,37.610829902145],[127.1033386003437,37.6125068001845],[127.1036053000133,37.613447901423896],[127.1033385996426,37.6125068002968],[127.10166250043271,37.612991201133006],[127.1015336992706,37.614404900245795],[127.1014053998954,37.6137974004175],[127.1004370998479,37.6140422999674],[127.1010820992578,37.6130449006807],[127.0996992997234,37.613053599970904],[127.1007469992049,37.611952600155306],[127.0982986998675,37.6110071001916],[127.0974717987305,37.6077733021324],[127.09569500008921,37.608798200768604],[127.0957311000531,37.6095172000496],[127.09512609910111,37.6083248008313],[127.0936949005323,37.6080014011547],[127.0917561994769,37.6085031014788],[127.08741109944799,37.607544701195096],[127.0856569012022,37.6062527024871],[127.0825291005825,37.6066263015112],[127.0817245013871,37.6072791008584],[127.08358870072851,37.6130088017698],[127.0818117025055,37.6148071999714],[127.08382210049511,37.6159336988449],[127.0878040007682,37.6162104988893],[127.08704570121921,37.6178201999661],[127.08809950015859,37.6189671993626],[127.0892957989623,37.619122299207504],[127.09059489813009,37.6176506000055],[127.0899951982752,37.616933199148995],[127.09140000066499,37.6172799992608],[127.0885396008827,37.6197897005567],[127.08872370069861,37.6206621996842],[127.0902083001758,37.6211681999812],[127.0906395007366,37.6228828998869],[127.09021799998179,37.6234234002647],[127.0884277004449,37.6221263009371],[127.0864410018622,37.624182999999405],[127.0850541009859,37.624328001262],[127.08472759939039,37.6231496011756],[127.0828019990665,37.622284001626504],[127.0801540994928,37.6231751012197],[127.078022100516,37.6221419001403],[127.0777703001272,37.622895200255705],[127.0762890004855,37.6232001000946],[127.0758752009215,37.624821699975],[127.07695460024539,37.6254002992386],[127.07651270084399,37.625734099999505],[127.07740800004551,37.6273645003891],[127.0749388000594,37.6273530011684],[127.0743414997761,37.6283120010165],[127.07251409982521,37.6280577010361],[127.0712392999787,37.6293490021006],[127.0703399978093,37.6287000006832],[127.0708399983406,37.6272100003605],[127.0677239014567,37.6257631018074],[127.06553599900299,37.626783500872],[127.06682089966219,37.625447199023],[127.066732099751,37.6239755004947],[127.0638649998867,37.623706800601404],[127.0648199990364,37.6230523004992],[127.0628405997781,37.6206745016901],[127.0612591013596,37.621455600908995],[127.0616342009845,37.6227739995906],[127.0592242016386,37.6266339006785],[127.05940480159009,37.628788899981906],[127.0601918008031,37.630027998742804],[127.0619154995641,37.629945398987],[127.0616721001657,37.6290448993717],[127.0631098994537,37.6305548990954],[127.0641426001923,37.6292705991296],[127.06570790172371,37.6310392999985],[127.0648412001418,37.6308236001507],[127.0651507018006,37.6320408007935],[127.064282002265,37.633507200091294],[127.0703145005416,37.637205600322304],[127.06809960066249,37.636349001331105],[127.0667509001084,37.6388504005481],[127.06786269800291,37.6359311992734],[127.06611579974981,37.6346263005783],[127.0622509000234,37.6345520015883],[127.0606739016004,37.6362365999037],[127.061349300925,37.6371505989897],[127.06060550072249,37.6369208011025],[127.0609387003893,37.6384438995794],[127.0645999993048,37.6380499985569],[127.0654817005669,37.6389401001382],[127.0603603990415,37.640854402776604],[127.0599688999313,37.6399023008454],[127.0591517983478,37.6401842020756],[127.05996889929101,37.639902298540704],[127.0606054987688,37.6369208008994],[127.0590821999814,37.6379946000685],[127.0561709028927,37.636900101163],[127.05648120258239,37.638777099285996],[127.0541423020897,37.640759701086594],[127.05402070221129,37.6426054992408],[127.05529700135709,37.6453105999123],[127.0571535001481,37.645629400009696],[127.0518666037855,37.6461100035869],[127.0514284022623,37.652125400139404],[127.0530337001835,37.6529856001326],[127.0510937009649,37.6529049008543],[127.05057140087449,37.6539770016949],[127.0489133998982,37.6534751000488],[127.04899879926981,37.6517582004397],[127.048011600257,37.6514568007411],[127.0449464003421,37.658978600508],[127.0440132008539,37.656533202152495],[127.0426665007404,37.657042402246205],[127.04122019942089,37.655976600997604],[127.0386888995055,37.6569084003265],[127.0370548001931,37.6559198006283],[127.0368521998769,37.6566614003736],[127.0356930994335,37.6554432013848],[127.0342735001035,37.656236300465004],[127.0345356990374,37.6541330995434],[127.0337463998267,37.6527504009261],[127.02823309972139,37.6533222020281],[127.0282104987752,37.6520944999587],[127.02519769921791,37.650749599856496],[127.0253352995735,37.6467977005947],[127.0213771990134,37.646469200301496],[127.02053649966061,37.645432401070096],[127.0186371990836,37.6458396006453],[127.01915679894401,37.6448099005831],[127.0179954001054,37.644395800997195],[127.0161720006488,37.645885900544805],[127.016115800705,37.6468634995672],[127.0179631007438,37.6484437010659],[127.015283201123,37.6490869006872],[127.0145955005563,37.6507932000477],[127.0153078009066,37.6516217003929],[127.0131430001903,37.6522284012422],[127.0126824006509,37.6533939000767],[127.0129189003612,37.654490499234605],[127.0154018005134,37.654825699629306],[127.0157321003732,37.6558240003064],[127.0142432011926,37.6562967004631],[127.0146776004517,37.657667200392],[127.0138108000792,37.658492500853],[127.0135268998511,37.657230600249896],[127.01274349997409,37.6580897005285],[127.01099749960841,37.6575368007963],[127.011947398498,37.656545899443195],[127.01154579889959,37.6546758013133],[127.0126823992063,37.653393900591595],[127.0125751993135,37.6524170015685],[127.01076639947709,37.651034200805896],[127.01163649872039,37.6499025008819],[127.0095377996561,37.648141700010996],[127.0118603995147,37.6476637994031],[127.0121864999623,37.646681699172404],[127.0131329003765,37.6472373990142],[127.0145683994542,37.6458606996399],[127.01446259956,37.6447371007635],[127.0125555996,37.6444495000986],[127.0137159992742,37.6430487002447],[127.0119102999615,37.6423671007698],[127.0121781992137,37.6413631007995],[127.0108929996245,37.641259400163705],[127.01162089922029,37.640374699953405],[127.0110765003678,37.640056598187],[127.0137409995494,37.6393193998125],[127.0132729996681,37.6376534003834],[127.0120004998038,37.638032200316],[127.01096529966989,37.6367724005437],[127.01160159967911,37.636025699999095],[127.0099086994,37.633165699956],[127.0116473991052,37.6312596992553],[127.01207520018569,37.6319024989877],[127.0133023989585,37.6316605992296],[127.01365039861051,37.6306767002135],[127.01312349928111,37.6294811004198],[127.0098467989018,37.6273606000191],[127.00873659894211,37.6238079000603],[127.0069795003315,37.6218170021555],[127.0053137019765,37.622624701533006],[127.0022469004293,37.6219002011805],[127.0007921008422,37.6201328020497],[126.9990155959848,37.6202497063188],[126.9981236994919,37.6190166003645],[126.99663839862279,37.618939000929196],[126.9985039978322,37.6171192006125],[126.9975208964905,37.61382159867],[127.0002390988716,37.610493299573],[126.99822690088381,37.609185400880904],[126.9973663997328,37.6094009007644],[126.9986030994455,37.6083068007111],[126.9979598995044,37.608738000128504],[126.9980310992814,37.6077703003933],[126.99893589923671,37.6065329998821],[127.0022896001034,37.605355199052596],[127.0047952975977,37.6064662979415],[127.00448519790781,37.601687502720296],[127.0021004986784,37.5994819047036],[126.99820670257219,37.6008327033528],[126.9974115000273,37.602274502754],[126.9943576993181,37.6003466028909],[126.9911903988363,37.6015249022311],[126.9858843955151,37.5980129037517],[126.9767604032402,37.597603803682304],[126.9755124021962,37.6015197999895],[126.97613950156911,37.6058809956283],[126.9786194066953,37.6091087980349],[126.9782898009873,37.6112005002712],[126.9754172000159,37.6098677012246],[126.9744983009348,37.6106125004798],[126.97473930013129,37.6122380006007],[126.97376199991099,37.6121869003321],[126.9742196992227,37.6103916012763],[126.9726451007973,37.611409100258804],[126.9721976999341,37.612698500763],[126.9684303003276,37.6130132008055],[126.963731806788,37.622480099739],[126.9609358039222,37.6261856029643],[126.95862340104459,37.6275446997271],[126.9594382007187,37.6281614004968],[126.9537888046122,37.63143380718051],[126.9509922074088,37.639437699176604],[126.95483180587729,37.6414383023527],[126.9539331003775,37.642641101359295],[126.9492695047794,37.6428618072314],[126.9477610037036,37.6518041009707],[126.9490142024504,37.6549670978077],[126.950552300984,37.6547811981077],[126.9505231000939,37.6556055002049],[126.94977470084231,37.6553151004953],[126.9490028016402,37.6561230997585],[126.9495172011258,37.6576750982065],[126.95057950434071,37.657702297677496],[126.9511348020611,37.6606686016691],[126.9492525016619,37.6612310012516],[126.9495193001984,37.662319500422605],[126.9476361996286,37.6594577049747],[126.941581805683,37.6604363039961],[126.9398479074169,37.6633071011253],[126.9386511045509,37.6697343095179],[126.934609299222,37.6658623060798],[126.9245483031571,37.6761482012444],[126.92307000154159,37.6797800009836],[126.9224252988984,37.6763090005592],[126.9199475013762,37.6744654024028],[126.91923800169701,37.6767472007143],[126.9175265008079,37.6765511010238],[126.91792680019181,37.67824990075],[126.91521100004469,37.6774090009355],[126.9147602004481,37.6789773017517],[126.9152158996592,37.677371200431004],[126.9136342011553,37.6769693009889],[126.9128695005488,37.6757024009994],[126.9114140985522,37.6765320013924],[126.9122634957448,37.671705202905095],[126.90652180148649,37.6731962014141],[126.9035593031122,37.6768309998252],[126.9039767014127,37.678685202018094],[126.9037145986746,37.67793000107461],[126.9014695975238,37.677535799557],[126.8999196992075,37.675082501704104],[126.8969677021595,37.672848003938604],[126.8952913024102,37.6777892007519],[126.8962825019576,37.6793141025764],[126.8934853012688,37.682419502087804],[126.8930105999483,37.678804301667604],[126.8913071016518,37.6792514012205],[126.8902504025782,37.680156000637695],[126.8906794016342,37.6832109020053],[126.8880467992765,37.684218604910605],[126.8847851025382,37.6823037068255],[126.8785100964309,37.6808914067204],[126.8761024963003,37.677290499403696],[126.87433039715211,37.6760777959794],[126.87777889449849,37.6719737972154],[126.87845459353859,37.664803804087605],[126.87544049628809,37.6606350080927],[126.870337499181,37.660179202821205],[126.86946719926951,37.6591773031797],[126.86642230056259,37.6627133029709],[126.8636758008898,37.6641138037248],[126.8629871003047,37.6636024041914],[126.860453202456,37.6680897002237],[126.8642269003387,37.6689329989056],[126.8656688017139,37.670346200523994],[126.8640195011713,37.6703854002795],[126.862642801026,37.6719989006023],[126.8619419004908,37.6747478028432],[126.8599084998641,37.6716635054758],[126.8586697011029,37.6713505057888],[126.855558604214,37.6756769014624],[126.85304400244469,37.6761408009431],[126.8534662020225,37.678913598170304],[126.8526578999644,37.6789138024216],[126.8520303004255,37.681042400765506],[126.8507296989128,37.6788619044319],[126.8429498966332,37.6758459039277],[126.8406261989569,37.6764254033482],[126.84370679714681,37.6752066986516],[126.84403209682151,37.671788302070006],[126.8401977006559,37.6712398026185],[126.84018329918071,37.6732867018627],[126.8401976985254,37.6712398015556],[126.8327022005069,37.6746044031378],[126.8317745949013,37.670780805259604],[126.8241742965491,37.6695760042946],[126.8209149998084,37.67000060387],[126.8167091000052,37.667237401874495],[126.8121906985865,37.6673007012584],[126.8100210000332,37.6690592001775],[126.809403300535,37.667723701422204],[126.8071693001063,37.6681494005458],[126.8065752007004,37.6685415001537],[126.806951200268,37.6698041004407],[126.8051057004868,37.671967801639994],[126.80331459910539,37.669839300753],[126.8008053007418,37.6699787005015],[126.8016595008883,37.6715478997534],[126.8004439008678,37.67111240047],[126.80022750046601,37.6722791000659],[126.802461900198,37.6740762999191],[126.8019198003138,37.677895199533005],[126.8025968999681,37.6775737995085],[126.8021859010775,37.678552499995405],[126.8032398998669,37.6790600004152],[126.8016699005873,37.679606001538],[126.8019101993461,37.6786541010182],[126.7995908016655,37.6776556020167],[126.79792710008739,37.6807526011222],[126.796179800363,37.680239001280704],[126.7930898015524,37.681693000581305],[126.791686700052,37.684592800596796],[126.78787419970581,37.684293800635196],[126.7862266998682,37.6828880012242],[126.7846655999075,37.6837657003342],[126.78371609965491,37.682190000919],[126.7820084007596,37.6814707013603],[126.7812464016134,37.6847963012208],[126.78279840048731,37.6875791004697],[126.7800885004417,37.688156300847304],[126.7804546003296,37.6903078004987],[126.7772933004627,37.6916879005893],[126.7773177004059,37.693182800054004],[126.7764256010528,37.6941708010659],[126.7756049998994,37.6941347999923],[126.7762759996523,37.6939105997685],[126.7753161000543,37.6921325003772],[126.7744637001456,37.6922270005331],[126.7739289006804,37.6930252997348],[126.77451240058821,37.6931186008486],[126.77299980017379,37.6929243003664],[126.77120430321399,37.695774101418],[126.7708008016366,37.6979791016699],[126.7694172013293,37.699124200339],[126.7699407001118,37.6998980012554],[126.7681506014272,37.700146000644395],[126.7675759015212,37.7016527006136],[126.7662995996816,37.6998418006614],[126.76311839972989,37.7011646006166],[126.76061390123499,37.6992999011137],[126.759915801745,37.7014609000999],[126.76133320165769,37.7029066003427],[126.7612524009844,37.704388000092905],[126.7621987000381,37.7048243996565],[126.76287650089661,37.7042311001015],[126.7612669000346,37.7049076011604],[126.760217301196,37.7107021996081],[126.76277520072769,37.7167241002449],[126.7606479002624,37.716407500425305],[126.7600482003874,37.7176720011822],[126.75794350060299,37.7161039013569],[126.75738409904109,37.717286200378],[126.75892999618041,37.7135411016982],[126.7569236981867,37.711364703874594],[126.7569306979896,37.710328500056],[126.75485479885,37.7096099998629],[126.7568666987722,37.7100650992547],[126.7584686981085,37.7073586004899],[126.7574590992962,37.706697299360904],[126.75874289966241,37.7070754000032],[126.7595132995624,37.7043595004175],[126.7583914996205,37.703472299862504],[126.7591543992204,37.7031110999684],[126.7606107994464,37.699141499040906],[126.7614425986146,37.6991331990492],[126.7624614975957,37.697616700565696],[126.76143899861819,37.695750402432004],[126.7583988991999,37.696516700435495],[126.7580106001359,37.6935001008773],[126.7563412001481,37.693872600394],[126.7564609998241,37.6947481007496],[126.75386889964,37.6933522001917],[126.753448999878,37.690660299740095],[126.7541354003245,37.6901971998116],[126.75477479969871,37.6916076985844],[126.7566900995102,37.6901226993551],[126.75596809900111,37.6860749008542],[126.754795900016,37.6851693017007],[126.7510990004553,37.6884254021776],[126.7510559993408,37.687082601089195],[126.7480083987089,37.6852514006667],[126.74749849923981,37.6833811024511],[126.74512850160981,37.683804102028105],[126.7442431016707,37.6863867031068],[126.741936801235,37.684016402870796],[126.7407319011275,37.685260902098506],[126.7386786004601,37.684272302886406],[126.7371191017092,37.6860778014355],[126.7371049980336,37.6827381022796],[126.73489820024041,37.6818674031503],[126.73313520171261,37.6839314014049],[126.731211800168,37.6837180022188],[126.7301197989872,37.6822772994699]]],[[[126.7308649987513,37.543006000230996],[126.73086499947789,37.543005999260096],[126.7308650001406,37.5430059997992],[126.7308649987513,37.543006000230996]]],[[[126.7346246995297,37.546013200266295],[126.7346247005336,37.5460131995322],[126.7346247007329,37.546013200190494],[126.7346246995297,37.546013200266295]]],[[[126.735225499451,37.546646600027806],[126.7361178990404,37.5453496001958],[126.73583149928581,37.544187298676],[126.7367724994918,37.5437222993111],[126.73613550004481,37.542211399727],[126.7372469004916,37.5421906991081],[126.7380546996829,37.5434487989305],[126.7391688998768,37.5425797989074],[126.7413509008506,37.5434639001084],[126.741161500241,37.5452837002136],[126.7396899998729,37.5447015009862],[126.7392050003579,37.545722599965096],[126.7411380004151,37.5479657005026],[126.7377201005826,37.5464963014687],[126.7379003004208,37.547969600668004],[126.7370473000021,37.547978301011796],[126.735225499451,37.546646600027806]]],[[[126.7396923967045,37.5560227032201],[126.7398537006707,37.5557139994197],[126.739987001327,37.5561698017044],[126.7396923967045,37.5560227032201]]],[[[126.7409587995656,37.555161699972],[126.7427901995904,37.5542465995101],[126.74099009870251,37.55142150067859],[126.74236329909259,37.550493300252796],[126.7414792997198,37.5501171001104],[126.7416912994597,37.5492180001444],[126.7429208005985,37.550289998613096],[126.74401210005881,37.5489536999225],[126.74787550058991,37.5524108968485],[126.74860250081291,37.554911700068196],[126.7467173003921,37.555465100149796],[126.7474852013597,37.5571852003936],[126.74576410067951,37.5576098011473],[126.7457072988783,37.5569937007241],[126.7437420005581,37.556668900897],[126.7433053996536,37.5574144004322],[126.7421865984259,37.556696299747095],[126.74318569986569,37.5567703990396],[126.7430495000019,37.5554817003283],[126.7409587995656,37.555161699972]]],[[[126.7536593991696,37.7139007003215],[126.7541063003388,37.7138831983777],[126.7541063010041,37.7138832013561],[126.7536593991696,37.7139007003215]]],[[[126.7539903974405,37.6048962987633],[126.7575385986936,37.6049591990148],[126.75859650007109,37.6040169966759],[126.7606060987476,37.6046993962345],[126.76423419658241,37.602091697528],[126.7634261973158,37.5988578971253],[126.76484359693171,37.5983508970947],[126.7630103987165,37.593367798634304],[126.76580659949471,37.591878598868504],[126.7660352010873,37.5933170998317],[126.76921490013329,37.5947189988745],[126.7703919989562,37.59413349946],[126.7692759021101,37.592575096404296],[126.77325990270229,37.5926281979295],[126.77508470127239,37.5939795970615],[126.7776918004004,37.592642597521596],[126.77591989936681,37.5973045009693],[126.7762214996759,37.5957522001074],[126.7750847008127,37.593979601879994],[126.77239629991439,37.5953873002958],[126.77039199986591,37.5941335003691],[126.7690536010583,37.595149299474706],[126.7704960996158,37.596319898304095],[126.7716459006648,37.5957902998928],[126.7708409018138,37.597643498591296],[126.7728417010662,37.5990191987344],[126.77434649956139,37.5989726987809],[126.7755959992395,37.6008727976582],[126.7787132997832,37.599575498908],[126.778885800912,37.6016993978645],[126.7808076989901,37.60193389763],[126.7820233029972,37.600331999348604],[126.78219990129429,37.6026216020732],[126.7796756021596,37.60454450252],[126.78067310116211,37.6072272998372],[126.7788432999548,37.607247100872804],[126.7751889985949,37.610904002740995],[126.7718441001083,37.611227102929],[126.770310398337,37.6098467016082],[126.77004739927449,37.6071478015528],[126.7671766021453,37.6072000015006],[126.7671527014947,37.6081816032733],[126.767176598239,37.6072000006382],[126.7639503014653,37.6052499025883],[126.7636262016062,37.6080243999563],[126.7629935992198,37.6080229008698],[126.7606347002768,37.6074806024041],[126.7583902974744,37.6049939020391],[126.7539903974405,37.6048962987633]]],[[[126.7541691989595,37.7170756986432],[126.7541692004239,37.717075698811904],[126.7541692005109,37.7170757003569],[126.7541691989595,37.7170756986432]]],[[[126.7602596996015,37.7188857002498],[126.76025970037081,37.718885700078104],[126.7602597002877,37.718885700674804],[126.7602596996015,37.7188857002498]]],[[[126.7603855998483,37.7196254999754],[126.7604702005566,37.7201001997717],[126.7604701997578,37.7201002010657],[126.7603855998483,37.7196254999754]]],[[[126.7624294991618,37.710088500074],[126.7629449010843,37.709800699739404],[126.7629895008769,37.7104169000939],[126.7624294991618,37.710088500074]]],[[[126.7634480987145,37.7187860994366],[126.76591469926569,37.7191129992139],[126.7667856003745,37.718242799592],[126.7686701984899,37.7194742983605],[126.7702805016341,37.7186125001351],[126.77072530092799,37.7226085973014],[126.77266089996931,37.721151898696405],[126.77545670191451,37.7217956983934],[126.77456020127319,37.724049299855494],[126.7761928001464,37.7249239000003],[126.7746542008652,37.725517500422505],[126.77377420153981,37.7288885018014],[126.7727449007081,37.728414301105396],[126.772415201432,37.731286700895495],[126.7709986015882,37.732350301557],[126.7708654977747,37.7303258998041],[126.768829099383,37.7286252003461],[126.7680005994299,37.7268189007363],[126.7686214989427,37.7266174996396],[126.7677167990558,37.723630300870205],[126.76631339935071,37.7227537009621],[126.76501469821069,37.720345899753],[126.7634721997532,37.71966890043],[126.7634480987145,37.7187860994366]]],[[[126.7649932957558,37.754120100644904],[126.7653311998588,37.7519639994884],[126.76908450048,37.746174699483],[126.7693713007594,37.7484729976156],[126.77056480049511,37.7482339002649],[126.7676459009171,37.7486663005298],[126.7678173007457,37.749834399361696],[126.76991859949389,37.7503677990119],[126.7704176011553,37.7493779991176],[126.7709006001422,37.7522091001385],[126.76944520044981,37.7523408012327],[126.7697563002756,37.7538220004781],[126.7689614010705,37.7538049004952],[126.7686228016796,37.7552812012178],[126.76752259945391,37.7534783014225],[126.7649932957558,37.754120100644904]]],[[[126.770496398562,37.7656235009365],[126.7718968997447,37.765779098342804],[126.7730924996567,37.764217599507205],[126.7743733989008,37.764496799462805],[126.7759400000391,37.7634926996382],[126.77821170125,37.766989499824604],[126.7776406002309,37.7667407007157],[126.7769397009318,37.7678979995584],[126.7776317005063,37.7682096014681],[126.7769397000239,37.7678980009634],[126.7760114986004,37.7687417009684],[126.77412340048849,37.7667227029874],[126.77124779982489,37.766651500697],[126.770496398562,37.7656235009365]]],[[[126.77866279915901,37.5953626004018],[126.77897440001419,37.5946305996142],[126.77978929919931,37.5950036992411],[126.78098320183139,37.594212100261],[126.77866279915901,37.5953626004018]]],[[[126.77977009940959,37.5993583997803],[126.7798890017816,37.5992873974384],[126.7798890015194,37.599287399971004],[126.77977009940959,37.5993583997803]]],[[[126.7823688997058,37.5937061000443],[126.78236890012819,37.5937060996378],[126.78236890044569,37.593706100767],[126.7823688997058,37.5937061000443]]],[[[126.78369169966041,37.6029881999714],[126.7836917002252,37.6029881997824],[126.78369169991531,37.6029882007513],[126.78369169966041,37.6029881999714]]],[[[126.7860922983331,37.5035463996527],[126.78855589881361,37.502147098442904],[126.79014239867159,37.502418598739396],[126.79209519923171,37.500733897982],[126.7925344006145,37.4984202987199],[126.79315719990889,37.500037298526],[126.7942048006828,37.499643398458595],[126.7943597009612,37.5018574975061],[126.7970536982672,37.5005518988117],[126.7964682991953,37.4979182000506],[126.79954670042389,37.4979887970102],[126.7994025015691,37.49938719965],[126.80095390106979,37.500364500075804],[126.7987941007934,37.5003189035813],[126.797110600474,37.501339300681096],[126.7972353003493,37.5030655989548],[126.7988170003006,37.5043066998386],[126.797943000111,37.5037206012195],[126.7973833006646,37.5051134998605],[126.8010447990907,37.506187799676],[126.80484760246671,37.5038931982777],[126.8070570002573,37.5067455954253],[126.80831139900289,37.5064614957094],[126.8084469005154,37.507131800241105],[126.8074955010096,37.508201201793305],[126.804642800743,37.5067949033119],[126.8032810021048,37.5101216999851],[126.8044200004112,37.5113190015125],[126.80307549967101,37.5114589020886],[126.80177250020719,37.5134284014771],[126.79960890237079,37.514210300695204],[126.80189010035379,37.5164229987165],[126.8027507999363,37.5151612996447],[126.8039319995282,37.515312798237396],[126.806751200387,37.5132437990545],[126.8125946017526,37.5196277986452],[126.81489600119781,37.518659498702995],[126.813205701383,37.5194913996118],[126.8133221015205,37.520855599116096],[126.8150174008896,37.5209046989914],[126.81715520167741,37.5226141970443],[126.8177133001425,37.5255247008219],[126.81661120028049,37.5253282013533],[126.815222100863,37.527897600096104],[126.8136577009463,37.5286952008494],[126.8139695005386,37.529787200331],[126.8118758012143,37.530149002994904],[126.8096516034385,37.5321390010049],[126.80792079990731,37.5314743009108],[126.8063817004833,37.5342177016479],[126.8042332009571,37.533989002205395],[126.8036026996005,37.5331112997619],[126.8043929994709,37.5329391000203],[126.802903199799,37.5323133001371],[126.80378019897431,37.5315855007318],[126.8021254006291,37.5296959026214],[126.8009365996504,37.5298942021606],[126.799494001093,37.5323994996553],[126.8024321998863,37.5327177042577],[126.7994939974746,37.532399502766694],[126.8001306989885,37.5318472001737],[126.7988588986374,37.530039801239994],[126.7968795993831,37.5306335004355],[126.7967476989366,37.5282608015384],[126.79468099962159,37.528923503064895],[126.79464039775621,37.528343300007705],[126.7979377982714,37.5255966999051],[126.797688198521,37.5243806011212],[126.796243599798,37.5231799008248],[126.7958967991719,37.5237194004213],[126.7934328006788,37.522631101109496],[126.7923225005205,37.5236905007884],[126.79166669857459,37.5228701997611],[126.79229580031061,37.523336798905106],[126.7938591986827,37.5215685998061],[126.7951370987235,37.5214121994636],[126.79516179870011,37.5202008999934],[126.7964621995702,37.5201562995616],[126.7981399004358,37.5175482967502],[126.7999164989546,37.5167905976809],[126.7994859990897,37.5141917001068],[126.8003161982595,37.5127619015366],[126.79867979989591,37.510615503683],[126.79414509847689,37.5103290019999],[126.7942731971318,37.5086246015864],[126.7902222001583,37.5056725039895],[126.7883162020643,37.5064677031943],[126.7886911985791,37.5059252996457],[126.7860922983331,37.5035463996527]]],[[[126.7865374990716,37.4391239999733],[126.7865375004721,37.4391239998079],[126.7865374995472,37.4391240006891],[126.7865374990716,37.4391239999733]]],[[[126.78740849868299,37.4836745002022],[126.7902595992449,37.483063699507504],[126.7909441999186,37.481446399248306],[126.7933194988445,37.4799378994393],[126.7928241999244,37.4780442997107],[126.7955265989826,37.4774256994317],[126.7955273000005,37.476312399246396],[126.7991742006025,37.4797350986832],[126.8006401000776,37.479719098074995],[126.79919580069311,37.4808187005021],[126.799221900667,37.4821239991968],[126.8028094012315,37.4826782002174],[126.80196500018569,37.483957500154304],[126.80106580052761,37.4831517010406],[126.7998119007801,37.4839330003162],[126.80080360078979,37.484440899751405],[126.8005838001372,37.485074100866896],[126.7987754008883,37.4865793000447],[126.7978415009041,37.485179801491],[126.79598730275829,37.4853429013279],[126.79393400243119,37.4876297020735],[126.7936416996408,37.489025401429906],[126.7939339987498,37.4876297010195],[126.7929369997468,37.4870034016458],[126.7905976003594,37.4877014007917],[126.7908057994935,37.4870693002689],[126.78983430046499,37.486586200752],[126.789658099683,37.487464200092795],[126.789012099414,37.4869081998859],[126.7892163991788,37.4855697001222],[126.7877429986852,37.485174600202804],[126.78740849868299,37.4836745002022]]],[[[126.7920622978059,37.5873853990265],[126.7930422012767,37.5869234994712],[126.7920623005798,37.587385399949206],[126.7921608007768,37.5874630015493],[126.7920622978059,37.5873853990265]]],[[[126.79251379922839,37.4492774995037],[126.7932141001292,37.4511503990386],[126.7945973997149,37.4500363995433],[126.79543050052139,37.4510091002182],[126.7933878988187,37.4514389018706],[126.79251379922839,37.4492774995037]]],[[[126.7929002987791,37.7963100995061],[126.7929003000979,37.7963100993016],[126.79290030159589,37.796310101153],[126.7929002987791,37.7963100995061]]],[[[126.79374009899139,37.469751700158504],[126.7978206002539,37.4676485962693],[126.79874359933089,37.465549598368305],[126.7997797003185,37.4677767995393],[126.80092640077079,37.4676306999264],[126.8007878999735,37.47038590035999],[126.7991241999691,37.4707540006694],[126.7986070001524,37.4700122008227],[126.7983209000101,37.4714126011007],[126.795590899216,37.471414201106796],[126.79374009899139,37.469751700158504]]],[[[126.7964663996663,37.581487200495],[126.7964663999605,37.58148719981],[126.7964664003036,37.581487199984394],[126.7964663996663,37.581487200495]]],[[[126.79677799964891,37.5812023000949],[126.7967780001816,37.5812022991959],[126.79677800029211,37.5812022999719],[126.79677799964891,37.5812023000949]]],[[[126.7990479989935,37.6211369019065],[126.7999962987755,37.6206299992431],[126.8003284984433,37.62043649943659],[126.8004662005257,37.6203675990182],[126.80032850050851,37.620436500065],[126.7999963007308,37.6206300018437],[126.7990479989935,37.6211369019065]]],[[[126.8090077986084,37.485043199547],[126.8115172006729,37.485328199342],[126.8129413002125,37.4863191994234],[126.81381620069621,37.485566500781495],[126.8135595003664,37.486522600906],[126.8113271008919,37.486458000899],[126.8107946003865,37.487500200784],[126.8110614988438,37.4869776000382],[126.809764399266,37.4865566001668],[126.8090077986084,37.485043199547]]],[[[126.8103551993954,37.5077284001655],[126.8113451989707,37.5062400979573],[126.8124921013822,37.5071006983595],[126.8149948020687,37.5057424999863],[126.8125204004209,37.5085719016477],[126.8103551993954,37.5077284001655]]],[[[126.81547089982999,37.6693747998168],[126.8155357008884,37.6694663014594],[126.8155356981889,37.669466301975305],[126.81553569976519,37.6694662997253],[126.81547089982999,37.6693747998168]]],[[[126.8214590994715,37.4927153001142],[126.8218568000879,37.491904999352606],[126.8235533998156,37.4926161995608],[126.8232348006769,37.491751298600995],[126.82396470066361,37.4927545999406],[126.8272003017871,37.4933250999429],[126.826515100365,37.4940590009892],[126.8253962003613,37.493155901293896],[126.8252878999058,37.4955954000791],[126.8246086996419,37.493965502313],[126.8214590994715,37.4927153001142]]],[[[126.8377770994161,37.486338099695196],[126.83784079986529,37.485598199584196],[126.83959090092631,37.4871629008622],[126.8388266001232,37.486510801001096],[126.838330299558,37.48730560045],[126.838826599201,37.486510800358595],[126.8377770994161,37.486338099695196]]],[[[126.84499649896469,37.4948542004111],[126.8449964992371,37.4948541988147],[126.84499650060559,37.4948541991236],[126.84499649896469,37.4948542004111]]],[[[126.85127519965981,37.480322599687604],[126.8536296997189,37.4764104996206],[126.8550887013032,37.4778304981048],[126.8580275995998,37.4788220992217],[126.8585040004137,37.4782509998808],[126.8563400004668,37.4805402007764],[126.85670450014321,37.4813465000633],[126.8554343001756,37.4817187003884],[126.8550321000442,37.4808355009831],[126.85361569986891,37.4812383008909],[126.8531484999924,37.480234000864804],[126.85127519965981,37.480322599687604]]],[[[126.8536367995504,37.5988495993343],[126.85396460077939,37.5989448004704],[126.8538512996213,37.598977700964596],[126.8536367995504,37.5988495993343]]],[[[126.85781949874121,37.5440873999544],[126.85781949935401,37.5440873990661],[126.8578195005296,37.5440873998521],[126.85781949874121,37.5440873999544]]],[[[126.8622026989314,37.4771687976792],[126.8639708987295,37.4758467979676],[126.8633599988882,37.4736295992804],[126.8674258994439,37.4727910983619],[126.8681719006261,37.4739792993755],[126.87008149954549,37.4727926995556],[126.8711464015937,37.473860600010504],[126.86990210108071,37.4744428007912],[126.87015770047779,37.4767708994171],[126.8733745005963,37.477740500179706],[126.86885670174729,37.477759603448],[126.8683058022982,37.479301801905805],[126.86733089767439,37.4776166006044],[126.86560629939899,37.4774847007363],[126.8644589005369,37.4762855018391],[126.86278210013221,37.477568300162],[126.8622026989314,37.4771687976792]]],[[[126.8756881990937,37.4894432996067],[126.8758495000644,37.4891826993828],[126.87671250018239,37.48949670011319],[126.8756881990937,37.4894432996067]]],[[[126.87779899837629,37.4153860000322],[126.87975349030461,37.4126149956445],[126.88170500008799,37.413246198694104],[126.8821953995976,37.4123933995469],[126.8823835000969,37.4130310994086],[126.882832799769,37.4122754998134],[126.88479769981959,37.4120254985572],[126.8878895977897,37.4128096971383],[126.8866845008032,37.4139797011841],[126.8868109007983,37.4158391997432],[126.88606230068771,37.4160801003689],[126.8884170015219,37.4206349008474],[126.88639840028371,37.4196720009639],[126.88515790146029,37.4214841998614],[126.88565130346451,37.422809401843296],[126.88409759987971,37.4218240009707],[126.8829694994399,37.4221934006788],[126.88117959904869,37.4208036982261],[126.883825297382,37.4189955994609],[126.88315609805119,37.417760500696],[126.8807260989538,37.4176454003618],[126.882112398429,37.4154082017546],[126.8815978989435,37.4149306022322],[126.87879629966831,37.4160170022152],[126.87779899837629,37.4153860000322]]],[[[126.8822595998431,37.501797100028895],[126.882259600132,37.5017970998831],[126.8822596000262,37.501797100092],[126.8822595998431,37.501797100028895]]],[[[126.88581669988831,37.674772099855396],[126.8859528001133,37.6747604998302],[126.8859528002058,37.6747605002386],[126.88581669988831,37.674772099855396]]],[[[126.88587769983219,37.6732312000636],[126.88597780030311,37.6732245995403],[126.88597780012661,37.67322460011],[126.88587769983219,37.6732312000636]]],[[[126.8890941987763,37.467543198719405],[126.8900883991891,37.4678212991442],[126.88950839940179,37.4666057003286],[126.8903727017876,37.4647393979392],[126.8933425001933,37.465350999022895],[126.8937196999796,37.464652299529],[126.89501440089559,37.4659256005655],[126.8942550007914,37.4676041002215],[126.8925047001666,37.4684964018483],[126.8890941987763,37.467543198719405]]],[[[126.8891309993002,37.4182201993776],[126.88913100161781,37.4182201998348],[126.88913099954061,37.4182202008458],[126.8891309993002,37.4182201993776]]],[[[126.891686599649,37.4553876000412],[126.8935179003178,37.455934399818695],[126.8930592980886,37.456698802222],[126.891686599649,37.4553876000412]]],[[[126.8939760995643,37.4548469003484],[126.8939761005136,37.4548468998407],[126.8939761003393,37.4548469010083],[126.8939760995643,37.4548469003484]]],[[[126.8941494995637,37.4561229004393],[126.8946155998741,37.455853098834496],[126.8948387001648,37.456069899878706],[126.8941494995637,37.4561229004393]]],[[[126.92279189966811,37.4023903999396],[126.92279189994491,37.4023903988647],[126.92320670038329,37.4025983001921],[126.92279189966811,37.4023903999396]]],[[[126.9318752993706,37.4714930999485],[126.9337297999079,37.469944698993196],[126.9369019007757,37.4710071999949],[126.93497120081531,37.4734493000852],[126.9334851000085,37.4741056007133],[126.93349099954641,37.4731076008216],[126.93276909961651,37.4731352002831],[126.9318752993706,37.4714930999485]]],[[[126.9351321996018,37.5618588000138],[126.9352901000984,37.562117900125095],[126.9351977995295,37.5621651002492],[126.9351321996018,37.5618588000138]]],[[[126.9364287999387,37.5616077999214],[126.9364288001296,37.5616078001561],[126.9364288000135,37.561607800206595],[126.9364287999387,37.5616077999214]]],[[[126.9365399999104,37.5619297999108],[126.93654000011189,37.561929800038],[126.93653999999559,37.5619298001047],[126.9365399999104,37.5619297999108]]],[[[126.95067019890381,37.4940358993929],[126.95067020159901,37.4940359001714],[126.9506701993529,37.4940359007595],[126.95067019890381,37.4940358993929]]],[[[126.9546666999131,37.495713700045904],[126.9546667000148,37.4957136998346],[126.9546667000474,37.4957137000257],[126.9546666999131,37.495713700045904]]],[[[126.9556658996852,37.4965518001681],[126.9556659003422,37.4965517996565],[126.9556828999505,37.496699900182],[126.9556658996852,37.4965518001681]]],[[[126.9569724992,37.4966071002043],[126.9571936002199,37.496749499701],[126.9572117000444,37.4968011000377],[126.9571935999536,37.4967495000991],[126.9569724992,37.4966071002043]]],[[[126.957301199713,37.4974271002861],[126.957301199846,37.4974270994215],[126.9573397000815,37.4974236000353],[126.957301199713,37.4974271002861]]],[[[126.9647199995272,37.490172099857105],[126.9647430995041,37.4901190999101],[126.9647431009258,37.490119099928904],[126.9647199995272,37.490172099857105]]],[[[126.9894955997782,37.4256246998981],[126.9919278005332,37.4257754997019],[126.9912272001061,37.4278022003567],[126.9894955997782,37.4256246998981]]],[[[126.9913081996621,37.5272595998151],[126.99172930014551,37.527219199914896],[126.9916874002308,37.527538300299504],[126.9913081996621,37.5272595998151]]],[[[126.9932665995115,37.4330782997994],[126.9943736990335,37.430776200773195],[126.9939777997847,37.4296309996262],[126.9954557999781,37.4307813995517],[126.99604569959399,37.4302669987106],[126.99645720010929,37.4318128981695],[126.9986415008897,37.4306667996571],[126.9966697020941,37.432045698907004],[126.99798700065189,37.4334245002724],[126.997274699982,37.434303200207104],[126.9966696994334,37.432045701712205],[126.9951644001457,37.4333906002035],[126.9932665995115,37.4330782997994]]],[[[126.99346629922549,37.42927779998],[126.993466300032,37.4292777994961],[126.99346630021009,37.429277800351],[126.99346629922549,37.42927779998]]],[[[126.9949617995555,37.451734900340995],[126.9963602986316,37.44908689866],[126.9965054984864,37.4479022998446],[126.9957481996461,37.4472289994908],[127.001017898524,37.4479475988392],[127.0022716980931,37.4474902987257],[127.0025899996092,37.4459199984227],[127.00405519985449,37.4468415988773],[127.00586589804381,37.4456242000947],[127.0062385988498,37.4418628012381],[127.0048364994279,37.4410336991374],[127.0075685000555,37.4399979993223],[127.00816499945901,37.438201001119296],[127.0066002997952,37.4358147006241],[127.0035912008932,37.437498301263105],[127.0015178987463,37.4376843010385],[127.00333319817,37.436910099596496],[127.00228639802481,37.4350853995567],[127.00245910009039,37.4331829973446],[127.00741360125531,37.4326409988881],[127.0067721026334,37.4355712981505],[127.0104360026874,37.4342396957988],[127.0096011032298,37.4344306015378],[127.0092717035592,37.438740797227595],[127.0100487054442,37.441041898936405],[127.0129600027971,37.4441875005584],[127.0079487003884,37.450219900799],[127.0089978982068,37.4482924015593],[127.0047964010697,37.4482924008676],[127.0030952006398,37.450584099734],[127.0031709007864,37.452899999939596],[127.0020054019519,37.4541897986498],[127.0054505985067,37.4549567978828],[127.00585080120071,37.454309498271],[127.0067886009216,37.4547941989522],[127.0060435017802,37.4557154013763],[127.00138750294151,37.456948101574],[127.0008714996044,37.458594601692],[126.9977769983232,37.4566494010012],[126.996693298425,37.4568010009169],[126.9980577976511,37.455435699169705],[126.99784679786211,37.451982402622995],[126.9949617995555,37.451734900340995]]],[[[127.00887789858321,37.4554986992138],[127.0091515008338,37.4548112985722],[127.0091191013435,37.4556330007483],[127.00887789858321,37.4554986992138]]],[[[127.01159719910899,37.663355000658505],[127.0129274001109,37.6628821990644],[127.0131894013337,37.6619312993236],[127.01319650479621,37.663031003056396],[127.011974599966,37.6641422002938],[127.01159719910899,37.663355000658505]]],[[[127.0306526992525,37.4738427996347],[127.0307702001006,37.473712898580104],[127.0309034005713,37.473824800408906],[127.0306526992525,37.4738427996347]]],[[[127.0331459997886,37.655518100008905],[127.03314599998781,37.6555180997168],[127.0331460004779,37.6555181003094],[127.0331459997886,37.655518100008905]]],[[[127.0386364992164,37.6666672002913],[127.0399282992522,37.6669997990974],[127.0402747999516,37.6651358994943],[127.04251979994669,37.662981099836806],[127.0428181003007,37.663758399048696],[127.043555900161,37.6628877997691],[127.0428181007946,37.6637583991588],[127.043080501254,37.6651809990398],[127.0447265996079,37.6642272999935],[127.0445123994417,37.662179899836396],[127.0454651005542,37.6628592994087],[127.0454006006481,37.664218999138704],[127.04664930018,37.6642288985702],[127.0489610009694,37.6660729011925],[127.0462220018498,37.666048501806],[127.0462321020137,37.669319000738504],[127.04383130009349,37.671422801390904],[127.0428171995504,37.6698854007008],[127.0393197991948,37.6682403998418],[127.0386364992164,37.6666672002913]]],[[[127.04171719876,37.6425079997432],[127.04171719903029,37.6425079989726],[127.04171720061369,37.6425080002192],[127.04171719876,37.6425079997432]]],[[[127.0437665998461,37.6627037002135],[127.0440564998976,37.6626430993732],[127.0440565001599,37.662643100003095],[127.0437665998461,37.6627037002135]]],[[[127.0438775996743,37.6799463998409],[127.0463343001837,37.68061769887],[127.0483851990582,37.679738299944795],[127.047354400089,37.6777685019146],[127.04541729949679,37.679299400494095],[127.04457749948341,37.676730699362],[127.0450865004209,37.6760271990571],[127.0452655009119,37.677015398869905],[127.0473544015118,37.6777684995986],[127.0483852010325,37.679738299483596],[127.0476961998085,37.6807066010129],[127.0473068000067,37.6801427004609],[127.044699700404,37.681765300844106],[127.0438775996743,37.6799463998409]]],[[[127.04506689981649,37.6906540999637],[127.04655899881631,37.689641200002896],[127.0452191994015,37.6887673987308],[127.046712700138,37.6891968996366],[127.0475138004019,37.6886467999923],[127.0476966002468,37.6897506005837],[127.0468340999865,37.6894862001884],[127.04506689981649,37.6906540999637]]],[[[127.04644209915699,37.6882563993099],[127.04644210050179,37.6882563996969],[127.0464421002541,37.688256400514],[127.04644209915699,37.6882563993099]]],[[[127.0506224966489,37.4526110992051],[127.0507749959585,37.451406397441204],[127.0530016995441,37.450448799068496],[127.0546860978597,37.4481191013982],[127.0531685993772,37.4424831070342],[127.0524027975813,37.442221098317795],[127.0532782048513,37.441555196205],[127.0575137010209,37.443128194934395],[127.0598314987031,37.4404216976409],[127.0604220015261,37.4408505983166],[127.060989703758,37.4436515036503],[127.0601507032055,37.4474150010628],[127.0626190009755,37.4490596025813],[127.0584834041438,37.4519174007154],[127.05870660053259,37.452890002968],[127.0570736990373,37.452615702112304],[127.0547802000967,37.453587900813304],[127.0530784011251,37.452791301137104],[127.05262439917419,37.454335400738096],[127.0506224966489,37.4526110992051]]],[[[127.0571388986648,37.6549031996895],[127.0574104996346,37.6540977998311],[127.0582959993163,37.6543018995004],[127.06037069957381,37.6526246984825],[127.06171830081729,37.6528954996455],[127.062001600534,37.6540891984518],[127.0634387990968,37.6540731984678],[127.0641291003313,37.6520775989262],[127.0634388031845,37.654073198564],[127.0644879021354,37.6551885974486],[127.0679501003078,37.6539396996206],[127.0680863010113,37.65558479899],[127.06956890013399,37.6563723998902],[127.06931210028141,37.657440100101205],[127.07033460016649,37.6584205998727],[127.07096059954051,37.6588124994808],[127.0709952994283,37.6579153995108],[127.07209269970289,37.658006399300895],[127.0722731998999,37.657341599295],[127.0726128012311,37.6580104988248],[127.07507000057309,37.6577699991399],[127.0753746015252,37.6597027986441],[127.0779645020195,37.659647196719604],[127.07669170207039,37.6611372997565],[127.0787032002605,37.6622757999593],[127.0759704020423,37.663236900040104],[127.0767089009285,37.6645096012636],[127.07563670107831,37.6648896010319],[127.0716796994614,37.6642462007824],[127.0716354997381,37.661825300224294],[127.0701829995561,37.661898400057],[127.0701948992082,37.6604081996293],[127.070987099683,37.6604628998266],[127.0697634000404,37.6579525008298],[127.06886610042079,37.6586855005404],[127.0685591001678,37.6580587007458],[127.0665055001172,37.660507800747396],[127.06604469952491,37.6597828011252],[127.0642593004204,37.6596299013428],[127.0633947989335,37.6608470000353],[127.0640120993506,37.6598505001898],[127.0631693001934,37.659237000803294],[127.0616307005693,37.6600476002469],[127.06163809982209,37.660755300156595],[127.06109509926671,37.659470500258095],[127.0581764996342,37.657609801590105],[127.0603978992357,37.6575533988215],[127.06005299924139,37.655578800274604],[127.0571388986648,37.6549031996895]]],[[[127.06231239991159,37.6560754999829],[127.06231240002569,37.6560755000033],[127.0623123999816,37.6560755000565],[127.06231239991159,37.6560754999829]]],[[[127.0631862999235,37.646640499956995],[127.0638784981125,37.6452028989916],[127.0650821008324,37.6456956982509],[127.0631862999235,37.646640499956995]]],[[[127.0643361990029,37.6280815997179],[127.0644109001201,37.627964499858095],[127.0643361999987,37.6280816003186],[127.0643361990029,37.6280815997179]]],[[[127.0666763996567,37.4867892000199],[127.0670937008153,37.486922199510204],[127.06709369992011,37.4869222009275],[127.0666763996567,37.4867892000199]]],[[[127.0776186993444,37.669201100022605],[127.0801067002968,37.6689958996763],[127.0796085006158,37.6695746995528],[127.08123690011,37.6699513996025],[127.0812397000874,37.6709844001028],[127.07965309972501,37.6721649004302],[127.07815910009349,37.6717259006819],[127.0776186993444,37.669201100022605]]],[[[127.0792351997006,37.48261390026369],[127.0799026010502,37.4827047997034],[127.0798301011227,37.4830145993936],[127.0799025994786,37.4827048002389],[127.0792351997006,37.48261390026369]]],[[[127.08130459964819,37.4821934002148],[127.0830176984303,37.4821069992135],[127.0826992992486,37.4811530992607],[127.0842864013694,37.4813887986436],[127.08527640185619,37.4834877970525],[127.08815990403,37.4836291977071],[127.0851432995707,37.4853601018849],[127.0833403003749,37.485493601591195],[127.0827449979369,37.486810100559],[127.0816502984705,37.4850036993866],[127.0828378981149,37.4838073986008],[127.08130459964819,37.4821934002148]]],[[[127.0891757994993,37.5161481999788],[127.0891758003347,37.5161481995584],[127.08938720043551,37.5163924002917],[127.0891757994993,37.5161481999788]]],[[[127.0903379997471,37.6209657997487],[127.0904044002187,37.6210173998855],[127.0904043998691,37.6210174000037],[127.0903379997471,37.6209657997487]]],[[[127.09043249980701,37.5077167998929],[127.09043250004841,37.5077167998599],[127.09043250002381,37.507716800564395],[127.09043249980701,37.5077167998929]]],[[[127.0951954986198,37.501941399852],[127.0974321013589,37.5011698997098],[127.09728150148459,37.5023804996491],[127.0987880005602,37.5029718997263],[127.09708030058991,37.5036085003704],[127.0971342994483,37.5042842000678],[127.09708029946191,37.5036085003704],[127.0953453987341,37.502972600578296],[127.0951954986198,37.501941399852]]],[[[127.1003478990616,37.486972099698505],[127.10210199955151,37.486132998791206],[127.103028700742,37.486423900039995],[127.1020964006903,37.4872307996979],[127.10377820045099,37.487778000305596],[127.102558400947,37.4875695008947],[127.10216289926569,37.4885118016341],[127.1007369976054,37.488079500295896],[127.1003478990616,37.486972099698505]]],[[[127.102981199114,37.6128036013206],[127.1029812003574,37.6128035997032],[127.1029812005199,37.6128036006392],[127.102981199114,37.6128036013206]]],[[[127.1048577989998,37.5043571001347],[127.1063208991894,37.5037280993057],[127.10571510093149,37.5044881000665],[127.1071063995402,37.5049118996427],[127.1078337993349,37.5038461988868],[127.10830690133851,37.505272000486094],[127.1063349,37.5064232004953],[127.1048577989998,37.5043571001347]]],[[[127.10707679895471,37.3686454008314],[127.1083295997183,37.3682639983678],[127.10983450011831,37.368397100001104],[127.10707679895471,37.3686454008314]]],[[[127.1090838973991,37.394889900003704],[127.10965799896469,37.3923653002241],[127.1112643999596,37.3914410998242],[127.11272870025401,37.3935953986264],[127.1140081021136,37.3937715993096],[127.1142385007418,37.396324300000906],[127.11225789996111,37.3971560006731],[127.11122090043011,37.396206500949],[127.1094489984298,37.3963493020743],[127.1090838973991,37.394889900003704]]],[[[127.11577389830329,37.5388758001348],[127.1161471992332,37.5374462995784],[127.11697259925779,37.538009198737896],[127.1173296995535,37.5355137994462],[127.11913239899759,37.534773299216695],[127.1187150994467,37.5338247994903],[127.1198544989091,37.5335118985827],[127.11926139856129,37.5309481994804],[127.1201881984208,37.52969560025149],[127.1191216998563,37.5279602998015],[127.1219421000669,37.52884679906229],[127.1224403999648,37.5307422988056],[127.1229873999931,37.5298833994064],[127.122138001077,37.5319743991986],[127.12306100038751,37.5325899987913],[127.12783179970229,37.532769999744396],[127.1291795996661,37.530362599313094],[127.1300447000874,37.5301283991957],[127.13045220000359,37.5309854990315],[127.1308976003814,37.5298973991131],[127.133602600261,37.531859398949],[127.13530640001821,37.531453898955405],[127.1367680001934,37.5330891988406],[127.13829750057859,37.5326485990837],[127.1388222004884,37.5336061988461],[127.140753300037,37.5336606999588],[127.1418239999811,37.5350898988846],[127.1423811002786,37.534796399569295],[127.142663800878,37.5357435995301],[127.144886600608,37.536268099491004],[127.14323880181581,37.5376115991879],[127.1453051002874,37.537592100929395],[127.14325870078301,37.5395791006558],[127.14235690063589,37.541699200272596],[127.1416032006571,37.5416728004705],[127.1421640000963,37.5432285989147],[127.1433603003976,37.5429491993942],[127.1438610010669,37.544281099238],[127.1461709020323,37.5441997003868],[127.1460851010543,37.5471063006589],[127.1437612005861,37.5486192003538],[127.1445779005743,37.5505297990963],[127.1460141006842,37.5505120003524],[127.1446117014491,37.550758000376504],[127.1442654000558,37.553582300414405],[127.1440375994558,37.5522941007106],[127.1426658000282,37.5527288003142],[127.1425593987788,37.551603500435],[127.1413101994964,37.551668300012906],[127.1434190994176,37.549797699243896],[127.1432025996341,37.5486770003646],[127.1419928996672,37.5484021006927],[127.1400593985036,37.5454734007584],[127.1399438001758,37.544699299497395],[127.1415480991338,37.5438604997287],[127.1414561995495,37.5416935007392],[127.134439199815,37.5395817005501],[127.1345982995688,37.5388540006205],[127.1339419999327,37.5390019005629],[127.1331789996538,37.537574701199404],[127.1266130007518,37.541350700517505],[127.1267114002128,37.5429187994321],[127.1285966007133,37.5425378988369],[127.12765950041889,37.5439494011898],[127.12698949985489,37.543259200711205],[127.1251001006281,37.5433701004429],[127.12617520033241,37.546334699030005],[127.1293607003967,37.5465413988598],[127.1302730999338,37.547776398648296],[127.1307324001614,37.5469868993431],[127.1320101996746,37.5482084989591],[127.1329302004449,37.5478229995021],[127.1316226006967,37.5497977000708],[127.1315922005903,37.5518141004706],[127.1289931995982,37.554749000007604],[127.1288824996808,37.5538594008172],[127.1261553991451,37.5533665013361],[127.1231506960134,37.550667096719195],[127.12418019932319,37.550195398442],[127.1257377994645,37.5451239004576],[127.1238512994403,37.5448414006148],[127.12262230013181,37.5436916013037],[127.1215741995256,37.5440945005514],[127.12030659928601,37.542798800695],[127.1191828997894,37.5430081004271],[127.1197086994237,37.5422816003622],[127.1190627996626,37.5415752006848],[127.118404800046,37.5433171005941],[127.1180074002048,37.5421000005394],[127.1164026000582,37.5421413009298],[127.1169036000146,37.5411309996279],[127.117653199265,37.5413797993791],[127.1178758990423,37.540289900469],[127.11577389830329,37.5388758001348]]],[[[127.1174755994011,37.4921786000018],[127.117475601403,37.4921785991572],[127.1174756004669,37.4921786010644],[127.1174755994011,37.4921786000018]]],[[[127.1299899999054,37.5411100000312],[127.1301742003721,37.540960899786704],[127.12999000055011,37.5411100004587],[127.1299899999054,37.5411100000312]]],[[[127.1302499980539,37.5161200012858],[127.1310709007013,37.515584499526504],[127.1312998002385,37.5166761000569],[127.1302499980539,37.5161200012858]]],[[[127.1335172991774,37.528379100232],[127.1348019994983,37.528021198655495],[127.1353156995888,37.5253204989087],[127.13764610124299,37.5291674996759],[127.1368642003592,37.5288417010206],[127.13703030016981,37.5299118010914],[127.1366616001507,37.5288975010814],[127.1335172991774,37.528379100232]]],[[[127.1353382994286,37.6049716991713],[127.136462398651,37.603991198971706],[127.1361957989176,37.602670800292096],[127.13703199861591,37.6025605988088],[127.1371861987155,37.6004901000657],[127.1406154001256,37.5980400993663],[127.1411759998673,37.598811699277796],[127.14123069997149,37.5981088993113],[127.1429943997777,37.598481899089],[127.14348960024999,37.597887799010905],[127.1440047003301,37.5988267997268],[127.146174699918,37.5989992986024],[127.1459958003687,37.599692899410904],[127.1501917007182,37.599688399025695],[127.1469743999687,37.609106000157595],[127.14698149978149,37.608198901014],[127.14511250035929,37.607765401076],[127.1444420010298,37.60892139992],[127.1450573014946,37.609275701631496],[127.1410503999216,37.6086456006798],[127.14048390031381,37.6076276011049],[127.1404227003069,37.6088824000646],[127.13964459986799,37.6091491003324],[127.1392875997103,37.6080526005163],[127.1381827996584,37.6077291009868],[127.13826739958971,37.606694800955],[127.1353382994286,37.6049716991713]]],[[[127.1503678994885,37.604510400468],[127.1523409000388,37.604176099769],[127.1529369003477,37.6050123999755],[127.1503678994885,37.604510400468]]],[[[127.15350839982531,37.5550373998918],[127.1543674009659,37.5543466994279],[127.1549863004867,37.5552112000664],[127.15350839982531,37.5550373998918]]],[[[127.15548269998999,37.5552355999001],[127.1554827000396,37.555235600051105],[127.15548269999029,37.555235600042],[127.15548269998999,37.5552355999001]]],[[[127.15654539964319,37.609802799997496],[127.1571011997747,37.6074531996395],[127.15772790009069,37.607525699518],[127.1571891001839,37.6086461997994],[127.15908209981741,37.609436199615],[127.1612084998402,37.6090592996668],[127.1643320001855,37.6109965994904],[127.1650174005908,37.6099779001071],[127.1652734009586,37.6124012998771],[127.161544599564,37.6134446999907],[127.1629549993833,37.6125957001745],[127.1598926998169,37.61263820071],[127.1580765003674,37.6116648006289],[127.15809289949,37.612182000621594],[127.1569429994563,37.6116514002083],[127.1572727993714,37.6098678006687],[127.15654539964319,37.609802799997496]]],[[[127.15887959947531,37.6083610004628],[127.15887960012181,37.6083610000067],[127.1588795998697,37.6083610006358],[127.15887959947531,37.6083610004628]]],[[[127.1917146994182,37.6058409998605],[127.1939940997753,37.6041484997721],[127.1938511996115,37.603124698924304],[127.1944745000277,37.604895099488],[127.1960734023132,37.604874699259604],[127.1953383006239,37.6067369003632],[127.1920356998731,37.6068876009452],[127.1917146994182,37.6058409998605]]],[[[127.20882829958019,37.5865770001283],[127.2088282998905,37.5865769994302],[127.2088283003172,37.5865770003959],[127.20882829958019,37.5865770001283]]]]}}]}